0.0	0.15727540850639343	0.0	0.0	0.0	0.0	0.0	0.0	0.0	0.0	0.0	0.0	0.0	0.0	0.0	0.0	0.3572583794593811	0.2671554386615753	0.2924703359603882	0.0	0.0	0.0	0.1590234339237213	0.0	0.0	0.0	0.0	0.0	0.0	0.0	0.0	0.0	0.31375330686569214	0.0	0.0	0.0	0.0	0.1929793655872345	0.21378640830516815	0.0	0.0	0.0	0.0	0.0	0.0	0.2645297050476074	0.0	0.0	0.0	0.0	0.0	0.0	0.3415805399417877	0.28743621706962585	0.0	0.0	0.0	0.0	0.0	0.1583508998155594	0.0	0.0	0.0	0.0
0.0	0.15730580687522888	0.0	0.0	0.0	0.0	0.0	0.0	0.0	0.0	0.0	0.0	0.0	0.0	0.0	0.0	0.35749271512031555	0.2666337192058563	0.2922799289226532	0.0	0.0	0.0	0.15896926820278168	0.0	0.0	0.0	0.0	0.0	0.0	0.0	0.0	0.0	0.31437328457832336	0.0	0.0	0.0	0.0	0.19332493841648102	0.2131960391998291	0.0	0.0	0.0	0.0	0.0	0.0	0.26488324999809265	0.0	0.0	0.0	0.0	0.0	0.0	0.34159496426582336	0.28694143891334534	0.0	0.0	0.0	0.0	0.0	0.15646207332611084	0.0	0.0	0.0	0.0
0.0	0.15749098360538483	0.0	0.0	0.0	0.0	0.0	0.0	0.0	0.0	0.0	0.0	0.0	0.0	0.0	0.0	0.3573974668979645	0.26797887682914734	0.291642427444458	0.0	0.0	0.0	0.15827609598636627	0.0	0.0	0.0	0.0	0.0	0.0	0.0	0.0	0.0	0.31370487809181213	0.0	0.0	0.0	0.0	0.19331298768520355	0.21394702792167664	0.0	0.0	0.0	0.0	0.0	0.0	0.2646125853061676	0.0	0.0	0.0	0.0	0.0	0.0	0.3422117233276367	0.2869979441165924	0.0	0.0	0.0	0.0	0.0	0.15775586664676666	0.0	0.0	0.0	0.0
0.0	0.15731391310691833	0.0	0.0	0.0	0.0	0.0	0.0	0.0	0.0	0.0	0.0	0.0	0.0	0.0	0.0	0.35571548342704773	0.2671905755996704	0.29119235277175903	0.0	0.0	0.0	0.15766844153404236	0.0	0.0	0.0	0.0	0.0	0.0	0.0	0.0	0.0	0.3129032552242279	0.0	0.0	0.0	0.0	0.19300806522369385	0.21271224319934845	0.0	0.0	0.0	0.0	0.0	0.0	0.2632996737957001	0.0	0.0	0.0	0.0	0.0	0.0	0.3416192829608917	0.2863345444202423	0.0	0.0	0.0	0.0	0.0	0.15767373144626617	0.0	0.0	0.0	0.0
0.0	0.157311350107193	0.0	0.0	0.0	0.0	0.0	0.0	0.0	0.0	0.0	0.0	0.0	0.0	0.0	0.0	0.35664495825767517	0.26634493470191956	0.2919849455356598	0.0	0.0	0.0	0.1582738310098648	0.0	0.0	0.0	0.0	0.0	0.0	0.0	0.0	0.0	0.3139694929122925	0.0	0.0	0.0	0.0	0.1933644860982895	0.21343263983726501	0.0	0.0	0.0	0.0	0.0	0.0	0.2640019953250885	0.0	0.0	0.0	0.0	0.0	0.0	0.34095078706741333	0.28622281551361084	0.0	0.0	0.0	0.0	0.0	0.1575324684381485	0.0	0.0	0.0	0.0
0.0	0.158159077167511	0.0	0.0	0.0	0.0	0.0	0.0	0.0	0.0	0.0	0.0	0.0	0.0	0.0	0.0	0.3561747372150421	0.2664766013622284	0.2916678786277771	0.0	0.0	0.0	0.158115953207016	0.0	0.0	0.0	0.0	0.0	0.0	0.0	0.0	0.0	0.3135867416858673	0.0	0.0	0.0	0.0	0.19275487959384918	0.21280807256698608	0.0	0.0	0.0	0.0	0.0	0.0	0.26319533586502075	0.0	0.0	0.0	0.0	0.0	0.0	0.34136295318603516	0.2862042784690857	0.0	0.0	0.0	0.0	0.0	0.1568482220172882	0.0	0.0	0.0	0.0
0.0	0.15658284723758698	0.0	0.0	0.0	0.0	0.0	0.0	0.0	0.0	0.0	0.0	0.0	0.0	0.0	0.0	0.357149600982666	0.2670476734638214	0.29150721430778503	0.0	0.0	0.0	0.15777479112148285	0.0	0.0	0.0	0.0	0.0	0.0	0.0	0.0	0.0	0.3129853904247284	0.0	0.0	0.0	0.0	0.1936211735010147	0.21388161182403564	0.0	0.0	0.0	0.0	0.0	0.0	0.26386719942092896	0.0	0.0	0.0	0.0	0.0	0.0	0.34250926971435547	0.28590306639671326	0.0	0.0	0.0	0.0	0.0	0.15788641571998596	0.0	0.0	0.0	0.0
0.0	0.15843923389911652	0.0	0.0	0.0	0.0	0.0	0.0	0.0	0.0	0.0	0.0	0.0	0.0	0.0	0.0	0.3568767011165619	0.26796820759773254	0.29131996631622314	0.0	0.0	0.0	0.1586713343858719	0.0	0.0	0.0	0.0	0.0	0.0	0.0	0.0	0.0	0.314849317073822	0.0	0.0	0.0	0.0	0.19225220382213593	0.2137657105922699	0.0	0.0	0.0	0.0	0.0	0.0	0.2639312446117401	0.0	0.0	0.0	0.0	0.0	0.0	0.34164097905158997	0.28650838136672974	0.0	0.0	0.0	0.0	0.0	0.15641221404075623	0.0	0.0	0.0	0.0
0.0	0.15680687129497528	0.0	0.0	0.0	0.0	0.0	0.0	0.0	0.0	0.0	0.0	0.0	0.0	0.0	0.0	0.35726022720336914	0.267016738653183	0.29256439208984375	0.0	0.0	0.0	0.15878167748451233	0.0	0.0	0.0	0.0	0.0	0.0	0.0	0.0	0.0	0.3134082555770874	0.0	0.0	0.0	0.0	0.1940106749534607	0.2138458788394928	0.0	0.0	0.0	0.0	0.0	0.0	0.2643390893936157	0.0	0.0	0.0	0.0	0.0	0.0	0.34176328778266907	0.28632181882858276	0.0	0.0	0.0	0.0	0.0	0.15784606337547302	0.0	0.0	0.0	0.0
0.0	0.15699347853660583	0.0	0.0	0.0	0.0	0.0	0.0	0.0	0.0	0.0	0.0	0.0	0.0	0.0	0.0	0.35793066024780273	0.2668623924255371	0.2929575741291046	0.0	0.0	0.0	0.15828564763069153	0.0	0.0	0.0	0.0	0.0	0.0	0.0	0.0	0.0	0.31425443291664124	0.0	0.0	0.0	0.0	0.1927684098482132	0.21434465050697327	0.0	0.0	0.0	0.0	0.0	0.0	0.2642979621887207	0.0	0.0	0.0	0.0	0.0	0.0	0.3415321707725525	0.2863941192626953	0.0	0.0	0.0	0.0	0.0	0.15866225957870483	0.0	0.0	0.0	0.0
0.0	0.15706373751163483	0.0	0.0	0.0	0.0	0.0	0.0	0.0	0.0	0.0	0.0	0.0	0.0	0.0	0.0	0.3567207157611847	0.26755210757255554	0.2908150553703308	0.0	0.0	0.0	0.15874724090099335	0.0	0.0	0.0	0.0	0.0	0.0	0.0	0.0	0.0	0.3131829798221588	0.0	0.0	0.0	0.0	0.19266289472579956	0.21351300179958344	0.0	0.0	0.0	0.0	0.0	0.0	0.2623376250267029	0.0	0.0	0.0	0.0	0.0	0.0	0.34101438522338867	0.28730306029319763	0.0	0.0	0.0	0.0	0.0	0.1567670851945877	0.0	0.0	0.0	0.0
0.0	0.1572985053062439	0.0	0.0	0.0	0.0	0.0	0.0	0.0	0.0	0.0	0.0	0.0	0.0	0.0	0.0	0.35796859860420227	0.26763206720352173	0.292661190032959	0.0	0.0	0.0	0.15884438157081604	0.0	0.0	0.0	0.0	0.0	0.0	0.0	0.0	0.0	0.31397557258605957	0.0	0.0	0.0	0.0	0.19381727278232574	0.21392638981342316	0.0	0.0	0.0	0.0	0.0	0.0	0.26492342352867126	0.0	0.0	0.0	0.0	0.0	0.0	0.34251436591148376	0.286885142326355	0.0	0.0	0.0	0.0	0.0	0.15789711475372314	0.0	0.0	0.0	0.0
0.0	0.15747709572315216	0.0	0.0	0.0	0.0	0.0	0.0	0.0	0.0	0.0	0.0	0.0	0.0	0.0	0.0	0.3567672073841095	0.26773983240127563	0.2913225591182709	0.0	0.0	0.0	0.1584022492170334	0.0	0.0	0.0	0.0	0.0	0.0	0.0	0.0	0.0	0.31416207551956177	0.0	0.0	0.0	0.0	0.19376443326473236	0.21291488409042358	0.0	0.0	0.0	0.0	0.0	0.0	0.26471567153930664	0.0	0.0	0.0	0.0	0.0	0.0	0.34154123067855835	0.28697317838668823	0.0	0.0	0.0	0.0	0.0	0.1577860563993454	0.0	0.0	0.0	0.0
0.0	0.156660258769989	0.0	0.0	0.0	0.0	0.0	0.0	0.0	0.0	0.0	0.0	0.0	0.0	0.0	0.0	0.3565234839916229	0.267758309841156	0.2914714515209198	0.0	0.0	0.0	0.1577584445476532	0.0	0.0	0.0	0.0	0.0	0.0	0.0	0.0	0.0	0.31386980414390564	0.0	0.0	0.0	0.0	0.1940435767173767	0.21353431046009064	0.0	0.0	0.0	0.0	0.0	0.0	0.2641776204109192	0.0	0.0	0.0	0.0	0.0	0.0	0.3422126770019531	0.2868838310241699	0.0	0.0	0.0	0.0	0.0	0.15758661925792694	0.0	0.0	0.0	0.0
0.0	0.15703505277633667	0.0	0.0	0.0	0.0	0.0	0.0	0.0	0.0	0.0	0.0	0.0	0.0	0.0	0.0	0.356828510761261	0.267482191324234	0.2924991846084595	0.0	0.0	0.0	0.1589016169309616	0.0	0.0	0.0	0.0	0.0	0.0	0.0	0.0	0.0	0.3143537640571594	0.0	0.0	0.0	0.0	0.19283124804496765	0.21321138739585876	0.0	0.0	0.0	0.0	0.0	0.0	0.26470351219177246	0.0	0.0	0.0	0.0	0.0	0.0	0.34201809763908386	0.28714993596076965	0.0	0.0	0.0	0.0	0.0	0.15776482224464417	0.0	0.0	0.0	0.0
0.0	0.15699851512908936	0.0	0.0	0.0	0.0	0.0	0.0	0.0	0.0	0.0	0.0	0.0	0.0	0.0	0.0	0.3566455841064453	0.2670455574989319	0.2917245924472809	0.0	0.0	0.0	0.15750344097614288	0.0	0.0	0.0	0.0	0.0	0.0	0.0	0.0	0.0	0.3133190870285034	0.0	0.0	0.0	0.0	0.19343601167201996	0.21345284581184387	0.0	0.0	0.0	0.0	0.0	0.0	0.26362860202789307	0.0	0.0	0.0	0.0	0.0	0.0	0.34150275588035583	0.2865649461746216	0.0	0.0	0.0	0.0	0.0	0.15702301263809204	0.0	0.0	0.0	0.0
0.0	0.15680278837680817	0.0	0.0	0.0	0.0	0.0	0.0	0.0	0.0	0.0	0.0	0.0	0.0	0.0	0.0	0.3587896525859833	0.2672474980354309	0.2910190522670746	0.0	0.0	0.0	0.1579538732767105	0.0	0.0	0.0	0.0	0.0	0.0	0.0	0.0	0.0	0.31411781907081604	0.0	0.0	0.0	0.0	0.19406791031360626	0.21272999048233032	0.0	0.0	0.0	0.0	0.0	0.0	0.2645261585712433	0.0	0.0	0.0	0.0	0.0	0.0	0.3422081768512726	0.28861168026924133	0.0	0.0	0.0	0.0	0.0	0.15829038619995117	0.0	0.0	0.0	0.0
0.0	0.1572791486978531	0.0	0.0	0.0	0.0	0.0	0.0	0.0	0.0	0.0	0.0	0.0	0.0	0.0	0.0	0.3575029969215393	0.26635050773620605	0.2925814986228943	0.0	0.0	0.0	0.15770858526229858	0.0	0.0	0.0	0.0	0.0	0.0	0.0	0.0	0.0	0.313740998506546	0.0	0.0	0.0	0.0	0.1928352415561676	0.21314053237438202	0.0	0.0	0.0	0.0	0.0	0.0	0.26477983593940735	0.0	0.0	0.0	0.0	0.0	0.0	0.3421681225299835	0.28623440861701965	0.0	0.0	0.0	0.0	0.0	0.1580267995595932	0.0	0.0	0.0	0.0
0.0	0.1568107008934021	0.0	0.0	0.0	0.0	0.0	0.0	0.0	0.0	0.0	0.0	0.0	0.0	0.0	0.0	0.3575936555862427	0.2674405872821808	0.2919498383998871	0.0	0.0	0.0	0.15810203552246094	0.0	0.0	0.0	0.0	0.0	0.0	0.0	0.0	0.0	0.31372687220573425	0.0	0.0	0.0	0.0	0.1942910999059677	0.21285271644592285	0.0	0.0	0.0	0.0	0.0	0.0	0.2641291618347168	0.0	0.0	0.0	0.0	0.0	0.0	0.342046856880188	0.28706517815589905	0.0	0.0	0.0	0.0	0.0	0.157882422208786	0.0	0.0	0.0	0.0
0.0	0.15630215406417847	0.0	0.0	0.0	0.0	0.0	0.0	0.0	0.0	0.0	0.0	0.0	0.0	0.0	0.0	0.3561535179615021	0.2673683762550354	0.29006803035736084	0.0	0.0	0.0	0.1578979790210724	0.0	0.0	0.0	0.0	0.0	0.0	0.0	0.0	0.0	0.31285011768341064	0.0	0.0	0.0	0.0	0.19300322234630585	0.21234747767448425	0.0	0.0	0.0	0.0	0.0	0.0	0.26289817690849304	0.0	0.0	0.0	0.0	0.0	0.0	0.3403704762458801	0.2859971523284912	0.0	0.0	0.0	0.0	0.0	0.1568082720041275	0.0	0.0	0.0	0.0
0.0	0.1572272926568985	0.0	0.0	0.0	0.0	0.0	0.0	0.0	0.0	0.0	0.0	0.0	0.0	0.0	0.0	0.3571581244468689	0.2672400176525116	0.2920984923839569	0.0	0.0	0.0	0.15879693627357483	0.0	0.0	0.0	0.0	0.0	0.0	0.0	0.0	0.0	0.31428956985473633	0.0	0.0	0.0	0.0	0.19321894645690918	0.21340644359588623	0.0	0.0	0.0	0.0	0.0	0.0	0.2649282217025757	0.0	0.0	0.0	0.0	0.0	0.0	0.3421064615249634	0.28684258460998535	0.0	0.0	0.0	0.0	0.0	0.15809078514575958	0.0	0.0	0.0	0.0
0.0	0.1565147489309311	0.0	0.0	0.0	0.0	0.0	0.0	0.0	0.0	0.0	0.0	0.0	0.0	0.0	0.0	0.3575326204299927	0.26600340008735657	0.29188600182533264	0.0	0.0	0.0	0.157803013920784	0.0	0.0	0.0	0.0	0.0	0.0	0.0	0.0	0.0	0.3139599561691284	0.0	0.0	0.0	0.0	0.1928139179944992	0.21379032731056213	0.0	0.0	0.0	0.0	0.0	0.0	0.2621155083179474	0.0	0.0	0.0	0.0	0.0	0.0	0.3412044942378998	0.2868342101573944	0.0	0.0	0.0	0.0	0.0	0.15690241754055023	0.0	0.0	0.0	0.0
0.0	0.1564495712518692	0.0	0.0	0.0	0.0	0.0	0.0	0.0	0.0	0.0	0.0	0.0	0.0	0.0	0.0	0.3571508824825287	0.2675759792327881	0.2914902865886688	0.0	0.0	0.0	0.15851068496704102	0.0	0.0	0.0	0.0	0.0	0.0	0.0	0.0	0.0	0.31399479508399963	0.0	0.0	0.0	0.0	0.19349819421768188	0.21299052238464355	0.0	0.0	0.0	0.0	0.0	0.0	0.26477664709091187	0.0	0.0	0.0	0.0	0.0	0.0	0.3414006531238556	0.28808993101119995	0.0	0.0	0.0	0.0	0.0	0.15821924805641174	0.0	0.0	0.0	0.0
0.0	0.15735219419002533	0.0	0.0	0.0	0.0	0.0	0.0	0.0	0.0	0.0	0.0	0.0	0.0	0.0	0.0	0.3574771583080292	0.26789847016334534	0.29102617502212524	0.0	0.0	0.0	0.15852245688438416	0.0	0.0	0.0	0.0	0.0	0.0	0.0	0.0	0.0	0.3140230178833008	0.0	0.0	0.0	0.0	0.1934235692024231	0.21311751008033752	0.0	0.0	0.0	0.0	0.0	0.0	0.2629331648349762	0.0	0.0	0.0	0.0	0.0	0.0	0.3412056267261505	0.2876613140106201	0.0	0.0	0.0	0.0	0.0	0.15723106265068054	0.0	0.0	0.0	0.0
0.0	0.15709099173545837	0.0	0.0	0.0	0.0	0.0	0.0	0.0	0.0	0.0	0.0	0.0	0.0	0.0	0.0	0.3573184013366699	0.2666143774986267	0.2923271358013153	0.0	0.0	0.0	0.15758614242076874	0.0	0.0	0.0	0.0	0.0	0.0	0.0	0.0	0.0	0.3136119544506073	0.0	0.0	0.0	0.0	0.19309119880199432	0.2140742689371109	0.0	0.0	0.0	0.0	0.0	0.0	0.2643292546272278	0.0	0.0	0.0	0.0	0.0	0.0	0.3425823152065277	0.28758516907691956	0.0	0.0	0.0	0.0	0.0	0.15733300149440765	0.0	0.0	0.0	0.0
0.0	0.15725788474082947	0.0	0.0	0.0	0.0	0.0	0.0	0.0	0.0	0.0	0.0	0.0	0.0	0.0	0.0	0.3575817048549652	0.2678190767765045	0.29305195808410645	0.0	0.0	0.0	0.15837813913822174	0.0	0.0	0.0	0.0	0.0	0.0	0.0	0.0	0.0	0.31380096077919006	0.0	0.0	0.0	0.0	0.1938997507095337	0.21384197473526	0.0	0.0	0.0	0.0	0.0	0.0	0.26411157846450806	0.0	0.0	0.0	0.0	0.0	0.0	0.34254688024520874	0.28724992275238037	0.0	0.0	0.0	0.0	0.0	0.15671806037425995	0.0	0.0	0.0	0.0
0.0	0.15770871937274933	0.0	0.0	0.0	0.0	0.0	0.0	0.0	0.0	0.0	0.0	0.0	0.0	0.0	0.0	0.3569236993789673	0.26863908767700195	0.2920214831829071	0.0	0.0	0.0	0.1584814041852951	0.0	0.0	0.0	0.0	0.0	0.0	0.0	0.0	0.0	0.3141076862812042	0.0	0.0	0.0	0.0	0.19332239031791687	0.2131657600402832	0.0	0.0	0.0	0.0	0.0	0.0	0.2639254927635193	0.0	0.0	0.0	0.0	0.0	0.0	0.34259626269340515	0.28729018568992615	0.0	0.0	0.0	0.0	0.0	0.15747380256652832	0.0	0.0	0.0	0.0
0.0	0.15701709687709808	0.0	0.0	0.0	0.0	0.0	0.0	0.0	0.0	0.0	0.0	0.0	0.0	0.0	0.0	0.3560078740119934	0.2660044729709625	0.29172948002815247	0.0	0.0	0.0	0.15786509215831757	0.0	0.0	0.0	0.0	0.0	0.0	0.0	0.0	0.0	0.3135516047477722	0.0	0.0	0.0	0.0	0.19264361262321472	0.21339201927185059	0.0	0.0	0.0	0.0	0.0	0.0	0.26296645402908325	0.0	0.0	0.0	0.0	0.0	0.0	0.341709703207016	0.2858191430568695	0.0	0.0	0.0	0.0	0.0	0.15665747225284576	0.0	0.0	0.0	0.0
0.0	0.15703001618385315	0.0	0.0	0.0	0.0	0.0	0.0	0.0	0.0	0.0	0.0	0.0	0.0	0.0	0.0	0.35814306139945984	0.26739227771759033	0.29182013869285583	0.0	0.0	0.0	0.15863855183124542	0.0	0.0	0.0	0.0	0.0	0.0	0.0	0.0	0.0	0.3143973648548126	0.0	0.0	0.0	0.0	0.19261382520198822	0.21403928101062775	0.0	0.0	0.0	0.0	0.0	0.0	0.2643524706363678	0.0	0.0	0.0	0.0	0.0	0.0	0.34114769101142883	0.2863505184650421	0.0	0.0	0.0	0.0	0.0	0.15814685821533203	0.0	0.0	0.0	0.0
0.0	0.15719427168369293	0.0	0.0	0.0	0.0	0.0	0.0	0.0	0.0	0.0	0.0	0.0	0.0	0.0	0.0	0.35654470324516296	0.2674610912799835	0.29227593541145325	0.0	0.0	0.0	0.1582476943731308	0.0	0.0	0.0	0.0	0.0	0.0	0.0	0.0	0.0	0.31344690918922424	0.0	0.0	0.0	0.0	0.19269439578056335	0.21338142454624176	0.0	0.0	0.0	0.0	0.0	0.0	0.26418423652648926	0.0	0.0	0.0	0.0	0.0	0.0	0.3414064347743988	0.2871815264225006	0.0	0.0	0.0	0.0	0.0	0.15675702691078186	0.0	0.0	0.0	0.0
0.0	0.15639172494411469	0.0	0.0	0.0	0.0	0.0	0.0	0.0	0.0	0.0	0.0	0.0	0.0	0.0	0.0	0.3570297062397003	0.2674161493778229	0.29085031151771545	0.0	0.0	0.0	0.15840058028697968	0.0	0.0	0.0	0.0	0.0	0.0	0.0	0.0	0.0	0.31345632672309875	0.0	0.0	0.0	0.0	0.19356265664100647	0.21338018774986267	0.0	0.0	0.0	0.0	0.0	0.0	0.2640807330608368	0.0	0.0	0.0	0.0	0.0	0.0	0.34158995747566223	0.2858668863773346	0.0	0.0	0.0	0.0	0.0	0.15713933110237122	0.0	0.0	0.0	0.0
0.0	0.15726706385612488	0.0	0.0	0.0	0.0	0.0	0.0	0.0	0.0	0.0	0.0	0.0	0.0	0.0	0.0	0.3582637906074524	0.2671178877353668	0.2923564016819	0.0	0.0	0.0	0.15750233829021454	0.0	0.0	0.0	0.0	0.0	0.0	0.0	0.0	0.0	0.3138655424118042	0.0	0.0	0.0	0.0	0.1932341754436493	0.2142144739627838	0.0	0.0	0.0	0.0	0.0	0.0	0.2654954493045807	0.0	0.0	0.0	0.0	0.0	0.0	0.34272319078445435	0.28716379404067993	0.0	0.0	0.0	0.0	0.0	0.15813399851322174	0.0	0.0	0.0	0.0
0.0	0.15772883594036102	0.0	0.0	0.0	0.0	0.0	0.0	0.0	0.0	0.0	0.0	0.0	0.0	0.0	0.0	0.35761892795562744	0.268174409866333	0.2916806638240814	0.0	0.0	0.0	0.15906140208244324	0.0	0.0	0.0	0.0	0.0	0.0	0.0	0.0	0.0	0.31486791372299194	0.0	0.0	0.0	0.0	0.19341406226158142	0.21309781074523926	0.0	0.0	0.0	0.0	0.0	0.0	0.2642340362071991	0.0	0.0	0.0	0.0	0.0	0.0	0.3419218063354492	0.2871989607810974	0.0	0.0	0.0	0.0	0.0	0.15841053426265717	0.0	0.0	0.0	0.0
0.0	0.1564364731311798	0.0	0.0	0.0	0.0	0.0	0.0	0.0	0.0	0.0	0.0	0.0	0.0	0.0	0.0	0.35721108317375183	0.26823753118515015	0.2920174300670624	0.0	0.0	0.0	0.1585988998413086	0.0	0.0	0.0	0.0	0.0	0.0	0.0	0.0	0.0	0.31373998522758484	0.0	0.0	0.0	0.0	0.193837508559227	0.2135879099369049	0.0	0.0	0.0	0.0	0.0	0.0	0.2645915746688843	0.0	0.0	0.0	0.0	0.0	0.0	0.34117528796195984	0.28768017888069153	0.0	0.0	0.0	0.0	0.0	0.1574261337518692	0.0	0.0	0.0	0.0
0.0	0.15529990196228027	0.0	0.0	0.0	0.0	0.0	0.0	0.0	0.0	0.0	0.0	0.0	0.0	0.0	0.0	0.35605281591415405	0.2663031816482544	0.2894894778728485	0.0	0.0	0.0	0.15800896286964417	0.0	0.0	0.0	0.0	0.0	0.0	0.0	0.0	0.0	0.3122032880783081	0.0	0.0	0.0	0.0	0.19211353361606598	0.2123003453016281	0.0	0.0	0.0	0.0	0.0	0.0	0.26232001185417175	0.0	0.0	0.0	0.0	0.0	0.0	0.3381843864917755	0.28440606594085693	0.0	0.0	0.0	0.0	0.0	0.15617012977600098	0.0	0.0	0.0	0.0
0.0	0.1571761518716812	0.0	0.0	0.0	0.0	0.0	0.0	0.0	0.0	0.0	0.0	0.0	0.0	0.0	0.0	0.35762640833854675	0.2665959894657135	0.29222407937049866	0.0	0.0	0.0	0.15916918218135834	0.0	0.0	0.0	0.0	0.0	0.0	0.0	0.0	0.0	0.31451573967933655	0.0	0.0	0.0	0.0	0.1932542324066162	0.2130764275789261	0.0	0.0	0.0	0.0	0.0	0.0	0.26356077194213867	0.0	0.0	0.0	0.0	0.0	0.0	0.3419243395328522	0.28762689232826233	0.0	0.0	0.0	0.0	0.0	0.15747837722301483	0.0	0.0	0.0	0.0
0.0	0.15662303566932678	0.0	0.0	0.0	0.0	0.0	0.0	0.0	0.0	0.0	0.0	0.0	0.0	0.0	0.0	0.3558279275894165	0.2672017514705658	0.2913326919078827	0.0	0.0	0.0	0.15732091665267944	0.0	0.0	0.0	0.0	0.0	0.0	0.0	0.0	0.0	0.31295913457870483	0.0	0.0	0.0	0.0	0.19370190799236298	0.21225132048130035	0.0	0.0	0.0	0.0	0.0	0.0	0.2629183232784271	0.0	0.0	0.0	0.0	0.0	0.0	0.3415021002292633	0.28621217608451843	0.0	0.0	0.0	0.0	0.0	0.15769970417022705	0.0	0.0	0.0	0.0
0.0	0.15719148516654968	0.0	0.0	0.0	0.0	0.0	0.0	0.0	0.0	0.0	0.0	0.0	0.0	0.0	0.0	0.35749539732933044	0.2667563855648041	0.2924658954143524	0.0	0.0	0.0	0.1575126051902771	0.0	0.0	0.0	0.0	0.0	0.0	0.0	0.0	0.0	0.3140665292739868	0.0	0.0	0.0	0.0	0.1924683302640915	0.21441955864429474	0.0	0.0	0.0	0.0	0.0	0.0	0.2649177312850952	0.0	0.0	0.0	0.0	0.0	0.0	0.341779500246048	0.28674349188804626	0.0	0.0	0.0	0.0	0.0	0.15836751461029053	0.0	0.0	0.0	0.0
0.0	0.15718084573745728	0.0	0.0	0.0	0.0	0.0	0.0	0.0	0.0	0.0	0.0	0.0	0.0	0.0	0.0	0.357410192489624	0.26800161600112915	0.29209569096565247	0.0	0.0	0.0	0.1585122048854828	0.0	0.0	0.0	0.0	0.0	0.0	0.0	0.0	0.0	0.3148273229598999	0.0	0.0	0.0	0.0	0.19345682859420776	0.2133963406085968	0.0	0.0	0.0	0.0	0.0	0.0	0.26493939757347107	0.0	0.0	0.0	0.0	0.0	0.0	0.3415642976760864	0.28645622730255127	0.0	0.0	0.0	0.0	0.0	0.1562298834323883	0.0	0.0	0.0	0.0
0.0	0.15697570145130157	0.0	0.0	0.0	0.0	0.0	0.0	0.0	0.0	0.0	0.0	0.0	0.0	0.0	0.0	0.35800257325172424	0.26700839400291443	0.29235371947288513	0.0	0.0	0.0	0.15841646492481232	0.0	0.0	0.0	0.0	0.0	0.0	0.0	0.0	0.0	0.3144708573818207	0.0	0.0	0.0	0.0	0.1930391639471054	0.2142365276813507	0.0	0.0	0.0	0.0	0.0	0.0	0.2654435634613037	0.0	0.0	0.0	0.0	0.0	0.0	0.3427947461605072	0.2876690924167633	0.0	0.0	0.0	0.0	0.0	0.15705075860023499	0.0	0.0	0.0	0.0
0.0	0.15761816501617432	0.0	0.0	0.0	0.0	0.0	0.0	0.0	0.0	0.0	0.0	0.0	0.0	0.0	0.0	0.35703009366989136	0.26732337474823	0.29154157638549805	0.0	0.0	0.0	0.15833953022956848	0.0	0.0	0.0	0.0	0.0	0.0	0.0	0.0	0.0	0.3137667179107666	0.0	0.0	0.0	0.0	0.19296155869960785	0.21363671123981476	0.0	0.0	0.0	0.0	0.0	0.0	0.2628312408924103	0.0	0.0	0.0	0.0	0.0	0.0	0.34202098846435547	0.2871049642562866	0.0	0.0	0.0	0.0	0.0	0.15589353442192078	0.0	0.0	0.0	0.0
0.0	0.15713945031166077	0.0	0.0	0.0	0.0	0.0	0.0	0.0	0.0	0.0	0.0	0.0	0.0	0.0	0.0	0.3570040166378021	0.2663630247116089	0.29174548387527466	0.0	0.0	0.0	0.15909983217716217	0.0	0.0	0.0	0.0	0.0	0.0	0.0	0.0	0.0	0.31417348980903625	0.0	0.0	0.0	0.0	0.19450974464416504	0.21325361728668213	0.0	0.0	0.0	0.0	0.0	0.0	0.26423636078834534	0.0	0.0	0.0	0.0	0.0	0.0	0.3422335684299469	0.28707584738731384	0.0	0.0	0.0	0.0	0.0	0.15818434953689575	0.0	0.0	0.0	0.0
0.0	0.15724888443946838	0.0	0.0	0.0	0.0	0.0	0.0	0.0	0.0	0.0	0.0	0.0	0.0	0.0	0.0	0.35759237408638	0.26760414242744446	0.29260244965553284	0.0	0.0	0.0	0.15860651433467865	0.0	0.0	0.0	0.0	0.0	0.0	0.0	0.0	0.0	0.31360721588134766	0.0	0.0	0.0	0.0	0.19289197027683258	0.2137630134820938	0.0	0.0	0.0	0.0	0.0	0.0	0.2650325894355774	0.0	0.0	0.0	0.0	0.0	0.0	0.3420652747154236	0.28753843903541565	0.0	0.0	0.0	0.0	0.0	0.15728797018527985	0.0	0.0	0.0	0.0
0.0	0.1574402153491974	0.0	0.0	0.0	0.0	0.0	0.0	0.0	0.0	0.0	0.0	0.0	0.0	0.0	0.0	0.3574228286743164	0.26715633273124695	0.29276207089424133	0.0	0.0	0.0	0.15739241242408752	0.0	0.0	0.0	0.0	0.0	0.0	0.0	0.0	0.0	0.31432658433914185	0.0	0.0	0.0	0.0	0.19296009838581085	0.21339155733585358	0.0	0.0	0.0	0.0	0.0	0.0	0.2634393572807312	0.0	0.0	0.0	0.0	0.0	0.0	0.3421996831893921	0.28631675243377686	0.0	0.0	0.0	0.0	0.0	0.15821890532970428	0.0	0.0	0.0	0.0
0.0	0.15750031173229218	0.0	0.0	0.0	0.0	0.0	0.0	0.0	0.0	0.0	0.0	0.0	0.0	0.0	0.0	0.35611236095428467	0.26755642890930176	0.2919696569442749	0.0	0.0	0.0	0.15827113389968872	0.0	0.0	0.0	0.0	0.0	0.0	0.0	0.0	0.0	0.31306084990501404	0.0	0.0	0.0	0.0	0.19455671310424805	0.21404708921909332	0.0	0.0	0.0	0.0	0.0	0.0	0.26447543501853943	0.0	0.0	0.0	0.0	0.0	0.0	0.3422222435474396	0.2868509888648987	0.0	0.0	0.0	0.0	0.0	0.15813042223453522	0.0	0.0	0.0	0.0
0.0	0.15720543265342712	0.0	0.0	0.0	0.0	0.0	0.0	0.0	0.0	0.0	0.0	0.0	0.0	0.0	0.0	0.3575451970100403	0.2667335569858551	0.2920266091823578	0.0	0.0	0.0	0.15876488387584686	0.0	0.0	0.0	0.0	0.0	0.0	0.0	0.0	0.0	0.3140926957130432	0.0	0.0	0.0	0.0	0.19375474750995636	0.21336477994918823	0.0	0.0	0.0	0.0	0.0	0.0	0.26433852314949036	0.0	0.0	0.0	0.0	0.0	0.0	0.3423013687133789	0.28676068782806396	0.0	0.0	0.0	0.0	0.0	0.15759976208209991	0.0	0.0	0.0	0.0
0.0	0.15787595510482788	0.0	0.0	0.0	0.0	0.0	0.0	0.0	0.0	0.0	0.0	0.0	0.0	0.0	0.0	0.35682541131973267	0.2674734890460968	0.2910255789756775	0.0	0.0	0.0	0.1585538685321808	0.0	0.0	0.0	0.0	0.0	0.0	0.0	0.0	0.0	0.31376758217811584	0.0	0.0	0.0	0.0	0.19368697702884674	0.2138185352087021	0.0	0.0	0.0	0.0	0.0	0.0	0.2642202079296112	0.0	0.0	0.0	0.0	0.0	0.0	0.3415850102901459	0.28725865483283997	0.0	0.0	0.0	0.0	0.0	0.15751798450946808	0.0	0.0	0.0	0.0
0.0	0.1565195769071579	0.0	0.0	0.0	0.0	0.0	0.0	0.0	0.0	0.0	0.0	0.0	0.0	0.0	0.0	0.35696670413017273	0.2674577236175537	0.2921672761440277	0.0	0.0	0.0	0.15821748971939087	0.0	0.0	0.0	0.0	0.0	0.0	0.0	0.0	0.0	0.31464967131614685	0.0	0.0	0.0	0.0	0.1931496262550354	0.21386194229125977	0.0	0.0	0.0	0.0	0.0	0.0	0.26394543051719666	0.0	0.0	0.0	0.0	0.0	0.0	0.34206438064575195	0.28758928179740906	0.0	0.0	0.0	0.0	0.0	0.157713383436203	0.0	0.0	0.0	0.0
0.0	0.15642049908638	0.0	0.0	0.0	0.0	0.0	0.0	0.0	0.0	0.0	0.0	0.0	0.0	0.0	0.0	0.35735228657722473	0.26639091968536377	0.29183733463287354	0.0	0.0	0.0	0.15790076553821564	0.0	0.0	0.0	0.0	0.0	0.0	0.0	0.0	0.0	0.31291356682777405	0.0	0.0	0.0	0.0	0.19247187674045563	0.21482954919338226	0.0	0.0	0.0	0.0	0.0	0.0	0.26441723108291626	0.0	0.0	0.0	0.0	0.0	0.0	0.34125202894210815	0.2862284779548645	0.0	0.0	0.0	0.0	0.0	0.15711085498332977	0.0	0.0	0.0	0.0
0.0	0.15578052401542664	0.0	0.0	0.0	0.0	0.0	0.0	0.0	0.0	0.0	0.0	0.0	0.0	0.0	0.0	0.3562977612018585	0.2666480839252472	0.2906953990459442	0.0	0.0	0.0	0.15689468383789062	0.0	0.0	0.0	0.0	0.0	0.0	0.0	0.0	0.0	0.31104180216789246	0.0	0.0	0.0	0.0	0.19278039038181305	0.21211399137973785	0.0	0.0	0.0	0.0	0.0	0.0	0.26366326212882996	0.0	0.0	0.0	0.0	0.0	0.0	0.3396889269351959	0.2852669358253479	0.0	0.0	0.0	0.0	0.0	0.15675659477710724	0.0	0.0	0.0	0.0
0.0	0.15840880572795868	0.0	0.0	0.0	0.0	0.0	0.0	0.0	0.0	0.0	0.0	0.0	0.0	0.0	0.0	0.3575041890144348	0.26724934577941895	0.2917942702770233	0.0	0.0	0.0	0.15906956791877747	0.0	0.0	0.0	0.0	0.0	0.0	0.0	0.0	0.0	0.31438884139060974	0.0	0.0	0.0	0.0	0.1939094364643097	0.21323946118354797	0.0	0.0	0.0	0.0	0.0	0.0	0.2649291753768921	0.0	0.0	0.0	0.0	0.0	0.0	0.3416071832180023	0.2869446873664856	0.0	0.0	0.0	0.0	0.0	0.15685181319713593	0.0	0.0	0.0	0.0
0.0	0.1566423773765564	0.0	0.0	0.0	0.0	0.0	0.0	0.0	0.0	0.0	0.0	0.0	0.0	0.0	0.0	0.3570594787597656	0.2664742171764374	0.29217529296875	0.0	0.0	0.0	0.15794163942337036	0.0	0.0	0.0	0.0	0.0	0.0	0.0	0.0	0.0	0.3133006989955902	0.0	0.0	0.0	0.0	0.1930927038192749	0.21299855411052704	0.0	0.0	0.0	0.0	0.0	0.0	0.2643864154815674	0.0	0.0	0.0	0.0	0.0	0.0	0.34195074439048767	0.28626707196235657	0.0	0.0	0.0	0.0	0.0	0.1574266403913498	0.0	0.0	0.0	0.0
0.0	0.15775242447853088	0.0	0.0	0.0	0.0	0.0	0.0	0.0	0.0	0.0	0.0	0.0	0.0	0.0	0.0	0.35495033860206604	0.26707151532173157	0.29072028398513794	0.0	0.0	0.0	0.1587899774312973	0.0	0.0	0.0	0.0	0.0	0.0	0.0	0.0	0.0	0.31257927417755127	0.0	0.0	0.0	0.0	0.19354230165481567	0.21136093139648438	0.0	0.0	0.0	0.0	0.0	0.0	0.26358315348625183	0.0	0.0	0.0	0.0	0.0	0.0	0.3413054347038269	0.285960853099823	0.0	0.0	0.0	0.0	0.0	0.15713448822498322	0.0	0.0	0.0	0.0
0.0	0.15796460211277008	0.0	0.0	0.0	0.0	0.0	0.0	0.0	0.0	0.0	0.0	0.0	0.0	0.0	0.0	0.3570120930671692	0.267043799161911	0.2917598485946655	0.0	0.0	0.0	0.15819469094276428	0.0	0.0	0.0	0.0	0.0	0.0	0.0	0.0	0.0	0.3139622211456299	0.0	0.0	0.0	0.0	0.1944998800754547	0.21326963603496552	0.0	0.0	0.0	0.0	0.0	0.0	0.264346718788147	0.0	0.0	0.0	0.0	0.0	0.0	0.34308531880378723	0.2872180938720703	0.0	0.0	0.0	0.0	0.0	0.15745805203914642	0.0	0.0	0.0	0.0
0.0	0.15668676793575287	0.0	0.0	0.0	0.0	0.0	0.0	0.0	0.0	0.0	0.0	0.0	0.0	0.0	0.0	0.3577144742012024	0.26772341132164	0.29175591468811035	0.0	0.0	0.0	0.1573258489370346	0.0	0.0	0.0	0.0	0.0	0.0	0.0	0.0	0.0	0.31280532479286194	0.0	0.0	0.0	0.0	0.19388140738010406	0.21400125324726105	0.0	0.0	0.0	0.0	0.0	0.0	0.2639266848564148	0.0	0.0	0.0	0.0	0.0	0.0	0.34224486351013184	0.28664839267730713	0.0	0.0	0.0	0.0	0.0	0.1570635885000229	0.0	0.0	0.0	0.0
0.0	0.1570732742547989	0.0	0.0	0.0	0.0	0.0	0.0	0.0	0.0	0.0	0.0	0.0	0.0	0.0	0.0	0.3579462468624115	0.2671991288661957	0.2927432358264923	0.0	0.0	0.0	0.15798473358154297	0.0	0.0	0.0	0.0	0.0	0.0	0.0	0.0	0.0	0.31383654475212097	0.0	0.0	0.0	0.0	0.19325463473796844	0.2128436118364334	0.0	0.0	0.0	0.0	0.0	0.0	0.2640633285045624	0.0	0.0	0.0	0.0	0.0	0.0	0.3420763611793518	0.28668802976608276	0.0	0.0	0.0	0.0	0.0	0.15723176300525665	0.0	0.0	0.0	0.0
0.0	0.15745675563812256	0.0	0.0	0.0	0.0	0.0	0.0	0.0	0.0	0.0	0.0	0.0	0.0	0.0	0.0	0.356697678565979	0.2667330801486969	0.2926001250743866	0.0	0.0	0.0	0.15827234089374542	0.0	0.0	0.0	0.0	0.0	0.0	0.0	0.0	0.0	0.313986212015152	0.0	0.0	0.0	0.0	0.19224397838115692	0.21409167349338531	0.0	0.0	0.0	0.0	0.0	0.0	0.2630884051322937	0.0	0.0	0.0	0.0	0.0	0.0	0.3415452241897583	0.28595927357673645	0.0	0.0	0.0	0.0	0.0	0.15694954991340637	0.0	0.0	0.0	0.0
0.0	0.15718382596969604	0.0	0.0	0.0	0.0	0.0	0.0	0.0	0.0	0.0	0.0	0.0	0.0	0.0	0.0	0.3570444881916046	0.267934650182724	0.2925892174243927	0.0	0.0	0.0	0.15850429236888885	0.0	0.0	0.0	0.0	0.0	0.0	0.0	0.0	0.0	0.3145619332790375	0.0	0.0	0.0	0.0	0.19298221170902252	0.21404175460338593	0.0	0.0	0.0	0.0	0.0	0.0	0.26390671730041504	0.0	0.0	0.0	0.0	0.0	0.0	0.34262576699256897	0.2874852120876312	0.0	0.0	0.0	0.0	0.0	0.15700553357601166	0.0	0.0	0.0	0.0
0.0	0.15779294073581696	0.0	0.0	0.0	0.0	0.0	0.0	0.0	0.0	0.0	0.0	0.0	0.0	0.0	0.0	0.3576906621456146	0.2675398886203766	0.29239925742149353	0.0	0.0	0.0	0.15858227014541626	0.0	0.0	0.0	0.0	0.0	0.0	0.0	0.0	0.0	0.3145733177661896	0.0	0.0	0.0	0.0	0.19302088022232056	0.21261270344257355	0.0	0.0	0.0	0.0	0.0	0.0	0.26397988200187683	0.0	0.0	0.0	0.0	0.0	0.0	0.3414483070373535	0.2871914207935333	0.0	0.0	0.0	0.0	0.0	0.15792106091976166	0.0	0.0	0.0	0.0
0.0	0.15707355737686157	0.0	0.0	0.0	0.0	0.0	0.0	0.0	0.0	0.0	0.0	0.0	0.0	0.0	0.0	0.35741522908210754	0.2670252323150635	0.2921779155731201	0.0	0.0	0.0	0.15878307819366455	0.0	0.0	0.0	0.0	0.0	0.0	0.0	0.0	0.0	0.3132307827472687	0.0	0.0	0.0	0.0	0.19386900961399078	0.21287627518177032	0.0	0.0	0.0	0.0	0.0	0.0	0.26349008083343506	0.0	0.0	0.0	0.0	0.0	0.0	0.34180372953414917	0.2844792902469635	0.0	0.0	0.0	0.0	0.0	0.15526603162288666	0.0	0.0	0.0	0.0
0.0	0.1572359949350357	0.0	0.0	0.0	0.0	0.0	0.0	0.0	0.0	0.0	0.0	0.0	0.0	0.0	0.0	0.3570540249347687	0.2671147286891937	0.29190197587013245	0.0	0.0	0.0	0.15818768739700317	0.0	0.0	0.0	0.0	0.0	0.0	0.0	0.0	0.0	0.31346216797828674	0.0	0.0	0.0	0.0	0.19351114332675934	0.21311230957508087	0.0	0.0	0.0	0.0	0.0	0.0	0.2642359435558319	0.0	0.0	0.0	0.0	0.0	0.0	0.34177133440971375	0.28680509328842163	0.0	0.0	0.0	0.0	0.0	0.15847404301166534	0.0	0.0	0.0	0.0
0.0	0.1566942036151886	0.0	0.0	0.0	0.0	0.0	0.0	0.0	0.0	0.0	0.0	0.0	0.0	0.0	0.0	0.35694998502731323	0.26651763916015625	0.2916024625301361	0.0	0.0	0.0	0.15893587470054626	0.0	0.0	0.0	0.0	0.0	0.0	0.0	0.0	0.0	0.31264910101890564	0.0	0.0	0.0	0.0	0.19364343583583832	0.21371573209762573	0.0	0.0	0.0	0.0	0.0	0.0	0.2643086910247803	0.0	0.0	0.0	0.0	0.0	0.0	0.34304365515708923	0.2869148254394531	0.0	0.0	0.0	0.0	0.0	0.15659554302692413	0.0	0.0	0.0	0.0
0.0	0.15659455955028534	0.0	0.0	0.0	0.0	0.0	0.0	0.0	0.0	0.0	0.0	0.0	0.0	0.0	0.0	0.3572593033313751	0.26738306879997253	0.2926201820373535	0.0	0.0	0.0	0.15793240070343018	0.0	0.0	0.0	0.0	0.0	0.0	0.0	0.0	0.0	0.31280776858329773	0.0	0.0	0.0	0.0	0.19332820177078247	0.2131594568490982	0.0	0.0	0.0	0.0	0.0	0.0	0.263566792011261	0.0	0.0	0.0	0.0	0.0	0.0	0.34117817878723145	0.2866685092449188	0.0	0.0	0.0	0.0	0.0	0.1575942039489746	0.0	0.0	0.0	0.0
0.0	0.1568523496389389	0.0	0.0	0.0	0.0	0.0	0.0	0.0	0.0	0.0	0.0	0.0	0.0	0.0	0.0	0.35698026418685913	0.26859819889068604	0.2921445369720459	0.0	0.0	0.0	0.15817221999168396	0.0	0.0	0.0	0.0	0.0	0.0	0.0	0.0	0.0	0.3139601945877075	0.0	0.0	0.0	0.0	0.19388318061828613	0.2129955291748047	0.0	0.0	0.0	0.0	0.0	0.0	0.2642933428287506	0.0	0.0	0.0	0.0	0.0	0.0	0.3418056070804596	0.2866470217704773	0.0	0.0	0.0	0.0	0.0	0.15795569121837616	0.0	0.0	0.0	0.0
0.0	0.15695910155773163	0.0	0.0	0.0	0.0	0.0	0.0	0.0	0.0	0.0	0.0	0.0	0.0	0.0	0.0	0.3571212589740753	0.2671980559825897	0.29242727160453796	0.0	0.0	0.0	0.15899768471717834	0.0	0.0	0.0	0.0	0.0	0.0	0.0	0.0	0.0	0.3147149682044983	0.0	0.0	0.0	0.0	0.19374550879001617	0.213755264878273	0.0	0.0	0.0	0.0	0.0	0.0	0.2641163170337677	0.0	0.0	0.0	0.0	0.0	0.0	0.3420957922935486	0.28686514496803284	0.0	0.0	0.0	0.0	0.0	0.15806226432323456	0.0	0.0	0.0	0.0
0.0	0.15701086819171906	0.0	0.0	0.0	0.0	0.0	0.0	0.0	0.0	0.0	0.0	0.0	0.0	0.0	0.0	0.3566054701805115	0.26732107996940613	0.2917451560497284	0.0	0.0	0.0	0.15887559950351715	0.0	0.0	0.0	0.0	0.0	0.0	0.0	0.0	0.0	0.31312376260757446	0.0	0.0	0.0	0.0	0.1934581995010376	0.21423642337322235	0.0	0.0	0.0	0.0	0.0	0.0	0.263896644115448	0.0	0.0	0.0	0.0	0.0	0.0	0.34158799052238464	0.2873271405696869	0.0	0.0	0.0	0.0	0.0	0.15784654021263123	0.0	0.0	0.0	0.0
0.0	0.1569722294807434	0.0	0.0	0.0	0.0	0.0	0.0	0.0	0.0	0.0	0.0	0.0	0.0	0.0	0.0	0.3568081259727478	0.26683634519577026	0.2927379608154297	0.0	0.0	0.0	0.15925920009613037	0.0	0.0	0.0	0.0	0.0	0.0	0.0	0.0	0.0	0.3143593370914459	0.0	0.0	0.0	0.0	0.19381333887577057	0.2140166163444519	0.0	0.0	0.0	0.0	0.0	0.0	0.26510992646217346	0.0	0.0	0.0	0.0	0.0	0.0	0.3430352509021759	0.28738370537757874	0.0	0.0	0.0	0.0	0.0	0.15738916397094727	0.0	0.0	0.0	0.0
0.0	0.15727803111076355	0.0	0.0	0.0	0.0	0.0	0.0	0.0	0.0	0.0	0.0	0.0	0.0	0.0	0.0	0.3577550947666168	0.26716428995132446	0.2917826771736145	0.0	0.0	0.0	0.1582471877336502	0.0	0.0	0.0	0.0	0.0	0.0	0.0	0.0	0.0	0.31329911947250366	0.0	0.0	0.0	0.0	0.1936570256948471	0.21409942209720612	0.0	0.0	0.0	0.0	0.0	0.0	0.2640107274055481	0.0	0.0	0.0	0.0	0.0	0.0	0.34223976731300354	0.28690290451049805	0.0	0.0	0.0	0.0	0.0	0.1570221483707428	0.0	0.0	0.0	0.0
0.0	0.1566532701253891	0.0	0.0	0.0	0.0	0.0	0.0	0.0	0.0	0.0	0.0	0.0	0.0	0.0	0.0	0.35689765214920044	0.26767536997795105	0.2908143699169159	0.0	0.0	0.0	0.1585712730884552	0.0	0.0	0.0	0.0	0.0	0.0	0.0	0.0	0.0	0.3132457137107849	0.0	0.0	0.0	0.0	0.19343242049217224	0.21326187252998352	0.0	0.0	0.0	0.0	0.0	0.0	0.26326319575309753	0.0	0.0	0.0	0.0	0.0	0.0	0.3420378565788269	0.2867903709411621	0.0	0.0	0.0	0.0	0.0	0.15723274648189545	0.0	0.0	0.0	0.0
0.0	0.15710467100143433	0.0	0.0	0.0	0.0	0.0	0.0	0.0	0.0	0.0	0.0	0.0	0.0	0.0	0.0	0.3564085364341736	0.2670298218727112	0.29170557856559753	0.0	0.0	0.0	0.1584230661392212	0.0	0.0	0.0	0.0	0.0	0.0	0.0	0.0	0.0	0.31316617131233215	0.0	0.0	0.0	0.0	0.19341765344142914	0.21357542276382446	0.0	0.0	0.0	0.0	0.0	0.0	0.2642466425895691	0.0	0.0	0.0	0.0	0.0	0.0	0.34055957198143005	0.28628551959991455	0.0	0.0	0.0	0.0	0.0	0.1576843410730362	0.0	0.0	0.0	0.0
0.0	0.1568787693977356	0.0	0.0	0.0	0.0	0.0	0.0	0.0	0.0	0.0	0.0	0.0	0.0	0.0	0.0	0.35679736733436584	0.266338974237442	0.29116466641426086	0.0	0.0	0.0	0.1586330235004425	0.0	0.0	0.0	0.0	0.0	0.0	0.0	0.0	0.0	0.31396934390068054	0.0	0.0	0.0	0.0	0.19312310218811035	0.21427075564861298	0.0	0.0	0.0	0.0	0.0	0.0	0.2642222046852112	0.0	0.0	0.0	0.0	0.0	0.0	0.34276264905929565	0.28656119108200073	0.0	0.0	0.0	0.0	0.0	0.15717482566833496	0.0	0.0	0.0	0.0
0.0	0.15682527422904968	0.0	0.0	0.0	0.0	0.0	0.0	0.0	0.0	0.0	0.0	0.0	0.0	0.0	0.0	0.35690152645111084	0.26694223284721375	0.29204946756362915	0.0	0.0	0.0	0.15803717076778412	0.0	0.0	0.0	0.0	0.0	0.0	0.0	0.0	0.0	0.31411808729171753	0.0	0.0	0.0	0.0	0.19355493783950806	0.2132016122341156	0.0	0.0	0.0	0.0	0.0	0.0	0.26394250988960266	0.0	0.0	0.0	0.0	0.0	0.0	0.34157004952430725	0.28668490052223206	0.0	0.0	0.0	0.0	0.0	0.15747252106666565	0.0	0.0	0.0	0.0
0.0	0.1580599993467331	0.0	0.0	0.0	0.0	0.0	0.0	0.0	0.0	0.0	0.0	0.0	0.0	0.0	0.0	0.357612669467926	0.26781752705574036	0.29266253113746643	0.0	0.0	0.0	0.15922218561172485	0.0	0.0	0.0	0.0	0.0	0.0	0.0	0.0	0.0	0.31380870938301086	0.0	0.0	0.0	0.0	0.1931755542755127	0.21392686665058136	0.0	0.0	0.0	0.0	0.0	0.0	0.2647666931152344	0.0	0.0	0.0	0.0	0.0	0.0	0.3428753614425659	0.2867230772972107	0.0	0.0	0.0	0.0	0.0	0.156319260597229	0.0	0.0	0.0	0.0
0.0	0.15819601714611053	0.0	0.0	0.0	0.0	0.0	0.0	0.0	0.0	0.0	0.0	0.0	0.0	0.0	0.0	0.3570977747440338	0.26807475090026855	0.29173922538757324	0.0	0.0	0.0	0.15774005651474	0.0	0.0	0.0	0.0	0.0	0.0	0.0	0.0	0.0	0.31389468908309937	0.0	0.0	0.0	0.0	0.1934714913368225	0.21351394057273865	0.0	0.0	0.0	0.0	0.0	0.0	0.26445263624191284	0.0	0.0	0.0	0.0	0.0	0.0	0.3417495787143707	0.2860878109931946	0.0	0.0	0.0	0.0	0.0	0.1581336110830307	0.0	0.0	0.0	0.0
0.0	0.15821534395217896	0.0	0.0	0.0	0.0	0.0	0.0	0.0	0.0	0.0	0.0	0.0	0.0	0.0	0.0	0.3562171459197998	0.2682119607925415	0.28996604681015015	0.0	0.0	0.0	0.15897580981254578	0.0	0.0	0.0	0.0	0.0	0.0	0.0	0.0	0.0	0.31177663803100586	0.0	0.0	0.0	0.0	0.19364586472511292	0.21276263892650604	0.0	0.0	0.0	0.0	0.0	0.0	0.2634038031101227	0.0	0.0	0.0	0.0	0.0	0.0	0.3420518934726715	0.28553998470306396	0.0	0.0	0.0	0.0	0.0	0.15568076074123383	0.0	0.0	0.0	0.0
0.0	0.15796290338039398	0.0	0.0	0.0	0.0	0.0	0.0	0.0	0.0	0.0	0.0	0.0	0.0	0.0	0.0	0.3569362759590149	0.2666500210762024	0.2916373610496521	0.0	0.0	0.0	0.1577901542186737	0.0	0.0	0.0	0.0	0.0	0.0	0.0	0.0	0.0	0.31401246786117554	0.0	0.0	0.0	0.0	0.19280104339122772	0.21378661692142487	0.0	0.0	0.0	0.0	0.0	0.0	0.26333266496658325	0.0	0.0	0.0	0.0	0.0	0.0	0.34187039732933044	0.2879548966884613	0.0	0.0	0.0	0.0	0.0	0.15712293982505798	0.0	0.0	0.0	0.0
0.0	0.1581040322780609	0.0	0.0	0.0	0.0	0.0	0.0	0.0	0.0	0.0	0.0	0.0	0.0	0.0	0.0	0.3573009967803955	0.26773297786712646	0.2928449511528015	0.0	0.0	0.0	0.15766213834285736	0.0	0.0	0.0	0.0	0.0	0.0	0.0	0.0	0.0	0.3145257234573364	0.0	0.0	0.0	0.0	0.19456876814365387	0.21417683362960815	0.0	0.0	0.0	0.0	0.0	0.0	0.26528966426849365	0.0	0.0	0.0	0.0	0.0	0.0	0.3430038392543793	0.2872288227081299	0.0	0.0	0.0	0.0	0.0	0.15816549956798553	0.0	0.0	0.0	0.0
0.0	0.15758667886257172	0.0	0.0	0.0	0.0	0.0	0.0	0.0	0.0	0.0	0.0	0.0	0.0	0.0	0.0	0.35792016983032227	0.2679378092288971	0.29230690002441406	0.0	0.0	0.0	0.15843036770820618	0.0	0.0	0.0	0.0	0.0	0.0	0.0	0.0	0.0	0.31356868147850037	0.0	0.0	0.0	0.0	0.19367247819900513	0.21334372460842133	0.0	0.0	0.0	0.0	0.0	0.0	0.2637980282306671	0.0	0.0	0.0	0.0	0.0	0.0	0.34230801463127136	0.28789404034614563	0.0	0.0	0.0	0.0	0.0	0.15824005007743835	0.0	0.0	0.0	0.0
0.0	0.15730690956115723	0.0	0.0	0.0	0.0	0.0	0.0	0.0	0.0	0.0	0.0	0.0	0.0	0.0	0.0	0.35677316784858704	0.2683323323726654	0.2903951108455658	0.0	0.0	0.0	0.15815776586532593	0.0	0.0	0.0	0.0	0.0	0.0	0.0	0.0	0.0	0.31225475668907166	0.0	0.0	0.0	0.0	0.19266822934150696	0.212799072265625	0.0	0.0	0.0	0.0	0.0	0.0	0.263357013463974	0.0	0.0	0.0	0.0	0.0	0.0	0.34157589077949524	0.2868199646472931	0.0	0.0	0.0	0.0	0.0	0.15657654404640198	0.0	0.0	0.0	0.0
0.0	0.15740950405597687	0.0	0.0	0.0	0.0	0.0	0.0	0.0	0.0	0.0	0.0	0.0	0.0	0.0	0.0	0.3573167324066162	0.2668987512588501	0.29240888357162476	0.0	0.0	0.0	0.1583634912967682	0.0	0.0	0.0	0.0	0.0	0.0	0.0	0.0	0.0	0.313881516456604	0.0	0.0	0.0	0.0	0.19395986199378967	0.21323594450950623	0.0	0.0	0.0	0.0	0.0	0.0	0.2644941806793213	0.0	0.0	0.0	0.0	0.0	0.0	0.3422708511352539	0.28727859258651733	0.0	0.0	0.0	0.0	0.0	0.15867489576339722	0.0	0.0	0.0	0.0
0.0	0.155518040060997	0.0	0.0	0.0	0.0	0.0	0.0	0.0	0.0	0.0	0.0	0.0	0.0	0.0	0.0	0.3576030135154724	0.2668180763721466	0.2926446199417114	0.0	0.0	0.0	0.15895873308181763	0.0	0.0	0.0	0.0	0.0	0.0	0.0	0.0	0.0	0.3137108087539673	0.0	0.0	0.0	0.0	0.19451043009757996	0.21317492425441742	0.0	0.0	0.0	0.0	0.0	0.0	0.26436594128608704	0.0	0.0	0.0	0.0	0.0	0.0	0.34229594469070435	0.28568530082702637	0.0	0.0	0.0	0.0	0.0	0.15767310559749603	0.0	0.0	0.0	0.0
0.0	0.15666350722312927	0.0	0.0	0.0	0.0	0.0	0.0	0.0	0.0	0.0	0.0	0.0	0.0	0.0	0.0	0.3569294512271881	0.26727381348609924	0.2914436161518097	0.0	0.0	0.0	0.15858857333660126	0.0	0.0	0.0	0.0	0.0	0.0	0.0	0.0	0.0	0.3128121495246887	0.0	0.0	0.0	0.0	0.19298604130744934	0.2139790654182434	0.0	0.0	0.0	0.0	0.0	0.0	0.2637624740600586	0.0	0.0	0.0	0.0	0.0	0.0	0.34209486842155457	0.28730127215385437	0.0	0.0	0.0	0.0	0.0	0.15712136030197144	0.0	0.0	0.0	0.0
0.0	0.1568673849105835	0.0	0.0	0.0	0.0	0.0	0.0	0.0	0.0	0.0	0.0	0.0	0.0	0.0	0.0	0.3568095564842224	0.267182320356369	0.2912777066230774	0.0	0.0	0.0	0.1578538715839386	0.0	0.0	0.0	0.0	0.0	0.0	0.0	0.0	0.0	0.31363993883132935	0.0	0.0	0.0	0.0	0.19318357110023499	0.2142416387796402	0.0	0.0	0.0	0.0	0.0	0.0	0.26362916827201843	0.0	0.0	0.0	0.0	0.0	0.0	0.3427135944366455	0.28721266984939575	0.0	0.0	0.0	0.0	0.0	0.1581459790468216	0.0	0.0	0.0	0.0
0.0	0.1561869978904724	0.0	0.0	0.0	0.0	0.0	0.0	0.0	0.0	0.0	0.0	0.0	0.0	0.0	0.0	0.3563319742679596	0.2666275203227997	0.29179394245147705	0.0	0.0	0.0	0.15744678676128387	0.0	0.0	0.0	0.0	0.0	0.0	0.0	0.0	0.0	0.31336137652397156	0.0	0.0	0.0	0.0	0.19297780096530914	0.21314150094985962	0.0	0.0	0.0	0.0	0.0	0.0	0.26419323682785034	0.0	0.0	0.0	0.0	0.0	0.0	0.3408786356449127	0.2864690124988556	0.0	0.0	0.0	0.0	0.0	0.15750673413276672	0.0	0.0	0.0	0.0
0.0	0.1573941856622696	0.0	0.0	0.0	0.0	0.0	0.0	0.0	0.0	0.0	0.0	0.0	0.0	0.0	0.0	0.35730141401290894	0.2673262655735016	0.2922650873661041	0.0	0.0	0.0	0.1578238308429718	0.0	0.0	0.0	0.0	0.0	0.0	0.0	0.0	0.0	0.31437039375305176	0.0	0.0	0.0	0.0	0.19455669820308685	0.21306148171424866	0.0	0.0	0.0	0.0	0.0	0.0	0.26400867104530334	0.0	0.0	0.0	0.0	0.0	0.0	0.34211093187332153	0.2879859209060669	0.0	0.0	0.0	0.0	0.0	0.15734820067882538	0.0	0.0	0.0	0.0
0.0	0.15680162608623505	0.0	0.0	0.0	0.0	0.0	0.0	0.0	0.0	0.0	0.0	0.0	0.0	0.0	0.0	0.35719436407089233	0.26784518361091614	0.29215654730796814	0.0	0.0	0.0	0.1598750352859497	0.0	0.0	0.0	0.0	0.0	0.0	0.0	0.0	0.0	0.31420376896858215	0.0	0.0	0.0	0.0	0.1918073445558548	0.21454660594463348	0.0	0.0	0.0	0.0	0.0	0.0	0.2639564275741577	0.0	0.0	0.0	0.0	0.0	0.0	0.3428177833557129	0.28683042526245117	0.0	0.0	0.0	0.0	0.0	0.1573968380689621	0.0	0.0	0.0	0.0
0.0	0.15742488205432892	0.0	0.0	0.0	0.0	0.0	0.0	0.0	0.0	0.0	0.0	0.0	0.0	0.0	0.0	0.3564971685409546	0.26755890250205994	0.2920662462711334	0.0	0.0	0.0	0.15817707777023315	0.0	0.0	0.0	0.0	0.0	0.0	0.0	0.0	0.0	0.3129468560218811	0.0	0.0	0.0	0.0	0.19310837984085083	0.21410652995109558	0.0	0.0	0.0	0.0	0.0	0.0	0.2623114585876465	0.0	0.0	0.0	0.0	0.0	0.0	0.34174010157585144	0.28672367334365845	0.0	0.0	0.0	0.0	0.0	0.15679442882537842	0.0	0.0	0.0	0.0
0.0	0.15681634843349457	0.0	0.0	0.0	0.0	0.0	0.0	0.0	0.0	0.0	0.0	0.0	0.0	0.0	0.0	0.3570994436740875	0.2651100754737854	0.29184654355049133	0.0	0.0	0.0	0.15835906565189362	0.0	0.0	0.0	0.0	0.0	0.0	0.0	0.0	0.0	0.31372159719467163	0.0	0.0	0.0	0.0	0.19405098259449005	0.2125043123960495	0.0	0.0	0.0	0.0	0.0	0.0	0.26159727573394775	0.0	0.0	0.0	0.0	0.0	0.0	0.34064123034477234	0.2852576971054077	0.0	0.0	0.0	0.0	0.0	0.15652988851070404	0.0	0.0	0.0	0.0
0.0	0.15562139451503754	0.0	0.0	0.0	0.0	0.0	0.0	0.0	0.0	0.0	0.0	0.0	0.0	0.0	0.0	0.35750651359558105	0.26757439970970154	0.2927972078323364	0.0	0.0	0.0	0.15799593925476074	0.0	0.0	0.0	0.0	0.0	0.0	0.0	0.0	0.0	0.312617689371109	0.0	0.0	0.0	0.0	0.19313576817512512	0.21351006627082825	0.0	0.0	0.0	0.0	0.0	0.0	0.26460781693458557	0.0	0.0	0.0	0.0	0.0	0.0	0.3420640528202057	0.28704240918159485	0.0	0.0	0.0	0.0	0.0	0.1578291654586792	0.0	0.0	0.0	0.0
0.0	0.15805105865001678	0.0	0.0	0.0	0.0	0.0	0.0	0.0	0.0	0.0	0.0	0.0	0.0	0.0	0.0	0.35719582438468933	0.26723235845565796	0.29078277945518494	0.0	0.0	0.0	0.15911553800106049	0.0	0.0	0.0	0.0	0.0	0.0	0.0	0.0	0.0	0.31382596492767334	0.0	0.0	0.0	0.0	0.19225749373435974	0.21274644136428833	0.0	0.0	0.0	0.0	0.0	0.0	0.263058066368103	0.0	0.0	0.0	0.0	0.0	0.0	0.3414515256881714	0.2858726978302002	0.0	0.0	0.0	0.0	0.0	0.15664009749889374	0.0	0.0	0.0	0.0
0.0	0.15679018199443817	0.0	0.0	0.0	0.0	0.0	0.0	0.0	0.0	0.0	0.0	0.0	0.0	0.0	0.0	0.35759755969047546	0.2677571177482605	0.2916710674762726	0.0	0.0	0.0	0.1577746868133545	0.0	0.0	0.0	0.0	0.0	0.0	0.0	0.0	0.0	0.31389209628105164	0.0	0.0	0.0	0.0	0.19394740462303162	0.21433788537979126	0.0	0.0	0.0	0.0	0.0	0.0	0.26412707567214966	0.0	0.0	0.0	0.0	0.0	0.0	0.3418453633785248	0.2871260941028595	0.0	0.0	0.0	0.0	0.0	0.15770404040813446	0.0	0.0	0.0	0.0
0.0	0.15565882623195648	0.0	0.0	0.0	0.0	0.0	0.0	0.0	0.0	0.0	0.0	0.0	0.0	0.0	0.0	0.35651203989982605	0.2659262716770172	0.29281774163246155	0.0	0.0	0.0	0.15880551934242249	0.0	0.0	0.0	0.0	0.0	0.0	0.0	0.0	0.0	0.31337445974349976	0.0	0.0	0.0	0.0	0.1929604560136795	0.21400834619998932	0.0	0.0	0.0	0.0	0.0	0.0	0.2618440091609955	0.0	0.0	0.0	0.0	0.0	0.0	0.3410980999469757	0.28710392117500305	0.0	0.0	0.0	0.0	0.0	0.1564614623785019	0.0	0.0	0.0	0.0
0.0	0.15699858963489532	0.0	0.0	0.0	0.0	0.0	0.0	0.0	0.0	0.0	0.0	0.0	0.0	0.0	0.0	0.35824114084243774	0.26758429408073425	0.29167279601097107	0.0	0.0	0.0	0.15767303109169006	0.0	0.0	0.0	0.0	0.0	0.0	0.0	0.0	0.0	0.3146056532859802	0.0	0.0	0.0	0.0	0.19380857050418854	0.21414852142333984	0.0	0.0	0.0	0.0	0.0	0.0	0.2641741633415222	0.0	0.0	0.0	0.0	0.0	0.0	0.3423413634300232	0.2876339554786682	0.0	0.0	0.0	0.0	0.0	0.1575891673564911	0.0	0.0	0.0	0.0
0.0	0.15742552280426025	0.0	0.0	0.0	0.0	0.0	0.0	0.0	0.0	0.0	0.0	0.0	0.0	0.0	0.0	0.35661789774894714	0.26784053444862366	0.29186439514160156	0.0	0.0	0.0	0.15787272155284882	0.0	0.0	0.0	0.0	0.0	0.0	0.0	0.0	0.0	0.314302921295166	0.0	0.0	0.0	0.0	0.19313442707061768	0.2137678563594818	0.0	0.0	0.0	0.0	0.0	0.0	0.2650003135204315	0.0	0.0	0.0	0.0	0.0	0.0	0.34275320172309875	0.28720346093177795	0.0	0.0	0.0	0.0	0.0	0.15897443890571594	0.0	0.0	0.0	0.0
0.0	0.15717163681983948	0.0	0.0	0.0	0.0	0.0	0.0	0.0	0.0	0.0	0.0	0.0	0.0	0.0	0.0	0.3566043972969055	0.2675269544124603	0.29121267795562744	0.0	0.0	0.0	0.1579691618680954	0.0	0.0	0.0	0.0	0.0	0.0	0.0	0.0	0.0	0.3130913972854614	0.0	0.0	0.0	0.0	0.19386699795722961	0.21356183290481567	0.0	0.0	0.0	0.0	0.0	0.0	0.26465800404548645	0.0	0.0	0.0	0.0	0.0	0.0	0.3426377773284912	0.2873574495315552	0.0	0.0	0.0	0.0	0.0	0.15738847851753235	0.0	0.0	0.0	0.0
0.0	0.15713194012641907	0.0	0.0	0.0	0.0	0.0	0.0	0.0	0.0	0.0	0.0	0.0	0.0	0.0	0.0	0.35703060030937195	0.2680726647377014	0.29128047823905945	0.0	0.0	0.0	0.1584799736738205	0.0	0.0	0.0	0.0	0.0	0.0	0.0	0.0	0.0	0.31329524517059326	0.0	0.0	0.0	0.0	0.19257456064224243	0.213417187333107	0.0	0.0	0.0	0.0	0.0	0.0	0.26379549503326416	0.0	0.0	0.0	0.0	0.0	0.0	0.3418242335319519	0.286654531955719	0.0	0.0	0.0	0.0	0.0	0.15747813880443573	0.0	0.0	0.0	0.0
0.0	0.15772242844104767	0.0	0.0	0.0	0.0	0.0	0.0	0.0	0.0	0.0	0.0	0.0	0.0	0.0	0.0	0.3573261499404907	0.2676028311252594	0.2922287583351135	0.0	0.0	0.0	0.15853701531887054	0.0	0.0	0.0	0.0	0.0	0.0	0.0	0.0	0.0	0.31529322266578674	0.0	0.0	0.0	0.0	0.19384101033210754	0.21384665369987488	0.0	0.0	0.0	0.0	0.0	0.0	0.2644027769565582	0.0	0.0	0.0	0.0	0.0	0.0	0.3428921103477478	0.28698065876960754	0.0	0.0	0.0	0.0	0.0	0.15738150477409363	0.0	0.0	0.0	0.0
0.0	0.15736660361289978	0.0	0.0	0.0	0.0	0.0	0.0	0.0	0.0	0.0	0.0	0.0	0.0	0.0	0.0	0.3575941026210785	0.267354816198349	0.2917907238006592	0.0	0.0	0.0	0.15835599601268768	0.0	0.0	0.0	0.0	0.0	0.0	0.0	0.0	0.0	0.31358233094215393	0.0	0.0	0.0	0.0	0.1939796507358551	0.21350598335266113	0.0	0.0	0.0	0.0	0.0	0.0	0.2640073895454407	0.0	0.0	0.0	0.0	0.0	0.0	0.34240058064460754	0.287443071603775	0.0	0.0	0.0	0.0	0.0	0.15781350433826447	0.0	0.0	0.0	0.0
0.0	0.1572878509759903	0.0	0.0	0.0	0.0	0.0	0.0	0.0	0.0	0.0	0.0	0.0	0.0	0.0	0.0	0.3569694459438324	0.2673529088497162	0.2918982207775116	0.0	0.0	0.0	0.15861448645591736	0.0	0.0	0.0	0.0	0.0	0.0	0.0	0.0	0.0	0.31324827671051025	0.0	0.0	0.0	0.0	0.19424371421337128	0.21357552707195282	0.0	0.0	0.0	0.0	0.0	0.0	0.2636980414390564	0.0	0.0	0.0	0.0	0.0	0.0	0.341551274061203	0.28648364543914795	0.0	0.0	0.0	0.0	0.0	0.1578979790210724	0.0	0.0	0.0	0.0
0.0	0.15709242224693298	0.0	0.0	0.0	0.0	0.0	0.0	0.0	0.0	0.0	0.0	0.0	0.0	0.0	0.0	0.35742104053497314	0.2674499750137329	0.2921951711177826	0.0	0.0	0.0	0.1588171422481537	0.0	0.0	0.0	0.0	0.0	0.0	0.0	0.0	0.0	0.3142074644565582	0.0	0.0	0.0	0.0	0.19334182143211365	0.2135532647371292	0.0	0.0	0.0	0.0	0.0	0.0	0.26456472277641296	0.0	0.0	0.0	0.0	0.0	0.0	0.34184151887893677	0.2869925796985626	0.0	0.0	0.0	0.0	0.0	0.15800020098686218	0.0	0.0	0.0	0.0
0.0	0.1566370278596878	0.0	0.0	0.0	0.0	0.0	0.0	0.0	0.0	0.0	0.0	0.0	0.0	0.0	0.0	0.3574259281158447	0.2668878734111786	0.29211607575416565	0.0	0.0	0.0	0.15762609243392944	0.0	0.0	0.0	0.0	0.0	0.0	0.0	0.0	0.0	0.3135491907596588	0.0	0.0	0.0	0.0	0.19335781037807465	0.21329259872436523	0.0	0.0	0.0	0.0	0.0	0.0	0.2641216814517975	0.0	0.0	0.0	0.0	0.0	0.0	0.340548038482666	0.2858957350254059	0.0	0.0	0.0	0.0	0.0	0.15728038549423218	0.0	0.0	0.0	0.0
0.0	0.15784944593906403	0.0	0.0	0.0	0.0	0.0	0.0	0.0	0.0	0.0	0.0	0.0	0.0	0.0	0.0	0.3583371043205261	0.26820704340934753	0.2909505367279053	0.0	0.0	0.0	0.1584002524614334	0.0	0.0	0.0	0.0	0.0	0.0	0.0	0.0	0.0	0.3147233724594116	0.0	0.0	0.0	0.0	0.19301441311836243	0.21282874047756195	0.0	0.0	0.0	0.0	0.0	0.0	0.26404497027397156	0.0	0.0	0.0	0.0	0.0	0.0	0.3407543897628784	0.28743860125541687	0.0	0.0	0.0	0.0	0.0	0.15702156722545624	0.0	0.0	0.0	0.0
0.0	0.15668727457523346	0.0	0.0	0.0	0.0	0.0	0.0	0.0	0.0	0.0	0.0	0.0	0.0	0.0	0.0	0.3572576344013214	0.26763245463371277	0.29267287254333496	0.0	0.0	0.0	0.15819458663463593	0.0	0.0	0.0	0.0	0.0	0.0	0.0	0.0	0.0	0.314263254404068	0.0	0.0	0.0	0.0	0.19327537715435028	0.21379825472831726	0.0	0.0	0.0	0.0	0.0	0.0	0.264973521232605	0.0	0.0	0.0	0.0	0.0	0.0	0.34289130568504333	0.2877282202243805	0.0	0.0	0.0	0.0	0.0	0.15836423635482788	0.0	0.0	0.0	0.0
0.0	0.1575496941804886	0.0	0.0	0.0	0.0	0.0	0.0	0.0	0.0	0.0	0.0	0.0	0.0	0.0	0.0	0.3562382161617279	0.2682937681674957	0.2919633984565735	0.0	0.0	0.0	0.15835613012313843	0.0	0.0	0.0	0.0	0.0	0.0	0.0	0.0	0.0	0.31415805220603943	0.0	0.0	0.0	0.0	0.19351999461650848	0.2134898155927658	0.0	0.0	0.0	0.0	0.0	0.0	0.2637806236743927	0.0	0.0	0.0	0.0	0.0	0.0	0.3418276906013489	0.287087619304657	0.0	0.0	0.0	0.0	0.0	0.15798479318618774	0.0	0.0	0.0	0.0
0.0	0.1568126231431961	0.0	0.0	0.0	0.0	0.0	0.0	0.0	0.0	0.0	0.0	0.0	0.0	0.0	0.0	0.35728251934051514	0.267128050327301	0.2920762002468109	0.0	0.0	0.0	0.15879365801811218	0.0	0.0	0.0	0.0	0.0	0.0	0.0	0.0	0.0	0.3145277798175812	0.0	0.0	0.0	0.0	0.1936025619506836	0.21272478997707367	0.0	0.0	0.0	0.0	0.0	0.0	0.26474061608314514	0.0	0.0	0.0	0.0	0.0	0.0	0.34274616837501526	0.2871546447277069	0.0	0.0	0.0	0.0	0.0	0.15775592625141144	0.0	0.0	0.0	0.0
0.0	0.15652532875537872	0.0	0.0	0.0	0.0	0.0	0.0	0.0	0.0	0.0	0.0	0.0	0.0	0.0	0.0	0.35821494460105896	0.2670561373233795	0.29213353991508484	0.0	0.0	0.0	0.15846429765224457	0.0	0.0	0.0	0.0	0.0	0.0	0.0	0.0	0.0	0.31501781940460205	0.0	0.0	0.0	0.0	0.1927558183670044	0.21344321966171265	0.0	0.0	0.0	0.0	0.0	0.0	0.2650832235813141	0.0	0.0	0.0	0.0	0.0	0.0	0.3420916199684143	0.28667551279067993	0.0	0.0	0.0	0.0	0.0	0.15715384483337402	0.0	0.0	0.0	0.0
0.0	0.15683120489120483	0.0	0.0	0.0	0.0	0.0	0.0	0.0	0.0	0.0	0.0	0.0	0.0	0.0	0.0	0.35681286454200745	0.26751258969306946	0.2917864918708801	0.0	0.0	0.0	0.15878088772296906	0.0	0.0	0.0	0.0	0.0	0.0	0.0	0.0	0.0	0.3141021430492401	0.0	0.0	0.0	0.0	0.19353973865509033	0.21346722543239594	0.0	0.0	0.0	0.0	0.0	0.0	0.2645537853240967	0.0	0.0	0.0	0.0	0.0	0.0	0.34200069308280945	0.2864789068698883	0.0	0.0	0.0	0.0	0.0	0.15742415189743042	0.0	0.0	0.0	0.0
0.0	0.15801045298576355	0.0	0.0	0.0	0.0	0.0	0.0	0.0	0.0	0.0	0.0	0.0	0.0	0.0	0.0	0.3566148579120636	0.26772305369377136	0.29148069024086	0.0	0.0	0.0	0.15841901302337646	0.0	0.0	0.0	0.0	0.0	0.0	0.0	0.0	0.0	0.3134631812572479	0.0	0.0	0.0	0.0	0.19316543638706207	0.21422578394412994	0.0	0.0	0.0	0.0	0.0	0.0	0.26406437158584595	0.0	0.0	0.0	0.0	0.0	0.0	0.3430468440055847	0.2872075140476227	0.0	0.0	0.0	0.0	0.0	0.15745197236537933	0.0	0.0	0.0	0.0
0.0	0.15721645951271057	0.0	0.0	0.0	0.0	0.0	0.0	0.0	0.0	0.0	0.0	0.0	0.0	0.0	0.0	0.35724392533302307	0.2671023905277252	0.2922336459159851	0.0	0.0	0.0	0.15915703773498535	0.0	0.0	0.0	0.0	0.0	0.0	0.0	0.0	0.0	0.31401997804641724	0.0	0.0	0.0	0.0	0.19291852414608002	0.21326439082622528	0.0	0.0	0.0	0.0	0.0	0.0	0.26333943009376526	0.0	0.0	0.0	0.0	0.0	0.0	0.3406151533126831	0.2860913872718811	0.0	0.0	0.0	0.0	0.0	0.15744908154010773	0.0	0.0	0.0	0.0
0.0	0.15767636895179749	0.0	0.0	0.0	0.0	0.0	0.0	0.0	0.0	0.0	0.0	0.0	0.0	0.0	0.0	0.3569439649581909	0.26827070116996765	0.2918979227542877	0.0	0.0	0.0	0.15832708775997162	0.0	0.0	0.0	0.0	0.0	0.0	0.0	0.0	0.0	0.31382474303245544	0.0	0.0	0.0	0.0	0.19371947646141052	0.2136690318584442	0.0	0.0	0.0	0.0	0.0	0.0	0.2639995813369751	0.0	0.0	0.0	0.0	0.0	0.0	0.34201791882514954	0.28729182481765747	0.0	0.0	0.0	0.0	0.0	0.1580975353717804	0.0	0.0	0.0	0.0
0.0	0.15713313221931458	0.0	0.0	0.0	0.0	0.0	0.0	0.0	0.0	0.0	0.0	0.0	0.0	0.0	0.0	0.35705721378326416	0.2679011821746826	0.2918128967285156	0.0	0.0	0.0	0.1596194952726364	0.0	0.0	0.0	0.0	0.0	0.0	0.0	0.0	0.0	0.3144477903842926	0.0	0.0	0.0	0.0	0.19277861714363098	0.21321265399456024	0.0	0.0	0.0	0.0	0.0	0.0	0.2633890211582184	0.0	0.0	0.0	0.0	0.0	0.0	0.34212517738342285	0.28642958402633667	0.0	0.0	0.0	0.0	0.0	0.15905442833900452	0.0	0.0	0.0	0.0
0.0	0.1576109081506729	0.0	0.0	0.0	0.0	0.0	0.0	0.0	0.0	0.0	0.0	0.0	0.0	0.0	0.0	0.35774630308151245	0.26711684465408325	0.2926177680492401	0.0	0.0	0.0	0.158090278506279	0.0	0.0	0.0	0.0	0.0	0.0	0.0	0.0	0.0	0.3145497143268585	0.0	0.0	0.0	0.0	0.19423681497573853	0.214461550116539	0.0	0.0	0.0	0.0	0.0	0.0	0.2641502618789673	0.0	0.0	0.0	0.0	0.0	0.0	0.34293657541275024	0.2874360978603363	0.0	0.0	0.0	0.0	0.0	0.15784861147403717	0.0	0.0	0.0	0.0
0.0	0.15602779388427734	0.0	0.0	0.0	0.0	0.0	0.0	0.0	0.0	0.0	0.0	0.0	0.0	0.0	0.0	0.3593013882637024	0.269578218460083	0.2948226034641266	0.0	0.0	0.0	0.16007071733474731	0.0	0.0	0.0	0.0	0.0	0.0	0.0	0.0	0.0	0.3137669861316681	0.0	0.0	0.0	0.0	0.19536234438419342	0.21470864117145538	0.0	0.0	0.0	0.0	0.0	0.0	0.2670033872127533	0.0	0.0	0.0	0.0	0.0	0.0	0.3439173698425293	0.28656432032585144	0.0	0.0	0.0	0.0	0.0	0.15866407752037048	0.0	0.0	0.0	0.0
0.0	0.1569356918334961	0.0	0.0	0.0	0.0	0.0	0.0	0.0	0.0	0.0	0.0	0.0	0.0	0.0	0.0	0.3571349084377289	0.26753735542297363	0.2928529977798462	0.0	0.0	0.0	0.15860261023044586	0.0	0.0	0.0	0.0	0.0	0.0	0.0	0.0	0.0	0.3140048682689667	0.0	0.0	0.0	0.0	0.19350409507751465	0.2140159010887146	0.0	0.0	0.0	0.0	0.0	0.0	0.26409846544265747	0.0	0.0	0.0	0.0	0.0	0.0	0.3426157832145691	0.2857663631439209	0.0	0.0	0.0	0.0	0.0	0.15779519081115723	0.0	0.0	0.0	0.0
0.0	0.15718287229537964	0.0	0.0	0.0	0.0	0.0	0.0	0.0	0.0	0.0	0.0	0.0	0.0	0.0	0.0	0.35786041617393494	0.26765215396881104	0.2927209734916687	0.0	0.0	0.0	0.158194437623024	0.0	0.0	0.0	0.0	0.0	0.0	0.0	0.0	0.0	0.31322869658470154	0.0	0.0	0.0	0.0	0.19311663508415222	0.21357221901416779	0.0	0.0	0.0	0.0	0.0	0.0	0.26247555017471313	0.0	0.0	0.0	0.0	0.0	0.0	0.3413545489311218	0.2865089178085327	0.0	0.0	0.0	0.0	0.0	0.15758417546749115	0.0	0.0	0.0	0.0
0.0	0.15795056521892548	0.0	0.0	0.0	0.0	0.0	0.0	0.0	0.0	0.0	0.0	0.0	0.0	0.0	0.0	0.3566931188106537	0.2673068046569824	0.2916735112667084	0.0	0.0	0.0	0.1577555388212204	0.0	0.0	0.0	0.0	0.0	0.0	0.0	0.0	0.0	0.3133348524570465	0.0	0.0	0.0	0.0	0.19272390007972717	0.21407902240753174	0.0	0.0	0.0	0.0	0.0	0.0	0.2633056640625	0.0	0.0	0.0	0.0	0.0	0.0	0.3425722122192383	0.28629255294799805	0.0	0.0	0.0	0.0	0.0	0.15679818391799927	0.0	0.0	0.0	0.0
0.0	0.15765610337257385	0.0	0.0	0.0	0.0	0.0	0.0	0.0	0.0	0.0	0.0	0.0	0.0	0.0	0.0	0.3580533564090729	0.2674824595451355	0.29014119505882263	0.0	0.0	0.0	0.1595863699913025	0.0	0.0	0.0	0.0	0.0	0.0	0.0	0.0	0.0	0.310899555683136	0.0	0.0	0.0	0.0	0.1923021376132965	0.2116144746541977	0.0	0.0	0.0	0.0	0.0	0.0	0.26254358887672424	0.0	0.0	0.0	0.0	0.0	0.0	0.34142404794692993	0.2842344641685486	0.0	0.0	0.0	0.0	0.0	0.15521208941936493	0.0	0.0	0.0	0.0
0.0	0.15658892691135406	0.0	0.0	0.0	0.0	0.0	0.0	0.0	0.0	0.0	0.0	0.0	0.0	0.0	0.0	0.35837602615356445	0.2674477696418762	0.2919972538948059	0.0	0.0	0.0	0.15859979391098022	0.0	0.0	0.0	0.0	0.0	0.0	0.0	0.0	0.0	0.3142017424106598	0.0	0.0	0.0	0.0	0.1943681240081787	0.2150028795003891	0.0	0.0	0.0	0.0	0.0	0.0	0.26499640941619873	0.0	0.0	0.0	0.0	0.0	0.0	0.3422102928161621	0.2873864471912384	0.0	0.0	0.0	0.0	0.0	0.15825155377388	0.0	0.0	0.0	0.0
0.0	0.157921701669693	0.0	0.0	0.0	0.0	0.0	0.0	0.0	0.0	0.0	0.0	0.0	0.0	0.0	0.0	0.35707661509513855	0.26732268929481506	0.29164624214172363	0.0	0.0	0.0	0.1579706221818924	0.0	0.0	0.0	0.0	0.0	0.0	0.0	0.0	0.0	0.3130224645137787	0.0	0.0	0.0	0.0	0.19334352016448975	0.21383506059646606	0.0	0.0	0.0	0.0	0.0	0.0	0.2644992172718048	0.0	0.0	0.0	0.0	0.0	0.0	0.34231841564178467	0.28677308559417725	0.0	0.0	0.0	0.0	0.0	0.1566995233297348	0.0	0.0	0.0	0.0
0.0	0.15780429542064667	0.0	0.0	0.0	0.0	0.0	0.0	0.0	0.0	0.0	0.0	0.0	0.0	0.0	0.0	0.3563516139984131	0.26690658926963806	0.2914404571056366	0.0	0.0	0.0	0.15929503738880157	0.0	0.0	0.0	0.0	0.0	0.0	0.0	0.0	0.0	0.31400611996650696	0.0	0.0	0.0	0.0	0.1934138834476471	0.21428081393241882	0.0	0.0	0.0	0.0	0.0	0.0	0.26399558782577515	0.0	0.0	0.0	0.0	0.0	0.0	0.34127119183540344	0.28679922223091125	0.0	0.0	0.0	0.0	0.0	0.15773995220661163	0.0	0.0	0.0	0.0
0.0	0.15696653723716736	0.0	0.0	0.0	0.0	0.0	0.0	0.0	0.0	0.0	0.0	0.0	0.0	0.0	0.0	0.3580046594142914	0.26756641268730164	0.2911854684352875	0.0	0.0	0.0	0.15913152694702148	0.0	0.0	0.0	0.0	0.0	0.0	0.0	0.0	0.0	0.3132946789264679	0.0	0.0	0.0	0.0	0.1929847151041031	0.21292832493782043	0.0	0.0	0.0	0.0	0.0	0.0	0.26337844133377075	0.0	0.0	0.0	0.0	0.0	0.0	0.34131214022636414	0.2873765826225281	0.0	0.0	0.0	0.0	0.0	0.15637218952178955	0.0	0.0	0.0	0.0
0.0	0.15631161630153656	0.0	0.0	0.0	0.0	0.0	0.0	0.0	0.0	0.0	0.0	0.0	0.0	0.0	0.0	0.3566173315048218	0.2671220004558563	0.291437566280365	0.0	0.0	0.0	0.15786847472190857	0.0	0.0	0.0	0.0	0.0	0.0	0.0	0.0	0.0	0.31350046396255493	0.0	0.0	0.0	0.0	0.1934918463230133	0.21305838227272034	0.0	0.0	0.0	0.0	0.0	0.0	0.26344725489616394	0.0	0.0	0.0	0.0	0.0	0.0	0.34215202927589417	0.287570595741272	0.0	0.0	0.0	0.0	0.0	0.15727683901786804	0.0	0.0	0.0	0.0
0.0	0.15642337501049042	0.0	0.0	0.0	0.0	0.0	0.0	0.0	0.0	0.0	0.0	0.0	0.0	0.0	0.0	0.3574568033218384	0.267057329416275	0.2923427224159241	0.0	0.0	0.0	0.15833091735839844	0.0	0.0	0.0	0.0	0.0	0.0	0.0	0.0	0.0	0.3141731321811676	0.0	0.0	0.0	0.0	0.19404566287994385	0.21384063363075256	0.0	0.0	0.0	0.0	0.0	0.0	0.264392226934433	0.0	0.0	0.0	0.0	0.0	0.0	0.3415566384792328	0.28734391927719116	0.0	0.0	0.0	0.0	0.0	0.15693747997283936	0.0	0.0	0.0	0.0
0.0	0.15713682770729065	0.0	0.0	0.0	0.0	0.0	0.0	0.0	0.0	0.0	0.0	0.0	0.0	0.0	0.0	0.35673001408576965	0.2671457827091217	0.2920771539211273	0.0	0.0	0.0	0.15794771909713745	0.0	0.0	0.0	0.0	0.0	0.0	0.0	0.0	0.0	0.3133379817008972	0.0	0.0	0.0	0.0	0.1939815729856491	0.21373219788074493	0.0	0.0	0.0	0.0	0.0	0.0	0.2637445032596588	0.0	0.0	0.0	0.0	0.0	0.0	0.34074774384498596	0.2864435911178589	0.0	0.0	0.0	0.0	0.0	0.15762946009635925	0.0	0.0	0.0	0.0
0.0	0.15700644254684448	0.0	0.0	0.0	0.0	0.0	0.0	0.0	0.0	0.0	0.0	0.0	0.0	0.0	0.0	0.35681313276290894	0.2676810920238495	0.29196977615356445	0.0	0.0	0.0	0.15809492766857147	0.0	0.0	0.0	0.0	0.0	0.0	0.0	0.0	0.0	0.3136124610900879	0.0	0.0	0.0	0.0	0.1927037537097931	0.21430222690105438	0.0	0.0	0.0	0.0	0.0	0.0	0.2630727291107178	0.0	0.0	0.0	0.0	0.0	0.0	0.3414584994316101	0.2876504063606262	0.0	0.0	0.0	0.0	0.0	0.1572113037109375	0.0	0.0	0.0	0.0
0.0	0.15697146952152252	0.0	0.0	0.0	0.0	0.0	0.0	0.0	0.0	0.0	0.0	0.0	0.0	0.0	0.0	0.3577323853969574	0.26743432879447937	0.2918368875980377	0.0	0.0	0.0	0.15803970396518707	0.0	0.0	0.0	0.0	0.0	0.0	0.0	0.0	0.0	0.3139626681804657	0.0	0.0	0.0	0.0	0.1935550719499588	0.21369141340255737	0.0	0.0	0.0	0.0	0.0	0.0	0.2644181549549103	0.0	0.0	0.0	0.0	0.0	0.0	0.3422009348869324	0.2870773673057556	0.0	0.0	0.0	0.0	0.0	0.15843737125396729	0.0	0.0	0.0	0.0
0.0	0.15740428864955902	0.0	0.0	0.0	0.0	0.0	0.0	0.0	0.0	0.0	0.0	0.0	0.0	0.0	0.0	0.35758084058761597	0.2671372890472412	0.2924688160419464	0.0	0.0	0.0	0.15867917239665985	0.0	0.0	0.0	0.0	0.0	0.0	0.0	0.0	0.0	0.314780592918396	0.0	0.0	0.0	0.0	0.19332483410835266	0.21295517683029175	0.0	0.0	0.0	0.0	0.0	0.0	0.2643836438655853	0.0	0.0	0.0	0.0	0.0	0.0	0.3418923020362854	0.2873413562774658	0.0	0.0	0.0	0.0	0.0	0.15696410834789276	0.0	0.0	0.0	0.0
0.0	0.15724824368953705	0.0	0.0	0.0	0.0	0.0	0.0	0.0	0.0	0.0	0.0	0.0	0.0	0.0	0.0	0.35725343227386475	0.2677660882472992	0.29233071208000183	0.0	0.0	0.0	0.15922370553016663	0.0	0.0	0.0	0.0	0.0	0.0	0.0	0.0	0.0	0.3147326111793518	0.0	0.0	0.0	0.0	0.19287869334220886	0.2143903523683548	0.0	0.0	0.0	0.0	0.0	0.0	0.2638643980026245	0.0	0.0	0.0	0.0	0.0	0.0	0.3421410620212555	0.2881465554237366	0.0	0.0	0.0	0.0	0.0	0.1573767513036728	0.0	0.0	0.0	0.0
0.0	0.157500222325325	0.0	0.0	0.0	0.0	0.0	0.0	0.0	0.0	0.0	0.0	0.0	0.0	0.0	0.0	0.35621508955955505	0.267169713973999	0.2912833094596863	0.0	0.0	0.0	0.15854355692863464	0.0	0.0	0.0	0.0	0.0	0.0	0.0	0.0	0.0	0.3137032389640808	0.0	0.0	0.0	0.0	0.19367145001888275	0.21365176141262054	0.0	0.0	0.0	0.0	0.0	0.0	0.2642435133457184	0.0	0.0	0.0	0.0	0.0	0.0	0.3414902091026306	0.28649836778640747	0.0	0.0	0.0	0.0	0.0	0.1571614295244217	0.0	0.0	0.0	0.0
0.0	0.1567375212907791	0.0	0.0	0.0	0.0	0.0	0.0	0.0	0.0	0.0	0.0	0.0	0.0	0.0	0.0	0.3572132885456085	0.2666310966014862	0.291837215423584	0.0	0.0	0.0	0.15927107632160187	0.0	0.0	0.0	0.0	0.0	0.0	0.0	0.0	0.0	0.3134990632534027	0.0	0.0	0.0	0.0	0.19304214417934418	0.2137117087841034	0.0	0.0	0.0	0.0	0.0	0.0	0.26370930671691895	0.0	0.0	0.0	0.0	0.0	0.0	0.3411709666252136	0.28715232014656067	0.0	0.0	0.0	0.0	0.0	0.15599919855594635	0.0	0.0	0.0	0.0
0.0	0.15726619958877563	0.0	0.0	0.0	0.0	0.0	0.0	0.0	0.0	0.0	0.0	0.0	0.0	0.0	0.0	0.3571130931377411	0.2674959897994995	0.2917901277542114	0.0	0.0	0.0	0.15851038694381714	0.0	0.0	0.0	0.0	0.0	0.0	0.0	0.0	0.0	0.3141995668411255	0.0	0.0	0.0	0.0	0.19372251629829407	0.21369309723377228	0.0	0.0	0.0	0.0	0.0	0.0	0.26446881890296936	0.0	0.0	0.0	0.0	0.0	0.0	0.34246882796287537	0.2872152626514435	0.0	0.0	0.0	0.0	0.0	0.15863455832004547	0.0	0.0	0.0	0.0
0.0	0.1582314372062683	0.0	0.0	0.0	0.0	0.0	0.0	0.0	0.0	0.0	0.0	0.0	0.0	0.0	0.0	0.35712647438049316	0.2668653130531311	0.2922050654888153	0.0	0.0	0.0	0.15856942534446716	0.0	0.0	0.0	0.0	0.0	0.0	0.0	0.0	0.0	0.31419554352760315	0.0	0.0	0.0	0.0	0.19338157773017883	0.21288718283176422	0.0	0.0	0.0	0.0	0.0	0.0	0.263291597366333	0.0	0.0	0.0	0.0	0.0	0.0	0.3415319323539734	0.2865277826786041	0.0	0.0	0.0	0.0	0.0	0.15736110508441925	0.0	0.0	0.0	0.0
0.0	0.1573488712310791	0.0	0.0	0.0	0.0	0.0	0.0	0.0	0.0	0.0	0.0	0.0	0.0	0.0	0.0	0.3564283847808838	0.2663593590259552	0.29231035709381104	0.0	0.0	0.0	0.15992675721645355	0.0	0.0	0.0	0.0	0.0	0.0	0.0	0.0	0.0	0.3133196532726288	0.0	0.0	0.0	0.0	0.19296760857105255	0.21316543221473694	0.0	0.0	0.0	0.0	0.0	0.0	0.26190313696861267	0.0	0.0	0.0	0.0	0.0	0.0	0.3414541482925415	0.28563883900642395	0.0	0.0	0.0	0.0	0.0	0.15762397646903992	0.0	0.0	0.0	0.0
0.0	0.15639923512935638	0.0	0.0	0.0	0.0	0.0	0.0	0.0	0.0	0.0	0.0	0.0	0.0	0.0	0.0	0.35801199078559875	0.2668745517730713	0.2918989956378937	0.0	0.0	0.0	0.15904203057289124	0.0	0.0	0.0	0.0	0.0	0.0	0.0	0.0	0.0	0.31386473774909973	0.0	0.0	0.0	0.0	0.19358600676059723	0.2135639488697052	0.0	0.0	0.0	0.0	0.0	0.0	0.2638162076473236	0.0	0.0	0.0	0.0	0.0	0.0	0.34172144532203674	0.286956787109375	0.0	0.0	0.0	0.0	0.0	0.15757539868354797	0.0	0.0	0.0	0.0
0.0	0.1570390909910202	0.0	0.0	0.0	0.0	0.0	0.0	0.0	0.0	0.0	0.0	0.0	0.0	0.0	0.0	0.3577834963798523	0.26815953850746155	0.29218071699142456	0.0	0.0	0.0	0.15844681859016418	0.0	0.0	0.0	0.0	0.0	0.0	0.0	0.0	0.0	0.3140360414981842	0.0	0.0	0.0	0.0	0.19328726828098297	0.21444739401340485	0.0	0.0	0.0	0.0	0.0	0.0	0.2654016613960266	0.0	0.0	0.0	0.0	0.0	0.0	0.343114972114563	0.2874391973018646	0.0	0.0	0.0	0.0	0.0	0.15841910243034363	0.0	0.0	0.0	0.0
0.0	0.15690645575523376	0.0	0.0	0.0	0.0	0.0	0.0	0.0	0.0	0.0	0.0	0.0	0.0	0.0	0.0	0.3582020699977875	0.26738807559013367	0.2921670377254486	0.0	0.0	0.0	0.15895013511180878	0.0	0.0	0.0	0.0	0.0	0.0	0.0	0.0	0.0	0.314020574092865	0.0	0.0	0.0	0.0	0.19353313744068146	0.21382056176662445	0.0	0.0	0.0	0.0	0.0	0.0	0.2644560635089874	0.0	0.0	0.0	0.0	0.0	0.0	0.3424726724624634	0.28731632232666016	0.0	0.0	0.0	0.0	0.0	0.15818171203136444	0.0	0.0	0.0	0.0
0.0	0.15677714347839355	0.0	0.0	0.0	0.0	0.0	0.0	0.0	0.0	0.0	0.0	0.0	0.0	0.0	0.0	0.35688069462776184	0.26837849617004395	0.2909008264541626	0.0	0.0	0.0	0.1579287201166153	0.0	0.0	0.0	0.0	0.0	0.0	0.0	0.0	0.0	0.31315967440605164	0.0	0.0	0.0	0.0	0.1937222182750702	0.21403652429580688	0.0	0.0	0.0	0.0	0.0	0.0	0.2648128867149353	0.0	0.0	0.0	0.0	0.0	0.0	0.3420758545398712	0.2878984212875366	0.0	0.0	0.0	0.0	0.0	0.1574612706899643	0.0	0.0	0.0	0.0
0.0	0.15664920210838318	0.0	0.0	0.0	0.0	0.0	0.0	0.0	0.0	0.0	0.0	0.0	0.0	0.0	0.0	0.35743653774261475	0.2671584188938141	0.2920830547809601	0.0	0.0	0.0	0.15855127573013306	0.0	0.0	0.0	0.0	0.0	0.0	0.0	0.0	0.0	0.31362205743789673	0.0	0.0	0.0	0.0	0.19314807653427124	0.21304455399513245	0.0	0.0	0.0	0.0	0.0	0.0	0.2637052834033966	0.0	0.0	0.0	0.0	0.0	0.0	0.34177523851394653	0.2864038348197937	0.0	0.0	0.0	0.0	0.0	0.15667161345481873	0.0	0.0	0.0	0.0
0.0	0.1572827696800232	0.0	0.0	0.0	0.0	0.0	0.0	0.0	0.0	0.0	0.0	0.0	0.0	0.0	0.0	0.3570490777492523	0.26700952649116516	0.2912018299102783	0.0	0.0	0.0	0.1587485671043396	0.0	0.0	0.0	0.0	0.0	0.0	0.0	0.0	0.0	0.3137282133102417	0.0	0.0	0.0	0.0	0.19290047883987427	0.21358723938465118	0.0	0.0	0.0	0.0	0.0	0.0	0.26414573192596436	0.0	0.0	0.0	0.0	0.0	0.0	0.3417399823665619	0.2869304120540619	0.0	0.0	0.0	0.0	0.0	0.1565425544977188	0.0	0.0	0.0	0.0
0.0	0.15716493129730225	0.0	0.0	0.0	0.0	0.0	0.0	0.0	0.0	0.0	0.0	0.0	0.0	0.0	0.0	0.35747724771499634	0.26717543601989746	0.2914225459098816	0.0	0.0	0.0	0.15835270285606384	0.0	0.0	0.0	0.0	0.0	0.0	0.0	0.0	0.0	0.3130309581756592	0.0	0.0	0.0	0.0	0.19353562593460083	0.21342355012893677	0.0	0.0	0.0	0.0	0.0	0.0	0.2647934854030609	0.0	0.0	0.0	0.0	0.0	0.0	0.3426183760166168	0.2863243520259857	0.0	0.0	0.0	0.0	0.0	0.15746544301509857	0.0	0.0	0.0	0.0
0.0	0.15774089097976685	0.0	0.0	0.0	0.0	0.0	0.0	0.0	0.0	0.0	0.0	0.0	0.0	0.0	0.0	0.35749557614326477	0.2666805684566498	0.29128506779670715	0.0	0.0	0.0	0.15774723887443542	0.0	0.0	0.0	0.0	0.0	0.0	0.0	0.0	0.0	0.3141365945339203	0.0	0.0	0.0	0.0	0.19324339926242828	0.21278662979602814	0.0	0.0	0.0	0.0	0.0	0.0	0.2642917037010193	0.0	0.0	0.0	0.0	0.0	0.0	0.3425444960594177	0.28691354393959045	0.0	0.0	0.0	0.0	0.0	0.15743204951286316	0.0	0.0	0.0	0.0
0.0	0.1583901196718216	0.0	0.0	0.0	0.0	0.0	0.0	0.0	0.0	0.0	0.0	0.0	0.0	0.0	0.0	0.35627779364585876	0.26756080985069275	0.29093533754348755	0.0	0.0	0.0	0.15775905549526215	0.0	0.0	0.0	0.0	0.0	0.0	0.0	0.0	0.0	0.31181207299232483	0.0	0.0	0.0	0.0	0.19332389533519745	0.21310772001743317	0.0	0.0	0.0	0.0	0.0	0.0	0.2633606195449829	0.0	0.0	0.0	0.0	0.0	0.0	0.34293508529663086	0.28510212898254395	0.0	0.0	0.0	0.0	0.0	0.1566893309354782	0.0	0.0	0.0	0.0
0.0	0.15698710083961487	0.0	0.0	0.0	0.0	0.0	0.0	0.0	0.0	0.0	0.0	0.0	0.0	0.0	0.0	0.3568504750728607	0.26633957028388977	0.290961891412735	0.0	0.0	0.0	0.15803806483745575	0.0	0.0	0.0	0.0	0.0	0.0	0.0	0.0	0.0	0.31368279457092285	0.0	0.0	0.0	0.0	0.19198329746723175	0.21342195570468903	0.0	0.0	0.0	0.0	0.0	0.0	0.2624385952949524	0.0	0.0	0.0	0.0	0.0	0.0	0.34179940819740295	0.2858216166496277	0.0	0.0	0.0	0.0	0.0	0.15576179325580597	0.0	0.0	0.0	0.0
0.0	0.157295361161232	0.0	0.0	0.0	0.0	0.0	0.0	0.0	0.0	0.0	0.0	0.0	0.0	0.0	0.0	0.3570866882801056	0.267279714345932	0.291763573884964	0.0	0.0	0.0	0.1583860218524933	0.0	0.0	0.0	0.0	0.0	0.0	0.0	0.0	0.0	0.3135276436805725	0.0	0.0	0.0	0.0	0.19371022284030914	0.2131231427192688	0.0	0.0	0.0	0.0	0.0	0.0	0.2642548084259033	0.0	0.0	0.0	0.0	0.0	0.0	0.3420940041542053	0.28676798939704895	0.0	0.0	0.0	0.0	0.0	0.1581365466117859	0.0	0.0	0.0	0.0
0.0	0.15707802772521973	0.0	0.0	0.0	0.0	0.0	0.0	0.0	0.0	0.0	0.0	0.0	0.0	0.0	0.0	0.3573455512523651	0.2671889364719391	0.29184675216674805	0.0	0.0	0.0	0.16033054888248444	0.0	0.0	0.0	0.0	0.0	0.0	0.0	0.0	0.0	0.31412386894226074	0.0	0.0	0.0	0.0	0.19346478581428528	0.21405726671218872	0.0	0.0	0.0	0.0	0.0	0.0	0.2636626660823822	0.0	0.0	0.0	0.0	0.0	0.0	0.34045180678367615	0.2869999408721924	0.0	0.0	0.0	0.0	0.0	0.1580331176519394	0.0	0.0	0.0	0.0
0.0	0.1586858034133911	0.0	0.0	0.0	0.0	0.0	0.0	0.0	0.0	0.0	0.0	0.0	0.0	0.0	0.0	0.35696449875831604	0.26746878027915955	0.2921144366264343	0.0	0.0	0.0	0.15827061235904694	0.0	0.0	0.0	0.0	0.0	0.0	0.0	0.0	0.0	0.313963383436203	0.0	0.0	0.0	0.0	0.19422774016857147	0.21348197758197784	0.0	0.0	0.0	0.0	0.0	0.0	0.2649771273136139	0.0	0.0	0.0	0.0	0.0	0.0	0.3427209258079529	0.2870931029319763	0.0	0.0	0.0	0.0	0.0	0.15768884122371674	0.0	0.0	0.0	0.0
0.0	0.15714268386363983	0.0	0.0	0.0	0.0	0.0	0.0	0.0	0.0	0.0	0.0	0.0	0.0	0.0	0.0	0.3574627637863159	0.26634830236434937	0.29209232330322266	0.0	0.0	0.0	0.15830765664577484	0.0	0.0	0.0	0.0	0.0	0.0	0.0	0.0	0.0	0.31384897232055664	0.0	0.0	0.0	0.0	0.19266441464424133	0.21377921104431152	0.0	0.0	0.0	0.0	0.0	0.0	0.2636215090751648	0.0	0.0	0.0	0.0	0.0	0.0	0.34116652607917786	0.28646162152290344	0.0	0.0	0.0	0.0	0.0	0.15808743238449097	0.0	0.0	0.0	0.0
0.0	0.15688049793243408	0.0	0.0	0.0	0.0	0.0	0.0	0.0	0.0	0.0	0.0	0.0	0.0	0.0	0.0	0.3566415309906006	0.2665700614452362	0.2908247113227844	0.0	0.0	0.0	0.15868496894836426	0.0	0.0	0.0	0.0	0.0	0.0	0.0	0.0	0.0	0.31386297941207886	0.0	0.0	0.0	0.0	0.19180601835250854	0.21308064460754395	0.0	0.0	0.0	0.0	0.0	0.0	0.2638377547264099	0.0	0.0	0.0	0.0	0.0	0.0	0.34066882729530334	0.2856173515319824	0.0	0.0	0.0	0.0	0.0	0.15579424798488617	0.0	0.0	0.0	0.0
0.0	0.15885305404663086	0.0	0.0	0.0	0.0	0.0	0.0	0.0	0.0	0.0	0.0	0.0	0.0	0.0	0.0	0.3579826056957245	0.2681090533733368	0.2938271164894104	0.0	0.0	0.0	0.1591060310602188	0.0	0.0	0.0	0.0	0.0	0.0	0.0	0.0	0.0	0.31420546770095825	0.0	0.0	0.0	0.0	0.19361522793769836	0.2142125517129898	0.0	0.0	0.0	0.0	0.0	0.0	0.26440349221229553	0.0	0.0	0.0	0.0	0.0	0.0	0.3422992527484894	0.2866918444633484	0.0	0.0	0.0	0.0	0.0	0.1583997756242752	0.0	0.0	0.0	0.0
0.0	0.15723375976085663	0.0	0.0	0.0	0.0	0.0	0.0	0.0	0.0	0.0	0.0	0.0	0.0	0.0	0.0	0.35680490732192993	0.26710760593414307	0.2920536398887634	0.0	0.0	0.0	0.1588929444551468	0.0	0.0	0.0	0.0	0.0	0.0	0.0	0.0	0.0	0.3126835227012634	0.0	0.0	0.0	0.0	0.19336912035942078	0.21315473318099976	0.0	0.0	0.0	0.0	0.0	0.0	0.26396629214286804	0.0	0.0	0.0	0.0	0.0	0.0	0.3423009514808655	0.28699934482574463	0.0	0.0	0.0	0.0	0.0	0.15759000182151794	0.0	0.0	0.0	0.0
0.0	0.1572989523410797	0.0	0.0	0.0	0.0	0.0	0.0	0.0	0.0	0.0	0.0	0.0	0.0	0.0	0.0	0.35656192898750305	0.26690709590911865	0.290976881980896	0.0	0.0	0.0	0.15812554955482483	0.0	0.0	0.0	0.0	0.0	0.0	0.0	0.0	0.0	0.3133258521556854	0.0	0.0	0.0	0.0	0.19301308691501617	0.21302680671215057	0.0	0.0	0.0	0.0	0.0	0.0	0.26281899213790894	0.0	0.0	0.0	0.0	0.0	0.0	0.3418499529361725	0.28598660230636597	0.0	0.0	0.0	0.0	0.0	0.15571165084838867	0.0	0.0	0.0	0.0
0.0	0.15782925486564636	0.0	0.0	0.0	0.0	0.0	0.0	0.0	0.0	0.0	0.0	0.0	0.0	0.0	0.0	0.35668349266052246	0.268324613571167	0.2927326261997223	0.0	0.0	0.0	0.1580900102853775	0.0	0.0	0.0	0.0	0.0	0.0	0.0	0.0	0.0	0.31428495049476624	0.0	0.0	0.0	0.0	0.19246821105480194	0.21419142186641693	0.0	0.0	0.0	0.0	0.0	0.0	0.26473158597946167	0.0	0.0	0.0	0.0	0.0	0.0	0.34205472469329834	0.28724801540374756	0.0	0.0	0.0	0.0	0.0	0.15745534002780914	0.0	0.0	0.0	0.0
0.0	0.15677304565906525	0.0	0.0	0.0	0.0	0.0	0.0	0.0	0.0	0.0	0.0	0.0	0.0	0.0	0.0	0.3567041754722595	0.2679980397224426	0.290887713432312	0.0	0.0	0.0	0.15734320878982544	0.0	0.0	0.0	0.0	0.0	0.0	0.0	0.0	0.0	0.3127007782459259	0.0	0.0	0.0	0.0	0.1930042803287506	0.21261590719223022	0.0	0.0	0.0	0.0	0.0	0.0	0.2631734311580658	0.0	0.0	0.0	0.0	0.0	0.0	0.34057682752609253	0.2861754596233368	0.0	0.0	0.0	0.0	0.0	0.15748636424541473	0.0	0.0	0.0	0.0
0.0	0.1578141450881958	0.0	0.0	0.0	0.0	0.0	0.0	0.0	0.0	0.0	0.0	0.0	0.0	0.0	0.0	0.35801342129707336	0.2677374482154846	0.2924235463142395	0.0	0.0	0.0	0.15891233086585999	0.0	0.0	0.0	0.0	0.0	0.0	0.0	0.0	0.0	0.3139505982398987	0.0	0.0	0.0	0.0	0.1935577690601349	0.21392326056957245	0.0	0.0	0.0	0.0	0.0	0.0	0.2647988498210907	0.0	0.0	0.0	0.0	0.0	0.0	0.34284836053848267	0.28773343563079834	0.0	0.0	0.0	0.0	0.0	0.15738704800605774	0.0	0.0	0.0	0.0
0.0	0.1571713536977768	0.0	0.0	0.0	0.0	0.0	0.0	0.0	0.0	0.0	0.0	0.0	0.0	0.0	0.0	0.3573070466518402	0.26698726415634155	0.2924388647079468	0.0	0.0	0.0	0.15801101922988892	0.0	0.0	0.0	0.0	0.0	0.0	0.0	0.0	0.0	0.3132297694683075	0.0	0.0	0.0	0.0	0.19373996555805206	0.2137882560491562	0.0	0.0	0.0	0.0	0.0	0.0	0.2648777961730957	0.0	0.0	0.0	0.0	0.0	0.0	0.34257662296295166	0.2868327796459198	0.0	0.0	0.0	0.0	0.0	0.1576671004295349	0.0	0.0	0.0	0.0
0.0	0.1572771668434143	0.0	0.0	0.0	0.0	0.0	0.0	0.0	0.0	0.0	0.0	0.0	0.0	0.0	0.0	0.35668686032295227	0.2672683894634247	0.29161128401756287	0.0	0.0	0.0	0.15865863859653473	0.0	0.0	0.0	0.0	0.0	0.0	0.0	0.0	0.0	0.31369414925575256	0.0	0.0	0.0	0.0	0.19273626804351807	0.2135225236415863	0.0	0.0	0.0	0.0	0.0	0.0	0.2641170918941498	0.0	0.0	0.0	0.0	0.0	0.0	0.34239768981933594	0.28672778606414795	0.0	0.0	0.0	0.0	0.0	0.1573304831981659	0.0	0.0	0.0	0.0
0.0	0.15764601528644562	0.0	0.0	0.0	0.0	0.0	0.0	0.0	0.0	0.0	0.0	0.0	0.0	0.0	0.0	0.35749614238739014	0.26727741956710815	0.29148274660110474	0.0	0.0	0.0	0.1586638242006302	0.0	0.0	0.0	0.0	0.0	0.0	0.0	0.0	0.0	0.3145816922187805	0.0	0.0	0.0	0.0	0.1942579746246338	0.21375833451747894	0.0	0.0	0.0	0.0	0.0	0.0	0.263594388961792	0.0	0.0	0.0	0.0	0.0	0.0	0.3425656855106354	0.28724536299705505	0.0	0.0	0.0	0.0	0.0	0.15782678127288818	0.0	0.0	0.0	0.0
0.0	0.15669092535972595	0.0	0.0	0.0	0.0	0.0	0.0	0.0	0.0	0.0	0.0	0.0	0.0	0.0	0.0	0.3570859134197235	0.26753637194633484	0.29148775339126587	0.0	0.0	0.0	0.1576240360736847	0.0	0.0	0.0	0.0	0.0	0.0	0.0	0.0	0.0	0.31383803486824036	0.0	0.0	0.0	0.0	0.19334900379180908	0.2132330685853958	0.0	0.0	0.0	0.0	0.0	0.0	0.26466089487075806	0.0	0.0	0.0	0.0	0.0	0.0	0.3420369029045105	0.28748413920402527	0.0	0.0	0.0	0.0	0.0	0.15710975229740143	0.0	0.0	0.0	0.0
0.0	0.15691685676574707	0.0	0.0	0.0	0.0	0.0	0.0	0.0	0.0	0.0	0.0	0.0	0.0	0.0	0.0	0.35826289653778076	0.2672833800315857	0.2917245626449585	0.0	0.0	0.0	0.15915533900260925	0.0	0.0	0.0	0.0	0.0	0.0	0.0	0.0	0.0	0.3137171268463135	0.0	0.0	0.0	0.0	0.19405992329120636	0.21417726576328278	0.0	0.0	0.0	0.0	0.0	0.0	0.26400503516197205	0.0	0.0	0.0	0.0	0.0	0.0	0.34328725934028625	0.28728991746902466	0.0	0.0	0.0	0.0	0.0	0.1567515879869461	0.0	0.0	0.0	0.0
0.0	0.15714704990386963	0.0	0.0	0.0	0.0	0.0	0.0	0.0	0.0	0.0	0.0	0.0	0.0	0.0	0.0	0.35735613107681274	0.26767697930336	0.2918078601360321	0.0	0.0	0.0	0.1576073169708252	0.0	0.0	0.0	0.0	0.0	0.0	0.0	0.0	0.0	0.31318002939224243	0.0	0.0	0.0	0.0	0.19333983957767487	0.2130608856678009	0.0	0.0	0.0	0.0	0.0	0.0	0.2630347013473511	0.0	0.0	0.0	0.0	0.0	0.0	0.34292587637901306	0.286769300699234	0.0	0.0	0.0	0.0	0.0	0.15742284059524536	0.0	0.0	0.0	0.0
0.0	0.15658098459243774	0.0	0.0	0.0	0.0	0.0	0.0	0.0	0.0	0.0	0.0	0.0	0.0	0.0	0.0	0.35587751865386963	0.26702526211738586	0.29107430577278137	0.0	0.0	0.0	0.157523974776268	0.0	0.0	0.0	0.0	0.0	0.0	0.0	0.0	0.0	0.31292739510536194	0.0	0.0	0.0	0.0	0.19338995218276978	0.21258299052715302	0.0	0.0	0.0	0.0	0.0	0.0	0.26454272866249084	0.0	0.0	0.0	0.0	0.0	0.0	0.341372549533844	0.2861481010913849	0.0	0.0	0.0	0.0	0.0	0.1565922349691391	0.0	0.0	0.0	0.0
0.0	0.1574990600347519	0.0	0.0	0.0	0.0	0.0	0.0	0.0	0.0	0.0	0.0	0.0	0.0	0.0	0.0	0.3568800687789917	0.26692596077919006	0.2931721806526184	0.0	0.0	0.0	0.15867461264133453	0.0	0.0	0.0	0.0	0.0	0.0	0.0	0.0	0.0	0.3138618767261505	0.0	0.0	0.0	0.0	0.19355855882167816	0.21434664726257324	0.0	0.0	0.0	0.0	0.0	0.0	0.26441702246665955	0.0	0.0	0.0	0.0	0.0	0.0	0.3425709903240204	0.28766435384750366	0.0	0.0	0.0	0.0	0.0	0.1572323888540268	0.0	0.0	0.0	0.0
0.0	0.15740516781806946	0.0	0.0	0.0	0.0	0.0	0.0	0.0	0.0	0.0	0.0	0.0	0.0	0.0	0.0	0.35772693157196045	0.26633915305137634	0.29117390513420105	0.0	0.0	0.0	0.15819980204105377	0.0	0.0	0.0	0.0	0.0	0.0	0.0	0.0	0.0	0.3135809004306793	0.0	0.0	0.0	0.0	0.19321925938129425	0.21310308575630188	0.0	0.0	0.0	0.0	0.0	0.0	0.26496487855911255	0.0	0.0	0.0	0.0	0.0	0.0	0.3424382507801056	0.28667327761650085	0.0	0.0	0.0	0.0	0.0	0.1576785296201706	0.0	0.0	0.0	0.0
0.0	0.1555301994085312	0.0	0.0	0.0	0.0	0.0	0.0	0.0	0.0	0.0	0.0	0.0	0.0	0.0	0.0	0.35730594396591187	0.2672297954559326	0.29216712713241577	0.0	0.0	0.0	0.15821899473667145	0.0	0.0	0.0	0.0	0.0	0.0	0.0	0.0	0.0	0.3133002519607544	0.0	0.0	0.0	0.0	0.1933230608701706	0.2133619636297226	0.0	0.0	0.0	0.0	0.0	0.0	0.26327067613601685	0.0	0.0	0.0	0.0	0.0	0.0	0.3413712680339813	0.2863755524158478	0.0	0.0	0.0	0.0	0.0	0.15778237581253052	0.0	0.0	0.0	0.0
0.0	0.1570904403924942	0.0	0.0	0.0	0.0	0.0	0.0	0.0	0.0	0.0	0.0	0.0	0.0	0.0	0.0	0.35540270805358887	0.2674383819103241	0.2905837297439575	0.0	0.0	0.0	0.15751174092292786	0.0	0.0	0.0	0.0	0.0	0.0	0.0	0.0	0.0	0.31285715103149414	0.0	0.0	0.0	0.0	0.1937822550535202	0.21219298243522644	0.0	0.0	0.0	0.0	0.0	0.0	0.26452022790908813	0.0	0.0	0.0	0.0	0.0	0.0	0.34108486771583557	0.2863454222679138	0.0	0.0	0.0	0.0	0.0	0.15699784457683563	0.0	0.0	0.0	0.0
0.0	0.15705475211143494	0.0	0.0	0.0	0.0	0.0	0.0	0.0	0.0	0.0	0.0	0.0	0.0	0.0	0.0	0.35722169280052185	0.2665758728981018	0.2920834720134735	0.0	0.0	0.0	0.15747646987438202	0.0	0.0	0.0	0.0	0.0	0.0	0.0	0.0	0.0	0.31361129879951477	0.0	0.0	0.0	0.0	0.19352293014526367	0.21382100880146027	0.0	0.0	0.0	0.0	0.0	0.0	0.26399117708206177	0.0	0.0	0.0	0.0	0.0	0.0	0.34220319986343384	0.28744709491729736	0.0	0.0	0.0	0.0	0.0	0.15785612165927887	0.0	0.0	0.0	0.0
0.0	0.15788771212100983	0.0	0.0	0.0	0.0	0.0	0.0	0.0	0.0	0.0	0.0	0.0	0.0	0.0	0.0	0.3567100465297699	0.2664911150932312	0.2910187542438507	0.0	0.0	0.0	0.1589316576719284	0.0	0.0	0.0	0.0	0.0	0.0	0.0	0.0	0.0	0.3145090639591217	0.0	0.0	0.0	0.0	0.19226808845996857	0.2137710303068161	0.0	0.0	0.0	0.0	0.0	0.0	0.26380544900894165	0.0	0.0	0.0	0.0	0.0	0.0	0.34142327308654785	0.2874390482902527	0.0	0.0	0.0	0.0	0.0	0.15687747299671173	0.0	0.0	0.0	0.0
0.0	0.15638986229896545	0.0	0.0	0.0	0.0	0.0	0.0	0.0	0.0	0.0	0.0	0.0	0.0	0.0	0.0	0.35694199800491333	0.26670128107070923	0.2913556396961212	0.0	0.0	0.0	0.15807612240314484	0.0	0.0	0.0	0.0	0.0	0.0	0.0	0.0	0.0	0.3125980794429779	0.0	0.0	0.0	0.0	0.19308984279632568	0.21262720227241516	0.0	0.0	0.0	0.0	0.0	0.0	0.26354020833969116	0.0	0.0	0.0	0.0	0.0	0.0	0.3421688377857208	0.284522145986557	0.0	0.0	0.0	0.0	0.0	0.15518702566623688	0.0	0.0	0.0	0.0
0.0	0.15599557757377625	0.0	0.0	0.0	0.0	0.0	0.0	0.0	0.0	0.0	0.0	0.0	0.0	0.0	0.0	0.356810063123703	0.26704299449920654	0.29269474744796753	0.0	0.0	0.0	0.1589428037405014	0.0	0.0	0.0	0.0	0.0	0.0	0.0	0.0	0.0	0.3135603666305542	0.0	0.0	0.0	0.0	0.1926557719707489	0.21412034332752228	0.0	0.0	0.0	0.0	0.0	0.0	0.2633821964263916	0.0	0.0	0.0	0.0	0.0	0.0	0.3430136442184448	0.28638285398483276	0.0	0.0	0.0	0.0	0.0	0.15801844000816345	0.0	0.0	0.0	0.0
0.0	0.15775854885578156	0.0	0.0	0.0	0.0	0.0	0.0	0.0	0.0	0.0	0.0	0.0	0.0	0.0	0.0	0.35728833079338074	0.26793184876441956	0.29169249534606934	0.0	0.0	0.0	0.15843574702739716	0.0	0.0	0.0	0.0	0.0	0.0	0.0	0.0	0.0	0.3142974078655243	0.0	0.0	0.0	0.0	0.19288639724254608	0.21351180970668793	0.0	0.0	0.0	0.0	0.0	0.0	0.26358747482299805	0.0	0.0	0.0	0.0	0.0	0.0	0.34205496311187744	0.2863386869430542	0.0	0.0	0.0	0.0	0.0	0.15699855983257294	0.0	0.0	0.0	0.0
0.0	0.15696777403354645	0.0	0.0	0.0	0.0	0.0	0.0	0.0	0.0	0.0	0.0	0.0	0.0	0.0	0.0	0.3568439483642578	0.26794829964637756	0.29161712527275085	0.0	0.0	0.0	0.15762585401535034	0.0	0.0	0.0	0.0	0.0	0.0	0.0	0.0	0.0	0.31400904059410095	0.0	0.0	0.0	0.0	0.19360734522342682	0.2125735580921173	0.0	0.0	0.0	0.0	0.0	0.0	0.2640279233455658	0.0	0.0	0.0	0.0	0.0	0.0	0.3416198492050171	0.28620314598083496	0.0	0.0	0.0	0.0	0.0	0.15676340460777283	0.0	0.0	0.0	0.0
0.0	0.15674935281276703	0.0	0.0	0.0	0.0	0.0	0.0	0.0	0.0	0.0	0.0	0.0	0.0	0.0	0.0	0.3577107787132263	0.2680289149284363	0.29124873876571655	0.0	0.0	0.0	0.15774239599704742	0.0	0.0	0.0	0.0	0.0	0.0	0.0	0.0	0.0	0.31499314308166504	0.0	0.0	0.0	0.0	0.1938493549823761	0.21327638626098633	0.0	0.0	0.0	0.0	0.0	0.0	0.26447969675064087	0.0	0.0	0.0	0.0	0.0	0.0	0.34242627024650574	0.28726449608802795	0.0	0.0	0.0	0.0	0.0	0.15827621519565582	0.0	0.0	0.0	0.0
0.0	0.15645793080329895	0.0	0.0	0.0	0.0	0.0	0.0	0.0	0.0	0.0	0.0	0.0	0.0	0.0	0.0	0.3566819131374359	0.26680147647857666	0.2911263406276703	0.0	0.0	0.0	0.15795831382274628	0.0	0.0	0.0	0.0	0.0	0.0	0.0	0.0	0.0	0.31438326835632324	0.0	0.0	0.0	0.0	0.19363655149936676	0.21294060349464417	0.0	0.0	0.0	0.0	0.0	0.0	0.2635103762149811	0.0	0.0	0.0	0.0	0.0	0.0	0.341629296541214	0.28657659888267517	0.0	0.0	0.0	0.0	0.0	0.1571875661611557	0.0	0.0	0.0	0.0
0.0	0.15743766725063324	0.0	0.0	0.0	0.0	0.0	0.0	0.0	0.0	0.0	0.0	0.0	0.0	0.0	0.0	0.3571145534515381	0.26666706800460815	0.2925150990486145	0.0	0.0	0.0	0.1577712446451187	0.0	0.0	0.0	0.0	0.0	0.0	0.0	0.0	0.0	0.3136752247810364	0.0	0.0	0.0	0.0	0.19352321326732635	0.21346385776996613	0.0	0.0	0.0	0.0	0.0	0.0	0.2639493942260742	0.0	0.0	0.0	0.0	0.0	0.0	0.34261128306388855	0.2871095836162567	0.0	0.0	0.0	0.0	0.0	0.15762688219547272	0.0	0.0	0.0	0.0
0.0	0.1573498249053955	0.0	0.0	0.0	0.0	0.0	0.0	0.0	0.0	0.0	0.0	0.0	0.0	0.0	0.0	0.35785290598869324	0.2673075199127197	0.29103749990463257	0.0	0.0	0.0	0.15785779058933258	0.0	0.0	0.0	0.0	0.0	0.0	0.0	0.0	0.0	0.3130643963813782	0.0	0.0	0.0	0.0	0.19373467564582825	0.2140320986509323	0.0	0.0	0.0	0.0	0.0	0.0	0.26369747519493103	0.0	0.0	0.0	0.0	0.0	0.0	0.3424638509750366	0.2867003083229065	0.0	0.0	0.0	0.0	0.0	0.15785157680511475	0.0	0.0	0.0	0.0
0.0	0.15747395157814026	0.0	0.0	0.0	0.0	0.0	0.0	0.0	0.0	0.0	0.0	0.0	0.0	0.0	0.0	0.3563511371612549	0.26770174503326416	0.2916589081287384	0.0	0.0	0.0	0.15837398171424866	0.0	0.0	0.0	0.0	0.0	0.0	0.0	0.0	0.0	0.31343066692352295	0.0	0.0	0.0	0.0	0.19316519796848297	0.21263542771339417	0.0	0.0	0.0	0.0	0.0	0.0	0.26313257217407227	0.0	0.0	0.0	0.0	0.0	0.0	0.3413647711277008	0.2868887186050415	0.0	0.0	0.0	0.0	0.0	0.1573219746351242	0.0	0.0	0.0	0.0
0.0	0.15775132179260254	0.0	0.0	0.0	0.0	0.0	0.0	0.0	0.0	0.0	0.0	0.0	0.0	0.0	0.0	0.3578777611255646	0.26693153381347656	0.2922264635562897	0.0	0.0	0.0	0.15831278264522552	0.0	0.0	0.0	0.0	0.0	0.0	0.0	0.0	0.0	0.314138799905777	0.0	0.0	0.0	0.0	0.19348713755607605	0.2130395472049713	0.0	0.0	0.0	0.0	0.0	0.0	0.2640458941459656	0.0	0.0	0.0	0.0	0.0	0.0	0.3413636386394501	0.28677549958229065	0.0	0.0	0.0	0.0	0.0	0.15676361322402954	0.0	0.0	0.0	0.0
0.0	0.15770794451236725	0.0	0.0	0.0	0.0	0.0	0.0	0.0	0.0	0.0	0.0	0.0	0.0	0.0	0.0	0.3576975166797638	0.267221599817276	0.2931183874607086	0.0	0.0	0.0	0.15750984847545624	0.0	0.0	0.0	0.0	0.0	0.0	0.0	0.0	0.0	0.3150138556957245	0.0	0.0	0.0	0.0	0.19399845600128174	0.213313028216362	0.0	0.0	0.0	0.0	0.0	0.0	0.26374486088752747	0.0	0.0	0.0	0.0	0.0	0.0	0.34248262643814087	0.28763410449028015	0.0	0.0	0.0	0.0	0.0	0.15865133702754974	0.0	0.0	0.0	0.0
0.0	0.15804345905780792	0.0	0.0	0.0	0.0	0.0	0.0	0.0	0.0	0.0	0.0	0.0	0.0	0.0	0.0	0.3579111099243164	0.2675483226776123	0.2910154163837433	0.0	0.0	0.0	0.15877768397331238	0.0	0.0	0.0	0.0	0.0	0.0	0.0	0.0	0.0	0.3138408064842224	0.0	0.0	0.0	0.0	0.19360195100307465	0.21211498975753784	0.0	0.0	0.0	0.0	0.0	0.0	0.26418420672416687	0.0	0.0	0.0	0.0	0.0	0.0	0.3425988256931305	0.28612250089645386	0.0	0.0	0.0	0.0	0.0	0.1574259102344513	0.0	0.0	0.0	0.0
0.0	0.15723319351673126	0.0	0.0	0.0	0.0	0.0	0.0	0.0	0.0	0.0	0.0	0.0	0.0	0.0	0.0	0.35716116428375244	0.26772814989089966	0.29167166352272034	0.0	0.0	0.0	0.15850436687469482	0.0	0.0	0.0	0.0	0.0	0.0	0.0	0.0	0.0	0.3140918016433716	0.0	0.0	0.0	0.0	0.1941433846950531	0.21390500664710999	0.0	0.0	0.0	0.0	0.0	0.0	0.26419705152511597	0.0	0.0	0.0	0.0	0.0	0.0	0.34243255853652954	0.28674113750457764	0.0	0.0	0.0	0.0	0.0	0.15875619649887085	0.0	0.0	0.0	0.0
0.0	0.15681329369544983	0.0	0.0	0.0	0.0	0.0	0.0	0.0	0.0	0.0	0.0	0.0	0.0	0.0	0.0	0.357302725315094	0.26764848828315735	0.2917904853820801	0.0	0.0	0.0	0.1589200645685196	0.0	0.0	0.0	0.0	0.0	0.0	0.0	0.0	0.0	0.3135887682437897	0.0	0.0	0.0	0.0	0.19255046546459198	0.21378499269485474	0.0	0.0	0.0	0.0	0.0	0.0	0.26453691720962524	0.0	0.0	0.0	0.0	0.0	0.0	0.3431490957736969	0.28743448853492737	0.0	0.0	0.0	0.0	0.0	0.1578039973974228	0.0	0.0	0.0	0.0
0.0	0.157278910279274	0.0	0.0	0.0	0.0	0.0	0.0	0.0	0.0	0.0	0.0	0.0	0.0	0.0	0.0	0.3573804795742035	0.26758065819740295	0.2915767431259155	0.0	0.0	0.0	0.15861375629901886	0.0	0.0	0.0	0.0	0.0	0.0	0.0	0.0	0.0	0.3147884011268616	0.0	0.0	0.0	0.0	0.1934797763824463	0.2139461785554886	0.0	0.0	0.0	0.0	0.0	0.0	0.26424288749694824	0.0	0.0	0.0	0.0	0.0	0.0	0.34269556403160095	0.2869354784488678	0.0	0.0	0.0	0.0	0.0	0.1582193672657013	0.0	0.0	0.0	0.0
0.0	0.15704157948493958	0.0	0.0	0.0	0.0	0.0	0.0	0.0	0.0	0.0	0.0	0.0	0.0	0.0	0.0	0.35819029808044434	0.26708918809890747	0.2919473648071289	0.0	0.0	0.0	0.15816083550453186	0.0	0.0	0.0	0.0	0.0	0.0	0.0	0.0	0.0	0.31419825553894043	0.0	0.0	0.0	0.0	0.19288642704486847	0.21403372287750244	0.0	0.0	0.0	0.0	0.0	0.0	0.26395371556282043	0.0	0.0	0.0	0.0	0.0	0.0	0.34273284673690796	0.2873426675796509	0.0	0.0	0.0	0.0	0.0	0.1571606695652008	0.0	0.0	0.0	0.0
0.0	0.15757916867733002	0.0	0.0	0.0	0.0	0.0	0.0	0.0	0.0	0.0	0.0	0.0	0.0	0.0	0.0	0.3571670949459076	0.2676461935043335	0.29142460227012634	0.0	0.0	0.0	0.1589941680431366	0.0	0.0	0.0	0.0	0.0	0.0	0.0	0.0	0.0	0.3134915232658386	0.0	0.0	0.0	0.0	0.1934049427509308	0.21358145773410797	0.0	0.0	0.0	0.0	0.0	0.0	0.2641260325908661	0.0	0.0	0.0	0.0	0.0	0.0	0.3417472243309021	0.287224143743515	0.0	0.0	0.0	0.0	0.0	0.15741746127605438	0.0	0.0	0.0	0.0
0.0	0.15721461176872253	0.0	0.0	0.0	0.0	0.0	0.0	0.0	0.0	0.0	0.0	0.0	0.0	0.0	0.0	0.35714682936668396	0.26782986521720886	0.2937011122703552	0.0	0.0	0.0	0.1573483645915985	0.0	0.0	0.0	0.0	0.0	0.0	0.0	0.0	0.0	0.3132433295249939	0.0	0.0	0.0	0.0	0.19281433522701263	0.21325214207172394	0.0	0.0	0.0	0.0	0.0	0.0	0.26347967982292175	0.0	0.0	0.0	0.0	0.0	0.0	0.34130364656448364	0.28654614090919495	0.0	0.0	0.0	0.0	0.0	0.15720178186893463	0.0	0.0	0.0	0.0
0.0	0.1571333110332489	0.0	0.0	0.0	0.0	0.0	0.0	0.0	0.0	0.0	0.0	0.0	0.0	0.0	0.0	0.356723815202713	0.26670387387275696	0.29245617985725403	0.0	0.0	0.0	0.15816402435302734	0.0	0.0	0.0	0.0	0.0	0.0	0.0	0.0	0.0	0.3139450252056122	0.0	0.0	0.0	0.0	0.1932833194732666	0.21356484293937683	0.0	0.0	0.0	0.0	0.0	0.0	0.26365259289741516	0.0	0.0	0.0	0.0	0.0	0.0	0.341215580701828	0.28638342022895813	0.0	0.0	0.0	0.0	0.0	0.15737392008304596	0.0	0.0	0.0	0.0
0.0	0.15711773931980133	0.0	0.0	0.0	0.0	0.0	0.0	0.0	0.0	0.0	0.0	0.0	0.0	0.0	0.0	0.35815203189849854	0.2668270170688629	0.292982816696167	0.0	0.0	0.0	0.15867622196674347	0.0	0.0	0.0	0.0	0.0	0.0	0.0	0.0	0.0	0.31479209661483765	0.0	0.0	0.0	0.0	0.19344700872898102	0.21401120722293854	0.0	0.0	0.0	0.0	0.0	0.0	0.2654043138027191	0.0	0.0	0.0	0.0	0.0	0.0	0.3422755002975464	0.2871871292591095	0.0	0.0	0.0	0.0	0.0	0.15861763060092926	0.0	0.0	0.0	0.0
0.0	0.15725339949131012	0.0	0.0	0.0	0.0	0.0	0.0	0.0	0.0	0.0	0.0	0.0	0.0	0.0	0.0	0.35754597187042236	0.2677493393421173	0.2915429472923279	0.0	0.0	0.0	0.15876756608486176	0.0	0.0	0.0	0.0	0.0	0.0	0.0	0.0	0.0	0.31408438086509705	0.0	0.0	0.0	0.0	0.1930161863565445	0.21362797915935516	0.0	0.0	0.0	0.0	0.0	0.0	0.2641158103942871	0.0	0.0	0.0	0.0	0.0	0.0	0.34210067987442017	0.2861042618751526	0.0	0.0	0.0	0.0	0.0	0.15737424790859222	0.0	0.0	0.0	0.0
0.0	0.15643174946308136	0.0	0.0	0.0	0.0	0.0	0.0	0.0	0.0	0.0	0.0	0.0	0.0	0.0	0.0	0.3572540879249573	0.2671124339103699	0.2932949364185333	0.0	0.0	0.0	0.15852850675582886	0.0	0.0	0.0	0.0	0.0	0.0	0.0	0.0	0.0	0.3131830096244812	0.0	0.0	0.0	0.0	0.19388902187347412	0.21400971710681915	0.0	0.0	0.0	0.0	0.0	0.0	0.26377221941947937	0.0	0.0	0.0	0.0	0.0	0.0	0.34325411915779114	0.2871992886066437	0.0	0.0	0.0	0.0	0.0	0.15751561522483826	0.0	0.0	0.0	0.0
0.0	0.15759405493736267	0.0	0.0	0.0	0.0	0.0	0.0	0.0	0.0	0.0	0.0	0.0	0.0	0.0	0.0	0.3577026128768921	0.2664188742637634	0.29216763377189636	0.0	0.0	0.0	0.158379927277565	0.0	0.0	0.0	0.0	0.0	0.0	0.0	0.0	0.0	0.313938170671463	0.0	0.0	0.0	0.0	0.1933307945728302	0.21357569098472595	0.0	0.0	0.0	0.0	0.0	0.0	0.26380079984664917	0.0	0.0	0.0	0.0	0.0	0.0	0.34213384985923767	0.2869717478752136	0.0	0.0	0.0	0.0	0.0	0.15742258727550507	0.0	0.0	0.0	0.0
0.0	0.1571795791387558	0.0	0.0	0.0	0.0	0.0	0.0	0.0	0.0	0.0	0.0	0.0	0.0	0.0	0.0	0.35665133595466614	0.2679068446159363	0.2921133041381836	0.0	0.0	0.0	0.15946869552135468	0.0	0.0	0.0	0.0	0.0	0.0	0.0	0.0	0.0	0.3141346275806427	0.0	0.0	0.0	0.0	0.19431257247924805	0.21349026262760162	0.0	0.0	0.0	0.0	0.0	0.0	0.26354220509529114	0.0	0.0	0.0	0.0	0.0	0.0	0.34195753931999207	0.2874126434326172	0.0	0.0	0.0	0.0	0.0	0.15841735899448395	0.0	0.0	0.0	0.0
0.0	0.15744155645370483	0.0	0.0	0.0	0.0	0.0	0.0	0.0	0.0	0.0	0.0	0.0	0.0	0.0	0.0	0.3572064936161041	0.26794734597206116	0.2906469404697418	0.0	0.0	0.0	0.15743374824523926	0.0	0.0	0.0	0.0	0.0	0.0	0.0	0.0	0.0	0.3139024078845978	0.0	0.0	0.0	0.0	0.19315293431282043	0.21305400133132935	0.0	0.0	0.0	0.0	0.0	0.0	0.2648298144340515	0.0	0.0	0.0	0.0	0.0	0.0	0.34112077951431274	0.28710004687309265	0.0	0.0	0.0	0.0	0.0	0.15782800316810608	0.0	0.0	0.0	0.0
0.0	0.15777388215065002	0.0	0.0	0.0	0.0	0.0	0.0	0.0	0.0	0.0	0.0	0.0	0.0	0.0	0.0	0.3565838932991028	0.26768192648887634	0.2911185026168823	0.0	0.0	0.0	0.15776461362838745	0.0	0.0	0.0	0.0	0.0	0.0	0.0	0.0	0.0	0.31465551257133484	0.0	0.0	0.0	0.0	0.19434480369091034	0.21279048919677734	0.0	0.0	0.0	0.0	0.0	0.0	0.26427650451660156	0.0	0.0	0.0	0.0	0.0	0.0	0.3419707417488098	0.28769174218177795	0.0	0.0	0.0	0.0	0.0	0.15771855413913727	0.0	0.0	0.0	0.0
0.0	0.15610863268375397	0.0	0.0	0.0	0.0	0.0	0.0	0.0	0.0	0.0	0.0	0.0	0.0	0.0	0.0	0.357120156288147	0.26774466037750244	0.2920597791671753	0.0	0.0	0.0	0.15837004780769348	0.0	0.0	0.0	0.0	0.0	0.0	0.0	0.0	0.0	0.3135737180709839	0.0	0.0	0.0	0.0	0.19153310358524323	0.21462227404117584	0.0	0.0	0.0	0.0	0.0	0.0	0.26370537281036377	0.0	0.0	0.0	0.0	0.0	0.0	0.3412589728832245	0.2868870198726654	0.0	0.0	0.0	0.0	0.0	0.1573120802640915	0.0	0.0	0.0	0.0
0.0	0.15733328461647034	0.0	0.0	0.0	0.0	0.0	0.0	0.0	0.0	0.0	0.0	0.0	0.0	0.0	0.0	0.35692334175109863	0.26754817366600037	0.2923294007778168	0.0	0.0	0.0	0.15906858444213867	0.0	0.0	0.0	0.0	0.0	0.0	0.0	0.0	0.0	0.314224511384964	0.0	0.0	0.0	0.0	0.19363048672676086	0.21368277072906494	0.0	0.0	0.0	0.0	0.0	0.0	0.26511818170547485	0.0	0.0	0.0	0.0	0.0	0.0	0.3419455587863922	0.28777772188186646	0.0	0.0	0.0	0.0	0.0	0.1579882949590683	0.0	0.0	0.0	0.0
0.0	0.15717409551143646	0.0	0.0	0.0	0.0	0.0	0.0	0.0	0.0	0.0	0.0	0.0	0.0	0.0	0.0	0.3577229082584381	0.2675575911998749	0.2921721339225769	0.0	0.0	0.0	0.15753470361232758	0.0	0.0	0.0	0.0	0.0	0.0	0.0	0.0	0.0	0.31417718529701233	0.0	0.0	0.0	0.0	0.192806214094162	0.21332676708698273	0.0	0.0	0.0	0.0	0.0	0.0	0.2642860412597656	0.0	0.0	0.0	0.0	0.0	0.0	0.3412197530269623	0.28690555691719055	0.0	0.0	0.0	0.0	0.0	0.1577857881784439	0.0	0.0	0.0	0.0
0.0	0.1556035280227661	0.0	0.0	0.0	0.0	0.0	0.0	0.0	0.0	0.0	0.0	0.0	0.0	0.0	0.0	0.35733771324157715	0.267888605594635	0.292421817779541	0.0	0.0	0.0	0.1587180346250534	0.0	0.0	0.0	0.0	0.0	0.0	0.0	0.0	0.0	0.313865602016449	0.0	0.0	0.0	0.0	0.19351784884929657	0.213838130235672	0.0	0.0	0.0	0.0	0.0	0.0	0.2639952600002289	0.0	0.0	0.0	0.0	0.0	0.0	0.3416145443916321	0.2869417369365692	0.0	0.0	0.0	0.0	0.0	0.15813583135604858	0.0	0.0	0.0	0.0
0.0	0.15704603493213654	0.0	0.0	0.0	0.0	0.0	0.0	0.0	0.0	0.0	0.0	0.0	0.0	0.0	0.0	0.3569541275501251	0.2664432227611542	0.2943364083766937	0.0	0.0	0.0	0.1596965342760086	0.0	0.0	0.0	0.0	0.0	0.0	0.0	0.0	0.0	0.313444048166275	0.0	0.0	0.0	0.0	0.19268059730529785	0.21238544583320618	0.0	0.0	0.0	0.0	0.0	0.0	0.26344412565231323	0.0	0.0	0.0	0.0	0.0	0.0	0.3415675163269043	0.285714328289032	0.0	0.0	0.0	0.0	0.0	0.1572820544242859	0.0	0.0	0.0	0.0
0.0	0.15753376483917236	0.0	0.0	0.0	0.0	0.0	0.0	0.0	0.0	0.0	0.0	0.0	0.0	0.0	0.0	0.35782307386398315	0.2680584490299225	0.29251232743263245	0.0	0.0	0.0	0.15777303278446198	0.0	0.0	0.0	0.0	0.0	0.0	0.0	0.0	0.0	0.31453749537467957	0.0	0.0	0.0	0.0	0.19281888008117676	0.2134135514497757	0.0	0.0	0.0	0.0	0.0	0.0	0.26473867893218994	0.0	0.0	0.0	0.0	0.0	0.0	0.3435884416103363	0.28708720207214355	0.0	0.0	0.0	0.0	0.0	0.1585371494293213	0.0	0.0	0.0	0.0
0.0	0.1578696072101593	0.0	0.0	0.0	0.0	0.0	0.0	0.0	0.0	0.0	0.0	0.0	0.0	0.0	0.0	0.35607707500457764	0.2671973705291748	0.29179438948631287	0.0	0.0	0.0	0.15917231142520905	0.0	0.0	0.0	0.0	0.0	0.0	0.0	0.0	0.0	0.31409117579460144	0.0	0.0	0.0	0.0	0.19330108165740967	0.2139122188091278	0.0	0.0	0.0	0.0	0.0	0.0	0.2633013427257538	0.0	0.0	0.0	0.0	0.0	0.0	0.3413885533809662	0.28617751598358154	0.0	0.0	0.0	0.0	0.0	0.1578453928232193	0.0	0.0	0.0	0.0
0.0	0.1581840068101883	0.0	0.0	0.0	0.0	0.0	0.0	0.0	0.0	0.0	0.0	0.0	0.0	0.0	0.0	0.3576042950153351	0.26924005150794983	0.29016977548599243	0.0	0.0	0.0	0.15751922130584717	0.0	0.0	0.0	0.0	0.0	0.0	0.0	0.0	0.0	0.3123903274536133	0.0	0.0	0.0	0.0	0.19324445724487305	0.21341310441493988	0.0	0.0	0.0	0.0	0.0	0.0	0.2636137306690216	0.0	0.0	0.0	0.0	0.0	0.0	0.34334269165992737	0.28573939204216003	0.0	0.0	0.0	0.0	0.0	0.15647083520889282	0.0	0.0	0.0	0.0
0.0	0.15632377564907074	0.0	0.0	0.0	0.0	0.0	0.0	0.0	0.0	0.0	0.0	0.0	0.0	0.0	0.0	0.35831212997436523	0.26720497012138367	0.2934550642967224	0.0	0.0	0.0	0.15851938724517822	0.0	0.0	0.0	0.0	0.0	0.0	0.0	0.0	0.0	0.3139488697052002	0.0	0.0	0.0	0.0	0.19249887764453888	0.2136189043521881	0.0	0.0	0.0	0.0	0.0	0.0	0.26439979672431946	0.0	0.0	0.0	0.0	0.0	0.0	0.3423045873641968	0.2864808142185211	0.0	0.0	0.0	0.0	0.0	0.15795618295669556	0.0	0.0	0.0	0.0
0.0	0.1565994769334793	0.0	0.0	0.0	0.0	0.0	0.0	0.0	0.0	0.0	0.0	0.0	0.0	0.0	0.0	0.35775014758110046	0.2678985893726349	0.2923460304737091	0.0	0.0	0.0	0.1577226221561432	0.0	0.0	0.0	0.0	0.0	0.0	0.0	0.0	0.0	0.3132112920284271	0.0	0.0	0.0	0.0	0.19384275376796722	0.21341221034526825	0.0	0.0	0.0	0.0	0.0	0.0	0.26383182406425476	0.0	0.0	0.0	0.0	0.0	0.0	0.3411807119846344	0.2876206338405609	0.0	0.0	0.0	0.0	0.0	0.15709984302520752	0.0	0.0	0.0	0.0
0.0	0.15715160965919495	0.0	0.0	0.0	0.0	0.0	0.0	0.0	0.0	0.0	0.0	0.0	0.0	0.0	0.0	0.3578880727291107	0.26675739884376526	0.2927660048007965	0.0	0.0	0.0	0.15862244367599487	0.0	0.0	0.0	0.0	0.0	0.0	0.0	0.0	0.0	0.313924103975296	0.0	0.0	0.0	0.0	0.19288179278373718	0.21375271677970886	0.0	0.0	0.0	0.0	0.0	0.0	0.26463934779167175	0.0	0.0	0.0	0.0	0.0	0.0	0.3419363498687744	0.2870989143848419	0.0	0.0	0.0	0.0	0.0	0.156651571393013	0.0	0.0	0.0	0.0
0.0	0.1574300229549408	0.0	0.0	0.0	0.0	0.0	0.0	0.0	0.0	0.0	0.0	0.0	0.0	0.0	0.0	0.35751017928123474	0.26693060994148254	0.29072779417037964	0.0	0.0	0.0	0.15884095430374146	0.0	0.0	0.0	0.0	0.0	0.0	0.0	0.0	0.0	0.3141581118106842	0.0	0.0	0.0	0.0	0.19429868459701538	0.21428364515304565	0.0	0.0	0.0	0.0	0.0	0.0	0.2639944851398468	0.0	0.0	0.0	0.0	0.0	0.0	0.3415667414665222	0.28716444969177246	0.0	0.0	0.0	0.0	0.0	0.15679432451725006	0.0	0.0	0.0	0.0
0.0	0.15772607922554016	0.0	0.0	0.0	0.0	0.0	0.0	0.0	0.0	0.0	0.0	0.0	0.0	0.0	0.0	0.3584209978580475	0.26842159032821655	0.29185107350349426	0.0	0.0	0.0	0.15844005346298218	0.0	0.0	0.0	0.0	0.0	0.0	0.0	0.0	0.0	0.31321197748184204	0.0	0.0	0.0	0.0	0.19378314912319183	0.21372711658477783	0.0	0.0	0.0	0.0	0.0	0.0	0.2639313042163849	0.0	0.0	0.0	0.0	0.0	0.0	0.34292858839035034	0.2866947054862976	0.0	0.0	0.0	0.0	0.0	0.15729306638240814	0.0	0.0	0.0	0.0
0.0	0.15756292641162872	0.0	0.0	0.0	0.0	0.0	0.0	0.0	0.0	0.0	0.0	0.0	0.0	0.0	0.0	0.3565365672111511	0.26771441102027893	0.2914949059486389	0.0	0.0	0.0	0.15791673958301544	0.0	0.0	0.0	0.0	0.0	0.0	0.0	0.0	0.0	0.3136385977268219	0.0	0.0	0.0	0.0	0.19311471283435822	0.21300862729549408	0.0	0.0	0.0	0.0	0.0	0.0	0.2644122838973999	0.0	0.0	0.0	0.0	0.0	0.0	0.3423479199409485	0.2877407670021057	0.0	0.0	0.0	0.0	0.0	0.15795870125293732	0.0	0.0	0.0	0.0
0.0	0.15724433958530426	0.0	0.0	0.0	0.0	0.0	0.0	0.0	0.0	0.0	0.0	0.0	0.0	0.0	0.0	0.3569418489933014	0.26755669713020325	0.2918079197406769	0.0	0.0	0.0	0.15876996517181396	0.0	0.0	0.0	0.0	0.0	0.0	0.0	0.0	0.0	0.3129231035709381	0.0	0.0	0.0	0.0	0.19312778115272522	0.21417872607707977	0.0	0.0	0.0	0.0	0.0	0.0	0.26437994837760925	0.0	0.0	0.0	0.0	0.0	0.0	0.342868834733963	0.28713294863700867	0.0	0.0	0.0	0.0	0.0	0.15744198858737946	0.0	0.0	0.0	0.0
0.0	0.1584721803665161	0.0	0.0	0.0	0.0	0.0	0.0	0.0	0.0	0.0	0.0	0.0	0.0	0.0	0.0	0.3572707772254944	0.2671753466129303	0.2898213565349579	0.0	0.0	0.0	0.15872310101985931	0.0	0.0	0.0	0.0	0.0	0.0	0.0	0.0	0.0	0.313147634267807	0.0	0.0	0.0	0.0	0.19348593056201935	0.21260984241962433	0.0	0.0	0.0	0.0	0.0	0.0	0.2632906436920166	0.0	0.0	0.0	0.0	0.0	0.0	0.341899037361145	0.2859509289264679	0.0	0.0	0.0	0.0	0.0	0.15662430226802826	0.0	0.0	0.0	0.0
0.0	0.15656322240829468	0.0	0.0	0.0	0.0	0.0	0.0	0.0	0.0	0.0	0.0	0.0	0.0	0.0	0.0	0.35668426752090454	0.2671206295490265	0.29184284806251526	0.0	0.0	0.0	0.15891167521476746	0.0	0.0	0.0	0.0	0.0	0.0	0.0	0.0	0.0	0.31380075216293335	0.0	0.0	0.0	0.0	0.19329869747161865	0.2135598212480545	0.0	0.0	0.0	0.0	0.0	0.0	0.264551043510437	0.0	0.0	0.0	0.0	0.0	0.0	0.3417976498603821	0.2872413992881775	0.0	0.0	0.0	0.0	0.0	0.15726810693740845	0.0	0.0	0.0	0.0
0.0	0.15688911080360413	0.0	0.0	0.0	0.0	0.0	0.0	0.0	0.0	0.0	0.0	0.0	0.0	0.0	0.0	0.35752788186073303	0.2676229476928711	0.2913427948951721	0.0	0.0	0.0	0.1574966311454773	0.0	0.0	0.0	0.0	0.0	0.0	0.0	0.0	0.0	0.3137419819831848	0.0	0.0	0.0	0.0	0.1942954957485199	0.21318303048610687	0.0	0.0	0.0	0.0	0.0	0.0	0.26388657093048096	0.0	0.0	0.0	0.0	0.0	0.0	0.3418712317943573	0.2876950204372406	0.0	0.0	0.0	0.0	0.0	0.1568692922592163	0.0	0.0	0.0	0.0
0.0	0.15704460442066193	0.0	0.0	0.0	0.0	0.0	0.0	0.0	0.0	0.0	0.0	0.0	0.0	0.0	0.0	0.356516033411026	0.26746273040771484	0.293076753616333	0.0	0.0	0.0	0.1584935486316681	0.0	0.0	0.0	0.0	0.0	0.0	0.0	0.0	0.0	0.31312310695648193	0.0	0.0	0.0	0.0	0.193426251411438	0.2141219675540924	0.0	0.0	0.0	0.0	0.0	0.0	0.26485443115234375	0.0	0.0	0.0	0.0	0.0	0.0	0.34264081716537476	0.2878973186016083	0.0	0.0	0.0	0.0	0.0	0.15775427222251892	0.0	0.0	0.0	0.0
0.0	0.15737871825695038	0.0	0.0	0.0	0.0	0.0	0.0	0.0	0.0	0.0	0.0	0.0	0.0	0.0	0.0	0.35641252994537354	0.26674145460128784	0.28908804059028625	0.0	0.0	0.0	0.1590109020471573	0.0	0.0	0.0	0.0	0.0	0.0	0.0	0.0	0.0	0.31115204095840454	0.0	0.0	0.0	0.0	0.19328205287456512	0.2114792913198471	0.0	0.0	0.0	0.0	0.0	0.0	0.26210182905197144	0.0	0.0	0.0	0.0	0.0	0.0	0.3425731062889099	0.2835799753665924	0.0	0.0	0.0	0.0	0.0	0.1529383361339569	0.0	0.0	0.0	0.0
0.0	0.15676933526992798	0.0	0.0	0.0	0.0	0.0	0.0	0.0	0.0	0.0	0.0	0.0	0.0	0.0	0.0	0.35663560032844543	0.2655532956123352	0.2918143570423126	0.0	0.0	0.0	0.15870532393455505	0.0	0.0	0.0	0.0	0.0	0.0	0.0	0.0	0.0	0.3140752911567688	0.0	0.0	0.0	0.0	0.19368784129619598	0.21334688365459442	0.0	0.0	0.0	0.0	0.0	0.0	0.262426495552063	0.0	0.0	0.0	0.0	0.0	0.0	0.3410247266292572	0.28557223081588745	0.0	0.0	0.0	0.0	0.0	0.1578100323677063	0.0	0.0	0.0	0.0
0.0	0.15821120142936707	0.0	0.0	0.0	0.0	0.0	0.0	0.0	0.0	0.0	0.0	0.0	0.0	0.0	0.0	0.35635045170783997	0.267878919839859	0.29279398918151855	0.0	0.0	0.0	0.15855379402637482	0.0	0.0	0.0	0.0	0.0	0.0	0.0	0.0	0.0	0.31105920672416687	0.0	0.0	0.0	0.0	0.19291333854198456	0.21235747635364532	0.0	0.0	0.0	0.0	0.0	0.0	0.26316261291503906	0.0	0.0	0.0	0.0	0.0	0.0	0.34204497933387756	0.28525933623313904	0.0	0.0	0.0	0.0	0.0	0.15454038977622986	0.0	0.0	0.0	0.0
0.0	0.15758748352527618	0.0	0.0	0.0	0.0	0.0	0.0	0.0	0.0	0.0	0.0	0.0	0.0	0.0	0.0	0.357678085565567	0.2667304277420044	0.2924262285232544	0.0	0.0	0.0	0.15873406827449799	0.0	0.0	0.0	0.0	0.0	0.0	0.0	0.0	0.0	0.31375083327293396	0.0	0.0	0.0	0.0	0.19402487576007843	0.21279692649841309	0.0	0.0	0.0	0.0	0.0	0.0	0.2632918059825897	0.0	0.0	0.0	0.0	0.0	0.0	0.3418380320072174	0.2875593304634094	0.0	0.0	0.0	0.0	0.0	0.1577303260564804	0.0	0.0	0.0	0.0
0.0	0.1578417718410492	0.0	0.0	0.0	0.0	0.0	0.0	0.0	0.0	0.0	0.0	0.0	0.0	0.0	0.0	0.3579356074333191	0.2687004506587982	0.29251721501350403	0.0	0.0	0.0	0.15980184078216553	0.0	0.0	0.0	0.0	0.0	0.0	0.0	0.0	0.0	0.3141842484474182	0.0	0.0	0.0	0.0	0.19344252347946167	0.2135104537010193	0.0	0.0	0.0	0.0	0.0	0.0	0.2639307975769043	0.0	0.0	0.0	0.0	0.0	0.0	0.3429207503795624	0.2871133089065552	0.0	0.0	0.0	0.0	0.0	0.15797275304794312	0.0	0.0	0.0	0.0
0.0	0.15780088305473328	0.0	0.0	0.0	0.0	0.0	0.0	0.0	0.0	0.0	0.0	0.0	0.0	0.0	0.0	0.35775527358055115	0.26723459362983704	0.29255592823028564	0.0	0.0	0.0	0.15811318159103394	0.0	0.0	0.0	0.0	0.0	0.0	0.0	0.0	0.0	0.31456729769706726	0.0	0.0	0.0	0.0	0.1937888115644455	0.213987335562706	0.0	0.0	0.0	0.0	0.0	0.0	0.2647159695625305	0.0	0.0	0.0	0.0	0.0	0.0	0.3429928719997406	0.28680405020713806	0.0	0.0	0.0	0.0	0.0	0.15842418372631073	0.0	0.0	0.0	0.0
0.0	0.15716761350631714	0.0	0.0	0.0	0.0	0.0	0.0	0.0	0.0	0.0	0.0	0.0	0.0	0.0	0.0	0.35750025510787964	0.2670868933200836	0.2926124632358551	0.0	0.0	0.0	0.15737220644950867	0.0	0.0	0.0	0.0	0.0	0.0	0.0	0.0	0.0	0.31388238072395325	0.0	0.0	0.0	0.0	0.19329874217510223	0.21365578472614288	0.0	0.0	0.0	0.0	0.0	0.0	0.2643962502479553	0.0	0.0	0.0	0.0	0.0	0.0	0.34299805760383606	0.2865738272666931	0.0	0.0	0.0	0.0	0.0	0.1587376743555069	0.0	0.0	0.0	0.0
0.0	0.15679922699928284	0.0	0.0	0.0	0.0	0.0	0.0	0.0	0.0	0.0	0.0	0.0	0.0	0.0	0.0	0.35696277022361755	0.2671651244163513	0.29172536730766296	0.0	0.0	0.0	0.15811355412006378	0.0	0.0	0.0	0.0	0.0	0.0	0.0	0.0	0.0	0.31382104754447937	0.0	0.0	0.0	0.0	0.19317130744457245	0.21374917030334473	0.0	0.0	0.0	0.0	0.0	0.0	0.26451778411865234	0.0	0.0	0.0	0.0	0.0	0.0	0.3413207232952118	0.2866467535495758	0.0	0.0	0.0	0.0	0.0	0.1571153700351715	0.0	0.0	0.0	0.0
0.0	0.1570749580860138	0.0	0.0	0.0	0.0	0.0	0.0	0.0	0.0	0.0	0.0	0.0	0.0	0.0	0.0	0.3577823340892792	0.2672407329082489	0.2920593321323395	0.0	0.0	0.0	0.15852274000644684	0.0	0.0	0.0	0.0	0.0	0.0	0.0	0.0	0.0	0.31469637155532837	0.0	0.0	0.0	0.0	0.19273361563682556	0.2143658995628357	0.0	0.0	0.0	0.0	0.0	0.0	0.26295006275177	0.0	0.0	0.0	0.0	0.0	0.0	0.34187451004981995	0.28763848543167114	0.0	0.0	0.0	0.0	0.0	0.1563103348016739	0.0	0.0	0.0	0.0
0.0	0.15700381994247437	0.0	0.0	0.0	0.0	0.0	0.0	0.0	0.0	0.0	0.0	0.0	0.0	0.0	0.0	0.3576139509677887	0.2672519087791443	0.29157304763793945	0.0	0.0	0.0	0.15803711116313934	0.0	0.0	0.0	0.0	0.0	0.0	0.0	0.0	0.0	0.3143998682498932	0.0	0.0	0.0	0.0	0.19367876648902893	0.21359510719776154	0.0	0.0	0.0	0.0	0.0	0.0	0.26408934593200684	0.0	0.0	0.0	0.0	0.0	0.0	0.3417016565799713	0.28732913732528687	0.0	0.0	0.0	0.0	0.0	0.1575428992509842	0.0	0.0	0.0	0.0
0.0	0.15677976608276367	0.0	0.0	0.0	0.0	0.0	0.0	0.0	0.0	0.0	0.0	0.0	0.0	0.0	0.0	0.35727763175964355	0.2674005627632141	0.2936570346355438	0.0	0.0	0.0	0.15840047597885132	0.0	0.0	0.0	0.0	0.0	0.0	0.0	0.0	0.0	0.3135908544063568	0.0	0.0	0.0	0.0	0.19316643476486206	0.21370527148246765	0.0	0.0	0.0	0.0	0.0	0.0	0.26422780752182007	0.0	0.0	0.0	0.0	0.0	0.0	0.3413527309894562	0.28689485788345337	0.0	0.0	0.0	0.0	0.0	0.15781889855861664	0.0	0.0	0.0	0.0
0.0	0.15639518201351166	0.0	0.0	0.0	0.0	0.0	0.0	0.0	0.0	0.0	0.0	0.0	0.0	0.0	0.0	0.35744190216064453	0.26598289608955383	0.2922186553478241	0.0	0.0	0.0	0.15801846981048584	0.0	0.0	0.0	0.0	0.0	0.0	0.0	0.0	0.0	0.3137719929218292	0.0	0.0	0.0	0.0	0.19153743982315063	0.21356816589832306	0.0	0.0	0.0	0.0	0.0	0.0	0.2621725797653198	0.0	0.0	0.0	0.0	0.0	0.0	0.34121426939964294	0.28573545813560486	0.0	0.0	0.0	0.0	0.0	0.1561204046010971	0.0	0.0	0.0	0.0
0.0	0.15843844413757324	0.0	0.0	0.0	0.0	0.0	0.0	0.0	0.0	0.0	0.0	0.0	0.0	0.0	0.0	0.3581628203392029	0.2670993208885193	0.29274633526802063	0.0	0.0	0.0	0.15821197628974915	0.0	0.0	0.0	0.0	0.0	0.0	0.0	0.0	0.0	0.31546127796173096	0.0	0.0	0.0	0.0	0.19337983429431915	0.21298618614673615	0.0	0.0	0.0	0.0	0.0	0.0	0.2653166651725769	0.0	0.0	0.0	0.0	0.0	0.0	0.3434297740459442	0.289328932762146	0.0	0.0	0.0	0.0	0.0	0.1579626202583313	0.0	0.0	0.0	0.0
0.0	0.15665972232818604	0.0	0.0	0.0	0.0	0.0	0.0	0.0	0.0	0.0	0.0	0.0	0.0	0.0	0.0	0.3571229875087738	0.2674892544746399	0.29159873723983765	0.0	0.0	0.0	0.15886704623699188	0.0	0.0	0.0	0.0	0.0	0.0	0.0	0.0	0.0	0.3137452304363251	0.0	0.0	0.0	0.0	0.19332408905029297	0.2133331447839737	0.0	0.0	0.0	0.0	0.0	0.0	0.26427629590034485	0.0	0.0	0.0	0.0	0.0	0.0	0.34250330924987793	0.2871209979057312	0.0	0.0	0.0	0.0	0.0	0.15740714967250824	0.0	0.0	0.0	0.0
0.0	0.1566290557384491	0.0	0.0	0.0	0.0	0.0	0.0	0.0	0.0	0.0	0.0	0.0	0.0	0.0	0.0	0.35648319125175476	0.2666792571544647	0.29251983761787415	0.0	0.0	0.0	0.15798251330852509	0.0	0.0	0.0	0.0	0.0	0.0	0.0	0.0	0.0	0.31373852491378784	0.0	0.0	0.0	0.0	0.19289563596248627	0.21394705772399902	0.0	0.0	0.0	0.0	0.0	0.0	0.2638358771800995	0.0	0.0	0.0	0.0	0.0	0.0	0.34193289279937744	0.2868436872959137	0.0	0.0	0.0	0.0	0.0	0.15759706497192383	0.0	0.0	0.0	0.0
0.0	0.1574399322271347	0.0	0.0	0.0	0.0	0.0	0.0	0.0	0.0	0.0	0.0	0.0	0.0	0.0	0.0	0.35809382796287537	0.2665185332298279	0.2926853597164154	0.0	0.0	0.0	0.1584918349981308	0.0	0.0	0.0	0.0	0.0	0.0	0.0	0.0	0.0	0.3137394189834595	0.0	0.0	0.0	0.0	0.19330869615077972	0.213421031832695	0.0	0.0	0.0	0.0	0.0	0.0	0.2636493742465973	0.0	0.0	0.0	0.0	0.0	0.0	0.3424547612667084	0.2867145240306854	0.0	0.0	0.0	0.0	0.0	0.15772254765033722	0.0	0.0	0.0	0.0
0.0	0.15754570066928864	0.0	0.0	0.0	0.0	0.0	0.0	0.0	0.0	0.0	0.0	0.0	0.0	0.0	0.0	0.3554498255252838	0.26682212948799133	0.290032297372818	0.0	0.0	0.0	0.15778209269046783	0.0	0.0	0.0	0.0	0.0	0.0	0.0	0.0	0.0	0.3121873438358307	0.0	0.0	0.0	0.0	0.19290322065353394	0.21285568177700043	0.0	0.0	0.0	0.0	0.0	0.0	0.2625029981136322	0.0	0.0	0.0	0.0	0.0	0.0	0.3409494459629059	0.2872667610645294	0.0	0.0	0.0	0.0	0.0	0.1570049524307251	0.0	0.0	0.0	0.0
0.0	0.15713715553283691	0.0	0.0	0.0	0.0	0.0	0.0	0.0	0.0	0.0	0.0	0.0	0.0	0.0	0.0	0.3558548092842102	0.2668670117855072	0.2897343635559082	0.0	0.0	0.0	0.15837150812149048	0.0	0.0	0.0	0.0	0.0	0.0	0.0	0.0	0.0	0.31279096007347107	0.0	0.0	0.0	0.0	0.19441913068294525	0.2125619351863861	0.0	0.0	0.0	0.0	0.0	0.0	0.2636764943599701	0.0	0.0	0.0	0.0	0.0	0.0	0.34227731823921204	0.2865277826786041	0.0	0.0	0.0	0.0	0.0	0.15669262409210205	0.0	0.0	0.0	0.0
0.0	0.157662495970726	0.0	0.0	0.0	0.0	0.0	0.0	0.0	0.0	0.0	0.0	0.0	0.0	0.0	0.0	0.35639697313308716	0.26765477657318115	0.2918517589569092	0.0	0.0	0.0	0.159007266163826	0.0	0.0	0.0	0.0	0.0	0.0	0.0	0.0	0.0	0.3142000436782837	0.0	0.0	0.0	0.0	0.19364583492279053	0.21408170461654663	0.0	0.0	0.0	0.0	0.0	0.0	0.2644086182117462	0.0	0.0	0.0	0.0	0.0	0.0	0.34215110540390015	0.2871880531311035	0.0	0.0	0.0	0.0	0.0	0.15774483978748322	0.0	0.0	0.0	0.0
0.0	0.15663109719753265	0.0	0.0	0.0	0.0	0.0	0.0	0.0	0.0	0.0	0.0	0.0	0.0	0.0	0.0	0.3577289879322052	0.268169641494751	0.29161491990089417	0.0	0.0	0.0	0.15791289508342743	0.0	0.0	0.0	0.0	0.0	0.0	0.0	0.0	0.0	0.3143177330493927	0.0	0.0	0.0	0.0	0.19388048350811005	0.21411259472370148	0.0	0.0	0.0	0.0	0.0	0.0	0.2652320861816406	0.0	0.0	0.0	0.0	0.0	0.0	0.3415352404117584	0.28693556785583496	0.0	0.0	0.0	0.0	0.0	0.1572161316871643	0.0	0.0	0.0	0.0
0.0	0.15805625915527344	0.0	0.0	0.0	0.0	0.0	0.0	0.0	0.0	0.0	0.0	0.0	0.0	0.0	0.0	0.3574608564376831	0.2677215337753296	0.29123440384864807	0.0	0.0	0.0	0.15828700363636017	0.0	0.0	0.0	0.0	0.0	0.0	0.0	0.0	0.0	0.3137838542461395	0.0	0.0	0.0	0.0	0.19335977733135223	0.2126205414533615	0.0	0.0	0.0	0.0	0.0	0.0	0.2634091377258301	0.0	0.0	0.0	0.0	0.0	0.0	0.34196949005126953	0.2862895429134369	0.0	0.0	0.0	0.0	0.0	0.15716701745986938	0.0	0.0	0.0	0.0
0.0	0.15695779025554657	0.0	0.0	0.0	0.0	0.0	0.0	0.0	0.0	0.0	0.0	0.0	0.0	0.0	0.0	0.35707831382751465	0.2676769495010376	0.2920149266719818	0.0	0.0	0.0	0.15872074663639069	0.0	0.0	0.0	0.0	0.0	0.0	0.0	0.0	0.0	0.31358861923217773	0.0	0.0	0.0	0.0	0.1938486397266388	0.21400676667690277	0.0	0.0	0.0	0.0	0.0	0.0	0.26408645510673523	0.0	0.0	0.0	0.0	0.0	0.0	0.34218496084213257	0.2861466109752655	0.0	0.0	0.0	0.0	0.0	0.15798938274383545	0.0	0.0	0.0	0.0
0.0	0.15687905251979828	0.0	0.0	0.0	0.0	0.0	0.0	0.0	0.0	0.0	0.0	0.0	0.0	0.0	0.0	0.3574974834918976	0.2674459218978882	0.29202553629875183	0.0	0.0	0.0	0.15882092714309692	0.0	0.0	0.0	0.0	0.0	0.0	0.0	0.0	0.0	0.31470566987991333	0.0	0.0	0.0	0.0	0.19327382743358612	0.2135123610496521	0.0	0.0	0.0	0.0	0.0	0.0	0.2647719085216522	0.0	0.0	0.0	0.0	0.0	0.0	0.34317734837532043	0.28716957569122314	0.0	0.0	0.0	0.0	0.0	0.15772023797035217	0.0	0.0	0.0	0.0
0.0	0.15620329976081848	0.0	0.0	0.0	0.0	0.0	0.0	0.0	0.0	0.0	0.0	0.0	0.0	0.0	0.0	0.35596901178359985	0.2670709490776062	0.2902546525001526	0.0	0.0	0.0	0.15618936717510223	0.0	0.0	0.0	0.0	0.0	0.0	0.0	0.0	0.0	0.3121727705001831	0.0	0.0	0.0	0.0	0.19299323856830597	0.21252629160881042	0.0	0.0	0.0	0.0	0.0	0.0	0.2630172669887543	0.0	0.0	0.0	0.0	0.0	0.0	0.3395668566226959	0.2855969965457916	0.0	0.0	0.0	0.0	0.0	0.15648262202739716	0.0	0.0	0.0	0.0
0.0	0.15726299583911896	0.0	0.0	0.0	0.0	0.0	0.0	0.0	0.0	0.0	0.0	0.0	0.0	0.0	0.0	0.35715678334236145	0.2672231197357178	0.29114407300949097	0.0	0.0	0.0	0.15738609433174133	0.0	0.0	0.0	0.0	0.0	0.0	0.0	0.0	0.0	0.3141058683395386	0.0	0.0	0.0	0.0	0.19276782870292664	0.2131759077310562	0.0	0.0	0.0	0.0	0.0	0.0	0.2649805545806885	0.0	0.0	0.0	0.0	0.0	0.0	0.34244808554649353	0.28682082891464233	0.0	0.0	0.0	0.0	0.0	0.15854743123054504	0.0	0.0	0.0	0.0
0.0	0.15781685709953308	0.0	0.0	0.0	0.0	0.0	0.0	0.0	0.0	0.0	0.0	0.0	0.0	0.0	0.0	0.35609325766563416	0.2687230706214905	0.29095327854156494	0.0	0.0	0.0	0.15791663527488708	0.0	0.0	0.0	0.0	0.0	0.0	0.0	0.0	0.0	0.3120032548904419	0.0	0.0	0.0	0.0	0.19383689761161804	0.21318663656711578	0.0	0.0	0.0	0.0	0.0	0.0	0.26272571086883545	0.0	0.0	0.0	0.0	0.0	0.0	0.3421541750431061	0.28638023138046265	0.0	0.0	0.0	0.0	0.0	0.1571148782968521	0.0	0.0	0.0	0.0
0.0	0.15726736187934875	0.0	0.0	0.0	0.0	0.0	0.0	0.0	0.0	0.0	0.0	0.0	0.0	0.0	0.0	0.35666152834892273	0.26736265420913696	0.29102879762649536	0.0	0.0	0.0	0.15792281925678253	0.0	0.0	0.0	0.0	0.0	0.0	0.0	0.0	0.0	0.31280654668807983	0.0	0.0	0.0	0.0	0.19375143945217133	0.214602530002594	0.0	0.0	0.0	0.0	0.0	0.0	0.2637394070625305	0.0	0.0	0.0	0.0	0.0	0.0	0.34213197231292725	0.2871209681034088	0.0	0.0	0.0	0.0	0.0	0.1576078236103058	0.0	0.0	0.0	0.0
0.0	0.15687799453735352	0.0	0.0	0.0	0.0	0.0	0.0	0.0	0.0	0.0	0.0	0.0	0.0	0.0	0.0	0.35712048411369324	0.26639750599861145	0.2914271354675293	0.0	0.0	0.0	0.15853668749332428	0.0	0.0	0.0	0.0	0.0	0.0	0.0	0.0	0.0	0.3138972520828247	0.0	0.0	0.0	0.0	0.19389618933200836	0.21348389983177185	0.0	0.0	0.0	0.0	0.0	0.0	0.26353076100349426	0.0	0.0	0.0	0.0	0.0	0.0	0.3421625792980194	0.28702354431152344	0.0	0.0	0.0	0.0	0.0	0.15737015008926392	0.0	0.0	0.0	0.0
0.0	0.15694494545459747	0.0	0.0	0.0	0.0	0.0	0.0	0.0	0.0	0.0	0.0	0.0	0.0	0.0	0.0	0.35785070061683655	0.2673713266849518	0.29198068380355835	0.0	0.0	0.0	0.15912435948848724	0.0	0.0	0.0	0.0	0.0	0.0	0.0	0.0	0.0	0.31492775678634644	0.0	0.0	0.0	0.0	0.19389431178569794	0.2138538509607315	0.0	0.0	0.0	0.0	0.0	0.0	0.2655945122241974	0.0	0.0	0.0	0.0	0.0	0.0	0.3420274555683136	0.28717800974845886	0.0	0.0	0.0	0.0	0.0	0.15815261006355286	0.0	0.0	0.0	0.0
0.0	0.15669900178909302	0.0	0.0	0.0	0.0	0.0	0.0	0.0	0.0	0.0	0.0	0.0	0.0	0.0	0.0	0.3573301136493683	0.2677869498729706	0.2914502024650574	0.0	0.0	0.0	0.1585841178894043	0.0	0.0	0.0	0.0	0.0	0.0	0.0	0.0	0.0	0.31312990188598633	0.0	0.0	0.0	0.0	0.19302771985530853	0.21313981711864471	0.0	0.0	0.0	0.0	0.0	0.0	0.26389890909194946	0.0	0.0	0.0	0.0	0.0	0.0	0.3417353630065918	0.2876327931880951	0.0	0.0	0.0	0.0	0.0	0.15657296776771545	0.0	0.0	0.0	0.0
0.0	0.15784049034118652	0.0	0.0	0.0	0.0	0.0	0.0	0.0	0.0	0.0	0.0	0.0	0.0	0.0	0.0	0.35691678524017334	0.26781755685806274	0.29147806763648987	0.0	0.0	0.0	0.15865768492221832	0.0	0.0	0.0	0.0	0.0	0.0	0.0	0.0	0.0	0.31437817215919495	0.0	0.0	0.0	0.0	0.193001389503479	0.2134982943534851	0.0	0.0	0.0	0.0	0.0	0.0	0.26362988352775574	0.0	0.0	0.0	0.0	0.0	0.0	0.3419415354728699	0.2868308126926422	0.0	0.0	0.0	0.0	0.0	0.15780234336853027	0.0	0.0	0.0	0.0
0.0	0.15780489146709442	0.0	0.0	0.0	0.0	0.0	0.0	0.0	0.0	0.0	0.0	0.0	0.0	0.0	0.0	0.35772740840911865	0.2676450312137604	0.2923588752746582	0.0	0.0	0.0	0.15847483277320862	0.0	0.0	0.0	0.0	0.0	0.0	0.0	0.0	0.0	0.3135702908039093	0.0	0.0	0.0	0.0	0.19330796599388123	0.2132991999387741	0.0	0.0	0.0	0.0	0.0	0.0	0.2651621103286743	0.0	0.0	0.0	0.0	0.0	0.0	0.3423963189125061	0.2870669960975647	0.0	0.0	0.0	0.0	0.0	0.15737126767635345	0.0	0.0	0.0	0.0
0.0	0.15746265649795532	0.0	0.0	0.0	0.0	0.0	0.0	0.0	0.0	0.0	0.0	0.0	0.0	0.0	0.0	0.35732704401016235	0.26822352409362793	0.29249465465545654	0.0	0.0	0.0	0.15869498252868652	0.0	0.0	0.0	0.0	0.0	0.0	0.0	0.0	0.0	0.31477582454681396	0.0	0.0	0.0	0.0	0.19288404285907745	0.21438045799732208	0.0	0.0	0.0	0.0	0.0	0.0	0.2646927535533905	0.0	0.0	0.0	0.0	0.0	0.0	0.34325268864631653	0.287578284740448	0.0	0.0	0.0	0.0	0.0	0.1564658135175705	0.0	0.0	0.0	0.0
0.0	0.15795479714870453	0.0	0.0	0.0	0.0	0.0	0.0	0.0	0.0	0.0	0.0	0.0	0.0	0.0	0.0	0.35652050375938416	0.26818788051605225	0.2908850908279419	0.0	0.0	0.0	0.15805171430110931	0.0	0.0	0.0	0.0	0.0	0.0	0.0	0.0	0.0	0.3119216561317444	0.0	0.0	0.0	0.0	0.19314347207546234	0.2121480107307434	0.0	0.0	0.0	0.0	0.0	0.0	0.26450932025909424	0.0	0.0	0.0	0.0	0.0	0.0	0.3424076735973358	0.2850515842437744	0.0	0.0	0.0	0.0	0.0	0.15602663159370422	0.0	0.0	0.0	0.0
0.0	0.15787363052368164	0.0	0.0	0.0	0.0	0.0	0.0	0.0	0.0	0.0	0.0	0.0	0.0	0.0	0.0	0.35705137252807617	0.2677041292190552	0.29168567061424255	0.0	0.0	0.0	0.158395454287529	0.0	0.0	0.0	0.0	0.0	0.0	0.0	0.0	0.0	0.3137095868587494	0.0	0.0	0.0	0.0	0.19394147396087646	0.2135789841413498	0.0	0.0	0.0	0.0	0.0	0.0	0.26414334774017334	0.0	0.0	0.0	0.0	0.0	0.0	0.3430371582508087	0.2861103415489197	0.0	0.0	0.0	0.0	0.0	0.15732653439044952	0.0	0.0	0.0	0.0
0.0	0.15748737752437592	0.0	0.0	0.0	0.0	0.0	0.0	0.0	0.0	0.0	0.0	0.0	0.0	0.0	0.0	0.35698172450065613	0.26615390181541443	0.2924647033214569	0.0	0.0	0.0	0.15864962339401245	0.0	0.0	0.0	0.0	0.0	0.0	0.0	0.0	0.0	0.3139928877353668	0.0	0.0	0.0	0.0	0.19438926875591278	0.21369121968746185	0.0	0.0	0.0	0.0	0.0	0.0	0.26316022872924805	0.0	0.0	0.0	0.0	0.0	0.0	0.3409726023674011	0.28687193989753723	0.0	0.0	0.0	0.0	0.0	0.15731281042099	0.0	0.0	0.0	0.0
0.0	0.15764868259429932	0.0	0.0	0.0	0.0	0.0	0.0	0.0	0.0	0.0	0.0	0.0	0.0	0.0	0.0	0.3574211001396179	0.2671142518520355	0.29234546422958374	0.0	0.0	0.0	0.1590414047241211	0.0	0.0	0.0	0.0	0.0	0.0	0.0	0.0	0.0	0.31413623690605164	0.0	0.0	0.0	0.0	0.19383735954761505	0.213315948843956	0.0	0.0	0.0	0.0	0.0	0.0	0.2641790509223938	0.0	0.0	0.0	0.0	0.0	0.0	0.3419815003871918	0.2868061363697052	0.0	0.0	0.0	0.0	0.0	0.1578674465417862	0.0	0.0	0.0	0.0
0.0	0.15664361417293549	0.0	0.0	0.0	0.0	0.0	0.0	0.0	0.0	0.0	0.0	0.0	0.0	0.0	0.0	0.35711729526519775	0.26710647344589233	0.29145652055740356	0.0	0.0	0.0	0.1584198772907257	0.0	0.0	0.0	0.0	0.0	0.0	0.0	0.0	0.0	0.31319108605384827	0.0	0.0	0.0	0.0	0.1931203156709671	0.21276362240314484	0.0	0.0	0.0	0.0	0.0	0.0	0.26391127705574036	0.0	0.0	0.0	0.0	0.0	0.0	0.3410559594631195	0.2867763340473175	0.0	0.0	0.0	0.0	0.0	0.15784354507923126	0.0	0.0	0.0	0.0
0.0	0.1565319299697876	0.0	0.0	0.0	0.0	0.0	0.0	0.0	0.0	0.0	0.0	0.0	0.0	0.0	0.0	0.35693541169166565	0.2661932706832886	0.29130929708480835	0.0	0.0	0.0	0.1575915664434433	0.0	0.0	0.0	0.0	0.0	0.0	0.0	0.0	0.0	0.31349462270736694	0.0	0.0	0.0	0.0	0.19264958798885345	0.21284304559230804	0.0	0.0	0.0	0.0	0.0	0.0	0.2623264491558075	0.0	0.0	0.0	0.0	0.0	0.0	0.3405476212501526	0.28599029779434204	0.0	0.0	0.0	0.0	0.0	0.15585948526859283	0.0	0.0	0.0	0.0
0.0	0.1569303572177887	0.0	0.0	0.0	0.0	0.0	0.0	0.0	0.0	0.0	0.0	0.0	0.0	0.0	0.0	0.3567914664745331	0.2672084867954254	0.29184088110923767	0.0	0.0	0.0	0.15825238823890686	0.0	0.0	0.0	0.0	0.0	0.0	0.0	0.0	0.0	0.3133976459503174	0.0	0.0	0.0	0.0	0.1936284452676773	0.21388445794582367	0.0	0.0	0.0	0.0	0.0	0.0	0.2635495066642761	0.0	0.0	0.0	0.0	0.0	0.0	0.34195762872695923	0.28635716438293457	0.0	0.0	0.0	0.0	0.0	0.1574329435825348	0.0	0.0	0.0	0.0
0.0	0.156328484416008	0.0	0.0	0.0	0.0	0.0	0.0	0.0	0.0	0.0	0.0	0.0	0.0	0.0	0.0	0.3572292923927307	0.2663269639015198	0.2913492023944855	0.0	0.0	0.0	0.15883803367614746	0.0	0.0	0.0	0.0	0.0	0.0	0.0	0.0	0.0	0.31320399045944214	0.0	0.0	0.0	0.0	0.19363045692443848	0.21423733234405518	0.0	0.0	0.0	0.0	0.0	0.0	0.26307302713394165	0.0	0.0	0.0	0.0	0.0	0.0	0.34184107184410095	0.2864739000797272	0.0	0.0	0.0	0.0	0.0	0.15735280513763428	0.0	0.0	0.0	0.0
0.0	0.1579052209854126	0.0	0.0	0.0	0.0	0.0	0.0	0.0	0.0	0.0	0.0	0.0	0.0	0.0	0.0	0.35658007860183716	0.26713454723358154	0.2913486063480377	0.0	0.0	0.0	0.15789556503295898	0.0	0.0	0.0	0.0	0.0	0.0	0.0	0.0	0.0	0.313042014837265	0.0	0.0	0.0	0.0	0.19390453398227692	0.21302565932273865	0.0	0.0	0.0	0.0	0.0	0.0	0.26370152831077576	0.0	0.0	0.0	0.0	0.0	0.0	0.34198859333992004	0.2872096002101898	0.0	0.0	0.0	0.0	0.0	0.1568603664636612	0.0	0.0	0.0	0.0
0.0	0.1573748141527176	0.0	0.0	0.0	0.0	0.0	0.0	0.0	0.0	0.0	0.0	0.0	0.0	0.0	0.0	0.35746216773986816	0.2675630748271942	0.2919149100780487	0.0	0.0	0.0	0.1596236228942871	0.0	0.0	0.0	0.0	0.0	0.0	0.0	0.0	0.0	0.3140254318714142	0.0	0.0	0.0	0.0	0.19344475865364075	0.21295835077762604	0.0	0.0	0.0	0.0	0.0	0.0	0.265420526266098	0.0	0.0	0.0	0.0	0.0	0.0	0.34191811084747314	0.28763052821159363	0.0	0.0	0.0	0.0	0.0	0.15718922019004822	0.0	0.0	0.0	0.0
0.0	0.1582617312669754	0.0	0.0	0.0	0.0	0.0	0.0	0.0	0.0	0.0	0.0	0.0	0.0	0.0	0.0	0.35704174637794495	0.2673380374908447	0.2908034920692444	0.0	0.0	0.0	0.15870386362075806	0.0	0.0	0.0	0.0	0.0	0.0	0.0	0.0	0.0	0.3131270408630371	0.0	0.0	0.0	0.0	0.19261352717876434	0.21472786366939545	0.0	0.0	0.0	0.0	0.0	0.0	0.26432910561561584	0.0	0.0	0.0	0.0	0.0	0.0	0.341888964176178	0.28652223944664	0.0	0.0	0.0	0.0	0.0	0.1572103202342987	0.0	0.0	0.0	0.0
0.0	0.1568048596382141	0.0	0.0	0.0	0.0	0.0	0.0	0.0	0.0	0.0	0.0	0.0	0.0	0.0	0.0	0.35675957798957825	0.2654057741165161	0.2923983037471771	0.0	0.0	0.0	0.15873250365257263	0.0	0.0	0.0	0.0	0.0	0.0	0.0	0.0	0.0	0.31322550773620605	0.0	0.0	0.0	0.0	0.19421254098415375	0.21291401982307434	0.0	0.0	0.0	0.0	0.0	0.0	0.262721985578537	0.0	0.0	0.0	0.0	0.0	0.0	0.3414596915245056	0.2856787145137787	0.0	0.0	0.0	0.0	0.0	0.15777587890625	0.0	0.0	0.0	0.0
0.0	0.1565137505531311	0.0	0.0	0.0	0.0	0.0	0.0	0.0	0.0	0.0	0.0	0.0	0.0	0.0	0.0	0.35771599411964417	0.2667192816734314	0.29076477885246277	0.0	0.0	0.0	0.15783360600471497	0.0	0.0	0.0	0.0	0.0	0.0	0.0	0.0	0.0	0.31391921639442444	0.0	0.0	0.0	0.0	0.19300565123558044	0.21320344507694244	0.0	0.0	0.0	0.0	0.0	0.0	0.2640652656555176	0.0	0.0	0.0	0.0	0.0	0.0	0.3412156403064728	0.28767669200897217	0.0	0.0	0.0	0.0	0.0	0.15771128237247467	0.0	0.0	0.0	0.0
0.0	0.15738758444786072	0.0	0.0	0.0	0.0	0.0	0.0	0.0	0.0	0.0	0.0	0.0	0.0	0.0	0.0	0.35696515440940857	0.2679525315761566	0.29187652468681335	0.0	0.0	0.0	0.15855439007282257	0.0	0.0	0.0	0.0	0.0	0.0	0.0	0.0	0.0	0.31472963094711304	0.0	0.0	0.0	0.0	0.19343748688697815	0.21353779733181	0.0	0.0	0.0	0.0	0.0	0.0	0.26462873816490173	0.0	0.0	0.0	0.0	0.0	0.0	0.3433268964290619	0.2874930799007416	0.0	0.0	0.0	0.0	0.0	0.1576894074678421	0.0	0.0	0.0	0.0
0.0	0.1568879336118698	0.0	0.0	0.0	0.0	0.0	0.0	0.0	0.0	0.0	0.0	0.0	0.0	0.0	0.0	0.3572012186050415	0.26757940649986267	0.29333990812301636	0.0	0.0	0.0	0.1585024744272232	0.0	0.0	0.0	0.0	0.0	0.0	0.0	0.0	0.0	0.3142347037792206	0.0	0.0	0.0	0.0	0.1938047707080841	0.2140457034111023	0.0	0.0	0.0	0.0	0.0	0.0	0.2640427350997925	0.0	0.0	0.0	0.0	0.0	0.0	0.3422684371471405	0.28769418597221375	0.0	0.0	0.0	0.0	0.0	0.15797501802444458	0.0	0.0	0.0	0.0
0.0	0.15718334913253784	0.0	0.0	0.0	0.0	0.0	0.0	0.0	0.0	0.0	0.0	0.0	0.0	0.0	0.0	0.3572319447994232	0.26704198122024536	0.29274463653564453	0.0	0.0	0.0	0.15871722996234894	0.0	0.0	0.0	0.0	0.0	0.0	0.0	0.0	0.0	0.3136233687400818	0.0	0.0	0.0	0.0	0.19302353262901306	0.2137576788663864	0.0	0.0	0.0	0.0	0.0	0.0	0.26456978917121887	0.0	0.0	0.0	0.0	0.0	0.0	0.34186068177223206	0.2866555154323578	0.0	0.0	0.0	0.0	0.0	0.15756238996982574	0.0	0.0	0.0	0.0
0.0	0.15664540231227875	0.0	0.0	0.0	0.0	0.0	0.0	0.0	0.0	0.0	0.0	0.0	0.0	0.0	0.0	0.35761478543281555	0.2673876881599426	0.291507750749588	0.0	0.0	0.0	0.15810710191726685	0.0	0.0	0.0	0.0	0.0	0.0	0.0	0.0	0.0	0.3148510158061981	0.0	0.0	0.0	0.0	0.1929073929786682	0.21334822475910187	0.0	0.0	0.0	0.0	0.0	0.0	0.2646245062351227	0.0	0.0	0.0	0.0	0.0	0.0	0.3417661190032959	0.2874179780483246	0.0	0.0	0.0	0.0	0.0	0.1566440612077713	0.0	0.0	0.0	0.0
0.0	0.15771326422691345	0.0	0.0	0.0	0.0	0.0	0.0	0.0	0.0	0.0	0.0	0.0	0.0	0.0	0.0	0.3570934236049652	0.2671296000480652	0.2913011908531189	0.0	0.0	0.0	0.16008532047271729	0.0	0.0	0.0	0.0	0.0	0.0	0.0	0.0	0.0	0.3132544159889221	0.0	0.0	0.0	0.0	0.19290558993816376	0.21234732866287231	0.0	0.0	0.0	0.0	0.0	0.0	0.262647807598114	0.0	0.0	0.0	0.0	0.0	0.0	0.3414071798324585	0.2857091724872589	0.0	0.0	0.0	0.0	0.0	0.15586471557617188	0.0	0.0	0.0	0.0
0.0	0.15711870789527893	0.0	0.0	0.0	0.0	0.0	0.0	0.0	0.0	0.0	0.0	0.0	0.0	0.0	0.0	0.35748210549354553	0.26773375272750854	0.29149770736694336	0.0	0.0	0.0	0.15826234221458435	0.0	0.0	0.0	0.0	0.0	0.0	0.0	0.0	0.0	0.3140130937099457	0.0	0.0	0.0	0.0	0.1933325231075287	0.2139795869588852	0.0	0.0	0.0	0.0	0.0	0.0	0.26481857895851135	0.0	0.0	0.0	0.0	0.0	0.0	0.3441397547721863	0.2865443527698517	0.0	0.0	0.0	0.0	0.0	0.15805469453334808	0.0	0.0	0.0	0.0
0.0	0.15583807229995728	0.0	0.0	0.0	0.0	0.0	0.0	0.0	0.0	0.0	0.0	0.0	0.0	0.0	0.0	0.35613420605659485	0.26634564995765686	0.2918262481689453	0.0	0.0	0.0	0.1577833741903305	0.0	0.0	0.0	0.0	0.0	0.0	0.0	0.0	0.0	0.3130488097667694	0.0	0.0	0.0	0.0	0.19256776571273804	0.212845116853714	0.0	0.0	0.0	0.0	0.0	0.0	0.26350080966949463	0.0	0.0	0.0	0.0	0.0	0.0	0.3421558439731598	0.2872028052806854	0.0	0.0	0.0	0.0	0.0	0.1571687012910843	0.0	0.0	0.0	0.0
0.0	0.15657353401184082	0.0	0.0	0.0	0.0	0.0	0.0	0.0	0.0	0.0	0.0	0.0	0.0	0.0	0.0	0.3568665087223053	0.26617327332496643	0.29302316904067993	0.0	0.0	0.0	0.15796341001987457	0.0	0.0	0.0	0.0	0.0	0.0	0.0	0.0	0.0	0.3128439486026764	0.0	0.0	0.0	0.0	0.1935855597257614	0.21333900094032288	0.0	0.0	0.0	0.0	0.0	0.0	0.26339003443717957	0.0	0.0	0.0	0.0	0.0	0.0	0.34145012497901917	0.28607305884361267	0.0	0.0	0.0	0.0	0.0	0.15825141966342926	0.0	0.0	0.0	0.0
0.0	0.15761424601078033	0.0	0.0	0.0	0.0	0.0	0.0	0.0	0.0	0.0	0.0	0.0	0.0	0.0	0.0	0.356107622385025	0.26876530051231384	0.2904491424560547	0.0	0.0	0.0	0.15770862996578217	0.0	0.0	0.0	0.0	0.0	0.0	0.0	0.0	0.0	0.3129960894584656	0.0	0.0	0.0	0.0	0.19357864558696747	0.21314555406570435	0.0	0.0	0.0	0.0	0.0	0.0	0.2637861967086792	0.0	0.0	0.0	0.0	0.0	0.0	0.34179654717445374	0.287553995847702	0.0	0.0	0.0	0.0	0.0	0.15796247124671936	0.0	0.0	0.0	0.0
0.0	0.1570732444524765	0.0	0.0	0.0	0.0	0.0	0.0	0.0	0.0	0.0	0.0	0.0	0.0	0.0	0.0	0.3576595187187195	0.2675849199295044	0.29158395528793335	0.0	0.0	0.0	0.15909750759601593	0.0	0.0	0.0	0.0	0.0	0.0	0.0	0.0	0.0	0.3139187693595886	0.0	0.0	0.0	0.0	0.19277863204479218	0.21292054653167725	0.0	0.0	0.0	0.0	0.0	0.0	0.26376327872276306	0.0	0.0	0.0	0.0	0.0	0.0	0.3419700562953949	0.28738507628440857	0.0	0.0	0.0	0.0	0.0	0.15805430710315704	0.0	0.0	0.0	0.0
0.0	0.15641970932483673	0.0	0.0	0.0	0.0	0.0	0.0	0.0	0.0	0.0	0.0	0.0	0.0	0.0	0.0	0.35756683349609375	0.2671208381652832	0.29246535897254944	0.0	0.0	0.0	0.1576651632785797	0.0	0.0	0.0	0.0	0.0	0.0	0.0	0.0	0.0	0.31293678283691406	0.0	0.0	0.0	0.0	0.19297194480895996	0.21342960000038147	0.0	0.0	0.0	0.0	0.0	0.0	0.2641142010688782	0.0	0.0	0.0	0.0	0.0	0.0	0.34266117215156555	0.28666454553604126	0.0	0.0	0.0	0.0	0.0	0.15731914341449738	0.0	0.0	0.0	0.0
0.0	0.15694834291934967	0.0	0.0	0.0	0.0	0.0	0.0	0.0	0.0	0.0	0.0	0.0	0.0	0.0	0.0	0.3561830222606659	0.2672536373138428	0.29204851388931274	0.0	0.0	0.0	0.1592223197221756	0.0	0.0	0.0	0.0	0.0	0.0	0.0	0.0	0.0	0.3141726851463318	0.0	0.0	0.0	0.0	0.19334998726844788	0.2131793200969696	0.0	0.0	0.0	0.0	0.0	0.0	0.2640100121498108	0.0	0.0	0.0	0.0	0.0	0.0	0.34209904074668884	0.2867463231086731	0.0	0.0	0.0	0.0	0.0	0.1571713089942932	0.0	0.0	0.0	0.0
0.0	0.15735945105552673	0.0	0.0	0.0	0.0	0.0	0.0	0.0	0.0	0.0	0.0	0.0	0.0	0.0	0.0	0.35802146792411804	0.26797226071357727	0.292598158121109	0.0	0.0	0.0	0.1582414209842682	0.0	0.0	0.0	0.0	0.0	0.0	0.0	0.0	0.0	0.3144368827342987	0.0	0.0	0.0	0.0	0.19376014173030853	0.21357674896717072	0.0	0.0	0.0	0.0	0.0	0.0	0.2649942934513092	0.0	0.0	0.0	0.0	0.0	0.0	0.34179794788360596	0.28739508986473083	0.0	0.0	0.0	0.0	0.0	0.15753941237926483	0.0	0.0	0.0	0.0
0.0	0.15774255990982056	0.0	0.0	0.0	0.0	0.0	0.0	0.0	0.0	0.0	0.0	0.0	0.0	0.0	0.0	0.35637813806533813	0.2662145495414734	0.2930296063423157	0.0	0.0	0.0	0.159319207072258	0.0	0.0	0.0	0.0	0.0	0.0	0.0	0.0	0.0	0.3140023946762085	0.0	0.0	0.0	0.0	0.19393695890903473	0.21458446979522705	0.0	0.0	0.0	0.0	0.0	0.0	0.264148086309433	0.0	0.0	0.0	0.0	0.0	0.0	0.3419549763202667	0.2877277731895447	0.0	0.0	0.0	0.0	0.0	0.15713010728359222	0.0	0.0	0.0	0.0
0.0	0.15771493315696716	0.0	0.0	0.0	0.0	0.0	0.0	0.0	0.0	0.0	0.0	0.0	0.0	0.0	0.0	0.3572201132774353	0.26780083775520325	0.2907100319862366	0.0	0.0	0.0	0.1583036482334137	0.0	0.0	0.0	0.0	0.0	0.0	0.0	0.0	0.0	0.3142050504684448	0.0	0.0	0.0	0.0	0.19338320195674896	0.21303971111774445	0.0	0.0	0.0	0.0	0.0	0.0	0.26437896490097046	0.0	0.0	0.0	0.0	0.0	0.0	0.34220391511917114	0.2871263027191162	0.0	0.0	0.0	0.0	0.0	0.15773436427116394	0.0	0.0	0.0	0.0
0.0	0.15731289982795715	0.0	0.0	0.0	0.0	0.0	0.0	0.0	0.0	0.0	0.0	0.0	0.0	0.0	0.0	0.35659825801849365	0.2681463062763214	0.2918371260166168	0.0	0.0	0.0	0.15714046359062195	0.0	0.0	0.0	0.0	0.0	0.0	0.0	0.0	0.0	0.3142383396625519	0.0	0.0	0.0	0.0	0.1937306672334671	0.21319960057735443	0.0	0.0	0.0	0.0	0.0	0.0	0.2639545798301697	0.0	0.0	0.0	0.0	0.0	0.0	0.34158051013946533	0.2874409556388855	0.0	0.0	0.0	0.0	0.0	0.15733973681926727	0.0	0.0	0.0	0.0
0.0	0.15753068029880524	0.0	0.0	0.0	0.0	0.0	0.0	0.0	0.0	0.0	0.0	0.0	0.0	0.0	0.0	0.3570502996444702	0.26750871539115906	0.292099267244339	0.0	0.0	0.0	0.1586088240146637	0.0	0.0	0.0	0.0	0.0	0.0	0.0	0.0	0.0	0.3140844702720642	0.0	0.0	0.0	0.0	0.19408012926578522	0.2128467708826065	0.0	0.0	0.0	0.0	0.0	0.0	0.2640734612941742	0.0	0.0	0.0	0.0	0.0	0.0	0.3425450623035431	0.28722620010375977	0.0	0.0	0.0	0.0	0.0	0.15890899300575256	0.0	0.0	0.0	0.0
0.0	0.15757989883422852	0.0	0.0	0.0	0.0	0.0	0.0	0.0	0.0	0.0	0.0	0.0	0.0	0.0	0.0	0.3566484749317169	0.2685248851776123	0.2922610938549042	0.0	0.0	0.0	0.15883055329322815	0.0	0.0	0.0	0.0	0.0	0.0	0.0	0.0	0.0	0.3137567639350891	0.0	0.0	0.0	0.0	0.1937781423330307	0.2141524702310562	0.0	0.0	0.0	0.0	0.0	0.0	0.26432913541793823	0.0	0.0	0.0	0.0	0.0	0.0	0.34203216433525085	0.28726914525032043	0.0	0.0	0.0	0.0	0.0	0.15770484507083893	0.0	0.0	0.0	0.0
0.0	0.1553562879562378	0.0	0.0	0.0	0.0	0.0	0.0	0.0	0.0	0.0	0.0	0.0	0.0	0.0	0.0	0.35815131664276123	0.26665568351745605	0.29272931814193726	0.0	0.0	0.0	0.15712454915046692	0.0	0.0	0.0	0.0	0.0	0.0	0.0	0.0	0.0	0.3145918548107147	0.0	0.0	0.0	0.0	0.19360755383968353	0.2143145650625229	0.0	0.0	0.0	0.0	0.0	0.0	0.2642914950847626	0.0	0.0	0.0	0.0	0.0	0.0	0.3436009883880615	0.2869686782360077	0.0	0.0	0.0	0.0	0.0	0.15782682597637177	0.0	0.0	0.0	0.0
0.0	0.15714746713638306	0.0	0.0	0.0	0.0	0.0	0.0	0.0	0.0	0.0	0.0	0.0	0.0	0.0	0.0	0.3573722243309021	0.26778170466423035	0.2919706404209137	0.0	0.0	0.0	0.15772663056850433	0.0	0.0	0.0	0.0	0.0	0.0	0.0	0.0	0.0	0.3142359256744385	0.0	0.0	0.0	0.0	0.19355414807796478	0.21370036900043488	0.0	0.0	0.0	0.0	0.0	0.0	0.26457759737968445	0.0	0.0	0.0	0.0	0.0	0.0	0.34228187799453735	0.287749707698822	0.0	0.0	0.0	0.0	0.0	0.1571035385131836	0.0	0.0	0.0	0.0
0.0	0.15697140991687775	0.0	0.0	0.0	0.0	0.0	0.0	0.0	0.0	0.0	0.0	0.0	0.0	0.0	0.0	0.3559173345565796	0.2675303518772125	0.2920871675014496	0.0	0.0	0.0	0.15831901133060455	0.0	0.0	0.0	0.0	0.0	0.0	0.0	0.0	0.0	0.31399619579315186	0.0	0.0	0.0	0.0	0.19272300601005554	0.21373476088047028	0.0	0.0	0.0	0.0	0.0	0.0	0.2638624310493469	0.0	0.0	0.0	0.0	0.0	0.0	0.34122827649116516	0.28616803884506226	0.0	0.0	0.0	0.0	0.0	0.15701600909233093	0.0	0.0	0.0	0.0
0.0	0.15725407004356384	0.0	0.0	0.0	0.0	0.0	0.0	0.0	0.0	0.0	0.0	0.0	0.0	0.0	0.0	0.3570600152015686	0.26621416211128235	0.29275649785995483	0.0	0.0	0.0	0.15852710604667664	0.0	0.0	0.0	0.0	0.0	0.0	0.0	0.0	0.0	0.3133215308189392	0.0	0.0	0.0	0.0	0.19418783485889435	0.21383428573608398	0.0	0.0	0.0	0.0	0.0	0.0	0.26467183232307434	0.0	0.0	0.0	0.0	0.0	0.0	0.34211501479148865	0.2870692312717438	0.0	0.0	0.0	0.0	0.0	0.15791937708854675	0.0	0.0	0.0	0.0
0.0	0.15729691088199615	0.0	0.0	0.0	0.0	0.0	0.0	0.0	0.0	0.0	0.0	0.0	0.0	0.0	0.0	0.3572152853012085	0.26678451895713806	0.291403204202652	0.0	0.0	0.0	0.158821240067482	0.0	0.0	0.0	0.0	0.0	0.0	0.0	0.0	0.0	0.31358611583709717	0.0	0.0	0.0	0.0	0.19339105486869812	0.21416783332824707	0.0	0.0	0.0	0.0	0.0	0.0	0.2639007866382599	0.0	0.0	0.0	0.0	0.0	0.0	0.3407447934150696	0.2869221568107605	0.0	0.0	0.0	0.0	0.0	0.15698610246181488	0.0	0.0	0.0	0.0
0.0	0.1564464569091797	0.0	0.0	0.0	0.0	0.0	0.0	0.0	0.0	0.0	0.0	0.0	0.0	0.0	0.0	0.35540851950645447	0.2673119306564331	0.29176369309425354	0.0	0.0	0.0	0.1576543152332306	0.0	0.0	0.0	0.0	0.0	0.0	0.0	0.0	0.0	0.3117104768753052	0.0	0.0	0.0	0.0	0.19254788756370544	0.2125280797481537	0.0	0.0	0.0	0.0	0.0	0.0	0.26318591833114624	0.0	0.0	0.0	0.0	0.0	0.0	0.3406265377998352	0.2855449318885803	0.0	0.0	0.0	0.0	0.0	0.15872804820537567	0.0	0.0	0.0	0.0
0.0	0.15705111622810364	0.0	0.0	0.0	0.0	0.0	0.0	0.0	0.0	0.0	0.0	0.0	0.0	0.0	0.0	0.35671931505203247	0.26704543828964233	0.2925232946872711	0.0	0.0	0.0	0.15782728791236877	0.0	0.0	0.0	0.0	0.0	0.0	0.0	0.0	0.0	0.3129298985004425	0.0	0.0	0.0	0.0	0.19299589097499847	0.21374398469924927	0.0	0.0	0.0	0.0	0.0	0.0	0.2637162208557129	0.0	0.0	0.0	0.0	0.0	0.0	0.341371089220047	0.2867850959300995	0.0	0.0	0.0	0.0	0.0	0.15606968104839325	0.0	0.0	0.0	0.0
0.0	0.15778061747550964	0.0	0.0	0.0	0.0	0.0	0.0	0.0	0.0	0.0	0.0	0.0	0.0	0.0	0.0	0.35641321539878845	0.2693345546722412	0.2916417121887207	0.0	0.0	0.0	0.157627671957016	0.0	0.0	0.0	0.0	0.0	0.0	0.0	0.0	0.0	0.31153374910354614	0.0	0.0	0.0	0.0	0.193683460354805	0.21259953081607819	0.0	0.0	0.0	0.0	0.0	0.0	0.2640489339828491	0.0	0.0	0.0	0.0	0.0	0.0	0.3426770269870758	0.28394362330436707	0.0	0.0	0.0	0.0	0.0	0.15487132966518402	0.0	0.0	0.0	0.0
0.0	0.15760615468025208	0.0	0.0	0.0	0.0	0.0	0.0	0.0	0.0	0.0	0.0	0.0	0.0	0.0	0.0	0.357249915599823	0.2670086622238159	0.2917117178440094	0.0	0.0	0.0	0.15844610333442688	0.0	0.0	0.0	0.0	0.0	0.0	0.0	0.0	0.0	0.3136013150215149	0.0	0.0	0.0	0.0	0.1930374950170517	0.21352103352546692	0.0	0.0	0.0	0.0	0.0	0.0	0.264051616191864	0.0	0.0	0.0	0.0	0.0	0.0	0.3416267931461334	0.2867802083492279	0.0	0.0	0.0	0.0	0.0	0.1579035520553589	0.0	0.0	0.0	0.0
0.0	0.15669575333595276	0.0	0.0	0.0	0.0	0.0	0.0	0.0	0.0	0.0	0.0	0.0	0.0	0.0	0.0	0.35735875368118286	0.26676809787750244	0.29211732745170593	0.0	0.0	0.0	0.15726298093795776	0.0	0.0	0.0	0.0	0.0	0.0	0.0	0.0	0.0	0.3132622539997101	0.0	0.0	0.0	0.0	0.19298750162124634	0.21368087828159332	0.0	0.0	0.0	0.0	0.0	0.0	0.26438385248184204	0.0	0.0	0.0	0.0	0.0	0.0	0.34204965829849243	0.2876896560192108	0.0	0.0	0.0	0.0	0.0	0.15757283568382263	0.0	0.0	0.0	0.0
0.0	0.15711231529712677	0.0	0.0	0.0	0.0	0.0	0.0	0.0	0.0	0.0	0.0	0.0	0.0	0.0	0.0	0.35629257559776306	0.2673891484737396	0.29137274622917175	0.0	0.0	0.0	0.15911419689655304	0.0	0.0	0.0	0.0	0.0	0.0	0.0	0.0	0.0	0.31381428241729736	0.0	0.0	0.0	0.0	0.19400398433208466	0.21379238367080688	0.0	0.0	0.0	0.0	0.0	0.0	0.2633821964263916	0.0	0.0	0.0	0.0	0.0	0.0	0.3418178856372833	0.2861579358577728	0.0	0.0	0.0	0.0	0.0	0.1579090654850006	0.0	0.0	0.0	0.0
0.0	0.15686731040477753	0.0	0.0	0.0	0.0	0.0	0.0	0.0	0.0	0.0	0.0	0.0	0.0	0.0	0.0	0.3574029505252838	0.26710930466651917	0.29213184118270874	0.0	0.0	0.0	0.15847817063331604	0.0	0.0	0.0	0.0	0.0	0.0	0.0	0.0	0.0	0.31376752257347107	0.0	0.0	0.0	0.0	0.19315947592258453	0.2134397178888321	0.0	0.0	0.0	0.0	0.0	0.0	0.26348766684532166	0.0	0.0	0.0	0.0	0.0	0.0	0.34152477979660034	0.2873701751232147	0.0	0.0	0.0	0.0	0.0	0.15754221379756927	0.0	0.0	0.0	0.0
0.0	0.15726128220558167	0.0	0.0	0.0	0.0	0.0	0.0	0.0	0.0	0.0	0.0	0.0	0.0	0.0	0.0	0.3566732108592987	0.26750725507736206	0.2906920909881592	0.0	0.0	0.0	0.15847449004650116	0.0	0.0	0.0	0.0	0.0	0.0	0.0	0.0	0.0	0.31320005655288696	0.0	0.0	0.0	0.0	0.19397103786468506	0.21266965568065643	0.0	0.0	0.0	0.0	0.0	0.0	0.26432907581329346	0.0	0.0	0.0	0.0	0.0	0.0	0.3423202633857727	0.2873620390892029	0.0	0.0	0.0	0.0	0.0	0.1575872302055359	0.0	0.0	0.0	0.0
0.0	0.15799863636493683	0.0	0.0	0.0	0.0	0.0	0.0	0.0	0.0	0.0	0.0	0.0	0.0	0.0	0.0	0.3571240305900574	0.2666889429092407	0.29217302799224854	0.0	0.0	0.0	0.15824627876281738	0.0	0.0	0.0	0.0	0.0	0.0	0.0	0.0	0.0	0.31389138102531433	0.0	0.0	0.0	0.0	0.19310076534748077	0.21219928562641144	0.0	0.0	0.0	0.0	0.0	0.0	0.2625141441822052	0.0	0.0	0.0	0.0	0.0	0.0	0.34203603863716125	0.28742527961730957	0.0	0.0	0.0	0.0	0.0	0.1575920134782791	0.0	0.0	0.0	0.0
0.0	0.1573929339647293	0.0	0.0	0.0	0.0	0.0	0.0	0.0	0.0	0.0	0.0	0.0	0.0	0.0	0.0	0.3567500412464142	0.26740217208862305	0.29267364740371704	0.0	0.0	0.0	0.15743273496627808	0.0	0.0	0.0	0.0	0.0	0.0	0.0	0.0	0.0	0.3137510120868683	0.0	0.0	0.0	0.0	0.19345258176326752	0.21378953754901886	0.0	0.0	0.0	0.0	0.0	0.0	0.2644602656364441	0.0	0.0	0.0	0.0	0.0	0.0	0.341274619102478	0.28629443049430847	0.0	0.0	0.0	0.0	0.0	0.15811987221240997	0.0	0.0	0.0	0.0
0.0	0.15760578215122223	0.0	0.0	0.0	0.0	0.0	0.0	0.0	0.0	0.0	0.0	0.0	0.0	0.0	0.0	0.35741570591926575	0.2679293751716614	0.29215148091316223	0.0	0.0	0.0	0.15853022038936615	0.0	0.0	0.0	0.0	0.0	0.0	0.0	0.0	0.0	0.3136204779148102	0.0	0.0	0.0	0.0	0.19318215548992157	0.21335360407829285	0.0	0.0	0.0	0.0	0.0	0.0	0.2644420564174652	0.0	0.0	0.0	0.0	0.0	0.0	0.3420219421386719	0.2868504226207733	0.0	0.0	0.0	0.0	0.0	0.15735723078250885	0.0	0.0	0.0	0.0
0.0	0.1581457108259201	0.0	0.0	0.0	0.0	0.0	0.0	0.0	0.0	0.0	0.0	0.0	0.0	0.0	0.0	0.35675543546676636	0.2679414749145508	0.29107430577278137	0.0	0.0	0.0	0.15924587845802307	0.0	0.0	0.0	0.0	0.0	0.0	0.0	0.0	0.0	0.3134923279285431	0.0	0.0	0.0	0.0	0.19350725412368774	0.21305719017982483	0.0	0.0	0.0	0.0	0.0	0.0	0.26505017280578613	0.0	0.0	0.0	0.0	0.0	0.0	0.3418092429637909	0.2871178090572357	0.0	0.0	0.0	0.0	0.0	0.15792728960514069	0.0	0.0	0.0	0.0
0.0	0.1570148915052414	0.0	0.0	0.0	0.0	0.0	0.0	0.0	0.0	0.0	0.0	0.0	0.0	0.0	0.0	0.35716554522514343	0.267037957906723	0.29231730103492737	0.0	0.0	0.0	0.15815302729606628	0.0	0.0	0.0	0.0	0.0	0.0	0.0	0.0	0.0	0.31363511085510254	0.0	0.0	0.0	0.0	0.19397784769535065	0.2128516137599945	0.0	0.0	0.0	0.0	0.0	0.0	0.26455217599868774	0.0	0.0	0.0	0.0	0.0	0.0	0.3416941463947296	0.2877383828163147	0.0	0.0	0.0	0.0	0.0	0.15774711966514587	0.0	0.0	0.0	0.0
0.0	0.15721336007118225	0.0	0.0	0.0	0.0	0.0	0.0	0.0	0.0	0.0	0.0	0.0	0.0	0.0	0.0	0.3569551110267639	0.2667176425457001	0.2918853461742401	0.0	0.0	0.0	0.15953977406024933	0.0	0.0	0.0	0.0	0.0	0.0	0.0	0.0	0.0	0.31348904967308044	0.0	0.0	0.0	0.0	0.19238059222698212	0.21329854428768158	0.0	0.0	0.0	0.0	0.0	0.0	0.26335692405700684	0.0	0.0	0.0	0.0	0.0	0.0	0.3406224548816681	0.28639498353004456	0.0	0.0	0.0	0.0	0.0	0.15697671473026276	0.0	0.0	0.0	0.0
0.0	0.15762454271316528	0.0	0.0	0.0	0.0	0.0	0.0	0.0	0.0	0.0	0.0	0.0	0.0	0.0	0.0	0.3565821647644043	0.26712071895599365	0.2913963794708252	0.0	0.0	0.0	0.15840521454811096	0.0	0.0	0.0	0.0	0.0	0.0	0.0	0.0	0.0	0.31432202458381653	0.0	0.0	0.0	0.0	0.19354812800884247	0.21373577415943146	0.0	0.0	0.0	0.0	0.0	0.0	0.26460081338882446	0.0	0.0	0.0	0.0	0.0	0.0	0.3411046266555786	0.28696948289871216	0.0	0.0	0.0	0.0	0.0	0.15775513648986816	0.0	0.0	0.0	0.0
0.0	0.15787510573863983	0.0	0.0	0.0	0.0	0.0	0.0	0.0	0.0	0.0	0.0	0.0	0.0	0.0	0.0	0.35818761587142944	0.26724323630332947	0.2912384271621704	0.0	0.0	0.0	0.15831920504570007	0.0	0.0	0.0	0.0	0.0	0.0	0.0	0.0	0.0	0.31357401609420776	0.0	0.0	0.0	0.0	0.1933002769947052	0.21411070227622986	0.0	0.0	0.0	0.0	0.0	0.0	0.26421472430229187	0.0	0.0	0.0	0.0	0.0	0.0	0.3416341245174408	0.2869926691055298	0.0	0.0	0.0	0.0	0.0	0.1565442681312561	0.0	0.0	0.0	0.0
0.0	0.15391145646572113	0.0	0.0	0.0	0.0	0.0	0.0	0.0	0.0	0.0	0.0	0.0	0.0	0.0	0.0	0.35460543632507324	0.2655234634876251	0.29012587666511536	0.0	0.0	0.0	0.15846788883209229	0.0	0.0	0.0	0.0	0.0	0.0	0.0	0.0	0.0	0.3113453686237335	0.0	0.0	0.0	0.0	0.19228975474834442	0.21076810359954834	0.0	0.0	0.0	0.0	0.0	0.0	0.26236143708229065	0.0	0.0	0.0	0.0	0.0	0.0	0.3393722176551819	0.2839098274707794	0.0	0.0	0.0	0.0	0.0	0.15488876402378082	0.0	0.0	0.0	0.0
0.0	0.15755654871463776	0.0	0.0	0.0	0.0	0.0	0.0	0.0	0.0	0.0	0.0	0.0	0.0	0.0	0.0	0.35763636231422424	0.267632395029068	0.2917148172855377	0.0	0.0	0.0	0.15835636854171753	0.0	0.0	0.0	0.0	0.0	0.0	0.0	0.0	0.0	0.31391870975494385	0.0	0.0	0.0	0.0	0.1934558004140854	0.21410126984119415	0.0	0.0	0.0	0.0	0.0	0.0	0.2645345628261566	0.0	0.0	0.0	0.0	0.0	0.0	0.342263787984848	0.2875043451786041	0.0	0.0	0.0	0.0	0.0	0.15720872581005096	0.0	0.0	0.0	0.0
0.0	0.15708790719509125	0.0	0.0	0.0	0.0	0.0	0.0	0.0	0.0	0.0	0.0	0.0	0.0	0.0	0.0	0.35662102699279785	0.2669684588909149	0.2904740273952484	0.0	0.0	0.0	0.1582459807395935	0.0	0.0	0.0	0.0	0.0	0.0	0.0	0.0	0.0	0.3125922381877899	0.0	0.0	0.0	0.0	0.1932249814271927	0.21242675185203552	0.0	0.0	0.0	0.0	0.0	0.0	0.2633534371852875	0.0	0.0	0.0	0.0	0.0	0.0	0.3416929841041565	0.28633424639701843	0.0	0.0	0.0	0.0	0.0	0.15719294548034668	0.0	0.0	0.0	0.0
0.0	0.15750667452812195	0.0	0.0	0.0	0.0	0.0	0.0	0.0	0.0	0.0	0.0	0.0	0.0	0.0	0.0	0.3580538034439087	0.2681492865085602	0.29264214634895325	0.0	0.0	0.0	0.15781836211681366	0.0	0.0	0.0	0.0	0.0	0.0	0.0	0.0	0.0	0.31415605545043945	0.0	0.0	0.0	0.0	0.1933695673942566	0.2138480246067047	0.0	0.0	0.0	0.0	0.0	0.0	0.26496973633766174	0.0	0.0	0.0	0.0	0.0	0.0	0.34263601899147034	0.2863828241825104	0.0	0.0	0.0	0.0	0.0	0.15778227150440216	0.0	0.0	0.0	0.0
0.0	0.15738660097122192	0.0	0.0	0.0	0.0	0.0	0.0	0.0	0.0	0.0	0.0	0.0	0.0	0.0	0.0	0.35685423016548157	0.2668933570384979	0.2926034927368164	0.0	0.0	0.0	0.15880413353443146	0.0	0.0	0.0	0.0	0.0	0.0	0.0	0.0	0.0	0.31332555413246155	0.0	0.0	0.0	0.0	0.19349686801433563	0.21409891545772552	0.0	0.0	0.0	0.0	0.0	0.0	0.2642821967601776	0.0	0.0	0.0	0.0	0.0	0.0	0.3417491614818573	0.28663769364356995	0.0	0.0	0.0	0.0	0.0	0.15843085944652557	0.0	0.0	0.0	0.0
0.0	0.15745723247528076	0.0	0.0	0.0	0.0	0.0	0.0	0.0	0.0	0.0	0.0	0.0	0.0	0.0	0.0	0.3577366769313812	0.2672702968120575	0.29297173023223877	0.0	0.0	0.0	0.15814001858234406	0.0	0.0	0.0	0.0	0.0	0.0	0.0	0.0	0.0	0.3154326379299164	0.0	0.0	0.0	0.0	0.19293592870235443	0.21464799344539642	0.0	0.0	0.0	0.0	0.0	0.0	0.26428303122520447	0.0	0.0	0.0	0.0	0.0	0.0	0.34172627329826355	0.2878429591655731	0.0	0.0	0.0	0.0	0.0	0.15708912909030914	0.0	0.0	0.0	0.0
0.0	0.15796884894371033	0.0	0.0	0.0	0.0	0.0	0.0	0.0	0.0	0.0	0.0	0.0	0.0	0.0	0.0	0.35732343792915344	0.26659485697746277	0.29136547446250916	0.0	0.0	0.0	0.15884867310523987	0.0	0.0	0.0	0.0	0.0	0.0	0.0	0.0	0.0	0.31466561555862427	0.0	0.0	0.0	0.0	0.1932682991027832	0.21387602388858795	0.0	0.0	0.0	0.0	0.0	0.0	0.26545950770378113	0.0	0.0	0.0	0.0	0.0	0.0	0.3424966633319855	0.28753361105918884	0.0	0.0	0.0	0.0	0.0	0.15782709419727325	0.0	0.0	0.0	0.0
0.0	0.15742246806621552	0.0	0.0	0.0	0.0	0.0	0.0	0.0	0.0	0.0	0.0	0.0	0.0	0.0	0.0	0.35658568143844604	0.2673814594745636	0.2903047204017639	0.0	0.0	0.0	0.15879002213478088	0.0	0.0	0.0	0.0	0.0	0.0	0.0	0.0	0.0	0.311922162771225	0.0	0.0	0.0	0.0	0.19260825216770172	0.21205373108386993	0.0	0.0	0.0	0.0	0.0	0.0	0.26272135972976685	0.0	0.0	0.0	0.0	0.0	0.0	0.3415117859840393	0.2866191267967224	0.0	0.0	0.0	0.0	0.0	0.15587253868579865	0.0	0.0	0.0	0.0
0.0	0.1564444899559021	0.0	0.0	0.0	0.0	0.0	0.0	0.0	0.0	0.0	0.0	0.0	0.0	0.0	0.0	0.3571587800979614	0.26748624444007874	0.2917539179325104	0.0	0.0	0.0	0.15758365392684937	0.0	0.0	0.0	0.0	0.0	0.0	0.0	0.0	0.0	0.31316033005714417	0.0	0.0	0.0	0.0	0.19336660206317902	0.21297511458396912	0.0	0.0	0.0	0.0	0.0	0.0	0.26372960209846497	0.0	0.0	0.0	0.0	0.0	0.0	0.3424985408782959	0.28777533769607544	0.0	0.0	0.0	0.0	0.0	0.15774643421173096	0.0	0.0	0.0	0.0
0.0	0.1573529690504074	0.0	0.0	0.0	0.0	0.0	0.0	0.0	0.0	0.0	0.0	0.0	0.0	0.0	0.0	0.3566892743110657	0.2671068608760834	0.2918928265571594	0.0	0.0	0.0	0.15773573517799377	0.0	0.0	0.0	0.0	0.0	0.0	0.0	0.0	0.0	0.3129803240299225	0.0	0.0	0.0	0.0	0.1933736652135849	0.21379882097244263	0.0	0.0	0.0	0.0	0.0	0.0	0.26406726241111755	0.0	0.0	0.0	0.0	0.0	0.0	0.3421362042427063	0.286554753780365	0.0	0.0	0.0	0.0	0.0	0.15757018327713013	0.0	0.0	0.0	0.0
0.0	0.15764082968235016	0.0	0.0	0.0	0.0	0.0	0.0	0.0	0.0	0.0	0.0	0.0	0.0	0.0	0.0	0.3565775454044342	0.2672024965286255	0.2925102710723877	0.0	0.0	0.0	0.15913592278957367	0.0	0.0	0.0	0.0	0.0	0.0	0.0	0.0	0.0	0.3138218820095062	0.0	0.0	0.0	0.0	0.19348502159118652	0.21331772208213806	0.0	0.0	0.0	0.0	0.0	0.0	0.263228178024292	0.0	0.0	0.0	0.0	0.0	0.0	0.34223252534866333	0.28710517287254333	0.0	0.0	0.0	0.0	0.0	0.15808047354221344	0.0	0.0	0.0	0.0
0.0	0.15648888051509857	0.0	0.0	0.0	0.0	0.0	0.0	0.0	0.0	0.0	0.0	0.0	0.0	0.0	0.0	0.356418639421463	0.26623961329460144	0.29177698493003845	0.0	0.0	0.0	0.15861229598522186	0.0	0.0	0.0	0.0	0.0	0.0	0.0	0.0	0.0	0.3135371208190918	0.0	0.0	0.0	0.0	0.19244961440563202	0.21460455656051636	0.0	0.0	0.0	0.0	0.0	0.0	0.26447680592536926	0.0	0.0	0.0	0.0	0.0	0.0	0.34149837493896484	0.2863869369029999	0.0	0.0	0.0	0.0	0.0	0.15730459988117218	0.0	0.0	0.0	0.0
0.0	0.15777000784873962	0.0	0.0	0.0	0.0	0.0	0.0	0.0	0.0	0.0	0.0	0.0	0.0	0.0	0.0	0.35840684175491333	0.26683974266052246	0.29179757833480835	0.0	0.0	0.0	0.15836362540721893	0.0	0.0	0.0	0.0	0.0	0.0	0.0	0.0	0.0	0.31450319290161133	0.0	0.0	0.0	0.0	0.19371072947978973	0.21359893679618835	0.0	0.0	0.0	0.0	0.0	0.0	0.26457709074020386	0.0	0.0	0.0	0.0	0.0	0.0	0.34154775738716125	0.287855863571167	0.0	0.0	0.0	0.0	0.0	0.15715084969997406	0.0	0.0	0.0	0.0
0.0	0.15773098170757294	0.0	0.0	0.0	0.0	0.0	0.0	0.0	0.0	0.0	0.0	0.0	0.0	0.0	0.0	0.35700723528862	0.2669152319431305	0.2918030023574829	0.0	0.0	0.0	0.15761500597000122	0.0	0.0	0.0	0.0	0.0	0.0	0.0	0.0	0.0	0.3132759928703308	0.0	0.0	0.0	0.0	0.19291383028030396	0.2136290967464447	0.0	0.0	0.0	0.0	0.0	0.0	0.2643299102783203	0.0	0.0	0.0	0.0	0.0	0.0	0.3417908847332001	0.28658226132392883	0.0	0.0	0.0	0.0	0.0	0.15665368735790253	0.0	0.0	0.0	0.0
0.0	0.15730762481689453	0.0	0.0	0.0	0.0	0.0	0.0	0.0	0.0	0.0	0.0	0.0	0.0	0.0	0.0	0.3562631905078888	0.26745593547821045	0.2914995849132538	0.0	0.0	0.0	0.1582130342721939	0.0	0.0	0.0	0.0	0.0	0.0	0.0	0.0	0.0	0.31382763385772705	0.0	0.0	0.0	0.0	0.19323815405368805	0.21397078037261963	0.0	0.0	0.0	0.0	0.0	0.0	0.2620106339454651	0.0	0.0	0.0	0.0	0.0	0.0	0.34162700176239014	0.2867802083492279	0.0	0.0	0.0	0.0	0.0	0.15664801001548767	0.0	0.0	0.0	0.0
0.0	0.15634529292583466	0.0	0.0	0.0	0.0	0.0	0.0	0.0	0.0	0.0	0.0	0.0	0.0	0.0	0.0	0.35691967606544495	0.2672531306743622	0.2926899790763855	0.0	0.0	0.0	0.15772750973701477	0.0	0.0	0.0	0.0	0.0	0.0	0.0	0.0	0.0	0.31448206305503845	0.0	0.0	0.0	0.0	0.1933804601430893	0.21404339373111725	0.0	0.0	0.0	0.0	0.0	0.0	0.2643381953239441	0.0	0.0	0.0	0.0	0.0	0.0	0.34208473563194275	0.287432998418808	0.0	0.0	0.0	0.0	0.0	0.15789251029491425	0.0	0.0	0.0	0.0
0.0	0.15693606436252594	0.0	0.0	0.0	0.0	0.0	0.0	0.0	0.0	0.0	0.0	0.0	0.0	0.0	0.0	0.3569142818450928	0.2679760158061981	0.2921891212463379	0.0	0.0	0.0	0.1579509675502777	0.0	0.0	0.0	0.0	0.0	0.0	0.0	0.0	0.0	0.31413954496383667	0.0	0.0	0.0	0.0	0.193335622549057	0.21345984935760498	0.0	0.0	0.0	0.0	0.0	0.0	0.26476389169692993	0.0	0.0	0.0	0.0	0.0	0.0	0.3414558470249176	0.2867491841316223	0.0	0.0	0.0	0.0	0.0	0.15729829668998718	0.0	0.0	0.0	0.0
0.0	0.1577535718679428	0.0	0.0	0.0	0.0	0.0	0.0	0.0	0.0	0.0	0.0	0.0	0.0	0.0	0.0	0.355835497379303	0.2670803964138031	0.2907440960407257	0.0	0.0	0.0	0.1581307202577591	0.0	0.0	0.0	0.0	0.0	0.0	0.0	0.0	0.0	0.3130011558532715	0.0	0.0	0.0	0.0	0.19260354340076447	0.21239659190177917	0.0	0.0	0.0	0.0	0.0	0.0	0.2638551592826843	0.0	0.0	0.0	0.0	0.0	0.0	0.34159794449806213	0.2861485183238983	0.0	0.0	0.0	0.0	0.0	0.15699303150177002	0.0	0.0	0.0	0.0
0.0	0.1577695608139038	0.0	0.0	0.0	0.0	0.0	0.0	0.0	0.0	0.0	0.0	0.0	0.0	0.0	0.0	0.3574669361114502	0.26791316270828247	0.2918550372123718	0.0	0.0	0.0	0.1588873714208603	0.0	0.0	0.0	0.0	0.0	0.0	0.0	0.0	0.0	0.31513479351997375	0.0	0.0	0.0	0.0	0.1936573088169098	0.2136158049106598	0.0	0.0	0.0	0.0	0.0	0.0	0.2632428705692291	0.0	0.0	0.0	0.0	0.0	0.0	0.3427901864051819	0.28754523396492004	0.0	0.0	0.0	0.0	0.0	0.15735024213790894	0.0	0.0	0.0	0.0
0.0	0.15681831538677216	0.0	0.0	0.0	0.0	0.0	0.0	0.0	0.0	0.0	0.0	0.0	0.0	0.0	0.0	0.35707175731658936	0.2665572464466095	0.292540580034256	0.0	0.0	0.0	0.15834055840969086	0.0	0.0	0.0	0.0	0.0	0.0	0.0	0.0	0.0	0.3145599365234375	0.0	0.0	0.0	0.0	0.1937609761953354	0.2134087234735489	0.0	0.0	0.0	0.0	0.0	0.0	0.26487547159194946	0.0	0.0	0.0	0.0	0.0	0.0	0.34252873063087463	0.2865890562534332	0.0	0.0	0.0	0.0	0.0	0.15785977244377136	0.0	0.0	0.0	0.0
0.0	0.157253235578537	0.0	0.0	0.0	0.0	0.0	0.0	0.0	0.0	0.0	0.0	0.0	0.0	0.0	0.0	0.35725170373916626	0.26763924956321716	0.2911137342453003	0.0	0.0	0.0	0.1590617150068283	0.0	0.0	0.0	0.0	0.0	0.0	0.0	0.0	0.0	0.3136269450187683	0.0	0.0	0.0	0.0	0.19426657259464264	0.21314673125743866	0.0	0.0	0.0	0.0	0.0	0.0	0.2640399932861328	0.0	0.0	0.0	0.0	0.0	0.0	0.34266558289527893	0.2867754399776459	0.0	0.0	0.0	0.0	0.0	0.15625885128974915	0.0	0.0	0.0	0.0
0.0	0.1568327248096466	0.0	0.0	0.0	0.0	0.0	0.0	0.0	0.0	0.0	0.0	0.0	0.0	0.0	0.0	0.3574371933937073	0.26809659600257874	0.29196080565452576	0.0	0.0	0.0	0.15813034772872925	0.0	0.0	0.0	0.0	0.0	0.0	0.0	0.0	0.0	0.3135598599910736	0.0	0.0	0.0	0.0	0.19366343319416046	0.21365852653980255	0.0	0.0	0.0	0.0	0.0	0.0	0.26388928294181824	0.0	0.0	0.0	0.0	0.0	0.0	0.3421018421649933	0.28752291202545166	0.0	0.0	0.0	0.0	0.0	0.15690085291862488	0.0	0.0	0.0	0.0
0.0	0.15589043498039246	0.0	0.0	0.0	0.0	0.0	0.0	0.0	0.0	0.0	0.0	0.0	0.0	0.0	0.0	0.3565811216831207	0.26698562502861023	0.2920253276824951	0.0	0.0	0.0	0.15853673219680786	0.0	0.0	0.0	0.0	0.0	0.0	0.0	0.0	0.0	0.3134230971336365	0.0	0.0	0.0	0.0	0.19286847114562988	0.21318861842155457	0.0	0.0	0.0	0.0	0.0	0.0	0.2616848647594452	0.0	0.0	0.0	0.0	0.0	0.0	0.34123334288597107	0.2863408923149109	0.0	0.0	0.0	0.0	0.0	0.1562725007534027	0.0	0.0	0.0	0.0
0.0	0.15641389787197113	0.0	0.0	0.0	0.0	0.0	0.0	0.0	0.0	0.0	0.0	0.0	0.0	0.0	0.0	0.35762330889701843	0.2663193345069885	0.29203471541404724	0.0	0.0	0.0	0.15878859162330627	0.0	0.0	0.0	0.0	0.0	0.0	0.0	0.0	0.0	0.3134111762046814	0.0	0.0	0.0	0.0	0.19258761405944824	0.21354259550571442	0.0	0.0	0.0	0.0	0.0	0.0	0.26380640268325806	0.0	0.0	0.0	0.0	0.0	0.0	0.3405820429325104	0.287257581949234	0.0	0.0	0.0	0.0	0.0	0.15665709972381592	0.0	0.0	0.0	0.0
0.0	0.15729022026062012	0.0	0.0	0.0	0.0	0.0	0.0	0.0	0.0	0.0	0.0	0.0	0.0	0.0	0.0	0.35669320821762085	0.26799964904785156	0.292132705450058	0.0	0.0	0.0	0.15883232653141022	0.0	0.0	0.0	0.0	0.0	0.0	0.0	0.0	0.0	0.31473398208618164	0.0	0.0	0.0	0.0	0.19390687346458435	0.21327273547649384	0.0	0.0	0.0	0.0	0.0	0.0	0.26463207602500916	0.0	0.0	0.0	0.0	0.0	0.0	0.3429979681968689	0.28657275438308716	0.0	0.0	0.0	0.0	0.0	0.1574634313583374	0.0	0.0	0.0	0.0
0.0	0.15637515485286713	0.0	0.0	0.0	0.0	0.0	0.0	0.0	0.0	0.0	0.0	0.0	0.0	0.0	0.0	0.3574061095714569	0.2665708065032959	0.2923586368560791	0.0	0.0	0.0	0.15846572816371918	0.0	0.0	0.0	0.0	0.0	0.0	0.0	0.0	0.0	0.3126695454120636	0.0	0.0	0.0	0.0	0.19286487996578217	0.2138732224702835	0.0	0.0	0.0	0.0	0.0	0.0	0.2635323405265808	0.0	0.0	0.0	0.0	0.0	0.0	0.34246814250946045	0.28656190633773804	0.0	0.0	0.0	0.0	0.0	0.1570025533437729	0.0	0.0	0.0	0.0
0.0	0.15660132467746735	0.0	0.0	0.0	0.0	0.0	0.0	0.0	0.0	0.0	0.0	0.0	0.0	0.0	0.0	0.357092022895813	0.2670702040195465	0.29269537329673767	0.0	0.0	0.0	0.15845896303653717	0.0	0.0	0.0	0.0	0.0	0.0	0.0	0.0	0.0	0.31377238035202026	0.0	0.0	0.0	0.0	0.1930704116821289	0.2136964052915573	0.0	0.0	0.0	0.0	0.0	0.0	0.2640592157840729	0.0	0.0	0.0	0.0	0.0	0.0	0.34207484126091003	0.2868556082248688	0.0	0.0	0.0	0.0	0.0	0.15736009180545807	0.0	0.0	0.0	0.0
0.0	0.15759889781475067	0.0	0.0	0.0	0.0	0.0	0.0	0.0	0.0	0.0	0.0	0.0	0.0	0.0	0.0	0.3573724031448364	0.26735180616378784	0.29182812571525574	0.0	0.0	0.0	0.1573995053768158	0.0	0.0	0.0	0.0	0.0	0.0	0.0	0.0	0.0	0.3133949637413025	0.0	0.0	0.0	0.0	0.1934141218662262	0.21356789767742157	0.0	0.0	0.0	0.0	0.0	0.0	0.26393362879753113	0.0	0.0	0.0	0.0	0.0	0.0	0.34204402565956116	0.2857043445110321	0.0	0.0	0.0	0.0	0.0	0.15897154808044434	0.0	0.0	0.0	0.0
0.0	0.15711615979671478	0.0	0.0	0.0	0.0	0.0	0.0	0.0	0.0	0.0	0.0	0.0	0.0	0.0	0.0	0.35679247975349426	0.267374187707901	0.29037123918533325	0.0	0.0	0.0	0.15711984038352966	0.0	0.0	0.0	0.0	0.0	0.0	0.0	0.0	0.0	0.3131830096244812	0.0	0.0	0.0	0.0	0.19375088810920715	0.21273264288902283	0.0	0.0	0.0	0.0	0.0	0.0	0.2637476623058319	0.0	0.0	0.0	0.0	0.0	0.0	0.34179502725601196	0.2860633432865143	0.0	0.0	0.0	0.0	0.0	0.15776750445365906	0.0	0.0	0.0	0.0
0.0	0.15840470790863037	0.0	0.0	0.0	0.0	0.0	0.0	0.0	0.0	0.0	0.0	0.0	0.0	0.0	0.0	0.35591593384742737	0.2675131857395172	0.2916926443576813	0.0	0.0	0.0	0.15759098529815674	0.0	0.0	0.0	0.0	0.0	0.0	0.0	0.0	0.0	0.3114514946937561	0.0	0.0	0.0	0.0	0.19293212890625	0.2131420373916626	0.0	0.0	0.0	0.0	0.0	0.0	0.2635011374950409	0.0	0.0	0.0	0.0	0.0	0.0	0.34253400564193726	0.28537437319755554	0.0	0.0	0.0	0.0	0.0	0.15678060054779053	0.0	0.0	0.0	0.0
0.0	0.15729190409183502	0.0	0.0	0.0	0.0	0.0	0.0	0.0	0.0	0.0	0.0	0.0	0.0	0.0	0.0	0.3572734296321869	0.26820820569992065	0.292746901512146	0.0	0.0	0.0	0.15815678238868713	0.0	0.0	0.0	0.0	0.0	0.0	0.0	0.0	0.0	0.3141913414001465	0.0	0.0	0.0	0.0	0.19338256120681763	0.21301904320716858	0.0	0.0	0.0	0.0	0.0	0.0	0.26418671011924744	0.0	0.0	0.0	0.0	0.0	0.0	0.34143635630607605	0.2877545952796936	0.0	0.0	0.0	0.0	0.0	0.15831638872623444	0.0	0.0	0.0	0.0
0.0	0.15785369277000427	0.0	0.0	0.0	0.0	0.0	0.0	0.0	0.0	0.0	0.0	0.0	0.0	0.0	0.0	0.3562392294406891	0.2672653794288635	0.29239609837532043	0.0	0.0	0.0	0.1584615260362625	0.0	0.0	0.0	0.0	0.0	0.0	0.0	0.0	0.0	0.3137105107307434	0.0	0.0	0.0	0.0	0.1928861290216446	0.21400202810764313	0.0	0.0	0.0	0.0	0.0	0.0	0.26491889357566833	0.0	0.0	0.0	0.0	0.0	0.0	0.34192273020744324	0.28673771023750305	0.0	0.0	0.0	0.0	0.0	0.15790529549121857	0.0	0.0	0.0	0.0
0.0	0.1567019671201706	0.0	0.0	0.0	0.0	0.0	0.0	0.0	0.0	0.0	0.0	0.0	0.0	0.0	0.0	0.3578326106071472	0.2673563063144684	0.2913461923599243	0.0	0.0	0.0	0.15874716639518738	0.0	0.0	0.0	0.0	0.0	0.0	0.0	0.0	0.0	0.3144913613796234	0.0	0.0	0.0	0.0	0.19299036264419556	0.2148493081331253	0.0	0.0	0.0	0.0	0.0	0.0	0.2639646828174591	0.0	0.0	0.0	0.0	0.0	0.0	0.34211835265159607	0.2876306176185608	0.0	0.0	0.0	0.0	0.0	0.15762829780578613	0.0	0.0	0.0	0.0
0.0	0.15657053887844086	0.0	0.0	0.0	0.0	0.0	0.0	0.0	0.0	0.0	0.0	0.0	0.0	0.0	0.0	0.35691699385643005	0.2671537697315216	0.2917899191379547	0.0	0.0	0.0	0.15746590495109558	0.0	0.0	0.0	0.0	0.0	0.0	0.0	0.0	0.0	0.3128395974636078	0.0	0.0	0.0	0.0	0.19270414113998413	0.2127944380044937	0.0	0.0	0.0	0.0	0.0	0.0	0.2627405524253845	0.0	0.0	0.0	0.0	0.0	0.0	0.3404468595981598	0.2867127060890198	0.0	0.0	0.0	0.0	0.0	0.157249316573143	0.0	0.0	0.0	0.0
0.0	0.15706445276737213	0.0	0.0	0.0	0.0	0.0	0.0	0.0	0.0	0.0	0.0	0.0	0.0	0.0	0.0	0.3577578663825989	0.2665470242500305	0.29230210185050964	0.0	0.0	0.0	0.15905950963497162	0.0	0.0	0.0	0.0	0.0	0.0	0.0	0.0	0.0	0.3138223886489868	0.0	0.0	0.0	0.0	0.192531019449234	0.21282613277435303	0.0	0.0	0.0	0.0	0.0	0.0	0.26342296600341797	0.0	0.0	0.0	0.0	0.0	0.0	0.3403269648551941	0.2878369688987732	0.0	0.0	0.0	0.0	0.0	0.15809987485408783	0.0	0.0	0.0	0.0
0.0	0.15755386650562286	0.0	0.0	0.0	0.0	0.0	0.0	0.0	0.0	0.0	0.0	0.0	0.0	0.0	0.0	0.3577083647251129	0.26681169867515564	0.29232317209243774	0.0	0.0	0.0	0.15836353600025177	0.0	0.0	0.0	0.0	0.0	0.0	0.0	0.0	0.0	0.3136340379714966	0.0	0.0	0.0	0.0	0.1934199035167694	0.21458935737609863	0.0	0.0	0.0	0.0	0.0	0.0	0.2638761103153229	0.0	0.0	0.0	0.0	0.0	0.0	0.34308740496635437	0.2869414687156677	0.0	0.0	0.0	0.0	0.0	0.15782025456428528	0.0	0.0	0.0	0.0
0.0	0.15740379691123962	0.0	0.0	0.0	0.0	0.0	0.0	0.0	0.0	0.0	0.0	0.0	0.0	0.0	0.0	0.35689401626586914	0.2657875716686249	0.2919314205646515	0.0	0.0	0.0	0.15871761739253998	0.0	0.0	0.0	0.0	0.0	0.0	0.0	0.0	0.0	0.31318384408950806	0.0	0.0	0.0	0.0	0.1927638053894043	0.21371889114379883	0.0	0.0	0.0	0.0	0.0	0.0	0.2627350687980652	0.0	0.0	0.0	0.0	0.0	0.0	0.3415322005748749	0.2863462269306183	0.0	0.0	0.0	0.0	0.0	0.15645745396614075	0.0	0.0	0.0	0.0
0.0	0.15573053061962128	0.0	0.0	0.0	0.0	0.0	0.0	0.0	0.0	0.0	0.0	0.0	0.0	0.0	0.0	0.3571682572364807	0.2680296301841736	0.29253897070884705	0.0	0.0	0.0	0.15858696401119232	0.0	0.0	0.0	0.0	0.0	0.0	0.0	0.0	0.0	0.31387150287628174	0.0	0.0	0.0	0.0	0.1942596286535263	0.21385444700717926	0.0	0.0	0.0	0.0	0.0	0.0	0.2649906575679779	0.0	0.0	0.0	0.0	0.0	0.0	0.3424682915210724	0.28714826703071594	0.0	0.0	0.0	0.0	0.0	0.15750235319137573	0.0	0.0	0.0	0.0
0.0	0.15750811994075775	0.0	0.0	0.0	0.0	0.0	0.0	0.0	0.0	0.0	0.0	0.0	0.0	0.0	0.0	0.3566613495349884	0.2677513360977173	0.2919950485229492	0.0	0.0	0.0	0.15850096940994263	0.0	0.0	0.0	0.0	0.0	0.0	0.0	0.0	0.0	0.3138871192932129	0.0	0.0	0.0	0.0	0.1937718689441681	0.21349160373210907	0.0	0.0	0.0	0.0	0.0	0.0	0.26410019397735596	0.0	0.0	0.0	0.0	0.0	0.0	0.34255245327949524	0.2871849536895752	0.0	0.0	0.0	0.0	0.0	0.1576811820268631	0.0	0.0	0.0	0.0
0.0	0.15704701840877533	0.0	0.0	0.0	0.0	0.0	0.0	0.0	0.0	0.0	0.0	0.0	0.0	0.0	0.0	0.3570094108581543	0.2664625942707062	0.2919851243495941	0.0	0.0	0.0	0.15865206718444824	0.0	0.0	0.0	0.0	0.0	0.0	0.0	0.0	0.0	0.31334492564201355	0.0	0.0	0.0	0.0	0.19355423748493195	0.2139766663312912	0.0	0.0	0.0	0.0	0.0	0.0	0.26334887742996216	0.0	0.0	0.0	0.0	0.0	0.0	0.34139496088027954	0.2870127856731415	0.0	0.0	0.0	0.0	0.0	0.15635500848293304	0.0	0.0	0.0	0.0
0.0	0.15702500939369202	0.0	0.0	0.0	0.0	0.0	0.0	0.0	0.0	0.0	0.0	0.0	0.0	0.0	0.0	0.35775241255760193	0.26775017380714417	0.29167279601097107	0.0	0.0	0.0	0.15867741405963898	0.0	0.0	0.0	0.0	0.0	0.0	0.0	0.0	0.0	0.31367677450180054	0.0	0.0	0.0	0.0	0.19312900304794312	0.2137523889541626	0.0	0.0	0.0	0.0	0.0	0.0	0.26342567801475525	0.0	0.0	0.0	0.0	0.0	0.0	0.34200629591941833	0.2868095636367798	0.0	0.0	0.0	0.0	0.0	0.15896476805210114	0.0	0.0	0.0	0.0
0.0	0.15642522275447845	0.0	0.0	0.0	0.0	0.0	0.0	0.0	0.0	0.0	0.0	0.0	0.0	0.0	0.0	0.35825634002685547	0.2673506736755371	0.2919935882091522	0.0	0.0	0.0	0.1577576845884323	0.0	0.0	0.0	0.0	0.0	0.0	0.0	0.0	0.0	0.3139137327671051	0.0	0.0	0.0	0.0	0.1935470998287201	0.21332329511642456	0.0	0.0	0.0	0.0	0.0	0.0	0.2630476951599121	0.0	0.0	0.0	0.0	0.0	0.0	0.34146925806999207	0.2867128551006317	0.0	0.0	0.0	0.0	0.0	0.15683433413505554	0.0	0.0	0.0	0.0
0.0	0.15706486999988556	0.0	0.0	0.0	0.0	0.0	0.0	0.0	0.0	0.0	0.0	0.0	0.0	0.0	0.0	0.3575936555862427	0.2679208517074585	0.2919459044933319	0.0	0.0	0.0	0.15843290090560913	0.0	0.0	0.0	0.0	0.0	0.0	0.0	0.0	0.0	0.314080148935318	0.0	0.0	0.0	0.0	0.19320310652256012	0.21385043859481812	0.0	0.0	0.0	0.0	0.0	0.0	0.2642866373062134	0.0	0.0	0.0	0.0	0.0	0.0	0.34285905957221985	0.2872051000595093	0.0	0.0	0.0	0.0	0.0	0.15866640210151672	0.0	0.0	0.0	0.0
0.0	0.15586087107658386	0.0	0.0	0.0	0.0	0.0	0.0	0.0	0.0	0.0	0.0	0.0	0.0	0.0	0.0	0.3576810657978058	0.26848727464675903	0.29222363233566284	0.0	0.0	0.0	0.15730035305023193	0.0	0.0	0.0	0.0	0.0	0.0	0.0	0.0	0.0	0.3132265508174896	0.0	0.0	0.0	0.0	0.19272038340568542	0.21298745274543762	0.0	0.0	0.0	0.0	0.0	0.0	0.2644052505493164	0.0	0.0	0.0	0.0	0.0	0.0	0.3433583080768585	0.28695422410964966	0.0	0.0	0.0	0.0	0.0	0.15820856392383575	0.0	0.0	0.0	0.0
0.0	0.1563175618648529	0.0	0.0	0.0	0.0	0.0	0.0	0.0	0.0	0.0	0.0	0.0	0.0	0.0	0.0	0.3563920557498932	0.26710349321365356	0.29345056414604187	0.0	0.0	0.0	0.15884773433208466	0.0	0.0	0.0	0.0	0.0	0.0	0.0	0.0	0.0	0.3143426477909088	0.0	0.0	0.0	0.0	0.19338274002075195	0.21399536728858948	0.0	0.0	0.0	0.0	0.0	0.0	0.26351627707481384	0.0	0.0	0.0	0.0	0.0	0.0	0.3425218462944031	0.28615400195121765	0.0	0.0	0.0	0.0	0.0	0.15873928368091583	0.0	0.0	0.0	0.0
0.0	0.15759272873401642	0.0	0.0	0.0	0.0	0.0	0.0	0.0	0.0	0.0	0.0	0.0	0.0	0.0	0.0	0.3578520119190216	0.2677902281284332	0.29217293858528137	0.0	0.0	0.0	0.1587357521057129	0.0	0.0	0.0	0.0	0.0	0.0	0.0	0.0	0.0	0.3141028881072998	0.0	0.0	0.0	0.0	0.19347262382507324	0.21379616856575012	0.0	0.0	0.0	0.0	0.0	0.0	0.2653765380382538	0.0	0.0	0.0	0.0	0.0	0.0	0.341768741607666	0.28638023138046265	0.0	0.0	0.0	0.0	0.0	0.1578977406024933	0.0	0.0	0.0	0.0
0.0	0.15798933804035187	0.0	0.0	0.0	0.0	0.0	0.0	0.0	0.0	0.0	0.0	0.0	0.0	0.0	0.0	0.35642799735069275	0.26775211095809937	0.29215213656425476	0.0	0.0	0.0	0.15865252912044525	0.0	0.0	0.0	0.0	0.0	0.0	0.0	0.0	0.0	0.31435132026672363	0.0	0.0	0.0	0.0	0.19362753629684448	0.21429336071014404	0.0	0.0	0.0	0.0	0.0	0.0	0.26411354541778564	0.0	0.0	0.0	0.0	0.0	0.0	0.3432145416736603	0.28630033135414124	0.0	0.0	0.0	0.0	0.0	0.15753068029880524	0.0	0.0	0.0	0.0
0.0	0.1566857248544693	0.0	0.0	0.0	0.0	0.0	0.0	0.0	0.0	0.0	0.0	0.0	0.0	0.0	0.0	0.3571029603481293	0.2674679458141327	0.2919372618198395	0.0	0.0	0.0	0.15910466015338898	0.0	0.0	0.0	0.0	0.0	0.0	0.0	0.0	0.0	0.3143068850040436	0.0	0.0	0.0	0.0	0.19339297711849213	0.2132735550403595	0.0	0.0	0.0	0.0	0.0	0.0	0.2640921175479889	0.0	0.0	0.0	0.0	0.0	0.0	0.3422670066356659	0.28742727637290955	0.0	0.0	0.0	0.0	0.0	0.15669217705726624	0.0	0.0	0.0	0.0
0.0	0.1569785475730896	0.0	0.0	0.0	0.0	0.0	0.0	0.0	0.0	0.0	0.0	0.0	0.0	0.0	0.0	0.3570496439933777	0.2676301598548889	0.29237496852874756	0.0	0.0	0.0	0.1576884388923645	0.0	0.0	0.0	0.0	0.0	0.0	0.0	0.0	0.0	0.31442010402679443	0.0	0.0	0.0	0.0	0.19356659054756165	0.21313254535198212	0.0	0.0	0.0	0.0	0.0	0.0	0.26341578364372253	0.0	0.0	0.0	0.0	0.0	0.0	0.3425421118736267	0.2870961129665375	0.0	0.0	0.0	0.0	0.0	0.15715616941452026	0.0	0.0	0.0	0.0
0.0	0.15641024708747864	0.0	0.0	0.0	0.0	0.0	0.0	0.0	0.0	0.0	0.0	0.0	0.0	0.0	0.0	0.35650643706321716	0.2668691575527191	0.2916783392429352	0.0	0.0	0.0	0.158257395029068	0.0	0.0	0.0	0.0	0.0	0.0	0.0	0.0	0.0	0.3138691782951355	0.0	0.0	0.0	0.0	0.19315525889396667	0.21379224956035614	0.0	0.0	0.0	0.0	0.0	0.0	0.26440101861953735	0.0	0.0	0.0	0.0	0.0	0.0	0.3416021466255188	0.28715071082115173	0.0	0.0	0.0	0.0	0.0	0.15760812163352966	0.0	0.0	0.0	0.0
0.0	0.15665657818317413	0.0	0.0	0.0	0.0	0.0	0.0	0.0	0.0	0.0	0.0	0.0	0.0	0.0	0.0	0.35730791091918945	0.26744359731674194	0.29191848635673523	0.0	0.0	0.0	0.15820732712745667	0.0	0.0	0.0	0.0	0.0	0.0	0.0	0.0	0.0	0.31385478377342224	0.0	0.0	0.0	0.0	0.19356487691402435	0.21324422955513	0.0	0.0	0.0	0.0	0.0	0.0	0.2639232873916626	0.0	0.0	0.0	0.0	0.0	0.0	0.3414968252182007	0.2865956127643585	0.0	0.0	0.0	0.0	0.0	0.15673187375068665	0.0	0.0	0.0	0.0
0.0	0.15711218118667603	0.0	0.0	0.0	0.0	0.0	0.0	0.0	0.0	0.0	0.0	0.0	0.0	0.0	0.0	0.3574572205543518	0.26732394099235535	0.2922579050064087	0.0	0.0	0.0	0.15867260098457336	0.0	0.0	0.0	0.0	0.0	0.0	0.0	0.0	0.0	0.3140586018562317	0.0	0.0	0.0	0.0	0.19292330741882324	0.21402034163475037	0.0	0.0	0.0	0.0	0.0	0.0	0.2638634741306305	0.0	0.0	0.0	0.0	0.0	0.0	0.34218522906303406	0.2869294583797455	0.0	0.0	0.0	0.0	0.0	0.15745550394058228	0.0	0.0	0.0	0.0
0.0	0.15710479021072388	0.0	0.0	0.0	0.0	0.0	0.0	0.0	0.0	0.0	0.0	0.0	0.0	0.0	0.0	0.35712379217147827	0.26680174469947815	0.2910197377204895	0.0	0.0	0.0	0.15828299522399902	0.0	0.0	0.0	0.0	0.0	0.0	0.0	0.0	0.0	0.31407129764556885	0.0	0.0	0.0	0.0	0.19326162338256836	0.21338768303394318	0.0	0.0	0.0	0.0	0.0	0.0	0.26390397548675537	0.0	0.0	0.0	0.0	0.0	0.0	0.3413955569267273	0.28638944029808044	0.0	0.0	0.0	0.0	0.0	0.15717430412769318	0.0	0.0	0.0	0.0
0.0	0.15679685771465302	0.0	0.0	0.0	0.0	0.0	0.0	0.0	0.0	0.0	0.0	0.0	0.0	0.0	0.0	0.3571089208126068	0.26845020055770874	0.2916543483734131	0.0	0.0	0.0	0.15791809558868408	0.0	0.0	0.0	0.0	0.0	0.0	0.0	0.0	0.0	0.31444406509399414	0.0	0.0	0.0	0.0	0.1931351125240326	0.21462108194828033	0.0	0.0	0.0	0.0	0.0	0.0	0.26521310210227966	0.0	0.0	0.0	0.0	0.0	0.0	0.34240585565567017	0.28709515929222107	0.0	0.0	0.0	0.0	0.0	0.15844492614269257	0.0	0.0	0.0	0.0
0.0	0.1575431376695633	0.0	0.0	0.0	0.0	0.0	0.0	0.0	0.0	0.0	0.0	0.0	0.0	0.0	0.0	0.35615620017051697	0.26724645495414734	0.2914375364780426	0.0	0.0	0.0	0.15865236520767212	0.0	0.0	0.0	0.0	0.0	0.0	0.0	0.0	0.0	0.3139873743057251	0.0	0.0	0.0	0.0	0.1933365762233734	0.21324193477630615	0.0	0.0	0.0	0.0	0.0	0.0	0.26411062479019165	0.0	0.0	0.0	0.0	0.0	0.0	0.34139275550842285	0.28639844059944153	0.0	0.0	0.0	0.0	0.0	0.15723399817943573	0.0	0.0	0.0	0.0
0.0	0.15560339391231537	0.0	0.0	0.0	0.0	0.0	0.0	0.0	0.0	0.0	0.0	0.0	0.0	0.0	0.0	0.3558940887451172	0.26669567823410034	0.2947405278682709	0.0	0.0	0.0	0.15769606828689575	0.0	0.0	0.0	0.0	0.0	0.0	0.0	0.0	0.0	0.3124332129955292	0.0	0.0	0.0	0.0	0.19247345626354218	0.21412448585033417	0.0	0.0	0.0	0.0	0.0	0.0	0.2653016149997711	0.0	0.0	0.0	0.0	0.0	0.0	0.3428455889225006	0.28481751680374146	0.0	0.0	0.0	0.0	0.0	0.15782639384269714	0.0	0.0	0.0	0.0
0.0	0.15752358734607697	0.0	0.0	0.0	0.0	0.0	0.0	0.0	0.0	0.0	0.0	0.0	0.0	0.0	0.0	0.3571189343929291	0.26693370938301086	0.2920165956020355	0.0	0.0	0.0	0.15785813331604004	0.0	0.0	0.0	0.0	0.0	0.0	0.0	0.0	0.0	0.31376585364341736	0.0	0.0	0.0	0.0	0.1939324140548706	0.21350277960300446	0.0	0.0	0.0	0.0	0.0	0.0	0.26380783319473267	0.0	0.0	0.0	0.0	0.0	0.0	0.3422592580318451	0.2871657907962799	0.0	0.0	0.0	0.0	0.0	0.1578921228647232	0.0	0.0	0.0	0.0
0.0	0.15617385506629944	0.0	0.0	0.0	0.0	0.0	0.0	0.0	0.0	0.0	0.0	0.0	0.0	0.0	0.0	0.3564717769622803	0.2668053209781647	0.2923824191093445	0.0	0.0	0.0	0.15808643400669098	0.0	0.0	0.0	0.0	0.0	0.0	0.0	0.0	0.0	0.31354284286499023	0.0	0.0	0.0	0.0	0.19294221699237823	0.21333612501621246	0.0	0.0	0.0	0.0	0.0	0.0	0.263988196849823	0.0	0.0	0.0	0.0	0.0	0.0	0.3421495258808136	0.2868492603302002	0.0	0.0	0.0	0.0	0.0	0.15865564346313477	0.0	0.0	0.0	0.0
0.0	0.1570853292942047	0.0	0.0	0.0	0.0	0.0	0.0	0.0	0.0	0.0	0.0	0.0	0.0	0.0	0.0	0.3568023443222046	0.2675836384296417	0.29189300537109375	0.0	0.0	0.0	0.15866585075855255	0.0	0.0	0.0	0.0	0.0	0.0	0.0	0.0	0.0	0.31276366114616394	0.0	0.0	0.0	0.0	0.19285911321640015	0.21309331059455872	0.0	0.0	0.0	0.0	0.0	0.0	0.2643190026283264	0.0	0.0	0.0	0.0	0.0	0.0	0.3415592312812805	0.28605133295059204	0.0	0.0	0.0	0.0	0.0	0.1571694016456604	0.0	0.0	0.0	0.0
0.0	0.15760450065135956	0.0	0.0	0.0	0.0	0.0	0.0	0.0	0.0	0.0	0.0	0.0	0.0	0.0	0.0	0.35785382986068726	0.26627105474472046	0.29192087054252625	0.0	0.0	0.0	0.1592232882976532	0.0	0.0	0.0	0.0	0.0	0.0	0.0	0.0	0.0	0.313471257686615	0.0	0.0	0.0	0.0	0.19403143227100372	0.21399256587028503	0.0	0.0	0.0	0.0	0.0	0.0	0.2650716006755829	0.0	0.0	0.0	0.0	0.0	0.0	0.34208250045776367	0.2875073552131653	0.0	0.0	0.0	0.0	0.0	0.15771691501140594	0.0	0.0	0.0	0.0
0.0	0.15760107338428497	0.0	0.0	0.0	0.0	0.0	0.0	0.0	0.0	0.0	0.0	0.0	0.0	0.0	0.0	0.356683611869812	0.2660325765609741	0.29146069288253784	0.0	0.0	0.0	0.1576971411705017	0.0	0.0	0.0	0.0	0.0	0.0	0.0	0.0	0.0	0.3141123652458191	0.0	0.0	0.0	0.0	0.19261206686496735	0.21280793845653534	0.0	0.0	0.0	0.0	0.0	0.0	0.2630990743637085	0.0	0.0	0.0	0.0	0.0	0.0	0.34060537815093994	0.2866032123565674	0.0	0.0	0.0	0.0	0.0	0.15678444504737854	0.0	0.0	0.0	0.0
0.0	0.15705879032611847	0.0	0.0	0.0	0.0	0.0	0.0	0.0	0.0	0.0	0.0	0.0	0.0	0.0	0.0	0.35742858052253723	0.2673265337944031	0.2918844521045685	0.0	0.0	0.0	0.15836726129055023	0.0	0.0	0.0	0.0	0.0	0.0	0.0	0.0	0.0	0.31403863430023193	0.0	0.0	0.0	0.0	0.19376875460147858	0.2131313532590866	0.0	0.0	0.0	0.0	0.0	0.0	0.26436206698417664	0.0	0.0	0.0	0.0	0.0	0.0	0.34218254685401917	0.28724586963653564	0.0	0.0	0.0	0.0	0.0	0.1577730029821396	0.0	0.0	0.0	0.0
0.0	0.15692731738090515	0.0	0.0	0.0	0.0	0.0	0.0	0.0	0.0	0.0	0.0	0.0	0.0	0.0	0.0	0.3568197786808014	0.2676262855529785	0.2920304536819458	0.0	0.0	0.0	0.15880344808101654	0.0	0.0	0.0	0.0	0.0	0.0	0.0	0.0	0.0	0.31392160058021545	0.0	0.0	0.0	0.0	0.1924968659877777	0.21369129419326782	0.0	0.0	0.0	0.0	0.0	0.0	0.26359823346138	0.0	0.0	0.0	0.0	0.0	0.0	0.3408678472042084	0.2867581248283386	0.0	0.0	0.0	0.0	0.0	0.1566258668899536	0.0	0.0	0.0	0.0
0.0	0.15726883709430695	0.0	0.0	0.0	0.0	0.0	0.0	0.0	0.0	0.0	0.0	0.0	0.0	0.0	0.0	0.35730740427970886	0.26732486486434937	0.29261934757232666	0.0	0.0	0.0	0.15786932408809662	0.0	0.0	0.0	0.0	0.0	0.0	0.0	0.0	0.0	0.314003586769104	0.0	0.0	0.0	0.0	0.19376124441623688	0.21437297761440277	0.0	0.0	0.0	0.0	0.0	0.0	0.2643676996231079	0.0	0.0	0.0	0.0	0.0	0.0	0.3426090478897095	0.28754138946533203	0.0	0.0	0.0	0.0	0.0	0.15730595588684082	0.0	0.0	0.0	0.0
0.0	0.1570013165473938	0.0	0.0	0.0	0.0	0.0	0.0	0.0	0.0	0.0	0.0	0.0	0.0	0.0	0.0	0.3577333688735962	0.26731523871421814	0.29289060831069946	0.0	0.0	0.0	0.15809138119220734	0.0	0.0	0.0	0.0	0.0	0.0	0.0	0.0	0.0	0.31385746598243713	0.0	0.0	0.0	0.0	0.1935354769229889	0.2137262374162674	0.0	0.0	0.0	0.0	0.0	0.0	0.2643263339996338	0.0	0.0	0.0	0.0	0.0	0.0	0.3426186442375183	0.286484956741333	0.0	0.0	0.0	0.0	0.0	0.15715916454792023	0.0	0.0	0.0	0.0
0.0	0.15767431259155273	0.0	0.0	0.0	0.0	0.0	0.0	0.0	0.0	0.0	0.0	0.0	0.0	0.0	0.0	0.355916291475296	0.2669810354709625	0.2918342649936676	0.0	0.0	0.0	0.1577274650335312	0.0	0.0	0.0	0.0	0.0	0.0	0.0	0.0	0.0	0.31356433033943176	0.0	0.0	0.0	0.0	0.19310389459133148	0.21380190551280975	0.0	0.0	0.0	0.0	0.0	0.0	0.264207124710083	0.0	0.0	0.0	0.0	0.0	0.0	0.34182822704315186	0.28706490993499756	0.0	0.0	0.0	0.0	0.0	0.1573478728532791	0.0	0.0	0.0	0.0
0.0	0.15653198957443237	0.0	0.0	0.0	0.0	0.0	0.0	0.0	0.0	0.0	0.0	0.0	0.0	0.0	0.0	0.356739342212677	0.26806390285491943	0.29235583543777466	0.0	0.0	0.0	0.15814094245433807	0.0	0.0	0.0	0.0	0.0	0.0	0.0	0.0	0.0	0.314195454120636	0.0	0.0	0.0	0.0	0.19352664053440094	0.21403290331363678	0.0	0.0	0.0	0.0	0.0	0.0	0.2640063166618347	0.0	0.0	0.0	0.0	0.0	0.0	0.34026339650154114	0.28596973419189453	0.0	0.0	0.0	0.0	0.0	0.1588408648967743	0.0	0.0	0.0	0.0
0.0	0.15738725662231445	0.0	0.0	0.0	0.0	0.0	0.0	0.0	0.0	0.0	0.0	0.0	0.0	0.0	0.0	0.3572339713573456	0.2673203647136688	0.29268768429756165	0.0	0.0	0.0	0.15860526263713837	0.0	0.0	0.0	0.0	0.0	0.0	0.0	0.0	0.0	0.3146311938762665	0.0	0.0	0.0	0.0	0.19296357035636902	0.2140626460313797	0.0	0.0	0.0	0.0	0.0	0.0	0.26479315757751465	0.0	0.0	0.0	0.0	0.0	0.0	0.34157219529151917	0.28729450702667236	0.0	0.0	0.0	0.0	0.0	0.1574181318283081	0.0	0.0	0.0	0.0
0.0	0.15673057734966278	0.0	0.0	0.0	0.0	0.0	0.0	0.0	0.0	0.0	0.0	0.0	0.0	0.0	0.0	0.35623136162757874	0.2677273452281952	0.2916722297668457	0.0	0.0	0.0	0.15767242014408112	0.0	0.0	0.0	0.0	0.0	0.0	0.0	0.0	0.0	0.31431710720062256	0.0	0.0	0.0	0.0	0.19348618388175964	0.21308796107769012	0.0	0.0	0.0	0.0	0.0	0.0	0.2638670802116394	0.0	0.0	0.0	0.0	0.0	0.0	0.34112709760665894	0.2866653501987457	0.0	0.0	0.0	0.0	0.0	0.1569099724292755	0.0	0.0	0.0	0.0
0.0	0.15620367228984833	0.0	0.0	0.0	0.0	0.0	0.0	0.0	0.0	0.0	0.0	0.0	0.0	0.0	0.0	0.3578934669494629	0.26582375168800354	0.2912774085998535	0.0	0.0	0.0	0.15656089782714844	0.0	0.0	0.0	0.0	0.0	0.0	0.0	0.0	0.0	0.31233999133110046	0.0	0.0	0.0	0.0	0.19181987643241882	0.21355022490024567	0.0	0.0	0.0	0.0	0.0	0.0	0.26477187871932983	0.0	0.0	0.0	0.0	0.0	0.0	0.3410727381706238	0.2865123152732849	0.0	0.0	0.0	0.0	0.0	0.15634937584400177	0.0	0.0	0.0	0.0
0.0	0.1578081101179123	0.0	0.0	0.0	0.0	0.0	0.0	0.0	0.0	0.0	0.0	0.0	0.0	0.0	0.0	0.35808300971984863	0.26791542768478394	0.293484091758728	0.0	0.0	0.0	0.1587599664926529	0.0	0.0	0.0	0.0	0.0	0.0	0.0	0.0	0.0	0.3149888515472412	0.0	0.0	0.0	0.0	0.1939142346382141	0.21337643265724182	0.0	0.0	0.0	0.0	0.0	0.0	0.26555293798446655	0.0	0.0	0.0	0.0	0.0	0.0	0.34508275985717773	0.28792837262153625	0.0	0.0	0.0	0.0	0.0	0.1592349261045456	0.0	0.0	0.0	0.0
0.0	0.15766951441764832	0.0	0.0	0.0	0.0	0.0	0.0	0.0	0.0	0.0	0.0	0.0	0.0	0.0	0.0	0.35582998394966125	0.26704928278923035	0.29088500142097473	0.0	0.0	0.0	0.1583816409111023	0.0	0.0	0.0	0.0	0.0	0.0	0.0	0.0	0.0	0.31214842200279236	0.0	0.0	0.0	0.0	0.19322752952575684	0.2128702700138092	0.0	0.0	0.0	0.0	0.0	0.0	0.26288795471191406	0.0	0.0	0.0	0.0	0.0	0.0	0.34085389971733093	0.28517764806747437	0.0	0.0	0.0	0.0	0.0	0.15469786524772644	0.0	0.0	0.0	0.0
0.0	0.15751789510250092	0.0	0.0	0.0	0.0	0.0	0.0	0.0	0.0	0.0	0.0	0.0	0.0	0.0	0.0	0.3570263981819153	0.2677105963230133	0.2914571762084961	0.0	0.0	0.0	0.15848886966705322	0.0	0.0	0.0	0.0	0.0	0.0	0.0	0.0	0.0	0.3135152757167816	0.0	0.0	0.0	0.0	0.19277341663837433	0.21392111480236053	0.0	0.0	0.0	0.0	0.0	0.0	0.2646770775318146	0.0	0.0	0.0	0.0	0.0	0.0	0.3422422409057617	0.28770673274993896	0.0	0.0	0.0	0.0	0.0	0.15790799260139465	0.0	0.0	0.0	0.0
0.0	0.1559266448020935	0.0	0.0	0.0	0.0	0.0	0.0	0.0	0.0	0.0	0.0	0.0	0.0	0.0	0.0	0.3573206663131714	0.2654372453689575	0.291138231754303	0.0	0.0	0.0	0.15979038178920746	0.0	0.0	0.0	0.0	0.0	0.0	0.0	0.0	0.0	0.3135063946247101	0.0	0.0	0.0	0.0	0.1931958645582199	0.21262919902801514	0.0	0.0	0.0	0.0	0.0	0.0	0.2634745240211487	0.0	0.0	0.0	0.0	0.0	0.0	0.3397068381309509	0.2855941951274872	0.0	0.0	0.0	0.0	0.0	0.15531495213508606	0.0	0.0	0.0	0.0
0.0	0.1563904881477356	0.0	0.0	0.0	0.0	0.0	0.0	0.0	0.0	0.0	0.0	0.0	0.0	0.0	0.0	0.3573952615261078	0.26661527156829834	0.2908240556716919	0.0	0.0	0.0	0.15779371559619904	0.0	0.0	0.0	0.0	0.0	0.0	0.0	0.0	0.0	0.3137980103492737	0.0	0.0	0.0	0.0	0.19306939840316772	0.21262027323246002	0.0	0.0	0.0	0.0	0.0	0.0	0.2639809548854828	0.0	0.0	0.0	0.0	0.0	0.0	0.34066635370254517	0.28657054901123047	0.0	0.0	0.0	0.0	0.0	0.15726590156555176	0.0	0.0	0.0	0.0
0.0	0.15694507956504822	0.0	0.0	0.0	0.0	0.0	0.0	0.0	0.0	0.0	0.0	0.0	0.0	0.0	0.0	0.3559078276157379	0.26663738489151	0.2911677658557892	0.0	0.0	0.0	0.1575240045785904	0.0	0.0	0.0	0.0	0.0	0.0	0.0	0.0	0.0	0.3120276927947998	0.0	0.0	0.0	0.0	0.19305314123630524	0.2128436118364334	0.0	0.0	0.0	0.0	0.0	0.0	0.26247328519821167	0.0	0.0	0.0	0.0	0.0	0.0	0.3419088125228882	0.2857043445110321	0.0	0.0	0.0	0.0	0.0	0.15691466629505157	0.0	0.0	0.0	0.0
0.0	0.1572180837392807	0.0	0.0	0.0	0.0	0.0	0.0	0.0	0.0	0.0	0.0	0.0	0.0	0.0	0.0	0.35611674189567566	0.2673577666282654	0.29054591059684753	0.0	0.0	0.0	0.1583556979894638	0.0	0.0	0.0	0.0	0.0	0.0	0.0	0.0	0.0	0.31334543228149414	0.0	0.0	0.0	0.0	0.1927536427974701	0.21280932426452637	0.0	0.0	0.0	0.0	0.0	0.0	0.26335546374320984	0.0	0.0	0.0	0.0	0.0	0.0	0.3420374095439911	0.28662699460983276	0.0	0.0	0.0	0.0	0.0	0.15741872787475586	0.0	0.0	0.0	0.0
0.0	0.15659300982952118	0.0	0.0	0.0	0.0	0.0	0.0	0.0	0.0	0.0	0.0	0.0	0.0	0.0	0.0	0.35784849524497986	0.2668231427669525	0.2916811406612396	0.0	0.0	0.0	0.1580015867948532	0.0	0.0	0.0	0.0	0.0	0.0	0.0	0.0	0.0	0.3143502175807953	0.0	0.0	0.0	0.0	0.1939931958913803	0.21334174275398254	0.0	0.0	0.0	0.0	0.0	0.0	0.2637172043323517	0.0	0.0	0.0	0.0	0.0	0.0	0.3413361608982086	0.2875448763370514	0.0	0.0	0.0	0.0	0.0	0.15726381540298462	0.0	0.0	0.0	0.0
0.0	0.15721866488456726	0.0	0.0	0.0	0.0	0.0	0.0	0.0	0.0	0.0	0.0	0.0	0.0	0.0	0.0	0.358230859041214	0.26773226261138916	0.29086485505104065	0.0	0.0	0.0	0.15792664885520935	0.0	0.0	0.0	0.0	0.0	0.0	0.0	0.0	0.0	0.3135826587677002	0.0	0.0	0.0	0.0	0.1936473697423935	0.2136247456073761	0.0	0.0	0.0	0.0	0.0	0.0	0.26438868045806885	0.0	0.0	0.0	0.0	0.0	0.0	0.34263086318969727	0.2869585454463959	0.0	0.0	0.0	0.0	0.0	0.15764892101287842	0.0	0.0	0.0	0.0
0.0	0.15746404230594635	0.0	0.0	0.0	0.0	0.0	0.0	0.0	0.0	0.0	0.0	0.0	0.0	0.0	0.0	0.3576259911060333	0.2674187123775482	0.29205095767974854	0.0	0.0	0.0	0.15852533280849457	0.0	0.0	0.0	0.0	0.0	0.0	0.0	0.0	0.0	0.3133172392845154	0.0	0.0	0.0	0.0	0.19381305575370789	0.213567316532135	0.0	0.0	0.0	0.0	0.0	0.0	0.26422417163848877	0.0	0.0	0.0	0.0	0.0	0.0	0.34237411618232727	0.2871765196323395	0.0	0.0	0.0	0.0	0.0	0.15727701783180237	0.0	0.0	0.0	0.0
0.0	0.15794524550437927	0.0	0.0	0.0	0.0	0.0	0.0	0.0	0.0	0.0	0.0	0.0	0.0	0.0	0.0	0.35624903440475464	0.2679198086261749	0.2924143671989441	0.0	0.0	0.0	0.15829704701900482	0.0	0.0	0.0	0.0	0.0	0.0	0.0	0.0	0.0	0.31424230337142944	0.0	0.0	0.0	0.0	0.19388629496097565	0.2130938321352005	0.0	0.0	0.0	0.0	0.0	0.0	0.2641527056694031	0.0	0.0	0.0	0.0	0.0	0.0	0.3416456878185272	0.28804636001586914	0.0	0.0	0.0	0.0	0.0	0.156389057636261	0.0	0.0	0.0	0.0
0.0	0.15676896274089813	0.0	0.0	0.0	0.0	0.0	0.0	0.0	0.0	0.0	0.0	0.0	0.0	0.0	0.0	0.35630321502685547	0.2672736942768097	0.29176580905914307	0.0	0.0	0.0	0.15821772813796997	0.0	0.0	0.0	0.0	0.0	0.0	0.0	0.0	0.0	0.31330186128616333	0.0	0.0	0.0	0.0	0.1928706169128418	0.2136627435684204	0.0	0.0	0.0	0.0	0.0	0.0	0.2630872130393982	0.0	0.0	0.0	0.0	0.0	0.0	0.34150922298431396	0.2877671420574188	0.0	0.0	0.0	0.0	0.0	0.15678654611110687	0.0	0.0	0.0	0.0
0.0	0.15660466253757477	0.0	0.0	0.0	0.0	0.0	0.0	0.0	0.0	0.0	0.0	0.0	0.0	0.0	0.0	0.3577640950679779	0.26777613162994385	0.2920820713043213	0.0	0.0	0.0	0.1587463617324829	0.0	0.0	0.0	0.0	0.0	0.0	0.0	0.0	0.0	0.3134405016899109	0.0	0.0	0.0	0.0	0.1937922090291977	0.21343077719211578	0.0	0.0	0.0	0.0	0.0	0.0	0.26432058215141296	0.0	0.0	0.0	0.0	0.0	0.0	0.34118762612342834	0.28649258613586426	0.0	0.0	0.0	0.0	0.0	0.1566258817911148	0.0	0.0	0.0	0.0
0.0	0.15738393366336823	0.0	0.0	0.0	0.0	0.0	0.0	0.0	0.0	0.0	0.0	0.0	0.0	0.0	0.0	0.35731661319732666	0.26774004101753235	0.29275691509246826	0.0	0.0	0.0	0.15850067138671875	0.0	0.0	0.0	0.0	0.0	0.0	0.0	0.0	0.0	0.3146975636482239	0.0	0.0	0.0	0.0	0.1933882087469101	0.21416395902633667	0.0	0.0	0.0	0.0	0.0	0.0	0.26508527994155884	0.0	0.0	0.0	0.0	0.0	0.0	0.34330883622169495	0.28645211458206177	0.0	0.0	0.0	0.0	0.0	0.15848280489444733	0.0	0.0	0.0	0.0
0.0	0.15742063522338867	0.0	0.0	0.0	0.0	0.0	0.0	0.0	0.0	0.0	0.0	0.0	0.0	0.0	0.0	0.3589670658111572	0.26956021785736084	0.29255351424217224	0.0	0.0	0.0	0.15841515362262726	0.0	0.0	0.0	0.0	0.0	0.0	0.0	0.0	0.0	0.3153531849384308	0.0	0.0	0.0	0.0	0.19431330263614655	0.21470463275909424	0.0	0.0	0.0	0.0	0.0	0.0	0.26464539766311646	0.0	0.0	0.0	0.0	0.0	0.0	0.34167683124542236	0.28694167733192444	0.0	0.0	0.0	0.0	0.0	0.15725745260715485	0.0	0.0	0.0	0.0
0.0	0.15689100325107574	0.0	0.0	0.0	0.0	0.0	0.0	0.0	0.0	0.0	0.0	0.0	0.0	0.0	0.0	0.35731035470962524	0.26741644740104675	0.29173699021339417	0.0	0.0	0.0	0.1587587147951126	0.0	0.0	0.0	0.0	0.0	0.0	0.0	0.0	0.0	0.3133915364742279	0.0	0.0	0.0	0.0	0.19292044639587402	0.21336039900779724	0.0	0.0	0.0	0.0	0.0	0.0	0.2638944685459137	0.0	0.0	0.0	0.0	0.0	0.0	0.34219011664390564	0.28642863035202026	0.0	0.0	0.0	0.0	0.0	0.15798772871494293	0.0	0.0	0.0	0.0
0.0	0.15646205842494965	0.0	0.0	0.0	0.0	0.0	0.0	0.0	0.0	0.0	0.0	0.0	0.0	0.0	0.0	0.3576974868774414	0.2658900320529938	0.2904197573661804	0.0	0.0	0.0	0.15906691551208496	0.0	0.0	0.0	0.0	0.0	0.0	0.0	0.0	0.0	0.3148292601108551	0.0	0.0	0.0	0.0	0.19203144311904907	0.21202506124973297	0.0	0.0	0.0	0.0	0.0	0.0	0.2621600031852722	0.0	0.0	0.0	0.0	0.0	0.0	0.3414890468120575	0.2860594093799591	0.0	0.0	0.0	0.0	0.0	0.15478989481925964	0.0	0.0	0.0	0.0
0.0	0.15772436559200287	0.0	0.0	0.0	0.0	0.0	0.0	0.0	0.0	0.0	0.0	0.0	0.0	0.0	0.0	0.3582833707332611	0.2676534056663513	0.2912636399269104	0.0	0.0	0.0	0.1582779884338379	0.0	0.0	0.0	0.0	0.0	0.0	0.0	0.0	0.0	0.3143869638442993	0.0	0.0	0.0	0.0	0.19350390136241913	0.21418501436710358	0.0	0.0	0.0	0.0	0.0	0.0	0.2649539113044739	0.0	0.0	0.0	0.0	0.0	0.0	0.3427349627017975	0.28732505440711975	0.0	0.0	0.0	0.0	0.0	0.15701459348201752	0.0	0.0	0.0	0.0
0.0	0.15728062391281128	0.0	0.0	0.0	0.0	0.0	0.0	0.0	0.0	0.0	0.0	0.0	0.0	0.0	0.0	0.3578743636608124	0.26700976490974426	0.29172849655151367	0.0	0.0	0.0	0.15763142704963684	0.0	0.0	0.0	0.0	0.0	0.0	0.0	0.0	0.0	0.3127921521663666	0.0	0.0	0.0	0.0	0.1944332718849182	0.2126532793045044	0.0	0.0	0.0	0.0	0.0	0.0	0.2638195753097534	0.0	0.0	0.0	0.0	0.0	0.0	0.3407067060470581	0.28595998883247375	0.0	0.0	0.0	0.0	0.0	0.15712961554527283	0.0	0.0	0.0	0.0
0.0	0.1571887880563736	0.0	0.0	0.0	0.0	0.0	0.0	0.0	0.0	0.0	0.0	0.0	0.0	0.0	0.0	0.35761749744415283	0.26770806312561035	0.29187092185020447	0.0	0.0	0.0	0.15851470828056335	0.0	0.0	0.0	0.0	0.0	0.0	0.0	0.0	0.0	0.3135165274143219	0.0	0.0	0.0	0.0	0.19336670637130737	0.21352991461753845	0.0	0.0	0.0	0.0	0.0	0.0	0.26442888379096985	0.0	0.0	0.0	0.0	0.0	0.0	0.3421563506126404	0.28642553091049194	0.0	0.0	0.0	0.0	0.0	0.15758642554283142	0.0	0.0	0.0	0.0
0.0	0.15771277248859406	0.0	0.0	0.0	0.0	0.0	0.0	0.0	0.0	0.0	0.0	0.0	0.0	0.0	0.0	0.35693496465682983	0.2675408720970154	0.29106616973876953	0.0	0.0	0.0	0.1579187661409378	0.0	0.0	0.0	0.0	0.0	0.0	0.0	0.0	0.0	0.3125430941581726	0.0	0.0	0.0	0.0	0.19442734122276306	0.21246875822544098	0.0	0.0	0.0	0.0	0.0	0.0	0.2638721168041229	0.0	0.0	0.0	0.0	0.0	0.0	0.3430670499801636	0.28630903363227844	0.0	0.0	0.0	0.0	0.0	0.15707968175411224	0.0	0.0	0.0	0.0
0.0	0.15711422264575958	0.0	0.0	0.0	0.0	0.0	0.0	0.0	0.0	0.0	0.0	0.0	0.0	0.0	0.0	0.3565916121006012	0.2672463357448578	0.2919897139072418	0.0	0.0	0.0	0.1582711935043335	0.0	0.0	0.0	0.0	0.0	0.0	0.0	0.0	0.0	0.31373414397239685	0.0	0.0	0.0	0.0	0.19335345923900604	0.21318817138671875	0.0	0.0	0.0	0.0	0.0	0.0	0.2628193497657776	0.0	0.0	0.0	0.0	0.0	0.0	0.34085506200790405	0.28603604435920715	0.0	0.0	0.0	0.0	0.0	0.15705271065235138	0.0	0.0	0.0	0.0
0.0	0.15661384165287018	0.0	0.0	0.0	0.0	0.0	0.0	0.0	0.0	0.0	0.0	0.0	0.0	0.0	0.0	0.3575305938720703	0.26829126477241516	0.29353442788124084	0.0	0.0	0.0	0.15905198454856873	0.0	0.0	0.0	0.0	0.0	0.0	0.0	0.0	0.0	0.3141006827354431	0.0	0.0	0.0	0.0	0.19395481050014496	0.21413801610469818	0.0	0.0	0.0	0.0	0.0	0.0	0.2645963430404663	0.0	0.0	0.0	0.0	0.0	0.0	0.3428651988506317	0.28624969720840454	0.0	0.0	0.0	0.0	0.0	0.15670894086360931	0.0	0.0	0.0	0.0
0.0	0.15706321597099304	0.0	0.0	0.0	0.0	0.0	0.0	0.0	0.0	0.0	0.0	0.0	0.0	0.0	0.0	0.3571596145629883	0.267979234457016	0.29243266582489014	0.0	0.0	0.0	0.15887850522994995	0.0	0.0	0.0	0.0	0.0	0.0	0.0	0.0	0.0	0.3135780096054077	0.0	0.0	0.0	0.0	0.19374237954616547	0.21311601996421814	0.0	0.0	0.0	0.0	0.0	0.0	0.26390475034713745	0.0	0.0	0.0	0.0	0.0	0.0	0.3412424921989441	0.2880755364894867	0.0	0.0	0.0	0.0	0.0	0.15714338421821594	0.0	0.0	0.0	0.0
0.0	0.1564745455980301	0.0	0.0	0.0	0.0	0.0	0.0	0.0	0.0	0.0	0.0	0.0	0.0	0.0	0.0	0.35713547468185425	0.2670643925666809	0.29088589549064636	0.0	0.0	0.0	0.1587584912776947	0.0	0.0	0.0	0.0	0.0	0.0	0.0	0.0	0.0	0.3140033781528473	0.0	0.0	0.0	0.0	0.1930340826511383	0.21437890827655792	0.0	0.0	0.0	0.0	0.0	0.0	0.264164537191391	0.0	0.0	0.0	0.0	0.0	0.0	0.34224987030029297	0.2862277328968048	0.0	0.0	0.0	0.0	0.0	0.15801486372947693	0.0	0.0	0.0	0.0
0.0	0.1576089709997177	0.0	0.0	0.0	0.0	0.0	0.0	0.0	0.0	0.0	0.0	0.0	0.0	0.0	0.0	0.35689347982406616	0.26733389496803284	0.2913650572299957	0.0	0.0	0.0	0.15828503668308258	0.0	0.0	0.0	0.0	0.0	0.0	0.0	0.0	0.0	0.3132057189941406	0.0	0.0	0.0	0.0	0.19343777000904083	0.2131938487291336	0.0	0.0	0.0	0.0	0.0	0.0	0.2638240158557892	0.0	0.0	0.0	0.0	0.0	0.0	0.3420625627040863	0.2867894768714905	0.0	0.0	0.0	0.0	0.0	0.1572842001914978	0.0	0.0	0.0	0.0
0.0	0.15815697610378265	0.0	0.0	0.0	0.0	0.0	0.0	0.0	0.0	0.0	0.0	0.0	0.0	0.0	0.0	0.35635456442832947	0.2675763964653015	0.29182353615760803	0.0	0.0	0.0	0.1591191291809082	0.0	0.0	0.0	0.0	0.0	0.0	0.0	0.0	0.0	0.3138791024684906	0.0	0.0	0.0	0.0	0.19269441068172455	0.21238307654857635	0.0	0.0	0.0	0.0	0.0	0.0	0.26340794563293457	0.0	0.0	0.0	0.0	0.0	0.0	0.342256635427475	0.2863767147064209	0.0	0.0	0.0	0.0	0.0	0.157172292470932	0.0	0.0	0.0	0.0
0.0	0.15814445912837982	0.0	0.0	0.0	0.0	0.0	0.0	0.0	0.0	0.0	0.0	0.0	0.0	0.0	0.0	0.3572479486465454	0.2668212652206421	0.2919788062572479	0.0	0.0	0.0	0.158405140042305	0.0	0.0	0.0	0.0	0.0	0.0	0.0	0.0	0.0	0.3142615556716919	0.0	0.0	0.0	0.0	0.1929103583097458	0.21364037692546844	0.0	0.0	0.0	0.0	0.0	0.0	0.26435503363609314	0.0	0.0	0.0	0.0	0.0	0.0	0.3419090509414673	0.28589776158332825	0.0	0.0	0.0	0.0	0.0	0.15718334913253784	0.0	0.0	0.0	0.0
0.0	0.15756478905677795	0.0	0.0	0.0	0.0	0.0	0.0	0.0	0.0	0.0	0.0	0.0	0.0	0.0	0.0	0.357361376285553	0.2667940557003021	0.29190632700920105	0.0	0.0	0.0	0.15779909491539001	0.0	0.0	0.0	0.0	0.0	0.0	0.0	0.0	0.0	0.31416091322898865	0.0	0.0	0.0	0.0	0.193172886967659	0.21240344643592834	0.0	0.0	0.0	0.0	0.0	0.0	0.2641962170600891	0.0	0.0	0.0	0.0	0.0	0.0	0.34204477071762085	0.2865787148475647	0.0	0.0	0.0	0.0	0.0	0.15810906887054443	0.0	0.0	0.0	0.0
0.0	0.156562939286232	0.0	0.0	0.0	0.0	0.0	0.0	0.0	0.0	0.0	0.0	0.0	0.0	0.0	0.0	0.3567805290222168	0.2667992115020752	0.29302310943603516	0.0	0.0	0.0	0.15876492857933044	0.0	0.0	0.0	0.0	0.0	0.0	0.0	0.0	0.0	0.31239813566207886	0.0	0.0	0.0	0.0	0.19319719076156616	0.21411962807178497	0.0	0.0	0.0	0.0	0.0	0.0	0.26325589418411255	0.0	0.0	0.0	0.0	0.0	0.0	0.34218060970306396	0.2859953045845032	0.0	0.0	0.0	0.0	0.0	0.15759368240833282	0.0	0.0	0.0	0.0
0.0	0.1572321206331253	0.0	0.0	0.0	0.0	0.0	0.0	0.0	0.0	0.0	0.0	0.0	0.0	0.0	0.0	0.3577946424484253	0.26793190836906433	0.2924869656562805	0.0	0.0	0.0	0.15901964902877808	0.0	0.0	0.0	0.0	0.0	0.0	0.0	0.0	0.0	0.3132225275039673	0.0	0.0	0.0	0.0	0.19292964041233063	0.21291793882846832	0.0	0.0	0.0	0.0	0.0	0.0	0.26441460847854614	0.0	0.0	0.0	0.0	0.0	0.0	0.3416389226913452	0.28650999069213867	0.0	0.0	0.0	0.0	0.0	0.15776652097702026	0.0	0.0	0.0	0.0
0.0	0.1561427265405655	0.0	0.0	0.0	0.0	0.0	0.0	0.0	0.0	0.0	0.0	0.0	0.0	0.0	0.0	0.35699692368507385	0.26650723814964294	0.2928171455860138	0.0	0.0	0.0	0.15816763043403625	0.0	0.0	0.0	0.0	0.0	0.0	0.0	0.0	0.0	0.31370243430137634	0.0	0.0	0.0	0.0	0.19382669031620026	0.21351787447929382	0.0	0.0	0.0	0.0	0.0	0.0	0.2641204595565796	0.0	0.0	0.0	0.0	0.0	0.0	0.34170740842819214	0.2865583300590515	0.0	0.0	0.0	0.0	0.0	0.15905295312404633	0.0	0.0	0.0	0.0
0.0	0.1564190834760666	0.0	0.0	0.0	0.0	0.0	0.0	0.0	0.0	0.0	0.0	0.0	0.0	0.0	0.0	0.3580823540687561	0.2671397924423218	0.29118725657463074	0.0	0.0	0.0	0.15734028816223145	0.0	0.0	0.0	0.0	0.0	0.0	0.0	0.0	0.0	0.31358280777931213	0.0	0.0	0.0	0.0	0.19276027381420135	0.212623730301857	0.0	0.0	0.0	0.0	0.0	0.0	0.2639583647251129	0.0	0.0	0.0	0.0	0.0	0.0	0.34156206250190735	0.28710708022117615	0.0	0.0	0.0	0.0	0.0	0.15754328668117523	0.0	0.0	0.0	0.0
0.0	0.1560811549425125	0.0	0.0	0.0	0.0	0.0	0.0	0.0	0.0	0.0	0.0	0.0	0.0	0.0	0.0	0.3561673164367676	0.2662615478038788	0.2908421754837036	0.0	0.0	0.0	0.1579277515411377	0.0	0.0	0.0	0.0	0.0	0.0	0.0	0.0	0.0	0.31367573142051697	0.0	0.0	0.0	0.0	0.19354726374149323	0.21230058372020721	0.0	0.0	0.0	0.0	0.0	0.0	0.2620781660079956	0.0	0.0	0.0	0.0	0.0	0.0	0.34061938524246216	0.2863818407058716	0.0	0.0	0.0	0.0	0.0	0.15740127861499786	0.0	0.0	0.0	0.0
0.0	0.15683497488498688	0.0	0.0	0.0	0.0	0.0	0.0	0.0	0.0	0.0	0.0	0.0	0.0	0.0	0.0	0.3567909002304077	0.26780855655670166	0.2910155653953552	0.0	0.0	0.0	0.1582850217819214	0.0	0.0	0.0	0.0	0.0	0.0	0.0	0.0	0.0	0.31295308470726013	0.0	0.0	0.0	0.0	0.19379208981990814	0.21362437307834625	0.0	0.0	0.0	0.0	0.0	0.0	0.2639029324054718	0.0	0.0	0.0	0.0	0.0	0.0	0.34160110354423523	0.2870601713657379	0.0	0.0	0.0	0.0	0.0	0.15735776722431183	0.0	0.0	0.0	0.0
0.0	0.15735673904418945	0.0	0.0	0.0	0.0	0.0	0.0	0.0	0.0	0.0	0.0	0.0	0.0	0.0	0.0	0.35826197266578674	0.2678896188735962	0.2908034324645996	0.0	0.0	0.0	0.15876638889312744	0.0	0.0	0.0	0.0	0.0	0.0	0.0	0.0	0.0	0.3140081465244293	0.0	0.0	0.0	0.0	0.19311043620109558	0.21372652053833008	0.0	0.0	0.0	0.0	0.0	0.0	0.2637043297290802	0.0	0.0	0.0	0.0	0.0	0.0	0.3420921862125397	0.28687167167663574	0.0	0.0	0.0	0.0	0.0	0.15666691958904266	0.0	0.0	0.0	0.0
0.0	0.15707165002822876	0.0	0.0	0.0	0.0	0.0	0.0	0.0	0.0	0.0	0.0	0.0	0.0	0.0	0.0	0.35706833004951477	0.26753994822502136	0.2930956184864044	0.0	0.0	0.0	0.1595204621553421	0.0	0.0	0.0	0.0	0.0	0.0	0.0	0.0	0.0	0.3145609200000763	0.0	0.0	0.0	0.0	0.19329191744327545	0.21353228390216827	0.0	0.0	0.0	0.0	0.0	0.0	0.2645086646080017	0.0	0.0	0.0	0.0	0.0	0.0	0.3426317572593689	0.28734996914863586	0.0	0.0	0.0	0.0	0.0	0.15817463397979736	0.0	0.0	0.0	0.0
0.0	0.15650738775730133	0.0	0.0	0.0	0.0	0.0	0.0	0.0	0.0	0.0	0.0	0.0	0.0	0.0	0.0	0.3570660352706909	0.2673024833202362	0.2920498847961426	0.0	0.0	0.0	0.15865904092788696	0.0	0.0	0.0	0.0	0.0	0.0	0.0	0.0	0.0	0.31440573930740356	0.0	0.0	0.0	0.0	0.19316008687019348	0.21319885551929474	0.0	0.0	0.0	0.0	0.0	0.0	0.26365670561790466	0.0	0.0	0.0	0.0	0.0	0.0	0.34131747484207153	0.2867133319377899	0.0	0.0	0.0	0.0	0.0	0.15702587366104126	0.0	0.0	0.0	0.0
0.0	0.15704099833965302	0.0	0.0	0.0	0.0	0.0	0.0	0.0	0.0	0.0	0.0	0.0	0.0	0.0	0.0	0.3561912178993225	0.2678845524787903	0.2919253706932068	0.0	0.0	0.0	0.15803560614585876	0.0	0.0	0.0	0.0	0.0	0.0	0.0	0.0	0.0	0.3142077922821045	0.0	0.0	0.0	0.0	0.19319234788417816	0.21355682611465454	0.0	0.0	0.0	0.0	0.0	0.0	0.2642127573490143	0.0	0.0	0.0	0.0	0.0	0.0	0.34098464250564575	0.2867148816585541	0.0	0.0	0.0	0.0	0.0	0.15718694031238556	0.0	0.0	0.0	0.0
0.0	0.15698279440402985	0.0	0.0	0.0	0.0	0.0	0.0	0.0	0.0	0.0	0.0	0.0	0.0	0.0	0.0	0.35704609751701355	0.26798248291015625	0.29150134325027466	0.0	0.0	0.0	0.15784399211406708	0.0	0.0	0.0	0.0	0.0	0.0	0.0	0.0	0.0	0.3141210675239563	0.0	0.0	0.0	0.0	0.19359053671360016	0.21278344094753265	0.0	0.0	0.0	0.0	0.0	0.0	0.2641836404800415	0.0	0.0	0.0	0.0	0.0	0.0	0.3422166705131531	0.2872051000595093	0.0	0.0	0.0	0.0	0.0	0.15830138325691223	0.0	0.0	0.0	0.0
0.0	0.15740904211997986	0.0	0.0	0.0	0.0	0.0	0.0	0.0	0.0	0.0	0.0	0.0	0.0	0.0	0.0	0.35613301396369934	0.2667713463306427	0.2901662290096283	0.0	0.0	0.0	0.1579149216413498	0.0	0.0	0.0	0.0	0.0	0.0	0.0	0.0	0.0	0.31259384751319885	0.0	0.0	0.0	0.0	0.19299405813217163	0.21310891211032867	0.0	0.0	0.0	0.0	0.0	0.0	0.26359936594963074	0.0	0.0	0.0	0.0	0.0	0.0	0.343279093503952	0.28555262088775635	0.0	0.0	0.0	0.0	0.0	0.15600666403770447	0.0	0.0	0.0	0.0
0.0	0.1573893278837204	0.0	0.0	0.0	0.0	0.0	0.0	0.0	0.0	0.0	0.0	0.0	0.0	0.0	0.0	0.35751625895500183	0.2672332525253296	0.29272690415382385	0.0	0.0	0.0	0.15926465392112732	0.0	0.0	0.0	0.0	0.0	0.0	0.0	0.0	0.0	0.31388312578201294	0.0	0.0	0.0	0.0	0.19288256764411926	0.21405403316020966	0.0	0.0	0.0	0.0	0.0	0.0	0.2655966579914093	0.0	0.0	0.0	0.0	0.0	0.0	0.34286394715309143	0.2870173156261444	0.0	0.0	0.0	0.0	0.0	0.15733599662780762	0.0	0.0	0.0	0.0
0.0	0.15704204142093658	0.0	0.0	0.0	0.0	0.0	0.0	0.0	0.0	0.0	0.0	0.0	0.0	0.0	0.0	0.3574760854244232	0.26693645119667053	0.29193001985549927	0.0	0.0	0.0	0.15864630043506622	0.0	0.0	0.0	0.0	0.0	0.0	0.0	0.0	0.0	0.31422722339630127	0.0	0.0	0.0	0.0	0.1942436695098877	0.21405062079429626	0.0	0.0	0.0	0.0	0.0	0.0	0.2648305892944336	0.0	0.0	0.0	0.0	0.0	0.0	0.3426319360733032	0.2867104411125183	0.0	0.0	0.0	0.0	0.0	0.15809957683086395	0.0	0.0	0.0	0.0
0.0	0.15739189088344574	0.0	0.0	0.0	0.0	0.0	0.0	0.0	0.0	0.0	0.0	0.0	0.0	0.0	0.0	0.35823318362236023	0.2671443819999695	0.2925332486629486	0.0	0.0	0.0	0.15902258455753326	0.0	0.0	0.0	0.0	0.0	0.0	0.0	0.0	0.0	0.3135298192501068	0.0	0.0	0.0	0.0	0.19312778115272522	0.21368035674095154	0.0	0.0	0.0	0.0	0.0	0.0	0.2644645571708679	0.0	0.0	0.0	0.0	0.0	0.0	0.3421885073184967	0.2874850928783417	0.0	0.0	0.0	0.0	0.0	0.1583288013935089	0.0	0.0	0.0	0.0
0.0	0.15705879032611847	0.0	0.0	0.0	0.0	0.0	0.0	0.0	0.0	0.0	0.0	0.0	0.0	0.0	0.0	0.3563264310359955	0.2675674557685852	0.29215767979621887	0.0	0.0	0.0	0.1580665111541748	0.0	0.0	0.0	0.0	0.0	0.0	0.0	0.0	0.0	0.31419235467910767	0.0	0.0	0.0	0.0	0.19338643550872803	0.21327091753482819	0.0	0.0	0.0	0.0	0.0	0.0	0.26461106538772583	0.0	0.0	0.0	0.0	0.0	0.0	0.342938095331192	0.2873608469963074	0.0	0.0	0.0	0.0	0.0	0.15707172453403473	0.0	0.0	0.0	0.0
0.0	0.15701927244663239	0.0	0.0	0.0	0.0	0.0	0.0	0.0	0.0	0.0	0.0	0.0	0.0	0.0	0.0	0.35769036412239075	0.2678152322769165	0.29179859161376953	0.0	0.0	0.0	0.1592271327972412	0.0	0.0	0.0	0.0	0.0	0.0	0.0	0.0	0.0	0.3136836886405945	0.0	0.0	0.0	0.0	0.19283489882946014	0.2141975313425064	0.0	0.0	0.0	0.0	0.0	0.0	0.26456958055496216	0.0	0.0	0.0	0.0	0.0	0.0	0.3423846662044525	0.2870730757713318	0.0	0.0	0.0	0.0	0.0	0.15737546980381012	0.0	0.0	0.0	0.0
0.0	0.15708909928798676	0.0	0.0	0.0	0.0	0.0	0.0	0.0	0.0	0.0	0.0	0.0	0.0	0.0	0.0	0.35829412937164307	0.2676342725753784	0.2914249300956726	0.0	0.0	0.0	0.1578386276960373	0.0	0.0	0.0	0.0	0.0	0.0	0.0	0.0	0.0	0.31290802359580994	0.0	0.0	0.0	0.0	0.19303816556930542	0.21352608501911163	0.0	0.0	0.0	0.0	0.0	0.0	0.2639615535736084	0.0	0.0	0.0	0.0	0.0	0.0	0.34152692556381226	0.28604263067245483	0.0	0.0	0.0	0.0	0.0	0.1569438874721527	0.0	0.0	0.0	0.0
0.0	0.15748746693134308	0.0	0.0	0.0	0.0	0.0	0.0	0.0	0.0	0.0	0.0	0.0	0.0	0.0	0.0	0.3580717146396637	0.26731806993484497	0.292000949382782	0.0	0.0	0.0	0.1589222550392151	0.0	0.0	0.0	0.0	0.0	0.0	0.0	0.0	0.0	0.31396105885505676	0.0	0.0	0.0	0.0	0.19334548711776733	0.21418297290802002	0.0	0.0	0.0	0.0	0.0	0.0	0.2643584907054901	0.0	0.0	0.0	0.0	0.0	0.0	0.3421931862831116	0.28731703758239746	0.0	0.0	0.0	0.0	0.0	0.1577979475259781	0.0	0.0	0.0	0.0
0.0	0.1566019207239151	0.0	0.0	0.0	0.0	0.0	0.0	0.0	0.0	0.0	0.0	0.0	0.0	0.0	0.0	0.35756245255470276	0.2671176791191101	0.2923172414302826	0.0	0.0	0.0	0.15815632045269012	0.0	0.0	0.0	0.0	0.0	0.0	0.0	0.0	0.0	0.3139103353023529	0.0	0.0	0.0	0.0	0.1936124861240387	0.21346162259578705	0.0	0.0	0.0	0.0	0.0	0.0	0.2642067074775696	0.0	0.0	0.0	0.0	0.0	0.0	0.3414689898490906	0.2864231467247009	0.0	0.0	0.0	0.0	0.0	0.15776881575584412	0.0	0.0	0.0	0.0
0.0	0.1576809138059616	0.0	0.0	0.0	0.0	0.0	0.0	0.0	0.0	0.0	0.0	0.0	0.0	0.0	0.0	0.35737812519073486	0.26525843143463135	0.29210299253463745	0.0	0.0	0.0	0.15668000280857086	0.0	0.0	0.0	0.0	0.0	0.0	0.0	0.0	0.0	0.3137873411178589	0.0	0.0	0.0	0.0	0.1921500712633133	0.21341656148433685	0.0	0.0	0.0	0.0	0.0	0.0	0.26313045620918274	0.0	0.0	0.0	0.0	0.0	0.0	0.34093034267425537	0.2861504852771759	0.0	0.0	0.0	0.0	0.0	0.15849030017852783	0.0	0.0	0.0	0.0
0.0	0.1570664644241333	0.0	0.0	0.0	0.0	0.0	0.0	0.0	0.0	0.0	0.0	0.0	0.0	0.0	0.0	0.3567667007446289	0.26648932695388794	0.2910462021827698	0.0	0.0	0.0	0.1583768129348755	0.0	0.0	0.0	0.0	0.0	0.0	0.0	0.0	0.0	0.31488317251205444	0.0	0.0	0.0	0.0	0.1928645372390747	0.2131098508834839	0.0	0.0	0.0	0.0	0.0	0.0	0.26366183161735535	0.0	0.0	0.0	0.0	0.0	0.0	0.343151718378067	0.28791841864585876	0.0	0.0	0.0	0.0	0.0	0.15695594251155853	0.0	0.0	0.0	0.0
0.0	0.15618589520454407	0.0	0.0	0.0	0.0	0.0	0.0	0.0	0.0	0.0	0.0	0.0	0.0	0.0	0.0	0.3566080331802368	0.26639193296432495	0.29250460863113403	0.0	0.0	0.0	0.15852098166942596	0.0	0.0	0.0	0.0	0.0	0.0	0.0	0.0	0.0	0.31373029947280884	0.0	0.0	0.0	0.0	0.1935986578464508	0.21444791555404663	0.0	0.0	0.0	0.0	0.0	0.0	0.2622544467449188	0.0	0.0	0.0	0.0	0.0	0.0	0.3417714238166809	0.28666627407073975	0.0	0.0	0.0	0.0	0.0	0.15670111775398254	0.0	0.0	0.0	0.0
0.0	0.15681570768356323	0.0	0.0	0.0	0.0	0.0	0.0	0.0	0.0	0.0	0.0	0.0	0.0	0.0	0.0	0.3573862612247467	0.26747068762779236	0.2915709614753723	0.0	0.0	0.0	0.1584460586309433	0.0	0.0	0.0	0.0	0.0	0.0	0.0	0.0	0.0	0.31409400701522827	0.0	0.0	0.0	0.0	0.19290824234485626	0.21355897188186646	0.0	0.0	0.0	0.0	0.0	0.0	0.26373398303985596	0.0	0.0	0.0	0.0	0.0	0.0	0.3421485722064972	0.287283331155777	0.0	0.0	0.0	0.0	0.0	0.15720656514167786	0.0	0.0	0.0	0.0
0.0	0.15782086551189423	0.0	0.0	0.0	0.0	0.0	0.0	0.0	0.0	0.0	0.0	0.0	0.0	0.0	0.0	0.3577819764614105	0.26687687635421753	0.29172396659851074	0.0	0.0	0.0	0.1586391180753708	0.0	0.0	0.0	0.0	0.0	0.0	0.0	0.0	0.0	0.31429046392440796	0.0	0.0	0.0	0.0	0.19406792521476746	0.21388722956180573	0.0	0.0	0.0	0.0	0.0	0.0	0.2638821601867676	0.0	0.0	0.0	0.0	0.0	0.0	0.3424767255783081	0.2873082756996155	0.0	0.0	0.0	0.0	0.0	0.15753516554832458	0.0	0.0	0.0	0.0
0.0	0.15741370618343353	0.0	0.0	0.0	0.0	0.0	0.0	0.0	0.0	0.0	0.0	0.0	0.0	0.0	0.0	0.35763654112815857	0.26709190011024475	0.2923502027988434	0.0	0.0	0.0	0.15845650434494019	0.0	0.0	0.0	0.0	0.0	0.0	0.0	0.0	0.0	0.3142944574356079	0.0	0.0	0.0	0.0	0.19439586997032166	0.21432346105575562	0.0	0.0	0.0	0.0	0.0	0.0	0.26356181502342224	0.0	0.0	0.0	0.0	0.0	0.0	0.3413572907447815	0.287110298871994	0.0	0.0	0.0	0.0	0.0	0.15723133087158203	0.0	0.0	0.0	0.0
0.0	0.15758013725280762	0.0	0.0	0.0	0.0	0.0	0.0	0.0	0.0	0.0	0.0	0.0	0.0	0.0	0.0	0.35688984394073486	0.26716917753219604	0.29192885756492615	0.0	0.0	0.0	0.15873390436172485	0.0	0.0	0.0	0.0	0.0	0.0	0.0	0.0	0.0	0.31409361958503723	0.0	0.0	0.0	0.0	0.1932009905576706	0.21353645622730255	0.0	0.0	0.0	0.0	0.0	0.0	0.2644764184951782	0.0	0.0	0.0	0.0	0.0	0.0	0.34098994731903076	0.28722384572029114	0.0	0.0	0.0	0.0	0.0	0.1579902619123459	0.0	0.0	0.0	0.0
0.0	0.15670807659626007	0.0	0.0	0.0	0.0	0.0	0.0	0.0	0.0	0.0	0.0	0.0	0.0	0.0	0.0	0.35729333758354187	0.26758044958114624	0.2923491895198822	0.0	0.0	0.0	0.15824571251869202	0.0	0.0	0.0	0.0	0.0	0.0	0.0	0.0	0.0	0.3137904405593872	0.0	0.0	0.0	0.0	0.1934358775615692	0.21329911053180695	0.0	0.0	0.0	0.0	0.0	0.0	0.26440882682800293	0.0	0.0	0.0	0.0	0.0	0.0	0.342254102230072	0.2864742875099182	0.0	0.0	0.0	0.0	0.0	0.1571817696094513	0.0	0.0	0.0	0.0
0.0	0.15628832578659058	0.0	0.0	0.0	0.0	0.0	0.0	0.0	0.0	0.0	0.0	0.0	0.0	0.0	0.0	0.3567476272583008	0.2675333321094513	0.2915252149105072	0.0	0.0	0.0	0.15833914279937744	0.0	0.0	0.0	0.0	0.0	0.0	0.0	0.0	0.0	0.3141431510448456	0.0	0.0	0.0	0.0	0.19365979731082916	0.21403488516807556	0.0	0.0	0.0	0.0	0.0	0.0	0.26531854271888733	0.0	0.0	0.0	0.0	0.0	0.0	0.34177693724632263	0.2868410646915436	0.0	0.0	0.0	0.0	0.0	0.15775232017040253	0.0	0.0	0.0	0.0
0.0	0.15729326009750366	0.0	0.0	0.0	0.0	0.0	0.0	0.0	0.0	0.0	0.0	0.0	0.0	0.0	0.0	0.35713866353034973	0.26701053977012634	0.2922302186489105	0.0	0.0	0.0	0.15910357236862183	0.0	0.0	0.0	0.0	0.0	0.0	0.0	0.0	0.0	0.3140519857406616	0.0	0.0	0.0	0.0	0.19299210608005524	0.21385027468204498	0.0	0.0	0.0	0.0	0.0	0.0	0.2638760507106781	0.0	0.0	0.0	0.0	0.0	0.0	0.3418334424495697	0.28667905926704407	0.0	0.0	0.0	0.0	0.0	0.15672479569911957	0.0	0.0	0.0	0.0
0.0	0.15692372620105743	0.0	0.0	0.0	0.0	0.0	0.0	0.0	0.0	0.0	0.0	0.0	0.0	0.0	0.0	0.3564741909503937	0.2664468586444855	0.2914455533027649	0.0	0.0	0.0	0.15811200439929962	0.0	0.0	0.0	0.0	0.0	0.0	0.0	0.0	0.0	0.31353893876075745	0.0	0.0	0.0	0.0	0.1931636929512024	0.2135300636291504	0.0	0.0	0.0	0.0	0.0	0.0	0.2638634741306305	0.0	0.0	0.0	0.0	0.0	0.0	0.3413695693016052	0.28648537397384644	0.0	0.0	0.0	0.0	0.0	0.15611010789871216	0.0	0.0	0.0	0.0
0.0	0.15687096118927002	0.0	0.0	0.0	0.0	0.0	0.0	0.0	0.0	0.0	0.0	0.0	0.0	0.0	0.0	0.35717570781707764	0.2670941650867462	0.2912939488887787	0.0	0.0	0.0	0.1590883582830429	0.0	0.0	0.0	0.0	0.0	0.0	0.0	0.0	0.0	0.31417354941368103	0.0	0.0	0.0	0.0	0.19280730187892914	0.21386198699474335	0.0	0.0	0.0	0.0	0.0	0.0	0.2646804749965668	0.0	0.0	0.0	0.0	0.0	0.0	0.34194278717041016	0.2875139117240906	0.0	0.0	0.0	0.0	0.0	0.15779030323028564	0.0	0.0	0.0	0.0
0.0	0.15684205293655396	0.0	0.0	0.0	0.0	0.0	0.0	0.0	0.0	0.0	0.0	0.0	0.0	0.0	0.0	0.35712769627571106	0.2680509388446808	0.2925569713115692	0.0	0.0	0.0	0.15808334946632385	0.0	0.0	0.0	0.0	0.0	0.0	0.0	0.0	0.0	0.3140694797039032	0.0	0.0	0.0	0.0	0.19274847209453583	0.21384747326374054	0.0	0.0	0.0	0.0	0.0	0.0	0.263706773519516	0.0	0.0	0.0	0.0	0.0	0.0	0.34281158447265625	0.2865150570869446	0.0	0.0	0.0	0.0	0.0	0.1573515683412552	0.0	0.0	0.0	0.0
0.0	0.15708354115486145	0.0	0.0	0.0	0.0	0.0	0.0	0.0	0.0	0.0	0.0	0.0	0.0	0.0	0.0	0.3564356565475464	0.2673366367816925	0.2915519177913666	0.0	0.0	0.0	0.15797971189022064	0.0	0.0	0.0	0.0	0.0	0.0	0.0	0.0	0.0	0.3133489191532135	0.0	0.0	0.0	0.0	0.19317905604839325	0.21401676535606384	0.0	0.0	0.0	0.0	0.0	0.0	0.26353731751441956	0.0	0.0	0.0	0.0	0.0	0.0	0.34186577796936035	0.28635168075561523	0.0	0.0	0.0	0.0	0.0	0.15753373503684998	0.0	0.0	0.0	0.0
0.0	0.15694639086723328	0.0	0.0	0.0	0.0	0.0	0.0	0.0	0.0	0.0	0.0	0.0	0.0	0.0	0.0	0.3582581579685211	0.26661643385887146	0.2923377454280853	0.0	0.0	0.0	0.1577823907136917	0.0	0.0	0.0	0.0	0.0	0.0	0.0	0.0	0.0	0.31332388520240784	0.0	0.0	0.0	0.0	0.1938076764345169	0.21322190761566162	0.0	0.0	0.0	0.0	0.0	0.0	0.26348361372947693	0.0	0.0	0.0	0.0	0.0	0.0	0.34186410903930664	0.2866738736629486	0.0	0.0	0.0	0.0	0.0	0.1578758805990219	0.0	0.0	0.0	0.0
0.0	0.15554086863994598	0.0	0.0	0.0	0.0	0.0	0.0	0.0	0.0	0.0	0.0	0.0	0.0	0.0	0.0	0.356169730424881	0.2668941617012024	0.28946033120155334	0.0	0.0	0.0	0.15704047679901123	0.0	0.0	0.0	0.0	0.0	0.0	0.0	0.0	0.0	0.31201741099357605	0.0	0.0	0.0	0.0	0.19273081421852112	0.2119036167860031	0.0	0.0	0.0	0.0	0.0	0.0	0.26266252994537354	0.0	0.0	0.0	0.0	0.0	0.0	0.339929461479187	0.28490838408470154	0.0	0.0	0.0	0.0	0.0	0.1570044606924057	0.0	0.0	0.0	0.0
0.0	0.15747486054897308	0.0	0.0	0.0	0.0	0.0	0.0	0.0	0.0	0.0	0.0	0.0	0.0	0.0	0.0	0.3574815094470978	0.26713812351226807	0.2915383577346802	0.0	0.0	0.0	0.15801389515399933	0.0	0.0	0.0	0.0	0.0	0.0	0.0	0.0	0.0	0.3137345612049103	0.0	0.0	0.0	0.0	0.19356472790241241	0.214257150888443	0.0	0.0	0.0	0.0	0.0	0.0	0.26403293013572693	0.0	0.0	0.0	0.0	0.0	0.0	0.34202662110328674	0.28724610805511475	0.0	0.0	0.0	0.0	0.0	0.15698972344398499	0.0	0.0	0.0	0.0
0.0	0.15711510181427002	0.0	0.0	0.0	0.0	0.0	0.0	0.0	0.0	0.0	0.0	0.0	0.0	0.0	0.0	0.35796231031417847	0.2670145630836487	0.29338058829307556	0.0	0.0	0.0	0.1576826572418213	0.0	0.0	0.0	0.0	0.0	0.0	0.0	0.0	0.0	0.31361502408981323	0.0	0.0	0.0	0.0	0.19313451647758484	0.2138427346944809	0.0	0.0	0.0	0.0	0.0	0.0	0.26540642976760864	0.0	0.0	0.0	0.0	0.0	0.0	0.34129586815834045	0.28659459948539734	0.0	0.0	0.0	0.0	0.0	0.1579733043909073	0.0	0.0	0.0	0.0
0.0	0.1570332944393158	0.0	0.0	0.0	0.0	0.0	0.0	0.0	0.0	0.0	0.0	0.0	0.0	0.0	0.0	0.3575282394886017	0.2673948109149933	0.29191339015960693	0.0	0.0	0.0	0.15766641497612	0.0	0.0	0.0	0.0	0.0	0.0	0.0	0.0	0.0	0.31466108560562134	0.0	0.0	0.0	0.0	0.19367502629756927	0.21381115913391113	0.0	0.0	0.0	0.0	0.0	0.0	0.2631358802318573	0.0	0.0	0.0	0.0	0.0	0.0	0.34210336208343506	0.287030428647995	0.0	0.0	0.0	0.0	0.0	0.1580813080072403	0.0	0.0	0.0	0.0
0.0	0.15735022723674774	0.0	0.0	0.0	0.0	0.0	0.0	0.0	0.0	0.0	0.0	0.0	0.0	0.0	0.0	0.3568830192089081	0.26726382970809937	0.29220566153526306	0.0	0.0	0.0	0.1587490290403366	0.0	0.0	0.0	0.0	0.0	0.0	0.0	0.0	0.0	0.3134753704071045	0.0	0.0	0.0	0.0	0.19210702180862427	0.2142733782529831	0.0	0.0	0.0	0.0	0.0	0.0	0.2638872563838959	0.0	0.0	0.0	0.0	0.0	0.0	0.3419394791126251	0.28725335001945496	0.0	0.0	0.0	0.0	0.0	0.1579509675502777	0.0	0.0	0.0	0.0
0.0	0.15704260766506195	0.0	0.0	0.0	0.0	0.0	0.0	0.0	0.0	0.0	0.0	0.0	0.0	0.0	0.0	0.35680636763572693	0.26813799142837524	0.29225847125053406	0.0	0.0	0.0	0.15751318633556366	0.0	0.0	0.0	0.0	0.0	0.0	0.0	0.0	0.0	0.3141085207462311	0.0	0.0	0.0	0.0	0.19356730580329895	0.21385423839092255	0.0	0.0	0.0	0.0	0.0	0.0	0.2639872133731842	0.0	0.0	0.0	0.0	0.0	0.0	0.3416190445423126	0.2873108983039856	0.0	0.0	0.0	0.0	0.0	0.15753018856048584	0.0	0.0	0.0	0.0
0.0	0.1566738337278366	0.0	0.0	0.0	0.0	0.0	0.0	0.0	0.0	0.0	0.0	0.0	0.0	0.0	0.0	0.35814180970191956	0.2671981751918793	0.29186588525772095	0.0	0.0	0.0	0.15790413320064545	0.0	0.0	0.0	0.0	0.0	0.0	0.0	0.0	0.0	0.31352272629737854	0.0	0.0	0.0	0.0	0.19311709702014923	0.21324904263019562	0.0	0.0	0.0	0.0	0.0	0.0	0.26537126302719116	0.0	0.0	0.0	0.0	0.0	0.0	0.34284213185310364	0.28699085116386414	0.0	0.0	0.0	0.0	0.0	0.15836714208126068	0.0	0.0	0.0	0.0
0.0	0.15830378234386444	0.0	0.0	0.0	0.0	0.0	0.0	0.0	0.0	0.0	0.0	0.0	0.0	0.0	0.0	0.35710766911506653	0.26683956384658813	0.29084691405296326	0.0	0.0	0.0	0.15782862901687622	0.0	0.0	0.0	0.0	0.0	0.0	0.0	0.0	0.0	0.31280091404914856	0.0	0.0	0.0	0.0	0.19349731504917145	0.21350598335266113	0.0	0.0	0.0	0.0	0.0	0.0	0.26330670714378357	0.0	0.0	0.0	0.0	0.0	0.0	0.34250733256340027	0.28692930936813354	0.0	0.0	0.0	0.0	0.0	0.15771658718585968	0.0	0.0	0.0	0.0
0.0	0.1572265475988388	0.0	0.0	0.0	0.0	0.0	0.0	0.0	0.0	0.0	0.0	0.0	0.0	0.0	0.0	0.3573976755142212	0.2675321400165558	0.29308032989501953	0.0	0.0	0.0	0.15779030323028564	0.0	0.0	0.0	0.0	0.0	0.0	0.0	0.0	0.0	0.3137621581554413	0.0	0.0	0.0	0.0	0.1934089958667755	0.214060977101326	0.0	0.0	0.0	0.0	0.0	0.0	0.26431432366371155	0.0	0.0	0.0	0.0	0.0	0.0	0.34202131628990173	0.28688398003578186	0.0	0.0	0.0	0.0	0.0	0.15911473333835602	0.0	0.0	0.0	0.0
0.0	0.15816842019557953	0.0	0.0	0.0	0.0	0.0	0.0	0.0	0.0	0.0	0.0	0.0	0.0	0.0	0.0	0.3569609820842743	0.2671966850757599	0.2922026216983795	0.0	0.0	0.0	0.1593766063451767	0.0	0.0	0.0	0.0	0.0	0.0	0.0	0.0	0.0	0.31358346343040466	0.0	0.0	0.0	0.0	0.1936359852552414	0.21391302347183228	0.0	0.0	0.0	0.0	0.0	0.0	0.2637941241264343	0.0	0.0	0.0	0.0	0.0	0.0	0.3428725302219391	0.2867501974105835	0.0	0.0	0.0	0.0	0.0	0.15853355824947357	0.0	0.0	0.0	0.0
0.0	0.15696296095848083	0.0	0.0	0.0	0.0	0.0	0.0	0.0	0.0	0.0	0.0	0.0	0.0	0.0	0.0	0.35778680443763733	0.2675178050994873	0.29226046800613403	0.0	0.0	0.0	0.15952208638191223	0.0	0.0	0.0	0.0	0.0	0.0	0.0	0.0	0.0	0.3146819472312927	0.0	0.0	0.0	0.0	0.19335335493087769	0.21353654563426971	0.0	0.0	0.0	0.0	0.0	0.0	0.2645309865474701	0.0	0.0	0.0	0.0	0.0	0.0	0.34246161580085754	0.2877555787563324	0.0	0.0	0.0	0.0	0.0	0.15709145367145538	0.0	0.0	0.0	0.0
0.0	0.15665006637573242	0.0	0.0	0.0	0.0	0.0	0.0	0.0	0.0	0.0	0.0	0.0	0.0	0.0	0.0	0.35673603415489197	0.2668120265007019	0.29178255796432495	0.0	0.0	0.0	0.15780816972255707	0.0	0.0	0.0	0.0	0.0	0.0	0.0	0.0	0.0	0.3136286437511444	0.0	0.0	0.0	0.0	0.1931862086057663	0.21376743912696838	0.0	0.0	0.0	0.0	0.0	0.0	0.26445186138153076	0.0	0.0	0.0	0.0	0.0	0.0	0.34137552976608276	0.28704601526260376	0.0	0.0	0.0	0.0	0.0	0.15800772607326508	0.0	0.0	0.0	0.0
0.0	0.15764299035072327	0.0	0.0	0.0	0.0	0.0	0.0	0.0	0.0	0.0	0.0	0.0	0.0	0.0	0.0	0.3572920858860016	0.26760461926460266	0.29171687364578247	0.0	0.0	0.0	0.15878045558929443	0.0	0.0	0.0	0.0	0.0	0.0	0.0	0.0	0.0	0.313426673412323	0.0	0.0	0.0	0.0	0.1942184567451477	0.21367232501506805	0.0	0.0	0.0	0.0	0.0	0.0	0.26444199681282043	0.0	0.0	0.0	0.0	0.0	0.0	0.3422556519508362	0.2875305712223053	0.0	0.0	0.0	0.0	0.0	0.15703190863132477	0.0	0.0	0.0	0.0
0.0	0.15718626976013184	0.0	0.0	0.0	0.0	0.0	0.0	0.0	0.0	0.0	0.0	0.0	0.0	0.0	0.0	0.3568890392780304	0.2677687108516693	0.29169073700904846	0.0	0.0	0.0	0.15875424444675446	0.0	0.0	0.0	0.0	0.0	0.0	0.0	0.0	0.0	0.31372034549713135	0.0	0.0	0.0	0.0	0.1937251091003418	0.21349367499351501	0.0	0.0	0.0	0.0	0.0	0.0	0.2641393542289734	0.0	0.0	0.0	0.0	0.0	0.0	0.3422316014766693	0.2873128652572632	0.0	0.0	0.0	0.0	0.0	0.15727555751800537	0.0	0.0	0.0	0.0
0.0	0.15643568336963654	0.0	0.0	0.0	0.0	0.0	0.0	0.0	0.0	0.0	0.0	0.0	0.0	0.0	0.0	0.35718169808387756	0.26637810468673706	0.2909981608390808	0.0	0.0	0.0	0.15907645225524902	0.0	0.0	0.0	0.0	0.0	0.0	0.0	0.0	0.0	0.313881516456604	0.0	0.0	0.0	0.0	0.19326552748680115	0.21385450661182404	0.0	0.0	0.0	0.0	0.0	0.0	0.2644697427749634	0.0	0.0	0.0	0.0	0.0	0.0	0.34174132347106934	0.2870238721370697	0.0	0.0	0.0	0.0	0.0	0.1568128764629364	0.0	0.0	0.0	0.0
0.0	0.15615393221378326	0.0	0.0	0.0	0.0	0.0	0.0	0.0	0.0	0.0	0.0	0.0	0.0	0.0	0.0	0.35682007670402527	0.2664129137992859	0.29217830300331116	0.0	0.0	0.0	0.15766088664531708	0.0	0.0	0.0	0.0	0.0	0.0	0.0	0.0	0.0	0.3133498430252075	0.0	0.0	0.0	0.0	0.1933496743440628	0.21344399452209473	0.0	0.0	0.0	0.0	0.0	0.0	0.26298725605010986	0.0	0.0	0.0	0.0	0.0	0.0	0.34222832322120667	0.28664571046829224	0.0	0.0	0.0	0.0	0.0	0.15690527856349945	0.0	0.0	0.0	0.0
0.0	0.15731485188007355	0.0	0.0	0.0	0.0	0.0	0.0	0.0	0.0	0.0	0.0	0.0	0.0	0.0	0.0	0.356391966342926	0.2682783901691437	0.2914937138557434	0.0	0.0	0.0	0.15832598507404327	0.0	0.0	0.0	0.0	0.0	0.0	0.0	0.0	0.0	0.31434744596481323	0.0	0.0	0.0	0.0	0.19331130385398865	0.2138654589653015	0.0	0.0	0.0	0.0	0.0	0.0	0.2642867863178253	0.0	0.0	0.0	0.0	0.0	0.0	0.3425620198249817	0.2872302532196045	0.0	0.0	0.0	0.0	0.0	0.1571688950061798	0.0	0.0	0.0	0.0
0.0	0.15724073350429535	0.0	0.0	0.0	0.0	0.0	0.0	0.0	0.0	0.0	0.0	0.0	0.0	0.0	0.0	0.3573370575904846	0.2677878439426422	0.2917040288448334	0.0	0.0	0.0	0.15818379819393158	0.0	0.0	0.0	0.0	0.0	0.0	0.0	0.0	0.0	0.31415942311286926	0.0	0.0	0.0	0.0	0.1932072788476944	0.21326889097690582	0.0	0.0	0.0	0.0	0.0	0.0	0.26463794708251953	0.0	0.0	0.0	0.0	0.0	0.0	0.3431366980075836	0.2876260280609131	0.0	0.0	0.0	0.0	0.0	0.15876832604408264	0.0	0.0	0.0	0.0
0.0	0.15644212067127228	0.0	0.0	0.0	0.0	0.0	0.0	0.0	0.0	0.0	0.0	0.0	0.0	0.0	0.0	0.3585221767425537	0.2664712369441986	0.2922949492931366	0.0	0.0	0.0	0.1576859951019287	0.0	0.0	0.0	0.0	0.0	0.0	0.0	0.0	0.0	0.3131953477859497	0.0	0.0	0.0	0.0	0.19352687895298004	0.21310193836688995	0.0	0.0	0.0	0.0	0.0	0.0	0.2651657462120056	0.0	0.0	0.0	0.0	0.0	0.0	0.3419189453125	0.2874943017959595	0.0	0.0	0.0	0.0	0.0	0.15727518498897552	0.0	0.0	0.0	0.0
0.0	0.15744993090629578	0.0	0.0	0.0	0.0	0.0	0.0	0.0	0.0	0.0	0.0	0.0	0.0	0.0	0.0	0.3572205603122711	0.2679433226585388	0.29159367084503174	0.0	0.0	0.0	0.1580178439617157	0.0	0.0	0.0	0.0	0.0	0.0	0.0	0.0	0.0	0.3133726418018341	0.0	0.0	0.0	0.0	0.19326846301555634	0.2135954052209854	0.0	0.0	0.0	0.0	0.0	0.0	0.2650934159755707	0.0	0.0	0.0	0.0	0.0	0.0	0.34230974316596985	0.28733184933662415	0.0	0.0	0.0	0.0	0.0	0.15835607051849365	0.0	0.0	0.0	0.0
0.0	0.15702182054519653	0.0	0.0	0.0	0.0	0.0	0.0	0.0	0.0	0.0	0.0	0.0	0.0	0.0	0.0	0.3573397099971771	0.26790717244148254	0.2926080822944641	0.0	0.0	0.0	0.15824653208255768	0.0	0.0	0.0	0.0	0.0	0.0	0.0	0.0	0.0	0.31398022174835205	0.0	0.0	0.0	0.0	0.193599671125412	0.21379077434539795	0.0	0.0	0.0	0.0	0.0	0.0	0.2652483880519867	0.0	0.0	0.0	0.0	0.0	0.0	0.3415288031101227	0.28728732466697693	0.0	0.0	0.0	0.0	0.0	0.15755662322044373	0.0	0.0	0.0	0.0
0.0	0.1585332453250885	0.0	0.0	0.0	0.0	0.0	0.0	0.0	0.0	0.0	0.0	0.0	0.0	0.0	0.0	0.3569355905056	0.2674640715122223	0.29270824790000916	0.0	0.0	0.0	0.15886996686458588	0.0	0.0	0.0	0.0	0.0	0.0	0.0	0.0	0.0	0.31376224756240845	0.0	0.0	0.0	0.0	0.19342491030693054	0.2137802392244339	0.0	0.0	0.0	0.0	0.0	0.0	0.26395362615585327	0.0	0.0	0.0	0.0	0.0	0.0	0.3420896530151367	0.287550687789917	0.0	0.0	0.0	0.0	0.0	0.15785926580429077	0.0	0.0	0.0	0.0
0.0	0.15694443881511688	0.0	0.0	0.0	0.0	0.0	0.0	0.0	0.0	0.0	0.0	0.0	0.0	0.0	0.0	0.35820260643959045	0.2675403356552124	0.29293346405029297	0.0	0.0	0.0	0.15927006304264069	0.0	0.0	0.0	0.0	0.0	0.0	0.0	0.0	0.0	0.31326204538345337	0.0	0.0	0.0	0.0	0.19364981353282928	0.21295860409736633	0.0	0.0	0.0	0.0	0.0	0.0	0.26432153582572937	0.0	0.0	0.0	0.0	0.0	0.0	0.34281763434410095	0.28728187084198	0.0	0.0	0.0	0.0	0.0	0.1581157147884369	0.0	0.0	0.0	0.0
0.0	0.15761342644691467	0.0	0.0	0.0	0.0	0.0	0.0	0.0	0.0	0.0	0.0	0.0	0.0	0.0	0.0	0.357442170381546	0.26690492033958435	0.2920280396938324	0.0	0.0	0.0	0.1583693027496338	0.0	0.0	0.0	0.0	0.0	0.0	0.0	0.0	0.0	0.31376349925994873	0.0	0.0	0.0	0.0	0.19368596374988556	0.21232114732265472	0.0	0.0	0.0	0.0	0.0	0.0	0.2633712887763977	0.0	0.0	0.0	0.0	0.0	0.0	0.3426065742969513	0.2870589792728424	0.0	0.0	0.0	0.0	0.0	0.15687057375907898	0.0	0.0	0.0	0.0
0.0	0.1567143350839615	0.0	0.0	0.0	0.0	0.0	0.0	0.0	0.0	0.0	0.0	0.0	0.0	0.0	0.0	0.35622960329055786	0.26685065031051636	0.2902528643608093	0.0	0.0	0.0	0.15699097514152527	0.0	0.0	0.0	0.0	0.0	0.0	0.0	0.0	0.0	0.31253930926322937	0.0	0.0	0.0	0.0	0.1929420381784439	0.21334081888198853	0.0	0.0	0.0	0.0	0.0	0.0	0.26366540789604187	0.0	0.0	0.0	0.0	0.0	0.0	0.3406888246536255	0.28598082065582275	0.0	0.0	0.0	0.0	0.0	0.15777862071990967	0.0	0.0	0.0	0.0
0.0	0.15726158022880554	0.0	0.0	0.0	0.0	0.0	0.0	0.0	0.0	0.0	0.0	0.0	0.0	0.0	0.0	0.3571329116821289	0.2669931948184967	0.29188746213912964	0.0	0.0	0.0	0.15957532823085785	0.0	0.0	0.0	0.0	0.0	0.0	0.0	0.0	0.0	0.3135165572166443	0.0	0.0	0.0	0.0	0.19364793598651886	0.2130601555109024	0.0	0.0	0.0	0.0	0.0	0.0	0.26477792859077454	0.0	0.0	0.0	0.0	0.0	0.0	0.3426169753074646	0.2875586152076721	0.0	0.0	0.0	0.0	0.0	0.1580810397863388	0.0	0.0	0.0	0.0
0.0	0.1557253748178482	0.0	0.0	0.0	0.0	0.0	0.0	0.0	0.0	0.0	0.0	0.0	0.0	0.0	0.0	0.3552839756011963	0.266873836517334	0.2903614938259125	0.0	0.0	0.0	0.15669596195220947	0.0	0.0	0.0	0.0	0.0	0.0	0.0	0.0	0.0	0.3123365640640259	0.0	0.0	0.0	0.0	0.19304010272026062	0.21237729489803314	0.0	0.0	0.0	0.0	0.0	0.0	0.26263299584388733	0.0	0.0	0.0	0.0	0.0	0.0	0.3398107588291168	0.2856055498123169	0.0	0.0	0.0	0.0	0.0	0.15608543157577515	0.0	0.0	0.0	0.0
0.0	0.15797565877437592	0.0	0.0	0.0	0.0	0.0	0.0	0.0	0.0	0.0	0.0	0.0	0.0	0.0	0.0	0.3575538396835327	0.2666711211204529	0.29114973545074463	0.0	0.0	0.0	0.157292440533638	0.0	0.0	0.0	0.0	0.0	0.0	0.0	0.0	0.0	0.31154748797416687	0.0	0.0	0.0	0.0	0.19263429939746857	0.21262048184871674	0.0	0.0	0.0	0.0	0.0	0.0	0.2620415687561035	0.0	0.0	0.0	0.0	0.0	0.0	0.3427742123603821	0.28310686349868774	0.0	0.0	0.0	0.0	0.0	0.15474264323711395	0.0	0.0	0.0	0.0
0.0	0.1568434089422226	0.0	0.0	0.0	0.0	0.0	0.0	0.0	0.0	0.0	0.0	0.0	0.0	0.0	0.0	0.35685399174690247	0.2672613561153412	0.2924621105194092	0.0	0.0	0.0	0.15935522317886353	0.0	0.0	0.0	0.0	0.0	0.0	0.0	0.0	0.0	0.3147329092025757	0.0	0.0	0.0	0.0	0.19310201704502106	0.21296599507331848	0.0	0.0	0.0	0.0	0.0	0.0	0.26417770981788635	0.0	0.0	0.0	0.0	0.0	0.0	0.3421892821788788	0.28711074590682983	0.0	0.0	0.0	0.0	0.0	0.1575610190629959	0.0	0.0	0.0	0.0
0.0	0.15716776251792908	0.0	0.0	0.0	0.0	0.0	0.0	0.0	0.0	0.0	0.0	0.0	0.0	0.0	0.0	0.3573576807975769	0.2670229375362396	0.29242604970932007	0.0	0.0	0.0	0.15928013622760773	0.0	0.0	0.0	0.0	0.0	0.0	0.0	0.0	0.0	0.31390923261642456	0.0	0.0	0.0	0.0	0.19340451061725616	0.21322552859783173	0.0	0.0	0.0	0.0	0.0	0.0	0.26356005668640137	0.0	0.0	0.0	0.0	0.0	0.0	0.3415297567844391	0.2865559458732605	0.0	0.0	0.0	0.0	0.0	0.1560303270816803	0.0	0.0	0.0	0.0
0.0	0.15752947330474854	0.0	0.0	0.0	0.0	0.0	0.0	0.0	0.0	0.0	0.0	0.0	0.0	0.0	0.0	0.35735630989074707	0.26773717999458313	0.29161110520362854	0.0	0.0	0.0	0.15905676782131195	0.0	0.0	0.0	0.0	0.0	0.0	0.0	0.0	0.0	0.31370460987091064	0.0	0.0	0.0	0.0	0.19385603070259094	0.21480928361415863	0.0	0.0	0.0	0.0	0.0	0.0	0.26455962657928467	0.0	0.0	0.0	0.0	0.0	0.0	0.34255117177963257	0.2870630919933319	0.0	0.0	0.0	0.0	0.0	0.15766184031963348	0.0	0.0	0.0	0.0
0.0	0.15656214952468872	0.0	0.0	0.0	0.0	0.0	0.0	0.0	0.0	0.0	0.0	0.0	0.0	0.0	0.0	0.35674718022346497	0.2670407295227051	0.291867733001709	0.0	0.0	0.0	0.1578453928232193	0.0	0.0	0.0	0.0	0.0	0.0	0.0	0.0	0.0	0.3136809468269348	0.0	0.0	0.0	0.0	0.19326120615005493	0.21365731954574585	0.0	0.0	0.0	0.0	0.0	0.0	0.2643936276435852	0.0	0.0	0.0	0.0	0.0	0.0	0.3413655757904053	0.2865417003631592	0.0	0.0	0.0	0.0	0.0	0.1569584608078003	0.0	0.0	0.0	0.0
0.0	0.15743441879749298	0.0	0.0	0.0	0.0	0.0	0.0	0.0	0.0	0.0	0.0	0.0	0.0	0.0	0.0	0.3558501601219177	0.26695820689201355	0.2889193296432495	0.0	0.0	0.0	0.15716682374477386	0.0	0.0	0.0	0.0	0.0	0.0	0.0	0.0	0.0	0.3122764229774475	0.0	0.0	0.0	0.0	0.1933775097131729	0.2118544727563858	0.0	0.0	0.0	0.0	0.0	0.0	0.2628639340400696	0.0	0.0	0.0	0.0	0.0	0.0	0.34121349453926086	0.2851713001728058	0.0	0.0	0.0	0.0	0.0	0.15680503845214844	0.0	0.0	0.0	0.0
0.0	0.15860913693904877	0.0	0.0	0.0	0.0	0.0	0.0	0.0	0.0	0.0	0.0	0.0	0.0	0.0	0.0	0.3580814599990845	0.2690927982330322	0.2938949167728424	0.0	0.0	0.0	0.16013655066490173	0.0	0.0	0.0	0.0	0.0	0.0	0.0	0.0	0.0	0.31387433409690857	0.0	0.0	0.0	0.0	0.19400474429130554	0.2140018343925476	0.0	0.0	0.0	0.0	0.0	0.0	0.264436274766922	0.0	0.0	0.0	0.0	0.0	0.0	0.3423413634300232	0.28734758496284485	0.0	0.0	0.0	0.0	0.0	0.15854397416114807	0.0	0.0	0.0	0.0
0.0	0.15708181262016296	0.0	0.0	0.0	0.0	0.0	0.0	0.0	0.0	0.0	0.0	0.0	0.0	0.0	0.0	0.35724154114723206	0.2665950357913971	0.29245176911354065	0.0	0.0	0.0	0.15872812271118164	0.0	0.0	0.0	0.0	0.0	0.0	0.0	0.0	0.0	0.31551873683929443	0.0	0.0	0.0	0.0	0.1933060735464096	0.21581697463989258	0.0	0.0	0.0	0.0	0.0	0.0	0.2638225853443146	0.0	0.0	0.0	0.0	0.0	0.0	0.3415285348892212	0.28641459345817566	0.0	0.0	0.0	0.0	0.0	0.15800856053829193	0.0	0.0	0.0	0.0
0.0	0.15683625638484955	0.0	0.0	0.0	0.0	0.0	0.0	0.0	0.0	0.0	0.0	0.0	0.0	0.0	0.0	0.3578244149684906	0.2674621045589447	0.2921072840690613	0.0	0.0	0.0	0.15824240446090698	0.0	0.0	0.0	0.0	0.0	0.0	0.0	0.0	0.0	0.3131473958492279	0.0	0.0	0.0	0.0	0.19325585663318634	0.21372678875923157	0.0	0.0	0.0	0.0	0.0	0.0	0.264621764421463	0.0	0.0	0.0	0.0	0.0	0.0	0.3419016897678375	0.2858435809612274	0.0	0.0	0.0	0.0	0.0	0.1583278775215149	0.0	0.0	0.0	0.0
0.0	0.1572222262620926	0.0	0.0	0.0	0.0	0.0	0.0	0.0	0.0	0.0	0.0	0.0	0.0	0.0	0.0	0.35810738801956177	0.2672470211982727	0.29303625226020813	0.0	0.0	0.0	0.15928716957569122	0.0	0.0	0.0	0.0	0.0	0.0	0.0	0.0	0.0	0.3136778473854065	0.0	0.0	0.0	0.0	0.1935872584581375	0.2135932743549347	0.0	0.0	0.0	0.0	0.0	0.0	0.26423919200897217	0.0	0.0	0.0	0.0	0.0	0.0	0.3419135808944702	0.2864070236682892	0.0	0.0	0.0	0.0	0.0	0.15783771872520447	0.0	0.0	0.0	0.0
0.0	0.15609675645828247	0.0	0.0	0.0	0.0	0.0	0.0	0.0	0.0	0.0	0.0	0.0	0.0	0.0	0.0	0.3567790389060974	0.26718488335609436	0.2928076684474945	0.0	0.0	0.0	0.15818125009536743	0.0	0.0	0.0	0.0	0.0	0.0	0.0	0.0	0.0	0.31341034173965454	0.0	0.0	0.0	0.0	0.19355177879333496	0.21311122179031372	0.0	0.0	0.0	0.0	0.0	0.0	0.2639720141887665	0.0	0.0	0.0	0.0	0.0	0.0	0.3413306772708893	0.2868872582912445	0.0	0.0	0.0	0.0	0.0	0.15778487920761108	0.0	0.0	0.0	0.0
0.0	0.15695148706436157	0.0	0.0	0.0	0.0	0.0	0.0	0.0	0.0	0.0	0.0	0.0	0.0	0.0	0.0	0.3572923243045807	0.26803481578826904	0.2920030951499939	0.0	0.0	0.0	0.15810443460941315	0.0	0.0	0.0	0.0	0.0	0.0	0.0	0.0	0.0	0.313918799161911	0.0	0.0	0.0	0.0	0.1944146454334259	0.21241775155067444	0.0	0.0	0.0	0.0	0.0	0.0	0.26475128531455994	0.0	0.0	0.0	0.0	0.0	0.0	0.3422054648399353	0.28689152002334595	0.0	0.0	0.0	0.0	0.0	0.1574295610189438	0.0	0.0	0.0	0.0
0.0	0.15696722269058228	0.0	0.0	0.0	0.0	0.0	0.0	0.0	0.0	0.0	0.0	0.0	0.0	0.0	0.0	0.357681006193161	0.2662404477596283	0.2923930883407593	0.0	0.0	0.0	0.15950602293014526	0.0	0.0	0.0	0.0	0.0	0.0	0.0	0.0	0.0	0.3137360215187073	0.0	0.0	0.0	0.0	0.19218046963214874	0.2151614874601364	0.0	0.0	0.0	0.0	0.0	0.0	0.2646748423576355	0.0	0.0	0.0	0.0	0.0	0.0	0.34303319454193115	0.2855934500694275	0.0	0.0	0.0	0.0	0.0	0.15824449062347412	0.0	0.0	0.0	0.0
0.0	0.1583409607410431	0.0	0.0	0.0	0.0	0.0	0.0	0.0	0.0	0.0	0.0	0.0	0.0	0.0	0.0	0.3570617139339447	0.26767465472221375	0.29290369153022766	0.0	0.0	0.0	0.15840700268745422	0.0	0.0	0.0	0.0	0.0	0.0	0.0	0.0	0.0	0.3129613697528839	0.0	0.0	0.0	0.0	0.19340559840202332	0.21325145661830902	0.0	0.0	0.0	0.0	0.0	0.0	0.2647840082645416	0.0	0.0	0.0	0.0	0.0	0.0	0.34216728806495667	0.28656014800071716	0.0	0.0	0.0	0.0	0.0	0.15721498429775238	0.0	0.0	0.0	0.0
0.0	0.15599629282951355	0.0	0.0	0.0	0.0	0.0	0.0	0.0	0.0	0.0	0.0	0.0	0.0	0.0	0.0	0.3561888039112091	0.26495668292045593	0.29062190651893616	0.0	0.0	0.0	0.16000714898109436	0.0	0.0	0.0	0.0	0.0	0.0	0.0	0.0	0.0	0.31254011392593384	0.0	0.0	0.0	0.0	0.19174879789352417	0.21266531944274902	0.0	0.0	0.0	0.0	0.0	0.0	0.26333311200141907	0.0	0.0	0.0	0.0	0.0	0.0	0.34082329273223877	0.2841984033584595	0.0	0.0	0.0	0.0	0.0	0.15435458719730377	0.0	0.0	0.0	0.0
0.0	0.15726754069328308	0.0	0.0	0.0	0.0	0.0	0.0	0.0	0.0	0.0	0.0	0.0	0.0	0.0	0.0	0.3576030433177948	0.2682327926158905	0.2919066846370697	0.0	0.0	0.0	0.1580282300710678	0.0	0.0	0.0	0.0	0.0	0.0	0.0	0.0	0.0	0.3133876323699951	0.0	0.0	0.0	0.0	0.19359387457370758	0.21366776525974274	0.0	0.0	0.0	0.0	0.0	0.0	0.26482954621315	0.0	0.0	0.0	0.0	0.0	0.0	0.3418418765068054	0.2877596318721771	0.0	0.0	0.0	0.0	0.0	0.15770770609378815	0.0	0.0	0.0	0.0
0.0	0.15773604810237885	0.0	0.0	0.0	0.0	0.0	0.0	0.0	0.0	0.0	0.0	0.0	0.0	0.0	0.0	0.3575066328048706	0.2677563428878784	0.2914873957633972	0.0	0.0	0.0	0.15891383588314056	0.0	0.0	0.0	0.0	0.0	0.0	0.0	0.0	0.0	0.31393733620643616	0.0	0.0	0.0	0.0	0.1934637874364853	0.21375860273838043	0.0	0.0	0.0	0.0	0.0	0.0	0.264797568321228	0.0	0.0	0.0	0.0	0.0	0.0	0.34173575043678284	0.28644537925720215	0.0	0.0	0.0	0.0	0.0	0.1584387570619583	0.0	0.0	0.0	0.0
0.0	0.15670892596244812	0.0	0.0	0.0	0.0	0.0	0.0	0.0	0.0	0.0	0.0	0.0	0.0	0.0	0.0	0.3573594093322754	0.2669332027435303	0.2921828329563141	0.0	0.0	0.0	0.15832172334194183	0.0	0.0	0.0	0.0	0.0	0.0	0.0	0.0	0.0	0.3134976625442505	0.0	0.0	0.0	0.0	0.193731889128685	0.21404458582401276	0.0	0.0	0.0	0.0	0.0	0.0	0.26394400000572205	0.0	0.0	0.0	0.0	0.0	0.0	0.34132006764411926	0.2863834798336029	0.0	0.0	0.0	0.0	0.0	0.157645121216774	0.0	0.0	0.0	0.0
0.0	0.1570187211036682	0.0	0.0	0.0	0.0	0.0	0.0	0.0	0.0	0.0	0.0	0.0	0.0	0.0	0.0	0.3574870526790619	0.2669757008552551	0.29167822003364563	0.0	0.0	0.0	0.1595921814441681	0.0	0.0	0.0	0.0	0.0	0.0	0.0	0.0	0.0	0.31391042470932007	0.0	0.0	0.0	0.0	0.19387699663639069	0.2133152335882187	0.0	0.0	0.0	0.0	0.0	0.0	0.26340892910957336	0.0	0.0	0.0	0.0	0.0	0.0	0.34214287996292114	0.28623077273368835	0.0	0.0	0.0	0.0	0.0	0.1584172546863556	0.0	0.0	0.0	0.0
0.0	0.15705083310604095	0.0	0.0	0.0	0.0	0.0	0.0	0.0	0.0	0.0	0.0	0.0	0.0	0.0	0.0	0.35682886838912964	0.26749491691589355	0.29217836260795593	0.0	0.0	0.0	0.15852884948253632	0.0	0.0	0.0	0.0	0.0	0.0	0.0	0.0	0.0	0.3138693869113922	0.0	0.0	0.0	0.0	0.1933707892894745	0.21390503644943237	0.0	0.0	0.0	0.0	0.0	0.0	0.26459041237831116	0.0	0.0	0.0	0.0	0.0	0.0	0.34184640645980835	0.28715744614601135	0.0	0.0	0.0	0.0	0.0	0.15769387781620026	0.0	0.0	0.0	0.0
0.0	0.1569676548242569	0.0	0.0	0.0	0.0	0.0	0.0	0.0	0.0	0.0	0.0	0.0	0.0	0.0	0.0	0.35762274265289307	0.2673417031764984	0.291642427444458	0.0	0.0	0.0	0.15809836983680725	0.0	0.0	0.0	0.0	0.0	0.0	0.0	0.0	0.0	0.31408950686454773	0.0	0.0	0.0	0.0	0.19351862370967865	0.2133786678314209	0.0	0.0	0.0	0.0	0.0	0.0	0.2634909451007843	0.0	0.0	0.0	0.0	0.0	0.0	0.34178826212882996	0.2871825098991394	0.0	0.0	0.0	0.0	0.0	0.1571153998374939	0.0	0.0	0.0	0.0
0.0	0.15727442502975464	0.0	0.0	0.0	0.0	0.0	0.0	0.0	0.0	0.0	0.0	0.0	0.0	0.0	0.0	0.35542550683021545	0.2666526436805725	0.290164053440094	0.0	0.0	0.0	0.15775391459465027	0.0	0.0	0.0	0.0	0.0	0.0	0.0	0.0	0.0	0.3120935559272766	0.0	0.0	0.0	0.0	0.19327832758426666	0.21236978471279144	0.0	0.0	0.0	0.0	0.0	0.0	0.2637566924095154	0.0	0.0	0.0	0.0	0.0	0.0	0.34156692028045654	0.2859516143798828	0.0	0.0	0.0	0.0	0.0	0.15646697580814362	0.0	0.0	0.0	0.0
0.0	0.15655750036239624	0.0	0.0	0.0	0.0	0.0	0.0	0.0	0.0	0.0	0.0	0.0	0.0	0.0	0.0	0.3577805757522583	0.26752084493637085	0.2924010157585144	0.0	0.0	0.0	0.15836374461650848	0.0	0.0	0.0	0.0	0.0	0.0	0.0	0.0	0.0	0.31413376331329346	0.0	0.0	0.0	0.0	0.19416753947734833	0.21314649283885956	0.0	0.0	0.0	0.0	0.0	0.0	0.2649034261703491	0.0	0.0	0.0	0.0	0.0	0.0	0.3422456383705139	0.287516325712204	0.0	0.0	0.0	0.0	0.0	0.1570945680141449	0.0	0.0	0.0	0.0
0.0	0.15719763934612274	0.0	0.0	0.0	0.0	0.0	0.0	0.0	0.0	0.0	0.0	0.0	0.0	0.0	0.0	0.3572196364402771	0.2666197717189789	0.29282423853874207	0.0	0.0	0.0	0.15814296901226044	0.0	0.0	0.0	0.0	0.0	0.0	0.0	0.0	0.0	0.3128456771373749	0.0	0.0	0.0	0.0	0.19243186712265015	0.21266861259937286	0.0	0.0	0.0	0.0	0.0	0.0	0.26245757937431335	0.0	0.0	0.0	0.0	0.0	0.0	0.34096360206604004	0.28653275966644287	0.0	0.0	0.0	0.0	0.0	0.15728691220283508	0.0	0.0	0.0	0.0
0.0	0.1575319766998291	0.0	0.0	0.0	0.0	0.0	0.0	0.0	0.0	0.0	0.0	0.0	0.0	0.0	0.0	0.35714125633239746	0.26686108112335205	0.29140785336494446	0.0	0.0	0.0	0.15780991315841675	0.0	0.0	0.0	0.0	0.0	0.0	0.0	0.0	0.0	0.3137945830821991	0.0	0.0	0.0	0.0	0.19367723166942596	0.2129773050546646	0.0	0.0	0.0	0.0	0.0	0.0	0.2641461193561554	0.0	0.0	0.0	0.0	0.0	0.0	0.3421418368816376	0.28684061765670776	0.0	0.0	0.0	0.0	0.0	0.15766435861587524	0.0	0.0	0.0	0.0
0.0	0.1569848507642746	0.0	0.0	0.0	0.0	0.0	0.0	0.0	0.0	0.0	0.0	0.0	0.0	0.0	0.0	0.35744598507881165	0.26645588874816895	0.2914952039718628	0.0	0.0	0.0	0.15884922444820404	0.0	0.0	0.0	0.0	0.0	0.0	0.0	0.0	0.0	0.3131985366344452	0.0	0.0	0.0	0.0	0.19297121465206146	0.21437565982341766	0.0	0.0	0.0	0.0	0.0	0.0	0.263252317905426	0.0	0.0	0.0	0.0	0.0	0.0	0.34193918108940125	0.2869274616241455	0.0	0.0	0.0	0.0	0.0	0.15819747745990753	0.0	0.0	0.0	0.0
0.0	0.1573035717010498	0.0	0.0	0.0	0.0	0.0	0.0	0.0	0.0	0.0	0.0	0.0	0.0	0.0	0.0	0.3571297824382782	0.26790928840637207	0.29174959659576416	0.0	0.0	0.0	0.15828178822994232	0.0	0.0	0.0	0.0	0.0	0.0	0.0	0.0	0.0	0.3133617341518402	0.0	0.0	0.0	0.0	0.19363418221473694	0.2137165069580078	0.0	0.0	0.0	0.0	0.0	0.0	0.26416581869125366	0.0	0.0	0.0	0.0	0.0	0.0	0.3422546684741974	0.2865847051143646	0.0	0.0	0.0	0.0	0.0	0.15765520930290222	0.0	0.0	0.0	0.0
0.0	0.15748140215873718	0.0	0.0	0.0	0.0	0.0	0.0	0.0	0.0	0.0	0.0	0.0	0.0	0.0	0.0	0.3571426570415497	0.26728197932243347	0.2920016944408417	0.0	0.0	0.0	0.15863579511642456	0.0	0.0	0.0	0.0	0.0	0.0	0.0	0.0	0.0	0.3143950402736664	0.0	0.0	0.0	0.0	0.19278673827648163	0.2141423523426056	0.0	0.0	0.0	0.0	0.0	0.0	0.26452767848968506	0.0	0.0	0.0	0.0	0.0	0.0	0.3414120674133301	0.2875252962112427	0.0	0.0	0.0	0.0	0.0	0.15839605033397675	0.0	0.0	0.0	0.0
0.0	0.15766139328479767	0.0	0.0	0.0	0.0	0.0	0.0	0.0	0.0	0.0	0.0	0.0	0.0	0.0	0.0	0.3581947684288025	0.26768895983695984	0.29233434796333313	0.0	0.0	0.0	0.158328115940094	0.0	0.0	0.0	0.0	0.0	0.0	0.0	0.0	0.0	0.3138892650604248	0.0	0.0	0.0	0.0	0.19411221146583557	0.21447151899337769	0.0	0.0	0.0	0.0	0.0	0.0	0.26552098989486694	0.0	0.0	0.0	0.0	0.0	0.0	0.3428582549095154	0.28804975748062134	0.0	0.0	0.0	0.0	0.0	0.15708167850971222	0.0	0.0	0.0	0.0
0.0	0.15796531736850739	0.0	0.0	0.0	0.0	0.0	0.0	0.0	0.0	0.0	0.0	0.0	0.0	0.0	0.0	0.3565792441368103	0.26763081550598145	0.2916080951690674	0.0	0.0	0.0	0.15915776789188385	0.0	0.0	0.0	0.0	0.0	0.0	0.0	0.0	0.0	0.3137657642364502	0.0	0.0	0.0	0.0	0.19318048655986786	0.2127755880355835	0.0	0.0	0.0	0.0	0.0	0.0	0.26380038261413574	0.0	0.0	0.0	0.0	0.0	0.0	0.3414052128791809	0.2868860065937042	0.0	0.0	0.0	0.0	0.0	0.157637819647789	0.0	0.0	0.0	0.0
0.0	0.15683531761169434	0.0	0.0	0.0	0.0	0.0	0.0	0.0	0.0	0.0	0.0	0.0	0.0	0.0	0.0	0.35681581497192383	0.26302164793014526	0.29431167244911194	0.0	0.0	0.0	0.15747931599617004	0.0	0.0	0.0	0.0	0.0	0.0	0.0	0.0	0.0	0.3120286464691162	0.0	0.0	0.0	0.0	0.19068436324596405	0.21487124264240265	0.0	0.0	0.0	0.0	0.0	0.0	0.26384037733078003	0.0	0.0	0.0	0.0	0.0	0.0	0.34174102544784546	0.2869793474674225	0.0	0.0	0.0	0.0	0.0	0.15826186537742615	0.0	0.0	0.0	0.0
0.0	0.15684090554714203	0.0	0.0	0.0	0.0	0.0	0.0	0.0	0.0	0.0	0.0	0.0	0.0	0.0	0.0	0.35762396454811096	0.2676349878311157	0.2926996648311615	0.0	0.0	0.0	0.15859287977218628	0.0	0.0	0.0	0.0	0.0	0.0	0.0	0.0	0.0	0.3139975070953369	0.0	0.0	0.0	0.0	0.1937272846698761	0.21339412033557892	0.0	0.0	0.0	0.0	0.0	0.0	0.26427656412124634	0.0	0.0	0.0	0.0	0.0	0.0	0.34175652265548706	0.2874646484851837	0.0	0.0	0.0	0.0	0.0	0.15842978656291962	0.0	0.0	0.0	0.0
0.0	0.1563481241464615	0.0	0.0	0.0	0.0	0.0	0.0	0.0	0.0	0.0	0.0	0.0	0.0	0.0	0.0	0.3569701611995697	0.26733964681625366	0.2927858829498291	0.0	0.0	0.0	0.15881143510341644	0.0	0.0	0.0	0.0	0.0	0.0	0.0	0.0	0.0	0.31356072425842285	0.0	0.0	0.0	0.0	0.19322063028812408	0.2137630432844162	0.0	0.0	0.0	0.0	0.0	0.0	0.26454514265060425	0.0	0.0	0.0	0.0	0.0	0.0	0.3408375382423401	0.28759512305259705	0.0	0.0	0.0	0.0	0.0	0.15819750726222992	0.0	0.0	0.0	0.0
0.0	0.15764842927455902	0.0	0.0	0.0	0.0	0.0	0.0	0.0	0.0	0.0	0.0	0.0	0.0	0.0	0.0	0.3573665916919708	0.2681587338447571	0.29094788432121277	0.0	0.0	0.0	0.15833686292171478	0.0	0.0	0.0	0.0	0.0	0.0	0.0	0.0	0.0	0.3133186101913452	0.0	0.0	0.0	0.0	0.1938454508781433	0.2133147120475769	0.0	0.0	0.0	0.0	0.0	0.0	0.26408150792121887	0.0	0.0	0.0	0.0	0.0	0.0	0.34266889095306396	0.2873583436012268	0.0	0.0	0.0	0.0	0.0	0.15697598457336426	0.0	0.0	0.0	0.0
0.0	0.15708130598068237	0.0	0.0	0.0	0.0	0.0	0.0	0.0	0.0	0.0	0.0	0.0	0.0	0.0	0.0	0.3573160469532013	0.2679829001426697	0.2917771339416504	0.0	0.0	0.0	0.15890377759933472	0.0	0.0	0.0	0.0	0.0	0.0	0.0	0.0	0.0	0.3143639862537384	0.0	0.0	0.0	0.0	0.19330796599388123	0.213901087641716	0.0	0.0	0.0	0.0	0.0	0.0	0.2632274031639099	0.0	0.0	0.0	0.0	0.0	0.0	0.34248974919319153	0.2869466543197632	0.0	0.0	0.0	0.0	0.0	0.15822729468345642	0.0	0.0	0.0	0.0
0.0	0.15770892798900604	0.0	0.0	0.0	0.0	0.0	0.0	0.0	0.0	0.0	0.0	0.0	0.0	0.0	0.0	0.3566569685935974	0.2668372690677643	0.2921450436115265	0.0	0.0	0.0	0.15841703116893768	0.0	0.0	0.0	0.0	0.0	0.0	0.0	0.0	0.0	0.31371089816093445	0.0	0.0	0.0	0.0	0.19254973530769348	0.21338990330696106	0.0	0.0	0.0	0.0	0.0	0.0	0.2640495300292969	0.0	0.0	0.0	0.0	0.0	0.0	0.34223413467407227	0.286310076713562	0.0	0.0	0.0	0.0	0.0	0.15790878236293793	0.0	0.0	0.0	0.0
0.0	0.15730464458465576	0.0	0.0	0.0	0.0	0.0	0.0	0.0	0.0	0.0	0.0	0.0	0.0	0.0	0.0	0.3564240038394928	0.26738816499710083	0.29261016845703125	0.0	0.0	0.0	0.1583101898431778	0.0	0.0	0.0	0.0	0.0	0.0	0.0	0.0	0.0	0.3143731355667114	0.0	0.0	0.0	0.0	0.19362393021583557	0.2135169953107834	0.0	0.0	0.0	0.0	0.0	0.0	0.2634798288345337	0.0	0.0	0.0	0.0	0.0	0.0	0.34287166595458984	0.2864644229412079	0.0	0.0	0.0	0.0	0.0	0.15854738652706146	0.0	0.0	0.0	0.0
0.0	0.15700514614582062	0.0	0.0	0.0	0.0	0.0	0.0	0.0	0.0	0.0	0.0	0.0	0.0	0.0	0.0	0.3576485812664032	0.2673792243003845	0.29122546315193176	0.0	0.0	0.0	0.1586049348115921	0.0	0.0	0.0	0.0	0.0	0.0	0.0	0.0	0.0	0.31329113245010376	0.0	0.0	0.0	0.0	0.193839892745018	0.21323591470718384	0.0	0.0	0.0	0.0	0.0	0.0	0.2646021544933319	0.0	0.0	0.0	0.0	0.0	0.0	0.34139153361320496	0.287340372800827	0.0	0.0	0.0	0.0	0.0	0.1576351523399353	0.0	0.0	0.0	0.0
0.0	0.15805210173130035	0.0	0.0	0.0	0.0	0.0	0.0	0.0	0.0	0.0	0.0	0.0	0.0	0.0	0.0	0.35704728960990906	0.2679271996021271	0.29232028126716614	0.0	0.0	0.0	0.15884023904800415	0.0	0.0	0.0	0.0	0.0	0.0	0.0	0.0	0.0	0.31404054164886475	0.0	0.0	0.0	0.0	0.19320562481880188	0.21397626399993896	0.0	0.0	0.0	0.0	0.0	0.0	0.26388823986053467	0.0	0.0	0.0	0.0	0.0	0.0	0.3419451415538788	0.2866193354129791	0.0	0.0	0.0	0.0	0.0	0.15774233639240265	0.0	0.0	0.0	0.0
0.0	0.1569787859916687	0.0	0.0	0.0	0.0	0.0	0.0	0.0	0.0	0.0	0.0	0.0	0.0	0.0	0.0	0.35657763481140137	0.26740673184394836	0.29291048645973206	0.0	0.0	0.0	0.15789225697517395	0.0	0.0	0.0	0.0	0.0	0.0	0.0	0.0	0.0	0.3138536810874939	0.0	0.0	0.0	0.0	0.19389261305332184	0.21365022659301758	0.0	0.0	0.0	0.0	0.0	0.0	0.26457107067108154	0.0	0.0	0.0	0.0	0.0	0.0	0.3422219455242157	0.28700917959213257	0.0	0.0	0.0	0.0	0.0	0.15813422203063965	0.0	0.0	0.0	0.0
0.0	0.15686561167240143	0.0	0.0	0.0	0.0	0.0	0.0	0.0	0.0	0.0	0.0	0.0	0.0	0.0	0.0	0.3569822907447815	0.26798173785209656	0.29200559854507446	0.0	0.0	0.0	0.15832805633544922	0.0	0.0	0.0	0.0	0.0	0.0	0.0	0.0	0.0	0.3143919110298157	0.0	0.0	0.0	0.0	0.19316844642162323	0.2136363983154297	0.0	0.0	0.0	0.0	0.0	0.0	0.2643824517726898	0.0	0.0	0.0	0.0	0.0	0.0	0.34154412150382996	0.28653615713119507	0.0	0.0	0.0	0.0	0.0	0.1578560769557953	0.0	0.0	0.0	0.0
0.0	0.15639381110668182	0.0	0.0	0.0	0.0	0.0	0.0	0.0	0.0	0.0	0.0	0.0	0.0	0.0	0.0	0.35628145933151245	0.2668193578720093	0.29131782054901123	0.0	0.0	0.0	0.15690848231315613	0.0	0.0	0.0	0.0	0.0	0.0	0.0	0.0	0.0	0.3130314350128174	0.0	0.0	0.0	0.0	0.19395530223846436	0.21176093816757202	0.0	0.0	0.0	0.0	0.0	0.0	0.2635209560394287	0.0	0.0	0.0	0.0	0.0	0.0	0.3405214548110962	0.2853753864765167	0.0	0.0	0.0	0.0	0.0	0.15762385725975037	0.0	0.0	0.0	0.0
