0.24141447246074677	0.1345243602991104	0.25695687532424927	0.0	0.0	0.0	0.0	0.0	0.0	0.0	0.0	0.0	0.0	0.0	0.0	0.0	0.0	0.0	0.20552198588848114	0.0	0.0	0.0	0.0	0.0	0.0	0.0	0.0	0.0	0.0	0.0	0.0	0.0	0.0	0.0	0.0	0.0	0.0	0.0	0.0	0.0	0.0	0.0	0.27362343668937683	0.0	0.392753541469574	0.0	0.0462065264582634	0.0	0.0	0.0	0.0	0.0	0.0	0.0	0.0	0.0	0.1076839491724968	0.0	0.0	0.0	0.0	0.0	0.0	0.0
0.24782390892505646	0.1278802901506424	0.2581646740436554	0.0	0.0	0.0	0.0	0.0	0.0	0.0	0.0	0.0	0.0	0.0	0.0	0.0	0.0	0.0	0.19967079162597656	0.0	0.0	0.0	0.0	0.0	0.0	0.0	0.0	0.0	0.0	0.0	0.0	0.0	0.0	0.0	0.0	0.0	0.0	0.0	0.0	0.0	0.0	0.0	0.2791033983230591	0.0	0.4122306704521179	0.0	0.04242061451077461	0.0	0.0	0.0	0.0	0.0	0.0	0.0	0.0	0.0	0.10062337666749954	0.0	0.0	0.0	0.0	0.0	0.0	0.0
0.24013425409793854	0.129934623837471	0.2565055191516876	0.0	0.0	0.0	0.0	0.0	0.0	0.0	0.0	0.0	0.0	0.0	0.0	0.0	0.0	0.0	0.2015586793422699	0.0	0.0	0.0	0.0	0.0	0.0	0.0	0.0	0.0	0.0	0.0	0.0	0.0	0.0	0.0	0.0	0.0	0.0	0.0	0.0	0.0	0.0	0.0	0.2676074504852295	0.0	0.3821789026260376	0.0	0.04936175048351288	0.0	0.0	0.0	0.0	0.0	0.0	0.0	0.0	0.0	0.10997512936592102	0.0	0.0	0.0	0.0	0.0	0.0	0.0
0.2535654604434967	0.10825096070766449	0.24520064890384674	0.0	0.0	0.0	0.0	0.0	0.0	0.0	0.0	0.0	0.0	0.0	0.0	0.0	0.0	0.0	0.16851437091827393	0.0	0.0	0.0	0.0	0.0	0.0	0.0	0.0	0.0	0.0	0.0	0.0	0.0	0.0	0.0	0.0	0.0	0.0	0.0	0.0	0.0	0.0	0.0	0.27864500880241394	0.0	0.3853633403778076	0.0	0.03973877429962158	0.0	0.0	0.0	0.0	0.0	0.0	0.0	0.0	0.0	0.1066908985376358	0.0	0.0	0.0	0.0	0.0	0.0	0.0
0.23130717873573303	0.15377016365528107	0.2621302902698517	0.0	0.0	0.0	0.0	0.0	0.0	0.0	0.0	0.0	0.0	0.0	0.0	0.0	0.0	0.0	0.23510712385177612	0.0	0.0	0.0	0.0	0.0	0.0	0.0	0.0	0.0	0.0	0.0	0.0	0.0	0.0	0.0	0.0	0.0	0.0	0.0	0.0	0.0	0.0	0.0	0.25141674280166626	0.0	0.3601827323436737	0.0	0.06268413364887238	0.0	0.0	0.0	0.0	0.0	0.0	0.0	0.0	0.0	0.12134408950805664	0.0	0.0	0.0	0.0	0.0	0.0	0.0
0.2524305284023285	0.11490175127983093	0.2612987458705902	0.0	0.0	0.0	0.0	0.0	0.0	0.0	0.0	0.0	0.0	0.0	0.0	0.0	0.0	0.0	0.1839657574892044	0.0	0.0	0.0	0.0	0.0	0.0	0.0	0.0	0.0	0.0	0.0	0.0	0.0	0.0	0.0	0.0	0.0	0.0	0.0	0.0	0.0	0.0	0.0	0.2862875461578369	0.0	0.4200037717819214	0.0	0.049728117883205414	0.0	0.0	0.0	0.0	0.0	0.0	0.0	0.0	0.0	0.08941856026649475	0.0	0.0	0.0	0.0	0.0	0.0	0.0
0.2351900041103363	0.1554405242204666	0.26770251989364624	0.0	0.0	0.0	0.0	0.0	0.0	0.0	0.0	0.0	0.0	0.0	0.0	0.0	0.0	0.0	0.2415730506181717	0.0	0.0	0.0	0.0	0.0	0.0	0.0	0.0	0.0	0.0	0.0	0.0	0.0	0.0	0.0	0.0	0.0	0.0	0.0	0.0	0.0	0.0	0.0	0.25919976830482483	0.0	0.3830411434173584	0.0	0.05461641028523445	0.0	0.0	0.0	0.0	0.0	0.0	0.0	0.0	0.0	0.1166335791349411	0.0	0.0	0.0	0.0	0.0	0.0	0.0
0.2554539144039154	0.11012376844882965	0.26590606570243835	0.0	0.0	0.0	0.0	0.0	0.0	0.0	0.0	0.0	0.0	0.0	0.0	0.0	0.0	0.0	0.179508775472641	0.0	0.0	0.0	0.0	0.0	0.0	0.0	0.0	0.0	0.0	0.0	0.0	0.0	0.0	0.0	0.0	0.0	0.0	0.0	0.0	0.0	0.0	0.0	0.28483468294143677	0.0	0.4259599447250366	0.0	0.045851338654756546	0.0	0.0	0.0	0.0	0.0	0.0	0.0	0.0	0.0	0.08794445544481277	0.0	0.0	0.0	0.0	0.0	0.0	0.0
0.2400260716676712	0.13159652054309845	0.26176777482032776	0.0	0.0	0.0	0.0	0.0	0.0	0.0	0.0	0.0	0.0	0.0	0.0	0.0	0.0	0.0	0.20386521518230438	0.0	0.0	0.0	0.0	0.0	0.0	0.0	0.0	0.0	0.0	0.0	0.0	0.0	0.0	0.0	0.0	0.0	0.0	0.0	0.0	0.0	0.0	0.0	0.27224594354629517	0.0	0.3871121108531952	0.0	0.05200693756341934	0.0	0.0	0.0	0.0	0.0	0.0	0.0	0.0	0.0	0.11242391169071198	0.0	0.0	0.0	0.0	0.0	0.0	0.0
0.24123747646808624	0.13156642019748688	0.2577393054962158	0.0	0.0	0.0	0.0	0.0	0.0	0.0	0.0	0.0	0.0	0.0	0.0	0.0	0.0	0.0	0.2067670375108719	0.0	0.0	0.0	0.0	0.0	0.0	0.0	0.0	0.0	0.0	0.0	0.0	0.0	0.0	0.0	0.0	0.0	0.0	0.0	0.0	0.0	0.0	0.0	0.27140793204307556	0.0	0.3923915922641754	0.0	0.049606163054704666	0.0	0.0	0.0	0.0	0.0	0.0	0.0	0.0	0.0	0.10903920978307724	0.0	0.0	0.0	0.0	0.0	0.0	0.0
0.24035996198654175	0.12278784066438675	0.2597312331199646	0.0	0.0	0.0	0.0	0.0	0.0	0.0	0.0	0.0	0.0	0.0	0.0	0.0	0.0	0.0	0.20362761616706848	0.0	0.0	0.0	0.0	0.0	0.0	0.0	0.0	0.0	0.0	0.0	0.0	0.0	0.0	0.0	0.0	0.0	0.0	0.0	0.0	0.0	0.0	0.0	0.2699366509914398	0.0	0.38810306787490845	0.0	0.052826177328825	0.0	0.0	0.0	0.0	0.0	0.0	0.0	0.0	0.0	0.10157375037670135	0.0	0.0	0.0	0.0	0.0	0.0	0.0
0.2429041862487793	0.13406610488891602	0.2602813243865967	0.0	0.0	0.0	0.0	0.0	0.0	0.0	0.0	0.0	0.0	0.0	0.0	0.0	0.0	0.0	0.20673023164272308	0.0	0.0	0.0	0.0	0.0	0.0	0.0	0.0	0.0	0.0	0.0	0.0	0.0	0.0	0.0	0.0	0.0	0.0	0.0	0.0	0.0	0.0	0.0	0.2709462344646454	0.0	0.3887719511985779	0.0	0.04674987122416496	0.0	0.0	0.0	0.0	0.0	0.0	0.0	0.0	0.0	0.11051612347364426	0.0	0.0	0.0	0.0	0.0	0.0	0.0
0.2420998215675354	0.12759634852409363	0.2552838623523712	0.0	0.0	0.0	0.0	0.0	0.0	0.0	0.0	0.0	0.0	0.0	0.0	0.0	0.0	0.0	0.20519974827766418	0.0	0.0	0.0	0.0	0.0	0.0	0.0	0.0	0.0	0.0	0.0	0.0	0.0	0.0	0.0	0.0	0.0	0.0	0.0	0.0	0.0	0.0	0.0	0.2679143249988556	0.0	0.37954890727996826	0.0	0.04762626066803932	0.0	0.0	0.0	0.0	0.0	0.0	0.0	0.0	0.0	0.11525814980268478	0.0	0.0	0.0	0.0	0.0	0.0	0.0
0.23688560724258423	0.13668249547481537	0.2601991891860962	0.0	0.0	0.0	0.0	0.0	0.0	0.0	0.0	0.0	0.0	0.0	0.0	0.0	0.0	0.0	0.210235133767128	0.0	0.0	0.0	0.0	0.0	0.0	0.0	0.0	0.0	0.0	0.0	0.0	0.0	0.0	0.0	0.0	0.0	0.0	0.0	0.0	0.0	0.0	0.0	0.2635781168937683	0.0	0.3722798526287079	0.0	0.04946251958608627	0.0	0.0	0.0	0.0	0.0	0.0	0.0	0.0	0.0	0.11041087657213211	0.0	0.0	0.0	0.0	0.0	0.0	0.0
0.2445349097251892	0.13508866727352142	0.26177847385406494	0.0	0.0	0.0	0.0	0.0	0.0	0.0	0.0	0.0	0.0	0.0	0.0	0.0	0.0	0.0	0.20775452256202698	0.0	0.0	0.0	0.0	0.0	0.0	0.0	0.0	0.0	0.0	0.0	0.0	0.0	0.0	0.0	0.0	0.0	0.0	0.0	0.0	0.0	0.0	0.0	0.27289819717407227	0.0	0.398465096950531	0.0	0.04821648821234703	0.0	0.0	0.0	0.0	0.0	0.0	0.0	0.0	0.0	0.10957230627536774	0.0	0.0	0.0	0.0	0.0	0.0	0.0
0.22928592562675476	0.1459827721118927	0.25629138946533203	0.0	0.0	0.0	0.0	0.0	0.0	0.0	0.0	0.0	0.0	0.0	0.0	0.0	0.0	0.0	0.22897279262542725	0.0	0.0	0.0	0.0	0.0	0.0	0.0	0.0	0.0	0.0	0.0	0.0	0.0	0.0	0.0	0.0	0.0	0.0	0.0	0.0	0.0	0.0	0.0	0.24950633943080902	0.0	0.35046911239624023	0.0	0.05753915756940842	0.0	0.0	0.0	0.0	0.0	0.0	0.0	0.0	0.0	0.12493657320737839	0.0	0.0	0.0	0.0	0.0	0.0	0.0
0.24464158713817596	0.1250534951686859	0.2545475661754608	0.0	0.0	0.0	0.0	0.0	0.0	0.0	0.0	0.0	0.0	0.0	0.0	0.0	0.0	0.0	0.19394619762897491	0.0	0.0	0.0	0.0	0.0	0.0	0.0	0.0	0.0	0.0	0.0	0.0	0.0	0.0	0.0	0.0	0.0	0.0	0.0	0.0	0.0	0.0	0.0	0.2728523313999176	0.0	0.38930314779281616	0.0	0.04586692154407501	0.0	0.0	0.0	0.0	0.0	0.0	0.0	0.0	0.0	0.1080477386713028	0.0	0.0	0.0	0.0	0.0	0.0	0.0
0.23986831307411194	0.14598053693771362	0.26565787196159363	0.0	0.0	0.0	0.0	0.0	0.0	0.0	0.0	0.0	0.0	0.0	0.0	0.0	0.0	0.0	0.22186578810214996	0.0	0.0	0.0	0.0	0.0	0.0	0.0	0.0	0.0	0.0	0.0	0.0	0.0	0.0	0.0	0.0	0.0	0.0	0.0	0.0	0.0	0.0	0.0	0.27291208505630493	0.0	0.3912210762500763	0.0	0.05271400138735771	0.0	0.0	0.0	0.0	0.0	0.0	0.0	0.0	0.0	0.10782469809055328	0.0	0.0	0.0	0.0	0.0	0.0	0.0
0.2395268678665161	0.13518455624580383	0.26187849044799805	0.0	0.0	0.0	0.0	0.0	0.0	0.0	0.0	0.0	0.0	0.0	0.0	0.0	0.0	0.0	0.21031539142131805	0.0	0.0	0.0	0.0	0.0	0.0	0.0	0.0	0.0	0.0	0.0	0.0	0.0	0.0	0.0	0.0	0.0	0.0	0.0	0.0	0.0	0.0	0.0	0.263518750667572	0.0	0.37513503432273865	0.0	0.0531764030456543	0.0	0.0	0.0	0.0	0.0	0.0	0.0	0.0	0.0	0.1152895987033844	0.0	0.0	0.0	0.0	0.0	0.0	0.0
0.24446111917495728	0.11707215011119843	0.24770574271678925	0.0	0.0	0.0	0.0	0.0	0.0	0.0	0.0	0.0	0.0	0.0	0.0	0.0	0.0	0.0	0.1789688915014267	0.0	0.0	0.0	0.0	0.0	0.0	0.0	0.0	0.0	0.0	0.0	0.0	0.0	0.0	0.0	0.0	0.0	0.0	0.0	0.0	0.0	0.0	0.0	0.2730589807033539	0.0	0.3754214942455292	0.0	0.04513019323348999	0.0	0.0	0.0	0.0	0.0	0.0	0.0	0.0	0.0	0.11142727732658386	0.0	0.0	0.0	0.0	0.0	0.0	0.0
0.24703331291675568	0.12790971994400024	0.2578658163547516	0.0	0.0	0.0	0.0	0.0	0.0	0.0	0.0	0.0	0.0	0.0	0.0	0.0	0.0	0.0	0.1990942806005478	0.0	0.0	0.0	0.0	0.0	0.0	0.0	0.0	0.0	0.0	0.0	0.0	0.0	0.0	0.0	0.0	0.0	0.0	0.0	0.0	0.0	0.0	0.0	0.2852493226528168	0.0	0.40588492155075073	0.0	0.04219195619225502	0.0	0.0	0.0	0.0	0.0	0.0	0.0	0.0	0.0	0.10823596268892288	0.0	0.0	0.0	0.0	0.0	0.0	0.0
0.2551431357860565	0.11607261747121811	0.26479572057724	0.0	0.0	0.0	0.0	0.0	0.0	0.0	0.0	0.0	0.0	0.0	0.0	0.0	0.0	0.0	0.18400344252586365	0.0	0.0	0.0	0.0	0.0	0.0	0.0	0.0	0.0	0.0	0.0	0.0	0.0	0.0	0.0	0.0	0.0	0.0	0.0	0.0	0.0	0.0	0.0	0.29402193427085876	0.0	0.4461246728897095	0.0	0.03752867877483368	0.0	0.0	0.0	0.0	0.0	0.0	0.0	0.0	0.0	0.08411497622728348	0.0	0.0	0.0	0.0	0.0	0.0	0.0
0.2418440878391266	0.13293255865573883	0.26138055324554443	0.0	0.0	0.0	0.0	0.0	0.0	0.0	0.0	0.0	0.0	0.0	0.0	0.0	0.0	0.0	0.20391923189163208	0.0	0.0	0.0	0.0	0.0	0.0	0.0	0.0	0.0	0.0	0.0	0.0	0.0	0.0	0.0	0.0	0.0	0.0	0.0	0.0	0.0	0.0	0.0	0.2763645648956299	0.0	0.3966173827648163	0.0	0.046554479748010635	0.0	0.0	0.0	0.0	0.0	0.0	0.0	0.0	0.0	0.10931709408760071	0.0	0.0	0.0	0.0	0.0	0.0	0.0
0.24061183631420135	0.12767726182937622	0.25450900197029114	0.0	0.0	0.0	0.0	0.0	0.0	0.0	0.0	0.0	0.0	0.0	0.0	0.0	0.0	0.0	0.2009541392326355	0.0	0.0	0.0	0.0	0.0	0.0	0.0	0.0	0.0	0.0	0.0	0.0	0.0	0.0	0.0	0.0	0.0	0.0	0.0	0.0	0.0	0.0	0.0	0.2692112922668457	0.0	0.38325345516204834	0.0	0.04836566001176834	0.0	0.0	0.0	0.0	0.0	0.0	0.0	0.0	0.0	0.1121760681271553	0.0	0.0	0.0	0.0	0.0	0.0	0.0
0.24396155774593353	0.1379031538963318	0.26509201526641846	0.0	0.0	0.0	0.0	0.0	0.0	0.0	0.0	0.0	0.0	0.0	0.0	0.0	0.0	0.0	0.2226322740316391	0.0	0.0	0.0	0.0	0.0	0.0	0.0	0.0	0.0	0.0	0.0	0.0	0.0	0.0	0.0	0.0	0.0	0.0	0.0	0.0	0.0	0.0	0.0	0.2616235315799713	0.0	0.3819511830806732	0.0	0.05570085719227791	0.0	0.0	0.0	0.0	0.0	0.0	0.0	0.0	0.0	0.11810571700334549	0.0	0.0	0.0	0.0	0.0	0.0	0.0
0.2476615607738495	0.13167469203472137	0.25951841473579407	0.0	0.0	0.0	0.0	0.0	0.0	0.0	0.0	0.0	0.0	0.0	0.0	0.0	0.0	0.0	0.2017855942249298	0.0	0.0	0.0	0.0	0.0	0.0	0.0	0.0	0.0	0.0	0.0	0.0	0.0	0.0	0.0	0.0	0.0	0.0	0.0	0.0	0.0	0.0	0.0	0.2808464467525482	0.0	0.405192494392395	0.0	0.044124193489551544	0.0	0.0	0.0	0.0	0.0	0.0	0.0	0.0	0.0	0.10613719373941422	0.0	0.0	0.0	0.0	0.0	0.0	0.0
0.24216477572917938	0.13170509040355682	0.2555980682373047	0.0	0.0	0.0	0.0	0.0	0.0	0.0	0.0	0.0	0.0	0.0	0.0	0.0	0.0	0.0	0.19821298122406006	0.0	0.0	0.0	0.0	0.0	0.0	0.0	0.0	0.0	0.0	0.0	0.0	0.0	0.0	0.0	0.0	0.0	0.0	0.0	0.0	0.0	0.0	0.0	0.2777327597141266	0.0	0.39578384160995483	0.0	0.04639498516917229	0.0	0.0	0.0	0.0	0.0	0.0	0.0	0.0	0.0	0.10459179431200027	0.0	0.0	0.0	0.0	0.0	0.0	0.0
0.2574792504310608	0.12409292161464691	0.27213871479034424	0.0	0.0	0.0	0.0	0.0	0.0	0.0	0.0	0.0	0.0	0.0	0.0	0.0	0.0	0.0	0.18770554661750793	0.0	0.0	0.0	0.0	0.0	0.0	0.0	0.0	0.0	0.0	0.0	0.0	0.0	0.0	0.0	0.0	0.0	0.0	0.0	0.0	0.0	0.0	0.0	0.29525697231292725	0.0	0.4510911703109741	0.0	0.04503359645605087	0.0	0.0	0.0	0.0	0.0	0.0	0.0	0.0	0.0	0.07793167978525162	0.0	0.0	0.0	0.0	0.0	0.0	0.0
0.24223479628562927	0.1361914873123169	0.26075297594070435	0.0	0.0	0.0	0.0	0.0	0.0	0.0	0.0	0.0	0.0	0.0	0.0	0.0	0.0	0.0	0.20988903939723969	0.0	0.0	0.0	0.0	0.0	0.0	0.0	0.0	0.0	0.0	0.0	0.0	0.0	0.0	0.0	0.0	0.0	0.0	0.0	0.0	0.0	0.0	0.0	0.26708295941352844	0.0	0.38517335057258606	0.0	0.04880089312791824	0.0	0.0	0.0	0.0	0.0	0.0	0.0	0.0	0.0	0.1105533316731453	0.0	0.0	0.0	0.0	0.0	0.0	0.0
0.23989452421665192	0.13467936217784882	0.26132792234420776	0.0	0.0	0.0	0.0	0.0	0.0	0.0	0.0	0.0	0.0	0.0	0.0	0.0	0.0	0.0	0.2101033478975296	0.0	0.0	0.0	0.0	0.0	0.0	0.0	0.0	0.0	0.0	0.0	0.0	0.0	0.0	0.0	0.0	0.0	0.0	0.0	0.0	0.0	0.0	0.0	0.2701531648635864	0.0	0.3871557116508484	0.0	0.04822961241006851	0.0	0.0	0.0	0.0	0.0	0.0	0.0	0.0	0.0	0.10602901130914688	0.0	0.0	0.0	0.0	0.0	0.0	0.0
0.24241486191749573	0.128467857837677	0.2547417879104614	0.0	0.0	0.0	0.0	0.0	0.0	0.0	0.0	0.0	0.0	0.0	0.0	0.0	0.0	0.0	0.19983315467834473	0.0	0.0	0.0	0.0	0.0	0.0	0.0	0.0	0.0	0.0	0.0	0.0	0.0	0.0	0.0	0.0	0.0	0.0	0.0	0.0	0.0	0.0	0.0	0.271933913230896	0.0	0.3899275064468384	0.0	0.05060940980911255	0.0	0.0	0.0	0.0	0.0	0.0	0.0	0.0	0.0	0.1036410853266716	0.0	0.0	0.0	0.0	0.0	0.0	0.0
0.24242515861988068	0.13381455838680267	0.256062388420105	0.0	0.0	0.0	0.0	0.0	0.0	0.0	0.0	0.0	0.0	0.0	0.0	0.0	0.0	0.0	0.20640337467193604	0.0	0.0	0.0	0.0	0.0	0.0	0.0	0.0	0.0	0.0	0.0	0.0	0.0	0.0	0.0	0.0	0.0	0.0	0.0	0.0	0.0	0.0	0.0	0.27610883116722107	0.0	0.3968782126903534	0.0	0.04577018320560455	0.0	0.0	0.0	0.0	0.0	0.0	0.0	0.0	0.0	0.10882069915533066	0.0	0.0	0.0	0.0	0.0	0.0	0.0
0.240340918302536	0.1330418437719345	0.2569647431373596	0.0	0.0	0.0	0.0	0.0	0.0	0.0	0.0	0.0	0.0	0.0	0.0	0.0	0.0	0.0	0.20544660091400146	0.0	0.0	0.0	0.0	0.0	0.0	0.0	0.0	0.0	0.0	0.0	0.0	0.0	0.0	0.0	0.0	0.0	0.0	0.0	0.0	0.0	0.0	0.0	0.2691976726055145	0.0	0.3825933337211609	0.0	0.048527348786592484	0.0	0.0	0.0	0.0	0.0	0.0	0.0	0.0	0.0	0.11166638135910034	0.0	0.0	0.0	0.0	0.0	0.0	0.0
0.2374626100063324	0.13559485971927643	0.25916844606399536	0.0	0.0	0.0	0.0	0.0	0.0	0.0	0.0	0.0	0.0	0.0	0.0	0.0	0.0	0.0	0.20941680669784546	0.0	0.0	0.0	0.0	0.0	0.0	0.0	0.0	0.0	0.0	0.0	0.0	0.0	0.0	0.0	0.0	0.0	0.0	0.0	0.0	0.0	0.0	0.0	0.27081775665283203	0.0	0.3860868215560913	0.0	0.052713848650455475	0.0	0.0	0.0	0.0	0.0	0.0	0.0	0.0	0.0	0.10933810472488403	0.0	0.0	0.0	0.0	0.0	0.0	0.0
0.2398567795753479	0.12947680056095123	0.24940113723278046	0.0	0.0	0.0	0.0	0.0	0.0	0.0	0.0	0.0	0.0	0.0	0.0	0.0	0.0	0.0	0.20599734783172607	0.0	0.0	0.0	0.0	0.0	0.0	0.0	0.0	0.0	0.0	0.0	0.0	0.0	0.0	0.0	0.0	0.0	0.0	0.0	0.0	0.0	0.0	0.0	0.253159761428833	0.0	0.35352784395217896	0.0	0.05776657536625862	0.0	0.0	0.0	0.0	0.0	0.0	0.0	0.0	0.0	0.11494666337966919	0.0	0.0	0.0	0.0	0.0	0.0	0.0
0.24082212150096893	0.140206441283226	0.26175656914711	0.0	0.0	0.0	0.0	0.0	0.0	0.0	0.0	0.0	0.0	0.0	0.0	0.0	0.0	0.0	0.21029774844646454	0.0	0.0	0.0	0.0	0.0	0.0	0.0	0.0	0.0	0.0	0.0	0.0	0.0	0.0	0.0	0.0	0.0	0.0	0.0	0.0	0.0	0.0	0.0	0.26768913865089417	0.0	0.38385462760925293	0.0	0.05247340723872185	0.0	0.0	0.0	0.0	0.0	0.0	0.0	0.0	0.0	0.11125466972589493	0.0	0.0	0.0	0.0	0.0	0.0	0.0
0.24981768429279327	0.10996059328317642	0.24940352141857147	0.0	0.0	0.0	0.0	0.0	0.0	0.0	0.0	0.0	0.0	0.0	0.0	0.0	0.0	0.0	0.17226190865039825	0.0	0.0	0.0	0.0	0.0	0.0	0.0	0.0	0.0	0.0	0.0	0.0	0.0	0.0	0.0	0.0	0.0	0.0	0.0	0.0	0.0	0.0	0.0	0.2785899341106415	0.0	0.38397160172462463	0.0	0.04116992652416229	0.0	0.0	0.0	0.0	0.0	0.0	0.0	0.0	0.0	0.10447179526090622	0.0	0.0	0.0	0.0	0.0	0.0	0.0
0.23912043869495392	0.14039680361747742	0.259645938873291	0.0	0.0	0.0	0.0	0.0	0.0	0.0	0.0	0.0	0.0	0.0	0.0	0.0	0.0	0.0	0.21678826212882996	0.0	0.0	0.0	0.0	0.0	0.0	0.0	0.0	0.0	0.0	0.0	0.0	0.0	0.0	0.0	0.0	0.0	0.0	0.0	0.0	0.0	0.0	0.0	0.2735807001590729	0.0	0.392094224691391	0.0	0.047842539846897125	0.0	0.0	0.0	0.0	0.0	0.0	0.0	0.0	0.0	0.11322785168886185	0.0	0.0	0.0	0.0	0.0	0.0	0.0
0.24299992620944977	0.12357842177152634	0.26124611496925354	0.0	0.0	0.0	0.0	0.0	0.0	0.0	0.0	0.0	0.0	0.0	0.0	0.0	0.0	0.0	0.1967747062444687	0.0	0.0	0.0	0.0	0.0	0.0	0.0	0.0	0.0	0.0	0.0	0.0	0.0	0.0	0.0	0.0	0.0	0.0	0.0	0.0	0.0	0.0	0.0	0.273060142993927	0.0	0.39838314056396484	0.0	0.04957558587193489	0.0	0.0	0.0	0.0	0.0	0.0	0.0	0.0	0.0	0.10052698105573654	0.0	0.0	0.0	0.0	0.0	0.0	0.0
0.24523432552814484	0.13207529485225677	0.2678292691707611	0.0	0.0	0.0	0.0	0.0	0.0	0.0	0.0	0.0	0.0	0.0	0.0	0.0	0.0	0.0	0.20804885029792786	0.0	0.0	0.0	0.0	0.0	0.0	0.0	0.0	0.0	0.0	0.0	0.0	0.0	0.0	0.0	0.0	0.0	0.0	0.0	0.0	0.0	0.0	0.0	0.27285367250442505	0.0	0.4048025906085968	0.0	0.0515727624297142	0.0	0.0	0.0	0.0	0.0	0.0	0.0	0.0	0.0	0.10721098631620407	0.0	0.0	0.0	0.0	0.0	0.0	0.0
0.2488807737827301	0.11952918022871017	0.26074159145355225	0.0	0.0	0.0	0.0	0.0	0.0	0.0	0.0	0.0	0.0	0.0	0.0	0.0	0.0	0.0	0.18428035080432892	0.0	0.0	0.0	0.0	0.0	0.0	0.0	0.0	0.0	0.0	0.0	0.0	0.0	0.0	0.0	0.0	0.0	0.0	0.0	0.0	0.0	0.0	0.0	0.2819965183734894	0.0	0.40409284830093384	0.0	0.048254694789648056	0.0	0.0	0.0	0.0	0.0	0.0	0.0	0.0	0.0	0.094182088971138	0.0	0.0	0.0	0.0	0.0	0.0	0.0
0.24614031612873077	0.13734517991542816	0.25716689229011536	0.0	0.0	0.0	0.0	0.0	0.0	0.0	0.0	0.0	0.0	0.0	0.0	0.0	0.0	0.0	0.20690634846687317	0.0	0.0	0.0	0.0	0.0	0.0	0.0	0.0	0.0	0.0	0.0	0.0	0.0	0.0	0.0	0.0	0.0	0.0	0.0	0.0	0.0	0.0	0.0	0.27241045236587524	0.0	0.3968169093132019	0.0	0.04415665566921234	0.0	0.0	0.0	0.0	0.0	0.0	0.0	0.0	0.0	0.11475484818220139	0.0	0.0	0.0	0.0	0.0	0.0	0.0
0.23938220739364624	0.12733523547649384	0.2589161992073059	0.0	0.0	0.0	0.0	0.0	0.0	0.0	0.0	0.0	0.0	0.0	0.0	0.0	0.0	0.0	0.20472966134548187	0.0	0.0	0.0	0.0	0.0	0.0	0.0	0.0	0.0	0.0	0.0	0.0	0.0	0.0	0.0	0.0	0.0	0.0	0.0	0.0	0.0	0.0	0.0	0.2724579870700836	0.0	0.39221513271331787	0.0	0.05000348016619682	0.0	0.0	0.0	0.0	0.0	0.0	0.0	0.0	0.0	0.1053013876080513	0.0	0.0	0.0	0.0	0.0	0.0	0.0
0.24157534539699554	0.1363295614719391	0.2660059332847595	0.0	0.0	0.0	0.0	0.0	0.0	0.0	0.0	0.0	0.0	0.0	0.0	0.0	0.0	0.0	0.21376824378967285	0.0	0.0	0.0	0.0	0.0	0.0	0.0	0.0	0.0	0.0	0.0	0.0	0.0	0.0	0.0	0.0	0.0	0.0	0.0	0.0	0.0	0.0	0.0	0.27314215898513794	0.0	0.396431028842926	0.0	0.0511932410299778	0.0	0.0	0.0	0.0	0.0	0.0	0.0	0.0	0.0	0.11036234349012375	0.0	0.0	0.0	0.0	0.0	0.0	0.0
0.24359412491321564	0.13049691915512085	0.260940819978714	0.0	0.0	0.0	0.0	0.0	0.0	0.0	0.0	0.0	0.0	0.0	0.0	0.0	0.0	0.0	0.19887574017047882	0.0	0.0	0.0	0.0	0.0	0.0	0.0	0.0	0.0	0.0	0.0	0.0	0.0	0.0	0.0	0.0	0.0	0.0	0.0	0.0	0.0	0.0	0.0	0.2716083526611328	0.0	0.39071378111839294	0.0	0.04860058054327965	0.0	0.0	0.0	0.0	0.0	0.0	0.0	0.0	0.0	0.10627821087837219	0.0	0.0	0.0	0.0	0.0	0.0	0.0
0.24900564551353455	0.13342338800430298	0.27456796169281006	0.0	0.0	0.0	0.0	0.0	0.0	0.0	0.0	0.0	0.0	0.0	0.0	0.0	0.0	0.0	0.20544123649597168	0.0	0.0	0.0	0.0	0.0	0.0	0.0	0.0	0.0	0.0	0.0	0.0	0.0	0.0	0.0	0.0	0.0	0.0	0.0	0.0	0.0	0.0	0.0	0.27679887413978577	0.0	0.4065278172492981	0.0	0.049939654767513275	0.0	0.0	0.0	0.0	0.0	0.0	0.0	0.0	0.0	0.10157349705696106	0.0	0.0	0.0	0.0	0.0	0.0	0.0
0.2429228127002716	0.13478991389274597	0.26198187470436096	0.0	0.0	0.0	0.0	0.0	0.0	0.0	0.0	0.0	0.0	0.0	0.0	0.0	0.0	0.0	0.20523189008235931	0.0	0.0	0.0	0.0	0.0	0.0	0.0	0.0	0.0	0.0	0.0	0.0	0.0	0.0	0.0	0.0	0.0	0.0	0.0	0.0	0.0	0.0	0.0	0.2712691128253937	0.0	0.38789549469947815	0.0	0.04678096994757652	0.0	0.0	0.0	0.0	0.0	0.0	0.0	0.0	0.0	0.11198313534259796	0.0	0.0	0.0	0.0	0.0	0.0	0.0
0.24077832698822021	0.13246333599090576	0.26074984669685364	0.0	0.0	0.0	0.0	0.0	0.0	0.0	0.0	0.0	0.0	0.0	0.0	0.0	0.0	0.0	0.20739051699638367	0.0	0.0	0.0	0.0	0.0	0.0	0.0	0.0	0.0	0.0	0.0	0.0	0.0	0.0	0.0	0.0	0.0	0.0	0.0	0.0	0.0	0.0	0.0	0.2708723843097687	0.0	0.3899998068809509	0.0	0.04965383931994438	0.0	0.0	0.0	0.0	0.0	0.0	0.0	0.0	0.0	0.11032482236623764	0.0	0.0	0.0	0.0	0.0	0.0	0.0
0.24297980964183807	0.12900890409946442	0.26091456413269043	0.0	0.0	0.0	0.0	0.0	0.0	0.0	0.0	0.0	0.0	0.0	0.0	0.0	0.0	0.0	0.19937962293624878	0.0	0.0	0.0	0.0	0.0	0.0	0.0	0.0	0.0	0.0	0.0	0.0	0.0	0.0	0.0	0.0	0.0	0.0	0.0	0.0	0.0	0.0	0.0	0.274130254983902	0.0	0.3948684632778168	0.0	0.04645616561174393	0.0	0.0	0.0	0.0	0.0	0.0	0.0	0.0	0.0	0.10486757755279541	0.0	0.0	0.0	0.0	0.0	0.0	0.0
0.2274220734834671	0.15938100218772888	0.2526898980140686	0.0	0.0	0.0	0.0	0.0	0.0	0.0	0.0	0.0	0.0	0.0	0.0	0.0	0.0	0.0	0.24076399207115173	0.0	0.0	0.0	0.0	0.0	0.0	0.0	0.0	0.0	0.0	0.0	0.0	0.0	0.0	0.0	0.0	0.0	0.0	0.0	0.0	0.0	0.0	0.0	0.24317623674869537	0.0	0.3377706706523895	0.0	0.06341658532619476	0.0	0.0	0.0	0.0	0.0	0.0	0.0	0.0	0.0	0.12866349518299103	0.0	0.0	0.0	0.0	0.0	0.0	0.0
0.24395443499088287	0.1291373074054718	0.26139119267463684	0.0	0.0	0.0	0.0	0.0	0.0	0.0	0.0	0.0	0.0	0.0	0.0	0.0	0.0	0.0	0.2055564522743225	0.0	0.0	0.0	0.0	0.0	0.0	0.0	0.0	0.0	0.0	0.0	0.0	0.0	0.0	0.0	0.0	0.0	0.0	0.0	0.0	0.0	0.0	0.0	0.26930028200149536	0.0	0.3967892527580261	0.0	0.04970144107937813	0.0	0.0	0.0	0.0	0.0	0.0	0.0	0.0	0.0	0.10659058392047882	0.0	0.0	0.0	0.0	0.0	0.0	0.0
0.24194028973579407	0.13281023502349854	0.2622929811477661	0.0	0.0	0.0	0.0	0.0	0.0	0.0	0.0	0.0	0.0	0.0	0.0	0.0	0.0	0.0	0.20840340852737427	0.0	0.0	0.0	0.0	0.0	0.0	0.0	0.0	0.0	0.0	0.0	0.0	0.0	0.0	0.0	0.0	0.0	0.0	0.0	0.0	0.0	0.0	0.0	0.2745230495929718	0.0	0.399414598941803	0.0	0.05040188878774643	0.0	0.0	0.0	0.0	0.0	0.0	0.0	0.0	0.0	0.106129489839077	0.0	0.0	0.0	0.0	0.0	0.0	0.0
0.2643156349658966	0.10369211435317993	0.2518135607242584	0.0	0.0	0.0	0.0	0.0	0.0	0.0	0.0	0.0	0.0	0.0	0.0	0.0	0.0	0.0	0.14812490344047546	0.0	0.0	0.0	0.0	0.0	0.0	0.0	0.0	0.0	0.0	0.0	0.0	0.0	0.0	0.0	0.0	0.0	0.0	0.0	0.0	0.0	0.0	0.0	0.2939204275608063	0.0	0.4061604142189026	0.0	0.031816814094781876	0.0	0.0	0.0	0.0	0.0	0.0	0.0	0.0	0.0	0.0994642823934555	0.0	0.0	0.0	0.0	0.0	0.0	0.0
0.24428658187389374	0.13778632879257202	0.26610398292541504	0.0	0.0	0.0	0.0	0.0	0.0	0.0	0.0	0.0	0.0	0.0	0.0	0.0	0.0	0.0	0.21026989817619324	0.0	0.0	0.0	0.0	0.0	0.0	0.0	0.0	0.0	0.0	0.0	0.0	0.0	0.0	0.0	0.0	0.0	0.0	0.0	0.0	0.0	0.0	0.0	0.2683834135532379	0.0	0.3882576823234558	0.0	0.053862564265728	0.0	0.0	0.0	0.0	0.0	0.0	0.0	0.0	0.0	0.11171439290046692	0.0	0.0	0.0	0.0	0.0	0.0	0.0
0.23877596855163574	0.13328790664672852	0.2574544847011566	0.0	0.0	0.0	0.0	0.0	0.0	0.0	0.0	0.0	0.0	0.0	0.0	0.0	0.0	0.0	0.20623181760311127	0.0	0.0	0.0	0.0	0.0	0.0	0.0	0.0	0.0	0.0	0.0	0.0	0.0	0.0	0.0	0.0	0.0	0.0	0.0	0.0	0.0	0.0	0.0	0.2667372524738312	0.0	0.37847718596458435	0.0	0.053021498024463654	0.0	0.0	0.0	0.0	0.0	0.0	0.0	0.0	0.0	0.10940127819776535	0.0	0.0	0.0	0.0	0.0	0.0	0.0
0.23989082872867584	0.1401250958442688	0.2728298306465149	0.0	0.0	0.0	0.0	0.0	0.0	0.0	0.0	0.0	0.0	0.0	0.0	0.0	0.0	0.0	0.21694062650203705	0.0	0.0	0.0	0.0	0.0	0.0	0.0	0.0	0.0	0.0	0.0	0.0	0.0	0.0	0.0	0.0	0.0	0.0	0.0	0.0	0.0	0.0	0.0	0.27966105937957764	0.0	0.4110208749771118	0.0	0.05333215370774269	0.0	0.0	0.0	0.0	0.0	0.0	0.0	0.0	0.0	0.10382022708654404	0.0	0.0	0.0	0.0	0.0	0.0	0.0
0.24771864712238312	0.12770308554172516	0.26690077781677246	0.0	0.0	0.0	0.0	0.0	0.0	0.0	0.0	0.0	0.0	0.0	0.0	0.0	0.0	0.0	0.19829069077968597	0.0	0.0	0.0	0.0	0.0	0.0	0.0	0.0	0.0	0.0	0.0	0.0	0.0	0.0	0.0	0.0	0.0	0.0	0.0	0.0	0.0	0.0	0.0	0.2800772786140442	0.0	0.41571521759033203	0.0	0.04894759878516197	0.0	0.0	0.0	0.0	0.0	0.0	0.0	0.0	0.0	0.09857326745986938	0.0	0.0	0.0	0.0	0.0	0.0	0.0
0.241500124335289	0.12972739338874817	0.26355355978012085	0.0	0.0	0.0	0.0	0.0	0.0	0.0	0.0	0.0	0.0	0.0	0.0	0.0	0.0	0.0	0.20246978104114532	0.0	0.0	0.0	0.0	0.0	0.0	0.0	0.0	0.0	0.0	0.0	0.0	0.0	0.0	0.0	0.0	0.0	0.0	0.0	0.0	0.0	0.0	0.0	0.2695922553539276	0.0	0.3891657590866089	0.0	0.05137363448739052	0.0	0.0	0.0	0.0	0.0	0.0	0.0	0.0	0.0	0.10521403700113297	0.0	0.0	0.0	0.0	0.0	0.0	0.0
0.24287986755371094	0.13371379673480988	0.2667428255081177	0.0	0.0	0.0	0.0	0.0	0.0	0.0	0.0	0.0	0.0	0.0	0.0	0.0	0.0	0.0	0.20702031254768372	0.0	0.0	0.0	0.0	0.0	0.0	0.0	0.0	0.0	0.0	0.0	0.0	0.0	0.0	0.0	0.0	0.0	0.0	0.0	0.0	0.0	0.0	0.0	0.2738310694694519	0.0	0.3911428153514862	0.0	0.05134887993335724	0.0	0.0	0.0	0.0	0.0	0.0	0.0	0.0	0.0	0.10372274369001389	0.0	0.0	0.0	0.0	0.0	0.0	0.0
0.2634231746196747	0.09864011406898499	0.26737654209136963	0.0	0.0	0.0	0.0	0.0	0.0	0.0	0.0	0.0	0.0	0.0	0.0	0.0	0.0	0.0	0.15576975047588348	0.0	0.0	0.0	0.0	0.0	0.0	0.0	0.0	0.0	0.0	0.0	0.0	0.0	0.0	0.0	0.0	0.0	0.0	0.0	0.0	0.0	0.0	0.0	0.3078407347202301	0.0	0.4622074067592621	0.0	0.030565503984689713	0.0	0.0	0.0	0.0	0.0	0.0	0.0	0.0	0.0	0.06760933250188828	0.0	0.0	0.0	0.0	0.0	0.0	0.0
0.24153073132038116	0.13741512596607208	0.2594284415245056	0.0	0.0	0.0	0.0	0.0	0.0	0.0	0.0	0.0	0.0	0.0	0.0	0.0	0.0	0.0	0.20832791924476624	0.0	0.0	0.0	0.0	0.0	0.0	0.0	0.0	0.0	0.0	0.0	0.0	0.0	0.0	0.0	0.0	0.0	0.0	0.0	0.0	0.0	0.0	0.0	0.27040114998817444	0.0	0.38819655776023865	0.0	0.05100029334425926	0.0	0.0	0.0	0.0	0.0	0.0	0.0	0.0	0.0	0.11044991761445999	0.0	0.0	0.0	0.0	0.0	0.0	0.0
0.24577362835407257	0.13334381580352783	0.2579509913921356	0.0	0.0	0.0	0.0	0.0	0.0	0.0	0.0	0.0	0.0	0.0	0.0	0.0	0.0	0.0	0.2051393836736679	0.0	0.0	0.0	0.0	0.0	0.0	0.0	0.0	0.0	0.0	0.0	0.0	0.0	0.0	0.0	0.0	0.0	0.0	0.0	0.0	0.0	0.0	0.0	0.27584123611450195	0.0	0.4008977711200714	0.0	0.0459270216524601	0.0	0.0	0.0	0.0	0.0	0.0	0.0	0.0	0.0	0.10576044768095016	0.0	0.0	0.0	0.0	0.0	0.0	0.0
0.24248644709587097	0.13821353018283844	0.26585447788238525	0.0	0.0	0.0	0.0	0.0	0.0	0.0	0.0	0.0	0.0	0.0	0.0	0.0	0.0	0.0	0.2163979709148407	0.0	0.0	0.0	0.0	0.0	0.0	0.0	0.0	0.0	0.0	0.0	0.0	0.0	0.0	0.0	0.0	0.0	0.0	0.0	0.0	0.0	0.0	0.0	0.27029862999916077	0.0	0.38549304008483887	0.0	0.051934320479631424	0.0	0.0	0.0	0.0	0.0	0.0	0.0	0.0	0.0	0.10946986824274063	0.0	0.0	0.0	0.0	0.0	0.0	0.0
0.23849254846572876	0.13142719864845276	0.2544260323047638	0.0	0.0	0.0	0.0	0.0	0.0	0.0	0.0	0.0	0.0	0.0	0.0	0.0	0.0	0.0	0.20323918759822845	0.0	0.0	0.0	0.0	0.0	0.0	0.0	0.0	0.0	0.0	0.0	0.0	0.0	0.0	0.0	0.0	0.0	0.0	0.0	0.0	0.0	0.0	0.0	0.26784539222717285	0.0	0.3824978768825531	0.0	0.04859217628836632	0.0	0.0	0.0	0.0	0.0	0.0	0.0	0.0	0.0	0.11323918402194977	0.0	0.0	0.0	0.0	0.0	0.0	0.0
0.2382993847131729	0.13668987154960632	0.25700411200523376	0.0	0.0	0.0	0.0	0.0	0.0	0.0	0.0	0.0	0.0	0.0	0.0	0.0	0.0	0.0	0.20929960906505585	0.0	0.0	0.0	0.0	0.0	0.0	0.0	0.0	0.0	0.0	0.0	0.0	0.0	0.0	0.0	0.0	0.0	0.0	0.0	0.0	0.0	0.0	0.0	0.26725509762763977	0.0	0.37604355812072754	0.0	0.05176752060651779	0.0	0.0	0.0	0.0	0.0	0.0	0.0	0.0	0.0	0.11323244124650955	0.0	0.0	0.0	0.0	0.0	0.0	0.0
0.23790790140628815	0.13388743996620178	0.25725287199020386	0.0	0.0	0.0	0.0	0.0	0.0	0.0	0.0	0.0	0.0	0.0	0.0	0.0	0.0	0.0	0.20421409606933594	0.0	0.0	0.0	0.0	0.0	0.0	0.0	0.0	0.0	0.0	0.0	0.0	0.0	0.0	0.0	0.0	0.0	0.0	0.0	0.0	0.0	0.0	0.0	0.26509666442871094	0.0	0.3688512146472931	0.0	0.05099904537200928	0.0	0.0	0.0	0.0	0.0	0.0	0.0	0.0	0.0	0.11827968806028366	0.0	0.0	0.0	0.0	0.0	0.0	0.0
0.2493710070848465	0.13258445262908936	0.2613767385482788	0.0	0.0	0.0	0.0	0.0	0.0	0.0	0.0	0.0	0.0	0.0	0.0	0.0	0.0	0.0	0.20148757100105286	0.0	0.0	0.0	0.0	0.0	0.0	0.0	0.0	0.0	0.0	0.0	0.0	0.0	0.0	0.0	0.0	0.0	0.0	0.0	0.0	0.0	0.0	0.0	0.27496111392974854	0.0	0.402005672454834	0.0	0.04549393802881241	0.0	0.0	0.0	0.0	0.0	0.0	0.0	0.0	0.0	0.10327953845262527	0.0	0.0	0.0	0.0	0.0	0.0	0.0
0.24881888926029205	0.12614805996418	0.25815990567207336	0.0	0.0	0.0	0.0	0.0	0.0	0.0	0.0	0.0	0.0	0.0	0.0	0.0	0.0	0.0	0.1956615000963211	0.0	0.0	0.0	0.0	0.0	0.0	0.0	0.0	0.0	0.0	0.0	0.0	0.0	0.0	0.0	0.0	0.0	0.0	0.0	0.0	0.0	0.0	0.0	0.2755485475063324	0.0	0.4001142084598541	0.0	0.044238269329071045	0.0	0.0	0.0	0.0	0.0	0.0	0.0	0.0	0.0	0.10626563429832458	0.0	0.0	0.0	0.0	0.0	0.0	0.0
0.23798446357250214	0.13176633417606354	0.25467708706855774	0.0	0.0	0.0	0.0	0.0	0.0	0.0	0.0	0.0	0.0	0.0	0.0	0.0	0.0	0.0	0.20211967825889587	0.0	0.0	0.0	0.0	0.0	0.0	0.0	0.0	0.0	0.0	0.0	0.0	0.0	0.0	0.0	0.0	0.0	0.0	0.0	0.0	0.0	0.0	0.0	0.26451554894447327	0.0	0.37638694047927856	0.0	0.048810265958309174	0.0	0.0	0.0	0.0	0.0	0.0	0.0	0.0	0.0	0.11521480977535248	0.0	0.0	0.0	0.0	0.0	0.0	0.0
0.2433452010154724	0.12482628971338272	0.25811171531677246	0.0	0.0	0.0	0.0	0.0	0.0	0.0	0.0	0.0	0.0	0.0	0.0	0.0	0.0	0.0	0.19868353009223938	0.0	0.0	0.0	0.0	0.0	0.0	0.0	0.0	0.0	0.0	0.0	0.0	0.0	0.0	0.0	0.0	0.0	0.0	0.0	0.0	0.0	0.0	0.0	0.27064961194992065	0.0	0.38780179619789124	0.0	0.04949193447828293	0.0	0.0	0.0	0.0	0.0	0.0	0.0	0.0	0.0	0.10733172297477722	0.0	0.0	0.0	0.0	0.0	0.0	0.0
0.24903254210948944	0.126214399933815	0.26349979639053345	0.0	0.0	0.0	0.0	0.0	0.0	0.0	0.0	0.0	0.0	0.0	0.0	0.0	0.0	0.0	0.1949883997440338	0.0	0.0	0.0	0.0	0.0	0.0	0.0	0.0	0.0	0.0	0.0	0.0	0.0	0.0	0.0	0.0	0.0	0.0	0.0	0.0	0.0	0.0	0.0	0.28056198358535767	0.0	0.40389466285705566	0.0	0.04301578179001808	0.0	0.0	0.0	0.0	0.0	0.0	0.0	0.0	0.0	0.10474693775177002	0.0	0.0	0.0	0.0	0.0	0.0	0.0
0.24371616542339325	0.12983934581279755	0.2595430314540863	0.0	0.0	0.0	0.0	0.0	0.0	0.0	0.0	0.0	0.0	0.0	0.0	0.0	0.0	0.0	0.2035491019487381	0.0	0.0	0.0	0.0	0.0	0.0	0.0	0.0	0.0	0.0	0.0	0.0	0.0	0.0	0.0	0.0	0.0	0.0	0.0	0.0	0.0	0.0	0.0	0.27239418029785156	0.0	0.39216017723083496	0.0	0.04782218486070633	0.0	0.0	0.0	0.0	0.0	0.0	0.0	0.0	0.0	0.10642296820878983	0.0	0.0	0.0	0.0	0.0	0.0	0.0
0.24101702868938446	0.13821108639240265	0.26177895069122314	0.0	0.0	0.0	0.0	0.0	0.0	0.0	0.0	0.0	0.0	0.0	0.0	0.0	0.0	0.0	0.20964330434799194	0.0	0.0	0.0	0.0	0.0	0.0	0.0	0.0	0.0	0.0	0.0	0.0	0.0	0.0	0.0	0.0	0.0	0.0	0.0	0.0	0.0	0.0	0.0	0.2736167311668396	0.0	0.3970276117324829	0.0	0.04950545355677605	0.0	0.0	0.0	0.0	0.0	0.0	0.0	0.0	0.0	0.10714120417833328	0.0	0.0	0.0	0.0	0.0	0.0	0.0
0.23987287282943726	0.1318625658750534	0.25608426332473755	0.0	0.0	0.0	0.0	0.0	0.0	0.0	0.0	0.0	0.0	0.0	0.0	0.0	0.0	0.0	0.20207557082176208	0.0	0.0	0.0	0.0	0.0	0.0	0.0	0.0	0.0	0.0	0.0	0.0	0.0	0.0	0.0	0.0	0.0	0.0	0.0	0.0	0.0	0.0	0.0	0.26540324091911316	0.0	0.37518975138664246	0.0	0.05197850614786148	0.0	0.0	0.0	0.0	0.0	0.0	0.0	0.0	0.0	0.11217832565307617	0.0	0.0	0.0	0.0	0.0	0.0	0.0
0.2887571156024933	0.05695585161447525	0.24269422888755798	0.0	0.0	0.0	0.0	0.0	0.0	0.0	0.0	0.0	0.0	0.0	0.0	0.0	0.0	0.0	0.07611571252346039	0.0	0.0	0.0	0.0	0.0	0.0	0.0	0.0	0.0	0.0	0.0	0.0	0.0	0.0	0.0	0.0	0.0	0.0	0.0	0.0	0.0	0.0	0.0	0.32731398940086365	0.0	0.46841102838516235	0.0	0.00897752121090889	0.0	0.0	0.0	0.0	0.0	0.0	0.0	0.0	0.0	0.06790967285633087	0.0	0.0	0.0	0.0	0.0	0.0	0.0
0.2393527626991272	0.13200519979000092	0.251751184463501	0.0	0.0	0.0	0.0	0.0	0.0	0.0	0.0	0.0	0.0	0.0	0.0	0.0	0.0	0.0	0.20759907364845276	0.0	0.0	0.0	0.0	0.0	0.0	0.0	0.0	0.0	0.0	0.0	0.0	0.0	0.0	0.0	0.0	0.0	0.0	0.0	0.0	0.0	0.0	0.0	0.26362648606300354	0.0	0.3749662935733795	0.0	0.04775605723261833	0.0	0.0	0.0	0.0	0.0	0.0	0.0	0.0	0.0	0.11514925211668015	0.0	0.0	0.0	0.0	0.0	0.0	0.0
0.2403499037027359	0.13575348258018494	0.26714470982551575	0.0	0.0	0.0	0.0	0.0	0.0	0.0	0.0	0.0	0.0	0.0	0.0	0.0	0.0	0.0	0.213654026389122	0.0	0.0	0.0	0.0	0.0	0.0	0.0	0.0	0.0	0.0	0.0	0.0	0.0	0.0	0.0	0.0	0.0	0.0	0.0	0.0	0.0	0.0	0.0	0.26973262429237366	0.0	0.39177465438842773	0.0	0.04977710545063019	0.0	0.0	0.0	0.0	0.0	0.0	0.0	0.0	0.0	0.10974825918674469	0.0	0.0	0.0	0.0	0.0	0.0	0.0
0.2444433718919754	0.1349739283323288	0.2635132968425751	0.0	0.0	0.0	0.0	0.0	0.0	0.0	0.0	0.0	0.0	0.0	0.0	0.0	0.0	0.0	0.20430873334407806	0.0	0.0	0.0	0.0	0.0	0.0	0.0	0.0	0.0	0.0	0.0	0.0	0.0	0.0	0.0	0.0	0.0	0.0	0.0	0.0	0.0	0.0	0.0	0.2738085091114044	0.0	0.4008461534976959	0.0	0.05302479490637779	0.0	0.0	0.0	0.0	0.0	0.0	0.0	0.0	0.0	0.10619611293077469	0.0	0.0	0.0	0.0	0.0	0.0	0.0
0.2641109824180603	0.09247028082609177	0.24642808735370636	0.0	0.0	0.0	0.0	0.0	0.0	0.0	0.0	0.0	0.0	0.0	0.0	0.0	0.0	0.0	0.13443785905838013	0.0	0.0	0.0	0.0	0.0	0.0	0.0	0.0	0.0	0.0	0.0	0.0	0.0	0.0	0.0	0.0	0.0	0.0	0.0	0.0	0.0	0.0	0.0	0.2978570759296417	0.0	0.425845205783844	0.0	0.031194934621453285	0.0	0.0	0.0	0.0	0.0	0.0	0.0	0.0	0.0	0.09375417977571487	0.0	0.0	0.0	0.0	0.0	0.0	0.0
0.2410675287246704	0.14249876141548157	0.2573549151420593	0.0	0.0	0.0	0.0	0.0	0.0	0.0	0.0	0.0	0.0	0.0	0.0	0.0	0.0	0.0	0.21266642212867737	0.0	0.0	0.0	0.0	0.0	0.0	0.0	0.0	0.0	0.0	0.0	0.0	0.0	0.0	0.0	0.0	0.0	0.0	0.0	0.0	0.0	0.0	0.0	0.26812881231307983	0.0	0.3845005929470062	0.0	0.04747019335627556	0.0	0.0	0.0	0.0	0.0	0.0	0.0	0.0	0.0	0.11342960596084595	0.0	0.0	0.0	0.0	0.0	0.0	0.0
0.2515498399734497	0.12856890261173248	0.2644871771335602	0.0	0.0	0.0	0.0	0.0	0.0	0.0	0.0	0.0	0.0	0.0	0.0	0.0	0.0	0.0	0.20106051862239838	0.0	0.0	0.0	0.0	0.0	0.0	0.0	0.0	0.0	0.0	0.0	0.0	0.0	0.0	0.0	0.0	0.0	0.0	0.0	0.0	0.0	0.0	0.0	0.2888507544994354	0.0	0.43851545453071594	0.0	0.036087945103645325	0.0	0.0	0.0	0.0	0.0	0.0	0.0	0.0	0.0	0.09619209915399551	0.0	0.0	0.0	0.0	0.0	0.0	0.0
0.2365274876356125	0.13189058005809784	0.25360482931137085	0.0	0.0	0.0	0.0	0.0	0.0	0.0	0.0	0.0	0.0	0.0	0.0	0.0	0.0	0.0	0.20468458533287048	0.0	0.0	0.0	0.0	0.0	0.0	0.0	0.0	0.0	0.0	0.0	0.0	0.0	0.0	0.0	0.0	0.0	0.0	0.0	0.0	0.0	0.0	0.0	0.26422184705734253	0.0	0.3692719340324402	0.0	0.05186792090535164	0.0	0.0	0.0	0.0	0.0	0.0	0.0	0.0	0.0	0.1182699054479599	0.0	0.0	0.0	0.0	0.0	0.0	0.0
0.23910795152187347	0.1334882378578186	0.2608177959918976	0.0	0.0	0.0	0.0	0.0	0.0	0.0	0.0	0.0	0.0	0.0	0.0	0.0	0.0	0.0	0.20919625461101532	0.0	0.0	0.0	0.0	0.0	0.0	0.0	0.0	0.0	0.0	0.0	0.0	0.0	0.0	0.0	0.0	0.0	0.0	0.0	0.0	0.0	0.0	0.0	0.2714921534061432	0.0	0.38724884390830994	0.0	0.046572498977184296	0.0	0.0	0.0	0.0	0.0	0.0	0.0	0.0	0.0	0.11065379530191422	0.0	0.0	0.0	0.0	0.0	0.0	0.0
0.23872226476669312	0.13608558475971222	0.26028692722320557	0.0	0.0	0.0	0.0	0.0	0.0	0.0	0.0	0.0	0.0	0.0	0.0	0.0	0.0	0.0	0.20940963923931122	0.0	0.0	0.0	0.0	0.0	0.0	0.0	0.0	0.0	0.0	0.0	0.0	0.0	0.0	0.0	0.0	0.0	0.0	0.0	0.0	0.0	0.0	0.0	0.2691914141178131	0.0	0.3885682225227356	0.0	0.048676036298274994	0.0	0.0	0.0	0.0	0.0	0.0	0.0	0.0	0.0	0.10850121080875397	0.0	0.0	0.0	0.0	0.0	0.0	0.0
0.2373567521572113	0.13802938163280487	0.2647568881511688	0.0	0.0	0.0	0.0	0.0	0.0	0.0	0.0	0.0	0.0	0.0	0.0	0.0	0.0	0.0	0.21647697687149048	0.0	0.0	0.0	0.0	0.0	0.0	0.0	0.0	0.0	0.0	0.0	0.0	0.0	0.0	0.0	0.0	0.0	0.0	0.0	0.0	0.0	0.0	0.0	0.26321476697921753	0.0	0.3808424174785614	0.0	0.05849691107869148	0.0	0.0	0.0	0.0	0.0	0.0	0.0	0.0	0.0	0.11221176385879517	0.0	0.0	0.0	0.0	0.0	0.0	0.0
0.24981413781642914	0.11729293316602707	0.265927255153656	0.0	0.0	0.0	0.0	0.0	0.0	0.0	0.0	0.0	0.0	0.0	0.0	0.0	0.0	0.0	0.1870242953300476	0.0	0.0	0.0	0.0	0.0	0.0	0.0	0.0	0.0	0.0	0.0	0.0	0.0	0.0	0.0	0.0	0.0	0.0	0.0	0.0	0.0	0.0	0.0	0.28805071115493774	0.0	0.4215131103992462	0.0	0.045529209077358246	0.0	0.0	0.0	0.0	0.0	0.0	0.0	0.0	0.0	0.08986629545688629	0.0	0.0	0.0	0.0	0.0	0.0	0.0
0.24564938247203827	0.12363526225090027	0.26012474298477173	0.0	0.0	0.0	0.0	0.0	0.0	0.0	0.0	0.0	0.0	0.0	0.0	0.0	0.0	0.0	0.1937038004398346	0.0	0.0	0.0	0.0	0.0	0.0	0.0	0.0	0.0	0.0	0.0	0.0	0.0	0.0	0.0	0.0	0.0	0.0	0.0	0.0	0.0	0.0	0.0	0.2772863209247589	0.0	0.4000777304172516	0.0	0.04710401967167854	0.0	0.0	0.0	0.0	0.0	0.0	0.0	0.0	0.0	0.09985559433698654	0.0	0.0	0.0	0.0	0.0	0.0	0.0
0.2578788101673126	0.10096289962530136	0.26491406559944153	0.0	0.0	0.0	0.0	0.0	0.0	0.0	0.0	0.0	0.0	0.0	0.0	0.0	0.0	0.0	0.16450423002243042	0.0	0.0	0.0	0.0	0.0	0.0	0.0	0.0	0.0	0.0	0.0	0.0	0.0	0.0	0.0	0.0	0.0	0.0	0.0	0.0	0.0	0.0	0.0	0.2988142967224121	0.0	0.4666963815689087	0.0	0.03652191534638405	0.0	0.0	0.0	0.0	0.0	0.0	0.0	0.0	0.0	0.07280454784631729	0.0	0.0	0.0	0.0	0.0	0.0	0.0
0.24126143753528595	0.13733546435832977	0.26977017521858215	0.0	0.0	0.0	0.0	0.0	0.0	0.0	0.0	0.0	0.0	0.0	0.0	0.0	0.0	0.0	0.21492908895015717	0.0	0.0	0.0	0.0	0.0	0.0	0.0	0.0	0.0	0.0	0.0	0.0	0.0	0.0	0.0	0.0	0.0	0.0	0.0	0.0	0.0	0.0	0.0	0.27392899990081787	0.0	0.39741435647010803	0.0	0.05079006031155586	0.0	0.0	0.0	0.0	0.0	0.0	0.0	0.0	0.0	0.1010715439915657	0.0	0.0	0.0	0.0	0.0	0.0	0.0
0.2577386200428009	0.10504491627216339	0.26088249683380127	0.0	0.0	0.0	0.0	0.0	0.0	0.0	0.0	0.0	0.0	0.0	0.0	0.0	0.0	0.0	0.15568959712982178	0.0	0.0	0.0	0.0	0.0	0.0	0.0	0.0	0.0	0.0	0.0	0.0	0.0	0.0	0.0	0.0	0.0	0.0	0.0	0.0	0.0	0.0	0.0	0.3039151728153229	0.0	0.4348256587982178	0.0	0.03881766274571419	0.0	0.0	0.0	0.0	0.0	0.0	0.0	0.0	0.0	0.08413278311491013	0.0	0.0	0.0	0.0	0.0	0.0	0.0
0.23410452902317047	0.14176881313323975	0.2562704086303711	0.0	0.0	0.0	0.0	0.0	0.0	0.0	0.0	0.0	0.0	0.0	0.0	0.0	0.0	0.0	0.21987700462341309	0.0	0.0	0.0	0.0	0.0	0.0	0.0	0.0	0.0	0.0	0.0	0.0	0.0	0.0	0.0	0.0	0.0	0.0	0.0	0.0	0.0	0.0	0.0	0.2599138915538788	0.0	0.3624320924282074	0.0	0.05243183299899101	0.0	0.0	0.0	0.0	0.0	0.0	0.0	0.0	0.0	0.12057904154062271	0.0	0.0	0.0	0.0	0.0	0.0	0.0
0.2578299939632416	0.11975383758544922	0.2704569101333618	0.0	0.0	0.0	0.0	0.0	0.0	0.0	0.0	0.0	0.0	0.0	0.0	0.0	0.0	0.0	0.19094514846801758	0.0	0.0	0.0	0.0	0.0	0.0	0.0	0.0	0.0	0.0	0.0	0.0	0.0	0.0	0.0	0.0	0.0	0.0	0.0	0.0	0.0	0.0	0.0	0.2924557626247406	0.0	0.44349896907806396	0.0	0.03689467906951904	0.0	0.0	0.0	0.0	0.0	0.0	0.0	0.0	0.0	0.08341073244810104	0.0	0.0	0.0	0.0	0.0	0.0	0.0
0.24090608954429626	0.13303367793560028	0.2579681873321533	0.0	0.0	0.0	0.0	0.0	0.0	0.0	0.0	0.0	0.0	0.0	0.0	0.0	0.0	0.0	0.207943394780159	0.0	0.0	0.0	0.0	0.0	0.0	0.0	0.0	0.0	0.0	0.0	0.0	0.0	0.0	0.0	0.0	0.0	0.0	0.0	0.0	0.0	0.0	0.0	0.26625123620033264	0.0	0.379446804523468	0.0	0.048956628888845444	0.0	0.0	0.0	0.0	0.0	0.0	0.0	0.0	0.0	0.11038640886545181	0.0	0.0	0.0	0.0	0.0	0.0	0.0
0.23764635622501373	0.14150677621364594	0.2633581757545471	0.0	0.0	0.0	0.0	0.0	0.0	0.0	0.0	0.0	0.0	0.0	0.0	0.0	0.0	0.0	0.21936112642288208	0.0	0.0	0.0	0.0	0.0	0.0	0.0	0.0	0.0	0.0	0.0	0.0	0.0	0.0	0.0	0.0	0.0	0.0	0.0	0.0	0.0	0.0	0.0	0.2695479989051819	0.0	0.37829142808914185	0.0	0.051743172109127045	0.0	0.0	0.0	0.0	0.0	0.0	0.0	0.0	0.0	0.11692530661821365	0.0	0.0	0.0	0.0	0.0	0.0	0.0
0.23542387783527374	0.13862459361553192	0.25715357065200806	0.0	0.0	0.0	0.0	0.0	0.0	0.0	0.0	0.0	0.0	0.0	0.0	0.0	0.0	0.0	0.21507523953914642	0.0	0.0	0.0	0.0	0.0	0.0	0.0	0.0	0.0	0.0	0.0	0.0	0.0	0.0	0.0	0.0	0.0	0.0	0.0	0.0	0.0	0.0	0.0	0.259093701839447	0.0	0.36333271861076355	0.0	0.05179262533783913	0.0	0.0	0.0	0.0	0.0	0.0	0.0	0.0	0.0	0.11595723778009415	0.0	0.0	0.0	0.0	0.0	0.0	0.0
0.24066276848316193	0.12911050021648407	0.25814008712768555	0.0	0.0	0.0	0.0	0.0	0.0	0.0	0.0	0.0	0.0	0.0	0.0	0.0	0.0	0.0	0.20163774490356445	0.0	0.0	0.0	0.0	0.0	0.0	0.0	0.0	0.0	0.0	0.0	0.0	0.0	0.0	0.0	0.0	0.0	0.0	0.0	0.0	0.0	0.0	0.0	0.2730412483215332	0.0	0.3871847987174988	0.0	0.047974102199077606	0.0	0.0	0.0	0.0	0.0	0.0	0.0	0.0	0.0	0.1094750240445137	0.0	0.0	0.0	0.0	0.0	0.0	0.0
0.2403348684310913	0.12866348028182983	0.26518625020980835	0.0	0.0	0.0	0.0	0.0	0.0	0.0	0.0	0.0	0.0	0.0	0.0	0.0	0.0	0.0	0.19791121780872345	0.0	0.0	0.0	0.0	0.0	0.0	0.0	0.0	0.0	0.0	0.0	0.0	0.0	0.0	0.0	0.0	0.0	0.0	0.0	0.0	0.0	0.0	0.0	0.2720332741737366	0.0	0.39132505655288696	0.0	0.04896524176001549	0.0	0.0	0.0	0.0	0.0	0.0	0.0	0.0	0.0	0.10627224296331406	0.0	0.0	0.0	0.0	0.0	0.0	0.0
0.23729996383190155	0.13512592017650604	0.2536364495754242	0.0	0.0	0.0	0.0	0.0	0.0	0.0	0.0	0.0	0.0	0.0	0.0	0.0	0.0	0.0	0.20867154002189636	0.0	0.0	0.0	0.0	0.0	0.0	0.0	0.0	0.0	0.0	0.0	0.0	0.0	0.0	0.0	0.0	0.0	0.0	0.0	0.0	0.0	0.0	0.0	0.26725029945373535	0.0	0.3756761848926544	0.0	0.05034499242901802	0.0	0.0	0.0	0.0	0.0	0.0	0.0	0.0	0.0	0.1168321892619133	0.0	0.0	0.0	0.0	0.0	0.0	0.0
0.2395697981119156	0.13124926388263702	0.25501593947410583	0.0	0.0	0.0	0.0	0.0	0.0	0.0	0.0	0.0	0.0	0.0	0.0	0.0	0.0	0.0	0.2058161348104477	0.0	0.0	0.0	0.0	0.0	0.0	0.0	0.0	0.0	0.0	0.0	0.0	0.0	0.0	0.0	0.0	0.0	0.0	0.0	0.0	0.0	0.0	0.0	0.26778507232666016	0.0	0.37764930725097656	0.0	0.047008294612169266	0.0	0.0	0.0	0.0	0.0	0.0	0.0	0.0	0.0	0.11294393241405487	0.0	0.0	0.0	0.0	0.0	0.0	0.0
0.24132636189460754	0.13352744281291962	0.2594548165798187	0.0	0.0	0.0	0.0	0.0	0.0	0.0	0.0	0.0	0.0	0.0	0.0	0.0	0.0	0.0	0.20572958886623383	0.0	0.0	0.0	0.0	0.0	0.0	0.0	0.0	0.0	0.0	0.0	0.0	0.0	0.0	0.0	0.0	0.0	0.0	0.0	0.0	0.0	0.0	0.0	0.27049824595451355	0.0	0.38942164182662964	0.0	0.050620876252651215	0.0	0.0	0.0	0.0	0.0	0.0	0.0	0.0	0.0	0.10566285252571106	0.0	0.0	0.0	0.0	0.0	0.0	0.0
0.24136993288993835	0.15416137874126434	0.26487997174263	0.0	0.0	0.0	0.0	0.0	0.0	0.0	0.0	0.0	0.0	0.0	0.0	0.0	0.0	0.0	0.23616130650043488	0.0	0.0	0.0	0.0	0.0	0.0	0.0	0.0	0.0	0.0	0.0	0.0	0.0	0.0	0.0	0.0	0.0	0.0	0.0	0.0	0.0	0.0	0.0	0.2586301565170288	0.0	0.3772725760936737	0.0	0.060932647436857224	0.0	0.0	0.0	0.0	0.0	0.0	0.0	0.0	0.0	0.11422383785247803	0.0	0.0	0.0	0.0	0.0	0.0	0.0
0.24639812111854553	0.12012910842895508	0.2587577700614929	0.0	0.0	0.0	0.0	0.0	0.0	0.0	0.0	0.0	0.0	0.0	0.0	0.0	0.0	0.0	0.2009858638048172	0.0	0.0	0.0	0.0	0.0	0.0	0.0	0.0	0.0	0.0	0.0	0.0	0.0	0.0	0.0	0.0	0.0	0.0	0.0	0.0	0.0	0.0	0.0	0.27287757396698	0.0	0.392776221036911	0.0	0.04966104403138161	0.0	0.0	0.0	0.0	0.0	0.0	0.0	0.0	0.0	0.10303516685962677	0.0	0.0	0.0	0.0	0.0	0.0	0.0
0.23943433165550232	0.13283933699131012	0.2582438290119171	0.0	0.0	0.0	0.0	0.0	0.0	0.0	0.0	0.0	0.0	0.0	0.0	0.0	0.0	0.0	0.20667636394500732	0.0	0.0	0.0	0.0	0.0	0.0	0.0	0.0	0.0	0.0	0.0	0.0	0.0	0.0	0.0	0.0	0.0	0.0	0.0	0.0	0.0	0.0	0.0	0.2704189121723175	0.0	0.38915351033210754	0.0	0.04846807196736336	0.0	0.0	0.0	0.0	0.0	0.0	0.0	0.0	0.0	0.11111374944448471	0.0	0.0	0.0	0.0	0.0	0.0	0.0
0.2436157464981079	0.11866247653961182	0.25633102655410767	0.0	0.0	0.0	0.0	0.0	0.0	0.0	0.0	0.0	0.0	0.0	0.0	0.0	0.0	0.0	0.18515895307064056	0.0	0.0	0.0	0.0	0.0	0.0	0.0	0.0	0.0	0.0	0.0	0.0	0.0	0.0	0.0	0.0	0.0	0.0	0.0	0.0	0.0	0.0	0.0	0.2754943072795868	0.0	0.39578625559806824	0.0	0.04643663391470909	0.0	0.0	0.0	0.0	0.0	0.0	0.0	0.0	0.0	0.10189330577850342	0.0	0.0	0.0	0.0	0.0	0.0	0.0
0.24101781845092773	0.1334093064069748	0.2609062194824219	0.0	0.0	0.0	0.0	0.0	0.0	0.0	0.0	0.0	0.0	0.0	0.0	0.0	0.0	0.0	0.207389235496521	0.0	0.0	0.0	0.0	0.0	0.0	0.0	0.0	0.0	0.0	0.0	0.0	0.0	0.0	0.0	0.0	0.0	0.0	0.0	0.0	0.0	0.0	0.0	0.2682182490825653	0.0	0.39302709698677063	0.0	0.048348840326070786	0.0	0.0	0.0	0.0	0.0	0.0	0.0	0.0	0.0	0.11349137127399445	0.0	0.0	0.0	0.0	0.0	0.0	0.0
0.24395351111888885	0.13002237677574158	0.2611534595489502	0.0	0.0	0.0	0.0	0.0	0.0	0.0	0.0	0.0	0.0	0.0	0.0	0.0	0.0	0.0	0.2035495936870575	0.0	0.0	0.0	0.0	0.0	0.0	0.0	0.0	0.0	0.0	0.0	0.0	0.0	0.0	0.0	0.0	0.0	0.0	0.0	0.0	0.0	0.0	0.0	0.2751518189907074	0.0	0.3977143466472626	0.0	0.04716181382536888	0.0	0.0	0.0	0.0	0.0	0.0	0.0	0.0	0.0	0.10275515913963318	0.0	0.0	0.0	0.0	0.0	0.0	0.0
0.24491435289382935	0.12814828753471375	0.26012346148490906	0.0	0.0	0.0	0.0	0.0	0.0	0.0	0.0	0.0	0.0	0.0	0.0	0.0	0.0	0.0	0.19880494475364685	0.0	0.0	0.0	0.0	0.0	0.0	0.0	0.0	0.0	0.0	0.0	0.0	0.0	0.0	0.0	0.0	0.0	0.0	0.0	0.0	0.0	0.0	0.0	0.2736055850982666	0.0	0.392660915851593	0.0	0.05128590017557144	0.0	0.0	0.0	0.0	0.0	0.0	0.0	0.0	0.0	0.10416635870933533	0.0	0.0	0.0	0.0	0.0	0.0	0.0
0.24616649746894836	0.12642419338226318	0.26907166838645935	0.0	0.0	0.0	0.0	0.0	0.0	0.0	0.0	0.0	0.0	0.0	0.0	0.0	0.0	0.0	0.199598029255867	0.0	0.0	0.0	0.0	0.0	0.0	0.0	0.0	0.0	0.0	0.0	0.0	0.0	0.0	0.0	0.0	0.0	0.0	0.0	0.0	0.0	0.0	0.0	0.2783270478248596	0.0	0.4056813418865204	0.0	0.05192478001117706	0.0	0.0	0.0	0.0	0.0	0.0	0.0	0.0	0.0	0.10109653323888779	0.0	0.0	0.0	0.0	0.0	0.0	0.0
0.2413201630115509	0.13336266577243805	0.2664145529270172	0.0	0.0	0.0	0.0	0.0	0.0	0.0	0.0	0.0	0.0	0.0	0.0	0.0	0.0	0.0	0.20133355259895325	0.0	0.0	0.0	0.0	0.0	0.0	0.0	0.0	0.0	0.0	0.0	0.0	0.0	0.0	0.0	0.0	0.0	0.0	0.0	0.0	0.0	0.0	0.0	0.2748585045337677	0.0	0.4053235650062561	0.0	0.04874912649393082	0.0	0.0	0.0	0.0	0.0	0.0	0.0	0.0	0.0	0.0997903123497963	0.0	0.0	0.0	0.0	0.0	0.0	0.0
0.25237709283828735	0.11623979359865189	0.2496996819972992	0.0	0.0	0.0	0.0	0.0	0.0	0.0	0.0	0.0	0.0	0.0	0.0	0.0	0.0	0.0	0.17460548877716064	0.0	0.0	0.0	0.0	0.0	0.0	0.0	0.0	0.0	0.0	0.0	0.0	0.0	0.0	0.0	0.0	0.0	0.0	0.0	0.0	0.0	0.0	0.0	0.28079888224601746	0.0	0.40522557497024536	0.0	0.043486226350069046	0.0	0.0	0.0	0.0	0.0	0.0	0.0	0.0	0.0	0.10117384046316147	0.0	0.0	0.0	0.0	0.0	0.0	0.0
0.24273082613945007	0.13969843089580536	0.2635323703289032	0.0	0.0	0.0	0.0	0.0	0.0	0.0	0.0	0.0	0.0	0.0	0.0	0.0	0.0	0.0	0.2149185687303543	0.0	0.0	0.0	0.0	0.0	0.0	0.0	0.0	0.0	0.0	0.0	0.0	0.0	0.0	0.0	0.0	0.0	0.0	0.0	0.0	0.0	0.0	0.0	0.2659514844417572	0.0	0.3837302029132843	0.0	0.04883198440074921	0.0	0.0	0.0	0.0	0.0	0.0	0.0	0.0	0.0	0.11043040454387665	0.0	0.0	0.0	0.0	0.0	0.0	0.0
0.24122823774814606	0.13190333545207977	0.2659861147403717	0.0	0.0	0.0	0.0	0.0	0.0	0.0	0.0	0.0	0.0	0.0	0.0	0.0	0.0	0.0	0.20916476845741272	0.0	0.0	0.0	0.0	0.0	0.0	0.0	0.0	0.0	0.0	0.0	0.0	0.0	0.0	0.0	0.0	0.0	0.0	0.0	0.0	0.0	0.0	0.0	0.267331600189209	0.0	0.387566477060318	0.0	0.05010351538658142	0.0	0.0	0.0	0.0	0.0	0.0	0.0	0.0	0.0	0.10993199050426483	0.0	0.0	0.0	0.0	0.0	0.0	0.0
0.27151015400886536	0.12287786602973938	0.28889578580856323	0.0	0.0	0.0	0.0	0.0	0.0	0.0	0.0	0.0	0.0	0.0	0.0	0.0	0.0	0.0	0.19162629544734955	0.0	0.0	0.0	0.0	0.0	0.0	0.0	0.0	0.0	0.0	0.0	0.0	0.0	0.0	0.0	0.0	0.0	0.0	0.0	0.0	0.0	0.0	0.0	0.3340383768081665	0.0	0.5222978591918945	0.0	0.025711368769407272	0.0	0.0	0.0	0.0	0.0	0.0	0.0	0.0	0.0	0.052729953080415726	0.0	0.0	0.0	0.0	0.0	0.0	0.0
0.24442751705646515	0.13401566445827484	0.258024662733078	0.0	0.0	0.0	0.0	0.0	0.0	0.0	0.0	0.0	0.0	0.0	0.0	0.0	0.0	0.0	0.20348277688026428	0.0	0.0	0.0	0.0	0.0	0.0	0.0	0.0	0.0	0.0	0.0	0.0	0.0	0.0	0.0	0.0	0.0	0.0	0.0	0.0	0.0	0.0	0.0	0.2822490632534027	0.0	0.4143463671207428	0.0	0.04269157722592354	0.0	0.0	0.0	0.0	0.0	0.0	0.0	0.0	0.0	0.1058868020772934	0.0	0.0	0.0	0.0	0.0	0.0	0.0
0.24253150820732117	0.13752609491348267	0.2621763050556183	0.0	0.0	0.0	0.0	0.0	0.0	0.0	0.0	0.0	0.0	0.0	0.0	0.0	0.0	0.0	0.2069983333349228	0.0	0.0	0.0	0.0	0.0	0.0	0.0	0.0	0.0	0.0	0.0	0.0	0.0	0.0	0.0	0.0	0.0	0.0	0.0	0.0	0.0	0.0	0.0	0.2752533555030823	0.0	0.4012845754623413	0.0	0.04798354208469391	0.0	0.0	0.0	0.0	0.0	0.0	0.0	0.0	0.0	0.10802280902862549	0.0	0.0	0.0	0.0	0.0	0.0	0.0
0.24620161950588226	0.13726387917995453	0.2553147077560425	0.0	0.0	0.0	0.0	0.0	0.0	0.0	0.0	0.0	0.0	0.0	0.0	0.0	0.0	0.0	0.20921458303928375	0.0	0.0	0.0	0.0	0.0	0.0	0.0	0.0	0.0	0.0	0.0	0.0	0.0	0.0	0.0	0.0	0.0	0.0	0.0	0.0	0.0	0.0	0.0	0.27849701046943665	0.0	0.3959414064884186	0.0	0.04463080316781998	0.0	0.0	0.0	0.0	0.0	0.0	0.0	0.0	0.0	0.11066954582929611	0.0	0.0	0.0	0.0	0.0	0.0	0.0
0.32612520456314087	0.02249746210873127	0.24230481684207916	0.0	0.0	0.0	0.0	0.0	0.0	0.0	0.0	0.0	0.0	0.0	0.0	0.0	0.0	0.0	0.014960309490561485	0.0	0.0	0.0	0.0	0.0	0.0	0.0	0.0	0.0	0.0	0.0	0.0	0.0	0.0	0.0	0.0	0.0	0.0	0.0	0.0	0.0	0.0	0.0	0.36044958233833313	0.0	0.5262973308563232	0.0	0.0	0.0	0.0	0.0	0.0	0.0	0.0	0.0	0.0	0.0	0.03897024691104889	0.0	0.0	0.0	0.0	0.0	0.0	0.0
0.24265919625759125	0.13538292050361633	0.26063334941864014	0.0	0.0	0.0	0.0	0.0	0.0	0.0	0.0	0.0	0.0	0.0	0.0	0.0	0.0	0.0	0.2024572342634201	0.0	0.0	0.0	0.0	0.0	0.0	0.0	0.0	0.0	0.0	0.0	0.0	0.0	0.0	0.0	0.0	0.0	0.0	0.0	0.0	0.0	0.0	0.0	0.2712009847164154	0.0	0.3867199122905731	0.0	0.048029087483882904	0.0	0.0	0.0	0.0	0.0	0.0	0.0	0.0	0.0	0.10875160992145538	0.0	0.0	0.0	0.0	0.0	0.0	0.0
0.24198220670223236	0.1273249387741089	0.25919288396835327	0.0	0.0	0.0	0.0	0.0	0.0	0.0	0.0	0.0	0.0	0.0	0.0	0.0	0.0	0.0	0.20183324813842773	0.0	0.0	0.0	0.0	0.0	0.0	0.0	0.0	0.0	0.0	0.0	0.0	0.0	0.0	0.0	0.0	0.0	0.0	0.0	0.0	0.0	0.0	0.0	0.2694035470485687	0.0	0.38660767674446106	0.0	0.05156973376870155	0.0	0.0	0.0	0.0	0.0	0.0	0.0	0.0	0.0	0.10817363858222961	0.0	0.0	0.0	0.0	0.0	0.0	0.0
0.24028414487838745	0.12679734826087952	0.25603798031806946	0.0	0.0	0.0	0.0	0.0	0.0	0.0	0.0	0.0	0.0	0.0	0.0	0.0	0.0	0.0	0.19783195853233337	0.0	0.0	0.0	0.0	0.0	0.0	0.0	0.0	0.0	0.0	0.0	0.0	0.0	0.0	0.0	0.0	0.0	0.0	0.0	0.0	0.0	0.0	0.0	0.27498185634613037	0.0	0.3886139690876007	0.0	0.04738560691475868	0.0	0.0	0.0	0.0	0.0	0.0	0.0	0.0	0.0	0.10676506161689758	0.0	0.0	0.0	0.0	0.0	0.0	0.0
0.25890228152275085	0.10225532948970795	0.26658716797828674	0.0	0.0	0.0	0.0	0.0	0.0	0.0	0.0	0.0	0.0	0.0	0.0	0.0	0.0	0.0	0.15625576674938202	0.0	0.0	0.0	0.0	0.0	0.0	0.0	0.0	0.0	0.0	0.0	0.0	0.0	0.0	0.0	0.0	0.0	0.0	0.0	0.0	0.0	0.0	0.0	0.30073603987693787	0.0	0.44968530535697937	0.0	0.0358668752014637	0.0	0.0	0.0	0.0	0.0	0.0	0.0	0.0	0.0	0.07624521106481552	0.0	0.0	0.0	0.0	0.0	0.0	0.0
0.2381817102432251	0.1350809931755066	0.2583127021789551	0.0	0.0	0.0	0.0	0.0	0.0	0.0	0.0	0.0	0.0	0.0	0.0	0.0	0.0	0.0	0.21090304851531982	0.0	0.0	0.0	0.0	0.0	0.0	0.0	0.0	0.0	0.0	0.0	0.0	0.0	0.0	0.0	0.0	0.0	0.0	0.0	0.0	0.0	0.0	0.0	0.2679218649864197	0.0	0.38196104764938354	0.0	0.0485098771750927	0.0	0.0	0.0	0.0	0.0	0.0	0.0	0.0	0.0	0.11039502173662186	0.0	0.0	0.0	0.0	0.0	0.0	0.0
0.24254651367664337	0.12913194298744202	0.26021307706832886	0.0	0.0	0.0	0.0	0.0	0.0	0.0	0.0	0.0	0.0	0.0	0.0	0.0	0.0	0.0	0.20032477378845215	0.0	0.0	0.0	0.0	0.0	0.0	0.0	0.0	0.0	0.0	0.0	0.0	0.0	0.0	0.0	0.0	0.0	0.0	0.0	0.0	0.0	0.0	0.0	0.2735031843185425	0.0	0.3912830352783203	0.0	0.046865589916706085	0.0	0.0	0.0	0.0	0.0	0.0	0.0	0.0	0.0	0.1064048558473587	0.0	0.0	0.0	0.0	0.0	0.0	0.0
0.24624937772750854	0.12724648416042328	0.2618313133716583	0.0	0.0	0.0	0.0	0.0	0.0	0.0	0.0	0.0	0.0	0.0	0.0	0.0	0.0	0.0	0.20402896404266357	0.0	0.0	0.0	0.0	0.0	0.0	0.0	0.0	0.0	0.0	0.0	0.0	0.0	0.0	0.0	0.0	0.0	0.0	0.0	0.0	0.0	0.0	0.0	0.27414873242378235	0.0	0.40263253450393677	0.0	0.0446401908993721	0.0	0.0	0.0	0.0	0.0	0.0	0.0	0.0	0.0	0.10433246195316315	0.0	0.0	0.0	0.0	0.0	0.0	0.0
0.24851259589195251	0.12629522383213043	0.2598171830177307	0.0	0.0	0.0	0.0	0.0	0.0	0.0	0.0	0.0	0.0	0.0	0.0	0.0	0.0	0.0	0.19434499740600586	0.0	0.0	0.0	0.0	0.0	0.0	0.0	0.0	0.0	0.0	0.0	0.0	0.0	0.0	0.0	0.0	0.0	0.0	0.0	0.0	0.0	0.0	0.0	0.27595359086990356	0.0	0.3956904709339142	0.0	0.05012890323996544	0.0	0.0	0.0	0.0	0.0	0.0	0.0	0.0	0.0	0.10450863093137741	0.0	0.0	0.0	0.0	0.0	0.0	0.0
0.2417624145746231	0.1326736956834793	0.2631109356880188	0.0	0.0	0.0	0.0	0.0	0.0	0.0	0.0	0.0	0.0	0.0	0.0	0.0	0.0	0.0	0.20982852578163147	0.0	0.0	0.0	0.0	0.0	0.0	0.0	0.0	0.0	0.0	0.0	0.0	0.0	0.0	0.0	0.0	0.0	0.0	0.0	0.0	0.0	0.0	0.0	0.2719580829143524	0.0	0.3918803930282593	0.0	0.0493902750313282	0.0	0.0	0.0	0.0	0.0	0.0	0.0	0.0	0.0	0.10801202803850174	0.0	0.0	0.0	0.0	0.0	0.0	0.0
0.24275140464305878	0.1290895640850067	0.2531760632991791	0.0	0.0	0.0	0.0	0.0	0.0	0.0	0.0	0.0	0.0	0.0	0.0	0.0	0.0	0.0	0.20092163980007172	0.0	0.0	0.0	0.0	0.0	0.0	0.0	0.0	0.0	0.0	0.0	0.0	0.0	0.0	0.0	0.0	0.0	0.0	0.0	0.0	0.0	0.0	0.0	0.26687952876091003	0.0	0.3815596103668213	0.0	0.04965332895517349	0.0	0.0	0.0	0.0	0.0	0.0	0.0	0.0	0.0	0.11332527548074722	0.0	0.0	0.0	0.0	0.0	0.0	0.0
0.2389109581708908	0.1268024891614914	0.2595369815826416	0.0	0.0	0.0	0.0	0.0	0.0	0.0	0.0	0.0	0.0	0.0	0.0	0.0	0.0	0.0	0.20350241661071777	0.0	0.0	0.0	0.0	0.0	0.0	0.0	0.0	0.0	0.0	0.0	0.0	0.0	0.0	0.0	0.0	0.0	0.0	0.0	0.0	0.0	0.0	0.0	0.2703750729560852	0.0	0.3871978223323822	0.0	0.05308213457465172	0.0	0.0	0.0	0.0	0.0	0.0	0.0	0.0	0.0	0.10674872249364853	0.0	0.0	0.0	0.0	0.0	0.0	0.0
0.24226893484592438	0.12744039297103882	0.2558691203594208	0.0	0.0	0.0	0.0	0.0	0.0	0.0	0.0	0.0	0.0	0.0	0.0	0.0	0.0	0.0	0.1994936466217041	0.0	0.0	0.0	0.0	0.0	0.0	0.0	0.0	0.0	0.0	0.0	0.0	0.0	0.0	0.0	0.0	0.0	0.0	0.0	0.0	0.0	0.0	0.0	0.27324628829956055	0.0	0.39154767990112305	0.0	0.048168741166591644	0.0	0.0	0.0	0.0	0.0	0.0	0.0	0.0	0.0	0.10816274583339691	0.0	0.0	0.0	0.0	0.0	0.0	0.0
0.2518027424812317	0.11738067865371704	0.26275932788848877	0.0	0.0	0.0	0.0	0.0	0.0	0.0	0.0	0.0	0.0	0.0	0.0	0.0	0.0	0.0	0.1906423419713974	0.0	0.0	0.0	0.0	0.0	0.0	0.0	0.0	0.0	0.0	0.0	0.0	0.0	0.0	0.0	0.0	0.0	0.0	0.0	0.0	0.0	0.0	0.0	0.28659114241600037	0.0	0.42471688985824585	0.0	0.044329285621643066	0.0	0.0	0.0	0.0	0.0	0.0	0.0	0.0	0.0	0.09131786972284317	0.0	0.0	0.0	0.0	0.0	0.0	0.0
0.2355034500360489	0.13996821641921997	0.2569536864757538	0.0	0.0	0.0	0.0	0.0	0.0	0.0	0.0	0.0	0.0	0.0	0.0	0.0	0.0	0.0	0.2177416980266571	0.0	0.0	0.0	0.0	0.0	0.0	0.0	0.0	0.0	0.0	0.0	0.0	0.0	0.0	0.0	0.0	0.0	0.0	0.0	0.0	0.0	0.0	0.0	0.26236411929130554	0.0	0.37129294872283936	0.0	0.05369720980525017	0.0	0.0	0.0	0.0	0.0	0.0	0.0	0.0	0.0	0.11698900908231735	0.0	0.0	0.0	0.0	0.0	0.0	0.0
0.24309220910072327	0.1240944042801857	0.2618088126182556	0.0	0.0	0.0	0.0	0.0	0.0	0.0	0.0	0.0	0.0	0.0	0.0	0.0	0.0	0.0	0.20018412172794342	0.0	0.0	0.0	0.0	0.0	0.0	0.0	0.0	0.0	0.0	0.0	0.0	0.0	0.0	0.0	0.0	0.0	0.0	0.0	0.0	0.0	0.0	0.0	0.27359437942504883	0.0	0.4008801281452179	0.0	0.048259470611810684	0.0	0.0	0.0	0.0	0.0	0.0	0.0	0.0	0.0	0.10077869147062302	0.0	0.0	0.0	0.0	0.0	0.0	0.0
0.2439359724521637	0.1258077770471573	0.2664221525192261	0.0	0.0	0.0	0.0	0.0	0.0	0.0	0.0	0.0	0.0	0.0	0.0	0.0	0.0	0.0	0.1932612508535385	0.0	0.0	0.0	0.0	0.0	0.0	0.0	0.0	0.0	0.0	0.0	0.0	0.0	0.0	0.0	0.0	0.0	0.0	0.0	0.0	0.0	0.0	0.0	0.2797131836414337	0.0	0.4108336567878723	0.0	0.0535656102001667	0.0	0.0	0.0	0.0	0.0	0.0	0.0	0.0	0.0	0.09599654376506805	0.0	0.0	0.0	0.0	0.0	0.0	0.0
0.2405618131160736	0.135635644197464	0.2585778534412384	0.0	0.0	0.0	0.0	0.0	0.0	0.0	0.0	0.0	0.0	0.0	0.0	0.0	0.0	0.0	0.20692549645900726	0.0	0.0	0.0	0.0	0.0	0.0	0.0	0.0	0.0	0.0	0.0	0.0	0.0	0.0	0.0	0.0	0.0	0.0	0.0	0.0	0.0	0.0	0.0	0.2684219181537628	0.0	0.3911508023738861	0.0	0.05215069651603699	0.0	0.0	0.0	0.0	0.0	0.0	0.0	0.0	0.0	0.11243657767772675	0.0	0.0	0.0	0.0	0.0	0.0	0.0
0.2416725605726242	0.13497227430343628	0.2699383795261383	0.0	0.0	0.0	0.0	0.0	0.0	0.0	0.0	0.0	0.0	0.0	0.0	0.0	0.0	0.0	0.21176840364933014	0.0	0.0	0.0	0.0	0.0	0.0	0.0	0.0	0.0	0.0	0.0	0.0	0.0	0.0	0.0	0.0	0.0	0.0	0.0	0.0	0.0	0.0	0.0	0.2808784246444702	0.0	0.41722217202186584	0.0	0.04797583073377609	0.0	0.0	0.0	0.0	0.0	0.0	0.0	0.0	0.0	0.10115224868059158	0.0	0.0	0.0	0.0	0.0	0.0	0.0
0.24366842210292816	0.1330791413784027	0.2607816457748413	0.0	0.0	0.0	0.0	0.0	0.0	0.0	0.0	0.0	0.0	0.0	0.0	0.0	0.0	0.0	0.20492082834243774	0.0	0.0	0.0	0.0	0.0	0.0	0.0	0.0	0.0	0.0	0.0	0.0	0.0	0.0	0.0	0.0	0.0	0.0	0.0	0.0	0.0	0.0	0.0	0.27310582995414734	0.0	0.39266788959503174	0.0	0.048394329845905304	0.0	0.0	0.0	0.0	0.0	0.0	0.0	0.0	0.0	0.1063121110200882	0.0	0.0	0.0	0.0	0.0	0.0	0.0
0.24960678815841675	0.128690704703331	0.2542427182197571	0.0	0.0	0.0	0.0	0.0	0.0	0.0	0.0	0.0	0.0	0.0	0.0	0.0	0.0	0.0	0.19018790125846863	0.0	0.0	0.0	0.0	0.0	0.0	0.0	0.0	0.0	0.0	0.0	0.0	0.0	0.0	0.0	0.0	0.0	0.0	0.0	0.0	0.0	0.0	0.0	0.28410378098487854	0.0	0.40172967314720154	0.0	0.039386797696352005	0.0	0.0	0.0	0.0	0.0	0.0	0.0	0.0	0.0	0.10047485679388046	0.0	0.0	0.0	0.0	0.0	0.0	0.0
0.23879334330558777	0.12912030518054962	0.25526660680770874	0.0	0.0	0.0	0.0	0.0	0.0	0.0	0.0	0.0	0.0	0.0	0.0	0.0	0.0	0.0	0.2023874670267105	0.0	0.0	0.0	0.0	0.0	0.0	0.0	0.0	0.0	0.0	0.0	0.0	0.0	0.0	0.0	0.0	0.0	0.0	0.0	0.0	0.0	0.0	0.0	0.2690046429634094	0.0	0.38659176230430603	0.0	0.05149196833372116	0.0	0.0	0.0	0.0	0.0	0.0	0.0	0.0	0.0	0.10799767076969147	0.0	0.0	0.0	0.0	0.0	0.0	0.0
0.24513337016105652	0.12460970878601074	0.25613871216773987	0.0	0.0	0.0	0.0	0.0	0.0	0.0	0.0	0.0	0.0	0.0	0.0	0.0	0.0	0.0	0.1936723291873932	0.0	0.0	0.0	0.0	0.0	0.0	0.0	0.0	0.0	0.0	0.0	0.0	0.0	0.0	0.0	0.0	0.0	0.0	0.0	0.0	0.0	0.0	0.0	0.27381202578544617	0.0	0.3892437219619751	0.0	0.04770183563232422	0.0	0.0	0.0	0.0	0.0	0.0	0.0	0.0	0.0	0.10478542745113373	0.0	0.0	0.0	0.0	0.0	0.0	0.0
0.24153342843055725	0.12957410514354706	0.2588801383972168	0.0	0.0	0.0	0.0	0.0	0.0	0.0	0.0	0.0	0.0	0.0	0.0	0.0	0.0	0.0	0.20370972156524658	0.0	0.0	0.0	0.0	0.0	0.0	0.0	0.0	0.0	0.0	0.0	0.0	0.0	0.0	0.0	0.0	0.0	0.0	0.0	0.0	0.0	0.0	0.0	0.2715151011943817	0.0	0.3851659595966339	0.0	0.048957496881484985	0.0	0.0	0.0	0.0	0.0	0.0	0.0	0.0	0.0	0.11202770471572876	0.0	0.0	0.0	0.0	0.0	0.0	0.0
0.24057815968990326	0.1323486715555191	0.2596535086631775	0.0	0.0	0.0	0.0	0.0	0.0	0.0	0.0	0.0	0.0	0.0	0.0	0.0	0.0	0.0	0.20556648075580597	0.0	0.0	0.0	0.0	0.0	0.0	0.0	0.0	0.0	0.0	0.0	0.0	0.0	0.0	0.0	0.0	0.0	0.0	0.0	0.0	0.0	0.0	0.0	0.26786255836486816	0.0	0.38339248299598694	0.0	0.05247487872838974	0.0	0.0	0.0	0.0	0.0	0.0	0.0	0.0	0.0	0.11010494828224182	0.0	0.0	0.0	0.0	0.0	0.0	0.0
0.28779304027557373	0.06465897709131241	0.24546758830547333	0.0	0.0	0.0	0.0	0.0	0.0	0.0	0.0	0.0	0.0	0.0	0.0	0.0	0.0	0.0	0.08307433128356934	0.0	0.0	0.0	0.0	0.0	0.0	0.0	0.0	0.0	0.0	0.0	0.0	0.0	0.0	0.0	0.0	0.0	0.0	0.0	0.0	0.0	0.0	0.0	0.32787013053894043	0.0	0.47218057513237	0.0	0.011131863109767437	0.0	0.0	0.0	0.0	0.0	0.0	0.0	0.0	0.0	0.07019971311092377	0.0	0.0	0.0	0.0	0.0	0.0	0.0
0.2612723410129547	0.10315795242786407	0.271136075258255	0.0	0.0	0.0	0.0	0.0	0.0	0.0	0.0	0.0	0.0	0.0	0.0	0.0	0.0	0.0	0.1695133000612259	0.0	0.0	0.0	0.0	0.0	0.0	0.0	0.0	0.0	0.0	0.0	0.0	0.0	0.0	0.0	0.0	0.0	0.0	0.0	0.0	0.0	0.0	0.0	0.3024929165840149	0.0	0.4600449204444885	0.0	0.03778959438204765	0.0	0.0	0.0	0.0	0.0	0.0	0.0	0.0	0.0	0.07253587245941162	0.0	0.0	0.0	0.0	0.0	0.0	0.0
0.24123600125312805	0.13330817222595215	0.2600068747997284	0.0	0.0	0.0	0.0	0.0	0.0	0.0	0.0	0.0	0.0	0.0	0.0	0.0	0.0	0.0	0.2073422074317932	0.0	0.0	0.0	0.0	0.0	0.0	0.0	0.0	0.0	0.0	0.0	0.0	0.0	0.0	0.0	0.0	0.0	0.0	0.0	0.0	0.0	0.0	0.0	0.2698776125907898	0.0	0.3909943699836731	0.0	0.04788809269666672	0.0	0.0	0.0	0.0	0.0	0.0	0.0	0.0	0.0	0.11011984199285507	0.0	0.0	0.0	0.0	0.0	0.0	0.0
0.24133753776550293	0.12292248755693436	0.2617667317390442	0.0	0.0	0.0	0.0	0.0	0.0	0.0	0.0	0.0	0.0	0.0	0.0	0.0	0.0	0.0	0.19319504499435425	0.0	0.0	0.0	0.0	0.0	0.0	0.0	0.0	0.0	0.0	0.0	0.0	0.0	0.0	0.0	0.0	0.0	0.0	0.0	0.0	0.0	0.0	0.0	0.2800235152244568	0.0	0.4069972336292267	0.0	0.05081004649400711	0.0	0.0	0.0	0.0	0.0	0.0	0.0	0.0	0.0	0.09896522015333176	0.0	0.0	0.0	0.0	0.0	0.0	0.0
0.24438807368278503	0.13153474032878876	0.272510826587677	0.0	0.0	0.0	0.0	0.0	0.0	0.0	0.0	0.0	0.0	0.0	0.0	0.0	0.0	0.0	0.19966259598731995	0.0	0.0	0.0	0.0	0.0	0.0	0.0	0.0	0.0	0.0	0.0	0.0	0.0	0.0	0.0	0.0	0.0	0.0	0.0	0.0	0.0	0.0	0.0	0.273928701877594	0.0	0.40392082929611206	0.0	0.04772341623902321	0.0	0.0	0.0	0.0	0.0	0.0	0.0	0.0	0.0	0.10073172301054001	0.0	0.0	0.0	0.0	0.0	0.0	0.0
0.2450309544801712	0.1311711072921753	0.261670857667923	0.0	0.0	0.0	0.0	0.0	0.0	0.0	0.0	0.0	0.0	0.0	0.0	0.0	0.0	0.0	0.20069916546344757	0.0	0.0	0.0	0.0	0.0	0.0	0.0	0.0	0.0	0.0	0.0	0.0	0.0	0.0	0.0	0.0	0.0	0.0	0.0	0.0	0.0	0.0	0.0	0.2739606201648712	0.0	0.4033014178276062	0.0	0.05202598124742508	0.0	0.0	0.0	0.0	0.0	0.0	0.0	0.0	0.0	0.10401693731546402	0.0	0.0	0.0	0.0	0.0	0.0	0.0
0.2531793415546417	0.118179090321064	0.26257607340812683	0.0	0.0	0.0	0.0	0.0	0.0	0.0	0.0	0.0	0.0	0.0	0.0	0.0	0.0	0.0	0.18380826711654663	0.0	0.0	0.0	0.0	0.0	0.0	0.0	0.0	0.0	0.0	0.0	0.0	0.0	0.0	0.0	0.0	0.0	0.0	0.0	0.0	0.0	0.0	0.0	0.2836146652698517	0.0	0.41907361149787903	0.0	0.04321620985865593	0.0	0.0	0.0	0.0	0.0	0.0	0.0	0.0	0.0	0.0900324210524559	0.0	0.0	0.0	0.0	0.0	0.0	0.0
0.24844947457313538	0.12669764459133148	0.2771870493888855	0.0	0.0	0.0	0.0	0.0	0.0	0.0	0.0	0.0	0.0	0.0	0.0	0.0	0.0	0.0	0.1960930973291397	0.0	0.0	0.0	0.0	0.0	0.0	0.0	0.0	0.0	0.0	0.0	0.0	0.0	0.0	0.0	0.0	0.0	0.0	0.0	0.0	0.0	0.0	0.0	0.29475679993629456	0.0	0.4417472779750824	0.0	0.04852305352687836	0.0	0.0	0.0	0.0	0.0	0.0	0.0	0.0	0.0	0.0864846408367157	0.0	0.0	0.0	0.0	0.0	0.0	0.0
0.2448599934577942	0.1256050169467926	0.26098567247390747	0.0	0.0	0.0	0.0	0.0	0.0	0.0	0.0	0.0	0.0	0.0	0.0	0.0	0.0	0.0	0.1934177726507187	0.0	0.0	0.0	0.0	0.0	0.0	0.0	0.0	0.0	0.0	0.0	0.0	0.0	0.0	0.0	0.0	0.0	0.0	0.0	0.0	0.0	0.0	0.0	0.2796729803085327	0.0	0.4014461636543274	0.0	0.04413885623216629	0.0	0.0	0.0	0.0	0.0	0.0	0.0	0.0	0.0	0.10378880053758621	0.0	0.0	0.0	0.0	0.0	0.0	0.0
0.2526150047779083	0.10874167829751968	0.26357579231262207	0.0	0.0	0.0	0.0	0.0	0.0	0.0	0.0	0.0	0.0	0.0	0.0	0.0	0.0	0.0	0.17364031076431274	0.0	0.0	0.0	0.0	0.0	0.0	0.0	0.0	0.0	0.0	0.0	0.0	0.0	0.0	0.0	0.0	0.0	0.0	0.0	0.0	0.0	0.0	0.0	0.29066064953804016	0.0	0.42971333861351013	0.0	0.0448366180062294	0.0	0.0	0.0	0.0	0.0	0.0	0.0	0.0	0.0	0.08623723685741425	0.0	0.0	0.0	0.0	0.0	0.0	0.0
0.24367542564868927	0.13409942388534546	0.25786828994750977	0.0	0.0	0.0	0.0	0.0	0.0	0.0	0.0	0.0	0.0	0.0	0.0	0.0	0.0	0.0	0.20771424472332	0.0	0.0	0.0	0.0	0.0	0.0	0.0	0.0	0.0	0.0	0.0	0.0	0.0	0.0	0.0	0.0	0.0	0.0	0.0	0.0	0.0	0.0	0.0	0.27188020944595337	0.0	0.3829887807369232	0.0	0.04652183875441551	0.0	0.0	0.0	0.0	0.0	0.0	0.0	0.0	0.0	0.11115681380033493	0.0	0.0	0.0	0.0	0.0	0.0	0.0
0.2281765341758728	0.14457209408283234	0.2545125186443329	0.0	0.0	0.0	0.0	0.0	0.0	0.0	0.0	0.0	0.0	0.0	0.0	0.0	0.0	0.0	0.23109273612499237	0.0	0.0	0.0	0.0	0.0	0.0	0.0	0.0	0.0	0.0	0.0	0.0	0.0	0.0	0.0	0.0	0.0	0.0	0.0	0.0	0.0	0.0	0.0	0.24799618124961853	0.0	0.3540002405643463	0.0	0.060182567685842514	0.0	0.0	0.0	0.0	0.0	0.0	0.0	0.0	0.0	0.12173601984977722	0.0	0.0	0.0	0.0	0.0	0.0	0.0
0.2415355145931244	0.13592402637004852	0.2606427073478699	0.0	0.0	0.0	0.0	0.0	0.0	0.0	0.0	0.0	0.0	0.0	0.0	0.0	0.0	0.0	0.20746424794197083	0.0	0.0	0.0	0.0	0.0	0.0	0.0	0.0	0.0	0.0	0.0	0.0	0.0	0.0	0.0	0.0	0.0	0.0	0.0	0.0	0.0	0.0	0.0	0.2698090076446533	0.0	0.38588231801986694	0.0	0.04922814294695854	0.0	0.0	0.0	0.0	0.0	0.0	0.0	0.0	0.0	0.11050567775964737	0.0	0.0	0.0	0.0	0.0	0.0	0.0
0.23729433119297028	0.13161417841911316	0.26028233766555786	0.0	0.0	0.0	0.0	0.0	0.0	0.0	0.0	0.0	0.0	0.0	0.0	0.0	0.0	0.0	0.20863230526447296	0.0	0.0	0.0	0.0	0.0	0.0	0.0	0.0	0.0	0.0	0.0	0.0	0.0	0.0	0.0	0.0	0.0	0.0	0.0	0.0	0.0	0.0	0.0	0.26357555389404297	0.0	0.37957388162612915	0.0	0.05143512412905693	0.0	0.0	0.0	0.0	0.0	0.0	0.0	0.0	0.0	0.11191233992576599	0.0	0.0	0.0	0.0	0.0	0.0	0.0
0.24509184062480927	0.12514278292655945	0.2546173632144928	0.0	0.0	0.0	0.0	0.0	0.0	0.0	0.0	0.0	0.0	0.0	0.0	0.0	0.0	0.0	0.19507598876953125	0.0	0.0	0.0	0.0	0.0	0.0	0.0	0.0	0.0	0.0	0.0	0.0	0.0	0.0	0.0	0.0	0.0	0.0	0.0	0.0	0.0	0.0	0.0	0.2740216553211212	0.0	0.3886120319366455	0.0	0.047117359936237335	0.0	0.0	0.0	0.0	0.0	0.0	0.0	0.0	0.0	0.10781507194042206	0.0	0.0	0.0	0.0	0.0	0.0	0.0
0.24700979888439178	0.13078880310058594	0.2661017179489136	0.0	0.0	0.0	0.0	0.0	0.0	0.0	0.0	0.0	0.0	0.0	0.0	0.0	0.0	0.0	0.1986725777387619	0.0	0.0	0.0	0.0	0.0	0.0	0.0	0.0	0.0	0.0	0.0	0.0	0.0	0.0	0.0	0.0	0.0	0.0	0.0	0.0	0.0	0.0	0.0	0.27908435463905334	0.0	0.40570786595344543	0.0	0.044328417629003525	0.0	0.0	0.0	0.0	0.0	0.0	0.0	0.0	0.0	0.09981796890497208	0.0	0.0	0.0	0.0	0.0	0.0	0.0
0.23797616362571716	0.13465438783168793	0.25403356552124023	0.0	0.0	0.0	0.0	0.0	0.0	0.0	0.0	0.0	0.0	0.0	0.0	0.0	0.0	0.0	0.20600634813308716	0.0	0.0	0.0	0.0	0.0	0.0	0.0	0.0	0.0	0.0	0.0	0.0	0.0	0.0	0.0	0.0	0.0	0.0	0.0	0.0	0.0	0.0	0.0	0.2685334384441376	0.0	0.3840762972831726	0.0	0.050448860973119736	0.0	0.0	0.0	0.0	0.0	0.0	0.0	0.0	0.0	0.113740935921669	0.0	0.0	0.0	0.0	0.0	0.0	0.0
0.24060435593128204	0.13200964033603668	0.26177695393562317	0.0	0.0	0.0	0.0	0.0	0.0	0.0	0.0	0.0	0.0	0.0	0.0	0.0	0.0	0.0	0.2053939402103424	0.0	0.0	0.0	0.0	0.0	0.0	0.0	0.0	0.0	0.0	0.0	0.0	0.0	0.0	0.0	0.0	0.0	0.0	0.0	0.0	0.0	0.0	0.0	0.27219492197036743	0.0	0.39787814021110535	0.0	0.04844703897833824	0.0	0.0	0.0	0.0	0.0	0.0	0.0	0.0	0.0	0.10868731141090393	0.0	0.0	0.0	0.0	0.0	0.0	0.0
0.2432185560464859	0.1258523166179657	0.2590101659297943	0.0	0.0	0.0	0.0	0.0	0.0	0.0	0.0	0.0	0.0	0.0	0.0	0.0	0.0	0.0	0.19824229180812836	0.0	0.0	0.0	0.0	0.0	0.0	0.0	0.0	0.0	0.0	0.0	0.0	0.0	0.0	0.0	0.0	0.0	0.0	0.0	0.0	0.0	0.0	0.0	0.272962361574173	0.0	0.3976871073246002	0.0	0.0487656407058239	0.0	0.0	0.0	0.0	0.0	0.0	0.0	0.0	0.0	0.10480257123708725	0.0	0.0	0.0	0.0	0.0	0.0	0.0
0.22536392509937286	0.14560270309448242	0.25821006298065186	0.0	0.0	0.0	0.0	0.0	0.0	0.0	0.0	0.0	0.0	0.0	0.0	0.0	0.0	0.0	0.23135054111480713	0.0	0.0	0.0	0.0	0.0	0.0	0.0	0.0	0.0	0.0	0.0	0.0	0.0	0.0	0.0	0.0	0.0	0.0	0.0	0.0	0.0	0.0	0.0	0.24855265021324158	0.0	0.3498368263244629	0.0	0.06151748076081276	0.0	0.0	0.0	0.0	0.0	0.0	0.0	0.0	0.0	0.12488501518964767	0.0	0.0	0.0	0.0	0.0	0.0	0.0
0.2418448030948639	0.12649045884609222	0.2589004337787628	0.0	0.0	0.0	0.0	0.0	0.0	0.0	0.0	0.0	0.0	0.0	0.0	0.0	0.0	0.0	0.20177188515663147	0.0	0.0	0.0	0.0	0.0	0.0	0.0	0.0	0.0	0.0	0.0	0.0	0.0	0.0	0.0	0.0	0.0	0.0	0.0	0.0	0.0	0.0	0.0	0.2727549076080322	0.0	0.39435282349586487	0.0	0.047833848744630814	0.0	0.0	0.0	0.0	0.0	0.0	0.0	0.0	0.0	0.10457173734903336	0.0	0.0	0.0	0.0	0.0	0.0	0.0
0.23857058584690094	0.1332341432571411	0.25259262323379517	0.0	0.0	0.0	0.0	0.0	0.0	0.0	0.0	0.0	0.0	0.0	0.0	0.0	0.0	0.0	0.20950543880462646	0.0	0.0	0.0	0.0	0.0	0.0	0.0	0.0	0.0	0.0	0.0	0.0	0.0	0.0	0.0	0.0	0.0	0.0	0.0	0.0	0.0	0.0	0.0	0.2654116451740265	0.0	0.36839374899864197	0.0	0.04986480996012688	0.0	0.0	0.0	0.0	0.0	0.0	0.0	0.0	0.0	0.11678127944469452	0.0	0.0	0.0	0.0	0.0	0.0	0.0
0.24288280308246613	0.12845611572265625	0.26210537552833557	0.0	0.0	0.0	0.0	0.0	0.0	0.0	0.0	0.0	0.0	0.0	0.0	0.0	0.0	0.0	0.20160701870918274	0.0	0.0	0.0	0.0	0.0	0.0	0.0	0.0	0.0	0.0	0.0	0.0	0.0	0.0	0.0	0.0	0.0	0.0	0.0	0.0	0.0	0.0	0.0	0.27616119384765625	0.0	0.4089089632034302	0.0	0.04339176043868065	0.0	0.0	0.0	0.0	0.0	0.0	0.0	0.0	0.0	0.10166176408529282	0.0	0.0	0.0	0.0	0.0	0.0	0.0
0.2427319437265396	0.11858735233545303	0.2445521056652069	0.0	0.0	0.0	0.0	0.0	0.0	0.0	0.0	0.0	0.0	0.0	0.0	0.0	0.0	0.0	0.184301495552063	0.0	0.0	0.0	0.0	0.0	0.0	0.0	0.0	0.0	0.0	0.0	0.0	0.0	0.0	0.0	0.0	0.0	0.0	0.0	0.0	0.0	0.0	0.0	0.2724563479423523	0.0	0.37789592146873474	0.0	0.04588302597403526	0.0	0.0	0.0	0.0	0.0	0.0	0.0	0.0	0.0	0.11442643404006958	0.0	0.0	0.0	0.0	0.0	0.0	0.0
0.24106933176517487	0.12977664172649384	0.2595875561237335	0.0	0.0	0.0	0.0	0.0	0.0	0.0	0.0	0.0	0.0	0.0	0.0	0.0	0.0	0.0	0.20194126665592194	0.0	0.0	0.0	0.0	0.0	0.0	0.0	0.0	0.0	0.0	0.0	0.0	0.0	0.0	0.0	0.0	0.0	0.0	0.0	0.0	0.0	0.0	0.0	0.2715494930744171	0.0	0.39424338936805725	0.0	0.04934663325548172	0.0	0.0	0.0	0.0	0.0	0.0	0.0	0.0	0.0	0.10835564881563187	0.0	0.0	0.0	0.0	0.0	0.0	0.0
0.25073888897895813	0.1172366738319397	0.2692323923110962	0.0	0.0	0.0	0.0	0.0	0.0	0.0	0.0	0.0	0.0	0.0	0.0	0.0	0.0	0.0	0.18645308911800385	0.0	0.0	0.0	0.0	0.0	0.0	0.0	0.0	0.0	0.0	0.0	0.0	0.0	0.0	0.0	0.0	0.0	0.0	0.0	0.0	0.0	0.0	0.0	0.28190064430236816	0.0	0.4228203594684601	0.0	0.051120106130838394	0.0	0.0	0.0	0.0	0.0	0.0	0.0	0.0	0.0	0.09022775292396545	0.0	0.0	0.0	0.0	0.0	0.0	0.0
0.3169756233692169	0.028896652162075043	0.24457161128520966	0.0	0.0	0.0	0.0	0.0	0.0	0.0	0.0	0.0	0.0	0.0	0.0	0.0	0.0	0.0	0.03029419668018818	0.0	0.0	0.0	0.0	0.0	0.0	0.0	0.0	0.0	0.0	0.0	0.0	0.0	0.0	0.0	0.0	0.0	0.0	0.0	0.0	0.0	0.0	0.0	0.36374202370643616	0.0	0.5346731543540955	0.0	0.0	0.0	0.0	0.0	0.0	0.0	0.0	0.0	0.0	0.0	0.0341944582760334	0.0	0.0	0.0	0.0	0.0	0.0	0.0
0.2473984956741333	0.1281559020280838	0.25753870606422424	0.0	0.0	0.0	0.0	0.0	0.0	0.0	0.0	0.0	0.0	0.0	0.0	0.0	0.0	0.0	0.1982634961605072	0.0	0.0	0.0	0.0	0.0	0.0	0.0	0.0	0.0	0.0	0.0	0.0	0.0	0.0	0.0	0.0	0.0	0.0	0.0	0.0	0.0	0.0	0.0	0.2757808268070221	0.0	0.4018433392047882	0.0	0.04401781037449837	0.0	0.0	0.0	0.0	0.0	0.0	0.0	0.0	0.0	0.10841500759124756	0.0	0.0	0.0	0.0	0.0	0.0	0.0
0.2408619374036789	0.13010835647583008	0.26564574241638184	0.0	0.0	0.0	0.0	0.0	0.0	0.0	0.0	0.0	0.0	0.0	0.0	0.0	0.0	0.0	0.19914382696151733	0.0	0.0	0.0	0.0	0.0	0.0	0.0	0.0	0.0	0.0	0.0	0.0	0.0	0.0	0.0	0.0	0.0	0.0	0.0	0.0	0.0	0.0	0.0	0.2780114710330963	0.0	0.403832346200943	0.0	0.05061548203229904	0.0	0.0	0.0	0.0	0.0	0.0	0.0	0.0	0.0	0.10445430874824524	0.0	0.0	0.0	0.0	0.0	0.0	0.0
0.24156460165977478	0.13107830286026	0.2570565938949585	0.0	0.0	0.0	0.0	0.0	0.0	0.0	0.0	0.0	0.0	0.0	0.0	0.0	0.0	0.0	0.20273390412330627	0.0	0.0	0.0	0.0	0.0	0.0	0.0	0.0	0.0	0.0	0.0	0.0	0.0	0.0	0.0	0.0	0.0	0.0	0.0	0.0	0.0	0.0	0.0	0.26541629433631897	0.0	0.3851090371608734	0.0	0.05030303820967674	0.0	0.0	0.0	0.0	0.0	0.0	0.0	0.0	0.0	0.11119896173477173	0.0	0.0	0.0	0.0	0.0	0.0	0.0
0.23874306678771973	0.13469821214675903	0.25732070207595825	0.0	0.0	0.0	0.0	0.0	0.0	0.0	0.0	0.0	0.0	0.0	0.0	0.0	0.0	0.0	0.20830102264881134	0.0	0.0	0.0	0.0	0.0	0.0	0.0	0.0	0.0	0.0	0.0	0.0	0.0	0.0	0.0	0.0	0.0	0.0	0.0	0.0	0.0	0.0	0.0	0.2691786587238312	0.0	0.38883817195892334	0.0	0.04841449484229088	0.0	0.0	0.0	0.0	0.0	0.0	0.0	0.0	0.0	0.1136748269200325	0.0	0.0	0.0	0.0	0.0	0.0	0.0
0.23098105192184448	0.14428921043872833	0.26111066341400146	0.0	0.0	0.0	0.0	0.0	0.0	0.0	0.0	0.0	0.0	0.0	0.0	0.0	0.0	0.0	0.2281077802181244	0.0	0.0	0.0	0.0	0.0	0.0	0.0	0.0	0.0	0.0	0.0	0.0	0.0	0.0	0.0	0.0	0.0	0.0	0.0	0.0	0.0	0.0	0.0	0.25192949175834656	0.0	0.35730355978012085	0.0	0.05895598232746124	0.0	0.0	0.0	0.0	0.0	0.0	0.0	0.0	0.0	0.12241151183843613	0.0	0.0	0.0	0.0	0.0	0.0	0.0
0.23936693370342255	0.13181966543197632	0.2599852979183197	0.0	0.0	0.0	0.0	0.0	0.0	0.0	0.0	0.0	0.0	0.0	0.0	0.0	0.0	0.0	0.20905552804470062	0.0	0.0	0.0	0.0	0.0	0.0	0.0	0.0	0.0	0.0	0.0	0.0	0.0	0.0	0.0	0.0	0.0	0.0	0.0	0.0	0.0	0.0	0.0	0.2671735882759094	0.0	0.38160544633865356	0.0	0.0514322891831398	0.0	0.0	0.0	0.0	0.0	0.0	0.0	0.0	0.0	0.11139093339443207	0.0	0.0	0.0	0.0	0.0	0.0	0.0
0.2448837161064148	0.13597922027111053	0.2593972086906433	0.0	0.0	0.0	0.0	0.0	0.0	0.0	0.0	0.0	0.0	0.0	0.0	0.0	0.0	0.0	0.20684437453746796	0.0	0.0	0.0	0.0	0.0	0.0	0.0	0.0	0.0	0.0	0.0	0.0	0.0	0.0	0.0	0.0	0.0	0.0	0.0	0.0	0.0	0.0	0.0	0.27626973390579224	0.0	0.3976280987262726	0.0	0.04364475607872009	0.0	0.0	0.0	0.0	0.0	0.0	0.0	0.0	0.0	0.1110355481505394	0.0	0.0	0.0	0.0	0.0	0.0	0.0
0.24046432971954346	0.13644303381443024	0.2664750814437866	0.0	0.0	0.0	0.0	0.0	0.0	0.0	0.0	0.0	0.0	0.0	0.0	0.0	0.0	0.0	0.2079034000635147	0.0	0.0	0.0	0.0	0.0	0.0	0.0	0.0	0.0	0.0	0.0	0.0	0.0	0.0	0.0	0.0	0.0	0.0	0.0	0.0	0.0	0.0	0.0	0.2710823118686676	0.0	0.3946129083633423	0.0	0.04686606302857399	0.0	0.0	0.0	0.0	0.0	0.0	0.0	0.0	0.0	0.10237836837768555	0.0	0.0	0.0	0.0	0.0	0.0	0.0
0.2370351403951645	0.13136421144008636	0.2520485818386078	0.0	0.0	0.0	0.0	0.0	0.0	0.0	0.0	0.0	0.0	0.0	0.0	0.0	0.0	0.0	0.2088121920824051	0.0	0.0	0.0	0.0	0.0	0.0	0.0	0.0	0.0	0.0	0.0	0.0	0.0	0.0	0.0	0.0	0.0	0.0	0.0	0.0	0.0	0.0	0.0	0.26467257738113403	0.0	0.379011869430542	0.0	0.053424663841724396	0.0	0.0	0.0	0.0	0.0	0.0	0.0	0.0	0.0	0.11035855114459991	0.0	0.0	0.0	0.0	0.0	0.0	0.0
0.24573367834091187	0.1339888870716095	0.2708984911441803	0.0	0.0	0.0	0.0	0.0	0.0	0.0	0.0	0.0	0.0	0.0	0.0	0.0	0.0	0.0	0.20397363603115082	0.0	0.0	0.0	0.0	0.0	0.0	0.0	0.0	0.0	0.0	0.0	0.0	0.0	0.0	0.0	0.0	0.0	0.0	0.0	0.0	0.0	0.0	0.0	0.2752677798271179	0.0	0.3977493643760681	0.0	0.050419438630342484	0.0	0.0	0.0	0.0	0.0	0.0	0.0	0.0	0.0	0.10455231368541718	0.0	0.0	0.0	0.0	0.0	0.0	0.0
0.24630489945411682	0.12000924348831177	0.256847620010376	0.0	0.0	0.0	0.0	0.0	0.0	0.0	0.0	0.0	0.0	0.0	0.0	0.0	0.0	0.0	0.18111397325992584	0.0	0.0	0.0	0.0	0.0	0.0	0.0	0.0	0.0	0.0	0.0	0.0	0.0	0.0	0.0	0.0	0.0	0.0	0.0	0.0	0.0	0.0	0.0	0.29034098982810974	0.0	0.42161667346954346	0.0	0.04150863364338875	0.0	0.0	0.0	0.0	0.0	0.0	0.0	0.0	0.0	0.09664799273014069	0.0	0.0	0.0	0.0	0.0	0.0	0.0
0.24290551245212555	0.13256853818893433	0.25672951340675354	0.0	0.0	0.0	0.0	0.0	0.0	0.0	0.0	0.0	0.0	0.0	0.0	0.0	0.0	0.0	0.19939863681793213	0.0	0.0	0.0	0.0	0.0	0.0	0.0	0.0	0.0	0.0	0.0	0.0	0.0	0.0	0.0	0.0	0.0	0.0	0.0	0.0	0.0	0.0	0.0	0.272662878036499	0.0	0.3908076584339142	0.0	0.047867536544799805	0.0	0.0	0.0	0.0	0.0	0.0	0.0	0.0	0.0	0.10773244500160217	0.0	0.0	0.0	0.0	0.0	0.0	0.0
0.24295231699943542	0.13346216082572937	0.26415836811065674	0.0	0.0	0.0	0.0	0.0	0.0	0.0	0.0	0.0	0.0	0.0	0.0	0.0	0.0	0.0	0.20350459218025208	0.0	0.0	0.0	0.0	0.0	0.0	0.0	0.0	0.0	0.0	0.0	0.0	0.0	0.0	0.0	0.0	0.0	0.0	0.0	0.0	0.0	0.0	0.0	0.2773529887199402	0.0	0.40124425292015076	0.0	0.04292496293783188	0.0	0.0	0.0	0.0	0.0	0.0	0.0	0.0	0.0	0.10746385157108307	0.0	0.0	0.0	0.0	0.0	0.0	0.0
0.24656398594379425	0.1251947283744812	0.2650483548641205	0.0	0.0	0.0	0.0	0.0	0.0	0.0	0.0	0.0	0.0	0.0	0.0	0.0	0.0	0.0	0.1955834925174713	0.0	0.0	0.0	0.0	0.0	0.0	0.0	0.0	0.0	0.0	0.0	0.0	0.0	0.0	0.0	0.0	0.0	0.0	0.0	0.0	0.0	0.0	0.0	0.27717918157577515	0.0	0.4060915410518646	0.0	0.04955359175801277	0.0	0.0	0.0	0.0	0.0	0.0	0.0	0.0	0.0	0.10027584433555603	0.0	0.0	0.0	0.0	0.0	0.0	0.0
0.23961091041564941	0.1339588463306427	0.25891193747520447	0.0	0.0	0.0	0.0	0.0	0.0	0.0	0.0	0.0	0.0	0.0	0.0	0.0	0.0	0.0	0.2036900371313095	0.0	0.0	0.0	0.0	0.0	0.0	0.0	0.0	0.0	0.0	0.0	0.0	0.0	0.0	0.0	0.0	0.0	0.0	0.0	0.0	0.0	0.0	0.0	0.27283453941345215	0.0	0.3900753855705261	0.0	0.04650765657424927	0.0	0.0	0.0	0.0	0.0	0.0	0.0	0.0	0.0	0.1118951216340065	0.0	0.0	0.0	0.0	0.0	0.0	0.0
0.23949094116687775	0.13216178119182587	0.2577264606952667	0.0	0.0	0.0	0.0	0.0	0.0	0.0	0.0	0.0	0.0	0.0	0.0	0.0	0.0	0.0	0.20420491695404053	0.0	0.0	0.0	0.0	0.0	0.0	0.0	0.0	0.0	0.0	0.0	0.0	0.0	0.0	0.0	0.0	0.0	0.0	0.0	0.0	0.0	0.0	0.0	0.2652655243873596	0.0	0.3777303397655487	0.0	0.051183056086301804	0.0	0.0	0.0	0.0	0.0	0.0	0.0	0.0	0.0	0.11094370484352112	0.0	0.0	0.0	0.0	0.0	0.0	0.0
0.24213042855262756	0.13820849359035492	0.2641286253929138	0.0	0.0	0.0	0.0	0.0	0.0	0.0	0.0	0.0	0.0	0.0	0.0	0.0	0.0	0.0	0.214424267411232	0.0	0.0	0.0	0.0	0.0	0.0	0.0	0.0	0.0	0.0	0.0	0.0	0.0	0.0	0.0	0.0	0.0	0.0	0.0	0.0	0.0	0.0	0.0	0.27211815118789673	0.0	0.39253008365631104	0.0	0.0475970134139061	0.0	0.0	0.0	0.0	0.0	0.0	0.0	0.0	0.0	0.10588708519935608	0.0	0.0	0.0	0.0	0.0	0.0	0.0
0.24111267924308777	0.132930189371109	0.26682808995246887	0.0	0.0	0.0	0.0	0.0	0.0	0.0	0.0	0.0	0.0	0.0	0.0	0.0	0.0	0.0	0.20338520407676697	0.0	0.0	0.0	0.0	0.0	0.0	0.0	0.0	0.0	0.0	0.0	0.0	0.0	0.0	0.0	0.0	0.0	0.0	0.0	0.0	0.0	0.0	0.0	0.2725926637649536	0.0	0.3927457332611084	0.0	0.050958603620529175	0.0	0.0	0.0	0.0	0.0	0.0	0.0	0.0	0.0	0.10748189687728882	0.0	0.0	0.0	0.0	0.0	0.0	0.0
0.2492535412311554	0.133833110332489	0.2644897699356079	0.0	0.0	0.0	0.0	0.0	0.0	0.0	0.0	0.0	0.0	0.0	0.0	0.0	0.0	0.0	0.20574510097503662	0.0	0.0	0.0	0.0	0.0	0.0	0.0	0.0	0.0	0.0	0.0	0.0	0.0	0.0	0.0	0.0	0.0	0.0	0.0	0.0	0.0	0.0	0.0	0.2765732407569885	0.0	0.40499794483184814	0.0	0.04516920819878578	0.0	0.0	0.0	0.0	0.0	0.0	0.0	0.0	0.0	0.10703527927398682	0.0	0.0	0.0	0.0	0.0	0.0	0.0
0.24398362636566162	0.13103421032428741	0.2630212903022766	0.0	0.0	0.0	0.0	0.0	0.0	0.0	0.0	0.0	0.0	0.0	0.0	0.0	0.0	0.0	0.2019803524017334	0.0	0.0	0.0	0.0	0.0	0.0	0.0	0.0	0.0	0.0	0.0	0.0	0.0	0.0	0.0	0.0	0.0	0.0	0.0	0.0	0.0	0.0	0.0	0.2782811224460602	0.0	0.3947111964225769	0.0	0.04919655621051788	0.0	0.0	0.0	0.0	0.0	0.0	0.0	0.0	0.0	0.1029534637928009	0.0	0.0	0.0	0.0	0.0	0.0	0.0
0.2407933920621872	0.1340266764163971	0.26417961716651917	0.0	0.0	0.0	0.0	0.0	0.0	0.0	0.0	0.0	0.0	0.0	0.0	0.0	0.0	0.0	0.20728284120559692	0.0	0.0	0.0	0.0	0.0	0.0	0.0	0.0	0.0	0.0	0.0	0.0	0.0	0.0	0.0	0.0	0.0	0.0	0.0	0.0	0.0	0.0	0.0	0.27451440691947937	0.0	0.40112242102622986	0.0	0.048848316073417664	0.0	0.0	0.0	0.0	0.0	0.0	0.0	0.0	0.0	0.10744726657867432	0.0	0.0	0.0	0.0	0.0	0.0	0.0
0.2497638612985611	0.11937315762042999	0.2670145332813263	0.0	0.0	0.0	0.0	0.0	0.0	0.0	0.0	0.0	0.0	0.0	0.0	0.0	0.0	0.0	0.1940888613462448	0.0	0.0	0.0	0.0	0.0	0.0	0.0	0.0	0.0	0.0	0.0	0.0	0.0	0.0	0.0	0.0	0.0	0.0	0.0	0.0	0.0	0.0	0.0	0.2856918275356293	0.0	0.42934414744377136	0.0	0.04604875296354294	0.0	0.0	0.0	0.0	0.0	0.0	0.0	0.0	0.0	0.08546950668096542	0.0	0.0	0.0	0.0	0.0	0.0	0.0
0.24675700068473816	0.1287524700164795	0.266745924949646	0.0	0.0	0.0	0.0	0.0	0.0	0.0	0.0	0.0	0.0	0.0	0.0	0.0	0.0	0.0	0.19336450099945068	0.0	0.0	0.0	0.0	0.0	0.0	0.0	0.0	0.0	0.0	0.0	0.0	0.0	0.0	0.0	0.0	0.0	0.0	0.0	0.0	0.0	0.0	0.0	0.2735626995563507	0.0	0.4047861695289612	0.0	0.04406500235199928	0.0	0.0	0.0	0.0	0.0	0.0	0.0	0.0	0.0	0.10295236110687256	0.0	0.0	0.0	0.0	0.0	0.0	0.0
0.240343376994133	0.12871024012565613	0.2555280923843384	0.0	0.0	0.0	0.0	0.0	0.0	0.0	0.0	0.0	0.0	0.0	0.0	0.0	0.0	0.0	0.20298287272453308	0.0	0.0	0.0	0.0	0.0	0.0	0.0	0.0	0.0	0.0	0.0	0.0	0.0	0.0	0.0	0.0	0.0	0.0	0.0	0.0	0.0	0.0	0.0	0.26708754897117615	0.0	0.377642959356308	0.0	0.05205291882157326	0.0	0.0	0.0	0.0	0.0	0.0	0.0	0.0	0.0	0.11311450600624084	0.0	0.0	0.0	0.0	0.0	0.0	0.0
0.2410973310470581	0.13289211690425873	0.26014965772628784	0.0	0.0	0.0	0.0	0.0	0.0	0.0	0.0	0.0	0.0	0.0	0.0	0.0	0.0	0.0	0.20267802476882935	0.0	0.0	0.0	0.0	0.0	0.0	0.0	0.0	0.0	0.0	0.0	0.0	0.0	0.0	0.0	0.0	0.0	0.0	0.0	0.0	0.0	0.0	0.0	0.2701370120048523	0.0	0.3833782970905304	0.0	0.05112859606742859	0.0	0.0	0.0	0.0	0.0	0.0	0.0	0.0	0.0	0.11131378263235092	0.0	0.0	0.0	0.0	0.0	0.0	0.0
0.24218404293060303	0.12877750396728516	0.26927393674850464	0.0	0.0	0.0	0.0	0.0	0.0	0.0	0.0	0.0	0.0	0.0	0.0	0.0	0.0	0.0	0.20720407366752625	0.0	0.0	0.0	0.0	0.0	0.0	0.0	0.0	0.0	0.0	0.0	0.0	0.0	0.0	0.0	0.0	0.0	0.0	0.0	0.0	0.0	0.0	0.0	0.2771339416503906	0.0	0.39802590012550354	0.0	0.050984855741262436	0.0	0.0	0.0	0.0	0.0	0.0	0.0	0.0	0.0	0.09937465935945511	0.0	0.0	0.0	0.0	0.0	0.0	0.0
0.23293736577033997	0.14428701996803284	0.25829505920410156	0.0	0.0	0.0	0.0	0.0	0.0	0.0	0.0	0.0	0.0	0.0	0.0	0.0	0.0	0.0	0.2280838042497635	0.0	0.0	0.0	0.0	0.0	0.0	0.0	0.0	0.0	0.0	0.0	0.0	0.0	0.0	0.0	0.0	0.0	0.0	0.0	0.0	0.0	0.0	0.0	0.25335508584976196	0.0	0.3571862280368805	0.0	0.057873811572790146	0.0	0.0	0.0	0.0	0.0	0.0	0.0	0.0	0.0	0.12221290171146393	0.0	0.0	0.0	0.0	0.0	0.0	0.0
0.24677787721157074	0.12737908959388733	0.2532949447631836	0.0	0.0	0.0	0.0	0.0	0.0	0.0	0.0	0.0	0.0	0.0	0.0	0.0	0.0	0.0	0.1967320740222931	0.0	0.0	0.0	0.0	0.0	0.0	0.0	0.0	0.0	0.0	0.0	0.0	0.0	0.0	0.0	0.0	0.0	0.0	0.0	0.0	0.0	0.0	0.0	0.273314505815506	0.0	0.3827933669090271	0.0	0.04736899584531784	0.0	0.0	0.0	0.0	0.0	0.0	0.0	0.0	0.0	0.10892222076654434	0.0	0.0	0.0	0.0	0.0	0.0	0.0
0.23803263902664185	0.13510677218437195	0.26146599650382996	0.0	0.0	0.0	0.0	0.0	0.0	0.0	0.0	0.0	0.0	0.0	0.0	0.0	0.0	0.0	0.20683075487613678	0.0	0.0	0.0	0.0	0.0	0.0	0.0	0.0	0.0	0.0	0.0	0.0	0.0	0.0	0.0	0.0	0.0	0.0	0.0	0.0	0.0	0.0	0.0	0.2688559293746948	0.0	0.3859025239944458	0.0	0.053245045244693756	0.0	0.0	0.0	0.0	0.0	0.0	0.0	0.0	0.0	0.10967853665351868	0.0	0.0	0.0	0.0	0.0	0.0	0.0
0.25051575899124146	0.12766312062740326	0.2800663411617279	0.0	0.0	0.0	0.0	0.0	0.0	0.0	0.0	0.0	0.0	0.0	0.0	0.0	0.0	0.0	0.200994074344635	0.0	0.0	0.0	0.0	0.0	0.0	0.0	0.0	0.0	0.0	0.0	0.0	0.0	0.0	0.0	0.0	0.0	0.0	0.0	0.0	0.0	0.0	0.0	0.2920251190662384	0.0	0.45489266514778137	0.0	0.04633321985602379	0.0	0.0	0.0	0.0	0.0	0.0	0.0	0.0	0.0	0.08316576480865479	0.0	0.0	0.0	0.0	0.0	0.0	0.0
0.25113508105278015	0.12669309973716736	0.27839064598083496	0.0	0.0	0.0	0.0	0.0	0.0	0.0	0.0	0.0	0.0	0.0	0.0	0.0	0.0	0.0	0.1972196251153946	0.0	0.0	0.0	0.0	0.0	0.0	0.0	0.0	0.0	0.0	0.0	0.0	0.0	0.0	0.0	0.0	0.0	0.0	0.0	0.0	0.0	0.0	0.0	0.28704652190208435	0.0	0.4224843978881836	0.0	0.05021566525101662	0.0	0.0	0.0	0.0	0.0	0.0	0.0	0.0	0.0	0.09573617577552795	0.0	0.0	0.0	0.0	0.0	0.0	0.0
0.24201318621635437	0.1274503767490387	0.2570870518684387	0.0	0.0	0.0	0.0	0.0	0.0	0.0	0.0	0.0	0.0	0.0	0.0	0.0	0.0	0.0	0.19655320048332214	0.0	0.0	0.0	0.0	0.0	0.0	0.0	0.0	0.0	0.0	0.0	0.0	0.0	0.0	0.0	0.0	0.0	0.0	0.0	0.0	0.0	0.0	0.0	0.27223581075668335	0.0	0.39359384775161743	0.0	0.04630732163786888	0.0	0.0	0.0	0.0	0.0	0.0	0.0	0.0	0.0	0.10876984149217606	0.0	0.0	0.0	0.0	0.0	0.0	0.0
0.30378037691116333	0.03652679920196533	0.2354084700345993	0.0	0.0	0.0	0.0	0.0	0.0	0.0	0.0	0.0	0.0	0.0	0.0	0.0	0.0	0.0	0.03935280814766884	0.0	0.0	0.0	0.0	0.0	0.0	0.0	0.0	0.0	0.0	0.0	0.0	0.0	0.0	0.0	0.0	0.0	0.0	0.0	0.0	0.0	0.0	0.0	0.33734992146492004	0.0	0.4820675849914551	0.0	0.0004168730229139328	0.0	0.0	0.0	0.0	0.0	0.0	0.0	0.0	0.0	0.062178220599889755	0.0	0.0	0.0	0.0	0.0	0.0	0.0
0.26400449872016907	0.11571402102708817	0.2757338583469391	0.0	0.0	0.0	0.0	0.0	0.0	0.0	0.0	0.0	0.0	0.0	0.0	0.0	0.0	0.0	0.16302357614040375	0.0	0.0	0.0	0.0	0.0	0.0	0.0	0.0	0.0	0.0	0.0	0.0	0.0	0.0	0.0	0.0	0.0	0.0	0.0	0.0	0.0	0.0	0.0	0.31698253750801086	0.0	0.47577303647994995	0.0	0.030968278646469116	0.0	0.0	0.0	0.0	0.0	0.0	0.0	0.0	0.0	0.07684905081987381	0.0	0.0	0.0	0.0	0.0	0.0	0.0
0.23827140033245087	0.13505268096923828	0.25706642866134644	0.0	0.0	0.0	0.0	0.0	0.0	0.0	0.0	0.0	0.0	0.0	0.0	0.0	0.0	0.0	0.21184222400188446	0.0	0.0	0.0	0.0	0.0	0.0	0.0	0.0	0.0	0.0	0.0	0.0	0.0	0.0	0.0	0.0	0.0	0.0	0.0	0.0	0.0	0.0	0.0	0.2583211064338684	0.0	0.36945322155952454	0.0	0.052734848111867905	0.0	0.0	0.0	0.0	0.0	0.0	0.0	0.0	0.0	0.11776039749383926	0.0	0.0	0.0	0.0	0.0	0.0	0.0
0.24815526604652405	0.1365617960691452	0.27053651213645935	0.0	0.0	0.0	0.0	0.0	0.0	0.0	0.0	0.0	0.0	0.0	0.0	0.0	0.0	0.0	0.2123158723115921	0.0	0.0	0.0	0.0	0.0	0.0	0.0	0.0	0.0	0.0	0.0	0.0	0.0	0.0	0.0	0.0	0.0	0.0	0.0	0.0	0.0	0.0	0.0	0.2765234410762787	0.0	0.4159219563007355	0.0	0.052898209542036057	0.0	0.0	0.0	0.0	0.0	0.0	0.0	0.0	0.0	0.09627597779035568	0.0	0.0	0.0	0.0	0.0	0.0	0.0
0.24359333515167236	0.13011585175991058	0.25867772102355957	0.0	0.0	0.0	0.0	0.0	0.0	0.0	0.0	0.0	0.0	0.0	0.0	0.0	0.0	0.0	0.20198459923267365	0.0	0.0	0.0	0.0	0.0	0.0	0.0	0.0	0.0	0.0	0.0	0.0	0.0	0.0	0.0	0.0	0.0	0.0	0.0	0.0	0.0	0.0	0.0	0.2697714865207672	0.0	0.3933306634426117	0.0	0.04413773864507675	0.0	0.0	0.0	0.0	0.0	0.0	0.0	0.0	0.0	0.10523198544979095	0.0	0.0	0.0	0.0	0.0	0.0	0.0
0.24401968717575073	0.1333102136850357	0.25951284170150757	0.0	0.0	0.0	0.0	0.0	0.0	0.0	0.0	0.0	0.0	0.0	0.0	0.0	0.0	0.0	0.20400498807430267	0.0	0.0	0.0	0.0	0.0	0.0	0.0	0.0	0.0	0.0	0.0	0.0	0.0	0.0	0.0	0.0	0.0	0.0	0.0	0.0	0.0	0.0	0.0	0.27366283535957336	0.0	0.39313313364982605	0.0	0.047247264534235	0.0	0.0	0.0	0.0	0.0	0.0	0.0	0.0	0.0	0.10803348571062088	0.0	0.0	0.0	0.0	0.0	0.0	0.0
0.23610638082027435	0.1355828046798706	0.2550498843193054	0.0	0.0	0.0	0.0	0.0	0.0	0.0	0.0	0.0	0.0	0.0	0.0	0.0	0.0	0.0	0.20697510242462158	0.0	0.0	0.0	0.0	0.0	0.0	0.0	0.0	0.0	0.0	0.0	0.0	0.0	0.0	0.0	0.0	0.0	0.0	0.0	0.0	0.0	0.0	0.0	0.26687389612197876	0.0	0.37040606141090393	0.0	0.05067393183708191	0.0	0.0	0.0	0.0	0.0	0.0	0.0	0.0	0.0	0.11491689085960388	0.0	0.0	0.0	0.0	0.0	0.0	0.0
0.24407361447811127	0.13521158695220947	0.2624322175979614	0.0	0.0	0.0	0.0	0.0	0.0	0.0	0.0	0.0	0.0	0.0	0.0	0.0	0.0	0.0	0.2061169296503067	0.0	0.0	0.0	0.0	0.0	0.0	0.0	0.0	0.0	0.0	0.0	0.0	0.0	0.0	0.0	0.0	0.0	0.0	0.0	0.0	0.0	0.0	0.0	0.27342209219932556	0.0	0.38976040482521057	0.0	0.049345556646585464	0.0	0.0	0.0	0.0	0.0	0.0	0.0	0.0	0.0	0.10534463822841644	0.0	0.0	0.0	0.0	0.0	0.0	0.0
0.2882974445819855	0.060790613293647766	0.24077212810516357	0.0	0.0	0.0	0.0	0.0	0.0	0.0	0.0	0.0	0.0	0.0	0.0	0.0	0.0	0.0	0.07546234130859375	0.0	0.0	0.0	0.0	0.0	0.0	0.0	0.0	0.0	0.0	0.0	0.0	0.0	0.0	0.0	0.0	0.0	0.0	0.0	0.0	0.0	0.0	0.0	0.32399508357048035	0.0	0.4574531316757202	0.0	0.010528406128287315	0.0	0.0	0.0	0.0	0.0	0.0	0.0	0.0	0.0	0.07419361174106598	0.0	0.0	0.0	0.0	0.0	0.0	0.0
0.23987089097499847	0.13369806110858917	0.2580828368663788	0.0	0.0	0.0	0.0	0.0	0.0	0.0	0.0	0.0	0.0	0.0	0.0	0.0	0.0	0.0	0.20763637125492096	0.0	0.0	0.0	0.0	0.0	0.0	0.0	0.0	0.0	0.0	0.0	0.0	0.0	0.0	0.0	0.0	0.0	0.0	0.0	0.0	0.0	0.0	0.0	0.26550859212875366	0.0	0.37728503346443176	0.0	0.05355226993560791	0.0	0.0	0.0	0.0	0.0	0.0	0.0	0.0	0.0	0.109331414103508	0.0	0.0	0.0	0.0	0.0	0.0	0.0
0.23710399866104126	0.13814078271389008	0.25533726811408997	0.0	0.0	0.0	0.0	0.0	0.0	0.0	0.0	0.0	0.0	0.0	0.0	0.0	0.0	0.0	0.21389606595039368	0.0	0.0	0.0	0.0	0.0	0.0	0.0	0.0	0.0	0.0	0.0	0.0	0.0	0.0	0.0	0.0	0.0	0.0	0.0	0.0	0.0	0.0	0.0	0.2627279460430145	0.0	0.3706205189228058	0.0	0.051219284534454346	0.0	0.0	0.0	0.0	0.0	0.0	0.0	0.0	0.0	0.1163257583975792	0.0	0.0	0.0	0.0	0.0	0.0	0.0
0.2517416179180145	0.13113731145858765	0.27159449458122253	0.0	0.0	0.0	0.0	0.0	0.0	0.0	0.0	0.0	0.0	0.0	0.0	0.0	0.0	0.0	0.2012699395418167	0.0	0.0	0.0	0.0	0.0	0.0	0.0	0.0	0.0	0.0	0.0	0.0	0.0	0.0	0.0	0.0	0.0	0.0	0.0	0.0	0.0	0.0	0.0	0.2878480553627014	0.0	0.4338523745536804	0.0	0.04327324405312538	0.0	0.0	0.0	0.0	0.0	0.0	0.0	0.0	0.0	0.09198060631752014	0.0	0.0	0.0	0.0	0.0	0.0	0.0
0.3226836323738098	0.01987495832145214	0.2432136982679367	0.0	0.0	0.0	0.0	0.0	0.0	0.0	0.0	0.0	0.0	0.0	0.0	0.0	0.0	0.0	0.00906978640705347	0.0	0.0	0.0	0.0	0.0	0.0	0.0	0.0	0.0	0.0	0.0	0.0	0.0	0.0	0.0	0.0	0.0	0.0	0.0	0.0	0.0	0.0	0.0	0.36916041374206543	0.0	0.5285781621932983	0.0	0.0	0.0	0.0	0.0	0.0	0.0	0.0	0.0	0.0	0.0	0.03183836489915848	0.0	0.0	0.0	0.0	0.0	0.0	0.0
0.24996836483478546	0.12342135608196259	0.26753824949264526	0.0	0.0	0.0	0.0	0.0	0.0	0.0	0.0	0.0	0.0	0.0	0.0	0.0	0.0	0.0	0.18990765511989594	0.0	0.0	0.0	0.0	0.0	0.0	0.0	0.0	0.0	0.0	0.0	0.0	0.0	0.0	0.0	0.0	0.0	0.0	0.0	0.0	0.0	0.0	0.0	0.28395089507102966	0.0	0.4179716408252716	0.0	0.04914179444313049	0.0	0.0	0.0	0.0	0.0	0.0	0.0	0.0	0.0	0.09358370304107666	0.0	0.0	0.0	0.0	0.0	0.0	0.0
0.3162592351436615	0.0321696400642395	0.24558494985103607	0.0	0.0	0.0	0.0	0.0	0.0	0.0	0.0	0.0	0.0	0.0	0.0	0.0	0.0	0.0	0.025592008605599403	0.0	0.0	0.0	0.0	0.0	0.0	0.0	0.0	0.0	0.0	0.0	0.0	0.0	0.0	0.0	0.0	0.0	0.0	0.0	0.0	0.0	0.0	0.0	0.35255667567253113	0.0	0.5254995226860046	0.0	0.0	0.0	0.0	0.0	0.0	0.0	0.0	0.0	0.0	0.0	0.03749682381749153	0.0	0.0	0.0	0.0	0.0	0.0	0.0
0.24266183376312256	0.12485332041978836	0.25600942969322205	0.0	0.0	0.0	0.0	0.0	0.0	0.0	0.0	0.0	0.0	0.0	0.0	0.0	0.0	0.0	0.19875305891036987	0.0	0.0	0.0	0.0	0.0	0.0	0.0	0.0	0.0	0.0	0.0	0.0	0.0	0.0	0.0	0.0	0.0	0.0	0.0	0.0	0.0	0.0	0.0	0.2685476839542389	0.0	0.38861384987831116	0.0	0.053411517292261124	0.0	0.0	0.0	0.0	0.0	0.0	0.0	0.0	0.0	0.10285636782646179	0.0	0.0	0.0	0.0	0.0	0.0	0.0
0.2468593269586563	0.1358952671289444	0.27439019083976746	0.0	0.0	0.0	0.0	0.0	0.0	0.0	0.0	0.0	0.0	0.0	0.0	0.0	0.0	0.0	0.2109154760837555	0.0	0.0	0.0	0.0	0.0	0.0	0.0	0.0	0.0	0.0	0.0	0.0	0.0	0.0	0.0	0.0	0.0	0.0	0.0	0.0	0.0	0.0	0.0	0.2939332127571106	0.0	0.43923524022102356	0.0	0.04449606314301491	0.0	0.0	0.0	0.0	0.0	0.0	0.0	0.0	0.0	0.09922362864017487	0.0	0.0	0.0	0.0	0.0	0.0	0.0
0.24321717023849487	0.13335569202899933	0.2557756006717682	0.0	0.0	0.0	0.0	0.0	0.0	0.0	0.0	0.0	0.0	0.0	0.0	0.0	0.0	0.0	0.20583420991897583	0.0	0.0	0.0	0.0	0.0	0.0	0.0	0.0	0.0	0.0	0.0	0.0	0.0	0.0	0.0	0.0	0.0	0.0	0.0	0.0	0.0	0.0	0.0	0.2804052233695984	0.0	0.4078238010406494	0.0	0.048379503190517426	0.0	0.0	0.0	0.0	0.0	0.0	0.0	0.0	0.0	0.10827107727527618	0.0	0.0	0.0	0.0	0.0	0.0	0.0
0.24177433550357819	0.14396420121192932	0.267240434885025	0.0	0.0	0.0	0.0	0.0	0.0	0.0	0.0	0.0	0.0	0.0	0.0	0.0	0.0	0.0	0.2174401879310608	0.0	0.0	0.0	0.0	0.0	0.0	0.0	0.0	0.0	0.0	0.0	0.0	0.0	0.0	0.0	0.0	0.0	0.0	0.0	0.0	0.0	0.0	0.0	0.26930907368659973	0.0	0.395196795463562	0.0	0.0501626655459404	0.0	0.0	0.0	0.0	0.0	0.0	0.0	0.0	0.0	0.11077061295509338	0.0	0.0	0.0	0.0	0.0	0.0	0.0
0.23855862021446228	0.13849274814128876	0.2578662037849426	0.0	0.0	0.0	0.0	0.0	0.0	0.0	0.0	0.0	0.0	0.0	0.0	0.0	0.0	0.0	0.21490314602851868	0.0	0.0	0.0	0.0	0.0	0.0	0.0	0.0	0.0	0.0	0.0	0.0	0.0	0.0	0.0	0.0	0.0	0.0	0.0	0.0	0.0	0.0	0.0	0.2641080915927887	0.0	0.3743624985218048	0.0	0.0528101809322834	0.0	0.0	0.0	0.0	0.0	0.0	0.0	0.0	0.0	0.11555968970060349	0.0	0.0	0.0	0.0	0.0	0.0	0.0
0.24334806203842163	0.13108882308006287	0.26385238766670227	0.0	0.0	0.0	0.0	0.0	0.0	0.0	0.0	0.0	0.0	0.0	0.0	0.0	0.0	0.0	0.20223133265972137	0.0	0.0	0.0	0.0	0.0	0.0	0.0	0.0	0.0	0.0	0.0	0.0	0.0	0.0	0.0	0.0	0.0	0.0	0.0	0.0	0.0	0.0	0.0	0.274564653635025	0.0	0.3914438486099243	0.0	0.047591306269168854	0.0	0.0	0.0	0.0	0.0	0.0	0.0	0.0	0.0	0.10476971417665482	0.0	0.0	0.0	0.0	0.0	0.0	0.0
0.23838651180267334	0.1325216144323349	0.2559988498687744	0.0	0.0	0.0	0.0	0.0	0.0	0.0	0.0	0.0	0.0	0.0	0.0	0.0	0.0	0.0	0.20472769439220428	0.0	0.0	0.0	0.0	0.0	0.0	0.0	0.0	0.0	0.0	0.0	0.0	0.0	0.0	0.0	0.0	0.0	0.0	0.0	0.0	0.0	0.0	0.0	0.2687414586544037	0.0	0.37752577662467957	0.0	0.04647739604115486	0.0	0.0	0.0	0.0	0.0	0.0	0.0	0.0	0.0	0.11205878108739853	0.0	0.0	0.0	0.0	0.0	0.0	0.0
0.24457083642482758	0.12812185287475586	0.2607150673866272	0.0	0.0	0.0	0.0	0.0	0.0	0.0	0.0	0.0	0.0	0.0	0.0	0.0	0.0	0.0	0.19756485521793365	0.0	0.0	0.0	0.0	0.0	0.0	0.0	0.0	0.0	0.0	0.0	0.0	0.0	0.0	0.0	0.0	0.0	0.0	0.0	0.0	0.0	0.0	0.0	0.28266334533691406	0.0	0.4152449667453766	0.0	0.046309418976306915	0.0	0.0	0.0	0.0	0.0	0.0	0.0	0.0	0.0	0.09905000030994415	0.0	0.0	0.0	0.0	0.0	0.0	0.0
0.25684937834739685	0.11170758306980133	0.27192652225494385	0.0	0.0	0.0	0.0	0.0	0.0	0.0	0.0	0.0	0.0	0.0	0.0	0.0	0.0	0.0	0.1648792326450348	0.0	0.0	0.0	0.0	0.0	0.0	0.0	0.0	0.0	0.0	0.0	0.0	0.0	0.0	0.0	0.0	0.0	0.0	0.0	0.0	0.0	0.0	0.0	0.2999085485935211	0.0	0.43524906039237976	0.0	0.036156896501779556	0.0	0.0	0.0	0.0	0.0	0.0	0.0	0.0	0.0	0.08007125556468964	0.0	0.0	0.0	0.0	0.0	0.0	0.0
0.24335654079914093	0.14083218574523926	0.26866692304611206	0.0	0.0	0.0	0.0	0.0	0.0	0.0	0.0	0.0	0.0	0.0	0.0	0.0	0.0	0.0	0.21036849915981293	0.0	0.0	0.0	0.0	0.0	0.0	0.0	0.0	0.0	0.0	0.0	0.0	0.0	0.0	0.0	0.0	0.0	0.0	0.0	0.0	0.0	0.0	0.0	0.2946982979774475	0.0	0.43372291326522827	0.0	0.03990412876009941	0.0	0.0	0.0	0.0	0.0	0.0	0.0	0.0	0.0	0.10590755939483643	0.0	0.0	0.0	0.0	0.0	0.0	0.0
0.24039395153522491	0.13049137592315674	0.2638055384159088	0.0	0.0	0.0	0.0	0.0	0.0	0.0	0.0	0.0	0.0	0.0	0.0	0.0	0.0	0.0	0.20382361114025116	0.0	0.0	0.0	0.0	0.0	0.0	0.0	0.0	0.0	0.0	0.0	0.0	0.0	0.0	0.0	0.0	0.0	0.0	0.0	0.0	0.0	0.0	0.0	0.26945433020591736	0.0	0.3879762887954712	0.0	0.051594074815511703	0.0	0.0	0.0	0.0	0.0	0.0	0.0	0.0	0.0	0.10576959699392319	0.0	0.0	0.0	0.0	0.0	0.0	0.0
0.24521668255329132	0.12597323954105377	0.26146718859672546	0.0	0.0	0.0	0.0	0.0	0.0	0.0	0.0	0.0	0.0	0.0	0.0	0.0	0.0	0.0	0.2055283933877945	0.0	0.0	0.0	0.0	0.0	0.0	0.0	0.0	0.0	0.0	0.0	0.0	0.0	0.0	0.0	0.0	0.0	0.0	0.0	0.0	0.0	0.0	0.0	0.2706434428691864	0.0	0.3906751573085785	0.0	0.05013737827539444	0.0	0.0	0.0	0.0	0.0	0.0	0.0	0.0	0.0	0.10364393889904022	0.0	0.0	0.0	0.0	0.0	0.0	0.0
0.24534811079502106	0.13589690625667572	0.2609109580516815	0.0	0.0	0.0	0.0	0.0	0.0	0.0	0.0	0.0	0.0	0.0	0.0	0.0	0.0	0.0	0.20808473229408264	0.0	0.0	0.0	0.0	0.0	0.0	0.0	0.0	0.0	0.0	0.0	0.0	0.0	0.0	0.0	0.0	0.0	0.0	0.0	0.0	0.0	0.0	0.0	0.2709875702857971	0.0	0.3905203640460968	0.0	0.04750841110944748	0.0	0.0	0.0	0.0	0.0	0.0	0.0	0.0	0.0	0.10689657181501389	0.0	0.0	0.0	0.0	0.0	0.0	0.0
0.24161724746227264	0.12055941671133041	0.24708375334739685	0.0	0.0	0.0	0.0	0.0	0.0	0.0	0.0	0.0	0.0	0.0	0.0	0.0	0.0	0.0	0.18414142727851868	0.0	0.0	0.0	0.0	0.0	0.0	0.0	0.0	0.0	0.0	0.0	0.0	0.0	0.0	0.0	0.0	0.0	0.0	0.0	0.0	0.0	0.0	0.0	0.26930534839630127	0.0	0.3746478855609894	0.0	0.04570351913571358	0.0	0.0	0.0	0.0	0.0	0.0	0.0	0.0	0.0	0.11294835060834885	0.0	0.0	0.0	0.0	0.0	0.0	0.0
0.28552159667015076	0.07019581645727158	0.244035542011261	0.0	0.0	0.0	0.0	0.0	0.0	0.0	0.0	0.0	0.0	0.0	0.0	0.0	0.0	0.0	0.09447653591632843	0.0	0.0	0.0	0.0	0.0	0.0	0.0	0.0	0.0	0.0	0.0	0.0	0.0	0.0	0.0	0.0	0.0	0.0	0.0	0.0	0.0	0.0	0.0	0.3223922848701477	0.0	0.463565856218338	0.0	0.012587586417794228	0.0	0.0	0.0	0.0	0.0	0.0	0.0	0.0	0.0	0.07284361124038696	0.0	0.0	0.0	0.0	0.0	0.0	0.0
0.24110287427902222	0.13659480214118958	0.263044148683548	0.0	0.0	0.0	0.0	0.0	0.0	0.0	0.0	0.0	0.0	0.0	0.0	0.0	0.0	0.0	0.21038080751895905	0.0	0.0	0.0	0.0	0.0	0.0	0.0	0.0	0.0	0.0	0.0	0.0	0.0	0.0	0.0	0.0	0.0	0.0	0.0	0.0	0.0	0.0	0.0	0.2683892250061035	0.0	0.38348230719566345	0.0	0.05467141792178154	0.0	0.0	0.0	0.0	0.0	0.0	0.0	0.0	0.0	0.11432600021362305	0.0	0.0	0.0	0.0	0.0	0.0	0.0
0.24237801134586334	0.13145539164543152	0.25341129302978516	0.0	0.0	0.0	0.0	0.0	0.0	0.0	0.0	0.0	0.0	0.0	0.0	0.0	0.0	0.0	0.20360322296619415	0.0	0.0	0.0	0.0	0.0	0.0	0.0	0.0	0.0	0.0	0.0	0.0	0.0	0.0	0.0	0.0	0.0	0.0	0.0	0.0	0.0	0.0	0.0	0.27070900797843933	0.0	0.38554731011390686	0.0	0.046621277928352356	0.0	0.0	0.0	0.0	0.0	0.0	0.0	0.0	0.0	0.1125573143362999	0.0	0.0	0.0	0.0	0.0	0.0	0.0
0.2447839379310608	0.1250925213098526	0.2542267441749573	0.0	0.0	0.0	0.0	0.0	0.0	0.0	0.0	0.0	0.0	0.0	0.0	0.0	0.0	0.0	0.19798016548156738	0.0	0.0	0.0	0.0	0.0	0.0	0.0	0.0	0.0	0.0	0.0	0.0	0.0	0.0	0.0	0.0	0.0	0.0	0.0	0.0	0.0	0.0	0.0	0.2747902274131775	0.0	0.39457184076309204	0.0	0.045039236545562744	0.0	0.0	0.0	0.0	0.0	0.0	0.0	0.0	0.0	0.10681230574846268	0.0	0.0	0.0	0.0	0.0	0.0	0.0
0.24116601049900055	0.13258616626262665	0.261758416891098	0.0	0.0	0.0	0.0	0.0	0.0	0.0	0.0	0.0	0.0	0.0	0.0	0.0	0.0	0.0	0.20722615718841553	0.0	0.0	0.0	0.0	0.0	0.0	0.0	0.0	0.0	0.0	0.0	0.0	0.0	0.0	0.0	0.0	0.0	0.0	0.0	0.0	0.0	0.0	0.0	0.2726863920688629	0.0	0.3871152698993683	0.0	0.051864854991436005	0.0	0.0	0.0	0.0	0.0	0.0	0.0	0.0	0.0	0.1063903197646141	0.0	0.0	0.0	0.0	0.0	0.0	0.0
0.2434246838092804	0.13265633583068848	0.26448485255241394	0.0	0.0	0.0	0.0	0.0	0.0	0.0	0.0	0.0	0.0	0.0	0.0	0.0	0.0	0.0	0.2080969363451004	0.0	0.0	0.0	0.0	0.0	0.0	0.0	0.0	0.0	0.0	0.0	0.0	0.0	0.0	0.0	0.0	0.0	0.0	0.0	0.0	0.0	0.0	0.0	0.2849833369255066	0.0	0.41758987307548523	0.0	0.04331188276410103	0.0	0.0	0.0	0.0	0.0	0.0	0.0	0.0	0.0	0.10078016668558121	0.0	0.0	0.0	0.0	0.0	0.0	0.0
0.22326776385307312	0.1490858495235443	0.24973073601722717	0.0	0.0	0.0	0.0	0.0	0.0	0.0	0.0	0.0	0.0	0.0	0.0	0.0	0.0	0.0	0.23424498736858368	0.0	0.0	0.0	0.0	0.0	0.0	0.0	0.0	0.0	0.0	0.0	0.0	0.0	0.0	0.0	0.0	0.0	0.0	0.0	0.0	0.0	0.0	0.0	0.24039793014526367	0.0	0.3338148295879364	0.0	0.06246506795287132	0.0	0.0	0.0	0.0	0.0	0.0	0.0	0.0	0.0	0.13111573457717896	0.0	0.0	0.0	0.0	0.0	0.0	0.0
0.2522220313549042	0.12266454845666885	0.25279295444488525	0.0	0.0	0.0	0.0	0.0	0.0	0.0	0.0	0.0	0.0	0.0	0.0	0.0	0.0	0.0	0.1881478875875473	0.0	0.0	0.0	0.0	0.0	0.0	0.0	0.0	0.0	0.0	0.0	0.0	0.0	0.0	0.0	0.0	0.0	0.0	0.0	0.0	0.0	0.0	0.0	0.2850360572338104	0.0	0.4109254777431488	0.0	0.04019615054130554	0.0	0.0	0.0	0.0	0.0	0.0	0.0	0.0	0.0	0.10712681710720062	0.0	0.0	0.0	0.0	0.0	0.0	0.0
0.2653508186340332	0.08959605544805527	0.24978062510490417	0.0	0.0	0.0	0.0	0.0	0.0	0.0	0.0	0.0	0.0	0.0	0.0	0.0	0.0	0.0	0.13785578310489655	0.0	0.0	0.0	0.0	0.0	0.0	0.0	0.0	0.0	0.0	0.0	0.0	0.0	0.0	0.0	0.0	0.0	0.0	0.0	0.0	0.0	0.0	0.0	0.2999003529548645	0.0	0.43424394726753235	0.0	0.026828879490494728	0.0	0.0	0.0	0.0	0.0	0.0	0.0	0.0	0.0	0.0870349332690239	0.0	0.0	0.0	0.0	0.0	0.0	0.0
0.25163596868515015	0.12153797596693039	0.26339390873908997	0.0	0.0	0.0	0.0	0.0	0.0	0.0	0.0	0.0	0.0	0.0	0.0	0.0	0.0	0.0	0.18750335276126862	0.0	0.0	0.0	0.0	0.0	0.0	0.0	0.0	0.0	0.0	0.0	0.0	0.0	0.0	0.0	0.0	0.0	0.0	0.0	0.0	0.0	0.0	0.0	0.2814483940601349	0.0	0.40686824917793274	0.0	0.046937137842178345	0.0	0.0	0.0	0.0	0.0	0.0	0.0	0.0	0.0	0.09774406254291534	0.0	0.0	0.0	0.0	0.0	0.0	0.0
0.2421765923500061	0.1349886804819107	0.26404833793640137	0.0	0.0	0.0	0.0	0.0	0.0	0.0	0.0	0.0	0.0	0.0	0.0	0.0	0.0	0.0	0.20712679624557495	0.0	0.0	0.0	0.0	0.0	0.0	0.0	0.0	0.0	0.0	0.0	0.0	0.0	0.0	0.0	0.0	0.0	0.0	0.0	0.0	0.0	0.0	0.0	0.273484468460083	0.0	0.39169156551361084	0.0	0.04949893802404404	0.0	0.0	0.0	0.0	0.0	0.0	0.0	0.0	0.0	0.1045619323849678	0.0	0.0	0.0	0.0	0.0	0.0	0.0
0.23768427968025208	0.13475343585014343	0.2559071481227875	0.0	0.0	0.0	0.0	0.0	0.0	0.0	0.0	0.0	0.0	0.0	0.0	0.0	0.0	0.0	0.20673026144504547	0.0	0.0	0.0	0.0	0.0	0.0	0.0	0.0	0.0	0.0	0.0	0.0	0.0	0.0	0.0	0.0	0.0	0.0	0.0	0.0	0.0	0.0	0.0	0.26502326130867004	0.0	0.38005658984184265	0.0	0.05136551707983017	0.0	0.0	0.0	0.0	0.0	0.0	0.0	0.0	0.0	0.11308929324150085	0.0	0.0	0.0	0.0	0.0	0.0	0.0
0.24537056684494019	0.13138650357723236	0.26373377442359924	0.0	0.0	0.0	0.0	0.0	0.0	0.0	0.0	0.0	0.0	0.0	0.0	0.0	0.0	0.0	0.20279444754123688	0.0	0.0	0.0	0.0	0.0	0.0	0.0	0.0	0.0	0.0	0.0	0.0	0.0	0.0	0.0	0.0	0.0	0.0	0.0	0.0	0.0	0.0	0.0	0.2735194265842438	0.0	0.3972753584384918	0.0	0.045519374310970306	0.0	0.0	0.0	0.0	0.0	0.0	0.0	0.0	0.0	0.1043948084115982	0.0	0.0	0.0	0.0	0.0	0.0	0.0
0.23979444801807404	0.13046471774578094	0.25846463441848755	0.0	0.0	0.0	0.0	0.0	0.0	0.0	0.0	0.0	0.0	0.0	0.0	0.0	0.0	0.0	0.20435354113578796	0.0	0.0	0.0	0.0	0.0	0.0	0.0	0.0	0.0	0.0	0.0	0.0	0.0	0.0	0.0	0.0	0.0	0.0	0.0	0.0	0.0	0.0	0.0	0.2682340741157532	0.0	0.3830419182777405	0.0	0.049547724425792694	0.0	0.0	0.0	0.0	0.0	0.0	0.0	0.0	0.0	0.11270749568939209	0.0	0.0	0.0	0.0	0.0	0.0	0.0
0.24579143524169922	0.13314145803451538	0.25621601939201355	0.0	0.0	0.0	0.0	0.0	0.0	0.0	0.0	0.0	0.0	0.0	0.0	0.0	0.0	0.0	0.20194615423679352	0.0	0.0	0.0	0.0	0.0	0.0	0.0	0.0	0.0	0.0	0.0	0.0	0.0	0.0	0.0	0.0	0.0	0.0	0.0	0.0	0.0	0.0	0.0	0.2720135748386383	0.0	0.39251619577407837	0.0	0.04722660779953003	0.0	0.0	0.0	0.0	0.0	0.0	0.0	0.0	0.0	0.10902868211269379	0.0	0.0	0.0	0.0	0.0	0.0	0.0
0.24621210992336273	0.12400727719068527	0.2574014961719513	0.0	0.0	0.0	0.0	0.0	0.0	0.0	0.0	0.0	0.0	0.0	0.0	0.0	0.0	0.0	0.1981755495071411	0.0	0.0	0.0	0.0	0.0	0.0	0.0	0.0	0.0	0.0	0.0	0.0	0.0	0.0	0.0	0.0	0.0	0.0	0.0	0.0	0.0	0.0	0.0	0.2759840190410614	0.0	0.4000683128833771	0.0	0.0487406849861145	0.0	0.0	0.0	0.0	0.0	0.0	0.0	0.0	0.0	0.10068332403898239	0.0	0.0	0.0	0.0	0.0	0.0	0.0
0.29164108633995056	0.054351095110177994	0.2385658621788025	0.0	0.0	0.0	0.0	0.0	0.0	0.0	0.0	0.0	0.0	0.0	0.0	0.0	0.0	0.0	0.06374206393957138	0.0	0.0	0.0	0.0	0.0	0.0	0.0	0.0	0.0	0.0	0.0	0.0	0.0	0.0	0.0	0.0	0.0	0.0	0.0	0.0	0.0	0.0	0.0	0.33103325963020325	0.0	0.4760861396789551	0.0	0.009800124913454056	0.0	0.0	0.0	0.0	0.0	0.0	0.0	0.0	0.0	0.07125577330589294	0.0	0.0	0.0	0.0	0.0	0.0	0.0
0.24275673925876617	0.1228676587343216	0.2615654766559601	0.0	0.0	0.0	0.0	0.0	0.0	0.0	0.0	0.0	0.0	0.0	0.0	0.0	0.0	0.0	0.20095902681350708	0.0	0.0	0.0	0.0	0.0	0.0	0.0	0.0	0.0	0.0	0.0	0.0	0.0	0.0	0.0	0.0	0.0	0.0	0.0	0.0	0.0	0.0	0.0	0.27491265535354614	0.0	0.40399736166000366	0.0	0.049934763461351395	0.0	0.0	0.0	0.0	0.0	0.0	0.0	0.0	0.0	0.09598208218812943	0.0	0.0	0.0	0.0	0.0	0.0	0.0
0.24640244245529175	0.13887745141983032	0.26607826352119446	0.0	0.0	0.0	0.0	0.0	0.0	0.0	0.0	0.0	0.0	0.0	0.0	0.0	0.0	0.0	0.21293877065181732	0.0	0.0	0.0	0.0	0.0	0.0	0.0	0.0	0.0	0.0	0.0	0.0	0.0	0.0	0.0	0.0	0.0	0.0	0.0	0.0	0.0	0.0	0.0	0.2720229923725128	0.0	0.40658149123191833	0.0	0.05154876783490181	0.0	0.0	0.0	0.0	0.0	0.0	0.0	0.0	0.0	0.09546998888254166	0.0	0.0	0.0	0.0	0.0	0.0	0.0
0.24221129715442657	0.12663155794143677	0.2721928656101227	0.0	0.0	0.0	0.0	0.0	0.0	0.0	0.0	0.0	0.0	0.0	0.0	0.0	0.0	0.0	0.198878675699234	0.0	0.0	0.0	0.0	0.0	0.0	0.0	0.0	0.0	0.0	0.0	0.0	0.0	0.0	0.0	0.0	0.0	0.0	0.0	0.0	0.0	0.0	0.0	0.28270667791366577	0.0	0.4150025248527527	0.0	0.05002233386039734	0.0	0.0	0.0	0.0	0.0	0.0	0.0	0.0	0.0	0.09453430026769638	0.0	0.0	0.0	0.0	0.0	0.0	0.0
0.23766906559467316	0.13020581007003784	0.25060513615608215	0.0	0.0	0.0	0.0	0.0	0.0	0.0	0.0	0.0	0.0	0.0	0.0	0.0	0.0	0.0	0.20468463003635406	0.0	0.0	0.0	0.0	0.0	0.0	0.0	0.0	0.0	0.0	0.0	0.0	0.0	0.0	0.0	0.0	0.0	0.0	0.0	0.0	0.0	0.0	0.0	0.2589584290981293	0.0	0.3634600341320038	0.0	0.051568616181612015	0.0	0.0	0.0	0.0	0.0	0.0	0.0	0.0	0.0	0.12177401781082153	0.0	0.0	0.0	0.0	0.0	0.0	0.0
0.25695398449897766	0.10843486338853836	0.2680482864379883	0.0	0.0	0.0	0.0	0.0	0.0	0.0	0.0	0.0	0.0	0.0	0.0	0.0	0.0	0.0	0.1705639660358429	0.0	0.0	0.0	0.0	0.0	0.0	0.0	0.0	0.0	0.0	0.0	0.0	0.0	0.0	0.0	0.0	0.0	0.0	0.0	0.0	0.0	0.0	0.0	0.292365700006485	0.0	0.43107175827026367	0.0	0.04198702052235603	0.0	0.0	0.0	0.0	0.0	0.0	0.0	0.0	0.0	0.08088301867246628	0.0	0.0	0.0	0.0	0.0	0.0	0.0
0.247392475605011	0.12425314635038376	0.25680240988731384	0.0	0.0	0.0	0.0	0.0	0.0	0.0	0.0	0.0	0.0	0.0	0.0	0.0	0.0	0.0	0.18938426673412323	0.0	0.0	0.0	0.0	0.0	0.0	0.0	0.0	0.0	0.0	0.0	0.0	0.0	0.0	0.0	0.0	0.0	0.0	0.0	0.0	0.0	0.0	0.0	0.2793322503566742	0.0	0.4002629816532135	0.0	0.046264857053756714	0.0	0.0	0.0	0.0	0.0	0.0	0.0	0.0	0.0	0.10096395760774612	0.0	0.0	0.0	0.0	0.0	0.0	0.0
0.25012916326522827	0.12263800203800201	0.2643754482269287	0.0	0.0	0.0	0.0	0.0	0.0	0.0	0.0	0.0	0.0	0.0	0.0	0.0	0.0	0.0	0.1933419406414032	0.0	0.0	0.0	0.0	0.0	0.0	0.0	0.0	0.0	0.0	0.0	0.0	0.0	0.0	0.0	0.0	0.0	0.0	0.0	0.0	0.0	0.0	0.0	0.28157496452331543	0.0	0.4192841053009033	0.0	0.04477386921644211	0.0	0.0	0.0	0.0	0.0	0.0	0.0	0.0	0.0	0.0948600322008133	0.0	0.0	0.0	0.0	0.0	0.0	0.0
0.2369118630886078	0.13255329430103302	0.2551394999027252	0.0	0.0	0.0	0.0	0.0	0.0	0.0	0.0	0.0	0.0	0.0	0.0	0.0	0.0	0.0	0.20222368836402893	0.0	0.0	0.0	0.0	0.0	0.0	0.0	0.0	0.0	0.0	0.0	0.0	0.0	0.0	0.0	0.0	0.0	0.0	0.0	0.0	0.0	0.0	0.0	0.26694315671920776	0.0	0.37534797191619873	0.0	0.05069588124752045	0.0	0.0	0.0	0.0	0.0	0.0	0.0	0.0	0.0	0.11431606113910675	0.0	0.0	0.0	0.0	0.0	0.0	0.0
0.2460487335920334	0.12371016293764114	0.2627253532409668	0.0	0.0	0.0	0.0	0.0	0.0	0.0	0.0	0.0	0.0	0.0	0.0	0.0	0.0	0.0	0.1999058574438095	0.0	0.0	0.0	0.0	0.0	0.0	0.0	0.0	0.0	0.0	0.0	0.0	0.0	0.0	0.0	0.0	0.0	0.0	0.0	0.0	0.0	0.0	0.0	0.27417412400245667	0.0	0.4001806974411011	0.0	0.049239739775657654	0.0	0.0	0.0	0.0	0.0	0.0	0.0	0.0	0.0	0.10242445021867752	0.0	0.0	0.0	0.0	0.0	0.0	0.0
0.2451055347919464	0.12832488119602203	0.2652208209037781	0.0	0.0	0.0	0.0	0.0	0.0	0.0	0.0	0.0	0.0	0.0	0.0	0.0	0.0	0.0	0.20176556706428528	0.0	0.0	0.0	0.0	0.0	0.0	0.0	0.0	0.0	0.0	0.0	0.0	0.0	0.0	0.0	0.0	0.0	0.0	0.0	0.0	0.0	0.0	0.0	0.2784087359905243	0.0	0.40525513887405396	0.0	0.04934527352452278	0.0	0.0	0.0	0.0	0.0	0.0	0.0	0.0	0.0	0.10106123983860016	0.0	0.0	0.0	0.0	0.0	0.0	0.0
0.25509896874427795	0.11015636473894119	0.27347618341445923	0.0	0.0	0.0	0.0	0.0	0.0	0.0	0.0	0.0	0.0	0.0	0.0	0.0	0.0	0.0	0.17446202039718628	0.0	0.0	0.0	0.0	0.0	0.0	0.0	0.0	0.0	0.0	0.0	0.0	0.0	0.0	0.0	0.0	0.0	0.0	0.0	0.0	0.0	0.0	0.0	0.29824116826057434	0.0	0.4564512073993683	0.0	0.037928707897663116	0.0	0.0	0.0	0.0	0.0	0.0	0.0	0.0	0.0	0.0804501622915268	0.0	0.0	0.0	0.0	0.0	0.0	0.0
0.23884423077106476	0.1345028430223465	0.2587997317314148	0.0	0.0	0.0	0.0	0.0	0.0	0.0	0.0	0.0	0.0	0.0	0.0	0.0	0.0	0.0	0.21092838048934937	0.0	0.0	0.0	0.0	0.0	0.0	0.0	0.0	0.0	0.0	0.0	0.0	0.0	0.0	0.0	0.0	0.0	0.0	0.0	0.0	0.0	0.0	0.0	0.267998605966568	0.0	0.3789183795452118	0.0	0.0524589829146862	0.0	0.0	0.0	0.0	0.0	0.0	0.0	0.0	0.0	0.11045479029417038	0.0	0.0	0.0	0.0	0.0	0.0	0.0
0.24102921783924103	0.12973622977733612	0.2565208077430725	0.0	0.0	0.0	0.0	0.0	0.0	0.0	0.0	0.0	0.0	0.0	0.0	0.0	0.0	0.0	0.2034282386302948	0.0	0.0	0.0	0.0	0.0	0.0	0.0	0.0	0.0	0.0	0.0	0.0	0.0	0.0	0.0	0.0	0.0	0.0	0.0	0.0	0.0	0.0	0.0	0.26477155089378357	0.0	0.37771740555763245	0.0	0.051091354340314865	0.0	0.0	0.0	0.0	0.0	0.0	0.0	0.0	0.0	0.11060537397861481	0.0	0.0	0.0	0.0	0.0	0.0	0.0
0.24050165712833405	0.1301485151052475	0.25722911953926086	0.0	0.0	0.0	0.0	0.0	0.0	0.0	0.0	0.0	0.0	0.0	0.0	0.0	0.0	0.0	0.20065070688724518	0.0	0.0	0.0	0.0	0.0	0.0	0.0	0.0	0.0	0.0	0.0	0.0	0.0	0.0	0.0	0.0	0.0	0.0	0.0	0.0	0.0	0.0	0.0	0.2748732268810272	0.0	0.3906485140323639	0.0	0.04810899496078491	0.0	0.0	0.0	0.0	0.0	0.0	0.0	0.0	0.0	0.10973528027534485	0.0	0.0	0.0	0.0	0.0	0.0	0.0
0.24730171263217926	0.13755837082862854	0.2673436403274536	0.0	0.0	0.0	0.0	0.0	0.0	0.0	0.0	0.0	0.0	0.0	0.0	0.0	0.0	0.0	0.20412184298038483	0.0	0.0	0.0	0.0	0.0	0.0	0.0	0.0	0.0	0.0	0.0	0.0	0.0	0.0	0.0	0.0	0.0	0.0	0.0	0.0	0.0	0.0	0.0	0.2770277261734009	0.0	0.4006711542606354	0.0	0.04916508495807648	0.0	0.0	0.0	0.0	0.0	0.0	0.0	0.0	0.0	0.10296440124511719	0.0	0.0	0.0	0.0	0.0	0.0	0.0
0.23991937935352325	0.13180220127105713	0.25815504789352417	0.0	0.0	0.0	0.0	0.0	0.0	0.0	0.0	0.0	0.0	0.0	0.0	0.0	0.0	0.0	0.20421411097049713	0.0	0.0	0.0	0.0	0.0	0.0	0.0	0.0	0.0	0.0	0.0	0.0	0.0	0.0	0.0	0.0	0.0	0.0	0.0	0.0	0.0	0.0	0.0	0.2725886404514313	0.0	0.3849826753139496	0.0	0.0548495315015316	0.0	0.0	0.0	0.0	0.0	0.0	0.0	0.0	0.0	0.10742885619401932	0.0	0.0	0.0	0.0	0.0	0.0	0.0
0.24622692167758942	0.11610669642686844	0.2634633779525757	0.0	0.0	0.0	0.0	0.0	0.0	0.0	0.0	0.0	0.0	0.0	0.0	0.0	0.0	0.0	0.19527211785316467	0.0	0.0	0.0	0.0	0.0	0.0	0.0	0.0	0.0	0.0	0.0	0.0	0.0	0.0	0.0	0.0	0.0	0.0	0.0	0.0	0.0	0.0	0.0	0.28196775913238525	0.0	0.4164108633995056	0.0	0.04580722376704216	0.0	0.0	0.0	0.0	0.0	0.0	0.0	0.0	0.0	0.09096512943506241	0.0	0.0	0.0	0.0	0.0	0.0	0.0
0.24146516621112823	0.13546369969844818	0.2674960196018219	0.0	0.0	0.0	0.0	0.0	0.0	0.0	0.0	0.0	0.0	0.0	0.0	0.0	0.0	0.0	0.21033242344856262	0.0	0.0	0.0	0.0	0.0	0.0	0.0	0.0	0.0	0.0	0.0	0.0	0.0	0.0	0.0	0.0	0.0	0.0	0.0	0.0	0.0	0.0	0.0	0.2692234218120575	0.0	0.39043357968330383	0.0	0.05133062228560448	0.0	0.0	0.0	0.0	0.0	0.0	0.0	0.0	0.0	0.10804801434278488	0.0	0.0	0.0	0.0	0.0	0.0	0.0
0.24646395444869995	0.1280806064605713	0.26168474555015564	0.0	0.0	0.0	0.0	0.0	0.0	0.0	0.0	0.0	0.0	0.0	0.0	0.0	0.0	0.0	0.20224043726921082	0.0	0.0	0.0	0.0	0.0	0.0	0.0	0.0	0.0	0.0	0.0	0.0	0.0	0.0	0.0	0.0	0.0	0.0	0.0	0.0	0.0	0.0	0.0	0.27797701954841614	0.0	0.4096677601337433	0.0	0.04503073915839195	0.0	0.0	0.0	0.0	0.0	0.0	0.0	0.0	0.0	0.10171697288751602	0.0	0.0	0.0	0.0	0.0	0.0	0.0
0.24338987469673157	0.14269612729549408	0.2796103060245514	0.0	0.0	0.0	0.0	0.0	0.0	0.0	0.0	0.0	0.0	0.0	0.0	0.0	0.0	0.0	0.21957220137119293	0.0	0.0	0.0	0.0	0.0	0.0	0.0	0.0	0.0	0.0	0.0	0.0	0.0	0.0	0.0	0.0	0.0	0.0	0.0	0.0	0.0	0.0	0.0	0.2763368785381317	0.0	0.42578864097595215	0.0	0.049994565546512604	0.0	0.0	0.0	0.0	0.0	0.0	0.0	0.0	0.0	0.10207020491361618	0.0	0.0	0.0	0.0	0.0	0.0	0.0
0.24319936335086823	0.13223481178283691	0.2634373903274536	0.0	0.0	0.0	0.0	0.0	0.0	0.0	0.0	0.0	0.0	0.0	0.0	0.0	0.0	0.0	0.1998765468597412	0.0	0.0	0.0	0.0	0.0	0.0	0.0	0.0	0.0	0.0	0.0	0.0	0.0	0.0	0.0	0.0	0.0	0.0	0.0	0.0	0.0	0.0	0.0	0.2846316695213318	0.0	0.4023714065551758	0.0	0.050432708114385605	0.0	0.0	0.0	0.0	0.0	0.0	0.0	0.0	0.0	0.09771835058927536	0.0	0.0	0.0	0.0	0.0	0.0	0.0
0.2401508390903473	0.1294855922460556	0.25157052278518677	0.0	0.0	0.0	0.0	0.0	0.0	0.0	0.0	0.0	0.0	0.0	0.0	0.0	0.0	0.0	0.20301344990730286	0.0	0.0	0.0	0.0	0.0	0.0	0.0	0.0	0.0	0.0	0.0	0.0	0.0	0.0	0.0	0.0	0.0	0.0	0.0	0.0	0.0	0.0	0.0	0.26426422595977783	0.0	0.3719039261341095	0.0	0.04957718402147293	0.0	0.0	0.0	0.0	0.0	0.0	0.0	0.0	0.0	0.12163467705249786	0.0	0.0	0.0	0.0	0.0	0.0	0.0
0.2562893033027649	0.1224234327673912	0.2662668824195862	0.0	0.0	0.0	0.0	0.0	0.0	0.0	0.0	0.0	0.0	0.0	0.0	0.0	0.0	0.0	0.18116968870162964	0.0	0.0	0.0	0.0	0.0	0.0	0.0	0.0	0.0	0.0	0.0	0.0	0.0	0.0	0.0	0.0	0.0	0.0	0.0	0.0	0.0	0.0	0.0	0.3000190258026123	0.0	0.44825589656829834	0.0	0.03451867029070854	0.0	0.0	0.0	0.0	0.0	0.0	0.0	0.0	0.0	0.09268565475940704	0.0	0.0	0.0	0.0	0.0	0.0	0.0
0.2426515817642212	0.1253485232591629	0.2554530203342438	0.0	0.0	0.0	0.0	0.0	0.0	0.0	0.0	0.0	0.0	0.0	0.0	0.0	0.0	0.0	0.19521799683570862	0.0	0.0	0.0	0.0	0.0	0.0	0.0	0.0	0.0	0.0	0.0	0.0	0.0	0.0	0.0	0.0	0.0	0.0	0.0	0.0	0.0	0.0	0.0	0.2756195664405823	0.0	0.38877856731414795	0.0	0.04451446607708931	0.0	0.0	0.0	0.0	0.0	0.0	0.0	0.0	0.0	0.11043161153793335	0.0	0.0	0.0	0.0	0.0	0.0	0.0
0.24149513244628906	0.13267649710178375	0.26269665360450745	0.0	0.0	0.0	0.0	0.0	0.0	0.0	0.0	0.0	0.0	0.0	0.0	0.0	0.0	0.0	0.20615844428539276	0.0	0.0	0.0	0.0	0.0	0.0	0.0	0.0	0.0	0.0	0.0	0.0	0.0	0.0	0.0	0.0	0.0	0.0	0.0	0.0	0.0	0.0	0.0	0.26708149909973145	0.0	0.38779979944229126	0.0	0.04947797209024429	0.0	0.0	0.0	0.0	0.0	0.0	0.0	0.0	0.0	0.10887349396944046	0.0	0.0	0.0	0.0	0.0	0.0	0.0
0.24851655960083008	0.1307813972234726	0.2665650546550751	0.0	0.0	0.0	0.0	0.0	0.0	0.0	0.0	0.0	0.0	0.0	0.0	0.0	0.0	0.0	0.2012186199426651	0.0	0.0	0.0	0.0	0.0	0.0	0.0	0.0	0.0	0.0	0.0	0.0	0.0	0.0	0.0	0.0	0.0	0.0	0.0	0.0	0.0	0.0	0.0	0.2798495292663574	0.0	0.4063958525657654	0.0	0.046521637588739395	0.0	0.0	0.0	0.0	0.0	0.0	0.0	0.0	0.0	0.10211676359176636	0.0	0.0	0.0	0.0	0.0	0.0	0.0
0.24703463912010193	0.1298755258321762	0.261491596698761	0.0	0.0	0.0	0.0	0.0	0.0	0.0	0.0	0.0	0.0	0.0	0.0	0.0	0.0	0.0	0.2029595822095871	0.0	0.0	0.0	0.0	0.0	0.0	0.0	0.0	0.0	0.0	0.0	0.0	0.0	0.0	0.0	0.0	0.0	0.0	0.0	0.0	0.0	0.0	0.0	0.2720014452934265	0.0	0.39755555987358093	0.0	0.0446295328438282	0.0	0.0	0.0	0.0	0.0	0.0	0.0	0.0	0.0	0.1031595915555954	0.0	0.0	0.0	0.0	0.0	0.0	0.0
0.2374609410762787	0.14157754182815552	0.25671955943107605	0.0	0.0	0.0	0.0	0.0	0.0	0.0	0.0	0.0	0.0	0.0	0.0	0.0	0.0	0.0	0.2190176546573639	0.0	0.0	0.0	0.0	0.0	0.0	0.0	0.0	0.0	0.0	0.0	0.0	0.0	0.0	0.0	0.0	0.0	0.0	0.0	0.0	0.0	0.0	0.0	0.2574175298213959	0.0	0.3608095943927765	0.0	0.05926764756441116	0.0	0.0	0.0	0.0	0.0	0.0	0.0	0.0	0.0	0.11986149847507477	0.0	0.0	0.0	0.0	0.0	0.0	0.0
0.2392679899930954	0.13622264564037323	0.25781646370887756	0.0	0.0	0.0	0.0	0.0	0.0	0.0	0.0	0.0	0.0	0.0	0.0	0.0	0.0	0.0	0.21099673211574554	0.0	0.0	0.0	0.0	0.0	0.0	0.0	0.0	0.0	0.0	0.0	0.0	0.0	0.0	0.0	0.0	0.0	0.0	0.0	0.0	0.0	0.0	0.0	0.2683897316455841	0.0	0.38080328702926636	0.0	0.05002899840474129	0.0	0.0	0.0	0.0	0.0	0.0	0.0	0.0	0.0	0.11161313205957413	0.0	0.0	0.0	0.0	0.0	0.0	0.0
0.23913514614105225	0.1327219307422638	0.25660836696624756	0.0	0.0	0.0	0.0	0.0	0.0	0.0	0.0	0.0	0.0	0.0	0.0	0.0	0.0	0.0	0.20939180254936218	0.0	0.0	0.0	0.0	0.0	0.0	0.0	0.0	0.0	0.0	0.0	0.0	0.0	0.0	0.0	0.0	0.0	0.0	0.0	0.0	0.0	0.0	0.0	0.273150771856308	0.0	0.39360877871513367	0.0	0.04778158664703369	0.0	0.0	0.0	0.0	0.0	0.0	0.0	0.0	0.0	0.11002220958471298	0.0	0.0	0.0	0.0	0.0	0.0	0.0
0.2491159290075302	0.1305466890335083	0.26482418179512024	0.0	0.0	0.0	0.0	0.0	0.0	0.0	0.0	0.0	0.0	0.0	0.0	0.0	0.0	0.0	0.2014898955821991	0.0	0.0	0.0	0.0	0.0	0.0	0.0	0.0	0.0	0.0	0.0	0.0	0.0	0.0	0.0	0.0	0.0	0.0	0.0	0.0	0.0	0.0	0.0	0.2960076630115509	0.0	0.4408303499221802	0.0	0.03523402288556099	0.0	0.0	0.0	0.0	0.0	0.0	0.0	0.0	0.0	0.09536387026309967	0.0	0.0	0.0	0.0	0.0	0.0	0.0
0.23839998245239258	0.1370932161808014	0.25644558668136597	0.0	0.0	0.0	0.0	0.0	0.0	0.0	0.0	0.0	0.0	0.0	0.0	0.0	0.0	0.0	0.21354393661022186	0.0	0.0	0.0	0.0	0.0	0.0	0.0	0.0	0.0	0.0	0.0	0.0	0.0	0.0	0.0	0.0	0.0	0.0	0.0	0.0	0.0	0.0	0.0	0.26580145955085754	0.0	0.3744654953479767	0.0	0.05049039050936699	0.0	0.0	0.0	0.0	0.0	0.0	0.0	0.0	0.0	0.1154663935303688	0.0	0.0	0.0	0.0	0.0	0.0	0.0
0.23899312317371368	0.13658204674720764	0.2568046450614929	0.0	0.0	0.0	0.0	0.0	0.0	0.0	0.0	0.0	0.0	0.0	0.0	0.0	0.0	0.0	0.2119414061307907	0.0	0.0	0.0	0.0	0.0	0.0	0.0	0.0	0.0	0.0	0.0	0.0	0.0	0.0	0.0	0.0	0.0	0.0	0.0	0.0	0.0	0.0	0.0	0.26969268918037415	0.0	0.37309402227401733	0.0	0.04880847409367561	0.0	0.0	0.0	0.0	0.0	0.0	0.0	0.0	0.0	0.11400669068098068	0.0	0.0	0.0	0.0	0.0	0.0	0.0
0.24343843758106232	0.1360183209180832	0.2621593475341797	0.0	0.0	0.0	0.0	0.0	0.0	0.0	0.0	0.0	0.0	0.0	0.0	0.0	0.0	0.0	0.2059062272310257	0.0	0.0	0.0	0.0	0.0	0.0	0.0	0.0	0.0	0.0	0.0	0.0	0.0	0.0	0.0	0.0	0.0	0.0	0.0	0.0	0.0	0.0	0.0	0.2758292257785797	0.0	0.3968082070350647	0.0	0.045400116592645645	0.0	0.0	0.0	0.0	0.0	0.0	0.0	0.0	0.0	0.10580244660377502	0.0	0.0	0.0	0.0	0.0	0.0	0.0
0.2513774335384369	0.12477608770132065	0.27243974804878235	0.0	0.0	0.0	0.0	0.0	0.0	0.0	0.0	0.0	0.0	0.0	0.0	0.0	0.0	0.0	0.1924719214439392	0.0	0.0	0.0	0.0	0.0	0.0	0.0	0.0	0.0	0.0	0.0	0.0	0.0	0.0	0.0	0.0	0.0	0.0	0.0	0.0	0.0	0.0	0.0	0.2861007750034332	0.0	0.42812249064445496	0.0	0.04680665209889412	0.0	0.0	0.0	0.0	0.0	0.0	0.0	0.0	0.0	0.09270265698432922	0.0	0.0	0.0	0.0	0.0	0.0	0.0
0.28044772148132324	0.09721215814352036	0.2799237370491028	0.0	0.0	0.0	0.0	0.0	0.0	0.0	0.0	0.0	0.0	0.0	0.0	0.0	0.0	0.0	0.13424484431743622	0.0	0.0	0.0	0.0	0.0	0.0	0.0	0.0	0.0	0.0	0.0	0.0	0.0	0.0	0.0	0.0	0.0	0.0	0.0	0.0	0.0	0.0	0.0	0.34342679381370544	0.0	0.5209054350852966	0.0	0.013889621943235397	0.0	0.0	0.0	0.0	0.0	0.0	0.0	0.0	0.0	0.052390407770872116	0.0	0.0	0.0	0.0	0.0	0.0	0.0
0.24966789782047272	0.12409956753253937	0.2694793939590454	0.0	0.0	0.0	0.0	0.0	0.0	0.0	0.0	0.0	0.0	0.0	0.0	0.0	0.0	0.0	0.19208891689777374	0.0	0.0	0.0	0.0	0.0	0.0	0.0	0.0	0.0	0.0	0.0	0.0	0.0	0.0	0.0	0.0	0.0	0.0	0.0	0.0	0.0	0.0	0.0	0.2841569483280182	0.0	0.42738208174705505	0.0	0.04161714017391205	0.0	0.0	0.0	0.0	0.0	0.0	0.0	0.0	0.0	0.0953357070684433	0.0	0.0	0.0	0.0	0.0	0.0	0.0
0.3292192220687866	0.008318955078721046	0.23614099621772766	0.0	0.0	0.0	0.0	0.0	0.0	0.0	0.0	0.0	0.0	0.0	0.0	0.0	0.0	0.0	0.0	0.0	0.0	0.0	0.0	0.0	0.0	0.0	0.0	0.0	0.0	0.0	0.0	0.0	0.0	0.0	0.0	0.0	0.0	0.0	0.0	0.0	0.0	0.0	0.3690677583217621	0.0	0.5319889187812805	0.0	0.0	0.0	0.0	0.0	0.0	0.0	0.0	0.0	0.0	0.0	0.03346143662929535	0.0	0.0	0.0	0.0	0.0	0.0	0.0
0.24292853474617004	0.13675139844417572	0.26237162947654724	0.0	0.0	0.0	0.0	0.0	0.0	0.0	0.0	0.0	0.0	0.0	0.0	0.0	0.0	0.0	0.21076928079128265	0.0	0.0	0.0	0.0	0.0	0.0	0.0	0.0	0.0	0.0	0.0	0.0	0.0	0.0	0.0	0.0	0.0	0.0	0.0	0.0	0.0	0.0	0.0	0.26616936922073364	0.0	0.3802024722099304	0.0	0.052275948226451874	0.0	0.0	0.0	0.0	0.0	0.0	0.0	0.0	0.0	0.11313511431217194	0.0	0.0	0.0	0.0	0.0	0.0	0.0
0.24209460616111755	0.13152414560317993	0.2567070424556732	0.0	0.0	0.0	0.0	0.0	0.0	0.0	0.0	0.0	0.0	0.0	0.0	0.0	0.0	0.0	0.20473496615886688	0.0	0.0	0.0	0.0	0.0	0.0	0.0	0.0	0.0	0.0	0.0	0.0	0.0	0.0	0.0	0.0	0.0	0.0	0.0	0.0	0.0	0.0	0.0	0.26929256319999695	0.0	0.37603986263275146	0.0	0.04773980751633644	0.0	0.0	0.0	0.0	0.0	0.0	0.0	0.0	0.0	0.11128205060958862	0.0	0.0	0.0	0.0	0.0	0.0	0.0
0.24887825548648834	0.12501375377178192	0.2600944936275482	0.0	0.0	0.0	0.0	0.0	0.0	0.0	0.0	0.0	0.0	0.0	0.0	0.0	0.0	0.0	0.18898245692253113	0.0	0.0	0.0	0.0	0.0	0.0	0.0	0.0	0.0	0.0	0.0	0.0	0.0	0.0	0.0	0.0	0.0	0.0	0.0	0.0	0.0	0.0	0.0	0.2865838408470154	0.0	0.40839266777038574	0.0	0.04087025672197342	0.0	0.0	0.0	0.0	0.0	0.0	0.0	0.0	0.0	0.10101418942213058	0.0	0.0	0.0	0.0	0.0	0.0	0.0
0.24384790658950806	0.12746621668338776	0.26484835147857666	0.0	0.0	0.0	0.0	0.0	0.0	0.0	0.0	0.0	0.0	0.0	0.0	0.0	0.0	0.0	0.20408442616462708	0.0	0.0	0.0	0.0	0.0	0.0	0.0	0.0	0.0	0.0	0.0	0.0	0.0	0.0	0.0	0.0	0.0	0.0	0.0	0.0	0.0	0.0	0.0	0.27231964468955994	0.0	0.3897894322872162	0.0	0.048457689583301544	0.0	0.0	0.0	0.0	0.0	0.0	0.0	0.0	0.0	0.10269814729690552	0.0	0.0	0.0	0.0	0.0	0.0	0.0
0.24176019430160522	0.12747105956077576	0.2509540319442749	0.0	0.0	0.0	0.0	0.0	0.0	0.0	0.0	0.0	0.0	0.0	0.0	0.0	0.0	0.0	0.19490262866020203	0.0	0.0	0.0	0.0	0.0	0.0	0.0	0.0	0.0	0.0	0.0	0.0	0.0	0.0	0.0	0.0	0.0	0.0	0.0	0.0	0.0	0.0	0.0	0.26691335439682007	0.0	0.37175223231315613	0.0	0.046007636934518814	0.0	0.0	0.0	0.0	0.0	0.0	0.0	0.0	0.0	0.11366236209869385	0.0	0.0	0.0	0.0	0.0	0.0	0.0
0.2505674362182617	0.11200026422739029	0.2638580799102783	0.0	0.0	0.0	0.0	0.0	0.0	0.0	0.0	0.0	0.0	0.0	0.0	0.0	0.0	0.0	0.18583430349826813	0.0	0.0	0.0	0.0	0.0	0.0	0.0	0.0	0.0	0.0	0.0	0.0	0.0	0.0	0.0	0.0	0.0	0.0	0.0	0.0	0.0	0.0	0.0	0.2878647446632385	0.0	0.42740732431411743	0.0	0.04513390734791756	0.0	0.0	0.0	0.0	0.0	0.0	0.0	0.0	0.0	0.09102920442819595	0.0	0.0	0.0	0.0	0.0	0.0	0.0
0.23460756242275238	0.14392584562301636	0.2589246928691864	0.0	0.0	0.0	0.0	0.0	0.0	0.0	0.0	0.0	0.0	0.0	0.0	0.0	0.0	0.0	0.2191130369901657	0.0	0.0	0.0	0.0	0.0	0.0	0.0	0.0	0.0	0.0	0.0	0.0	0.0	0.0	0.0	0.0	0.0	0.0	0.0	0.0	0.0	0.0	0.0	0.26084765791893005	0.0	0.3662295937538147	0.0	0.054811492562294006	0.0	0.0	0.0	0.0	0.0	0.0	0.0	0.0	0.0	0.11916162818670273	0.0	0.0	0.0	0.0	0.0	0.0	0.0
0.23865686357021332	0.13005506992340088	0.2575950622558594	0.0	0.0	0.0	0.0	0.0	0.0	0.0	0.0	0.0	0.0	0.0	0.0	0.0	0.0	0.0	0.2047063261270523	0.0	0.0	0.0	0.0	0.0	0.0	0.0	0.0	0.0	0.0	0.0	0.0	0.0	0.0	0.0	0.0	0.0	0.0	0.0	0.0	0.0	0.0	0.0	0.2731795907020569	0.0	0.388744592666626	0.0	0.050198521465063095	0.0	0.0	0.0	0.0	0.0	0.0	0.0	0.0	0.0	0.10885845869779587	0.0	0.0	0.0	0.0	0.0	0.0	0.0
0.2439337819814682	0.12945164740085602	0.26226547360420227	0.0	0.0	0.0	0.0	0.0	0.0	0.0	0.0	0.0	0.0	0.0	0.0	0.0	0.0	0.0	0.2008984386920929	0.0	0.0	0.0	0.0	0.0	0.0	0.0	0.0	0.0	0.0	0.0	0.0	0.0	0.0	0.0	0.0	0.0	0.0	0.0	0.0	0.0	0.0	0.0	0.2732798159122467	0.0	0.3869023323059082	0.0	0.04784517362713814	0.0	0.0	0.0	0.0	0.0	0.0	0.0	0.0	0.0	0.10504718124866486	0.0	0.0	0.0	0.0	0.0	0.0	0.0
0.23440445959568024	0.1443612426519394	0.25782811641693115	0.0	0.0	0.0	0.0	0.0	0.0	0.0	0.0	0.0	0.0	0.0	0.0	0.0	0.0	0.0	0.22414495050907135	0.0	0.0	0.0	0.0	0.0	0.0	0.0	0.0	0.0	0.0	0.0	0.0	0.0	0.0	0.0	0.0	0.0	0.0	0.0	0.0	0.0	0.0	0.0	0.2561112642288208	0.0	0.36155015230178833	0.0	0.05824759230017662	0.0	0.0	0.0	0.0	0.0	0.0	0.0	0.0	0.0	0.12208886444568634	0.0	0.0	0.0	0.0	0.0	0.0	0.0
0.24439334869384766	0.12714587152004242	0.26242929697036743	0.0	0.0	0.0	0.0	0.0	0.0	0.0	0.0	0.0	0.0	0.0	0.0	0.0	0.0	0.0	0.19847054779529572	0.0	0.0	0.0	0.0	0.0	0.0	0.0	0.0	0.0	0.0	0.0	0.0	0.0	0.0	0.0	0.0	0.0	0.0	0.0	0.0	0.0	0.0	0.0	0.279125839471817	0.0	0.40987613797187805	0.0	0.04598642885684967	0.0	0.0	0.0	0.0	0.0	0.0	0.0	0.0	0.0	0.099280945956707	0.0	0.0	0.0	0.0	0.0	0.0	0.0
0.24604371190071106	0.12869441509246826	0.2613402307033539	0.0	0.0	0.0	0.0	0.0	0.0	0.0	0.0	0.0	0.0	0.0	0.0	0.0	0.0	0.0	0.20290298759937286	0.0	0.0	0.0	0.0	0.0	0.0	0.0	0.0	0.0	0.0	0.0	0.0	0.0	0.0	0.0	0.0	0.0	0.0	0.0	0.0	0.0	0.0	0.0	0.2747536599636078	0.0	0.38962140679359436	0.0	0.04792364686727524	0.0	0.0	0.0	0.0	0.0	0.0	0.0	0.0	0.0	0.10813545435667038	0.0	0.0	0.0	0.0	0.0	0.0	0.0
0.24083095788955688	0.1320984959602356	0.25842300057411194	0.0	0.0	0.0	0.0	0.0	0.0	0.0	0.0	0.0	0.0	0.0	0.0	0.0	0.0	0.0	0.20333056151866913	0.0	0.0	0.0	0.0	0.0	0.0	0.0	0.0	0.0	0.0	0.0	0.0	0.0	0.0	0.0	0.0	0.0	0.0	0.0	0.0	0.0	0.0	0.0	0.2703687846660614	0.0	0.39155113697052	0.0	0.04837832599878311	0.0	0.0	0.0	0.0	0.0	0.0	0.0	0.0	0.0	0.1081385612487793	0.0	0.0	0.0	0.0	0.0	0.0	0.0
0.3059265911579132	0.03485840931534767	0.2813359498977661	0.0	0.0	6.39741301711183e-07	0.0	0.0	0.0	0.0	0.0	0.0	0.0	0.0	0.0	0.0	0.0	0.0	0.05884401872754097	0.0	0.0	0.0	0.0	0.0	0.0	0.0	0.0	0.0	0.0	0.0	0.0	0.0	0.0	0.0	0.0	0.0	0.0	0.0	0.0	0.0	0.0	0.0	0.3949873447418213	0.0	0.6300095319747925	0.0	0.0	0.0	0.0	0.0	0.0	0.0	0.0	0.0	0.0	0.0	0.0	0.0	0.0	0.0	0.0	0.0	0.0	0.0
0.23806682229042053	0.1414850354194641	0.2634424865245819	0.0	0.0	0.0	0.0	0.0	0.0	0.0	0.0	0.0	0.0	0.0	0.0	0.0	0.0	0.0	0.21731044352054596	0.0	0.0	0.0	0.0	0.0	0.0	0.0	0.0	0.0	0.0	0.0	0.0	0.0	0.0	0.0	0.0	0.0	0.0	0.0	0.0	0.0	0.0	0.0	0.25900256633758545	0.0	0.3695966303348541	0.0	0.05372443050146103	0.0	0.0	0.0	0.0	0.0	0.0	0.0	0.0	0.0	0.1189740002155304	0.0	0.0	0.0	0.0	0.0	0.0	0.0
0.24513493478298187	0.11358178406953812	0.25011971592903137	0.0	0.0	0.0	0.0	0.0	0.0	0.0	0.0	0.0	0.0	0.0	0.0	0.0	0.0	0.0	0.17882557213306427	0.0	0.0	0.0	0.0	0.0	0.0	0.0	0.0	0.0	0.0	0.0	0.0	0.0	0.0	0.0	0.0	0.0	0.0	0.0	0.0	0.0	0.0	0.0	0.27530479431152344	0.0	0.3832399547100067	0.0	0.04582948982715607	0.0	0.0	0.0	0.0	0.0	0.0	0.0	0.0	0.0	0.10843644291162491	0.0	0.0	0.0	0.0	0.0	0.0	0.0
0.24090997874736786	0.13585838675498962	0.2586531341075897	0.0	0.0	0.0	0.0	0.0	0.0	0.0	0.0	0.0	0.0	0.0	0.0	0.0	0.0	0.0	0.21340735256671906	0.0	0.0	0.0	0.0	0.0	0.0	0.0	0.0	0.0	0.0	0.0	0.0	0.0	0.0	0.0	0.0	0.0	0.0	0.0	0.0	0.0	0.0	0.0	0.26701658964157104	0.0	0.3836617171764374	0.0	0.053526971489191055	0.0	0.0	0.0	0.0	0.0	0.0	0.0	0.0	0.0	0.11038846522569656	0.0	0.0	0.0	0.0	0.0	0.0	0.0
0.24470143020153046	0.14252692461013794	0.27198541164398193	0.0	0.0	0.0	0.0	0.0	0.0	0.0	0.0	0.0	0.0	0.0	0.0	0.0	0.0	0.0	0.21719691157341003	0.0	0.0	0.0	0.0	0.0	0.0	0.0	0.0	0.0	0.0	0.0	0.0	0.0	0.0	0.0	0.0	0.0	0.0	0.0	0.0	0.0	0.0	0.0	0.2730395793914795	0.0	0.39434394240379333	0.0	0.05364560708403587	0.0	0.0	0.0	0.0	0.0	0.0	0.0	0.0	0.0	0.1046871542930603	0.0	0.0	0.0	0.0	0.0	0.0	0.0
0.2426944226026535	0.13288898766040802	0.2577211558818817	0.0	0.0	0.0	0.0	0.0	0.0	0.0	0.0	0.0	0.0	0.0	0.0	0.0	0.0	0.0	0.20451979339122772	0.0	0.0	0.0	0.0	0.0	0.0	0.0	0.0	0.0	0.0	0.0	0.0	0.0	0.0	0.0	0.0	0.0	0.0	0.0	0.0	0.0	0.0	0.0	0.27562516927719116	0.0	0.39740344882011414	0.0	0.051210369914770126	0.0	0.0	0.0	0.0	0.0	0.0	0.0	0.0	0.0	0.1078905537724495	0.0	0.0	0.0	0.0	0.0	0.0	0.0
0.24382874369621277	0.14062681794166565	0.26148030161857605	0.0	0.0	0.0	0.0	0.0	0.0	0.0	0.0	0.0	0.0	0.0	0.0	0.0	0.0	0.0	0.21801204979419708	0.0	0.0	0.0	0.0	0.0	0.0	0.0	0.0	0.0	0.0	0.0	0.0	0.0	0.0	0.0	0.0	0.0	0.0	0.0	0.0	0.0	0.0	0.0	0.2745074927806854	0.0	0.3985343277454376	0.0	0.044934142380952835	0.0	0.0	0.0	0.0	0.0	0.0	0.0	0.0	0.0	0.11864591389894485	0.0	0.0	0.0	0.0	0.0	0.0	0.0
0.27150774002075195	0.08562811464071274	0.246331587433815	0.0	0.0	0.0	0.0	0.0	0.0	0.0	0.0	0.0	0.0	0.0	0.0	0.0	0.0	0.0	0.12317623198032379	0.0	0.0	0.0	0.0	0.0	0.0	0.0	0.0	0.0	0.0	0.0	0.0	0.0	0.0	0.0	0.0	0.0	0.0	0.0	0.0	0.0	0.0	0.0	0.3039587438106537	0.0	0.43004363775253296	0.0	0.0261103343218565	0.0	0.0	0.0	0.0	0.0	0.0	0.0	0.0	0.0	0.08730117231607437	0.0	0.0	0.0	0.0	0.0	0.0	0.0
0.23707382380962372	0.13634510338306427	0.2556273937225342	0.0	0.0	0.0	0.0	0.0	0.0	0.0	0.0	0.0	0.0	0.0	0.0	0.0	0.0	0.0	0.21096517145633698	0.0	0.0	0.0	0.0	0.0	0.0	0.0	0.0	0.0	0.0	0.0	0.0	0.0	0.0	0.0	0.0	0.0	0.0	0.0	0.0	0.0	0.0	0.0	0.2612225413322449	0.0	0.3690128028392792	0.0	0.050523702055215836	0.0	0.0	0.0	0.0	0.0	0.0	0.0	0.0	0.0	0.11835251748561859	0.0	0.0	0.0	0.0	0.0	0.0	0.0
0.23733919858932495	0.13515180349349976	0.266935259103775	0.0	0.0	0.0	0.0	0.0	0.0	0.0	0.0	0.0	0.0	0.0	0.0	0.0	0.0	0.0	0.20954538881778717	0.0	0.0	0.0	0.0	0.0	0.0	0.0	0.0	0.0	0.0	0.0	0.0	0.0	0.0	0.0	0.0	0.0	0.0	0.0	0.0	0.0	0.0	0.0	0.27566349506378174	0.0	0.388834685087204	0.0	0.05079420655965805	0.0	0.0	0.0	0.0	0.0	0.0	0.0	0.0	0.0	0.10073286294937134	0.0	0.0	0.0	0.0	0.0	0.0	0.0
0.2446368932723999	0.12821610271930695	0.2591738700866699	0.0	0.0	0.0	0.0	0.0	0.0	0.0	0.0	0.0	0.0	0.0	0.0	0.0	0.0	0.0	0.1955888271331787	0.0	0.0	0.0	0.0	0.0	0.0	0.0	0.0	0.0	0.0	0.0	0.0	0.0	0.0	0.0	0.0	0.0	0.0	0.0	0.0	0.0	0.0	0.0	0.27475085854530334	0.0	0.39086249470710754	0.0	0.04425503686070442	0.0	0.0	0.0	0.0	0.0	0.0	0.0	0.0	0.0	0.10427110642194748	0.0	0.0	0.0	0.0	0.0	0.0	0.0
0.24391089379787445	0.1280580759048462	0.26102232933044434	0.0	0.0	0.0	0.0	0.0	0.0	0.0	0.0	0.0	0.0	0.0	0.0	0.0	0.0	0.0	0.20163002610206604	0.0	0.0	0.0	0.0	0.0	0.0	0.0	0.0	0.0	0.0	0.0	0.0	0.0	0.0	0.0	0.0	0.0	0.0	0.0	0.0	0.0	0.0	0.0	0.2725127339363098	0.0	0.3923598825931549	0.0	0.04933244362473488	0.0	0.0	0.0	0.0	0.0	0.0	0.0	0.0	0.0	0.10432001203298569	0.0	0.0	0.0	0.0	0.0	0.0	0.0
0.2404557466506958	0.13036081194877625	0.25607261061668396	0.0	0.0	0.0	0.0	0.0	0.0	0.0	0.0	0.0	0.0	0.0	0.0	0.0	0.0	0.0	0.209817036986351	0.0	0.0	0.0	0.0	0.0	0.0	0.0	0.0	0.0	0.0	0.0	0.0	0.0	0.0	0.0	0.0	0.0	0.0	0.0	0.0	0.0	0.0	0.0	0.2662036418914795	0.0	0.38001537322998047	0.0	0.048982590436935425	0.0	0.0	0.0	0.0	0.0	0.0	0.0	0.0	0.0	0.1114853098988533	0.0	0.0	0.0	0.0	0.0	0.0	0.0
0.25289613008499146	0.12079307436943054	0.2601373493671417	0.0	0.0	0.0	0.0	0.0	0.0	0.0	0.0	0.0	0.0	0.0	0.0	0.0	0.0	0.0	0.18348851799964905	0.0	0.0	0.0	0.0	0.0	0.0	0.0	0.0	0.0	0.0	0.0	0.0	0.0	0.0	0.0	0.0	0.0	0.0	0.0	0.0	0.0	0.0	0.0	0.28493911027908325	0.0	0.4086849093437195	0.0	0.03878096118569374	0.0	0.0	0.0	0.0	0.0	0.0	0.0	0.0	0.0	0.09847433120012283	0.0	0.0	0.0	0.0	0.0	0.0	0.0
0.2526102662086487	0.11347243934869766	0.2635657489299774	0.0	0.0	0.0	0.0	0.0	0.0	0.0	0.0	0.0	0.0	0.0	0.0	0.0	0.0	0.0	0.17734219133853912	0.0	0.0	0.0	0.0	0.0	0.0	0.0	0.0	0.0	0.0	0.0	0.0	0.0	0.0	0.0	0.0	0.0	0.0	0.0	0.0	0.0	0.0	0.0	0.28652113676071167	0.0	0.4151153862476349	0.0	0.04175341874361038	0.0	0.0	0.0	0.0	0.0	0.0	0.0	0.0	0.0	0.09459490329027176	0.0	0.0	0.0	0.0	0.0	0.0	0.0
0.2438860386610031	0.13266810774803162	0.26577845215797424	0.0	0.0	0.0	0.0	0.0	0.0	0.0	0.0	0.0	0.0	0.0	0.0	0.0	0.0	0.0	0.20302873849868774	0.0	0.0	0.0	0.0	0.0	0.0	0.0	0.0	0.0	0.0	0.0	0.0	0.0	0.0	0.0	0.0	0.0	0.0	0.0	0.0	0.0	0.0	0.0	0.27420932054519653	0.0	0.40045008063316345	0.0	0.04559820145368576	0.0	0.0	0.0	0.0	0.0	0.0	0.0	0.0	0.0	0.10224109888076782	0.0	0.0	0.0	0.0	0.0	0.0	0.0
0.23931364715099335	0.1311037242412567	0.25872671604156494	0.0	0.0	0.0	0.0	0.0	0.0	0.0	0.0	0.0	0.0	0.0	0.0	0.0	0.0	0.0	0.20102010667324066	0.0	0.0	0.0	0.0	0.0	0.0	0.0	0.0	0.0	0.0	0.0	0.0	0.0	0.0	0.0	0.0	0.0	0.0	0.0	0.0	0.0	0.0	0.0	0.27138203382492065	0.0	0.38978317379951477	0.0	0.046990834176540375	0.0	0.0	0.0	0.0	0.0	0.0	0.0	0.0	0.0	0.10806391388177872	0.0	0.0	0.0	0.0	0.0	0.0	0.0
0.26687806844711304	0.09016743302345276	0.2511470913887024	0.0	0.0	0.0	0.0	0.0	0.0	0.0	0.0	0.0	0.0	0.0	0.0	0.0	0.0	0.0	0.13367143273353577	0.0	0.0	0.0	0.0	0.0	0.0	0.0	0.0	0.0	0.0	0.0	0.0	0.0	0.0	0.0	0.0	0.0	0.0	0.0	0.0	0.0	0.0	0.0	0.2980019152164459	0.0	0.42880889773368835	0.0	0.02972906082868576	0.0	0.0	0.0	0.0	0.0	0.0	0.0	0.0	0.0	0.0887618288397789	0.0	0.0	0.0	0.0	0.0	0.0	0.0
0.24374285340309143	0.13673478364944458	0.2611525058746338	0.0	0.0	0.0	0.0	0.0	0.0	0.0	0.0	0.0	0.0	0.0	0.0	0.0	0.0	0.0	0.20808622241020203	0.0	0.0	0.0	0.0	0.0	0.0	0.0	0.0	0.0	0.0	0.0	0.0	0.0	0.0	0.0	0.0	0.0	0.0	0.0	0.0	0.0	0.0	0.0	0.273452490568161	0.0	0.3956391513347626	0.0	0.050460170954465866	0.0	0.0	0.0	0.0	0.0	0.0	0.0	0.0	0.0	0.10836375504732132	0.0	0.0	0.0	0.0	0.0	0.0	0.0
0.2447420209646225	0.12931886315345764	0.2687952518463135	0.0	0.0	0.0	0.0	0.0	0.0	0.0	0.0	0.0	0.0	0.0	0.0	0.0	0.0	0.0	0.2036474347114563	0.0	0.0	0.0	0.0	0.0	0.0	0.0	0.0	0.0	0.0	0.0	0.0	0.0	0.0	0.0	0.0	0.0	0.0	0.0	0.0	0.0	0.0	0.0	0.2838643193244934	0.0	0.408216267824173	0.0	0.05125882476568222	0.0	0.0	0.0	0.0	0.0	0.0	0.0	0.0	0.0	0.09714260697364807	0.0	0.0	0.0	0.0	0.0	0.0	0.0
0.2574990689754486	0.10730019211769104	0.25263553857803345	0.0	0.0	0.0	0.0	0.0	0.0	0.0	0.0	0.0	0.0	0.0	0.0	0.0	0.0	0.0	0.1725131720304489	0.0	0.0	0.0	0.0	0.0	0.0	0.0	0.0	0.0	0.0	0.0	0.0	0.0	0.0	0.0	0.0	0.0	0.0	0.0	0.0	0.0	0.0	0.0	0.29030174016952515	0.0	0.4160042107105255	0.0	0.03424018993973732	0.0	0.0	0.0	0.0	0.0	0.0	0.0	0.0	0.0	0.10012998431921005	0.0	0.0	0.0	0.0	0.0	0.0	0.0
0.23948636651039124	0.1350543200969696	0.26410171389579773	0.0	0.0	0.0	0.0	0.0	0.0	0.0	0.0	0.0	0.0	0.0	0.0	0.0	0.0	0.0	0.21198204159736633	0.0	0.0	0.0	0.0	0.0	0.0	0.0	0.0	0.0	0.0	0.0	0.0	0.0	0.0	0.0	0.0	0.0	0.0	0.0	0.0	0.0	0.0	0.0	0.2664327621459961	0.0	0.3812015652656555	0.0	0.05250208452343941	0.0	0.0	0.0	0.0	0.0	0.0	0.0	0.0	0.0	0.11294206231832504	0.0	0.0	0.0	0.0	0.0	0.0	0.0
0.2541874051094055	0.10991248488426208	0.27115535736083984	0.0	0.0	0.0	0.0	0.0	0.0	0.0	0.0	0.0	0.0	0.0	0.0	0.0	0.0	0.0	0.1753918081521988	0.0	0.0	0.0	0.0	0.0	0.0	0.0	0.0	0.0	0.0	0.0	0.0	0.0	0.0	0.0	0.0	0.0	0.0	0.0	0.0	0.0	0.0	0.0	0.2946811616420746	0.0	0.451754093170166	0.0	0.03898244723677635	0.0	0.0	0.0	0.0	0.0	0.0	0.0	0.0	0.0	0.0804661437869072	0.0	0.0	0.0	0.0	0.0	0.0	0.0
0.2483900934457779	0.1199488639831543	0.2653617262840271	0.0	0.0	0.0	0.0	0.0	0.0	0.0	0.0	0.0	0.0	0.0	0.0	0.0	0.0	0.0	0.1911623328924179	0.0	0.0	0.0	0.0	0.0	0.0	0.0	0.0	0.0	0.0	0.0	0.0	0.0	0.0	0.0	0.0	0.0	0.0	0.0	0.0	0.0	0.0	0.0	0.2768425941467285	0.0	0.4201105535030365	0.0	0.047113507986068726	0.0	0.0	0.0	0.0	0.0	0.0	0.0	0.0	0.0	0.09615550935268402	0.0	0.0	0.0	0.0	0.0	0.0	0.0
0.2430274933576584	0.13341785967350006	0.25690045952796936	0.0	0.0	0.0	0.0	0.0	0.0	0.0	0.0	0.0	0.0	0.0	0.0	0.0	0.0	0.0	0.2084231972694397	0.0	0.0	0.0	0.0	0.0	0.0	0.0	0.0	0.0	0.0	0.0	0.0	0.0	0.0	0.0	0.0	0.0	0.0	0.0	0.0	0.0	0.0	0.0	0.2684571146965027	0.0	0.3805800974369049	0.0	0.05024304240942001	0.0	0.0	0.0	0.0	0.0	0.0	0.0	0.0	0.0	0.10978705435991287	0.0	0.0	0.0	0.0	0.0	0.0	0.0
0.2526378333568573	0.12056354433298111	0.2632235586643219	0.0	0.0	0.0	0.0	0.0	0.0	0.0	0.0	0.0	0.0	0.0	0.0	0.0	0.0	0.0	0.1858975738286972	0.0	0.0	0.0	0.0	0.0	0.0	0.0	0.0	0.0	0.0	0.0	0.0	0.0	0.0	0.0	0.0	0.0	0.0	0.0	0.0	0.0	0.0	0.0	0.2852916121482849	0.0	0.42089834809303284	0.0	0.04116782546043396	0.0	0.0	0.0	0.0	0.0	0.0	0.0	0.0	0.0	0.09623584151268005	0.0	0.0	0.0	0.0	0.0	0.0	0.0
0.24408909678459167	0.13094031810760498	0.25564002990722656	0.0	0.0	0.0	0.0	0.0	0.0	0.0	0.0	0.0	0.0	0.0	0.0	0.0	0.0	0.0	0.2016085982322693	0.0	0.0	0.0	0.0	0.0	0.0	0.0	0.0	0.0	0.0	0.0	0.0	0.0	0.0	0.0	0.0	0.0	0.0	0.0	0.0	0.0	0.0	0.0	0.2696022391319275	0.0	0.38678044080734253	0.0	0.047351304441690445	0.0	0.0	0.0	0.0	0.0	0.0	0.0	0.0	0.0	0.10965212434530258	0.0	0.0	0.0	0.0	0.0	0.0	0.0
0.2328273504972458	0.14201493561267853	0.26147890090942383	0.0	0.0	0.0	0.0	0.0	0.0	0.0	0.0	0.0	0.0	0.0	0.0	0.0	0.0	0.0	0.2174280285835266	0.0	0.0	0.0	0.0	0.0	0.0	0.0	0.0	0.0	0.0	0.0	0.0	0.0	0.0	0.0	0.0	0.0	0.0	0.0	0.0	0.0	0.0	0.0	0.2686433792114258	0.0	0.37512049078941345	0.0	0.05437672510743141	0.0	0.0	0.0	0.0	0.0	0.0	0.0	0.0	0.0	0.11289844661951065	0.0	0.0	0.0	0.0	0.0	0.0	0.0
0.24188484251499176	0.12049221992492676	0.25263774394989014	0.0	0.0	0.0	0.0	0.0	0.0	0.0	0.0	0.0	0.0	0.0	0.0	0.0	0.0	0.0	0.1862097531557083	0.0	0.0	0.0	0.0	0.0	0.0	0.0	0.0	0.0	0.0	0.0	0.0	0.0	0.0	0.0	0.0	0.0	0.0	0.0	0.0	0.0	0.0	0.0	0.2704487144947052	0.0	0.3806161880493164	0.0	0.04836870729923248	0.0	0.0	0.0	0.0	0.0	0.0	0.0	0.0	0.0	0.10908889025449753	0.0	0.0	0.0	0.0	0.0	0.0	0.0
0.2944227457046509	0.04907883703708649	0.24479274451732635	0.0	0.0	0.0	0.0	0.0	0.0	0.0	0.0	0.0	0.0	0.0	0.0	0.0	0.0	0.0	0.06108342483639717	0.0	0.0	0.0	0.0	0.0	0.0	0.0	0.0	0.0	0.0	0.0	0.0	0.0	0.0	0.0	0.0	0.0	0.0	0.0	0.0	0.0	0.0	0.0	0.34352073073387146	0.0	0.4990321099758148	0.0	0.006634987890720367	0.0	0.0	0.0	0.0	0.0	0.0	0.0	0.0	0.0	0.05934545770287514	0.0	0.0	0.0	0.0	0.0	0.0	0.0
0.23844735324382782	0.13889338076114655	0.25566366314888	0.0	0.0	0.0	0.0	0.0	0.0	0.0	0.0	0.0	0.0	0.0	0.0	0.0	0.0	0.0	0.22252896428108215	0.0	0.0	0.0	0.0	0.0	0.0	0.0	0.0	0.0	0.0	0.0	0.0	0.0	0.0	0.0	0.0	0.0	0.0	0.0	0.0	0.0	0.0	0.0	0.25963589549064636	0.0	0.3597913682460785	0.0	0.05485678091645241	0.0	0.0	0.0	0.0	0.0	0.0	0.0	0.0	0.0	0.11882948875427246	0.0	0.0	0.0	0.0	0.0	0.0	0.0
0.23963232338428497	0.13079418241977692	0.26015305519104004	0.0	0.0	0.0	0.0	0.0	0.0	0.0	0.0	0.0	0.0	0.0	0.0	0.0	0.0	0.0	0.20198114216327667	0.0	0.0	0.0	0.0	0.0	0.0	0.0	0.0	0.0	0.0	0.0	0.0	0.0	0.0	0.0	0.0	0.0	0.0	0.0	0.0	0.0	0.0	0.0	0.270191490650177	0.0	0.3885095417499542	0.0	0.04611217975616455	0.0	0.0	0.0	0.0	0.0	0.0	0.0	0.0	0.0	0.10774055868387222	0.0	0.0	0.0	0.0	0.0	0.0	0.0
0.24103352427482605	0.13039328157901764	0.2604537606239319	0.0	0.0	0.0	0.0	0.0	0.0	0.0	0.0	0.0	0.0	0.0	0.0	0.0	0.0	0.0	0.20355390012264252	0.0	0.0	0.0	0.0	0.0	0.0	0.0	0.0	0.0	0.0	0.0	0.0	0.0	0.0	0.0	0.0	0.0	0.0	0.0	0.0	0.0	0.0	0.0	0.27143406867980957	0.0	0.38661763072013855	0.0	0.04895062372088432	0.0	0.0	0.0	0.0	0.0	0.0	0.0	0.0	0.0	0.1069004014134407	0.0	0.0	0.0	0.0	0.0	0.0	0.0
0.24223290383815765	0.14014749228954315	0.2644819915294647	0.0	0.0	0.0	0.0	0.0	0.0	0.0	0.0	0.0	0.0	0.0	0.0	0.0	0.0	0.0	0.21853701770305634	0.0	0.0	0.0	0.0	0.0	0.0	0.0	0.0	0.0	0.0	0.0	0.0	0.0	0.0	0.0	0.0	0.0	0.0	0.0	0.0	0.0	0.0	0.0	0.2689755856990814	0.0	0.38612496852874756	0.0	0.04949476942420006	0.0	0.0	0.0	0.0	0.0	0.0	0.0	0.0	0.0	0.10651051998138428	0.0	0.0	0.0	0.0	0.0	0.0	0.0
0.2496972531080246	0.12055274844169617	0.2794313132762909	0.0	0.0	0.0	0.0	0.0	0.0	0.0	0.0	0.0	0.0	0.0	0.0	0.0	0.0	0.0	0.19555923342704773	0.0	0.0	0.0	0.0	0.0	0.0	0.0	0.0	0.0	0.0	0.0	0.0	0.0	0.0	0.0	0.0	0.0	0.0	0.0	0.0	0.0	0.0	0.0	0.29218927025794983	0.0	0.44923076033592224	0.0	0.0509243905544281	0.0	0.0	0.0	0.0	0.0	0.0	0.0	0.0	0.0	0.07595480233430862	0.0	0.0	0.0	0.0	0.0	0.0	0.0
0.24921101331710815	0.1262744963169098	0.2663283944129944	0.0	0.0	0.0	0.0	0.0	0.0	0.0	0.0	0.0	0.0	0.0	0.0	0.0	0.0	0.0	0.2014913409948349	0.0	0.0	0.0	0.0	0.0	0.0	0.0	0.0	0.0	0.0	0.0	0.0	0.0	0.0	0.0	0.0	0.0	0.0	0.0	0.0	0.0	0.0	0.0	0.27359458804130554	0.0	0.3997749984264374	0.0	0.049489181488752365	0.0	0.0	0.0	0.0	0.0	0.0	0.0	0.0	0.0	0.10288398712873459	0.0	0.0	0.0	0.0	0.0	0.0	0.0
0.25681403279304504	0.11276603490114212	0.26726219058036804	0.0	0.0	0.0	0.0	0.0	0.0	0.0	0.0	0.0	0.0	0.0	0.0	0.0	0.0	0.0	0.18167924880981445	0.0	0.0	0.0	0.0	0.0	0.0	0.0	0.0	0.0	0.0	0.0	0.0	0.0	0.0	0.0	0.0	0.0	0.0	0.0	0.0	0.0	0.0	0.0	0.28890150785446167	0.0	0.44099166989326477	0.0	0.0355612188577652	0.0	0.0	0.0	0.0	0.0	0.0	0.0	0.0	0.0	0.08468762040138245	0.0	0.0	0.0	0.0	0.0	0.0	0.0
0.23999397456645966	0.12979739904403687	0.2608758211135864	0.0	0.0	0.0	0.0	0.0	0.0	0.0	0.0	0.0	0.0	0.0	0.0	0.0	0.0	0.0	0.20152221620082855	0.0	0.0	0.0	0.0	0.0	0.0	0.0	0.0	0.0	0.0	0.0	0.0	0.0	0.0	0.0	0.0	0.0	0.0	0.0	0.0	0.0	0.0	0.0	0.27256762981414795	0.0	0.3895826041698456	0.0	0.05028734728693962	0.0	0.0	0.0	0.0	0.0	0.0	0.0	0.0	0.0	0.10974974930286407	0.0	0.0	0.0	0.0	0.0	0.0	0.0
0.25039148330688477	0.12468548864126205	0.2574933171272278	0.0	0.0	0.0	0.0	0.0	0.0	0.0	0.0	0.0	0.0	0.0	0.0	0.0	0.0	0.0	0.192159503698349	0.0	0.0	0.0	0.0	0.0	0.0	0.0	0.0	0.0	0.0	0.0	0.0	0.0	0.0	0.0	0.0	0.0	0.0	0.0	0.0	0.0	0.0	0.0	0.2812888026237488	0.0	0.4036657512187958	0.0	0.04496140033006668	0.0	0.0	0.0	0.0	0.0	0.0	0.0	0.0	0.0	0.10556380450725555	0.0	0.0	0.0	0.0	0.0	0.0	0.0
0.25322404503822327	0.11433963477611542	0.262813925743103	0.0	0.0	0.0	0.0	0.0	0.0	0.0	0.0	0.0	0.0	0.0	0.0	0.0	0.0	0.0	0.1844540536403656	0.0	0.0	0.0	0.0	0.0	0.0	0.0	0.0	0.0	0.0	0.0	0.0	0.0	0.0	0.0	0.0	0.0	0.0	0.0	0.0	0.0	0.0	0.0	0.2864932417869568	0.0	0.42550069093704224	0.0	0.04083194583654404	0.0	0.0	0.0	0.0	0.0	0.0	0.0	0.0	0.0	0.08873846381902695	0.0	0.0	0.0	0.0	0.0	0.0	0.0
0.24797335267066956	0.13203731179237366	0.2635665535926819	0.0	0.0	0.0	0.0	0.0	0.0	0.0	0.0	0.0	0.0	0.0	0.0	0.0	0.0	0.0	0.2011195719242096	0.0	0.0	0.0	0.0	0.0	0.0	0.0	0.0	0.0	0.0	0.0	0.0	0.0	0.0	0.0	0.0	0.0	0.0	0.0	0.0	0.0	0.0	0.0	0.27641671895980835	0.0	0.404714971780777	0.0	0.04483828321099281	0.0	0.0	0.0	0.0	0.0	0.0	0.0	0.0	0.0	0.10489431768655777	0.0	0.0	0.0	0.0	0.0	0.0	0.0
0.24139687418937683	0.13047455251216888	0.2575373351573944	0.0	0.0	0.0	0.0	0.0	0.0	0.0	0.0	0.0	0.0	0.0	0.0	0.0	0.0	0.0	0.20226944983005524	0.0	0.0	0.0	0.0	0.0	0.0	0.0	0.0	0.0	0.0	0.0	0.0	0.0	0.0	0.0	0.0	0.0	0.0	0.0	0.0	0.0	0.0	0.0	0.27217358350753784	0.0	0.3857543170452118	0.0	0.04661896079778671	0.0	0.0	0.0	0.0	0.0	0.0	0.0	0.0	0.0	0.11040224879980087	0.0	0.0	0.0	0.0	0.0	0.0	0.0
0.24253395199775696	0.13824424147605896	0.2692340612411499	0.0	0.0	0.0	0.0	0.0	0.0	0.0	0.0	0.0	0.0	0.0	0.0	0.0	0.0	0.0	0.21109706163406372	0.0	0.0	0.0	0.0	0.0	0.0	0.0	0.0	0.0	0.0	0.0	0.0	0.0	0.0	0.0	0.0	0.0	0.0	0.0	0.0	0.0	0.0	0.0	0.27477553486824036	0.0	0.40058615803718567	0.0	0.04358101636171341	0.0	0.0	0.0	0.0	0.0	0.0	0.0	0.0	0.0	0.10745997726917267	0.0	0.0	0.0	0.0	0.0	0.0	0.0
0.24139268696308136	0.13496288657188416	0.2613848149776459	0.0	0.0	0.0	0.0	0.0	0.0	0.0	0.0	0.0	0.0	0.0	0.0	0.0	0.0	0.0	0.20645669102668762	0.0	0.0	0.0	0.0	0.0	0.0	0.0	0.0	0.0	0.0	0.0	0.0	0.0	0.0	0.0	0.0	0.0	0.0	0.0	0.0	0.0	0.0	0.0	0.27438563108444214	0.0	0.40936723351478577	0.0	0.040580376982688904	0.0	0.0	0.0	0.0	0.0	0.0	0.0	0.0	0.0	0.10556149482727051	0.0	0.0	0.0	0.0	0.0	0.0	0.0
0.24747341871261597	0.1377406269311905	0.28400859236717224	0.0	0.0	0.0	0.0	0.0	0.0	0.0	0.0	0.0	0.0	0.0	0.0	0.0	0.0	0.0	0.212535560131073	0.0	0.0	0.0	0.0	0.0	0.0	0.0	0.0	0.0	0.0	0.0	0.0	0.0	0.0	0.0	0.0	0.0	0.0	0.0	0.0	0.0	0.0	0.0	0.2909635901451111	0.0	0.45600154995918274	0.0	0.04569396376609802	0.0	0.0	0.0	0.0	0.0	0.0	0.0	0.0	0.0	0.08353588730096817	0.0	0.0	0.0	0.0	0.0	0.0	0.0
0.243117094039917	0.13183237612247467	0.25992581248283386	0.0	0.0	0.0	0.0	0.0	0.0	0.0	0.0	0.0	0.0	0.0	0.0	0.0	0.0	0.0	0.20145931839942932	0.0	0.0	0.0	0.0	0.0	0.0	0.0	0.0	0.0	0.0	0.0	0.0	0.0	0.0	0.0	0.0	0.0	0.0	0.0	0.0	0.0	0.0	0.0	0.2723067104816437	0.0	0.3924259543418884	0.0	0.04731721431016922	0.0	0.0	0.0	0.0	0.0	0.0	0.0	0.0	0.0	0.10812272131443024	0.0	0.0	0.0	0.0	0.0	0.0	0.0
0.25514382123947144	0.11526206880807877	0.26806411147117615	0.0	0.0	0.0	0.0	0.0	0.0	0.0	0.0	0.0	0.0	0.0	0.0	0.0	0.0	0.0	0.17902791500091553	0.0	0.0	0.0	0.0	0.0	0.0	0.0	0.0	0.0	0.0	0.0	0.0	0.0	0.0	0.0	0.0	0.0	0.0	0.0	0.0	0.0	0.0	0.0	0.2947833836078644	0.0	0.43231773376464844	0.0	0.04165523871779442	0.0	0.0	0.0	0.0	0.0	0.0	0.0	0.0	0.0	0.08732903003692627	0.0	0.0	0.0	0.0	0.0	0.0	0.0
0.2362186759710312	0.1375400871038437	0.25795501470565796	0.0	0.0	0.0	0.0	0.0	0.0	0.0	0.0	0.0	0.0	0.0	0.0	0.0	0.0	0.0	0.21598057448863983	0.0	0.0	0.0	0.0	0.0	0.0	0.0	0.0	0.0	0.0	0.0	0.0	0.0	0.0	0.0	0.0	0.0	0.0	0.0	0.0	0.0	0.0	0.0	0.26238885521888733	0.0	0.381224125623703	0.0	0.04946883022785187	0.0	0.0	0.0	0.0	0.0	0.0	0.0	0.0	0.0	0.11656100302934647	0.0	0.0	0.0	0.0	0.0	0.0	0.0
0.24382153153419495	0.13240638375282288	0.26140686869621277	0.0	0.0	0.0	0.0	0.0	0.0	0.0	0.0	0.0	0.0	0.0	0.0	0.0	0.0	0.0	0.20470517873764038	0.0	0.0	0.0	0.0	0.0	0.0	0.0	0.0	0.0	0.0	0.0	0.0	0.0	0.0	0.0	0.0	0.0	0.0	0.0	0.0	0.0	0.0	0.0	0.27223441004753113	0.0	0.39557626843452454	0.0	0.049989376217126846	0.0	0.0	0.0	0.0	0.0	0.0	0.0	0.0	0.0	0.10831475257873535	0.0	0.0	0.0	0.0	0.0	0.0	0.0
0.23890987038612366	0.1363232582807541	0.2570066750049591	0.0	0.0	0.0	0.0	0.0	0.0	0.0	0.0	0.0	0.0	0.0	0.0	0.0	0.0	0.0	0.20528291165828705	0.0	0.0	0.0	0.0	0.0	0.0	0.0	0.0	0.0	0.0	0.0	0.0	0.0	0.0	0.0	0.0	0.0	0.0	0.0	0.0	0.0	0.0	0.0	0.2688564658164978	0.0	0.38213619589805603	0.0	0.05169595777988434	0.0	0.0	0.0	0.0	0.0	0.0	0.0	0.0	0.0	0.11130370199680328	0.0	0.0	0.0	0.0	0.0	0.0	0.0
0.24328503012657166	0.13130547106266022	0.2566227912902832	0.0	0.0	0.0	0.0	0.0	0.0	0.0	0.0	0.0	0.0	0.0	0.0	0.0	0.0	0.0	0.20626577734947205	0.0	0.0	0.0	0.0	0.0	0.0	0.0	0.0	0.0	0.0	0.0	0.0	0.0	0.0	0.0	0.0	0.0	0.0	0.0	0.0	0.0	0.0	0.0	0.27253153920173645	0.0	0.3902689516544342	0.0	0.0479900985956192	0.0	0.0	0.0	0.0	0.0	0.0	0.0	0.0	0.0	0.10770589858293533	0.0	0.0	0.0	0.0	0.0	0.0	0.0
0.24061551690101624	0.13100333511829376	0.2631000280380249	0.0	0.0	0.0	0.0	0.0	0.0	0.0	0.0	0.0	0.0	0.0	0.0	0.0	0.0	0.0	0.20532281696796417	0.0	0.0	0.0	0.0	0.0	0.0	0.0	0.0	0.0	0.0	0.0	0.0	0.0	0.0	0.0	0.0	0.0	0.0	0.0	0.0	0.0	0.0	0.0	0.2724144756793976	0.0	0.3937447965145111	0.0	0.05031371861696243	0.0	0.0	0.0	0.0	0.0	0.0	0.0	0.0	0.0	0.10745889693498611	0.0	0.0	0.0	0.0	0.0	0.0	0.0
0.2640673518180847	0.10719344019889832	0.2691253423690796	0.0	0.0	0.0	0.0	0.0	0.0	0.0	0.0	0.0	0.0	0.0	0.0	0.0	0.0	0.0	0.163458913564682	0.0	0.0	0.0	0.0	0.0	0.0	0.0	0.0	0.0	0.0	0.0	0.0	0.0	0.0	0.0	0.0	0.0	0.0	0.0	0.0	0.0	0.0	0.0	0.30234864354133606	0.0	0.4524303078651428	0.0	0.03734329342842102	0.0	0.0	0.0	0.0	0.0	0.0	0.0	0.0	0.0	0.0831248015165329	0.0	0.0	0.0	0.0	0.0	0.0	0.0
0.2430962473154068	0.13157540559768677	0.271524041891098	0.0	0.0	0.0	0.0	0.0	0.0	0.0	0.0	0.0	0.0	0.0	0.0	0.0	0.0	0.0	0.20924854278564453	0.0	0.0	0.0	0.0	0.0	0.0	0.0	0.0	0.0	0.0	0.0	0.0	0.0	0.0	0.0	0.0	0.0	0.0	0.0	0.0	0.0	0.0	0.0	0.27347585558891296	0.0	0.40201666951179504	0.0	0.04993361979722977	0.0	0.0	0.0	0.0	0.0	0.0	0.0	0.0	0.0	0.10378732532262802	0.0	0.0	0.0	0.0	0.0	0.0	0.0
0.24037949740886688	0.1246875748038292	0.25899991393089294	0.0	0.0	0.0	0.0	0.0	0.0	0.0	0.0	0.0	0.0	0.0	0.0	0.0	0.0	0.0	0.1996038258075714	0.0	0.0	0.0	0.0	0.0	0.0	0.0	0.0	0.0	0.0	0.0	0.0	0.0	0.0	0.0	0.0	0.0	0.0	0.0	0.0	0.0	0.0	0.0	0.2664278447628021	0.0	0.3856565058231354	0.0	0.04941360652446747	0.0	0.0	0.0	0.0	0.0	0.0	0.0	0.0	0.0	0.10662375390529633	0.0	0.0	0.0	0.0	0.0	0.0	0.0
0.24399515986442566	0.16002291440963745	0.2719707489013672	0.0	0.0	0.0	0.0	0.0	0.0	0.0	0.0	0.0	0.0	0.0	0.0	0.0	0.0	0.0	0.24272188544273376	0.0	0.0	0.0	0.0	0.0	0.0	0.0	0.0	0.0	0.0	0.0	0.0	0.0	0.0	0.0	0.0	0.0	0.0	0.0	0.0	0.0	0.0	0.0	0.2716606557369232	0.0	0.3991396725177765	0.0	0.0562983937561512	0.0	0.0	0.0	0.0	0.0	0.0	0.0	0.0	0.0	0.10518611967563629	0.0	0.0	0.0	0.0	0.0	0.0	0.0
0.24408569931983948	0.13383454084396362	0.2647368013858795	0.0	0.0	0.0	0.0	0.0	0.0	0.0	0.0	0.0	0.0	0.0	0.0	0.0	0.0	0.0	0.2074303925037384	0.0	0.0	0.0	0.0	0.0	0.0	0.0	0.0	0.0	0.0	0.0	0.0	0.0	0.0	0.0	0.0	0.0	0.0	0.0	0.0	0.0	0.0	0.0	0.26895254850387573	0.0	0.39159101247787476	0.0	0.047853413969278336	0.0	0.0	0.0	0.0	0.0	0.0	0.0	0.0	0.0	0.10687645524740219	0.0	0.0	0.0	0.0	0.0	0.0	0.0
0.23511740565299988	0.14734229445457458	0.26196780800819397	0.0	0.0	0.0	0.0	0.0	0.0	0.0	0.0	0.0	0.0	0.0	0.0	0.0	0.0	0.0	0.2248034030199051	0.0	0.0	0.0	0.0	0.0	0.0	0.0	0.0	0.0	0.0	0.0	0.0	0.0	0.0	0.0	0.0	0.0	0.0	0.0	0.0	0.0	0.0	0.0	0.26057735085487366	0.0	0.3730039596557617	0.0	0.05165667086839676	0.0	0.0	0.0	0.0	0.0	0.0	0.0	0.0	0.0	0.11563687026500702	0.0	0.0	0.0	0.0	0.0	0.0	0.0
0.25137200951576233	0.11529744416475296	0.2636788785457611	0.0	0.0	0.0	0.0	0.0	0.0	0.0	0.0	0.0	0.0	0.0	0.0	0.0	0.0	0.0	0.18312205374240875	0.0	0.0	0.0	0.0	0.0	0.0	0.0	0.0	0.0	0.0	0.0	0.0	0.0	0.0	0.0	0.0	0.0	0.0	0.0	0.0	0.0	0.0	0.0	0.2834773659706116	0.0	0.423475980758667	0.0	0.044981278479099274	0.0	0.0	0.0	0.0	0.0	0.0	0.0	0.0	0.0	0.08889870345592499	0.0	0.0	0.0	0.0	0.0	0.0	0.0
0.24279610812664032	0.13188371062278748	0.25915831327438354	0.0	0.0	0.0	0.0	0.0	0.0	0.0	0.0	0.0	0.0	0.0	0.0	0.0	0.0	0.0	0.20241935551166534	0.0	0.0	0.0	0.0	0.0	0.0	0.0	0.0	0.0	0.0	0.0	0.0	0.0	0.0	0.0	0.0	0.0	0.0	0.0	0.0	0.0	0.0	0.0	0.2791432738304138	0.0	0.40854522585868835	0.0	0.046494919806718826	0.0	0.0	0.0	0.0	0.0	0.0	0.0	0.0	0.0	0.10396358370780945	0.0	0.0	0.0	0.0	0.0	0.0	0.0
0.24779173731803894	0.12158500403165817	0.26472851634025574	0.0	0.0	0.0	0.0	0.0	0.0	0.0	0.0	0.0	0.0	0.0	0.0	0.0	0.0	0.0	0.19559980928897858	0.0	0.0	0.0	0.0	0.0	0.0	0.0	0.0	0.0	0.0	0.0	0.0	0.0	0.0	0.0	0.0	0.0	0.0	0.0	0.0	0.0	0.0	0.0	0.28241732716560364	0.0	0.4202500283718109	0.0	0.04592803493142128	0.0	0.0	0.0	0.0	0.0	0.0	0.0	0.0	0.0	0.09420312196016312	0.0	0.0	0.0	0.0	0.0	0.0	0.0
0.2396974116563797	0.13247621059417725	0.2608044445514679	0.0	0.0	0.0	0.0	0.0	0.0	0.0	0.0	0.0	0.0	0.0	0.0	0.0	0.0	0.0	0.20838262140750885	0.0	0.0	0.0	0.0	0.0	0.0	0.0	0.0	0.0	0.0	0.0	0.0	0.0	0.0	0.0	0.0	0.0	0.0	0.0	0.0	0.0	0.0	0.0	0.2725527584552765	0.0	0.3915194571018219	0.0	0.04874604567885399	0.0	0.0	0.0	0.0	0.0	0.0	0.0	0.0	0.0	0.1099788025021553	0.0	0.0	0.0	0.0	0.0	0.0	0.0
0.24617592990398407	0.11611286550760269	0.25987502932548523	0.0	0.0	0.0	0.0	0.0	0.0	0.0	0.0	0.0	0.0	0.0	0.0	0.0	0.0	0.0	0.18925073742866516	0.0	0.0	0.0	0.0	0.0	0.0	0.0	0.0	0.0	0.0	0.0	0.0	0.0	0.0	0.0	0.0	0.0	0.0	0.0	0.0	0.0	0.0	0.0	0.277615487575531	0.0	0.4044804573059082	0.0	0.048566799610853195	0.0	0.0	0.0	0.0	0.0	0.0	0.0	0.0	0.0	0.09878775477409363	0.0	0.0	0.0	0.0	0.0	0.0	0.0
0.2439539134502411	0.13434909284114838	0.25944066047668457	0.0	0.0	0.0	0.0	0.0	0.0	0.0	0.0	0.0	0.0	0.0	0.0	0.0	0.0	0.0	0.20537486672401428	0.0	0.0	0.0	0.0	0.0	0.0	0.0	0.0	0.0	0.0	0.0	0.0	0.0	0.0	0.0	0.0	0.0	0.0	0.0	0.0	0.0	0.0	0.0	0.274340957403183	0.0	0.3974449336528778	0.0	0.04615851491689682	0.0	0.0	0.0	0.0	0.0	0.0	0.0	0.0	0.0	0.10770823061466217	0.0	0.0	0.0	0.0	0.0	0.0	0.0
0.23520760238170624	0.13826975226402283	0.2635524868965149	0.0	0.0	0.0	0.0	0.0	0.0	0.0	0.0	0.0	0.0	0.0	0.0	0.0	0.0	0.0	0.2133726179599762	0.0	0.0	0.0	0.0	0.0	0.0	0.0	0.0	0.0	0.0	0.0	0.0	0.0	0.0	0.0	0.0	0.0	0.0	0.0	0.0	0.0	0.0	0.0	0.27133092284202576	0.0	0.38738349080085754	0.0	0.0525844544172287	0.0	0.0	0.0	0.0	0.0	0.0	0.0	0.0	0.0	0.11100895702838898	0.0	0.0	0.0	0.0	0.0	0.0	0.0
0.24131065607070923	0.13466522097587585	0.25680965185165405	0.0	0.0	0.0	0.0	0.0	0.0	0.0	0.0	0.0	0.0	0.0	0.0	0.0	0.0	0.0	0.20825795829296112	0.0	0.0	0.0	0.0	0.0	0.0	0.0	0.0	0.0	0.0	0.0	0.0	0.0	0.0	0.0	0.0	0.0	0.0	0.0	0.0	0.0	0.0	0.0	0.26811519265174866	0.0	0.3776327967643738	0.0	0.050141215324401855	0.0	0.0	0.0	0.0	0.0	0.0	0.0	0.0	0.0	0.11290700733661652	0.0	0.0	0.0	0.0	0.0	0.0	0.0
0.24533750116825104	0.1386738121509552	0.26533031463623047	0.0	0.0	0.0	0.0	0.0	0.0	0.0	0.0	0.0	0.0	0.0	0.0	0.0	0.0	0.0	0.20810961723327637	0.0	0.0	0.0	0.0	0.0	0.0	0.0	0.0	0.0	0.0	0.0	0.0	0.0	0.0	0.0	0.0	0.0	0.0	0.0	0.0	0.0	0.0	0.0	0.2780495584011078	0.0	0.39487582445144653	0.0	0.05885155126452446	0.0	0.0	0.0	0.0	0.0	0.0	0.0	0.0	0.0	0.1025906503200531	0.0	0.0	0.0	0.0	0.0	0.0	0.0
0.24697238206863403	0.1299387514591217	0.2627538740634918	0.0	0.0	0.0	0.0	0.0	0.0	0.0	0.0	0.0	0.0	0.0	0.0	0.0	0.0	0.0	0.1944991946220398	0.0	0.0	0.0	0.0	0.0	0.0	0.0	0.0	0.0	0.0	0.0	0.0	0.0	0.0	0.0	0.0	0.0	0.0	0.0	0.0	0.0	0.0	0.0	0.2765088379383087	0.0	0.4047209620475769	0.0	0.04361267760396004	0.0	0.0	0.0	0.0	0.0	0.0	0.0	0.0	0.0	0.1020941510796547	0.0	0.0	0.0	0.0	0.0	0.0	0.0
0.24323055148124695	0.12626418471336365	0.259117990732193	0.0	0.0	0.0	0.0	0.0	0.0	0.0	0.0	0.0	0.0	0.0	0.0	0.0	0.0	0.0	0.19836215674877167	0.0	0.0	0.0	0.0	0.0	0.0	0.0	0.0	0.0	0.0	0.0	0.0	0.0	0.0	0.0	0.0	0.0	0.0	0.0	0.0	0.0	0.0	0.0	0.2698791027069092	0.0	0.39381763339042664	0.0	0.04963451251387596	0.0	0.0	0.0	0.0	0.0	0.0	0.0	0.0	0.0	0.10636266320943832	0.0	0.0	0.0	0.0	0.0	0.0	0.0
0.2347141057252884	0.1606697291135788	0.26774856448173523	0.0	0.0	0.0	0.0	0.0	0.0	0.0	0.0	0.0	0.0	0.0	0.0	0.0	0.0	0.0	0.2467973679304123	0.0	0.0	0.0	0.0	0.0	0.0	0.0	0.0	0.0	0.0	0.0	0.0	0.0	0.0	0.0	0.0	0.0	0.0	0.0	0.0	0.0	0.0	0.0	0.2570047080516815	0.0	0.36635300517082214	0.0	0.05963858217000961	0.0	0.0	0.0	0.0	0.0	0.0	0.0	0.0	0.0	0.1187262088060379	0.0	0.0	0.0	0.0	0.0	0.0	0.0
0.24484390020370483	0.12555961310863495	0.2715277671813965	0.0	0.0	0.0	0.0	0.0	0.0	0.0	0.0	0.0	0.0	0.0	0.0	0.0	0.0	0.0	0.20554319024085999	0.0	0.0	0.0	0.0	0.0	0.0	0.0	0.0	0.0	0.0	0.0	0.0	0.0	0.0	0.0	0.0	0.0	0.0	0.0	0.0	0.0	0.0	0.0	0.29646793007850647	0.0	0.45128104090690613	0.0	0.04180275648832321	0.0	0.0	0.0	0.0	0.0	0.0	0.0	0.0	0.0	0.09390664100646973	0.0	0.0	0.0	0.0	0.0	0.0	0.0
0.28006309270858765	0.0818144753575325	0.2587926685810089	0.0	0.0	0.0	0.0	0.0	0.0	0.0	0.0	0.0	0.0	0.0	0.0	0.0	0.0	0.0	0.11316104978322983	0.0	0.0	0.0	0.0	0.0	0.0	0.0	0.0	0.0	0.0	0.0	0.0	0.0	0.0	0.0	0.0	0.0	0.0	0.0	0.0	0.0	0.0	0.0	0.3191218972206116	0.0	0.45595213770866394	0.0	0.02027486264705658	0.0	0.0	0.0	0.0	0.0	0.0	0.0	0.0	0.0	0.06998014450073242	0.0	0.0	0.0	0.0	0.0	0.0	0.0
0.24316443502902985	0.13007572293281555	0.25803300738334656	0.0	0.0	0.0	0.0	0.0	0.0	0.0	0.0	0.0	0.0	0.0	0.0	0.0	0.0	0.0	0.20635686814785004	0.0	0.0	0.0	0.0	0.0	0.0	0.0	0.0	0.0	0.0	0.0	0.0	0.0	0.0	0.0	0.0	0.0	0.0	0.0	0.0	0.0	0.0	0.0	0.2721778452396393	0.0	0.3890873193740845	0.0	0.04542258009314537	0.0	0.0	0.0	0.0	0.0	0.0	0.0	0.0	0.0	0.10758442431688309	0.0	0.0	0.0	0.0	0.0	0.0	0.0
0.25782227516174316	0.10527145862579346	0.2739180624485016	0.0	0.0	0.0	0.0	0.0	0.0	0.0	0.0	0.0	0.0	0.0	0.0	0.0	0.0	0.0	0.16654916107654572	0.0	0.0	0.0	0.0	0.0	0.0	0.0	0.0	0.0	0.0	0.0	0.0	0.0	0.0	0.0	0.0	0.0	0.0	0.0	0.0	0.0	0.0	0.0	0.3032666742801666	0.0	0.46408528089523315	0.0	0.03368261083960533	0.0	0.0	0.0	0.0	0.0	0.0	0.0	0.0	0.0	0.06487578898668289	0.0	0.0	0.0	0.0	0.0	0.0	0.0
0.24101874232292175	0.1288006603717804	0.2561880052089691	0.0	0.0	0.0	0.0	0.0	0.0	0.0	0.0	0.0	0.0	0.0	0.0	0.0	0.0	0.0	0.20171496272087097	0.0	0.0	0.0	0.0	0.0	0.0	0.0	0.0	0.0	0.0	0.0	0.0	0.0	0.0	0.0	0.0	0.0	0.0	0.0	0.0	0.0	0.0	0.0	0.27145376801490784	0.0	0.38988107442855835	0.0	0.050162579864263535	0.0	0.0	0.0	0.0	0.0	0.0	0.0	0.0	0.0	0.10351718962192535	0.0	0.0	0.0	0.0	0.0	0.0	0.0
0.27569398283958435	0.07692115753889084	0.24297630786895752	0.0	0.0	0.0	0.0	0.0	0.0	0.0	0.0	0.0	0.0	0.0	0.0	0.0	0.0	0.0	0.10597603023052216	0.0	0.0	0.0	0.0	0.0	0.0	0.0	0.0	0.0	0.0	0.0	0.0	0.0	0.0	0.0	0.0	0.0	0.0	0.0	0.0	0.0	0.0	0.0	0.3169814646244049	0.0	0.4516323208808899	0.0	0.016223222017288208	0.0	0.0	0.0	0.0	0.0	0.0	0.0	0.0	0.0	0.0782712921500206	0.0	0.0	0.0	0.0	0.0	0.0	0.0
0.2529701888561249	0.10287276655435562	0.25114843249320984	0.0	0.0	0.0	0.0	0.0	0.0	0.0	0.0	0.0	0.0	0.0	0.0	0.0	0.0	0.0	0.16032575070858002	0.0	0.0	0.0	0.0	0.0	0.0	0.0	0.0	0.0	0.0	0.0	0.0	0.0	0.0	0.0	0.0	0.0	0.0	0.0	0.0	0.0	0.0	0.0	0.286591112613678	0.0	0.406623899936676	0.0	0.03859170153737068	0.0	0.0	0.0	0.0	0.0	0.0	0.0	0.0	0.0	0.09697441011667252	0.0	0.0	0.0	0.0	0.0	0.0	0.0
0.24060295522212982	0.1280309110879898	0.2618289589881897	0.0	0.0	0.0	0.0	0.0	0.0	0.0	0.0	0.0	0.0	0.0	0.0	0.0	0.0	0.0	0.20313943922519684	0.0	0.0	0.0	0.0	0.0	0.0	0.0	0.0	0.0	0.0	0.0	0.0	0.0	0.0	0.0	0.0	0.0	0.0	0.0	0.0	0.0	0.0	0.0	0.2697170078754425	0.0	0.3871985077857971	0.0	0.05185049772262573	0.0	0.0	0.0	0.0	0.0	0.0	0.0	0.0	0.0	0.10676882416009903	0.0	0.0	0.0	0.0	0.0	0.0	0.0
0.24103060364723206	0.13260729610919952	0.2586391866207123	0.0	0.0	0.0	0.0	0.0	0.0	0.0	0.0	0.0	0.0	0.0	0.0	0.0	0.0	0.0	0.20951668918132782	0.0	0.0	0.0	0.0	0.0	0.0	0.0	0.0	0.0	0.0	0.0	0.0	0.0	0.0	0.0	0.0	0.0	0.0	0.0	0.0	0.0	0.0	0.0	0.27465465664863586	0.0	0.39503034949302673	0.0	0.0434354804456234	0.0	0.0	0.0	0.0	0.0	0.0	0.0	0.0	0.0	0.11090768128633499	0.0	0.0	0.0	0.0	0.0	0.0	0.0
0.2393542379140854	0.134968563914299	0.2595708966255188	0.0	0.0	0.0	0.0	0.0	0.0	0.0	0.0	0.0	0.0	0.0	0.0	0.0	0.0	0.0	0.21258793771266937	0.0	0.0	0.0	0.0	0.0	0.0	0.0	0.0	0.0	0.0	0.0	0.0	0.0	0.0	0.0	0.0	0.0	0.0	0.0	0.0	0.0	0.0	0.0	0.2703290581703186	0.0	0.3840213418006897	0.0	0.048020195215940475	0.0	0.0	0.0	0.0	0.0	0.0	0.0	0.0	0.0	0.11140219867229462	0.0	0.0	0.0	0.0	0.0	0.0	0.0
0.24336101114749908	0.12559962272644043	0.26035913825035095	0.0	0.0	0.0	0.0	0.0	0.0	0.0	0.0	0.0	0.0	0.0	0.0	0.0	0.0	0.0	0.19863098859786987	0.0	0.0	0.0	0.0	0.0	0.0	0.0	0.0	0.0	0.0	0.0	0.0	0.0	0.0	0.0	0.0	0.0	0.0	0.0	0.0	0.0	0.0	0.0	0.2741519808769226	0.0	0.39340054988861084	0.0	0.05137090012431145	0.0	0.0	0.0	0.0	0.0	0.0	0.0	0.0	0.0	0.10488349944353104	0.0	0.0	0.0	0.0	0.0	0.0	0.0
0.24956439435482025	0.12203826755285263	0.2647206783294678	0.0	0.0	0.0	0.0	0.0	0.0	0.0	0.0	0.0	0.0	0.0	0.0	0.0	0.0	0.0	0.19143401086330414	0.0	0.0	0.0	0.0	0.0	0.0	0.0	0.0	0.0	0.0	0.0	0.0	0.0	0.0	0.0	0.0	0.0	0.0	0.0	0.0	0.0	0.0	0.0	0.2814888656139374	0.0	0.4166901409626007	0.0	0.04718315973877907	0.0	0.0	0.0	0.0	0.0	0.0	0.0	0.0	0.0	0.0948944166302681	0.0	0.0	0.0	0.0	0.0	0.0	0.0
0.23826344311237335	0.13287955522537231	0.256106436252594	0.0	0.0	0.0	0.0	0.0	0.0	0.0	0.0	0.0	0.0	0.0	0.0	0.0	0.0	0.0	0.20764651894569397	0.0	0.0	0.0	0.0	0.0	0.0	0.0	0.0	0.0	0.0	0.0	0.0	0.0	0.0	0.0	0.0	0.0	0.0	0.0	0.0	0.0	0.0	0.0	0.26704880595207214	0.0	0.3816441595554352	0.0	0.05233209580183029	0.0	0.0	0.0	0.0	0.0	0.0	0.0	0.0	0.0	0.11148440837860107	0.0	0.0	0.0	0.0	0.0	0.0	0.0
0.2514512836933136	0.12880904972553253	0.27620619535446167	0.0	0.0	0.0	0.0	0.0	0.0	0.0	0.0	0.0	0.0	0.0	0.0	0.0	0.0	0.0	0.2005276381969452	0.0	0.0	0.0	0.0	0.0	0.0	0.0	0.0	0.0	0.0	0.0	0.0	0.0	0.0	0.0	0.0	0.0	0.0	0.0	0.0	0.0	0.0	0.0	0.2818317711353302	0.0	0.4120354652404785	0.0	0.0503593273460865	0.0	0.0	0.0	0.0	0.0	0.0	0.0	0.0	0.0	0.096561960875988	0.0	0.0	0.0	0.0	0.0	0.0	0.0
0.25540268421173096	0.12189807742834091	0.2732815742492676	0.0	0.0	0.0	0.0	0.0	0.0	0.0	0.0	0.0	0.0	0.0	0.0	0.0	0.0	0.0	0.1899760663509369	0.0	0.0	0.0	0.0	0.0	0.0	0.0	0.0	0.0	0.0	0.0	0.0	0.0	0.0	0.0	0.0	0.0	0.0	0.0	0.0	0.0	0.0	0.0	0.2957944869995117	0.0	0.44176962971687317	0.0	0.04040292650461197	0.0	0.0	0.0	0.0	0.0	0.0	0.0	0.0	0.0	0.0818568542599678	0.0	0.0	0.0	0.0	0.0	0.0	0.0
0.24046216905117035	0.1329083889722824	0.25716352462768555	0.0	0.0	0.0	0.0	0.0	0.0	0.0	0.0	0.0	0.0	0.0	0.0	0.0	0.0	0.0	0.2024826556444168	0.0	0.0	0.0	0.0	0.0	0.0	0.0	0.0	0.0	0.0	0.0	0.0	0.0	0.0	0.0	0.0	0.0	0.0	0.0	0.0	0.0	0.0	0.0	0.2647319734096527	0.0	0.38173750042915344	0.0	0.04900633543729782	0.0	0.0	0.0	0.0	0.0	0.0	0.0	0.0	0.0	0.1128355860710144	0.0	0.0	0.0	0.0	0.0	0.0	0.0
0.2671450674533844	0.09867693483829498	0.26422396302223206	0.0	0.0	0.0	0.0	0.0	0.0	0.0	0.0	0.0	0.0	0.0	0.0	0.0	0.0	0.0	0.14983399212360382	0.0	0.0	0.0	0.0	0.0	0.0	0.0	0.0	0.0	0.0	0.0	0.0	0.0	0.0	0.0	0.0	0.0	0.0	0.0	0.0	0.0	0.0	0.0	0.3043402433395386	0.0	0.4561174213886261	0.0	0.0288634542375803	0.0	0.0	0.0	0.0	0.0	0.0	0.0	0.0	0.0	0.0734519213438034	0.0	0.0	0.0	0.0	0.0	0.0	0.0
0.246119886636734	0.13163675367832184	0.2573622167110443	0.0	0.0	0.0	0.0	0.0	0.0	0.0	0.0	0.0	0.0	0.0	0.0	0.0	0.0	0.0	0.1961676925420761	0.0	0.0	0.0	0.0	0.0	0.0	0.0	0.0	0.0	0.0	0.0	0.0	0.0	0.0	0.0	0.0	0.0	0.0	0.0	0.0	0.0	0.0	0.0	0.2751489281654358	0.0	0.39750009775161743	0.0	0.041252050548791885	0.0	0.0	0.0	0.0	0.0	0.0	0.0	0.0	0.0	0.1050068736076355	0.0	0.0	0.0	0.0	0.0	0.0	0.0
0.25726374983787537	0.11393474042415619	0.25743934512138367	0.0	0.0	0.0	0.0	0.0	0.0	0.0	0.0	0.0	0.0	0.0	0.0	0.0	0.0	0.0	0.17228524386882782	0.0	0.0	0.0	0.0	0.0	0.0	0.0	0.0	0.0	0.0	0.0	0.0	0.0	0.0	0.0	0.0	0.0	0.0	0.0	0.0	0.0	0.0	0.0	0.2925655245780945	0.0	0.41894060373306274	0.0	0.032933834940195084	0.0	0.0	0.0	0.0	0.0	0.0	0.0	0.0	0.0	0.09173493087291718	0.0	0.0	0.0	0.0	0.0	0.0	0.0
0.23747768998146057	0.14060130715370178	0.258794903755188	0.0	0.0	0.0	0.0	0.0	0.0	0.0	0.0	0.0	0.0	0.0	0.0	0.0	0.0	0.0	0.21397365629673004	0.0	0.0	0.0	0.0	0.0	0.0	0.0	0.0	0.0	0.0	0.0	0.0	0.0	0.0	0.0	0.0	0.0	0.0	0.0	0.0	0.0	0.0	0.0	0.26742517948150635	0.0	0.3801266551017761	0.0	0.05271468684077263	0.0	0.0	0.0	0.0	0.0	0.0	0.0	0.0	0.0	0.1149371936917305	0.0	0.0	0.0	0.0	0.0	0.0	0.0
0.26208382844924927	0.09771090745925903	0.24441394209861755	0.0	0.0	0.0	0.0	0.0	0.0	0.0	0.0	0.0	0.0	0.0	0.0	0.0	0.0	0.0	0.14384636282920837	0.0	0.0	0.0	0.0	0.0	0.0	0.0	0.0	0.0	0.0	0.0	0.0	0.0	0.0	0.0	0.0	0.0	0.0	0.0	0.0	0.0	0.0	0.0	0.29377061128616333	0.0	0.41068971157073975	0.0	0.03117365390062332	0.0	0.0	0.0	0.0	0.0	0.0	0.0	0.0	0.0	0.09926149994134903	0.0	0.0	0.0	0.0	0.0	0.0	0.0
0.24272920191287994	0.13629688322544098	0.2692495882511139	0.0	0.0	0.0	0.0	0.0	0.0	0.0	0.0	0.0	0.0	0.0	0.0	0.0	0.0	0.0	0.21148711442947388	0.0	0.0	0.0	0.0	0.0	0.0	0.0	0.0	0.0	0.0	0.0	0.0	0.0	0.0	0.0	0.0	0.0	0.0	0.0	0.0	0.0	0.0	0.0	0.2756892442703247	0.0	0.41110628843307495	0.0	0.04836291819810867	0.0	0.0	0.0	0.0	0.0	0.0	0.0	0.0	0.0	0.0986132100224495	0.0	0.0	0.0	0.0	0.0	0.0	0.0
0.2507874369621277	0.13267239928245544	0.268614262342453	0.0	0.0	0.0	0.0	0.0	0.0	0.0	0.0	0.0	0.0	0.0	0.0	0.0	0.0	0.0	0.2049368917942047	0.0	0.0	0.0	0.0	0.0	0.0	0.0	0.0	0.0	0.0	0.0	0.0	0.0	0.0	0.0	0.0	0.0	0.0	0.0	0.0	0.0	0.0	0.0	0.2823401391506195	0.0	0.4283042848110199	0.0	0.04609696939587593	0.0	0.0	0.0	0.0	0.0	0.0	0.0	0.0	0.0	0.09666074812412262	0.0	0.0	0.0	0.0	0.0	0.0	0.0
0.24240867793560028	0.12722140550613403	0.2580643892288208	0.0	0.0	0.0	0.0	0.0	0.0	0.0	0.0	0.0	0.0	0.0	0.0	0.0	0.0	0.0	0.2000594437122345	0.0	0.0	0.0	0.0	0.0	0.0	0.0	0.0	0.0	0.0	0.0	0.0	0.0	0.0	0.0	0.0	0.0	0.0	0.0	0.0	0.0	0.0	0.0	0.2694949209690094	0.0	0.3920873701572418	0.0	0.04794561117887497	0.0	0.0	0.0	0.0	0.0	0.0	0.0	0.0	0.0	0.10717890411615372	0.0	0.0	0.0	0.0	0.0	0.0	0.0
0.24602679908275604	0.1323782056570053	0.2625166177749634	0.0	0.0	0.0	0.0	0.0	0.0	0.0	0.0	0.0	0.0	0.0	0.0	0.0	0.0	0.0	0.20619311928749084	0.0	0.0	0.0	0.0	0.0	0.0	0.0	0.0	0.0	0.0	0.0	0.0	0.0	0.0	0.0	0.0	0.0	0.0	0.0	0.0	0.0	0.0	0.0	0.279069721698761	0.0	0.40155142545700073	0.0	0.04550275579094887	0.0	0.0	0.0	0.0	0.0	0.0	0.0	0.0	0.0	0.10348339378833771	0.0	0.0	0.0	0.0	0.0	0.0	0.0
0.2430056929588318	0.12283600866794586	0.24708624184131622	0.0	0.0	0.0	0.0	0.0	0.0	0.0	0.0	0.0	0.0	0.0	0.0	0.0	0.0	0.0	0.18593356013298035	0.0	0.0	0.0	0.0	0.0	0.0	0.0	0.0	0.0	0.0	0.0	0.0	0.0	0.0	0.0	0.0	0.0	0.0	0.0	0.0	0.0	0.0	0.0	0.2703096270561218	0.0	0.37310224771499634	0.0	0.04325055703520775	0.0	0.0	0.0	0.0	0.0	0.0	0.0	0.0	0.0	0.11330073326826096	0.0	0.0	0.0	0.0	0.0	0.0	0.0
0.2479468584060669	0.11590423434972763	0.26162052154541016	0.0	0.0	0.0	0.0	0.0	0.0	0.0	0.0	0.0	0.0	0.0	0.0	0.0	0.0	0.0	0.19390679895877838	0.0	0.0	0.0	0.0	0.0	0.0	0.0	0.0	0.0	0.0	0.0	0.0	0.0	0.0	0.0	0.0	0.0	0.0	0.0	0.0	0.0	0.0	0.0	0.2787102162837982	0.0	0.4139362871646881	0.0	0.047557372599840164	0.0	0.0	0.0	0.0	0.0	0.0	0.0	0.0	0.0	0.09792677313089371	0.0	0.0	0.0	0.0	0.0	0.0	0.0
0.24664607644081116	0.12827244400978088	0.26260605454444885	0.0	0.0	0.0	0.0	0.0	0.0	0.0	0.0	0.0	0.0	0.0	0.0	0.0	0.0	0.0	0.19920475780963898	0.0	0.0	0.0	0.0	0.0	0.0	0.0	0.0	0.0	0.0	0.0	0.0	0.0	0.0	0.0	0.0	0.0	0.0	0.0	0.0	0.0	0.0	0.0	0.2762501835823059	0.0	0.4091548025608063	0.0	0.04549338296055794	0.0	0.0	0.0	0.0	0.0	0.0	0.0	0.0	0.0	0.0989612564444542	0.0	0.0	0.0	0.0	0.0	0.0	0.0
0.23999306559562683	0.12978114187717438	0.25973713397979736	0.0	0.0	0.0	0.0	0.0	0.0	0.0	0.0	0.0	0.0	0.0	0.0	0.0	0.0	0.0	0.20652960240840912	0.0	0.0	0.0	0.0	0.0	0.0	0.0	0.0	0.0	0.0	0.0	0.0	0.0	0.0	0.0	0.0	0.0	0.0	0.0	0.0	0.0	0.0	0.0	0.26757240295410156	0.0	0.38599956035614014	0.0	0.04902269318699837	0.0	0.0	0.0	0.0	0.0	0.0	0.0	0.0	0.0	0.10779685527086258	0.0	0.0	0.0	0.0	0.0	0.0	0.0
0.23643337190151215	0.13145586848258972	0.2569533884525299	0.0	0.0	0.0	0.0	0.0	0.0	0.0	0.0	0.0	0.0	0.0	0.0	0.0	0.0	0.0	0.20730556547641754	0.0	0.0	0.0	0.0	0.0	0.0	0.0	0.0	0.0	0.0	0.0	0.0	0.0	0.0	0.0	0.0	0.0	0.0	0.0	0.0	0.0	0.0	0.0	0.26841431856155396	0.0	0.3904224634170532	0.0	0.046651821583509445	0.0	0.0	0.0	0.0	0.0	0.0	0.0	0.0	0.0	0.11163642257452011	0.0	0.0	0.0	0.0	0.0	0.0	0.0
0.24079276621341705	0.1318518966436386	0.2546236217021942	0.0	0.0	0.0	0.0	0.0	0.0	0.0	0.0	0.0	0.0	0.0	0.0	0.0	0.0	0.0	0.2062765657901764	0.0	0.0	0.0	0.0	0.0	0.0	0.0	0.0	0.0	0.0	0.0	0.0	0.0	0.0	0.0	0.0	0.0	0.0	0.0	0.0	0.0	0.0	0.0	0.2653258740901947	0.0	0.3829660415649414	0.0	0.05075869709253311	0.0	0.0	0.0	0.0	0.0	0.0	0.0	0.0	0.0	0.11095257103443146	0.0	0.0	0.0	0.0	0.0	0.0	0.0
0.24086664617061615	0.13143201172351837	0.2601320445537567	0.0	0.0	0.0	0.0	0.0	0.0	0.0	0.0	0.0	0.0	0.0	0.0	0.0	0.0	0.0	0.2044806331396103	0.0	0.0	0.0	0.0	0.0	0.0	0.0	0.0	0.0	0.0	0.0	0.0	0.0	0.0	0.0	0.0	0.0	0.0	0.0	0.0	0.0	0.0	0.0	0.2772378623485565	0.0	0.39745375514030457	0.0	0.049838826060295105	0.0	0.0	0.0	0.0	0.0	0.0	0.0	0.0	0.0	0.10615815222263336	0.0	0.0	0.0	0.0	0.0	0.0	0.0
0.239800825715065	0.13266879320144653	0.25359395146369934	0.0	0.0	0.0	0.0	0.0	0.0	0.0	0.0	0.0	0.0	0.0	0.0	0.0	0.0	0.0	0.20291166007518768	0.0	0.0	0.0	0.0	0.0	0.0	0.0	0.0	0.0	0.0	0.0	0.0	0.0	0.0	0.0	0.0	0.0	0.0	0.0	0.0	0.0	0.0	0.0	0.26596352458000183	0.0	0.37377411127090454	0.0	0.048770200461149216	0.0	0.0	0.0	0.0	0.0	0.0	0.0	0.0	0.0	0.11200157552957535	0.0	0.0	0.0	0.0	0.0	0.0	0.0
0.26372772455215454	0.10177163779735565	0.27088463306427	0.0	0.0	0.0	0.0	0.0	0.0	0.0	0.0	0.0	0.0	0.0	0.0	0.0	0.0	0.0	0.15576539933681488	0.0	0.0	0.0	0.0	0.0	0.0	0.0	0.0	0.0	0.0	0.0	0.0	0.0	0.0	0.0	0.0	0.0	0.0	0.0	0.0	0.0	0.0	0.0	0.30365800857543945	0.0	0.46845775842666626	0.0	0.035673998296260834	0.0	0.0	0.0	0.0	0.0	0.0	0.0	0.0	0.0	0.07187352329492569	0.0	0.0	0.0	0.0	0.0	0.0	0.0
0.24365805089473724	0.12754590809345245	0.25414982438087463	0.0	0.0	0.0	0.0	0.0	0.0	0.0	0.0	0.0	0.0	0.0	0.0	0.0	0.0	0.0	0.19830070436000824	0.0	0.0	0.0	0.0	0.0	0.0	0.0	0.0	0.0	0.0	0.0	0.0	0.0	0.0	0.0	0.0	0.0	0.0	0.0	0.0	0.0	0.0	0.0	0.26687508821487427	0.0	0.3724038600921631	0.0	0.05101173371076584	0.0	0.0	0.0	0.0	0.0	0.0	0.0	0.0	0.0	0.11447753757238388	0.0	0.0	0.0	0.0	0.0	0.0	0.0
0.24496683478355408	0.12840677797794342	0.2627063989639282	0.0	0.0	0.0	0.0	0.0	0.0	0.0	0.0	0.0	0.0	0.0	0.0	0.0	0.0	0.0	0.2000463902950287	0.0	0.0	0.0	0.0	0.0	0.0	0.0	0.0	0.0	0.0	0.0	0.0	0.0	0.0	0.0	0.0	0.0	0.0	0.0	0.0	0.0	0.0	0.0	0.27506116032600403	0.0	0.39053449034690857	0.0	0.05007785186171532	0.0	0.0	0.0	0.0	0.0	0.0	0.0	0.0	0.0	0.10241860151290894	0.0	0.0	0.0	0.0	0.0	0.0	0.0
0.2423340082168579	0.14387573301792145	0.2660845220088959	0.0	0.0	0.0	0.0	0.0	0.0	0.0	0.0	0.0	0.0	0.0	0.0	0.0	0.0	0.0	0.22015374898910522	0.0	0.0	0.0	0.0	0.0	0.0	0.0	0.0	0.0	0.0	0.0	0.0	0.0	0.0	0.0	0.0	0.0	0.0	0.0	0.0	0.0	0.0	0.0	0.2731098234653473	0.0	0.3981563448905945	0.0	0.04912395775318146	0.0	0.0	0.0	0.0	0.0	0.0	0.0	0.0	0.0	0.10882657766342163	0.0	0.0	0.0	0.0	0.0	0.0	0.0
0.2435193955898285	0.12113076448440552	0.2608387768268585	0.0	0.0	0.0	0.0	0.0	0.0	0.0	0.0	0.0	0.0	0.0	0.0	0.0	0.0	0.0	0.19333837926387787	0.0	0.0	0.0	0.0	0.0	0.0	0.0	0.0	0.0	0.0	0.0	0.0	0.0	0.0	0.0	0.0	0.0	0.0	0.0	0.0	0.0	0.0	0.0	0.2742256820201874	0.0	0.3958679139614105	0.0	0.04840148612856865	0.0	0.0	0.0	0.0	0.0	0.0	0.0	0.0	0.0	0.09786339849233627	0.0	0.0	0.0	0.0	0.0	0.0	0.0
0.23987041413784027	0.13390977680683136	0.26143786311149597	0.0	0.0	0.0	0.0	0.0	0.0	0.0	0.0	0.0	0.0	0.0	0.0	0.0	0.0	0.0	0.2050306349992752	0.0	0.0	0.0	0.0	0.0	0.0	0.0	0.0	0.0	0.0	0.0	0.0	0.0	0.0	0.0	0.0	0.0	0.0	0.0	0.0	0.0	0.0	0.0	0.26916414499282837	0.0	0.38466131687164307	0.0	0.05056226998567581	0.0	0.0	0.0	0.0	0.0	0.0	0.0	0.0	0.0	0.11091813445091248	0.0	0.0	0.0	0.0	0.0	0.0	0.0
0.24111181497573853	0.13471348583698273	0.26008883118629456	0.0	0.0	0.0	0.0	0.0	0.0	0.0	0.0	0.0	0.0	0.0	0.0	0.0	0.0	0.0	0.20934294164180756	0.0	0.0	0.0	0.0	0.0	0.0	0.0	0.0	0.0	0.0	0.0	0.0	0.0	0.0	0.0	0.0	0.0	0.0	0.0	0.0	0.0	0.0	0.0	0.27285152673721313	0.0	0.3911244571208954	0.0	0.04722990840673447	0.0	0.0	0.0	0.0	0.0	0.0	0.0	0.0	0.0	0.10954958945512772	0.0	0.0	0.0	0.0	0.0	0.0	0.0
0.27541840076446533	0.07656753808259964	0.25198179483413696	0.0	0.0	0.0	0.0	0.0	0.0	0.0	0.0	0.0	0.0	0.0	0.0	0.0	0.0	0.0	0.1092984676361084	0.0	0.0	0.0	0.0	0.0	0.0	0.0	0.0	0.0	0.0	0.0	0.0	0.0	0.0	0.0	0.0	0.0	0.0	0.0	0.0	0.0	0.0	0.0	0.31659799814224243	0.0	0.4540393650531769	0.0	0.01624804548919201	0.0	0.0	0.0	0.0	0.0	0.0	0.0	0.0	0.0	0.07846757024526596	0.0	0.0	0.0	0.0	0.0	0.0	0.0
0.24773302674293518	0.12961268424987793	0.273964524269104	0.0	0.0	0.0	0.0	0.0	0.0	0.0	0.0	0.0	0.0	0.0	0.0	0.0	0.0	0.0	0.20249533653259277	0.0	0.0	0.0	0.0	0.0	0.0	0.0	0.0	0.0	0.0	0.0	0.0	0.0	0.0	0.0	0.0	0.0	0.0	0.0	0.0	0.0	0.0	0.0	0.2821851074695587	0.0	0.41282910108566284	0.0	0.04794449359178543	0.0	0.0	0.0	0.0	0.0	0.0	0.0	0.0	0.0	0.0980539470911026	0.0	0.0	0.0	0.0	0.0	0.0	0.0
0.24277052283287048	0.1351013034582138	0.25777700543403625	0.0	0.0	0.0	0.0	0.0	0.0	0.0	0.0	0.0	0.0	0.0	0.0	0.0	0.0	0.0	0.20396766066551208	0.0	0.0	0.0	0.0	0.0	0.0	0.0	0.0	0.0	0.0	0.0	0.0	0.0	0.0	0.0	0.0	0.0	0.0	0.0	0.0	0.0	0.0	0.0	0.27548858523368835	0.0	0.3992621898651123	0.0	0.04919654503464699	0.0	0.0	0.0	0.0	0.0	0.0	0.0	0.0	0.0	0.10965058952569962	0.0	0.0	0.0	0.0	0.0	0.0	0.0
0.24336618185043335	0.1341213434934616	0.26230528950691223	0.0	0.0	0.0	0.0	0.0	0.0	0.0	0.0	0.0	0.0	0.0	0.0	0.0	0.0	0.0	0.20523014664649963	0.0	0.0	0.0	0.0	0.0	0.0	0.0	0.0	0.0	0.0	0.0	0.0	0.0	0.0	0.0	0.0	0.0	0.0	0.0	0.0	0.0	0.0	0.0	0.2743450999259949	0.0	0.39114275574684143	0.0	0.048312291502952576	0.0	0.0	0.0	0.0	0.0	0.0	0.0	0.0	0.0	0.10677818208932877	0.0	0.0	0.0	0.0	0.0	0.0	0.0
0.24131065607070923	0.12985360622406006	0.25599759817123413	0.0	0.0	0.0	0.0	0.0	0.0	0.0	0.0	0.0	0.0	0.0	0.0	0.0	0.0	0.0	0.20268766582012177	0.0	0.0	0.0	0.0	0.0	0.0	0.0	0.0	0.0	0.0	0.0	0.0	0.0	0.0	0.0	0.0	0.0	0.0	0.0	0.0	0.0	0.0	0.0	0.2703753709793091	0.0	0.3906657099723816	0.0	0.049937695264816284	0.0	0.0	0.0	0.0	0.0	0.0	0.0	0.0	0.0	0.11175651848316193	0.0	0.0	0.0	0.0	0.0	0.0	0.0
0.2398107498884201	0.13217149674892426	0.2621691823005676	0.0	0.0	0.0	0.0	0.0	0.0	0.0	0.0	0.0	0.0	0.0	0.0	0.0	0.0	0.0	0.2079877257347107	0.0	0.0	0.0	0.0	0.0	0.0	0.0	0.0	0.0	0.0	0.0	0.0	0.0	0.0	0.0	0.0	0.0	0.0	0.0	0.0	0.0	0.0	0.0	0.26850205659866333	0.0	0.38404157757759094	0.0	0.05068206042051315	0.0	0.0	0.0	0.0	0.0	0.0	0.0	0.0	0.0	0.11035685241222382	0.0	0.0	0.0	0.0	0.0	0.0	0.0
0.24326243996620178	0.13071030378341675	0.25841739773750305	0.0	0.0	0.0	0.0	0.0	0.0	0.0	0.0	0.0	0.0	0.0	0.0	0.0	0.0	0.0	0.1995166540145874	0.0	0.0	0.0	0.0	0.0	0.0	0.0	0.0	0.0	0.0	0.0	0.0	0.0	0.0	0.0	0.0	0.0	0.0	0.0	0.0	0.0	0.0	0.0	0.2738536298274994	0.0	0.3901941776275635	0.0	0.0477183498442173	0.0	0.0	0.0	0.0	0.0	0.0	0.0	0.0	0.0	0.10532907396554947	0.0	0.0	0.0	0.0	0.0	0.0	0.0
0.2421693503856659	0.13632149994373322	0.2593775689601898	0.0	0.0	0.0	0.0	0.0	0.0	0.0	0.0	0.0	0.0	0.0	0.0	0.0	0.0	0.0	0.20673897862434387	0.0	0.0	0.0	0.0	0.0	0.0	0.0	0.0	0.0	0.0	0.0	0.0	0.0	0.0	0.0	0.0	0.0	0.0	0.0	0.0	0.0	0.0	0.0	0.26738524436950684	0.0	0.38392406702041626	0.0	0.04994221404194832	0.0	0.0	0.0	0.0	0.0	0.0	0.0	0.0	0.0	0.11234679818153381	0.0	0.0	0.0	0.0	0.0	0.0	0.0
0.23313994705677032	0.14808976650238037	0.26937228441238403	0.0	0.0	0.0	0.0	0.0	0.0	0.0	0.0	0.0	0.0	0.0	0.0	0.0	0.0	0.0	0.23214538395404816	0.0	0.0	0.0	0.0	0.0	0.0	0.0	0.0	0.0	0.0	0.0	0.0	0.0	0.0	0.0	0.0	0.0	0.0	0.0	0.0	0.0	0.0	0.0	0.265175461769104	0.0	0.3934345841407776	0.0	0.054040707647800446	0.0	0.0	0.0	0.0	0.0	0.0	0.0	0.0	0.0	0.1137201189994812	0.0	0.0	0.0	0.0	0.0	0.0	0.0
0.24053913354873657	0.15446875989437103	0.2758064866065979	0.0	0.0	0.0	0.0	0.0	0.0	0.0	0.0	0.0	0.0	0.0	0.0	0.0	0.0	0.0	0.24106305837631226	0.0	0.0	0.0	0.0	0.0	0.0	0.0	0.0	0.0	0.0	0.0	0.0	0.0	0.0	0.0	0.0	0.0	0.0	0.0	0.0	0.0	0.0	0.0	0.2581200897693634	0.0	0.38295337557792664	0.0	0.06140296533703804	0.0	0.0	0.0	0.0	0.0	0.0	0.0	0.0	0.0	0.10729672759771347	0.0	0.0	0.0	0.0	0.0	0.0	0.0
0.24806341528892517	0.12384545803070068	0.26236438751220703	0.0	0.0	0.0	0.0	0.0	0.0	0.0	0.0	0.0	0.0	0.0	0.0	0.0	0.0	0.0	0.19325374066829681	0.0	0.0	0.0	0.0	0.0	0.0	0.0	0.0	0.0	0.0	0.0	0.0	0.0	0.0	0.0	0.0	0.0	0.0	0.0	0.0	0.0	0.0	0.0	0.2723720967769623	0.0	0.39992544054985046	0.0	0.048479221761226654	0.0	0.0	0.0	0.0	0.0	0.0	0.0	0.0	0.0	0.100906603038311	0.0	0.0	0.0	0.0	0.0	0.0	0.0
0.2539956271648407	0.116224005818367	0.2725352346897125	0.0	0.0	0.0	0.0	0.0	0.0	0.0	0.0	0.0	0.0	0.0	0.0	0.0	0.0	0.0	0.18397921323776245	0.0	0.0	0.0	0.0	0.0	0.0	0.0	0.0	0.0	0.0	0.0	0.0	0.0	0.0	0.0	0.0	0.0	0.0	0.0	0.0	0.0	0.0	0.0	0.2949773371219635	0.0	0.45379671454429626	0.0	0.04117824509739876	0.0	0.0	0.0	0.0	0.0	0.0	0.0	0.0	0.0	0.08417423814535141	0.0	0.0	0.0	0.0	0.0	0.0	0.0
0.2435309737920761	0.13181908428668976	0.2634482681751251	0.0	0.0	0.0	0.0	0.0	0.0	0.0	0.0	0.0	0.0	0.0	0.0	0.0	0.0	0.0	0.20376282930374146	0.0	0.0	0.0	0.0	0.0	0.0	0.0	0.0	0.0	0.0	0.0	0.0	0.0	0.0	0.0	0.0	0.0	0.0	0.0	0.0	0.0	0.0	0.0	0.27124449610710144	0.0	0.387563556432724	0.0	0.05217766389250755	0.0	0.0	0.0	0.0	0.0	0.0	0.0	0.0	0.0	0.10877297073602676	0.0	0.0	0.0	0.0	0.0	0.0	0.0
0.24299558997154236	0.12749417126178741	0.2585775554180145	0.0	0.0	0.0	0.0	0.0	0.0	0.0	0.0	0.0	0.0	0.0	0.0	0.0	0.0	0.0	0.20279665291309357	0.0	0.0	0.0	0.0	0.0	0.0	0.0	0.0	0.0	0.0	0.0	0.0	0.0	0.0	0.0	0.0	0.0	0.0	0.0	0.0	0.0	0.0	0.0	0.2671492099761963	0.0	0.3840983510017395	0.0	0.04900938645005226	0.0	0.0	0.0	0.0	0.0	0.0	0.0	0.0	0.0	0.1061939150094986	0.0	0.0	0.0	0.0	0.0	0.0	0.0
0.23826560378074646	0.1359412968158722	0.2630384862422943	0.0	0.0	0.0	0.0	0.0	0.0	0.0	0.0	0.0	0.0	0.0	0.0	0.0	0.0	0.0	0.2101055532693863	0.0	0.0	0.0	0.0	0.0	0.0	0.0	0.0	0.0	0.0	0.0	0.0	0.0	0.0	0.0	0.0	0.0	0.0	0.0	0.0	0.0	0.0	0.0	0.2633455693721771	0.0	0.3773002326488495	0.0	0.051036350429058075	0.0	0.0	0.0	0.0	0.0	0.0	0.0	0.0	0.0	0.11241710186004639	0.0	0.0	0.0	0.0	0.0	0.0	0.0
0.24205325543880463	0.1282311975955963	0.25708022713661194	0.0	0.0	0.0	0.0	0.0	0.0	0.0	0.0	0.0	0.0	0.0	0.0	0.0	0.0	0.0	0.19939787685871124	0.0	0.0	0.0	0.0	0.0	0.0	0.0	0.0	0.0	0.0	0.0	0.0	0.0	0.0	0.0	0.0	0.0	0.0	0.0	0.0	0.0	0.0	0.0	0.27227941155433655	0.0	0.3851499557495117	0.0	0.046508029103279114	0.0	0.0	0.0	0.0	0.0	0.0	0.0	0.0	0.0	0.10977969318628311	0.0	0.0	0.0	0.0	0.0	0.0	0.0
0.24755840003490448	0.128135547041893	0.2589934468269348	0.0	0.0	0.0	0.0	0.0	0.0	0.0	0.0	0.0	0.0	0.0	0.0	0.0	0.0	0.0	0.1981555074453354	0.0	0.0	0.0	0.0	0.0	0.0	0.0	0.0	0.0	0.0	0.0	0.0	0.0	0.0	0.0	0.0	0.0	0.0	0.0	0.0	0.0	0.0	0.0	0.2741113007068634	0.0	0.39601007103919983	0.0	0.04582008719444275	0.0	0.0	0.0	0.0	0.0	0.0	0.0	0.0	0.0	0.10745041072368622	0.0	0.0	0.0	0.0	0.0	0.0	0.0
0.23610767722129822	0.13961824774742126	0.25976938009262085	0.0	0.0	0.0	0.0	0.0	0.0	0.0	0.0	0.0	0.0	0.0	0.0	0.0	0.0	0.0	0.21866798400878906	0.0	0.0	0.0	0.0	0.0	0.0	0.0	0.0	0.0	0.0	0.0	0.0	0.0	0.0	0.0	0.0	0.0	0.0	0.0	0.0	0.0	0.0	0.0	0.26276829838752747	0.0	0.3712695837020874	0.0	0.05382165312767029	0.0	0.0	0.0	0.0	0.0	0.0	0.0	0.0	0.0	0.11496086418628693	0.0	0.0	0.0	0.0	0.0	0.0	0.0
0.2439863681793213	0.12263663858175278	0.25728875398635864	0.0	0.0	0.0	0.0	0.0	0.0	0.0	0.0	0.0	0.0	0.0	0.0	0.0	0.0	0.0	0.19262975454330444	0.0	0.0	0.0	0.0	0.0	0.0	0.0	0.0	0.0	0.0	0.0	0.0	0.0	0.0	0.0	0.0	0.0	0.0	0.0	0.0	0.0	0.0	0.0	0.271060049533844	0.0	0.3932199776172638	0.0	0.045099616050720215	0.0	0.0	0.0	0.0	0.0	0.0	0.0	0.0	0.0	0.10387606918811798	0.0	0.0	0.0	0.0	0.0	0.0	0.0
0.24801324307918549	0.1166200190782547	0.26601776480674744	0.0	0.0	0.0	0.0	0.0	0.0	0.0	0.0	0.0	0.0	0.0	0.0	0.0	0.0	0.0	0.19123022258281708	0.0	0.0	0.0	0.0	0.0	0.0	0.0	0.0	0.0	0.0	0.0	0.0	0.0	0.0	0.0	0.0	0.0	0.0	0.0	0.0	0.0	0.0	0.0	0.2837935984134674	0.0	0.4146256744861603	0.0	0.045367609709501266	0.0	0.0	0.0	0.0	0.0	0.0	0.0	0.0	0.0	0.0893966406583786	0.0	0.0	0.0	0.0	0.0	0.0	0.0
0.2449701875448227	0.12582600116729736	0.2591210901737213	0.0	0.0	0.0	0.0	0.0	0.0	0.0	0.0	0.0	0.0	0.0	0.0	0.0	0.0	0.0	0.1993115246295929	0.0	0.0	0.0	0.0	0.0	0.0	0.0	0.0	0.0	0.0	0.0	0.0	0.0	0.0	0.0	0.0	0.0	0.0	0.0	0.0	0.0	0.0	0.0	0.2699574828147888	0.0	0.3973994851112366	0.0	0.047945719212293625	0.0	0.0	0.0	0.0	0.0	0.0	0.0	0.0	0.0	0.10553246736526489	0.0	0.0	0.0	0.0	0.0	0.0	0.0
0.25103235244750977	0.11340949684381485	0.2763288617134094	0.0	0.0	0.0	0.0	0.0	0.0	0.0	0.0	0.0	0.0	0.0	0.0	0.0	0.0	0.0	0.18553966283798218	0.0	0.0	0.0	0.0	0.0	0.0	0.0	0.0	0.0	0.0	0.0	0.0	0.0	0.0	0.0	0.0	0.0	0.0	0.0	0.0	0.0	0.0	0.0	0.2970602214336395	0.0	0.44891366362571716	0.0	0.04198962822556496	0.0	0.0	0.0	0.0	0.0	0.0	0.0	0.0	0.0	0.07388755679130554	0.0	0.0	0.0	0.0	0.0	0.0	0.0
0.23616020381450653	0.137055903673172	0.25632408261299133	0.0	0.0	0.0	0.0	0.0	0.0	0.0	0.0	0.0	0.0	0.0	0.0	0.0	0.0	0.0	0.2105114459991455	0.0	0.0	0.0	0.0	0.0	0.0	0.0	0.0	0.0	0.0	0.0	0.0	0.0	0.0	0.0	0.0	0.0	0.0	0.0	0.0	0.0	0.0	0.0	0.2685379087924957	0.0	0.3815121352672577	0.0	0.048003070056438446	0.0	0.0	0.0	0.0	0.0	0.0	0.0	0.0	0.0	0.11180336773395538	0.0	0.0	0.0	0.0	0.0	0.0	0.0
0.2380347102880478	0.13499507308006287	0.2565907835960388	0.0	0.0	0.0	0.0	0.0	0.0	0.0	0.0	0.0	0.0	0.0	0.0	0.0	0.0	0.0	0.20474663376808167	0.0	0.0	0.0	0.0	0.0	0.0	0.0	0.0	0.0	0.0	0.0	0.0	0.0	0.0	0.0	0.0	0.0	0.0	0.0	0.0	0.0	0.0	0.0	0.2666209042072296	0.0	0.387452632188797	0.0	0.0449947789311409	0.0	0.0	0.0	0.0	0.0	0.0	0.0	0.0	0.0	0.10980982333421707	0.0	0.0	0.0	0.0	0.0	0.0	0.0
0.2262989729642868	0.15026481449604034	0.2603764533996582	0.0	0.0	0.0	0.0	0.0	0.0	0.0	0.0	0.0	0.0	0.0	0.0	0.0	0.0	0.0	0.23966871201992035	0.0	0.0	0.0	0.0	0.0	0.0	0.0	0.0	0.0	0.0	0.0	0.0	0.0	0.0	0.0	0.0	0.0	0.0	0.0	0.0	0.0	0.0	0.0	0.23847897350788116	0.0	0.336312860250473	0.0	0.06503680348396301	0.0	0.0	0.0	0.0	0.0	0.0	0.0	0.0	0.0	0.12651066482067108	0.0	0.0	0.0	0.0	0.0	0.0	0.0
0.23885418474674225	0.13457606732845306	0.2579270899295807	0.0	0.0	0.0	0.0	0.0	0.0	0.0	0.0	0.0	0.0	0.0	0.0	0.0	0.0	0.0	0.20664867758750916	0.0	0.0	0.0	0.0	0.0	0.0	0.0	0.0	0.0	0.0	0.0	0.0	0.0	0.0	0.0	0.0	0.0	0.0	0.0	0.0	0.0	0.0	0.0	0.26646557450294495	0.0	0.37844058871269226	0.0	0.051935553550720215	0.0	0.0	0.0	0.0	0.0	0.0	0.0	0.0	0.0	0.11038292944431305	0.0	0.0	0.0	0.0	0.0	0.0	0.0
0.23612898588180542	0.14026521146297455	0.2598811089992523	0.0	0.0	0.0	0.0	0.0	0.0	0.0	0.0	0.0	0.0	0.0	0.0	0.0	0.0	0.0	0.21706093847751617	0.0	0.0	0.0	0.0	0.0	0.0	0.0	0.0	0.0	0.0	0.0	0.0	0.0	0.0	0.0	0.0	0.0	0.0	0.0	0.0	0.0	0.0	0.0	0.2646581530570984	0.0	0.37880247831344604	0.0	0.05270160734653473	0.0	0.0	0.0	0.0	0.0	0.0	0.0	0.0	0.0	0.11623586714267731	0.0	0.0	0.0	0.0	0.0	0.0	0.0
0.2400902807712555	0.13128095865249634	0.2606484591960907	0.0	0.0	0.0	0.0	0.0	0.0	0.0	0.0	0.0	0.0	0.0	0.0	0.0	0.0	0.0	0.20645470917224884	0.0	0.0	0.0	0.0	0.0	0.0	0.0	0.0	0.0	0.0	0.0	0.0	0.0	0.0	0.0	0.0	0.0	0.0	0.0	0.0	0.0	0.0	0.0	0.2720213830471039	0.0	0.3906717896461487	0.0	0.04598275572061539	0.0	0.0	0.0	0.0	0.0	0.0	0.0	0.0	0.0	0.10734152048826218	0.0	0.0	0.0	0.0	0.0	0.0	0.0
0.2415306568145752	0.12978558242321014	0.26758500933647156	0.0	0.0	0.0	0.0	0.0	0.0	0.0	0.0	0.0	0.0	0.0	0.0	0.0	0.0	0.0	0.20667973160743713	0.0	0.0	0.0	0.0	0.0	0.0	0.0	0.0	0.0	0.0	0.0	0.0	0.0	0.0	0.0	0.0	0.0	0.0	0.0	0.0	0.0	0.0	0.0	0.2773704528808594	0.0	0.40971308946609497	0.0	0.04732917621731758	0.0	0.0	0.0	0.0	0.0	0.0	0.0	0.0	0.0	0.09897316992282867	0.0	0.0	0.0	0.0	0.0	0.0	0.0
0.24039067327976227	0.13372328877449036	0.26341113448143005	0.0	0.0	0.0	0.0	0.0	0.0	0.0	0.0	0.0	0.0	0.0	0.0	0.0	0.0	0.0	0.2110021561384201	0.0	0.0	0.0	0.0	0.0	0.0	0.0	0.0	0.0	0.0	0.0	0.0	0.0	0.0	0.0	0.0	0.0	0.0	0.0	0.0	0.0	0.0	0.0	0.26688751578330994	0.0	0.38089489936828613	0.0	0.05194275826215744	0.0	0.0	0.0	0.0	0.0	0.0	0.0	0.0	0.0	0.10850667208433151	0.0	0.0	0.0	0.0	0.0	0.0	0.0
0.2415374219417572	0.1352921575307846	0.25955817103385925	0.0	0.0	0.0	0.0	0.0	0.0	0.0	0.0	0.0	0.0	0.0	0.0	0.0	0.0	0.0	0.20510141551494598	0.0	0.0	0.0	0.0	0.0	0.0	0.0	0.0	0.0	0.0	0.0	0.0	0.0	0.0	0.0	0.0	0.0	0.0	0.0	0.0	0.0	0.0	0.0	0.2748622000217438	0.0	0.3976149559020996	0.0	0.047085944563150406	0.0	0.0	0.0	0.0	0.0	0.0	0.0	0.0	0.0	0.10712597519159317	0.0	0.0	0.0	0.0	0.0	0.0	0.0
0.24937720596790314	0.11192621290683746	0.250498503446579	0.0	0.0	0.0	0.0	0.0	0.0	0.0	0.0	0.0	0.0	0.0	0.0	0.0	0.0	0.0	0.17571796476840973	0.0	0.0	0.0	0.0	0.0	0.0	0.0	0.0	0.0	0.0	0.0	0.0	0.0	0.0	0.0	0.0	0.0	0.0	0.0	0.0	0.0	0.0	0.0	0.27611494064331055	0.0	0.3831946849822998	0.0	0.04338354244828224	0.0	0.0	0.0	0.0	0.0	0.0	0.0	0.0	0.0	0.10996780544519424	0.0	0.0	0.0	0.0	0.0	0.0	0.0
0.24363292753696442	0.13785886764526367	0.2647285759449005	0.0	0.0	0.0	0.0	0.0	0.0	0.0	0.0	0.0	0.0	0.0	0.0	0.0	0.0	0.0	0.21010614931583405	0.0	0.0	0.0	0.0	0.0	0.0	0.0	0.0	0.0	0.0	0.0	0.0	0.0	0.0	0.0	0.0	0.0	0.0	0.0	0.0	0.0	0.0	0.0	0.26547330617904663	0.0	0.38331878185272217	0.0	0.04962983727455139	0.0	0.0	0.0	0.0	0.0	0.0	0.0	0.0	0.0	0.11393535137176514	0.0	0.0	0.0	0.0	0.0	0.0	0.0
0.24175909161567688	0.13011977076530457	0.2627240717411041	0.0	0.0	0.0	0.0	0.0	0.0	0.0	0.0	0.0	0.0	0.0	0.0	0.0	0.0	0.0	0.20019549131393433	0.0	0.0	0.0	0.0	0.0	0.0	0.0	0.0	0.0	0.0	0.0	0.0	0.0	0.0	0.0	0.0	0.0	0.0	0.0	0.0	0.0	0.0	0.0	0.27611035108566284	0.0	0.4031027853488922	0.0	0.044771406799554825	0.0	0.0	0.0	0.0	0.0	0.0	0.0	0.0	0.0	0.10669966042041779	0.0	0.0	0.0	0.0	0.0	0.0	0.0
0.2414049208164215	0.12692146003246307	0.2603785991668701	0.0	0.0	0.0	0.0	0.0	0.0	0.0	0.0	0.0	0.0	0.0	0.0	0.0	0.0	0.0	0.20286454260349274	0.0	0.0	0.0	0.0	0.0	0.0	0.0	0.0	0.0	0.0	0.0	0.0	0.0	0.0	0.0	0.0	0.0	0.0	0.0	0.0	0.0	0.0	0.0	0.274710088968277	0.0	0.39623764157295227	0.0	0.04546953737735748	0.0	0.0	0.0	0.0	0.0	0.0	0.0	0.0	0.0	0.10356436669826508	0.0	0.0	0.0	0.0	0.0	0.0	0.0
0.24480842053890228	0.13385528326034546	0.26224422454833984	0.0	0.0	0.0	0.0	0.0	0.0	0.0	0.0	0.0	0.0	0.0	0.0	0.0	0.0	0.0	0.20594261586666107	0.0	0.0	0.0	0.0	0.0	0.0	0.0	0.0	0.0	0.0	0.0	0.0	0.0	0.0	0.0	0.0	0.0	0.0	0.0	0.0	0.0	0.0	0.0	0.2741239368915558	0.0	0.3945375680923462	0.0	0.0482981875538826	0.0	0.0	0.0	0.0	0.0	0.0	0.0	0.0	0.0	0.10590444505214691	0.0	0.0	0.0	0.0	0.0	0.0	0.0
0.24445131421089172	0.1330745816230774	0.2601521909236908	0.0	0.0	0.0	0.0	0.0	0.0	0.0	0.0	0.0	0.0	0.0	0.0	0.0	0.0	0.0	0.20148847997188568	0.0	0.0	0.0	0.0	0.0	0.0	0.0	0.0	0.0	0.0	0.0	0.0	0.0	0.0	0.0	0.0	0.0	0.0	0.0	0.0	0.0	0.0	0.0	0.273206502199173	0.0	0.39349812269210815	0.0	0.0432891771197319	0.0	0.0	0.0	0.0	0.0	0.0	0.0	0.0	0.0	0.10844463109970093	0.0	0.0	0.0	0.0	0.0	0.0	0.0
0.24141588807106018	0.1343047022819519	0.2576143443584442	0.0	0.0	0.0	0.0	0.0	0.0	0.0	0.0	0.0	0.0	0.0	0.0	0.0	0.0	0.0	0.2067331075668335	0.0	0.0	0.0	0.0	0.0	0.0	0.0	0.0	0.0	0.0	0.0	0.0	0.0	0.0	0.0	0.0	0.0	0.0	0.0	0.0	0.0	0.0	0.0	0.26576876640319824	0.0	0.38244056701660156	0.0	0.05111056938767433	0.0	0.0	0.0	0.0	0.0	0.0	0.0	0.0	0.0	0.1119261085987091	0.0	0.0	0.0	0.0	0.0	0.0	0.0
0.24139463901519775	0.12869560718536377	0.259904146194458	0.0	0.0	0.0	0.0	0.0	0.0	0.0	0.0	0.0	0.0	0.0	0.0	0.0	0.0	0.0	0.2051144540309906	0.0	0.0	0.0	0.0	0.0	0.0	0.0	0.0	0.0	0.0	0.0	0.0	0.0	0.0	0.0	0.0	0.0	0.0	0.0	0.0	0.0	0.0	0.0	0.2730692923069	0.0	0.3859868049621582	0.0	0.04443417862057686	0.0	0.0	0.0	0.0	0.0	0.0	0.0	0.0	0.0	0.10704355686903	0.0	0.0	0.0	0.0	0.0	0.0	0.0
0.25577545166015625	0.1120639443397522	0.2624345123767853	0.0	0.0	0.0	0.0	0.0	0.0	0.0	0.0	0.0	0.0	0.0	0.0	0.0	0.0	0.0	0.17125055193901062	0.0	0.0	0.0	0.0	0.0	0.0	0.0	0.0	0.0	0.0	0.0	0.0	0.0	0.0	0.0	0.0	0.0	0.0	0.0	0.0	0.0	0.0	0.0	0.2935623228549957	0.0	0.437675803899765	0.0	0.03615666553378105	0.0	0.0	0.0	0.0	0.0	0.0	0.0	0.0	0.0	0.08590811491012573	0.0	0.0	0.0	0.0	0.0	0.0	0.0
0.23923204839229584	0.13489466905593872	0.25986993312835693	0.0	0.0	0.0	0.0	0.0	0.0	0.0	0.0	0.0	0.0	0.0	0.0	0.0	0.0	0.0	0.21506066620349884	0.0	0.0	0.0	0.0	0.0	0.0	0.0	0.0	0.0	0.0	0.0	0.0	0.0	0.0	0.0	0.0	0.0	0.0	0.0	0.0	0.0	0.0	0.0	0.2692059874534607	0.0	0.3828607201576233	0.0	0.055056132376194	0.0	0.0	0.0	0.0	0.0	0.0	0.0	0.0	0.0	0.11104399710893631	0.0	0.0	0.0	0.0	0.0	0.0	0.0
0.24154125154018402	0.13816764950752258	0.2675459086894989	0.0	0.0	0.0	0.0	0.0	0.0	0.0	0.0	0.0	0.0	0.0	0.0	0.0	0.0	0.0	0.2059774100780487	0.0	0.0	0.0	0.0	0.0	0.0	0.0	0.0	0.0	0.0	0.0	0.0	0.0	0.0	0.0	0.0	0.0	0.0	0.0	0.0	0.0	0.0	0.0	0.27437689900398254	0.0	0.4045334458351135	0.0	0.046496592462062836	0.0	0.0	0.0	0.0	0.0	0.0	0.0	0.0	0.0	0.1057814285159111	0.0	0.0	0.0	0.0	0.0	0.0	0.0
0.2388876974582672	0.13890673220157623	0.25812241435050964	0.0	0.0	0.0	0.0	0.0	0.0	0.0	0.0	0.0	0.0	0.0	0.0	0.0	0.0	0.0	0.21180102229118347	0.0	0.0	0.0	0.0	0.0	0.0	0.0	0.0	0.0	0.0	0.0	0.0	0.0	0.0	0.0	0.0	0.0	0.0	0.0	0.0	0.0	0.0	0.0	0.2694636285305023	0.0	0.3849371671676636	0.0	0.048643745481967926	0.0	0.0	0.0	0.0	0.0	0.0	0.0	0.0	0.0	0.11117268353700638	0.0	0.0	0.0	0.0	0.0	0.0	0.0
0.24408583343029022	0.13808448612689972	0.25932013988494873	0.0	0.0	0.0	0.0	0.0	0.0	0.0	0.0	0.0	0.0	0.0	0.0	0.0	0.0	0.0	0.2112729400396347	0.0	0.0	0.0	0.0	0.0	0.0	0.0	0.0	0.0	0.0	0.0	0.0	0.0	0.0	0.0	0.0	0.0	0.0	0.0	0.0	0.0	0.0	0.0	0.2714792788028717	0.0	0.3884139060974121	0.0	0.04803506284952164	0.0	0.0	0.0	0.0	0.0	0.0	0.0	0.0	0.0	0.11273056268692017	0.0	0.0	0.0	0.0	0.0	0.0	0.0
0.24908460676670074	0.13394653797149658	0.2594471573829651	0.0	0.0	0.0	0.0	0.0	0.0	0.0	0.0	0.0	0.0	0.0	0.0	0.0	0.0	0.0	0.2030121088027954	0.0	0.0	0.0	0.0	0.0	0.0	0.0	0.0	0.0	0.0	0.0	0.0	0.0	0.0	0.0	0.0	0.0	0.0	0.0	0.0	0.0	0.0	0.0	0.27583545446395874	0.0	0.38629963994026184	0.0	0.05016029626131058	0.0	0.0	0.0	0.0	0.0	0.0	0.0	0.0	0.0	0.10627782344818115	0.0	0.0	0.0	0.0	0.0	0.0	0.0
0.24648137390613556	0.12811437249183655	0.2684271037578583	0.0	0.0	0.0	0.0	0.0	0.0	0.0	0.0	0.0	0.0	0.0	0.0	0.0	0.0	0.0	0.20276698470115662	0.0	0.0	0.0	0.0	0.0	0.0	0.0	0.0	0.0	0.0	0.0	0.0	0.0	0.0	0.0	0.0	0.0	0.0	0.0	0.0	0.0	0.0	0.0	0.2820628881454468	0.0	0.4098960757255554	0.0	0.05126830190420151	0.0	0.0	0.0	0.0	0.0	0.0	0.0	0.0	0.0	0.09870248287916183	0.0	0.0	0.0	0.0	0.0	0.0	0.0
0.25012534856796265	0.12415087223052979	0.26764509081840515	0.0	0.0	0.0	0.0	0.0	0.0	0.0	0.0	0.0	0.0	0.0	0.0	0.0	0.0	0.0	0.19452975690364838	0.0	0.0	0.0	0.0	0.0	0.0	0.0	0.0	0.0	0.0	0.0	0.0	0.0	0.0	0.0	0.0	0.0	0.0	0.0	0.0	0.0	0.0	0.0	0.28344279527664185	0.0	0.412076860666275	0.0	0.04344471916556358	0.0	0.0	0.0	0.0	0.0	0.0	0.0	0.0	0.0	0.09909907728433609	0.0	0.0	0.0	0.0	0.0	0.0	0.0
0.24433769285678864	0.12254010885953903	0.25739648938179016	0.0	0.0	0.0	0.0	0.0	0.0	0.0	0.0	0.0	0.0	0.0	0.0	0.0	0.0	0.0	0.1993136703968048	0.0	0.0	0.0	0.0	0.0	0.0	0.0	0.0	0.0	0.0	0.0	0.0	0.0	0.0	0.0	0.0	0.0	0.0	0.0	0.0	0.0	0.0	0.0	0.26870426535606384	0.0	0.3867245018482208	0.0	0.04966909810900688	0.0	0.0	0.0	0.0	0.0	0.0	0.0	0.0	0.0	0.10418370366096497	0.0	0.0	0.0	0.0	0.0	0.0	0.0
0.22619706392288208	0.1473342329263687	0.25261324644088745	0.0	0.0	0.0	0.0	0.0	0.0	0.0	0.0	0.0	0.0	0.0	0.0	0.0	0.0	0.0	0.2303728461265564	0.0	0.0	0.0	0.0	0.0	0.0	0.0	0.0	0.0	0.0	0.0	0.0	0.0	0.0	0.0	0.0	0.0	0.0	0.0	0.0	0.0	0.0	0.0	0.24935974180698395	0.0	0.34875795245170593	0.0	0.0568387433886528	0.0	0.0	0.0	0.0	0.0	0.0	0.0	0.0	0.0	0.129179909825325	0.0	0.0	0.0	0.0	0.0	0.0	0.0
0.24409154057502747	0.13452468812465668	0.26390591263771057	0.0	0.0	0.0	0.0	0.0	0.0	0.0	0.0	0.0	0.0	0.0	0.0	0.0	0.0	0.0	0.2061840295791626	0.0	0.0	0.0	0.0	0.0	0.0	0.0	0.0	0.0	0.0	0.0	0.0	0.0	0.0	0.0	0.0	0.0	0.0	0.0	0.0	0.0	0.0	0.0	0.26925545930862427	0.0	0.3875565230846405	0.0	0.05381939560174942	0.0	0.0	0.0	0.0	0.0	0.0	0.0	0.0	0.0	0.11282967031002045	0.0	0.0	0.0	0.0	0.0	0.0	0.0
0.22384782135486603	0.14171826839447021	0.2530483901500702	0.0	0.0	0.0	0.0	0.0	0.0	0.0	0.0	0.0	0.0	0.0	0.0	0.0	0.0	0.0	0.22590681910514832	0.0	0.0	0.0	0.0	0.0	0.0	0.0	0.0	0.0	0.0	0.0	0.0	0.0	0.0	0.0	0.0	0.0	0.0	0.0	0.0	0.0	0.0	0.0	0.24581566452980042	0.0	0.3422850966453552	0.0	0.060277245938777924	0.0	0.0	0.0	0.0	0.0	0.0	0.0	0.0	0.0	0.12605571746826172	0.0	0.0	0.0	0.0	0.0	0.0	0.0
0.3277527093887329	0.007448803633451462	0.2311943769454956	0.0	0.0	0.0	0.0	0.0	0.0	0.0	0.0	0.0	0.0	0.0	0.0	0.0	0.0	0.0	0.0	0.0	0.0	0.0	0.0	0.0	0.0	0.0	0.0	0.0	0.0	0.0	0.0	0.0	0.0	0.0	0.0	0.0	0.0	0.0	0.0	0.0	0.0	0.0	0.37273529171943665	0.0	0.5392252802848816	0.0	0.0	0.0	0.0	0.0	0.0	0.0	0.0	0.0	0.0	0.0	0.02954791486263275	0.0	0.0	0.0	0.0	0.0	0.0	0.0
0.24652770161628723	0.12989310920238495	0.2672043740749359	0.0	0.0	0.0	0.0	0.0	0.0	0.0	0.0	0.0	0.0	0.0	0.0	0.0	0.0	0.0	0.20057305693626404	0.0	0.0	0.0	0.0	0.0	0.0	0.0	0.0	0.0	0.0	0.0	0.0	0.0	0.0	0.0	0.0	0.0	0.0	0.0	0.0	0.0	0.0	0.0	0.2763667106628418	0.0	0.40001627802848816	0.0	0.045196570456027985	0.0	0.0	0.0	0.0	0.0	0.0	0.0	0.0	0.0	0.10237235575914383	0.0	0.0	0.0	0.0	0.0	0.0	0.0
0.24370510876178741	0.12489258497953415	0.2608679234981537	0.0	0.0	0.0	0.0	0.0	0.0	0.0	0.0	0.0	0.0	0.0	0.0	0.0	0.0	0.0	0.19661156833171844	0.0	0.0	0.0	0.0	0.0	0.0	0.0	0.0	0.0	0.0	0.0	0.0	0.0	0.0	0.0	0.0	0.0	0.0	0.0	0.0	0.0	0.0	0.0	0.27274030447006226	0.0	0.3943973183631897	0.0	0.05076896399259567	0.0	0.0	0.0	0.0	0.0	0.0	0.0	0.0	0.0	0.09972765296697617	0.0	0.0	0.0	0.0	0.0	0.0	0.0
0.2512347996234894	0.12466137856245041	0.27016156911849976	0.0	0.0	0.0	0.0	0.0	0.0	0.0	0.0	0.0	0.0	0.0	0.0	0.0	0.0	0.0	0.19230954349040985	0.0	0.0	0.0	0.0	0.0	0.0	0.0	0.0	0.0	0.0	0.0	0.0	0.0	0.0	0.0	0.0	0.0	0.0	0.0	0.0	0.0	0.0	0.0	0.28431472182273865	0.0	0.413215309381485	0.0	0.04802224040031433	0.0	0.0	0.0	0.0	0.0	0.0	0.0	0.0	0.0	0.09574134647846222	0.0	0.0	0.0	0.0	0.0	0.0	0.0
0.2412448525428772	0.1307636797428131	0.26190370321273804	0.0	0.0	0.0	0.0	0.0	0.0	0.0	0.0	0.0	0.0	0.0	0.0	0.0	0.0	0.0	0.2000979781150818	0.0	0.0	0.0	0.0	0.0	0.0	0.0	0.0	0.0	0.0	0.0	0.0	0.0	0.0	0.0	0.0	0.0	0.0	0.0	0.0	0.0	0.0	0.0	0.2738875150680542	0.0	0.38949844241142273	0.0	0.05216173082590103	0.0	0.0	0.0	0.0	0.0	0.0	0.0	0.0	0.0	0.10923857986927032	0.0	0.0	0.0	0.0	0.0	0.0	0.0
0.26864999532699585	0.08654166013002396	0.24192042648792267	0.0	0.0	0.0	0.0	0.0	0.0	0.0	0.0	0.0	0.0	0.0	0.0	0.0	0.0	0.0	0.12409304827451706	0.0	0.0	0.0	0.0	0.0	0.0	0.0	0.0	0.0	0.0	0.0	0.0	0.0	0.0	0.0	0.0	0.0	0.0	0.0	0.0	0.0	0.0	0.0	0.29557597637176514	0.0	0.40999463200569153	0.0	0.02593378722667694	0.0	0.0	0.0	0.0	0.0	0.0	0.0	0.0	0.0	0.09622929990291595	0.0	0.0	0.0	0.0	0.0	0.0	0.0
0.25322115421295166	0.11654707044363022	0.2757731080055237	0.0	0.0	0.0	0.0	0.0	0.0	0.0	0.0	0.0	0.0	0.0	0.0	0.0	0.0	0.0	0.1945541501045227	0.0	0.0	0.0	0.0	0.0	0.0	0.0	0.0	0.0	0.0	0.0	0.0	0.0	0.0	0.0	0.0	0.0	0.0	0.0	0.0	0.0	0.0	0.0	0.29484736919403076	0.0	0.4288639426231384	0.0	0.048772092908620834	0.0	0.0	0.0	0.0	0.0	0.0	0.0	0.0	0.0	0.08378961682319641	0.0	0.0	0.0	0.0	0.0	0.0	0.0
0.26465854048728943	0.12997253239154816	0.27647843956947327	0.0	0.0	0.0	0.0	0.0	0.0	0.0	0.0	0.0	0.0	0.0	0.0	0.0	0.0	0.0	0.19482845067977905	0.0	0.0	0.0	0.0	0.0	0.0	0.0	0.0	0.0	0.0	0.0	0.0	0.0	0.0	0.0	0.0	0.0	0.0	0.0	0.0	0.0	0.0	0.0	0.30216503143310547	0.0	0.4512721002101898	0.0	0.04274258762598038	0.0	0.0	0.0	0.0	0.0	0.0	0.0	0.0	0.0	0.08286236971616745	0.0	0.0	0.0	0.0	0.0	0.0	0.0
0.24076150357723236	0.14233137667179108	0.2643308937549591	0.0	0.0	0.0	0.0	0.0	0.0	0.0	0.0	0.0	0.0	0.0	0.0	0.0	0.0	0.0	0.21937713027000427	0.0	0.0	0.0	0.0	0.0	0.0	0.0	0.0	0.0	0.0	0.0	0.0	0.0	0.0	0.0	0.0	0.0	0.0	0.0	0.0	0.0	0.0	0.0	0.26694583892822266	0.0	0.38668981194496155	0.0	0.0523134209215641	0.0	0.0	0.0	0.0	0.0	0.0	0.0	0.0	0.0	0.10534260421991348	0.0	0.0	0.0	0.0	0.0	0.0	0.0
0.24447548389434814	0.12674501538276672	0.2651672959327698	0.0	0.0	0.0	0.0	0.0	0.0	0.0	0.0	0.0	0.0	0.0	0.0	0.0	0.0	0.0	0.1995352953672409	0.0	0.0	0.0	0.0	0.0	0.0	0.0	0.0	0.0	0.0	0.0	0.0	0.0	0.0	0.0	0.0	0.0	0.0	0.0	0.0	0.0	0.0	0.0	0.2809899151325226	0.0	0.407084196805954	0.0	0.045809272676706314	0.0	0.0	0.0	0.0	0.0	0.0	0.0	0.0	0.0	0.1010073572397232	0.0	0.0	0.0	0.0	0.0	0.0	0.0
0.23281076550483704	0.14255569875240326	0.2603769898414612	0.0	0.0	0.0	0.0	0.0	0.0	0.0	0.0	0.0	0.0	0.0	0.0	0.0	0.0	0.0	0.2205055058002472	0.0	0.0	0.0	0.0	0.0	0.0	0.0	0.0	0.0	0.0	0.0	0.0	0.0	0.0	0.0	0.0	0.0	0.0	0.0	0.0	0.0	0.0	0.0	0.2703050374984741	0.0	0.3848041594028473	0.0	0.050026651471853256	0.0	0.0	0.0	0.0	0.0	0.0	0.0	0.0	0.0	0.11283533275127411	0.0	0.0	0.0	0.0	0.0	0.0	0.0
0.23101823031902313	0.14839234948158264	0.25711268186569214	0.0	0.0	0.0	0.0	0.0	0.0	0.0	0.0	0.0	0.0	0.0	0.0	0.0	0.0	0.0	0.23030611872673035	0.0	0.0	0.0	0.0	0.0	0.0	0.0	0.0	0.0	0.0	0.0	0.0	0.0	0.0	0.0	0.0	0.0	0.0	0.0	0.0	0.0	0.0	0.0	0.25615161657333374	0.0	0.362055242061615	0.0	0.05658567324280739	0.0	0.0	0.0	0.0	0.0	0.0	0.0	0.0	0.0	0.1221471056342125	0.0	0.0	0.0	0.0	0.0	0.0	0.0
0.26282036304473877	0.127691388130188	0.28978002071380615	0.0	0.0	0.0	0.0	0.0	0.0	0.0	0.0	0.0	0.0	0.0	0.0	0.0	0.0	0.0	0.18638838827610016	0.0	0.0	0.0	0.0	0.0	0.0	0.0	0.0	0.0	0.0	0.0	0.0	0.0	0.0	0.0	0.0	0.0	0.0	0.0	0.0	0.0	0.0	0.0	0.3160760700702667	0.0	0.47291478514671326	0.0	0.042419373989105225	0.0	0.0	0.0	0.0	0.0	0.0	0.0	0.0	0.0	0.07016528397798538	0.0	0.0	0.0	0.0	0.0	0.0	0.0
0.24249812960624695	0.1313558667898178	0.2646448612213135	0.0	0.0	0.0	0.0	0.0	0.0	0.0	0.0	0.0	0.0	0.0	0.0	0.0	0.0	0.0	0.20275796949863434	0.0	0.0	0.0	0.0	0.0	0.0	0.0	0.0	0.0	0.0	0.0	0.0	0.0	0.0	0.0	0.0	0.0	0.0	0.0	0.0	0.0	0.0	0.0	0.27394065260887146	0.0	0.3928598165512085	0.0	0.04923233017325401	0.0	0.0	0.0	0.0	0.0	0.0	0.0	0.0	0.0	0.10433823615312576	0.0	0.0	0.0	0.0	0.0	0.0	0.0
0.2835536301136017	0.06751017272472382	0.2791576385498047	0.0	0.0	0.0	0.0	0.0	0.0	0.0	0.0	0.0	0.0	0.0	0.0	0.0	0.0	0.0	0.10565166920423508	0.0	0.0	0.0	0.0	0.0	0.0	0.0	0.0	0.0	0.0	0.0	0.0	0.0	0.0	0.0	0.0	0.0	0.0	0.0	0.0	0.0	0.0	0.0	0.34629589319229126	0.0	0.5311331152915955	0.0	0.012983011081814766	0.0	0.0	0.0	0.0	0.0	0.0	0.0	0.0	0.0	0.028966659680008888	0.0	0.0	0.0	0.0	0.0	0.0	0.0
0.23442581295967102	0.1396322101354599	0.25396960973739624	0.0	0.0	0.0	0.0	0.0	0.0	0.0	0.0	0.0	0.0	0.0	0.0	0.0	0.0	0.0	0.21774983406066895	0.0	0.0	0.0	0.0	0.0	0.0	0.0	0.0	0.0	0.0	0.0	0.0	0.0	0.0	0.0	0.0	0.0	0.0	0.0	0.0	0.0	0.0	0.0	0.25761544704437256	0.0	0.3637450039386749	0.0	0.05470515042543411	0.0	0.0	0.0	0.0	0.0	0.0	0.0	0.0	0.0	0.12112867832183838	0.0	0.0	0.0	0.0	0.0	0.0	0.0
0.2393544763326645	0.12762947380542755	0.2584075927734375	0.0	0.0	0.0	0.0	0.0	0.0	0.0	0.0	0.0	0.0	0.0	0.0	0.0	0.0	0.0	0.2004210352897644	0.0	0.0	0.0	0.0	0.0	0.0	0.0	0.0	0.0	0.0	0.0	0.0	0.0	0.0	0.0	0.0	0.0	0.0	0.0	0.0	0.0	0.0	0.0	0.26960238814353943	0.0	0.38008251786231995	0.0	0.05016762390732765	0.0	0.0	0.0	0.0	0.0	0.0	0.0	0.0	0.0	0.10956518352031708	0.0	0.0	0.0	0.0	0.0	0.0	0.0
0.24166801571846008	0.13595692813396454	0.25978776812553406	0.0	0.0	0.0	0.0	0.0	0.0	0.0	0.0	0.0	0.0	0.0	0.0	0.0	0.0	0.0	0.20949265360832214	0.0	0.0	0.0	0.0	0.0	0.0	0.0	0.0	0.0	0.0	0.0	0.0	0.0	0.0	0.0	0.0	0.0	0.0	0.0	0.0	0.0	0.0	0.0	0.265155166387558	0.0	0.3861718475818634	0.0	0.05219678580760956	0.0	0.0	0.0	0.0	0.0	0.0	0.0	0.0	0.0	0.1087697371840477	0.0	0.0	0.0	0.0	0.0	0.0	0.0
0.24331244826316833	0.1383611112833023	0.2640489339828491	0.0	0.0	0.0	0.0	0.0	0.0	0.0	0.0	0.0	0.0	0.0	0.0	0.0	0.0	0.0	0.21629959344863892	0.0	0.0	0.0	0.0	0.0	0.0	0.0	0.0	0.0	0.0	0.0	0.0	0.0	0.0	0.0	0.0	0.0	0.0	0.0	0.0	0.0	0.0	0.0	0.26872915029525757	0.0	0.39083975553512573	0.0	0.0496249720454216	0.0	0.0	0.0	0.0	0.0	0.0	0.0	0.0	0.0	0.10803180187940598	0.0	0.0	0.0	0.0	0.0	0.0	0.0
0.23658615350723267	0.13324551284313202	0.2576920986175537	0.0	0.0	0.0	0.0	0.0	0.0	0.0	0.0	0.0	0.0	0.0	0.0	0.0	0.0	0.0	0.20585232973098755	0.0	0.0	0.0	0.0	0.0	0.0	0.0	0.0	0.0	0.0	0.0	0.0	0.0	0.0	0.0	0.0	0.0	0.0	0.0	0.0	0.0	0.0	0.0	0.2688361704349518	0.0	0.3896443843841553	0.0	0.048912178725004196	0.0	0.0	0.0	0.0	0.0	0.0	0.0	0.0	0.0	0.10996121913194656	0.0	0.0	0.0	0.0	0.0	0.0	0.0
0.2426513433456421	0.132918119430542	0.2605487108230591	0.0	0.0	0.0	0.0	0.0	0.0	0.0	0.0	0.0	0.0	0.0	0.0	0.0	0.0	0.0	0.2045862376689911	0.0	0.0	0.0	0.0	0.0	0.0	0.0	0.0	0.0	0.0	0.0	0.0	0.0	0.0	0.0	0.0	0.0	0.0	0.0	0.0	0.0	0.0	0.0	0.27225929498672485	0.0	0.39077627658843994	0.0	0.045993246138095856	0.0	0.0	0.0	0.0	0.0	0.0	0.0	0.0	0.0	0.10840381681919098	0.0	0.0	0.0	0.0	0.0	0.0	0.0
0.25995945930480957	0.10189967602491379	0.24739524722099304	0.0	0.0	0.0	0.0	0.0	0.0	0.0	0.0	0.0	0.0	0.0	0.0	0.0	0.0	0.0	0.15202882885932922	0.0	0.0	0.0	0.0	0.0	0.0	0.0	0.0	0.0	0.0	0.0	0.0	0.0	0.0	0.0	0.0	0.0	0.0	0.0	0.0	0.0	0.0	0.0	0.28759872913360596	0.0	0.4055490791797638	0.0	0.026634085923433304	0.0	0.0	0.0	0.0	0.0	0.0	0.0	0.0	0.0	0.09890469908714294	0.0	0.0	0.0	0.0	0.0	0.0	0.0
0.24399332702159882	0.13126753270626068	0.264601469039917	0.0	0.0	0.0	0.0	0.0	0.0	0.0	0.0	0.0	0.0	0.0	0.0	0.0	0.0	0.0	0.20087052881717682	0.0	0.0	0.0	0.0	0.0	0.0	0.0	0.0	0.0	0.0	0.0	0.0	0.0	0.0	0.0	0.0	0.0	0.0	0.0	0.0	0.0	0.0	0.0	0.2707492709159851	0.0	0.3859082758426666	0.0	0.05197479575872421	0.0	0.0	0.0	0.0	0.0	0.0	0.0	0.0	0.0	0.11130170524120331	0.0	0.0	0.0	0.0	0.0	0.0	0.0
0.24213343858718872	0.13604333996772766	0.2708487808704376	0.0	0.0	0.0	0.0	0.0	0.0	0.0	0.0	0.0	0.0	0.0	0.0	0.0	0.0	0.0	0.20522336661815643	0.0	0.0	0.0	0.0	0.0	0.0	0.0	0.0	0.0	0.0	0.0	0.0	0.0	0.0	0.0	0.0	0.0	0.0	0.0	0.0	0.0	0.0	0.0	0.2807410955429077	0.0	0.4103538393974304	0.0	0.05433996021747589	0.0	0.0	0.0	0.0	0.0	0.0	0.0	0.0	0.0	0.09744568169116974	0.0	0.0	0.0	0.0	0.0	0.0	0.0
0.2441541999578476	0.13085733354091644	0.25525984168052673	0.0	0.0	0.0	0.0	0.0	0.0	0.0	0.0	0.0	0.0	0.0	0.0	0.0	0.0	0.0	0.1996694952249527	0.0	0.0	0.0	0.0	0.0	0.0	0.0	0.0	0.0	0.0	0.0	0.0	0.0	0.0	0.0	0.0	0.0	0.0	0.0	0.0	0.0	0.0	0.0	0.2739836573600769	0.0	0.39317166805267334	0.0	0.042760998010635376	0.0	0.0	0.0	0.0	0.0	0.0	0.0	0.0	0.0	0.10960604250431061	0.0	0.0	0.0	0.0	0.0	0.0	0.0
0.24401237070560455	0.12705600261688232	0.261260986328125	0.0	0.0	0.0	0.0	0.0	0.0	0.0	0.0	0.0	0.0	0.0	0.0	0.0	0.0	0.0	0.1942722052335739	0.0	0.0	0.0	0.0	0.0	0.0	0.0	0.0	0.0	0.0	0.0	0.0	0.0	0.0	0.0	0.0	0.0	0.0	0.0	0.0	0.0	0.0	0.0	0.2807084918022156	0.0	0.39923059940338135	0.0	0.04870828241109848	0.0	0.0	0.0	0.0	0.0	0.0	0.0	0.0	0.0	0.10293731838464737	0.0	0.0	0.0	0.0	0.0	0.0	0.0
0.23629316687583923	0.13205111026763916	0.2554298937320709	0.0	0.0	0.0	0.0	0.0	0.0	0.0	0.0	0.0	0.0	0.0	0.0	0.0	0.0	0.0	0.2064162939786911	0.0	0.0	0.0	0.0	0.0	0.0	0.0	0.0	0.0	0.0	0.0	0.0	0.0	0.0	0.0	0.0	0.0	0.0	0.0	0.0	0.0	0.0	0.0	0.26286137104034424	0.0	0.3734818696975708	0.0	0.04967992752790451	0.0	0.0	0.0	0.0	0.0	0.0	0.0	0.0	0.0	0.11538038402795792	0.0	0.0	0.0	0.0	0.0	0.0	0.0
0.24554315209388733	0.13824650645256042	0.2694319188594818	0.0	0.0	0.0	0.0	0.0	0.0	0.0	0.0	0.0	0.0	0.0	0.0	0.0	0.0	0.0	0.21325376629829407	0.0	0.0	0.0	0.0	0.0	0.0	0.0	0.0	0.0	0.0	0.0	0.0	0.0	0.0	0.0	0.0	0.0	0.0	0.0	0.0	0.0	0.0	0.0	0.27272656559944153	0.0	0.3998277485370636	0.0	0.054953381419181824	0.0	0.0	0.0	0.0	0.0	0.0	0.0	0.0	0.0	0.10642009228467941	0.0	0.0	0.0	0.0	0.0	0.0	0.0
0.24362291395664215	0.13442294299602509	0.267605185508728	0.0	0.0	0.0	0.0	0.0	0.0	0.0	0.0	0.0	0.0	0.0	0.0	0.0	0.0	0.0	0.20884592831134796	0.0	0.0	0.0	0.0	0.0	0.0	0.0	0.0	0.0	0.0	0.0	0.0	0.0	0.0	0.0	0.0	0.0	0.0	0.0	0.0	0.0	0.0	0.0	0.27016693353652954	0.0	0.3956518769264221	0.0	0.05127665773034096	0.0	0.0	0.0	0.0	0.0	0.0	0.0	0.0	0.0	0.10809851437807083	0.0	0.0	0.0	0.0	0.0	0.0	0.0
0.24158336222171783	0.1305837780237198	0.25710734724998474	0.0	0.0	0.0	0.0	0.0	0.0	0.0	0.0	0.0	0.0	0.0	0.0	0.0	0.0	0.0	0.20507757365703583	0.0	0.0	0.0	0.0	0.0	0.0	0.0	0.0	0.0	0.0	0.0	0.0	0.0	0.0	0.0	0.0	0.0	0.0	0.0	0.0	0.0	0.0	0.0	0.2675338387489319	0.0	0.3769575357437134	0.0	0.05131775513291359	0.0	0.0	0.0	0.0	0.0	0.0	0.0	0.0	0.0	0.11544063687324524	0.0	0.0	0.0	0.0	0.0	0.0	0.0
0.25580039620399475	0.17651061713695526	0.27826595306396484	0.0	0.0	0.0	0.0	0.0	0.0	0.0	0.0	0.0	0.0	0.0	0.0	0.0	0.0	0.0	0.2560745179653168	0.0	0.0	0.0	0.0	0.0	0.0	0.0	0.0	0.0	0.0	0.0	0.0	0.0	0.0	0.0	0.0	0.0	0.0	0.0	0.0	0.0	0.0	0.0	0.2833193838596344	0.0	0.4457312822341919	0.0	0.04257643595337868	0.0	0.0	0.0	0.0	0.0	0.0	0.0	0.0	0.0	0.08924482017755508	0.0	0.0	0.0	0.0	0.0	0.0	0.0
0.24152132868766785	0.13802200555801392	0.26232272386550903	0.0	0.0	0.0	0.0	0.0	0.0	0.0	0.0	0.0	0.0	0.0	0.0	0.0	0.0	0.0	0.21282286942005157	0.0	0.0	0.0	0.0	0.0	0.0	0.0	0.0	0.0	0.0	0.0	0.0	0.0	0.0	0.0	0.0	0.0	0.0	0.0	0.0	0.0	0.0	0.0	0.2700875699520111	0.0	0.3831232488155365	0.0	0.051050711423158646	0.0	0.0	0.0	0.0	0.0	0.0	0.0	0.0	0.0	0.10919518023729324	0.0	0.0	0.0	0.0	0.0	0.0	0.0
0.2409391701221466	0.13363681733608246	0.2535562813282013	0.0	0.0	0.0	0.0	0.0	0.0	0.0	0.0	0.0	0.0	0.0	0.0	0.0	0.0	0.0	0.20532788336277008	0.0	0.0	0.0	0.0	0.0	0.0	0.0	0.0	0.0	0.0	0.0	0.0	0.0	0.0	0.0	0.0	0.0	0.0	0.0	0.0	0.0	0.0	0.0	0.26759278774261475	0.0	0.3732459247112274	0.0	0.04988914728164673	0.0	0.0	0.0	0.0	0.0	0.0	0.0	0.0	0.0	0.11285847425460815	0.0	0.0	0.0	0.0	0.0	0.0	0.0
0.2556662857532501	0.10043542832136154	0.2483145296573639	0.0	0.0	0.0	0.0	0.0	0.0	0.0	0.0	0.0	0.0	0.0	0.0	0.0	0.0	0.0	0.15378417074680328	0.0	0.0	0.0	0.0	0.0	0.0	0.0	0.0	0.0	0.0	0.0	0.0	0.0	0.0	0.0	0.0	0.0	0.0	0.0	0.0	0.0	0.0	0.0	0.2902994155883789	0.0	0.4128013551235199	0.0	0.033719923347234726	0.0	0.0	0.0	0.0	0.0	0.0	0.0	0.0	0.0	0.09966052323579788	0.0	0.0	0.0	0.0	0.0	0.0	0.0
0.25238391757011414	0.12927615642547607	0.2594519555568695	0.0	0.0	0.0	0.0	0.0	0.0	0.0	0.0	0.0	0.0	0.0	0.0	0.0	0.0	0.0	0.19458545744419098	0.0	0.0	0.0	0.0	0.0	0.0	0.0	0.0	0.0	0.0	0.0	0.0	0.0	0.0	0.0	0.0	0.0	0.0	0.0	0.0	0.0	0.0	0.0	0.2819484770298004	0.0	0.41505470871925354	0.0	0.04427638649940491	0.0	0.0	0.0	0.0	0.0	0.0	0.0	0.0	0.0	0.1029551699757576	0.0	0.0	0.0	0.0	0.0	0.0	0.0
0.24748112261295319	0.13329537212848663	0.26187899708747864	0.0	0.0	0.0	0.0	0.0	0.0	0.0	0.0	0.0	0.0	0.0	0.0	0.0	0.0	0.0	0.19762852787971497	0.0	0.0	0.0	0.0	0.0	0.0	0.0	0.0	0.0	0.0	0.0	0.0	0.0	0.0	0.0	0.0	0.0	0.0	0.0	0.0	0.0	0.0	0.0	0.27295011281967163	0.0	0.39238595962524414	0.0	0.048061735928058624	0.0	0.0	0.0	0.0	0.0	0.0	0.0	0.0	0.0	0.10812406241893768	0.0	0.0	0.0	0.0	0.0	0.0	0.0
0.24830983579158783	0.13248547911643982	0.27119579911231995	0.0	0.0	0.0	0.0	0.0	0.0	0.0	0.0	0.0	0.0	0.0	0.0	0.0	0.0	0.0	0.19564220309257507	0.0	0.0	0.0	0.0	0.0	0.0	0.0	0.0	0.0	0.0	0.0	0.0	0.0	0.0	0.0	0.0	0.0	0.0	0.0	0.0	0.0	0.0	0.0	0.2796075642108917	0.0	0.4121486246585846	0.0	0.04649733379483223	0.0	0.0	0.0	0.0	0.0	0.0	0.0	0.0	0.0	0.0983668640255928	0.0	0.0	0.0	0.0	0.0	0.0	0.0
0.23975080251693726	0.1323401778936386	0.2571510374546051	0.0	0.0	0.0	0.0	0.0	0.0	0.0	0.0	0.0	0.0	0.0	0.0	0.0	0.0	0.0	0.20345743000507355	0.0	0.0	0.0	0.0	0.0	0.0	0.0	0.0	0.0	0.0	0.0	0.0	0.0	0.0	0.0	0.0	0.0	0.0	0.0	0.0	0.0	0.0	0.0	0.27296367287635803	0.0	0.3894031047821045	0.0	0.04639787599444389	0.0	0.0	0.0	0.0	0.0	0.0	0.0	0.0	0.0	0.11020530015230179	0.0	0.0	0.0	0.0	0.0	0.0	0.0
0.24080680310726166	0.12829209864139557	0.2574940025806427	0.0	0.0	0.0	0.0	0.0	0.0	0.0	0.0	0.0	0.0	0.0	0.0	0.0	0.0	0.0	0.19894097745418549	0.0	0.0	0.0	0.0	0.0	0.0	0.0	0.0	0.0	0.0	0.0	0.0	0.0	0.0	0.0	0.0	0.0	0.0	0.0	0.0	0.0	0.0	0.0	0.2720050513744354	0.0	0.388123482465744	0.0	0.048460688441991806	0.0	0.0	0.0	0.0	0.0	0.0	0.0	0.0	0.0	0.10457830131053925	0.0	0.0	0.0	0.0	0.0	0.0	0.0
0.24111977219581604	0.1326342672109604	0.2636476457118988	0.0	0.0	0.0	0.0	0.0	0.0	0.0	0.0	0.0	0.0	0.0	0.0	0.0	0.0	0.0	0.2082076370716095	0.0	0.0	0.0	0.0	0.0	0.0	0.0	0.0	0.0	0.0	0.0	0.0	0.0	0.0	0.0	0.0	0.0	0.0	0.0	0.0	0.0	0.0	0.0	0.2683682441711426	0.0	0.3839164674282074	0.0	0.050246309489011765	0.0	0.0	0.0	0.0	0.0	0.0	0.0	0.0	0.0	0.10734919458627701	0.0	0.0	0.0	0.0	0.0	0.0	0.0
0.24047929048538208	0.1315629631280899	0.26002320647239685	0.0	0.0	0.0	0.0	0.0	0.0	0.0	0.0	0.0	0.0	0.0	0.0	0.0	0.0	0.0	0.20544320344924927	0.0	0.0	0.0	0.0	0.0	0.0	0.0	0.0	0.0	0.0	0.0	0.0	0.0	0.0	0.0	0.0	0.0	0.0	0.0	0.0	0.0	0.0	0.0	0.27056124806404114	0.0	0.38547879457473755	0.0	0.05160091444849968	0.0	0.0	0.0	0.0	0.0	0.0	0.0	0.0	0.0	0.10740100592374802	0.0	0.0	0.0	0.0	0.0	0.0	0.0
0.2319469153881073	0.14484773576259613	0.26414382457733154	0.0	0.0	0.0	0.0	0.0	0.0	0.0	0.0	0.0	0.0	0.0	0.0	0.0	0.0	0.0	0.22490441799163818	0.0	0.0	0.0	0.0	0.0	0.0	0.0	0.0	0.0	0.0	0.0	0.0	0.0	0.0	0.0	0.0	0.0	0.0	0.0	0.0	0.0	0.0	0.0	0.2496153563261032	0.0	0.36132511496543884	0.0	0.06062524393200874	0.0	0.0	0.0	0.0	0.0	0.0	0.0	0.0	0.0	0.11929412931203842	0.0	0.0	0.0	0.0	0.0	0.0	0.0
