0.0	0.0	4.190363883972168	0.0	0.0	3.754196882247925	3.669922351837158	0.0	5.027118682861328	0.0	0.0	3.4321930408477783	0.0	0.0	4.4543938636779785	0.0	0.0	0.0	0.0	0.0	5.192305088043213	4.537994861602783	0.0	3.9276866912841797	0.0	0.0	0.0	4.378492832183838	0.0	5.7794389724731445	0.0	0.0	0.0	0.0	4.514414310455322	0.0	0.0	3.3381943702697754	0.0	0.0	0.0	0.0	0.0	0.0	0.0	4.479090690612793	0.0	3.971712589263916	4.025167465209961	3.739320755004883	0.0	4.013842582702637	0.0	0.0	0.0	0.0	0.0	0.0	0.0	3.884645700454712	0.0	0.0	0.0	0.0	0.0	0.0	0.0	0.0	4.076268196105957	5.0548553466796875	0.0	0.0	0.0	0.0	4.671238899230957	4.342249870300293	0.0	0.0	0.0	0.0	0.0	4.241466999053955	4.571630001068115	0.0	0.0	0.0	3.7105002403259277	0.0	4.8324079513549805	0.0	3.786116600036621	0.0	0.0	5.029007434844971	0.0	0.0
0.0	0.0	4.193408966064453	0.0	0.0	3.7566111087799072	3.6747710704803467	0.0	5.032556533813477	0.0	0.0	3.4368741512298584	0.0	0.0	4.457722187042236	0.0	0.0	0.0	0.0	0.0	5.197558403015137	4.542449474334717	0.0	3.9325973987579346	0.0	0.0	0.0	4.3829545974731445	0.0	5.78507661819458	0.0	0.0	0.0	0.0	4.519035816192627	0.0	0.0	3.341344118118286	0.0	0.0	0.0	0.0	0.0	0.0	0.0	4.481805324554443	0.0	3.975255250930786	4.0288825035095215	3.74204421043396	0.0	4.018442630767822	0.0	0.0	0.0	0.0	0.0	0.0	0.0	3.8888919353485107	0.0	0.0	0.0	0.0	0.0	0.0	0.0	0.0	4.080126762390137	5.060581207275391	0.0	0.0	0.0	0.0	4.67650842666626	4.346545219421387	0.0	0.0	0.0	0.0	0.0	4.246230602264404	4.575387477874756	0.0	0.0	0.0	3.713925838470459	0.0	4.837286949157715	0.0	3.7892377376556396	0.0	0.0	5.034148216247559	0.0	0.0
0.0	0.0	4.185306072235107	0.0	0.0	3.7489535808563232	3.666452407836914	0.0	5.021697044372559	0.0	0.0	3.4291374683380127	0.0	0.0	4.447508335113525	0.0	0.0	0.0	0.0	0.0	5.187216758728027	4.5327887535095215	0.0	3.923956871032715	0.0	0.0	0.0	4.374389171600342	0.0	5.77273416519165	0.0	0.0	0.0	0.0	4.508904933929443	0.0	0.0	3.335214376449585	0.0	0.0	0.0	0.0	0.0	0.0	0.0	4.4730024337768555	0.0	3.9661290645599365	4.021366596221924	3.7339885234832764	0.0	4.010136604309082	0.0	0.0	0.0	0.0	0.0	0.0	0.0	3.8804993629455566	0.0	0.0	0.0	0.0	0.0	0.0	0.0	0.0	4.071053504943848	5.048814296722412	0.0	0.0	0.0	0.0	4.666142463684082	4.33730411529541	0.0	0.0	0.0	0.0	0.0	4.2372727394104	4.566274166107178	0.0	0.0	0.0	3.706237316131592	0.0	4.8252787590026855	0.0	3.7811968326568604	0.0	0.0	5.022282600402832	0.0	0.0
0.0	0.0	4.179615497589111	0.0	0.0	3.7426059246063232	3.659876823425293	0.0	5.013197422027588	0.0	0.0	3.421527862548828	0.0	0.0	4.440598011016846	0.0	0.0	0.0	0.0	0.0	5.178584575653076	4.525873184204102	0.0	3.918365001678467	0.0	0.0	0.0	4.368325233459473	0.0	5.76300048828125	0.0	0.0	0.0	0.0	4.501129627227783	0.0	0.0	3.328153610229492	0.0	0.0	0.0	0.0	0.0	0.0	0.0	4.467851638793945	0.0	3.959686040878296	4.014456748962402	3.727969169616699	0.0	4.0030927658081055	0.0	0.0	0.0	0.0	0.0	0.0	0.0	3.8741455078125	0.0	0.0	0.0	0.0	0.0	0.0	0.0	0.0	4.066043853759766	5.0411577224731445	0.0	0.0	0.0	0.0	4.659124851226807	4.331562042236328	0.0	0.0	0.0	0.0	0.0	4.230620384216309	4.56025505065918	0.0	0.0	0.0	3.699291467666626	0.0	4.818377494812012	0.0	3.7759268283843994	0.0	0.0	5.014764308929443	0.0	0.0
0.0	0.0	4.173038959503174	0.0	0.0	3.7400121688842773	3.656304359436035	0.0	5.006781578063965	0.0	0.0	3.420853853225708	0.0	0.0	4.435634613037109	0.0	0.0	0.0	0.0	0.0	5.1722259521484375	4.520208835601807	0.0	3.912285327911377	0.0	0.0	0.0	4.360861778259277	0.0	5.754491329193115	0.0	0.0	0.0	0.0	4.495960712432861	0.0	0.0	3.326381206512451	0.0	0.0	0.0	0.0	0.0	0.0	0.0	4.459587097167969	0.0	3.9544644355773926	4.00975227355957	3.72481632232666	0.0	3.9980521202087402	0.0	0.0	0.0	0.0	0.0	0.0	0.0	3.870279312133789	0.0	0.0	0.0	0.0	0.0	0.0	0.0	0.0	4.059125900268555	5.033114910125732	0.0	0.0	0.0	0.0	4.653332233428955	4.325228691101074	0.0	0.0	0.0	0.0	0.0	4.225314140319824	4.553872108459473	0.0	0.0	0.0	3.694782018661499	0.0	4.811290264129639	0.0	3.770484447479248	0.0	0.0	5.008819103240967	0.0	0.0
0.0	0.0	4.197707653045654	0.0	0.0	3.760148525238037	3.6769869327545166	0.0	5.036904335021973	0.0	0.0	3.4375574588775635	0.0	0.0	4.4610466957092285	0.0	0.0	0.0	0.0	0.0	5.202411651611328	4.545645713806152	0.0	3.9367432594299316	0.0	0.0	0.0	4.388538360595703	0.0	5.789931774139404	0.0	0.0	0.0	0.0	4.523008823394775	0.0	0.0	3.3440020084381104	0.0	0.0	0.0	0.0	0.0	0.0	0.0	4.487005233764648	0.0	3.9780383110046387	4.032638072967529	3.7449488639831543	0.0	4.022061824798584	0.0	0.0	0.0	0.0	0.0	0.0	0.0	3.891887903213501	0.0	0.0	0.0	0.0	0.0	0.0	0.0	0.0	4.083399295806885	5.065372943878174	0.0	0.0	0.0	0.0	4.680698394775391	4.350920677185059	0.0	0.0	0.0	0.0	0.0	4.250107288360596	4.579862117767334	0.0	0.0	0.0	3.717142105102539	0.0	4.840802192687988	0.0	3.7923078536987305	0.0	0.0	5.038782119750977	0.0	0.0
0.0	0.0	4.181748867034912	0.0	0.0	3.7475972175598145	3.6643946170806885	0.0	5.018517017364502	0.0	0.0	3.4285898208618164	0.0	0.0	4.447267055511475	0.0	0.0	0.0	0.0	0.0	5.183657169342041	4.531230926513672	0.0	3.9222869873046875	0.0	0.0	0.0	4.369734764099121	0.0	5.769345283508301	0.0	0.0	0.0	0.0	4.507577419281006	0.0	0.0	3.3337926864624023	0.0	0.0	0.0	0.0	0.0	0.0	0.0	4.470042705535889	0.0	3.9629034996032715	4.018446445465088	3.7342617511749268	0.0	4.007461071014404	0.0	0.0	0.0	0.0	0.0	0.0	0.0	3.8774991035461426	0.0	0.0	0.0	0.0	0.0	0.0	0.0	0.0	4.068420886993408	5.046571731567383	0.0	0.0	0.0	0.0	4.663609027862549	4.3356614112854	0.0	0.0	0.0	0.0	0.0	4.234151363372803	4.564156532287598	0.0	0.0	0.0	3.704404830932617	0.0	4.824180603027344	0.0	3.7786102294921875	0.0	0.0	5.019776344299316	0.0	0.0
0.0	0.0	4.203685283660889	0.0	0.0	3.765855312347412	3.681844711303711	0.0	5.04421854019165	0.0	0.0	3.4429938793182373	0.0	0.0	4.467773914337158	0.0	0.0	0.0	0.0	0.0	5.20985221862793	4.553629398345947	0.0	3.9417545795440674	0.0	0.0	0.0	4.393997669219971	0.0	5.797082901000977	0.0	0.0	0.0	0.0	4.528738498687744	0.0	0.0	3.3486666679382324	0.0	0.0	0.0	0.0	0.0	0.0	0.0	4.491852760314941	0.0	3.982729434967041	4.038782119750977	3.7494919300079346	0.0	4.027417182922363	0.0	0.0	0.0	0.0	0.0	0.0	0.0	3.896934747695923	0.0	0.0	0.0	0.0	0.0	0.0	0.0	0.0	4.0886054039001465	5.07167387008667	0.0	0.0	0.0	0.0	4.687417507171631	4.356961250305176	0.0	0.0	0.0	0.0	0.0	4.255195617675781	4.58476448059082	0.0	0.0	0.0	3.7225399017333984	0.0	4.846497058868408	0.0	3.7977874279022217	0.0	0.0	5.0443315505981445	0.0	0.0
0.0	0.0	4.191368103027344	0.0	0.0	3.754683494567871	3.671027660369873	0.0	5.029410362243652	0.0	0.0	3.4336631298065186	0.0	0.0	4.4542951583862305	0.0	0.0	0.0	0.0	0.0	5.19511604309082	4.539655685424805	0.0	3.931190013885498	0.0	0.0	0.0	4.380436420440674	0.0	5.78277063369751	0.0	0.0	0.0	0.0	4.515709400177002	0.0	0.0	3.339571952819824	0.0	0.0	0.0	0.0	0.0	0.0	0.0	4.480441570281982	0.0	3.972487211227417	4.026846885681152	3.740687370300293	0.0	4.015738487243652	0.0	0.0	0.0	0.0	0.0	0.0	0.0	3.8865740299224854	0.0	0.0	0.0	0.0	0.0	0.0	0.0	0.0	4.076952934265137	5.056330680847168	0.0	0.0	0.0	0.0	4.673243999481201	4.3433074951171875	0.0	0.0	0.0	0.0	0.0	4.243375778198242	4.5735859870910645	0.0	0.0	0.0	3.7119662761688232	0.0	4.83376407623291	0.0	3.7877914905548096	0.0	0.0	5.030283451080322	0.0	0.0
0.0	0.0	4.190992832183838	0.0	0.0	3.7550013065338135	3.6713550090789795	0.0	5.028860092163086	0.0	0.0	3.434197187423706	0.0	0.0	4.455095291137695	0.0	0.0	0.0	0.0	0.0	5.193899154663086	4.539565086364746	0.0	3.9302845001220703	0.0	0.0	0.0	4.379466533660889	0.0	5.780867099761963	0.0	0.0	0.0	0.0	4.515676975250244	0.0	0.0	3.338757038116455	0.0	0.0	0.0	0.0	0.0	0.0	0.0	4.478949546813965	0.0	3.9722695350646973	4.027351379394531	3.7406604290008545	0.0	4.015954971313477	0.0	0.0	0.0	0.0	0.0	0.0	0.0	3.8862805366516113	0.0	0.0	0.0	0.0	0.0	0.0	0.0	0.0	4.077317714691162	5.0567731857299805	0.0	0.0	0.0	0.0	4.6724853515625	4.3435959815979	0.0	0.0	0.0	0.0	0.0	4.242912292480469	4.573669910430908	0.0	0.0	0.0	3.7116713523864746	0.0	4.832699298858643	0.0	3.7877087593078613	0.0	0.0	5.029641628265381	0.0	0.0
0.0	0.0	4.172950744628906	0.0	0.0	3.7384657859802246	3.655717134475708	0.0	5.007023334503174	0.0	0.0	3.4196839332580566	0.0	0.0	4.436269760131836	0.0	0.0	0.0	0.0	0.0	5.172586917877197	4.519951343536377	0.0	3.9140994548797607	0.0	0.0	0.0	4.363117694854736	0.0	5.7553606033325195	0.0	0.0	0.0	0.0	4.496177673339844	0.0	0.0	3.3255903720855713	0.0	0.0	0.0	0.0	0.0	0.0	0.0	4.461277484893799	0.0	3.955796480178833	4.010188102722168	3.7234272956848145	0.0	3.999053955078125	0.0	0.0	0.0	0.0	0.0	0.0	0.0	3.8700110912323	0.0	0.0	0.0	0.0	0.0	0.0	0.0	0.0	4.058537006378174	5.035523891448975	0.0	0.0	0.0	0.0	4.653764247894287	4.325973033905029	0.0	0.0	0.0	0.0	0.0	4.22573184967041	4.554414749145508	0.0	0.0	0.0	3.694821357727051	0.0	4.811802864074707	0.0	3.7714462280273438	0.0	0.0	5.008485794067383	0.0	0.0
0.0	0.0	4.187179088592529	0.0	0.0	3.7515997886657715	3.6687164306640625	0.0	5.0256428718566895	0.0	0.0	3.4307377338409424	0.0	0.0	4.451412200927734	0.0	0.0	0.0	0.0	0.0	5.190461158752441	4.535714626312256	0.0	3.9271292686462402	0.0	0.0	0.0	4.37636137008667	0.0	5.776119232177734	0.0	0.0	0.0	0.0	4.511834144592285	0.0	0.0	3.336592674255371	0.0	0.0	0.0	0.0	0.0	0.0	0.0	4.47645902633667	0.0	3.9690425395965576	4.02363920211792	3.7364158630371094	0.0	4.011707305908203	0.0	0.0	0.0	0.0	0.0	0.0	0.0	3.8830599784851074	0.0	0.0	0.0	0.0	0.0	0.0	0.0	0.0	4.074527740478516	5.051544666290283	0.0	0.0	0.0	0.0	4.669253826141357	4.340103626251221	0.0	0.0	0.0	0.0	0.0	4.240383148193359	4.56988525390625	0.0	0.0	0.0	3.7090742588043213	0.0	4.829306125640869	0.0	3.783921957015991	0.0	0.0	5.0266218185424805	0.0	0.0
0.0	0.0	4.183050155639648	0.0	0.0	3.7470784187316895	3.6655967235565186	0.0	5.019906520843506	0.0	0.0	3.427600383758545	0.0	0.0	4.446061611175537	0.0	0.0	0.0	0.0	0.0	5.184240341186523	4.5311737060546875	0.0	3.923016309738159	0.0	0.0	0.0	4.372753620147705	0.0	5.770171165466309	0.0	0.0	0.0	0.0	4.506740093231201	0.0	0.0	3.333772659301758	0.0	0.0	0.0	0.0	0.0	0.0	0.0	4.471172332763672	0.0	3.9645612239837646	4.018993854522705	3.7330305576324463	0.0	4.009010314941406	0.0	0.0	0.0	0.0	0.0	0.0	0.0	3.8791887760162354	0.0	0.0	0.0	0.0	0.0	0.0	0.0	0.0	4.069470405578613	5.0464301109313965	0.0	0.0	0.0	0.0	4.664247989654541	4.33648681640625	0.0	0.0	0.0	0.0	0.0	4.2350897789001465	4.5643720626831055	0.0	0.0	0.0	3.704237222671509	0.0	4.824585914611816	0.0	3.7803633213043213	0.0	0.0	5.021151065826416	0.0	0.0
0.0	0.0	4.178771495819092	0.0	0.0	3.743623733520508	3.6609787940979004	0.0	5.01320743560791	0.0	0.0	3.4243786334991455	0.0	0.0	4.442306041717529	0.0	0.0	0.0	0.0	0.0	5.178791522979736	4.526767730712891	0.0	3.918069362640381	0.0	0.0	0.0	4.366871356964111	0.0	5.763684272766113	0.0	0.0	0.0	0.0	4.502100467681885	0.0	0.0	3.3297739028930664	0.0	0.0	0.0	0.0	0.0	0.0	0.0	4.466865062713623	0.0	3.960631847381592	4.015034198760986	3.7289140224456787	0.0	4.003708839416504	0.0	0.0	0.0	0.0	0.0	0.0	0.0	3.8740880489349365	0.0	0.0	0.0	0.0	0.0	0.0	0.0	0.0	4.064743518829346	5.041385650634766	0.0	0.0	0.0	0.0	4.658458232879639	4.331668376922607	0.0	0.0	0.0	0.0	0.0	4.230278491973877	4.559970378875732	0.0	0.0	0.0	3.7005093097686768	0.0	4.818787097930908	0.0	3.776158571243286	0.0	0.0	5.015629291534424	0.0	0.0
0.0	0.0	4.191094398498535	0.0	0.0	3.7548012733459473	3.670832395553589	0.0	5.028880596160889	0.0	0.0	3.433260917663574	0.0	0.0	4.455953598022461	0.0	0.0	0.0	0.0	0.0	5.195554256439209	4.539623260498047	0.0	3.930614471435547	0.0	0.0	0.0	4.379465579986572	0.0	5.781519889831543	0.0	0.0	0.0	0.0	4.51619291305542	0.0	0.0	3.3390111923217773	0.0	0.0	0.0	0.0	0.0	0.0	0.0	4.480066776275635	0.0	3.973034620285034	4.0265631675720215	3.740340232849121	0.0	4.015738487243652	0.0	0.0	0.0	0.0	0.0	0.0	0.0	3.8866140842437744	0.0	0.0	0.0	0.0	0.0	0.0	0.0	0.0	4.078708648681641	5.057330131530762	0.0	0.0	0.0	0.0	4.673435688018799	4.343750476837158	0.0	0.0	0.0	0.0	0.0	4.243200778961182	4.572387218475342	0.0	0.0	0.0	3.7121992111206055	0.0	4.833702087402344	0.0	3.7868573665618896	0.0	0.0	5.031042575836182	0.0	0.0
0.0	0.0	4.161135673522949	0.0	0.0	3.727783441543579	3.646611213684082	0.0	4.991640567779541	0.0	0.0	3.4096009731292725	0.0	0.0	4.423254013061523	0.0	0.0	0.0	0.0	0.0	5.156688690185547	4.506138801574707	0.0	3.9016175270080566	0.0	0.0	0.0	4.348569393157959	0.0	5.738315582275391	0.0	0.0	0.0	0.0	4.48349142074585	0.0	0.0	3.3162713050842285	0.0	0.0	0.0	0.0	0.0	0.0	0.0	4.447410583496094	0.0	3.943420648574829	3.9986844062805176	3.7141401767730713	0.0	3.987199306488037	0.0	0.0	0.0	0.0	0.0	0.0	0.0	3.859029769897461	0.0	0.0	0.0	0.0	0.0	0.0	0.0	0.0	4.048196315765381	5.019506454467773	0.0	0.0	0.0	0.0	4.638369083404541	4.3133463859558105	0.0	0.0	0.0	0.0	0.0	4.213206768035889	4.541227340698242	0.0	0.0	0.0	3.6844258308410645	0.0	4.798011779785156	0.0	3.7603840827941895	0.0	0.0	4.993994235992432	0.0	0.0
0.0	0.0	4.189718246459961	0.0	0.0	3.753551483154297	3.6715176105499268	0.0	5.028448581695557	0.0	0.0	3.4329566955566406	0.0	0.0	4.453525543212891	0.0	0.0	0.0	0.0	0.0	5.1921772956848145	4.539121150970459	0.0	3.930112838745117	0.0	0.0	0.0	4.379086494445801	0.0	5.779385089874268	0.0	0.0	0.0	0.0	4.5139994621276855	0.0	0.0	3.337980270385742	0.0	0.0	0.0	0.0	0.0	0.0	0.0	4.478729248046875	0.0	3.9716250896453857	4.026383876800537	3.7385616302490234	0.0	4.014538764953613	0.0	0.0	0.0	0.0	0.0	0.0	0.0	3.8847105503082275	0.0	0.0	0.0	0.0	0.0	0.0	0.0	0.0	4.076428413391113	5.055287837982178	0.0	0.0	0.0	0.0	4.672847270965576	4.342850208282471	0.0	0.0	0.0	0.0	0.0	4.240897178649902	4.572387218475342	0.0	0.0	0.0	3.7108967304229736	0.0	4.832081317901611	0.0	3.7863173484802246	0.0	0.0	5.029318809509277	0.0	0.0
0.0	0.0	4.1971049308776855	0.0	0.0	3.7607085704803467	3.6766865253448486	0.0	5.036233901977539	0.0	0.0	3.439424514770508	0.0	0.0	4.4620232582092285	0.0	0.0	0.0	0.0	0.0	5.203710556030273	4.546341896057129	0.0	3.935438871383667	0.0	0.0	0.0	4.386051654815674	0.0	5.790553092956543	0.0	0.0	0.0	0.0	4.522850036621094	0.0	0.0	3.3438894748687744	0.0	0.0	0.0	0.0	0.0	0.0	0.0	4.485422134399414	0.0	3.977513074874878	4.031988143920898	3.7470953464508057	0.0	4.022343635559082	0.0	0.0	0.0	0.0	0.0	0.0	0.0	3.891601085662842	0.0	0.0	0.0	0.0	0.0	0.0	0.0	0.0	4.082828044891357	5.063718795776367	0.0	0.0	0.0	0.0	4.680602550506592	4.348894119262695	0.0	0.0	0.0	0.0	0.0	4.2500810623168945	4.5800981521606445	0.0	0.0	0.0	3.7159714698791504	0.0	4.839888572692871	0.0	3.7917819023132324	0.0	0.0	5.037918567657471	0.0	0.0
0.0	0.0	4.183674335479736	0.0	0.0	3.747811794281006	3.6651813983917236	0.0	5.020168781280518	0.0	0.0	3.428138017654419	0.0	0.0	4.447093486785889	0.0	0.0	0.0	0.0	0.0	5.185709476470947	4.531867504119873	0.0	3.9237470626831055	0.0	0.0	0.0	4.372611045837402	0.0	5.770493507385254	0.0	0.0	0.0	0.0	4.507078647613525	0.0	0.0	3.3341221809387207	0.0	0.0	0.0	0.0	0.0	0.0	0.0	4.471014499664307	0.0	3.965043783187866	4.019694805145264	3.7344472408294678	0.0	4.0088348388671875	0.0	0.0	0.0	0.0	0.0	0.0	0.0	3.8794949054718018	0.0	0.0	0.0	0.0	0.0	0.0	0.0	0.0	4.070121765136719	5.047525882720947	0.0	0.0	0.0	0.0	4.665016174316406	4.336070537567139	0.0	0.0	0.0	0.0	0.0	4.235795021057129	4.565208435058594	0.0	0.0	0.0	3.704603910446167	0.0	4.82459020614624	0.0	3.7811107635498047	0.0	0.0	5.021892547607422	0.0	0.0
0.0	0.0	4.1702704429626465	0.0	0.0	3.734699249267578	3.6520233154296875	0.0	5.001360893249512	0.0	0.0	3.414274215698242	0.0	0.0	4.430344581604004	0.0	0.0	0.0	0.0	0.0	5.166774272918701	4.515096187591553	0.0	3.909865617752075	0.0	0.0	0.0	4.358890533447266	0.0	5.7502851486206055	0.0	0.0	0.0	0.0	4.4918622970581055	0.0	0.0	3.321807861328125	0.0	0.0	0.0	0.0	0.0	0.0	0.0	4.457376003265381	0.0	3.951355218887329	4.005985736846924	3.718712568283081	0.0	3.994460344314575	0.0	0.0	0.0	0.0	0.0	0.0	0.0	3.8659791946411133	0.0	0.0	0.0	0.0	0.0	0.0	0.0	0.0	4.05552864074707	5.02925968170166	0.0	0.0	0.0	0.0	4.648167133331299	4.321789741516113	0.0	0.0	0.0	0.0	0.0	4.221536159515381	4.5496063232421875	0.0	0.0	0.0	3.691295862197876	0.0	4.807225704193115	0.0	3.768122911453247	0.0	0.0	5.004130840301514	0.0	0.0
0.0	0.0	4.192838668823242	0.0	0.0	3.7548177242279053	3.671884536743164	0.0	5.029460430145264	0.0	0.0	3.433969259262085	0.0	0.0	4.455442905426025	0.0	0.0	0.0	0.0	0.0	5.194667816162109	4.539653301239014	0.0	3.9305922985076904	0.0	0.0	0.0	4.381136417388916	0.0	5.7817769050598145	0.0	0.0	0.0	0.0	4.515687465667725	0.0	0.0	3.339881658554077	0.0	0.0	0.0	0.0	0.0	0.0	0.0	4.480441093444824	0.0	3.9729764461517334	4.02766227722168	3.7394440174102783	0.0	4.015463352203369	0.0	0.0	0.0	0.0	0.0	0.0	0.0	3.8866312503814697	0.0	0.0	0.0	0.0	0.0	0.0	0.0	0.0	4.077643394470215	5.056804656982422	0.0	0.0	0.0	0.0	4.673969745635986	4.344583511352539	0.0	0.0	0.0	0.0	0.0	4.2439494132995605	4.572997093200684	0.0	0.0	0.0	3.712869644165039	0.0	4.834722995758057	0.0	3.7881863117218018	0.0	0.0	5.030035972595215	0.0	0.0
0.0	0.0	4.210546970367432	0.0	0.0	3.7725892066955566	3.688399314880371	0.0	5.055463790893555	0.0	0.0	3.448972463607788	0.0	0.0	4.477119445800781	0.0	0.0	0.0	0.0	0.0	5.219991207122803	4.562506675720215	0.0	3.94958233833313	0.0	0.0	0.0	4.400755405426025	0.0	5.811642169952393	0.0	0.0	0.0	0.0	4.538145542144775	0.0	0.0	3.355137348175049	0.0	0.0	0.0	0.0	0.0	0.0	0.0	4.501478672027588	0.0	3.992144823074341	4.045511245727539	3.7583484649658203	0.0	4.03434419631958	0.0	0.0	0.0	0.0	0.0	0.0	0.0	3.9046988487243652	0.0	0.0	0.0	0.0	0.0	0.0	0.0	0.0	4.097456455230713	5.082927227020264	0.0	0.0	0.0	0.0	4.6962995529174805	4.3647918701171875	0.0	0.0	0.0	0.0	0.0	4.2637038230896	4.594851016998291	0.0	0.0	0.0	3.7297794818878174	0.0	4.856567859649658	0.0	3.8052613735198975	0.0	0.0	5.05563497543335	0.0	0.0
0.0	0.0	4.193195819854736	0.0	0.0	3.7562315464019775	3.6730942726135254	0.0	5.032017707824707	0.0	0.0	3.4347832202911377	0.0	0.0	4.457859992980957	0.0	0.0	0.0	0.0	0.0	5.19760274887085	4.5418572425842285	0.0	3.931403398513794	0.0	0.0	0.0	4.382479667663574	0.0	5.783043384552002	0.0	0.0	0.0	0.0	4.517545223236084	0.0	0.0	3.3399510383605957	0.0	0.0	0.0	0.0	0.0	0.0	0.0	4.481533050537109	0.0	3.973565101623535	4.028442859649658	3.742067813873291	0.0	4.017130374908447	0.0	0.0	0.0	0.0	0.0	0.0	0.0	3.88724946975708	0.0	0.0	0.0	0.0	0.0	0.0	0.0	0.0	4.0788984298706055	5.058443069458008	0.0	0.0	0.0	0.0	4.675257205963135	4.345417022705078	0.0	0.0	0.0	0.0	0.0	4.245021820068359	4.574239253997803	0.0	0.0	0.0	3.712388515472412	0.0	4.835696220397949	0.0	3.789348840713501	0.0	0.0	5.032694339752197	0.0	0.0
0.0	0.0	4.180345058441162	0.0	0.0	3.7451012134552	3.662531852722168	0.0	5.016573429107666	0.0	0.0	3.4249587059020996	0.0	0.0	4.443879127502441	0.0	0.0	0.0	0.0	0.0	5.1818742752075195	4.527767181396484	0.0	3.921133041381836	0.0	0.0	0.0	4.369575500488281	0.0	5.766650199890137	0.0	0.0	0.0	0.0	4.504697799682617	0.0	0.0	3.3311245441436768	0.0	0.0	0.0	0.0	0.0	0.0	0.0	4.469813346862793	0.0	3.962594747543335	4.016247749328613	3.7309820652008057	0.0	4.005825519561768	0.0	0.0	0.0	0.0	0.0	0.0	0.0	3.8764615058898926	0.0	0.0	0.0	0.0	0.0	0.0	0.0	0.0	4.067280292510986	5.044166564941406	0.0	0.0	0.0	0.0	4.661564350128174	4.333309173583984	0.0	0.0	0.0	0.0	0.0	4.23304557800293	4.562035083770752	0.0	0.0	0.0	3.7018051147460938	0.0	4.820649147033691	0.0	3.777789354324341	0.0	0.0	5.017979621887207	0.0	0.0
0.0	0.0	4.190019130706787	0.0	0.0	3.7534499168395996	3.6707634925842285	0.0	5.026628017425537	0.0	0.0	3.433326482772827	0.0	0.0	4.452374458312988	0.0	0.0	0.0	0.0	0.0	5.192223072052002	4.537038326263428	0.0	3.9277093410491943	0.0	0.0	0.0	4.378387928009033	0.0	5.778741836547852	0.0	0.0	0.0	0.0	4.514437198638916	0.0	0.0	3.338400363922119	0.0	0.0	0.0	0.0	0.0	0.0	0.0	4.477783203125	0.0	3.9694464206695557	4.024509906768799	3.7385756969451904	0.0	4.012341499328613	0.0	0.0	0.0	0.0	0.0	0.0	0.0	3.8846144676208496	0.0	0.0	0.0	0.0	0.0	0.0	0.0	0.0	4.075253486633301	5.05281400680542	0.0	0.0	0.0	0.0	4.670496463775635	4.341529846191406	0.0	0.0	0.0	0.0	0.0	4.241101264953613	4.571505069732666	0.0	0.0	0.0	3.709467887878418	0.0	4.830385684967041	0.0	3.785839796066284	0.0	0.0	5.028801441192627	0.0	0.0
0.0	0.0	4.190892696380615	0.0	0.0	3.755452871322632	3.670923948287964	0.0	5.0299787521362305	0.0	0.0	3.4341812133789062	0.0	0.0	4.455343246459961	0.0	0.0	0.0	0.0	0.0	5.194879055023193	4.5408220291137695	0.0	3.930722951889038	0.0	0.0	0.0	4.3808207511901855	0.0	5.782043933868408	0.0	0.0	0.0	0.0	4.5155839920043945	0.0	0.0	3.339198112487793	0.0	0.0	0.0	0.0	0.0	0.0	0.0	4.479518890380859	0.0	3.9732582569122314	4.026503562927246	3.7403714656829834	0.0	4.015850067138672	0.0	0.0	0.0	0.0	0.0	0.0	0.0	3.8863420486450195	0.0	0.0	0.0	0.0	0.0	0.0	0.0	0.0	4.07695198059082	5.05707311630249	0.0	0.0	0.0	0.0	4.673757553100586	4.345022201538086	0.0	0.0	0.0	0.0	0.0	4.24373197555542	4.573312759399414	0.0	0.0	0.0	3.7117996215820312	0.0	4.833398342132568	0.0	3.7879998683929443	0.0	0.0	5.030165195465088	0.0	0.0
0.0	0.0	4.195864677429199	0.0	0.0	3.7593469619750977	3.675955295562744	0.0	5.035440444946289	0.0	0.0	3.4386510848999023	0.0	0.0	4.4605255126953125	0.0	0.0	0.0	0.0	0.0	5.200693130493164	4.544810771942139	0.0	3.9350037574768066	0.0	0.0	0.0	4.3852620124816895	0.0	5.788457870483398	0.0	0.0	0.0	0.0	4.520642280578613	0.0	0.0	3.343909978866577	0.0	0.0	0.0	0.0	0.0	0.0	0.0	4.485142707824707	0.0	3.976886749267578	4.031497955322266	3.7446017265319824	0.0	4.019840240478516	0.0	0.0	0.0	0.0	0.0	0.0	0.0	3.890204429626465	0.0	0.0	0.0	0.0	0.0	0.0	0.0	0.0	4.081429958343506	5.063285827636719	0.0	0.0	0.0	0.0	4.678325176239014	4.3493475914001465	0.0	0.0	0.0	0.0	0.0	4.247618675231934	4.578658580780029	0.0	0.0	0.0	3.716214895248413	0.0	4.838808536529541	0.0	3.7921316623687744	0.0	0.0	5.036150932312012	0.0	0.0
0.0	0.0	4.215280532836914	0.0	0.0	3.776620864868164	3.6927244663238525	0.0	5.060182571411133	0.0	0.0	3.4543962478637695	0.0	0.0	4.483162879943848	0.0	0.0	0.0	0.0	0.0	5.2275543212890625	4.567790508270264	0.0	3.9552056789398193	0.0	0.0	0.0	4.406392574310303	0.0	5.817808628082275	0.0	0.0	0.0	0.0	4.544042110443115	0.0	0.0	3.3586931228637695	0.0	0.0	0.0	0.0	0.0	0.0	0.0	4.506899833679199	0.0	3.9961776733398438	4.050755500793457	3.763767719268799	0.0	4.0399909019470215	0.0	0.0	0.0	0.0	0.0	0.0	0.0	3.9087681770324707	0.0	0.0	0.0	0.0	0.0	0.0	0.0	0.0	4.102249622344971	5.089545726776123	0.0	0.0	0.0	0.0	4.702520847320557	4.369215965270996	0.0	0.0	0.0	0.0	0.0	4.269803524017334	4.601281642913818	0.0	0.0	0.0	3.735283136367798	0.0	4.862508296966553	0.0	3.8104147911071777	0.0	0.0	5.061415672302246	0.0	0.0
0.0	0.0	4.188557147979736	0.0	0.0	3.752148151397705	3.6692233085632324	0.0	5.025833606719971	0.0	0.0	3.4311983585357666	0.0	0.0	4.45286226272583	0.0	0.0	0.0	0.0	0.0	5.190374851226807	4.536835193634033	0.0	3.92716646194458	0.0	0.0	0.0	4.377929210662842	0.0	5.777388572692871	0.0	0.0	0.0	0.0	4.512070178985596	0.0	0.0	3.3377678394317627	0.0	0.0	0.0	0.0	0.0	0.0	0.0	4.4770121574401855	0.0	3.9697651863098145	4.024435520172119	3.7377328872680664	0.0	4.012611389160156	0.0	0.0	0.0	0.0	0.0	0.0	0.0	3.882960081100464	0.0	0.0	0.0	0.0	0.0	0.0	0.0	0.0	4.074221611022949	5.053163528442383	0.0	0.0	0.0	0.0	4.669958114624023	4.34065580368042	0.0	0.0	0.0	0.0	0.0	4.239686012268066	4.569912910461426	0.0	0.0	0.0	3.7093727588653564	0.0	4.830058574676514	0.0	3.785188913345337	0.0	0.0	5.027018070220947	0.0	0.0
0.0	0.0	4.1902756690979	0.0	0.0	3.7540640830993652	3.670748472213745	0.0	5.027811527252197	0.0	0.0	3.432314157485962	0.0	0.0	4.45334529876709	0.0	0.0	0.0	0.0	0.0	5.193963050842285	4.538975715637207	0.0	3.929295539855957	0.0	0.0	0.0	4.379391193389893	0.0	5.779957294464111	0.0	0.0	0.0	0.0	4.5143585205078125	0.0	0.0	3.339287042617798	0.0	0.0	0.0	0.0	0.0	0.0	0.0	4.47885799407959	0.0	3.9714391231536865	4.026535987854004	3.7393417358398438	0.0	4.0157952308654785	0.0	0.0	0.0	0.0	0.0	0.0	0.0	3.8855204582214355	0.0	0.0	0.0	0.0	0.0	0.0	0.0	0.0	4.0759663581848145	5.0560150146484375	0.0	0.0	0.0	0.0	4.671794414520264	4.342927932739258	0.0	0.0	0.0	0.0	0.0	4.242166519165039	4.572205543518066	0.0	0.0	0.0	3.7110464572906494	0.0	4.832004547119141	0.0	3.7867913246154785	0.0	0.0	5.029596328735352	0.0	0.0
0.0	0.0	4.188765048980713	0.0	0.0	3.751508951187134	3.6701245307922363	0.0	5.025965690612793	0.0	0.0	3.431473970413208	0.0	0.0	4.452559471130371	0.0	0.0	0.0	0.0	0.0	5.189454555511475	4.536465644836426	0.0	3.9287898540496826	0.0	0.0	0.0	4.378276348114014	0.0	5.777371406555176	0.0	0.0	0.0	0.0	4.512996673583984	0.0	0.0	3.33803129196167	0.0	0.0	0.0	0.0	0.0	0.0	0.0	4.476717948913574	0.0	3.9695968627929688	4.023861408233643	3.7373247146606445	0.0	4.0135087966918945	0.0	0.0	0.0	0.0	0.0	0.0	0.0	3.8834664821624756	0.0	0.0	0.0	0.0	0.0	0.0	0.0	0.0	4.07465934753418	5.053265571594238	0.0	0.0	0.0	0.0	4.670331001281738	4.3414082527160645	0.0	0.0	0.0	0.0	0.0	4.239768981933594	4.57007360458374	0.0	0.0	0.0	3.7098846435546875	0.0	4.829941272735596	0.0	3.7862634658813477	0.0	0.0	5.027243614196777	0.0	0.0
0.0	0.0	4.1890435218811035	0.0	0.0	3.753525733947754	3.669771671295166	0.0	5.025733947753906	0.0	0.0	3.4322350025177	0.0	0.0	4.453455448150635	0.0	0.0	0.0	0.0	0.0	5.192336559295654	4.538360118865967	0.0	3.9288058280944824	0.0	0.0	0.0	4.377995014190674	0.0	5.778791427612305	0.0	0.0	0.0	0.0	4.513596057891846	0.0	0.0	3.3373100757598877	0.0	0.0	0.0	0.0	0.0	0.0	0.0	4.47721529006958	0.0	3.9697790145874023	4.024949073791504	3.7391042709350586	0.0	4.013680934906006	0.0	0.0	0.0	0.0	0.0	0.0	0.0	3.885058879852295	0.0	0.0	0.0	0.0	0.0	0.0	0.0	0.0	4.075283527374268	5.055329322814941	0.0	0.0	0.0	0.0	4.670957088470459	4.342177867889404	0.0	0.0	0.0	0.0	0.0	4.241303443908691	4.571304798126221	0.0	0.0	0.0	3.7095086574554443	0.0	4.8305487632751465	0.0	3.786083698272705	0.0	0.0	5.028764247894287	0.0	0.0
0.0	0.0	4.188155174255371	0.0	0.0	3.7515146732330322	3.668635606765747	0.0	5.024745941162109	0.0	0.0	3.4316794872283936	0.0	0.0	4.451882839202881	0.0	0.0	0.0	0.0	0.0	5.190113544464111	4.5355377197265625	0.0	3.926701068878174	0.0	0.0	0.0	4.377809524536133	0.0	5.777050018310547	0.0	0.0	0.0	0.0	4.51149845123291	0.0	0.0	3.3369901180267334	0.0	0.0	0.0	0.0	0.0	0.0	0.0	4.4769182205200195	0.0	3.9688711166381836	4.023252487182617	3.7370147705078125	0.0	4.011967658996582	0.0	0.0	0.0	0.0	0.0	0.0	0.0	3.8825974464416504	0.0	0.0	0.0	0.0	0.0	0.0	0.0	0.0	4.0738043785095215	5.05251407623291	0.0	0.0	0.0	0.0	4.669812202453613	4.340236186981201	0.0	0.0	0.0	0.0	0.0	4.239394664764404	4.569475173950195	0.0	0.0	0.0	3.7075278759002686	0.0	4.829659461975098	0.0	3.784950017929077	0.0	0.0	5.0260467529296875	0.0	0.0
0.0	0.0	4.1861796379089355	0.0	0.0	3.750927448272705	3.668030261993408	0.0	5.023983478546143	0.0	0.0	3.4300010204315186	0.0	0.0	4.450297832489014	0.0	0.0	0.0	0.0	0.0	5.188894271850586	4.534619331359863	0.0	3.9254202842712402	0.0	0.0	0.0	4.375392913818359	0.0	5.774346828460693	0.0	0.0	0.0	0.0	4.510331630706787	0.0	0.0	3.335862636566162	0.0	0.0	0.0	0.0	0.0	0.0	0.0	4.474899768829346	0.0	3.9675750732421875	4.022340774536133	3.735473394393921	0.0	4.0124192237854	0.0	0.0	0.0	0.0	0.0	0.0	0.0	3.8814475536346436	0.0	0.0	0.0	0.0	0.0	0.0	0.0	0.0	4.072109699249268	5.051755428314209	0.0	0.0	0.0	0.0	4.667753219604492	4.338571548461914	0.0	0.0	0.0	0.0	0.0	4.23866081237793	4.567975044250488	0.0	0.0	0.0	3.7077996730804443	0.0	4.8279709815979	0.0	3.782393455505371	0.0	0.0	5.024726867675781	0.0	0.0
0.0	0.0	4.152108669281006	0.0	0.0	3.7200145721435547	3.63794207572937	0.0	4.9812726974487305	0.0	0.0	3.4019312858581543	0.0	0.0	4.411827564239502	0.0	0.0	0.0	0.0	0.0	5.143616676330566	4.4960761070251465	0.0	3.892587184906006	0.0	0.0	0.0	4.338832378387451	0.0	5.7237229347229	0.0	0.0	0.0	0.0	4.471402645111084	0.0	0.0	3.309117317199707	0.0	0.0	0.0	0.0	0.0	0.0	0.0	4.4373626708984375	0.0	3.933241367340088	3.9889814853668213	3.704439401626587	0.0	3.9783432483673096	0.0	0.0	0.0	0.0	0.0	0.0	0.0	3.851524829864502	0.0	0.0	0.0	0.0	0.0	0.0	0.0	0.0	4.037849426269531	5.008976459503174	0.0	0.0	0.0	0.0	4.629831314086914	4.303891658782959	0.0	0.0	0.0	0.0	0.0	4.202671527862549	4.529632091522217	0.0	0.0	0.0	3.674682378768921	0.0	4.786552429199219	0.0	3.7529137134552	0.0	0.0	4.982795238494873	0.0	0.0
0.0	0.0	4.191939353942871	0.0	0.0	3.755176544189453	3.6718575954437256	0.0	5.030885219573975	0.0	0.0	3.434558629989624	0.0	0.0	4.455422878265381	0.0	0.0	0.0	0.0	0.0	5.196004390716553	4.540709495544434	0.0	3.931133270263672	0.0	0.0	0.0	4.380565643310547	0.0	5.781816482543945	0.0	0.0	0.0	0.0	4.51626443862915	0.0	0.0	3.340158224105835	0.0	0.0	0.0	0.0	0.0	0.0	0.0	4.480824947357178	0.0	3.971870183944702	4.027405738830566	3.7407660484313965	0.0	4.016144752502441	0.0	0.0	0.0	0.0	0.0	0.0	0.0	3.886176586151123	0.0	0.0	0.0	0.0	0.0	0.0	0.0	0.0	4.077861309051514	5.058406829833984	0.0	0.0	0.0	0.0	4.674230575561523	4.34556770324707	0.0	0.0	0.0	0.0	0.0	4.243896961212158	4.5738525390625	0.0	0.0	0.0	3.7122576236724854	0.0	4.834406852722168	0.0	3.787886381149292	0.0	0.0	5.031274318695068	0.0	0.0
0.0	0.0	4.176538944244385	0.0	0.0	3.740474224090576	3.658437728881836	0.0	5.010369300842285	0.0	0.0	3.41926646232605	0.0	0.0	4.437485218048096	0.0	0.0	0.0	0.0	0.0	5.174526691436768	4.523105144500732	0.0	3.916398525238037	0.0	0.0	0.0	4.364935874938965	0.0	5.759659767150879	0.0	0.0	0.0	0.0	4.498415946960449	0.0	0.0	3.3264682292938232	0.0	0.0	0.0	0.0	0.0	0.0	0.0	4.464699745178223	0.0	3.9579780101776123	4.012155055999756	3.7254140377044678	0.0	4.00084114074707	0.0	0.0	0.0	0.0	0.0	0.0	0.0	3.871898651123047	0.0	0.0	0.0	0.0	0.0	0.0	0.0	0.0	4.063018798828125	5.037837505340576	0.0	0.0	0.0	0.0	4.6562724113464355	4.328517913818359	0.0	0.0	0.0	0.0	0.0	4.227570533752441	4.555911540985107	0.0	0.0	0.0	3.6972601413726807	0.0	4.815108299255371	0.0	3.7734668254852295	0.0	0.0	5.011809349060059	0.0	0.0
0.0	0.0	4.193551063537598	0.0	0.0	3.757387638092041	3.674652099609375	0.0	5.032439231872559	0.0	0.0	3.437452793121338	0.0	0.0	4.457575798034668	0.0	0.0	0.0	0.0	0.0	5.19765567779541	4.542629241943359	0.0	3.9330742359161377	0.0	0.0	0.0	4.381406307220459	0.0	5.7861504554748535	0.0	0.0	0.0	0.0	4.519337177276611	0.0	0.0	3.3420705795288086	0.0	0.0	0.0	0.0	0.0	0.0	0.0	4.482457160949707	0.0	3.9748008251190186	4.028378963470459	3.7433059215545654	0.0	4.018397331237793	0.0	0.0	0.0	0.0	0.0	0.0	0.0	3.88847017288208	0.0	0.0	0.0	0.0	0.0	0.0	0.0	0.0	4.0805182456970215	5.0602898597717285	0.0	0.0	0.0	0.0	4.677145481109619	4.346045017242432	0.0	0.0	0.0	0.0	0.0	4.245305061340332	4.576192855834961	0.0	0.0	0.0	3.7138078212738037	0.0	4.836462497711182	0.0	3.7895071506500244	0.0	0.0	5.033095359802246	0.0	0.0
0.0	0.0	4.192115783691406	0.0	0.0	3.7552506923675537	3.6722030639648438	0.0	5.029730319976807	0.0	0.0	3.4345481395721436	0.0	0.0	4.455268383026123	0.0	0.0	0.0	0.0	0.0	5.194443225860596	4.540500164031982	0.0	3.929938793182373	0.0	0.0	0.0	4.380603790283203	0.0	5.782223701477051	0.0	0.0	0.0	0.0	4.516129970550537	0.0	0.0	3.34133243560791	0.0	0.0	0.0	0.0	0.0	0.0	0.0	4.480098247528076	0.0	3.9731521606445312	4.027416229248047	3.7400155067443848	0.0	4.016092777252197	0.0	0.0	0.0	0.0	0.0	0.0	0.0	3.8865349292755127	0.0	0.0	0.0	0.0	0.0	0.0	0.0	0.0	4.077869415283203	5.057365417480469	0.0	0.0	0.0	0.0	4.673590183258057	4.3448286056518555	0.0	0.0	0.0	0.0	0.0	4.243984222412109	4.574030876159668	0.0	0.0	0.0	3.7118923664093018	0.0	4.833990573883057	0.0	3.787911891937256	0.0	0.0	5.030172348022461	0.0	0.0
0.0	0.0	4.194531440734863	0.0	0.0	3.7585039138793945	3.6758382320404053	0.0	5.034529209136963	0.0	0.0	3.436627149581909	0.0	0.0	4.4592695236206055	0.0	0.0	0.0	0.0	0.0	5.199853897094727	4.544238090515137	0.0	3.934131383895874	0.0	0.0	0.0	4.383376598358154	0.0	5.786966800689697	0.0	0.0	0.0	0.0	4.520339012145996	0.0	0.0	3.3425073623657227	0.0	0.0	0.0	0.0	0.0	0.0	0.0	4.484096050262451	0.0	3.9761245250701904	4.030311107635498	3.744105815887451	0.0	4.018925189971924	0.0	0.0	0.0	0.0	0.0	0.0	0.0	3.8888211250305176	0.0	0.0	0.0	0.0	0.0	0.0	0.0	0.0	4.080881595611572	5.0610857009887695	0.0	0.0	0.0	0.0	4.678183555603027	4.347968578338623	0.0	0.0	0.0	0.0	0.0	4.2473063468933105	4.577115535736084	0.0	0.0	0.0	3.715331792831421	0.0	4.83740758895874	0.0	3.790311098098755	0.0	0.0	5.034780979156494	0.0	0.0
0.0	0.0	4.195173263549805	0.0	0.0	3.7579381465911865	3.6748549938201904	0.0	5.033644199371338	0.0	0.0	3.435629367828369	0.0	0.0	4.457613468170166	0.0	0.0	0.0	0.0	0.0	5.197326183319092	4.542792797088623	0.0	3.934126853942871	0.0	0.0	0.0	4.384680271148682	0.0	5.786538600921631	0.0	0.0	0.0	0.0	4.519124984741211	0.0	0.0	3.3422865867614746	0.0	0.0	0.0	0.0	0.0	0.0	0.0	4.482965469360352	0.0	3.975529432296753	4.029994010925293	3.7422659397125244	0.0	4.019608497619629	0.0	0.0	0.0	0.0	0.0	0.0	0.0	3.889392852783203	0.0	0.0	0.0	0.0	0.0	0.0	0.0	0.0	4.080050468444824	5.061305999755859	0.0	0.0	0.0	0.0	4.6774396896362305	4.347099781036377	0.0	0.0	0.0	0.0	0.0	4.246448516845703	4.576566696166992	0.0	0.0	0.0	3.714466094970703	0.0	4.836756229400635	0.0	3.7906975746154785	0.0	0.0	5.03331184387207	0.0	0.0
0.0	0.0	4.184558391571045	0.0	0.0	3.74865984916687	3.666794538497925	0.0	5.022033214569092	0.0	0.0	3.429074287414551	0.0	0.0	4.448894023895264	0.0	0.0	0.0	0.0	0.0	5.187648773193359	4.532418251037598	0.0	3.925698757171631	0.0	0.0	0.0	4.373644828796387	0.0	5.772573947906494	0.0	0.0	0.0	0.0	4.5086493492126465	0.0	0.0	3.3326475620269775	0.0	0.0	0.0	0.0	0.0	0.0	0.0	4.474891185760498	0.0	3.9672842025756836	4.020389556884766	3.736584424972534	0.0	4.009359836578369	0.0	0.0	0.0	0.0	0.0	0.0	0.0	3.8802859783172607	0.0	0.0	0.0	0.0	0.0	0.0	0.0	0.0	4.071532726287842	5.047150611877441	0.0	0.0	0.0	0.0	4.666750907897949	4.338000774383545	0.0	0.0	0.0	0.0	0.0	4.23684024810791	4.5662689208984375	0.0	0.0	0.0	3.707395076751709	0.0	4.827805042266846	0.0	3.7819833755493164	0.0	0.0	5.02256965637207	0.0	0.0
0.0	0.0	4.189013481140137	0.0	0.0	3.753143072128296	3.6698379516601562	0.0	5.02596378326416	0.0	0.0	3.4322924613952637	0.0	0.0	4.452209949493408	0.0	0.0	0.0	0.0	0.0	5.191351890563965	4.536581516265869	0.0	3.928555727005005	0.0	0.0	0.0	4.378364562988281	0.0	5.7773966789245605	0.0	0.0	0.0	0.0	4.512551784515381	0.0	0.0	3.337911367416382	0.0	0.0	0.0	0.0	0.0	0.0	0.0	4.476867198944092	0.0	3.9697370529174805	4.024611949920654	3.7377419471740723	0.0	4.014050483703613	0.0	0.0	0.0	0.0	0.0	0.0	0.0	3.884326696395874	0.0	0.0	0.0	0.0	0.0	0.0	0.0	0.0	4.074312210083008	5.053847312927246	0.0	0.0	0.0	0.0	4.671262741088867	4.340963363647461	0.0	0.0	0.0	0.0	0.0	4.240339279174805	4.57014274597168	0.0	0.0	0.0	3.70973539352417	0.0	4.83014440536499	0.0	3.7845799922943115	0.0	0.0	5.026731491088867	0.0	0.0
0.0	0.0	4.193108558654785	0.0	0.0	3.757185220718384	3.674496650695801	0.0	5.033553123474121	0.0	0.0	3.4358177185058594	0.0	0.0	4.458559036254883	0.0	0.0	0.0	0.0	0.0	5.1975531578063965	4.543368816375732	0.0	3.934025764465332	0.0	0.0	0.0	4.382036209106445	0.0	5.785228729248047	0.0	0.0	0.0	0.0	4.519867420196533	0.0	0.0	3.340487241744995	0.0	0.0	0.0	0.0	0.0	0.0	0.0	4.483341693878174	0.0	3.974358320236206	4.028635501861572	3.7426493167877197	0.0	4.018226146697998	0.0	0.0	0.0	0.0	0.0	0.0	0.0	3.8880412578582764	0.0	0.0	0.0	0.0	0.0	0.0	0.0	0.0	4.080257892608643	5.060665607452393	0.0	0.0	0.0	0.0	4.67683219909668	4.347319602966309	0.0	0.0	0.0	0.0	0.0	4.24513578414917	4.575525283813477	0.0	0.0	0.0	3.7140603065490723	0.0	4.836878776550293	0.0	3.789323091506958	0.0	0.0	5.033390045166016	0.0	0.0
0.0	0.0	4.191521167755127	0.0	0.0	3.7542805671691895	3.6708927154541016	0.0	5.029409408569336	0.0	0.0	3.4323537349700928	0.0	0.0	4.454883098602295	0.0	0.0	0.0	0.0	0.0	5.195586681365967	4.5395708084106445	0.0	3.9296631813049316	0.0	0.0	0.0	4.379966735839844	0.0	5.780224800109863	0.0	0.0	0.0	0.0	4.515277862548828	0.0	0.0	3.3379499912261963	0.0	0.0	0.0	0.0	0.0	0.0	0.0	4.480523586273193	0.0	3.9715921878814697	4.025749683380127	3.7395851612091064	0.0	4.0150146484375	0.0	0.0	0.0	0.0	0.0	0.0	0.0	3.885768413543701	0.0	0.0	0.0	0.0	0.0	0.0	0.0	0.0	4.0775837898254395	5.055891990661621	0.0	0.0	0.0	0.0	4.672170162200928	4.344305038452148	0.0	0.0	0.0	0.0	0.0	4.243196964263916	4.573462963104248	0.0	0.0	0.0	3.7112855911254883	0.0	4.833522796630859	0.0	3.7867283821105957	0.0	0.0	5.030120372772217	0.0	0.0
0.0	0.0	4.190861701965332	0.0	0.0	3.756103754043579	3.6716904640197754	0.0	5.030854225158691	0.0	0.0	3.4349801540374756	0.0	0.0	4.456255912780762	0.0	0.0	0.0	0.0	0.0	5.196720123291016	4.540575981140137	0.0	3.9315168857574463	0.0	0.0	0.0	4.380540370941162	0.0	5.783066749572754	0.0	0.0	0.0	0.0	4.516867637634277	0.0	0.0	3.339498996734619	0.0	0.0	0.0	0.0	0.0	0.0	0.0	4.48098087310791	0.0	3.972759962081909	4.026958465576172	3.741262197494507	0.0	4.015562057495117	0.0	0.0	0.0	0.0	0.0	0.0	0.0	3.887133836746216	0.0	0.0	0.0	0.0	0.0	0.0	0.0	0.0	4.077457904815674	5.057621479034424	0.0	0.0	0.0	0.0	4.674069404602051	4.345093250274658	0.0	0.0	0.0	0.0	0.0	4.24417781829834	4.574727535247803	0.0	0.0	0.0	3.712433099746704	0.0	4.833559989929199	0.0	3.7875430583953857	0.0	0.0	5.031737804412842	0.0	0.0
0.0	0.0	4.189884662628174	0.0	0.0	3.7536635398864746	3.670487880706787	0.0	5.028371334075928	0.0	0.0	3.433011293411255	0.0	0.0	4.45320987701416	0.0	0.0	0.0	0.0	0.0	5.1930155754089355	4.538984298706055	0.0	3.929682970046997	0.0	0.0	0.0	4.377779483795166	0.0	5.779855251312256	0.0	0.0	0.0	0.0	4.513803482055664	0.0	0.0	3.3378307819366455	0.0	0.0	0.0	0.0	0.0	0.0	0.0	4.478476047515869	0.0	3.9713692665100098	4.024589538574219	3.7390499114990234	0.0	4.014674663543701	0.0	0.0	0.0	0.0	0.0	0.0	0.0	3.8846535682678223	0.0	0.0	0.0	0.0	0.0	0.0	0.0	0.0	4.07589054107666	5.054580211639404	0.0	0.0	0.0	0.0	4.671463966369629	4.342687129974365	0.0	0.0	0.0	0.0	0.0	4.241257190704346	4.57194185256958	0.0	0.0	0.0	3.7098581790924072	0.0	4.831970691680908	0.0	3.785837411880493	0.0	0.0	5.028256416320801	0.0	0.0
0.0	0.0	4.193228244781494	0.0	0.0	3.7572429180145264	3.6731491088867188	0.0	5.031251430511475	0.0	0.0	3.435601234436035	0.0	0.0	4.456995010375977	0.0	0.0	0.0	0.0	0.0	5.196829795837402	4.542051792144775	0.0	3.9321036338806152	0.0	0.0	0.0	4.380701541900635	0.0	5.784794807434082	0.0	0.0	0.0	0.0	4.518456935882568	0.0	0.0	3.34077787399292	0.0	0.0	0.0	0.0	0.0	0.0	0.0	4.481597423553467	0.0	3.9738097190856934	4.028514862060547	3.7414348125457764	0.0	4.017822742462158	0.0	0.0	0.0	0.0	0.0	0.0	0.0	3.8886258602142334	0.0	0.0	0.0	0.0	0.0	0.0	0.0	0.0	4.079355239868164	5.058936595916748	0.0	0.0	0.0	0.0	4.675947666168213	4.3460869789123535	0.0	0.0	0.0	0.0	0.0	4.245285511016846	4.575709819793701	0.0	0.0	0.0	3.7141571044921875	0.0	4.835851669311523	0.0	3.7894093990325928	0.0	0.0	5.032822132110596	0.0	0.0
0.0	0.0	4.190041542053223	0.0	0.0	3.7529759407043457	3.6699838638305664	0.0	5.027894973754883	0.0	0.0	3.432650089263916	0.0	0.0	4.453742027282715	0.0	0.0	0.0	0.0	0.0	5.1934099197387695	4.538629531860352	0.0	3.928422451019287	0.0	0.0	0.0	4.379523277282715	0.0	5.779483318328857	0.0	0.0	0.0	0.0	4.5145368576049805	0.0	0.0	3.338805675506592	0.0	0.0	0.0	0.0	0.0	0.0	0.0	4.478923320770264	0.0	3.970853805541992	4.0248565673828125	3.7388792037963867	0.0	4.014712810516357	0.0	0.0	0.0	0.0	0.0	0.0	0.0	3.8855090141296387	0.0	0.0	0.0	0.0	0.0	0.0	0.0	0.0	4.076664447784424	5.055531024932861	0.0	0.0	0.0	0.0	4.672338962554932	4.3428239822387695	0.0	0.0	0.0	0.0	0.0	4.242008686065674	4.572447299957275	0.0	0.0	0.0	3.7110209465026855	0.0	4.831538677215576	0.0	3.786721706390381	0.0	0.0	5.029006004333496	0.0	0.0
0.0	0.0	4.162903785705566	0.0	0.0	3.731271505355835	3.650012254714966	0.0	4.995988845825195	0.0	0.0	3.414823293685913	0.0	0.0	4.426640033721924	0.0	0.0	0.0	0.0	0.0	5.160139560699463	4.510769844055176	0.0	3.903467893600464	0.0	0.0	0.0	4.351752281188965	0.0	5.742814064025879	0.0	0.0	0.0	0.0	4.4868574142456055	0.0	0.0	3.3203117847442627	0.0	0.0	0.0	0.0	0.0	0.0	0.0	4.449445724487305	0.0	3.9459731578826904	4.001781463623047	3.717684745788574	0.0	3.989320993423462	0.0	0.0	0.0	0.0	0.0	0.0	0.0	3.861825704574585	0.0	0.0	0.0	0.0	0.0	0.0	0.0	0.0	4.0516676902771	5.024106979370117	0.0	0.0	0.0	0.0	4.642806053161621	4.315680980682373	0.0	0.0	0.0	0.0	0.0	4.216888427734375	4.5444769859313965	0.0	0.0	0.0	3.687206745147705	0.0	4.8021368980407715	0.0	3.7635865211486816	0.0	0.0	4.997941493988037	0.0	0.0
0.0	0.0	4.1922125816345215	0.0	0.0	3.7559704780578613	3.6726059913635254	0.0	5.030213832855225	0.0	0.0	3.434803009033203	0.0	0.0	4.455894470214844	0.0	0.0	0.0	0.0	0.0	5.195005893707275	4.541143417358398	0.0	3.931252956390381	0.0	0.0	0.0	4.3807692527771	0.0	5.782315254211426	0.0	0.0	0.0	0.0	4.516808032989502	0.0	0.0	3.3401615619659424	0.0	0.0	0.0	0.0	0.0	0.0	0.0	4.481393337249756	0.0	3.9730911254882812	4.027931213378906	3.740600109100342	0.0	4.016979694366455	0.0	0.0	0.0	0.0	0.0	0.0	0.0	3.8873085975646973	0.0	0.0	0.0	0.0	0.0	0.0	0.0	0.0	4.0776896476745605	5.057924270629883	0.0	0.0	0.0	0.0	4.675137996673584	4.344641208648682	0.0	0.0	0.0	0.0	0.0	4.244457721710205	4.574197292327881	0.0	0.0	0.0	3.712338447570801	0.0	4.834592819213867	0.0	3.7883188724517822	0.0	0.0	5.031385898590088	0.0	0.0
0.0	0.0	4.196118354797363	0.0	0.0	3.7590837478637695	3.6756203174591064	0.0	5.035388946533203	0.0	0.0	3.4382691383361816	0.0	0.0	4.460206031799316	0.0	0.0	0.0	0.0	0.0	5.201842308044434	4.545289039611816	0.0	3.934333324432373	0.0	0.0	0.0	4.385560035705566	0.0	5.789466857910156	0.0	0.0	0.0	0.0	4.521595001220703	0.0	0.0	3.343595027923584	0.0	0.0	0.0	0.0	0.0	0.0	0.0	4.4858174324035645	0.0	3.977757215499878	4.0312323570251465	3.7450356483459473	0.0	4.020777225494385	0.0	0.0	0.0	0.0	0.0	0.0	0.0	3.891004800796509	0.0	0.0	0.0	0.0	0.0	0.0	0.0	0.0	4.082345485687256	5.063729286193848	0.0	0.0	0.0	0.0	4.6792192459106445	4.349753379821777	0.0	0.0	0.0	0.0	0.0	4.248411655426025	4.578381538391113	0.0	0.0	0.0	3.716789960861206	0.0	4.838347911834717	0.0	3.7927310466766357	0.0	0.0	5.036596298217773	0.0	0.0
0.0	0.0	4.181424617767334	0.0	0.0	3.7455766201019287	3.663041114807129	0.0	5.017078399658203	0.0	0.0	3.4237444400787354	0.0	0.0	4.442473888397217	0.0	0.0	0.0	0.0	0.0	5.180956840515137	4.528937816619873	0.0	3.921844482421875	0.0	0.0	0.0	4.370547771453857	0.0	5.767691135406494	0.0	0.0	0.0	0.0	4.503385543823242	0.0	0.0	3.330446481704712	0.0	0.0	0.0	0.0	0.0	0.0	0.0	4.471456527709961	0.0	3.9630048274993896	4.016955852508545	3.730358362197876	0.0	4.005859375	0.0	0.0	0.0	0.0	0.0	0.0	0.0	3.8756699562072754	0.0	0.0	0.0	0.0	0.0	0.0	0.0	0.0	4.067938327789307	5.042771339416504	0.0	0.0	0.0	0.0	4.662153720855713	4.333438396453857	0.0	0.0	0.0	0.0	0.0	4.233809471130371	4.562828540802002	0.0	0.0	0.0	3.702471971511841	0.0	4.821754455566406	0.0	3.7787587642669678	0.0	0.0	5.019055366516113	0.0	0.0
0.0	0.0	4.189814567565918	0.0	0.0	3.75338077545166	3.670943021774292	0.0	5.027584075927734	0.0	0.0	3.4331858158111572	0.0	0.0	4.4536638259887695	0.0	0.0	0.0	0.0	0.0	5.19334602355957	4.538567543029785	0.0	3.929079055786133	0.0	0.0	0.0	4.3781046867370605	0.0	5.779616832733154	0.0	0.0	0.0	0.0	4.5142130851745605	0.0	0.0	3.338069200515747	0.0	0.0	0.0	0.0	0.0	0.0	0.0	4.47988748550415	0.0	3.971234083175659	4.025694370269775	3.7387728691101074	0.0	4.014357566833496	0.0	0.0	0.0	0.0	0.0	0.0	0.0	3.884749174118042	0.0	0.0	0.0	0.0	0.0	0.0	0.0	0.0	4.076694011688232	5.054530620574951	0.0	0.0	0.0	0.0	4.6719160079956055	4.3427839279174805	0.0	0.0	0.0	0.0	0.0	4.242471218109131	4.57180118560791	0.0	0.0	0.0	3.7107393741607666	0.0	4.831804275512695	0.0	3.7861828804016113	0.0	0.0	5.029122352600098	0.0	0.0
0.0	0.0	4.183381080627441	0.0	0.0	3.7480885982513428	3.6654231548309326	0.0	5.01985502243042	0.0	0.0	3.42799973487854	0.0	0.0	4.446096897125244	0.0	0.0	0.0	0.0	0.0	5.184194564819336	4.531595706939697	0.0	3.9235055446624756	0.0	0.0	0.0	4.372690200805664	0.0	5.770914077758789	0.0	0.0	0.0	0.0	4.507363796234131	0.0	0.0	3.3333089351654053	0.0	0.0	0.0	0.0	0.0	0.0	0.0	4.471902847290039	0.0	3.965041160583496	4.020110130310059	3.7336294651031494	0.0	4.008967399597168	0.0	0.0	0.0	0.0	0.0	0.0	0.0	3.879192590713501	0.0	0.0	0.0	0.0	0.0	0.0	0.0	0.0	4.0693039894104	5.0475993156433105	0.0	0.0	0.0	0.0	4.664709568023682	4.336632251739502	0.0	0.0	0.0	0.0	0.0	4.236082553863525	4.565274715423584	0.0	0.0	0.0	3.704935312271118	0.0	4.824181079864502	0.0	3.7808728218078613	0.0	0.0	5.020303249359131	0.0	0.0
0.0	0.0	4.200618743896484	0.0	0.0	3.7638463973999023	3.6797566413879395	0.0	5.0420145988464355	0.0	0.0	3.4411749839782715	0.0	0.0	4.465913772583008	0.0	0.0	0.0	0.0	0.0	5.208556175231934	4.549737453460693	0.0	3.939720392227173	0.0	0.0	0.0	4.389937877655029	0.0	5.794963836669922	0.0	0.0	0.0	0.0	4.525953769683838	0.0	0.0	3.34753155708313	0.0	0.0	0.0	0.0	0.0	0.0	0.0	4.490023612976074	0.0	3.980907917022705	4.035628318786621	3.749346971511841	0.0	4.025496959686279	0.0	0.0	0.0	0.0	0.0	0.0	0.0	3.8944716453552246	0.0	0.0	0.0	0.0	0.0	0.0	0.0	0.0	4.086604595184326	5.069321155548096	0.0	0.0	0.0	0.0	4.6853179931640625	4.354677677154541	0.0	0.0	0.0	0.0	0.0	4.252511978149414	4.583554267883301	0.0	0.0	0.0	3.72074818611145	0.0	4.845305442810059	0.0	3.795820713043213	0.0	0.0	5.042115688323975	0.0	0.0
0.0	0.0	4.1949381828308105	0.0	0.0	3.7585785388946533	3.6754939556121826	0.0	5.034651279449463	0.0	0.0	3.436795234680176	0.0	0.0	4.458837509155273	0.0	0.0	0.0	0.0	0.0	5.199626922607422	4.545307159423828	0.0	3.93477201461792	0.0	0.0	0.0	4.384190082550049	0.0	5.787677764892578	0.0	0.0	0.0	0.0	4.519934177398682	0.0	0.0	3.342214345932007	0.0	0.0	0.0	0.0	0.0	0.0	0.0	4.484307289123535	0.0	3.976445436477661	4.031455039978027	3.7435057163238525	0.0	4.020192623138428	0.0	0.0	0.0	0.0	0.0	0.0	0.0	3.889918327331543	0.0	0.0	0.0	0.0	0.0	0.0	0.0	0.0	4.081552505493164	5.062741279602051	0.0	0.0	0.0	0.0	4.678863048553467	4.348710536956787	0.0	0.0	0.0	0.0	0.0	4.247997283935547	4.578299522399902	0.0	0.0	0.0	3.715550184249878	0.0	4.837592124938965	0.0	3.7904584407806396	0.0	0.0	5.036129474639893	0.0	0.0
0.0	0.0	4.188301086425781	0.0	0.0	3.7527787685394287	3.6692588329315186	0.0	5.026551246643066	0.0	0.0	3.432462453842163	0.0	0.0	4.453350067138672	0.0	0.0	0.0	0.0	0.0	5.191974639892578	4.5370354652404785	0.0	3.928889751434326	0.0	0.0	0.0	4.378145217895508	0.0	5.7779388427734375	0.0	0.0	0.0	0.0	4.512784481048584	0.0	0.0	3.3381776809692383	0.0	0.0	0.0	0.0	0.0	0.0	0.0	4.477878570556641	0.0	3.969933271408081	4.02431058883667	3.738987684249878	0.0	4.013360023498535	0.0	0.0	0.0	0.0	0.0	0.0	0.0	3.884357213973999	0.0	0.0	0.0	0.0	0.0	0.0	0.0	0.0	4.076271057128906	5.053876876831055	0.0	0.0	0.0	0.0	4.670801639556885	4.3418145179748535	0.0	0.0	0.0	0.0	0.0	4.240860462188721	4.571442604064941	0.0	0.0	0.0	3.7098605632781982	0.0	4.830632209777832	0.0	3.7846617698669434	0.0	0.0	5.027711868286133	0.0	0.0
0.0	0.0	4.190992832183838	0.0	0.0	3.755664348602295	3.671581983566284	0.0	5.030133247375488	0.0	0.0	3.4346091747283936	0.0	0.0	4.4546356201171875	0.0	0.0	0.0	0.0	0.0	5.195382118225098	4.539731502532959	0.0	3.9301400184631348	0.0	0.0	0.0	4.379573822021484	0.0	5.781715393066406	0.0	0.0	0.0	0.0	4.515939235687256	0.0	0.0	3.3393566608428955	0.0	0.0	0.0	0.0	0.0	0.0	0.0	4.481313228607178	0.0	3.972630262374878	4.025914192199707	3.7404115200042725	0.0	4.015629291534424	0.0	0.0	0.0	0.0	0.0	0.0	0.0	3.886404275894165	0.0	0.0	0.0	0.0	0.0	0.0	0.0	0.0	4.07801628112793	5.056591987609863	0.0	0.0	0.0	0.0	4.674065113067627	4.344400882720947	0.0	0.0	0.0	0.0	0.0	4.243278980255127	4.57371187210083	0.0	0.0	0.0	3.71175217628479	0.0	4.833298683166504	0.0	3.7865309715270996	0.0	0.0	5.030232906341553	0.0	0.0
0.0	0.0	4.213026523590088	0.0	0.0	3.774242639541626	3.689768075942993	0.0	5.056704998016357	0.0	0.0	3.450669050216675	0.0	0.0	4.478906154632568	0.0	0.0	0.0	0.0	0.0	5.222568511962891	4.5639872550964355	0.0	3.951906442642212	0.0	0.0	0.0	4.4038825035095215	0.0	5.813680648803711	0.0	0.0	0.0	0.0	4.540222644805908	0.0	0.0	3.355555772781372	0.0	0.0	0.0	0.0	0.0	0.0	0.0	4.503993988037109	0.0	3.994063138961792	4.047599792480469	3.7586991786956787	0.0	4.036199569702148	0.0	0.0	0.0	0.0	0.0	0.0	0.0	3.9057955741882324	0.0	0.0	0.0	0.0	0.0	0.0	0.0	0.0	4.099346160888672	5.084582328796387	0.0	0.0	0.0	0.0	4.699017524719238	4.36661434173584	0.0	0.0	0.0	0.0	0.0	4.265964508056641	4.597902297973633	0.0	0.0	0.0	3.731951951980591	0.0	4.859243392944336	0.0	3.8069992065429688	0.0	0.0	5.057942867279053	0.0	0.0
0.0	0.0	4.195363998413086	0.0	0.0	3.7588951587677	3.676633834838867	0.0	5.034943103790283	0.0	0.0	3.438446283340454	0.0	0.0	4.4595465660095215	0.0	0.0	0.0	0.0	0.0	5.2009687423706055	4.545073986053467	0.0	3.9343819618225098	0.0	0.0	0.0	4.38519287109375	0.0	5.787655353546143	0.0	0.0	0.0	0.0	4.5206732749938965	0.0	0.0	3.343874454498291	0.0	0.0	0.0	0.0	0.0	0.0	0.0	4.484626293182373	0.0	3.976349115371704	4.031238079071045	3.744269371032715	0.0	4.020423889160156	0.0	0.0	0.0	0.0	0.0	0.0	0.0	3.8904170989990234	0.0	0.0	0.0	0.0	0.0	0.0	0.0	0.0	4.081228256225586	5.06302547454834	0.0	0.0	0.0	0.0	4.67861270904541	4.348616600036621	0.0	0.0	0.0	0.0	0.0	4.24784517288208	4.578235626220703	0.0	0.0	0.0	3.7161929607391357	0.0	4.8383283615112305	0.0	3.7917799949645996	0.0	0.0	5.036932468414307	0.0	0.0
0.0	0.0	4.198230266571045	0.0	0.0	3.7605857849121094	3.677058458328247	0.0	5.036829948425293	0.0	0.0	3.439626932144165	0.0	0.0	4.461817264556885	0.0	0.0	0.0	0.0	0.0	5.2026238441467285	4.547179222106934	0.0	3.936276435852051	0.0	0.0	0.0	4.386450290679932	0.0	5.7904276847839355	0.0	0.0	0.0	0.0	4.521988868713379	0.0	0.0	3.3449761867523193	0.0	0.0	0.0	0.0	0.0	0.0	0.0	4.486453533172607	0.0	3.9782116413116455	4.0328545570373535	3.7455220222473145	0.0	4.022347927093506	0.0	0.0	0.0	0.0	0.0	0.0	0.0	3.891801357269287	0.0	0.0	0.0	0.0	0.0	0.0	0.0	0.0	4.084048271179199	5.0654826164245605	0.0	0.0	0.0	0.0	4.680967330932617	4.349900722503662	0.0	0.0	0.0	0.0	0.0	4.249528408050537	4.580179214477539	0.0	0.0	0.0	3.717101812362671	0.0	4.840603828430176	0.0	3.7928659915924072	0.0	0.0	5.038236618041992	0.0	0.0
0.0	0.0	4.193845748901367	0.0	0.0	3.757702350616455	3.673612594604492	0.0	5.033269882202148	0.0	0.0	3.4361109733581543	0.0	0.0	4.458279132843018	0.0	0.0	0.0	0.0	0.0	5.199671745300293	4.542795181274414	0.0	3.932605743408203	0.0	0.0	0.0	4.38431453704834	0.0	5.785097122192383	0.0	0.0	0.0	0.0	4.518957138061523	0.0	0.0	3.3416943550109863	0.0	0.0	0.0	0.0	0.0	0.0	0.0	4.4826579093933105	0.0	3.9751243591308594	4.030081748962402	3.742821455001831	0.0	4.0187602043151855	0.0	0.0	0.0	0.0	0.0	0.0	0.0	3.8890836238861084	0.0	0.0	0.0	0.0	0.0	0.0	0.0	0.0	4.080072402954102	5.061266899108887	0.0	0.0	0.0	0.0	4.676450729370117	4.3465800285339355	0.0	0.0	0.0	0.0	0.0	4.2465410232543945	4.575636386871338	0.0	0.0	0.0	3.7150039672851562	0.0	4.836285591125488	0.0	3.7898502349853516	0.0	0.0	5.034252166748047	0.0	0.0
0.0	0.0	4.187612056732178	0.0	0.0	3.7522871494293213	3.6691670417785645	0.0	5.024823188781738	0.0	0.0	3.4306113719940186	0.0	0.0	4.451723098754883	0.0	0.0	0.0	0.0	0.0	5.1899614334106445	4.535339832305908	0.0	3.927502155303955	0.0	0.0	0.0	4.376224994659424	0.0	5.777109146118164	0.0	0.0	0.0	0.0	4.511393070220947	0.0	0.0	3.3369479179382324	0.0	0.0	0.0	0.0	0.0	0.0	0.0	4.47663688659668	0.0	3.9688076972961426	4.022961616516113	3.736628293991089	0.0	4.012150287628174	0.0	0.0	0.0	0.0	0.0	0.0	0.0	3.8831639289855957	0.0	0.0	0.0	0.0	0.0	0.0	0.0	0.0	4.073361873626709	5.052367210388184	0.0	0.0	0.0	0.0	4.669532775878906	4.340696811676025	0.0	0.0	0.0	0.0	0.0	4.239017963409424	4.568909645080566	0.0	0.0	0.0	3.7086806297302246	0.0	4.82935905456543	0.0	3.7851836681365967	0.0	0.0	5.02621603012085	0.0	0.0
0.0	0.0	4.182619094848633	0.0	0.0	3.746858835220337	3.6650469303131104	0.0	5.018588542938232	0.0	0.0	3.4282376766204834	0.0	0.0	4.446827411651611	0.0	0.0	0.0	0.0	0.0	5.184355735778809	4.530938148498535	0.0	3.922424554824829	0.0	0.0	0.0	4.372463703155518	0.0	5.769932270050049	0.0	0.0	0.0	0.0	4.507058620452881	0.0	0.0	3.3334248065948486	0.0	0.0	0.0	0.0	0.0	0.0	0.0	4.471733093261719	0.0	3.9643921852111816	4.018981456756592	3.7338240146636963	0.0	4.007709503173828	0.0	0.0	0.0	0.0	0.0	0.0	0.0	3.8789420127868652	0.0	0.0	0.0	0.0	0.0	0.0	0.0	0.0	4.070024490356445	5.046546936035156	0.0	0.0	0.0	0.0	4.664347171783447	4.335310935974121	0.0	0.0	0.0	0.0	0.0	4.234665870666504	4.565197944641113	0.0	0.0	0.0	3.7040796279907227	0.0	4.823791980743408	0.0	3.7796742916107178	0.0	0.0	5.021020889282227	0.0	0.0
0.0	0.0	4.178537368774414	0.0	0.0	3.7432920932769775	3.6606531143188477	0.0	5.013385772705078	0.0	0.0	3.423304796218872	0.0	0.0	4.441339492797852	0.0	0.0	0.0	0.0	0.0	5.178860187530518	4.5259222984313965	0.0	3.918670892715454	0.0	0.0	0.0	4.36763334274292	0.0	5.763123989105225	0.0	0.0	0.0	0.0	4.501522064208984	0.0	0.0	3.329338788986206	0.0	0.0	0.0	0.0	0.0	0.0	0.0	4.467930316925049	0.0	3.960524320602417	4.014550685882568	3.7293388843536377	0.0	4.003629207611084	0.0	0.0	0.0	0.0	0.0	0.0	0.0	3.8748373985290527	0.0	0.0	0.0	0.0	0.0	0.0	0.0	0.0	4.0655364990234375	5.041078090667725	0.0	0.0	0.0	0.0	4.65860652923584	4.331632614135742	0.0	0.0	0.0	0.0	0.0	4.230241298675537	4.5600690841674805	0.0	0.0	0.0	3.6996140480041504	0.0	4.81825065612793	0.0	3.7759170532226562	0.0	0.0	5.0155348777771	0.0	0.0
0.0	0.0	4.194679260253906	0.0	0.0	3.758192777633667	3.674004316329956	0.0	5.034108638763428	0.0	0.0	3.4374847412109375	0.0	0.0	4.458634853363037	0.0	0.0	0.0	0.0	0.0	5.20035457611084	4.543789863586426	0.0	3.9332821369171143	0.0	0.0	0.0	4.383966445922852	0.0	5.788260459899902	0.0	0.0	0.0	0.0	4.518949031829834	0.0	0.0	3.3421077728271484	0.0	0.0	0.0	0.0	0.0	0.0	0.0	4.484105110168457	0.0	3.9768731594085693	4.030412673950195	3.744161367416382	0.0	4.019382476806641	0.0	0.0	0.0	0.0	0.0	0.0	0.0	3.891101360321045	0.0	0.0	0.0	0.0	0.0	0.0	0.0	0.0	4.080606460571289	5.061598300933838	0.0	0.0	0.0	0.0	4.678049564361572	4.3487114906311035	0.0	0.0	0.0	0.0	0.0	4.24790096282959	4.578344821929932	0.0	0.0	0.0	3.7161433696746826	0.0	4.837223052978516	0.0	3.7912745475769043	0.0	0.0	5.035492897033691	0.0	0.0
0.0	0.0	4.192636966705322	0.0	0.0	3.755244255065918	3.6718575954437256	0.0	5.030458927154541	0.0	0.0	3.434242010116577	0.0	0.0	4.455195426940918	0.0	0.0	0.0	0.0	0.0	5.19529390335083	4.541070938110352	0.0	3.9314510822296143	0.0	0.0	0.0	4.381357669830322	0.0	5.78262186050415	0.0	0.0	0.0	0.0	4.5154032707214355	0.0	0.0	3.339437961578369	0.0	0.0	0.0	0.0	0.0	0.0	0.0	4.4805378913879395	0.0	3.9728949069976807	4.027219772338867	3.739600658416748	0.0	4.017462253570557	0.0	0.0	0.0	0.0	0.0	0.0	0.0	3.8856866359710693	0.0	0.0	0.0	0.0	0.0	0.0	0.0	0.0	4.0781354904174805	5.056939601898193	0.0	0.0	0.0	0.0	4.673851490020752	4.344972610473633	0.0	0.0	0.0	0.0	0.0	4.243267059326172	4.574032783508301	0.0	0.0	0.0	3.711656093597412	0.0	4.833907127380371	0.0	3.788198709487915	0.0	0.0	5.031217098236084	0.0	0.0
0.0	0.0	4.176227569580078	0.0	0.0	3.742168426513672	3.6594972610473633	0.0	5.0110764503479	0.0	0.0	3.422191619873047	0.0	0.0	4.438594818115234	0.0	0.0	0.0	0.0	0.0	5.176109313964844	4.524272441864014	0.0	3.917017936706543	0.0	0.0	0.0	4.366185665130615	0.0	5.761109828948975	0.0	0.0	0.0	0.0	4.499668121337891	0.0	0.0	3.3287413120269775	0.0	0.0	0.0	0.0	0.0	0.0	0.0	4.464702129364014	0.0	3.9585680961608887	4.01346492767334	3.7275373935699463	0.0	4.001928806304932	0.0	0.0	0.0	0.0	0.0	0.0	0.0	3.8727073669433594	0.0	0.0	0.0	0.0	0.0	0.0	0.0	0.0	4.064019680023193	5.038980007171631	0.0	0.0	0.0	0.0	4.656906604766846	4.329287052154541	0.0	0.0	0.0	0.0	0.0	4.229366779327393	4.557841777801514	0.0	0.0	0.0	3.698392152786255	0.0	4.816125392913818	0.0	3.775059461593628	0.0	0.0	5.0130791664123535	0.0	0.0
0.0	0.0	4.1856231689453125	0.0	0.0	3.7499935626983643	3.666714906692505	0.0	5.022867679595947	0.0	0.0	3.428920269012451	0.0	0.0	4.448896408081055	0.0	0.0	0.0	0.0	0.0	5.1868815422058105	4.5341291427612305	0.0	3.925835132598877	0.0	0.0	0.0	4.375892639160156	0.0	5.7736496925354	0.0	0.0	0.0	0.0	4.5098114013671875	0.0	0.0	3.336456298828125	0.0	0.0	0.0	0.0	0.0	0.0	0.0	4.474131107330322	0.0	3.9673514366149902	4.021602153778076	3.7355518341064453	0.0	4.011417865753174	0.0	0.0	0.0	0.0	0.0	0.0	0.0	3.8808836936950684	0.0	0.0	0.0	0.0	0.0	0.0	0.0	0.0	4.072282314300537	5.050008773803711	0.0	0.0	0.0	0.0	4.667783260345459	4.3384857177734375	0.0	0.0	0.0	0.0	0.0	4.238224506378174	4.567586421966553	0.0	0.0	0.0	3.7068731784820557	0.0	4.827377796173096	0.0	3.7828621864318848	0.0	0.0	5.023351669311523	0.0	0.0
0.0	0.0	4.193102836608887	0.0	0.0	3.755445718765259	3.6727192401885986	0.0	5.031785011291504	0.0	0.0	3.4344990253448486	0.0	0.0	4.456401824951172	0.0	0.0	0.0	0.0	0.0	5.196411609649658	4.541969299316406	0.0	3.9327712059020996	0.0	0.0	0.0	4.381739139556885	0.0	5.783694744110107	0.0	0.0	0.0	0.0	4.517409801483154	0.0	0.0	3.34074068069458	0.0	0.0	0.0	0.0	0.0	0.0	0.0	4.482017993927002	0.0	3.973538875579834	4.028270244598389	3.7416419982910156	0.0	4.017035961151123	0.0	0.0	0.0	0.0	0.0	0.0	0.0	3.887176036834717	0.0	0.0	0.0	0.0	0.0	0.0	0.0	0.0	4.07961893081665	5.059798717498779	0.0	0.0	0.0	0.0	4.675045013427734	4.345428466796875	0.0	0.0	0.0	0.0	0.0	4.244910717010498	4.575264930725098	0.0	0.0	0.0	3.7132668495178223	0.0	4.83527946472168	0.0	3.7897653579711914	0.0	0.0	5.0327606201171875	0.0	0.0
0.0	0.0	4.186062335968018	0.0	0.0	3.7502634525299072	3.6664445400238037	0.0	5.022256374359131	0.0	0.0	3.42969012260437	0.0	0.0	4.449975490570068	0.0	0.0	0.0	0.0	0.0	5.187992095947266	4.534036159515381	0.0	3.9250667095184326	0.0	0.0	0.0	4.3751020431518555	0.0	5.7744832038879395	0.0	0.0	0.0	0.0	4.509615898132324	0.0	0.0	3.3347275257110596	0.0	0.0	0.0	0.0	0.0	0.0	0.0	4.475089073181152	0.0	3.9678876399993896	4.022047996520996	3.7355995178222656	0.0	4.009695529937744	0.0	0.0	0.0	0.0	0.0	0.0	0.0	3.8811559677124023	0.0	0.0	0.0	0.0	0.0	0.0	0.0	0.0	4.072807312011719	5.049773216247559	0.0	0.0	0.0	0.0	4.667303085327148	4.338832378387451	0.0	0.0	0.0	0.0	0.0	4.237692356109619	4.567103385925293	0.0	0.0	0.0	3.706857442855835	0.0	4.826418876647949	0.0	3.7824792861938477	0.0	0.0	5.0242600440979	0.0	0.0
0.0	0.0	4.187820911407471	0.0	0.0	3.7517170906066895	3.6687750816345215	0.0	5.024817943572998	0.0	0.0	3.431220054626465	0.0	0.0	4.450891017913818	0.0	0.0	0.0	0.0	0.0	5.190459251403809	4.537045001983643	0.0	3.9280495643615723	0.0	0.0	0.0	4.376020431518555	0.0	5.776127338409424	0.0	0.0	0.0	0.0	4.5115814208984375	0.0	0.0	3.336940050125122	0.0	0.0	0.0	0.0	0.0	0.0	0.0	4.477424621582031	0.0	3.9686715602874756	4.02305793762207	3.7377383708953857	0.0	4.012930870056152	0.0	0.0	0.0	0.0	0.0	0.0	0.0	3.8833210468292236	0.0	0.0	0.0	0.0	0.0	0.0	0.0	0.0	4.0740275382995605	5.052948951721191	0.0	0.0	0.0	0.0	4.670053958892822	4.34112024307251	0.0	0.0	0.0	0.0	0.0	4.239570140838623	4.569680213928223	0.0	0.0	0.0	3.709496259689331	0.0	4.829108715057373	0.0	3.784294605255127	0.0	0.0	5.025890827178955	0.0	0.0
0.0	0.0	4.18250036239624	0.0	0.0	3.746239423751831	3.6646718978881836	0.0	5.017857074737549	0.0	0.0	3.427170753479004	0.0	0.0	4.44527530670166	0.0	0.0	0.0	0.0	0.0	5.182363510131836	4.530364990234375	0.0	3.922128438949585	0.0	0.0	0.0	4.370383262634277	0.0	5.768223285675049	0.0	0.0	0.0	0.0	4.505157470703125	0.0	0.0	3.332399845123291	0.0	0.0	0.0	0.0	0.0	0.0	0.0	4.47086238861084	0.0	3.9633333683013916	4.017635822296143	3.73183012008667	0.0	4.007560729980469	0.0	0.0	0.0	0.0	0.0	0.0	0.0	3.8774449825286865	0.0	0.0	0.0	0.0	0.0	0.0	0.0	0.0	4.068026065826416	5.044299602508545	0.0	0.0	0.0	0.0	4.662683963775635	4.33439826965332	0.0	0.0	0.0	0.0	0.0	4.233703136444092	4.563431739807129	0.0	0.0	0.0	3.703596591949463	0.0	4.822742462158203	0.0	3.779109239578247	0.0	0.0	5.0195183753967285	0.0	0.0
0.0	0.0	4.197022914886475	0.0	0.0	3.757830858230591	3.674485683441162	0.0	5.035080909729004	0.0	0.0	3.4337236881256104	0.0	0.0	4.45763635635376	0.0	0.0	0.0	0.0	0.0	5.199906826019287	4.545226097106934	0.0	3.9362101554870605	0.0	0.0	0.0	4.387087821960449	0.0	5.789199352264404	0.0	0.0	0.0	0.0	4.5178046226501465	0.0	0.0	3.339431047439575	0.0	0.0	0.0	0.0	0.0	0.0	0.0	4.488203048706055	0.0	3.97688627243042	4.0306525230407715	3.74115252494812	0.0	4.019867897033691	0.0	0.0	0.0	0.0	0.0	0.0	0.0	3.889970541000366	0.0	0.0	0.0	0.0	0.0	0.0	0.0	0.0	4.081573009490967	5.062868595123291	0.0	0.0	0.0	0.0	4.680022716522217	4.348010063171387	0.0	0.0	0.0	0.0	0.0	4.24843692779541	4.577742576599121	0.0	0.0	0.0	3.715317487716675	0.0	4.838463306427002	0.0	3.7920029163360596	0.0	0.0	5.035686492919922	0.0	0.0
0.0	0.0	4.182956695556641	0.0	0.0	3.746394395828247	3.6651394367218018	0.0	5.018884658813477	0.0	0.0	3.427021026611328	0.0	0.0	4.4466094970703125	0.0	0.0	0.0	0.0	0.0	5.184220790863037	4.530498027801514	0.0	3.9230775833129883	0.0	0.0	0.0	4.371927738189697	0.0	5.769769191741943	0.0	0.0	0.0	0.0	4.505884170532227	0.0	0.0	3.333390235900879	0.0	0.0	0.0	0.0	0.0	0.0	0.0	4.471291542053223	0.0	3.9645750522613525	4.019859313964844	3.733689308166504	0.0	4.00812292098999	0.0	0.0	0.0	0.0	0.0	0.0	0.0	3.878375768661499	0.0	0.0	0.0	0.0	0.0	0.0	0.0	0.0	4.070037364959717	5.046567440032959	0.0	0.0	0.0	0.0	4.663690090179443	4.3354811668396	0.0	0.0	0.0	0.0	0.0	4.235081195831299	4.564937591552734	0.0	0.0	0.0	3.703444004058838	0.0	4.823869705200195	0.0	3.7807743549346924	0.0	0.0	5.021005630493164	0.0	0.0
0.0	0.0	4.185991287231445	0.0	0.0	3.749974489212036	3.666501045227051	0.0	5.022562503814697	0.0	0.0	3.4293599128723145	0.0	0.0	4.449643135070801	0.0	0.0	0.0	0.0	0.0	5.188631057739258	4.533929824829102	0.0	3.925130605697632	0.0	0.0	0.0	4.374545097351074	0.0	5.774480819702148	0.0	0.0	0.0	0.0	4.509913444519043	0.0	0.0	3.3351492881774902	0.0	0.0	0.0	0.0	0.0	0.0	0.0	4.474183559417725	0.0	3.96758770942688	4.021460056304932	3.7355597019195557	0.0	4.011112213134766	0.0	0.0	0.0	0.0	0.0	0.0	0.0	3.881437301635742	0.0	0.0	0.0	0.0	0.0	0.0	0.0	0.0	4.072079658508301	5.050837993621826	0.0	0.0	0.0	0.0	4.667856216430664	4.338620185852051	0.0	0.0	0.0	0.0	0.0	4.237729549407959	4.567348480224609	0.0	0.0	0.0	3.7067317962646484	0.0	4.826756954193115	0.0	3.782245635986328	0.0	0.0	5.023698329925537	0.0	0.0
0.0	0.0	4.191199779510498	0.0	0.0	3.754901647567749	3.6717796325683594	0.0	5.0293779373168945	0.0	0.0	3.4337003231048584	0.0	0.0	4.455289840698242	0.0	0.0	0.0	0.0	0.0	5.195096969604492	4.540281295776367	0.0	3.930964231491089	0.0	0.0	0.0	4.379996299743652	0.0	5.781081199645996	0.0	0.0	0.0	0.0	4.515397548675537	0.0	0.0	3.339043378829956	0.0	0.0	0.0	0.0	0.0	0.0	0.0	4.4803056716918945	0.0	3.9724044799804688	4.027342796325684	3.7412309646606445	0.0	4.015912055969238	0.0	0.0	0.0	0.0	0.0	0.0	0.0	3.886204719543457	0.0	0.0	0.0	0.0	0.0	0.0	0.0	0.0	4.077406883239746	5.057147026062012	0.0	0.0	0.0	0.0	4.673276424407959	4.344783782958984	0.0	0.0	0.0	0.0	0.0	4.243494033813477	4.574314117431641	0.0	0.0	0.0	3.7112491130828857	0.0	4.834091663360596	0.0	3.7870609760284424	0.0	0.0	5.029764175415039	0.0	0.0
0.0	0.0	4.190484523773193	0.0	0.0	3.752509117126465	3.6694133281707764	0.0	5.026016712188721	0.0	0.0	3.4292824268341064	0.0	0.0	4.450502395629883	0.0	0.0	0.0	0.0	0.0	5.192420482635498	4.537019729614258	0.0	3.9289395809173584	0.0	0.0	0.0	4.379599094390869	0.0	5.778554916381836	0.0	0.0	0.0	0.0	4.512729644775391	0.0	0.0	3.33722186088562	0.0	0.0	0.0	0.0	0.0	0.0	0.0	4.479136943817139	0.0	3.9701735973358154	4.025197982788086	3.7371296882629395	0.0	4.014232635498047	0.0	0.0	0.0	0.0	0.0	0.0	0.0	3.8852028846740723	0.0	0.0	0.0	0.0	0.0	0.0	0.0	0.0	4.0750861167907715	5.053765296936035	0.0	0.0	0.0	0.0	4.672238349914551	4.340871334075928	0.0	0.0	0.0	0.0	0.0	4.241910934448242	4.570847988128662	0.0	0.0	0.0	3.7099483013153076	0.0	4.830393314361572	0.0	3.785560369491577	0.0	0.0	5.027801513671875	0.0	0.0
0.0	0.0	4.185518264770508	0.0	0.0	3.749284267425537	3.666928291320801	0.0	5.022291660308838	0.0	0.0	3.4304709434509277	0.0	0.0	4.448904991149902	0.0	0.0	0.0	0.0	0.0	5.187705993652344	4.533285617828369	0.0	3.9247043132781982	0.0	0.0	0.0	4.374086856842041	0.0	5.773440837860107	0.0	0.0	0.0	0.0	4.509692192077637	0.0	0.0	3.3350043296813965	0.0	0.0	0.0	0.0	0.0	0.0	0.0	4.474057674407959	0.0	3.9670650959014893	4.021052837371826	3.735586643218994	0.0	4.010907173156738	0.0	0.0	0.0	0.0	0.0	0.0	0.0	3.8808608055114746	0.0	0.0	0.0	0.0	0.0	0.0	0.0	0.0	4.071915626525879	5.049577236175537	0.0	0.0	0.0	0.0	4.666818618774414	4.337780475616455	0.0	0.0	0.0	0.0	0.0	4.236888408660889	4.56751823425293	0.0	0.0	0.0	3.7064874172210693	0.0	4.827279090881348	0.0	3.7827796936035156	0.0	0.0	5.023629188537598	0.0	0.0
0.0	0.0	4.204463481903076	0.0	0.0	3.767076015472412	3.6830368041992188	0.0	5.04762601852417	0.0	0.0	3.4441306591033936	0.0	0.0	4.470765113830566	0.0	0.0	0.0	0.0	0.0	5.212687969207764	4.555672645568848	0.0	3.9441165924072266	0.0	0.0	0.0	4.394880771636963	0.0	5.802501678466797	0.0	0.0	0.0	0.0	4.531680107116699	0.0	0.0	3.350515842437744	0.0	0.0	0.0	0.0	0.0	0.0	0.0	4.494143009185791	0.0	3.9858195781707764	4.0395660400390625	3.7526028156280518	0.0	4.02861213684082	0.0	0.0	0.0	0.0	0.0	0.0	0.0	3.8987677097320557	0.0	0.0	0.0	0.0	0.0	0.0	0.0	0.0	4.091115951538086	5.074489116668701	0.0	0.0	0.0	0.0	4.690610408782959	4.358021259307861	0.0	0.0	0.0	0.0	0.0	4.256499767303467	4.587986946105957	0.0	0.0	0.0	3.725405693054199	0.0	4.8508992195129395	0.0	3.799856424331665	0.0	0.0	5.047683238983154	0.0	0.0
0.0	0.0	4.178254127502441	0.0	0.0	3.7423553466796875	3.660918951034546	0.0	5.01315975189209	0.0	0.0	3.4232137203216553	0.0	0.0	4.440451145172119	0.0	0.0	0.0	0.0	0.0	5.177355766296387	4.52472448348999	0.0	3.9173879623413086	0.0	0.0	0.0	4.367184638977051	0.0	5.762726783752441	0.0	0.0	0.0	0.0	4.500869274139404	0.0	0.0	3.329310894012451	0.0	0.0	0.0	0.0	0.0	0.0	0.0	4.466809272766113	0.0	3.9607994556427	4.013507843017578	3.72861909866333	0.0	4.002518653869629	0.0	0.0	0.0	0.0	0.0	0.0	0.0	3.8745107650756836	0.0	0.0	0.0	0.0	0.0	0.0	0.0	0.0	4.063805103302002	5.0401153564453125	0.0	0.0	0.0	0.0	4.657914638519287	4.331039905548096	0.0	0.0	0.0	0.0	0.0	4.229772567749023	4.5595293045043945	0.0	0.0	0.0	3.699162483215332	0.0	4.817924976348877	0.0	3.7758829593658447	0.0	0.0	5.014531135559082	0.0	0.0
0.0	0.0	4.189126491546631	0.0	0.0	3.7525475025177	3.6696360111236572	0.0	5.025769233703613	0.0	0.0	3.4323244094848633	0.0	0.0	4.453266143798828	0.0	0.0	0.0	0.0	0.0	5.191829204559326	4.537057399749756	0.0	3.928692102432251	0.0	0.0	0.0	4.377018928527832	0.0	5.778458118438721	0.0	0.0	0.0	0.0	4.513538837432861	0.0	0.0	3.338353157043457	0.0	0.0	0.0	0.0	0.0	0.0	0.0	4.47718620300293	0.0	3.9697844982147217	4.024251937866211	3.7391128540039062	0.0	4.013289451599121	0.0	0.0	0.0	0.0	0.0	0.0	0.0	3.8842310905456543	0.0	0.0	0.0	0.0	0.0	0.0	0.0	0.0	4.075891017913818	5.053659915924072	0.0	0.0	0.0	0.0	4.67087984085083	4.340701103210449	0.0	0.0	0.0	0.0	0.0	4.2402729988098145	4.57073450088501	0.0	0.0	0.0	3.7103099822998047	0.0	4.831306457519531	0.0	3.785048723220825	0.0	0.0	5.0283074378967285	0.0	0.0
0.0	0.0	4.191647529602051	0.0	0.0	3.75545072555542	3.671673536300659	0.0	5.029991149902344	0.0	0.0	3.4348416328430176	0.0	0.0	4.455686569213867	0.0	0.0	0.0	0.0	0.0	5.195339202880859	4.540388584136963	0.0	3.931380271911621	0.0	0.0	0.0	4.38038444519043	0.0	5.782920837402344	0.0	0.0	0.0	0.0	4.516262054443359	0.0	0.0	3.3408889770507812	0.0	0.0	0.0	0.0	0.0	0.0	0.0	4.480096817016602	0.0	3.972729206085205	4.027369499206543	3.7407443523406982	0.0	4.017013072967529	0.0	0.0	0.0	0.0	0.0	0.0	0.0	3.8872158527374268	0.0	0.0	0.0	0.0	0.0	0.0	0.0	0.0	4.077557563781738	5.0574541091918945	0.0	0.0	0.0	0.0	4.674795627593994	4.3445820808410645	0.0	0.0	0.0	0.0	0.0	4.2430243492126465	4.574636936187744	0.0	0.0	0.0	3.712080955505371	0.0	4.834465026855469	0.0	3.788853645324707	0.0	0.0	5.031596660614014	0.0	0.0
0.0	0.0	4.182043552398682	0.0	0.0	3.7476539611816406	3.664553165435791	0.0	5.01854133605957	0.0	0.0	3.4278149604797363	0.0	0.0	4.445883750915527	0.0	0.0	0.0	0.0	0.0	5.183990478515625	4.531185150146484	0.0	3.9227492809295654	0.0	0.0	0.0	4.3704423904418945	0.0	5.768750190734863	0.0	0.0	0.0	0.0	4.506964683532715	0.0	0.0	3.3332223892211914	0.0	0.0	0.0	0.0	0.0	0.0	0.0	4.4703545570373535	0.0	3.96351957321167	4.019280433654785	3.7332398891448975	0.0	4.006975173950195	0.0	0.0	0.0	0.0	0.0	0.0	0.0	3.8783810138702393	0.0	0.0	0.0	0.0	0.0	0.0	0.0	0.0	4.06895637512207	5.0466837882995605	0.0	0.0	0.0	0.0	4.663198471069336	4.335224151611328	0.0	0.0	0.0	0.0	0.0	4.2347283363342285	4.564322471618652	0.0	0.0	0.0	3.7043206691741943	0.0	4.8225321769714355	0.0	3.779726266860962	0.0	0.0	5.019206523895264	0.0	0.0
0.0	0.0	4.196806907653809	0.0	0.0	3.7600674629211426	3.6770284175872803	0.0	5.036869525909424	0.0	0.0	3.439814329147339	0.0	0.0	4.461804389953613	0.0	0.0	0.0	0.0	0.0	5.202437400817871	4.546993255615234	0.0	3.936084270477295	0.0	0.0	0.0	4.388213157653809	0.0	5.790466785430908	0.0	0.0	0.0	0.0	4.522607326507568	0.0	0.0	3.344452142715454	0.0	0.0	0.0	0.0	0.0	0.0	0.0	4.487542152404785	0.0	3.9789726734161377	4.033189296722412	3.7453036308288574	0.0	4.021735668182373	0.0	0.0	0.0	0.0	0.0	0.0	0.0	3.8918724060058594	0.0	0.0	0.0	0.0	0.0	0.0	0.0	0.0	4.083517074584961	5.065110683441162	0.0	0.0	0.0	0.0	4.680943965911865	4.350917816162109	0.0	0.0	0.0	0.0	0.0	4.249740123748779	4.580469131469727	0.0	0.0	0.0	3.7172718048095703	0.0	4.840390682220459	0.0	3.793036460876465	0.0	0.0	5.039325714111328	0.0	0.0
0.0	0.0	4.192289352416992	0.0	0.0	3.7549591064453125	3.6721389293670654	0.0	5.0308098793029785	0.0	0.0	3.4352333545684814	0.0	0.0	4.45624303817749	0.0	0.0	0.0	0.0	0.0	5.195051193237305	4.540928840637207	0.0	3.9306023120880127	0.0	0.0	0.0	4.3820905685424805	0.0	5.7824177742004395	0.0	0.0	0.0	0.0	4.516880989074707	0.0	0.0	3.340064287185669	0.0	0.0	0.0	0.0	0.0	0.0	0.0	4.481245517730713	0.0	3.9734764099121094	4.02800178527832	3.741191864013672	0.0	4.017237186431885	0.0	0.0	0.0	0.0	0.0	0.0	0.0	3.8867013454437256	0.0	0.0	0.0	0.0	0.0	0.0	0.0	0.0	4.078855037689209	5.057708740234375	0.0	0.0	0.0	0.0	4.6744232177734375	4.34431791305542	0.0	0.0	0.0	0.0	0.0	4.244393348693848	4.57418966293335	0.0	0.0	0.0	3.713060140609741	0.0	4.833987236022949	0.0	3.7883739471435547	0.0	0.0	5.031904697418213	0.0	0.0
0.0	0.0	4.209671974182129	0.0	0.0	3.7703945636749268	3.6866626739501953	0.0	5.051372528076172	0.0	0.0	3.447441577911377	0.0	0.0	4.473428726196289	0.0	0.0	0.0	0.0	0.0	5.2163190841674805	4.559021472930908	0.0	3.946194887161255	0.0	0.0	0.0	4.397475242614746	0.0	5.807540416717529	0.0	0.0	0.0	0.0	4.533855438232422	0.0	0.0	3.352144479751587	0.0	0.0	0.0	0.0	0.0	0.0	0.0	4.49824857711792	0.0	3.9891719818115234	4.044052600860596	3.7533702850341797	0.0	4.0324015617370605	0.0	0.0	0.0	0.0	0.0	0.0	0.0	3.9020347595214844	0.0	0.0	0.0	0.0	0.0	0.0	0.0	0.0	4.0943403244018555	5.077583312988281	0.0	0.0	0.0	0.0	4.693675518035889	4.36156702041626	0.0	0.0	0.0	0.0	0.0	4.261218070983887	4.5919599533081055	0.0	0.0	0.0	3.726747751235962	0.0	4.852746963500977	0.0	3.801859140396118	0.0	0.0	5.050666809082031	0.0	0.0
0.0	0.0	4.196473121643066	0.0	0.0	3.760312557220459	3.676367998123169	0.0	5.036262512207031	0.0	0.0	3.4374568462371826	0.0	0.0	4.461344242095947	0.0	0.0	0.0	0.0	0.0	5.2023749351501465	4.5467987060546875	0.0	3.9353156089782715	0.0	0.0	0.0	4.386139869689941	0.0	5.7896318435668945	0.0	0.0	0.0	0.0	4.522833824157715	0.0	0.0	3.3431406021118164	0.0	0.0	0.0	0.0	0.0	0.0	0.0	4.48528528213501	0.0	3.977799654006958	4.031628608703613	3.7452621459960938	0.0	4.0222086906433105	0.0	0.0	0.0	0.0	0.0	0.0	0.0	3.892547845840454	0.0	0.0	0.0	0.0	0.0	0.0	0.0	0.0	4.082314491271973	5.064549446105957	0.0	0.0	0.0	0.0	4.680345058441162	4.349300384521484	0.0	0.0	0.0	0.0	0.0	4.249147891998291	4.5796308517456055	0.0	0.0	0.0	3.7176830768585205	0.0	4.840452194213867	0.0	3.7925424575805664	0.0	0.0	5.037471294403076	0.0	0.0
0.0	0.0	4.202785491943359	0.0	0.0	3.763762950897217	3.6810784339904785	0.0	5.043115615844727	0.0	0.0	3.44091534614563	0.0	0.0	4.465775012969971	0.0	0.0	0.0	0.0	0.0	5.20692253112793	4.5523881912231445	0.0	3.940951108932495	0.0	0.0	0.0	4.392900466918945	0.0	5.797178268432617	0.0	0.0	0.0	0.0	4.528015613555908	0.0	0.0	3.3476250171661377	0.0	0.0	0.0	0.0	0.0	0.0	0.0	4.493035793304443	0.0	3.9829986095428467	4.037393093109131	3.748755693435669	0.0	4.026197910308838	0.0	0.0	0.0	0.0	0.0	0.0	0.0	3.8955724239349365	0.0	0.0	0.0	0.0	0.0	0.0	0.0	0.0	4.087696075439453	5.070276737213135	0.0	0.0	0.0	0.0	4.686803817749023	4.355249881744385	0.0	0.0	0.0	0.0	0.0	4.254725456237793	4.584907531738281	0.0	0.0	0.0	3.7214455604553223	0.0	4.846056938171387	0.0	3.7979342937469482	0.0	0.0	5.042815208435059	0.0	0.0
0.0	0.0	4.1779890060424805	0.0	0.0	3.7432022094726562	3.6610398292541504	0.0	5.012848854064941	0.0	0.0	3.42425537109375	0.0	0.0	4.441164016723633	0.0	0.0	0.0	0.0	0.0	5.178250312805176	4.525938034057617	0.0	3.9188215732574463	0.0	0.0	0.0	4.367000579833984	0.0	5.763453483581543	0.0	0.0	0.0	0.0	4.501635551452637	0.0	0.0	3.3300132751464844	0.0	0.0	0.0	0.0	0.0	0.0	0.0	4.466155529022217	0.0	3.959260940551758	4.014151096343994	3.729149580001831	0.0	4.0040283203125	0.0	0.0	0.0	0.0	0.0	0.0	0.0	3.874384880065918	0.0	0.0	0.0	0.0	0.0	0.0	0.0	0.0	4.065474987030029	5.041456699371338	0.0	0.0	0.0	0.0	4.659334182739258	4.3310322761535645	0.0	0.0	0.0	0.0	0.0	4.230170249938965	4.559245586395264	0.0	0.0	0.0	3.700145721435547	0.0	4.818762302398682	0.0	3.775810480117798	0.0	0.0	5.015674591064453	0.0	0.0
0.0	0.0	4.208446502685547	0.0	0.0	3.770477294921875	3.6871306896209717	0.0	5.0518903732299805	0.0	0.0	3.446857213973999	0.0	0.0	4.474750518798828	0.0	0.0	0.0	0.0	0.0	5.216704845428467	4.560748100280762	0.0	3.9480011463165283	0.0	0.0	0.0	4.399010181427002	0.0	5.807461261749268	0.0	0.0	0.0	0.0	4.535395622253418	0.0	0.0	3.3521084785461426	0.0	0.0	0.0	0.0	0.0	0.0	0.0	4.498874187469482	0.0	3.9890263080596924	4.043808937072754	3.7552390098571777	0.0	4.03276252746582	0.0	0.0	0.0	0.0	0.0	0.0	0.0	3.902303695678711	0.0	0.0	0.0	0.0	0.0	0.0	0.0	0.0	4.095301628112793	5.0796966552734375	0.0	0.0	0.0	0.0	4.694523334503174	4.36260461807251	0.0	0.0	0.0	0.0	0.0	4.260633945465088	4.592391014099121	0.0	0.0	0.0	3.727973461151123	0.0	4.8542351722717285	0.0	3.8036048412323	0.0	0.0	5.051621437072754	0.0	0.0
0.0	0.0	4.1843037605285645	0.0	0.0	3.7483317852020264	3.665971517562866	0.0	5.022016525268555	0.0	0.0	3.4277608394622803	0.0	0.0	4.4477972984313965	0.0	0.0	0.0	0.0	0.0	5.185884475708008	4.532762050628662	0.0	3.9238216876983643	0.0	0.0	0.0	4.373745918273926	0.0	5.771792411804199	0.0	0.0	0.0	0.0	4.508523941040039	0.0	0.0	3.334218740463257	0.0	0.0	0.0	0.0	0.0	0.0	0.0	4.473124027252197	0.0	3.965383529663086	4.020707607269287	3.734104871749878	0.0	4.009392738342285	0.0	0.0	0.0	0.0	0.0	0.0	0.0	3.879833936691284	0.0	0.0	0.0	0.0	0.0	0.0	0.0	0.0	4.069727897644043	5.047713756561279	0.0	0.0	0.0	0.0	4.6653733253479	4.336648941040039	0.0	0.0	0.0	0.0	0.0	4.235987186431885	4.566063404083252	0.0	0.0	0.0	3.705430507659912	0.0	4.826058864593506	0.0	3.781433582305908	0.0	0.0	5.0222930908203125	0.0	0.0
0.0	0.0	4.178446292877197	0.0	0.0	3.743673801422119	3.6612625122070312	0.0	5.014011383056641	0.0	0.0	3.4233596324920654	0.0	0.0	4.441315650939941	0.0	0.0	0.0	0.0	0.0	5.178739547729492	4.526329517364502	0.0	3.9189305305480957	0.0	0.0	0.0	4.366603851318359	0.0	5.762982368469238	0.0	0.0	0.0	0.0	4.503094673156738	0.0	0.0	3.3288280963897705	0.0	0.0	0.0	0.0	0.0	0.0	0.0	4.466947555541992	0.0	3.960373640060425	4.014309883117676	3.729396104812622	0.0	4.002696514129639	0.0	0.0	0.0	0.0	0.0	0.0	0.0	3.874438524246216	0.0	0.0	0.0	0.0	0.0	0.0	0.0	0.0	4.06419563293457	5.04000186920166	0.0	0.0	0.0	0.0	4.658754348754883	4.332019805908203	0.0	0.0	0.0	0.0	0.0	4.229702472686768	4.55961275100708	0.0	0.0	0.0	3.700526714324951	0.0	4.8189616203308105	0.0	3.775300979614258	0.0	0.0	5.014693260192871	0.0	0.0
0.0	0.0	4.175206184387207	0.0	0.0	3.7404582500457764	3.6590702533721924	0.0	5.010098934173584	0.0	0.0	3.4216737747192383	0.0	0.0	4.437840938568115	0.0	0.0	0.0	0.0	0.0	5.174373149871826	4.522716522216797	0.0	3.915386199951172	0.0	0.0	0.0	4.363903999328613	0.0	5.758666038513184	0.0	0.0	0.0	0.0	4.498135566711426	0.0	0.0	3.3276634216308594	0.0	0.0	0.0	0.0	0.0	0.0	0.0	4.462676525115967	0.0	3.956822156906128	4.0115814208984375	3.7268459796905518	0.0	4.000460624694824	0.0	0.0	0.0	0.0	0.0	0.0	0.0	3.8715579509735107	0.0	0.0	0.0	0.0	0.0	0.0	0.0	0.0	4.062547206878662	5.036887168884277	0.0	0.0	0.0	0.0	4.655448913574219	4.327606678009033	0.0	0.0	0.0	0.0	0.0	4.22749137878418	4.555661678314209	0.0	0.0	0.0	3.696993589401245	0.0	4.814633369445801	0.0	3.7728304862976074	0.0	0.0	5.01149320602417	0.0	0.0
0.0	0.0	4.190099239349365	0.0	0.0	3.7539849281311035	3.6704635620117188	0.0	5.0284271240234375	0.0	0.0	3.4323890209198	0.0	0.0	4.453811168670654	0.0	0.0	0.0	0.0	0.0	5.193014621734619	4.538895130157471	0.0	3.9300377368927	0.0	0.0	0.0	4.379770755767822	0.0	5.780210494995117	0.0	0.0	0.0	0.0	4.514461040496826	0.0	0.0	3.339177131652832	0.0	0.0	0.0	0.0	0.0	0.0	0.0	4.479123115539551	0.0	3.9715828895568848	4.026129722595215	3.7398273944854736	0.0	4.0149641036987305	0.0	0.0	0.0	0.0	0.0	0.0	0.0	3.8852932453155518	0.0	0.0	0.0	0.0	0.0	0.0	0.0	0.0	4.077509880065918	5.055347919464111	0.0	0.0	0.0	0.0	4.672900676727295	4.342714786529541	0.0	0.0	0.0	0.0	0.0	4.242298603057861	4.573006629943848	0.0	0.0	0.0	3.7108397483825684	0.0	4.83273983001709	0.0	3.7867918014526367	0.0	0.0	5.028975486755371	0.0	0.0
0.0	0.0	4.187595367431641	0.0	0.0	3.7514796257019043	3.6683433055877686	0.0	5.024710178375244	0.0	0.0	3.430934190750122	0.0	0.0	4.450805187225342	0.0	0.0	0.0	0.0	0.0	5.18966817855835	4.536012649536133	0.0	3.926917791366577	0.0	0.0	0.0	4.376192569732666	0.0	5.776396751403809	0.0	0.0	0.0	0.0	4.511621475219727	0.0	0.0	3.3362154960632324	0.0	0.0	0.0	0.0	0.0	0.0	0.0	4.475851535797119	0.0	3.9679758548736572	4.023296356201172	3.7370619773864746	0.0	4.01209831237793	0.0	0.0	0.0	0.0	0.0	0.0	0.0	3.8822503089904785	0.0	0.0	0.0	0.0	0.0	0.0	0.0	0.0	4.073351860046387	5.052496433258057	0.0	0.0	0.0	0.0	4.669139862060547	4.339865684509277	0.0	0.0	0.0	0.0	0.0	4.239701271057129	4.5692877769470215	0.0	0.0	0.0	3.7090258598327637	0.0	4.829297065734863	0.0	3.7842373847961426	0.0	0.0	5.025338649749756	0.0	0.0
0.0	0.0	4.183664321899414	0.0	0.0	3.7486283779144287	3.6656486988067627	0.0	5.019828796386719	0.0	0.0	3.4274721145629883	0.0	0.0	4.447126388549805	0.0	0.0	0.0	0.0	0.0	5.185153961181641	4.532033920288086	0.0	3.922879934310913	0.0	0.0	0.0	4.372794151306152	0.0	5.771125316619873	0.0	0.0	0.0	0.0	4.507457733154297	0.0	0.0	3.3340566158294678	0.0	0.0	0.0	0.0	0.0	0.0	0.0	4.472146987915039	0.0	3.9650769233703613	4.020138740539551	3.7335331439971924	0.0	4.008395671844482	0.0	0.0	0.0	0.0	0.0	0.0	0.0	3.8800835609436035	0.0	0.0	0.0	0.0	0.0	0.0	0.0	0.0	4.070405960083008	5.04661226272583	0.0	0.0	0.0	0.0	4.663957595825195	4.3367085456848145	0.0	0.0	0.0	0.0	0.0	4.236076354980469	4.565981864929199	0.0	0.0	0.0	3.7048330307006836	0.0	4.824787616729736	0.0	3.781074285507202	0.0	0.0	5.02138614654541	0.0	0.0
0.0	0.0	4.184670448303223	0.0	0.0	3.748412609100342	3.665606737136841	0.0	5.020223617553711	0.0	0.0	3.4285056591033936	0.0	0.0	4.446995258331299	0.0	0.0	0.0	0.0	0.0	5.185657024383545	4.532120704650879	0.0	3.924415349960327	0.0	0.0	0.0	4.372946262359619	0.0	5.771929740905762	0.0	0.0	0.0	0.0	4.508081436157227	0.0	0.0	3.3336708545684814	0.0	0.0	0.0	0.0	0.0	0.0	0.0	4.473246097564697	0.0	3.9660274982452393	4.020427227020264	3.734092950820923	0.0	4.009171009063721	0.0	0.0	0.0	0.0	0.0	0.0	0.0	3.8793787956237793	0.0	0.0	0.0	0.0	0.0	0.0	0.0	0.0	4.070600509643555	5.0481343269348145	0.0	0.0	0.0	0.0	4.664548873901367	4.336921215057373	0.0	0.0	0.0	0.0	0.0	4.235534191131592	4.5656914710998535	0.0	0.0	0.0	3.7054083347320557	0.0	4.825186729431152	0.0	3.7814087867736816	0.0	0.0	5.022572994232178	0.0	0.0
0.0	0.0	4.18998908996582	0.0	0.0	3.7537310123443604	3.6707229614257812	0.0	5.0283098220825195	0.0	0.0	3.4333949089050293	0.0	0.0	4.454298496246338	0.0	0.0	0.0	0.0	0.0	5.193531036376953	4.539414882659912	0.0	3.929335117340088	0.0	0.0	0.0	4.379706859588623	0.0	5.779360771179199	0.0	0.0	0.0	0.0	4.514682769775391	0.0	0.0	3.3391265869140625	0.0	0.0	0.0	0.0	0.0	0.0	0.0	4.478577613830566	0.0	3.971083402633667	4.025441646575928	3.7391581535339355	0.0	4.01565408706665	0.0	0.0	0.0	0.0	0.0	0.0	0.0	3.8850388526916504	0.0	0.0	0.0	0.0	0.0	0.0	0.0	0.0	4.075814247131348	5.056184768676758	0.0	0.0	0.0	0.0	4.67190408706665	4.343974590301514	0.0	0.0	0.0	0.0	0.0	4.241414546966553	4.572293281555176	0.0	0.0	0.0	3.711022138595581	0.0	4.832364082336426	0.0	3.7865986824035645	0.0	0.0	5.029463768005371	0.0	0.0
0.0	0.0	4.188664436340332	0.0	0.0	3.7539546489715576	3.670431613922119	0.0	5.028293132781982	0.0	0.0	3.43461012840271	0.0	0.0	4.455450534820557	0.0	0.0	0.0	0.0	0.0	5.193244457244873	4.538760662078857	0.0	3.9298031330108643	0.0	0.0	0.0	4.378800392150879	0.0	5.7795820236206055	0.0	0.0	0.0	0.0	4.514817714691162	0.0	0.0	3.33927059173584	0.0	0.0	0.0	0.0	0.0	0.0	0.0	4.4771013259887695	0.0	3.970634937286377	4.025022983551025	3.7398509979248047	0.0	4.015630722045898	0.0	0.0	0.0	0.0	0.0	0.0	0.0	3.8846657276153564	0.0	0.0	0.0	0.0	0.0	0.0	0.0	0.0	4.0758891105651855	5.057098388671875	0.0	0.0	0.0	0.0	4.6732869148254395	4.343027591705322	0.0	0.0	0.0	0.0	0.0	4.240957736968994	4.572649002075195	0.0	0.0	0.0	3.7115731239318848	0.0	4.832554340362549	0.0	3.7861557006835938	0.0	0.0	5.0294508934021	0.0	0.0
0.0	0.0	4.191884994506836	0.0	0.0	3.7559638023376465	3.673694133758545	0.0	5.031253337860107	0.0	0.0	3.434887409210205	0.0	0.0	4.456661224365234	0.0	0.0	0.0	0.0	0.0	5.196671009063721	4.541800022125244	0.0	3.932392120361328	0.0	0.0	0.0	4.382140159606934	0.0	5.782871723175049	0.0	0.0	0.0	0.0	4.517727851867676	0.0	0.0	3.3414971828460693	0.0	0.0	0.0	0.0	0.0	0.0	0.0	4.481847763061523	0.0	3.973543167114258	4.029099941253662	3.7417409420013428	0.0	4.017609596252441	0.0	0.0	0.0	0.0	0.0	0.0	0.0	3.887479543685913	0.0	0.0	0.0	0.0	0.0	0.0	0.0	0.0	4.078591823577881	5.059702396392822	0.0	0.0	0.0	0.0	4.675840854644775	4.345362186431885	0.0	0.0	0.0	0.0	0.0	4.244738578796387	4.5742621421813965	0.0	0.0	0.0	3.7131881713867188	0.0	4.8356781005859375	0.0	3.7890944480895996	0.0	0.0	5.0323004722595215	0.0	0.0
0.0	0.0	4.186275482177734	0.0	0.0	3.750617742538452	3.6668167114257812	0.0	5.023301601409912	0.0	0.0	3.43023943901062	0.0	0.0	4.45035457611084	0.0	0.0	0.0	0.0	0.0	5.188660621643066	4.53522253036499	0.0	3.924992084503174	0.0	0.0	0.0	4.375025749206543	0.0	5.775444030761719	0.0	0.0	0.0	0.0	4.510989665985107	0.0	0.0	3.336308479309082	0.0	0.0	0.0	0.0	0.0	0.0	0.0	4.474893569946289	0.0	3.9681036472320557	4.022176265716553	3.7364351749420166	0.0	4.011580944061279	0.0	0.0	0.0	0.0	0.0	0.0	0.0	3.881917953491211	0.0	0.0	0.0	0.0	0.0	0.0	0.0	0.0	4.073465824127197	5.051617622375488	0.0	0.0	0.0	0.0	4.667991638183594	4.339322090148926	0.0	0.0	0.0	0.0	0.0	4.238931179046631	4.568689346313477	0.0	0.0	0.0	3.7074646949768066	0.0	4.82758903503418	0.0	3.783573627471924	0.0	0.0	5.024867057800293	0.0	0.0
0.0	0.0	4.190706729888916	0.0	0.0	3.753187417984009	3.670825242996216	0.0	5.028346538543701	0.0	0.0	3.432729721069336	0.0	0.0	4.453526496887207	0.0	0.0	0.0	0.0	0.0	5.192827224731445	4.537900924682617	0.0	3.9294490814208984	0.0	0.0	0.0	4.380151748657227	0.0	5.779448509216309	0.0	0.0	0.0	0.0	4.514438629150391	0.0	0.0	3.338470935821533	0.0	0.0	0.0	0.0	0.0	0.0	0.0	4.480270862579346	0.0	3.971712589263916	4.025364398956299	3.738889694213867	0.0	4.014644622802734	0.0	0.0	0.0	0.0	0.0	0.0	0.0	3.885718584060669	0.0	0.0	0.0	0.0	0.0	0.0	0.0	0.0	4.076509952545166	5.055176734924316	0.0	0.0	0.0	0.0	4.671322345733643	4.342491149902344	0.0	0.0	0.0	0.0	0.0	4.242126941680908	4.571928977966309	0.0	0.0	0.0	3.711153268814087	0.0	4.831863880157471	0.0	3.785924196243286	0.0	0.0	5.029001712799072	0.0	0.0
0.0	0.0	4.184354782104492	0.0	0.0	3.748474597930908	3.665954828262329	0.0	5.020241737365723	0.0	0.0	3.4278223514556885	0.0	0.0	4.447731018066406	0.0	0.0	0.0	0.0	0.0	5.185697078704834	4.532402515411377	0.0	3.924046039581299	0.0	0.0	0.0	4.3724775314331055	0.0	5.771965026855469	0.0	0.0	0.0	0.0	4.507495880126953	0.0	0.0	3.333397388458252	0.0	0.0	0.0	0.0	0.0	0.0	0.0	4.472467422485352	0.0	3.9658567905426025	4.019389629364014	3.734036445617676	0.0	4.009554862976074	0.0	0.0	0.0	0.0	0.0	0.0	0.0	3.879976511001587	0.0	0.0	0.0	0.0	0.0	0.0	0.0	0.0	4.07085657119751	5.047897815704346	0.0	0.0	0.0	0.0	4.665454864501953	4.336651802062988	0.0	0.0	0.0	0.0	0.0	4.236439228057861	4.565528869628906	0.0	0.0	0.0	3.7059166431427	0.0	4.8251776695251465	0.0	3.780665397644043	0.0	0.0	5.021631717681885	0.0	0.0
0.0	0.0	4.1944098472595215	0.0	0.0	3.7574920654296875	3.6750378608703613	0.0	5.033851623535156	0.0	0.0	3.4371821880340576	0.0	0.0	4.4588422775268555	0.0	0.0	0.0	0.0	0.0	5.198389053344727	4.543500900268555	0.0	3.932802677154541	0.0	0.0	0.0	4.3833489418029785	0.0	5.7866716384887695	0.0	0.0	0.0	0.0	4.5197529792785645	0.0	0.0	3.343053102493286	0.0	0.0	0.0	0.0	0.0	0.0	0.0	4.483282566070557	0.0	3.97552752494812	4.030895233154297	3.742952585220337	0.0	4.019161224365234	0.0	0.0	0.0	0.0	0.0	0.0	0.0	3.8895225524902344	0.0	0.0	0.0	0.0	0.0	0.0	0.0	0.0	4.080546855926514	5.06092643737793	0.0	0.0	0.0	0.0	4.677812099456787	4.346802711486816	0.0	0.0	0.0	0.0	0.0	4.2461676597595215	4.577089786529541	0.0	0.0	0.0	3.7153398990631104	0.0	4.836698055267334	0.0	3.7904276847839355	0.0	0.0	5.035262584686279	0.0	0.0
0.0	0.0	4.192287445068359	0.0	0.0	3.7556264400482178	3.672341823577881	0.0	5.0307722091674805	0.0	0.0	3.4342217445373535	0.0	0.0	4.455812454223633	0.0	0.0	0.0	0.0	0.0	5.195370197296143	4.540598392486572	0.0	3.9311413764953613	0.0	0.0	0.0	4.3816399574279785	0.0	5.782317638397217	0.0	0.0	0.0	0.0	4.517443656921387	0.0	0.0	3.3404934406280518	0.0	0.0	0.0	0.0	0.0	0.0	0.0	4.481256484985352	0.0	3.973161458969116	4.027179718017578	3.740994691848755	0.0	4.01711368560791	0.0	0.0	0.0	0.0	0.0	0.0	0.0	3.887019395828247	0.0	0.0	0.0	0.0	0.0	0.0	0.0	0.0	4.078674793243408	5.058291435241699	0.0	0.0	0.0	0.0	4.675227165222168	4.344738483428955	0.0	0.0	0.0	0.0	0.0	4.243398666381836	4.574243545532227	0.0	0.0	0.0	3.7115273475646973	0.0	4.834940433502197	0.0	3.7885215282440186	0.0	0.0	5.031493663787842	0.0	0.0
0.0	0.0	4.197183609008789	0.0	0.0	3.759861707687378	3.676884651184082	0.0	5.0369062423706055	0.0	0.0	3.4386091232299805	0.0	0.0	4.461631774902344	0.0	0.0	0.0	0.0	0.0	5.202994346618652	4.546070098876953	0.0	3.9348490238189697	0.0	0.0	0.0	4.387279033660889	0.0	5.790063381195068	0.0	0.0	0.0	0.0	4.52315616607666	0.0	0.0	3.344284772872925	0.0	0.0	0.0	0.0	0.0	0.0	0.0	4.486532211303711	0.0	3.9782586097717285	4.032063007354736	3.745384454727173	0.0	4.020203590393066	0.0	0.0	0.0	0.0	0.0	0.0	0.0	3.891718864440918	0.0	0.0	0.0	0.0	0.0	0.0	0.0	0.0	4.083712100982666	5.064486503601074	0.0	0.0	0.0	0.0	4.6807026863098145	4.349869728088379	0.0	0.0	0.0	0.0	0.0	4.249911785125732	4.580524444580078	0.0	0.0	0.0	3.717184066772461	0.0	4.839956760406494	0.0	3.792147397994995	0.0	0.0	5.038096904754639	0.0	0.0
0.0	0.0	4.200119972229004	0.0	0.0	3.762277603149414	3.6783790588378906	0.0	5.0389604568481445	0.0	0.0	3.439754009246826	0.0	0.0	4.464108943939209	0.0	0.0	0.0	0.0	0.0	5.203396797180176	4.548973083496094	0.0	3.9374189376831055	0.0	0.0	0.0	4.387785911560059	0.0	5.791325092315674	0.0	0.0	0.0	0.0	4.524575710296631	0.0	0.0	3.34525465965271	0.0	0.0	0.0	0.0	0.0	0.0	0.0	4.488094329833984	0.0	3.9801039695739746	4.03395938873291	3.747418165206909	0.0	4.024140357971191	0.0	0.0	0.0	0.0	0.0	0.0	0.0	3.8926782608032227	0.0	0.0	0.0	0.0	0.0	0.0	0.0	0.0	4.084292888641357	5.066243648529053	0.0	0.0	0.0	0.0	4.681844234466553	4.351470947265625	0.0	0.0	0.0	0.0	0.0	4.250836372375488	4.58254337310791	0.0	0.0	0.0	3.718860149383545	0.0	4.841436862945557	0.0	3.7937943935394287	0.0	0.0	5.039370536804199	0.0	0.0
0.0	0.0	4.191675186157227	0.0	0.0	3.7555480003356934	3.6715469360351562	0.0	5.029312610626221	0.0	0.0	3.4334254264831543	0.0	0.0	4.454524517059326	0.0	0.0	0.0	0.0	0.0	5.194466590881348	4.540280342102051	0.0	3.930605173110962	0.0	0.0	0.0	4.3808979988098145	0.0	5.781245708465576	0.0	0.0	0.0	0.0	4.515956878662109	0.0	0.0	3.3387961387634277	0.0	0.0	0.0	0.0	0.0	0.0	0.0	4.480495929718018	0.0	3.971742630004883	4.026327610015869	3.738650321960449	0.0	4.0154032707214355	0.0	0.0	0.0	0.0	0.0	0.0	0.0	3.886892318725586	0.0	0.0	0.0	0.0	0.0	0.0	0.0	0.0	4.077730655670166	5.056951522827148	0.0	0.0	0.0	0.0	4.674805164337158	4.3444342613220215	0.0	0.0	0.0	0.0	0.0	4.24406099319458	4.573074817657471	0.0	0.0	0.0	3.7114741802215576	0.0	4.834305286407471	0.0	3.7861168384552	0.0	0.0	5.029972076416016	0.0	0.0
0.0	0.0	4.190243244171143	0.0	0.0	3.754120349884033	3.6708731651306152	0.0	5.026922225952148	0.0	0.0	3.4335169792175293	0.0	0.0	4.452975273132324	0.0	0.0	0.0	0.0	0.0	5.193033695220947	4.538858413696289	0.0	3.9291059970855713	0.0	0.0	0.0	4.379354953765869	0.0	5.7794189453125	0.0	0.0	0.0	0.0	4.51333475112915	0.0	0.0	3.3386423587799072	0.0	0.0	0.0	0.0	0.0	0.0	0.0	4.478033542633057	0.0	3.97125506401062	4.025611400604248	3.7386913299560547	0.0	4.014593124389648	0.0	0.0	0.0	0.0	0.0	0.0	0.0	3.884406805038452	0.0	0.0	0.0	0.0	0.0	0.0	0.0	0.0	4.076523303985596	5.0550360679626465	0.0	0.0	0.0	0.0	4.6724958419799805	4.343150615692139	0.0	0.0	0.0	0.0	0.0	4.242332458496094	4.571782112121582	0.0	0.0	0.0	3.710601806640625	0.0	4.831613540649414	0.0	3.7850546836853027	0.0	0.0	5.029166221618652	0.0	0.0
0.0	0.0	4.185079574584961	0.0	0.0	3.7491512298583984	3.6663424968719482	0.0	5.022639751434326	0.0	0.0	3.4287517070770264	0.0	0.0	4.448850631713867	0.0	0.0	0.0	0.0	0.0	5.186818599700928	4.533956050872803	0.0	3.924567461013794	0.0	0.0	0.0	4.374380111694336	0.0	5.772672176361084	0.0	0.0	0.0	0.0	4.509579658508301	0.0	0.0	3.334165573120117	0.0	0.0	0.0	0.0	0.0	0.0	0.0	4.473272800445557	0.0	3.9668235778808594	4.020764350891113	3.735464334487915	0.0	4.0092902183532715	0.0	0.0	0.0	0.0	0.0	0.0	0.0	3.8799808025360107	0.0	0.0	0.0	0.0	0.0	0.0	0.0	0.0	4.071804523468018	5.048934459686279	0.0	0.0	0.0	0.0	4.666541576385498	4.337571620941162	0.0	0.0	0.0	0.0	0.0	4.236845970153809	4.566705226898193	0.0	0.0	0.0	3.7061047554016113	0.0	4.826516628265381	0.0	3.7813055515289307	0.0	0.0	5.02256965637207	0.0	0.0
0.0	0.0	4.252534866333008	0.0	0.0	3.811018943786621	3.724193811416626	0.0	5.107610702514648	0.0	0.0	3.4842710494995117	0.0	0.0	4.523441314697266	0.0	0.0	0.0	0.0	0.0	5.277574062347412	4.609765529632568	0.0	3.9887118339538574	0.0	0.0	0.0	4.444612503051758	0.0	5.873022079467773	0.0	0.0	0.0	0.0	4.585323333740234	0.0	0.0	3.386927843093872	0.0	0.0	0.0	0.0	0.0	0.0	0.0	4.547451019287109	0.0	4.0327067375183105	4.086048126220703	3.7953054904937744	0.0	4.075402736663818	0.0	0.0	0.0	0.0	0.0	0.0	0.0	3.9430184364318848	0.0	0.0	0.0	0.0	0.0	0.0	0.0	0.0	4.138121604919434	5.134742259979248	0.0	0.0	0.0	0.0	4.744021892547607	4.4082536697387695	0.0	0.0	0.0	0.0	0.0	4.30429744720459	4.640686511993408	0.0	0.0	0.0	3.7701940536499023	0.0	4.907547473907471	0.0	3.844097375869751	0.0	0.0	5.106074810028076	0.0	0.0
0.0	0.0	4.195581912994385	0.0	0.0	3.7591617107391357	3.6759355068206787	0.0	5.034790515899658	0.0	0.0	3.438166618347168	0.0	0.0	4.459488391876221	0.0	0.0	0.0	0.0	0.0	5.200849533081055	4.545790195465088	0.0	3.9353816509246826	0.0	0.0	0.0	4.385261535644531	0.0	5.78907585144043	0.0	0.0	0.0	0.0	4.520904541015625	0.0	0.0	3.3433139324188232	0.0	0.0	0.0	0.0	0.0	0.0	0.0	4.484637260437012	0.0	3.976881742477417	4.030804634094238	3.7447848320007324	0.0	4.020019054412842	0.0	0.0	0.0	0.0	0.0	0.0	0.0	3.89005184173584	0.0	0.0	0.0	0.0	0.0	0.0	0.0	0.0	4.082265853881836	5.063702583312988	0.0	0.0	0.0	0.0	4.679231643676758	4.348911285400391	0.0	0.0	0.0	0.0	0.0	4.247669219970703	4.57813024520874	0.0	0.0	0.0	3.7164857387542725	0.0	4.839291572570801	0.0	3.792884588241577	0.0	0.0	5.035858154296875	0.0	0.0
0.0	0.0	4.193194389343262	0.0	0.0	3.756700277328491	3.6729001998901367	0.0	5.030436992645264	0.0	0.0	3.435253381729126	0.0	0.0	4.456939220428467	0.0	0.0	0.0	0.0	0.0	5.1960039138793945	4.541962623596191	0.0	3.9320759773254395	0.0	0.0	0.0	4.381948471069336	0.0	5.783424377441406	0.0	0.0	0.0	0.0	4.517287731170654	0.0	0.0	3.3394172191619873	0.0	0.0	0.0	0.0	0.0	0.0	0.0	4.481693744659424	0.0	3.973936080932617	4.028329372406006	3.741541862487793	0.0	4.0163750648498535	0.0	0.0	0.0	0.0	0.0	0.0	0.0	3.888061761856079	0.0	0.0	0.0	0.0	0.0	0.0	0.0	0.0	4.078649997711182	5.0586113929748535	0.0	0.0	0.0	0.0	4.675779819488525	4.3456220626831055	0.0	0.0	0.0	0.0	0.0	4.243983268737793	4.575111389160156	0.0	0.0	0.0	3.7135932445526123	0.0	4.83464241027832	0.0	3.7888243198394775	0.0	0.0	5.032310485839844	0.0	0.0
0.0	0.0	4.19707727432251	0.0	0.0	3.7600884437561035	3.676823616027832	0.0	5.037308216094971	0.0	0.0	3.4398984909057617	0.0	0.0	4.461699962615967	0.0	0.0	0.0	0.0	0.0	5.202564239501953	4.5453057289123535	0.0	3.935793161392212	0.0	0.0	0.0	4.385317325592041	0.0	5.7903218269348145	0.0	0.0	0.0	0.0	4.522868633270264	0.0	0.0	3.344606876373291	0.0	0.0	0.0	0.0	0.0	0.0	0.0	4.487883567810059	0.0	3.977168560028076	4.032004356384277	3.746295213699341	0.0	4.02201509475708	0.0	0.0	0.0	0.0	0.0	0.0	0.0	3.892188549041748	0.0	0.0	0.0	0.0	0.0	0.0	0.0	0.0	4.08245849609375	5.0644025802612305	0.0	0.0	0.0	0.0	4.681087970733643	4.35027551651001	0.0	0.0	0.0	0.0	0.0	4.248230934143066	4.580325603485107	0.0	0.0	0.0	3.7170987129211426	0.0	4.84119987487793	0.0	3.7941718101501465	0.0	0.0	5.037676811218262	0.0	0.0
0.0	0.0	4.212798118591309	0.0	0.0	3.7708845138549805	3.687422513961792	0.0	5.05570125579834	0.0	0.0	3.4456706047058105	0.0	0.0	4.47538948059082	0.0	0.0	0.0	0.0	0.0	5.221318244934082	4.562191009521484	0.0	3.9487364292144775	0.0	0.0	0.0	4.4043145179748535	0.0	5.812900066375732	0.0	0.0	0.0	0.0	4.535699367523193	0.0	0.0	3.352449893951416	0.0	0.0	0.0	0.0	0.0	0.0	0.0	4.504952907562256	0.0	3.992790460586548	4.045311450958252	3.7562921047210693	0.0	4.03558874130249	0.0	0.0	0.0	0.0	0.0	0.0	0.0	3.9037625789642334	0.0	0.0	0.0	0.0	0.0	0.0	0.0	0.0	4.098807334899902	5.081604480743408	0.0	0.0	0.0	0.0	4.697816371917725	4.366567611694336	0.0	0.0	0.0	0.0	0.0	4.265028953552246	4.595046520233154	0.0	0.0	0.0	3.7294886112213135	0.0	4.856866836547852	0.0	3.8048629760742188	0.0	0.0	5.055295467376709	0.0	0.0
0.0	0.0	4.185256481170654	0.0	0.0	3.749612331390381	3.6661057472229004	0.0	5.021509647369385	0.0	0.0	3.429434299468994	0.0	0.0	4.448106288909912	0.0	0.0	0.0	0.0	0.0	5.187427997589111	4.532592296600342	0.0	3.923976421356201	0.0	0.0	0.0	4.374768257141113	0.0	5.772411823272705	0.0	0.0	0.0	0.0	4.508296012878418	0.0	0.0	3.3348119258880615	0.0	0.0	0.0	0.0	0.0	0.0	0.0	4.473817825317383	0.0	3.9663290977478027	4.020820140838623	3.7347159385681152	0.0	4.010334491729736	0.0	0.0	0.0	0.0	0.0	0.0	0.0	3.8808786869049072	0.0	0.0	0.0	0.0	0.0	0.0	0.0	0.0	4.071136474609375	5.049254894256592	0.0	0.0	0.0	0.0	4.666704177856445	4.337467670440674	0.0	0.0	0.0	0.0	0.0	4.236870288848877	4.566446781158447	0.0	0.0	0.0	3.706265449523926	0.0	4.826290130615234	0.0	3.7827444076538086	0.0	0.0	5.023122310638428	0.0	0.0
0.0	0.0	4.188117027282715	0.0	0.0	3.751612424850464	3.6691298484802246	0.0	5.025398254394531	0.0	0.0	3.4307398796081543	0.0	0.0	4.451280117034912	0.0	0.0	0.0	0.0	0.0	5.190515995025635	4.536381721496582	0.0	3.927645444869995	0.0	0.0	0.0	4.377283096313477	0.0	5.77648401260376	0.0	0.0	0.0	0.0	4.512038230895996	0.0	0.0	3.337357759475708	0.0	0.0	0.0	0.0	0.0	0.0	0.0	4.475654602050781	0.0	3.9686124324798584	4.023595809936523	3.736928939819336	0.0	4.012819290161133	0.0	0.0	0.0	0.0	0.0	0.0	0.0	3.882981061935425	0.0	0.0	0.0	0.0	0.0	0.0	0.0	0.0	4.074082374572754	5.053181171417236	0.0	0.0	0.0	0.0	4.6695122718811035	4.340689182281494	0.0	0.0	0.0	0.0	0.0	4.238807201385498	4.569136142730713	0.0	0.0	0.0	3.7092206478118896	0.0	4.829071044921875	0.0	3.7839322090148926	0.0	0.0	5.026645660400391	0.0	0.0
0.0	0.0	4.188290596008301	0.0	0.0	3.751041889190674	3.6688294410705566	0.0	5.024868011474609	0.0	0.0	3.430574417114258	0.0	0.0	4.449522495269775	0.0	0.0	0.0	0.0	0.0	5.189887523651123	4.536416053771973	0.0	3.927159070968628	0.0	0.0	0.0	4.376631736755371	0.0	5.77657413482666	0.0	0.0	0.0	0.0	4.512186527252197	0.0	0.0	3.3369662761688232	0.0	0.0	0.0	0.0	0.0	0.0	0.0	4.476044178009033	0.0	3.967653751373291	4.022821426391602	3.7364141941070557	0.0	4.012258529663086	0.0	0.0	0.0	0.0	0.0	0.0	0.0	3.882781982421875	0.0	0.0	0.0	0.0	0.0	0.0	0.0	0.0	4.0738420486450195	5.0533246994018555	0.0	0.0	0.0	0.0	4.668764591217041	4.339995384216309	0.0	0.0	0.0	0.0	0.0	4.23912239074707	4.56943416595459	0.0	0.0	0.0	3.708190441131592	0.0	4.828314304351807	0.0	3.7839016914367676	0.0	0.0	5.025657653808594	0.0	0.0
0.0	0.0	4.200719833374023	0.0	0.0	3.7630417346954346	3.6786653995513916	0.0	5.042483806610107	0.0	0.0	3.439236640930176	0.0	0.0	4.465877532958984	0.0	0.0	0.0	0.0	0.0	5.206987380981445	4.550287246704102	0.0	3.939934730529785	0.0	0.0	0.0	4.39133358001709	0.0	5.796354293823242	0.0	0.0	0.0	0.0	4.5263824462890625	0.0	0.0	3.346431016921997	0.0	0.0	0.0	0.0	0.0	0.0	0.0	4.490408897399902	0.0	3.9814326763153076	4.035792350769043	3.747016429901123	0.0	4.024355411529541	0.0	0.0	0.0	0.0	0.0	0.0	0.0	3.894843578338623	0.0	0.0	0.0	0.0	0.0	0.0	0.0	0.0	4.085953235626221	5.06905460357666	0.0	0.0	0.0	0.0	4.684929370880127	4.354456901550293	0.0	0.0	0.0	0.0	0.0	4.254055976867676	4.582429885864258	0.0	0.0	0.0	3.721036434173584	0.0	4.844607830047607	0.0	3.79538631439209	0.0	0.0	5.041563987731934	0.0	0.0
0.0	0.0	4.183919906616211	0.0	0.0	3.7480101585388184	3.665403127670288	0.0	5.020733833312988	0.0	0.0	3.428187608718872	0.0	0.0	4.447800159454346	0.0	0.0	0.0	0.0	0.0	5.186367034912109	4.532192230224609	0.0	3.924159288406372	0.0	0.0	0.0	4.3735480308532715	0.0	5.771018028259277	0.0	0.0	0.0	0.0	4.508274555206299	0.0	0.0	3.333286762237549	0.0	0.0	0.0	0.0	0.0	0.0	0.0	4.472721576690674	0.0	3.965963840484619	4.020079612731934	3.734081983566284	0.0	4.008581161499023	0.0	0.0	0.0	0.0	0.0	0.0	0.0	3.8802273273468018	0.0	0.0	0.0	0.0	0.0	0.0	0.0	0.0	4.070369720458984	5.0488057136535645	0.0	0.0	0.0	0.0	4.666160583496094	4.337562561035156	0.0	0.0	0.0	0.0	0.0	4.236407279968262	4.565896034240723	0.0	0.0	0.0	3.7059779167175293	0.0	4.8251848220825195	0.0	3.781174898147583	0.0	0.0	5.021911144256592	0.0	0.0
0.0	0.0	4.192541122436523	0.0	0.0	3.7557284832000732	3.6725618839263916	0.0	5.030629634857178	0.0	0.0	3.4334874153137207	0.0	0.0	4.455672740936279	0.0	0.0	0.0	0.0	0.0	5.19511604309082	4.540364742279053	0.0	3.930957078933716	0.0	0.0	0.0	4.382284641265869	0.0	5.782388210296631	0.0	0.0	0.0	0.0	4.515740871429443	0.0	0.0	3.340271472930908	0.0	0.0	0.0	0.0	0.0	0.0	0.0	4.4802374839782715	0.0	3.972954273223877	4.027611255645752	3.740833044052124	0.0	4.016899108886719	0.0	0.0	0.0	0.0	0.0	0.0	0.0	3.8871424198150635	0.0	0.0	0.0	0.0	0.0	0.0	0.0	0.0	4.0776190757751465	5.05760383605957	0.0	0.0	0.0	0.0	4.674463748931885	4.345371246337891	0.0	0.0	0.0	0.0	0.0	4.243506908416748	4.574067115783691	0.0	0.0	0.0	3.7124643325805664	0.0	4.833950996398926	0.0	3.7888283729553223	0.0	0.0	5.031846046447754	0.0	0.0
0.0	0.0	4.195893287658691	0.0	0.0	3.7595109939575195	3.6761538982391357	0.0	5.035786151885986	0.0	0.0	3.438066244125366	0.0	0.0	4.461346626281738	0.0	0.0	0.0	0.0	0.0	5.201825141906738	4.546298980712891	0.0	3.936446189880371	0.0	0.0	0.0	4.386431694030762	0.0	5.789339542388916	0.0	0.0	0.0	0.0	4.521388053894043	0.0	0.0	3.34384822845459	0.0	0.0	0.0	0.0	0.0	0.0	0.0	4.485979080200195	0.0	3.977665901184082	4.031904697418213	3.7448418140411377	0.0	4.021071910858154	0.0	0.0	0.0	0.0	0.0	0.0	0.0	3.89198899269104	0.0	0.0	0.0	0.0	0.0	0.0	0.0	0.0	4.083364486694336	5.06314754486084	0.0	0.0	0.0	0.0	4.679977893829346	4.349844455718994	0.0	0.0	0.0	0.0	0.0	4.249101638793945	4.580291748046875	0.0	0.0	0.0	3.717451572418213	0.0	4.84036922454834	0.0	3.793043375015259	0.0	0.0	5.036901950836182	0.0	0.0
0.0	0.0	4.1898722648620605	0.0	0.0	3.7535359859466553	3.6701526641845703	0.0	5.0274248123168945	0.0	0.0	3.432511806488037	0.0	0.0	4.453728675842285	0.0	0.0	0.0	0.0	0.0	5.192330360412598	4.537799835205078	0.0	3.9298741817474365	0.0	0.0	0.0	4.379003524780273	0.0	5.780223369598389	0.0	0.0	0.0	0.0	4.514583587646484	0.0	0.0	3.338789701461792	0.0	0.0	0.0	0.0	0.0	0.0	0.0	4.47860050201416	0.0	3.971611499786377	4.025333404541016	3.7390828132629395	0.0	4.014902591705322	0.0	0.0	0.0	0.0	0.0	0.0	0.0	3.8849146366119385	0.0	0.0	0.0	0.0	0.0	0.0	0.0	0.0	4.077176570892334	5.055179595947266	0.0	0.0	0.0	0.0	4.67286491394043	4.342630386352539	0.0	0.0	0.0	0.0	0.0	4.242264270782471	4.571296691894531	0.0	0.0	0.0	3.7106144428253174	0.0	4.8314595222473145	0.0	3.7865962982177734	0.0	0.0	5.028631687164307	0.0	0.0
0.0	0.0	4.188570976257324	0.0	0.0	3.7525370121002197	3.6703667640686035	0.0	5.026854991912842	0.0	0.0	3.43278431892395	0.0	0.0	4.452189922332764	0.0	0.0	0.0	0.0	0.0	5.192010879516602	4.538148403167725	0.0	3.9281985759735107	0.0	0.0	0.0	4.378043174743652	0.0	5.7779154777526855	0.0	0.0	0.0	0.0	4.513855934143066	0.0	0.0	3.3378689289093018	0.0	0.0	0.0	0.0	0.0	0.0	0.0	4.477660655975342	0.0	3.970003843307495	4.023891925811768	3.7384748458862305	0.0	4.012722969055176	0.0	0.0	0.0	0.0	0.0	0.0	0.0	3.8838541507720947	0.0	0.0	0.0	0.0	0.0	0.0	0.0	0.0	4.075723171234131	5.053830623626709	0.0	0.0	0.0	0.0	4.670526504516602	4.34176778793335	0.0	0.0	0.0	0.0	0.0	4.240542411804199	4.571067810058594	0.0	0.0	0.0	3.7107090950012207	0.0	4.830662727355957	0.0	3.7860608100891113	0.0	0.0	5.027375221252441	0.0	0.0
0.0	0.0	4.185559272766113	0.0	0.0	3.7486038208007812	3.66568922996521	0.0	5.0211896896362305	0.0	0.0	3.4284372329711914	0.0	0.0	4.447761058807373	0.0	0.0	0.0	0.0	0.0	5.186342239379883	4.5323076248168945	0.0	3.9246835708618164	0.0	0.0	0.0	4.373842716217041	0.0	5.772276401519775	0.0	0.0	0.0	0.0	4.5074872970581055	0.0	0.0	3.3346266746520996	0.0	0.0	0.0	0.0	0.0	0.0	0.0	4.473316669464111	0.0	3.965493679046631	4.020538330078125	3.7348122596740723	0.0	4.009098529815674	0.0	0.0	0.0	0.0	0.0	0.0	0.0	3.88073992729187	0.0	0.0	0.0	0.0	0.0	0.0	0.0	0.0	4.071106910705566	5.04868221282959	0.0	0.0	0.0	0.0	4.66591215133667	4.3369526863098145	0.0	0.0	0.0	0.0	0.0	4.2365922927856445	4.5665669441223145	0.0	0.0	0.0	3.705277919769287	0.0	4.825657844543457	0.0	3.781903028488159	0.0	0.0	5.022759437561035	0.0	0.0
0.0	0.0	4.185041904449463	0.0	0.0	3.7493488788604736	3.6666548252105713	0.0	5.021584510803223	0.0	0.0	3.429692506790161	0.0	0.0	4.44894552230835	0.0	0.0	0.0	0.0	0.0	5.187260627746582	4.533397197723389	0.0	3.9251606464385986	0.0	0.0	0.0	4.3739728927612305	0.0	5.77304220199585	0.0	0.0	0.0	0.0	4.509182929992676	0.0	0.0	3.335280179977417	0.0	0.0	0.0	0.0	0.0	0.0	0.0	4.473631858825684	0.0	3.96661376953125	4.021107196807861	3.7356436252593994	0.0	4.010134220123291	0.0	0.0	0.0	0.0	0.0	0.0	0.0	3.880091667175293	0.0	0.0	0.0	0.0	0.0	0.0	0.0	0.0	4.071696758270264	5.049386501312256	0.0	0.0	0.0	0.0	4.666821002960205	4.339324951171875	0.0	0.0	0.0	0.0	0.0	4.236785411834717	4.567121982574463	0.0	0.0	0.0	3.7059996128082275	0.0	4.825944900512695	0.0	3.782095432281494	0.0	0.0	5.023393630981445	0.0	0.0
0.0	0.0	4.189096927642822	0.0	0.0	3.7516112327575684	3.6693007946014404	0.0	5.024832725524902	0.0	0.0	3.431189775466919	0.0	0.0	4.451433181762695	0.0	0.0	0.0	0.0	0.0	5.190117359161377	4.536618709564209	0.0	3.926841974258423	0.0	0.0	0.0	4.37741756439209	0.0	5.776374816894531	0.0	0.0	0.0	0.0	4.5126824378967285	0.0	0.0	3.337750196456909	0.0	0.0	0.0	0.0	0.0	0.0	0.0	4.476766586303711	0.0	3.9696176052093506	4.024868488311768	3.7373993396759033	0.0	4.013479709625244	0.0	0.0	0.0	0.0	0.0	0.0	0.0	3.883566379547119	0.0	0.0	0.0	0.0	0.0	0.0	0.0	0.0	4.0739521980285645	5.052862167358398	0.0	0.0	0.0	0.0	4.670299530029297	4.33996057510376	0.0	0.0	0.0	0.0	0.0	4.239950180053711	4.568974494934082	0.0	0.0	0.0	3.709073781967163	0.0	4.829102993011475	0.0	3.7847235202789307	0.0	0.0	5.026088237762451	0.0	0.0
0.0	0.0	4.200940132141113	0.0	0.0	3.764411687850952	3.6806888580322266	0.0	5.043556213378906	0.0	0.0	3.4420604705810547	0.0	0.0	4.466628551483154	0.0	0.0	0.0	0.0	0.0	5.2087812423706055	4.552560329437256	0.0	3.9415171146392822	0.0	0.0	0.0	4.391861438751221	0.0	5.797150135040283	0.0	0.0	0.0	0.0	4.527884483337402	0.0	0.0	3.348212480545044	0.0	0.0	0.0	0.0	0.0	0.0	0.0	4.491207122802734	0.0	3.9829397201538086	4.037182807922363	3.749178886413574	0.0	4.025740623474121	0.0	0.0	0.0	0.0	0.0	0.0	0.0	3.8965704441070557	0.0	0.0	0.0	0.0	0.0	0.0	0.0	0.0	4.088508129119873	5.070405960083008	0.0	0.0	0.0	0.0	4.685388565063477	4.356403350830078	0.0	0.0	0.0	0.0	0.0	4.255017280578613	4.585115432739258	0.0	0.0	0.0	3.7224652767181396	0.0	4.846520900726318	0.0	3.7977218627929688	0.0	0.0	5.044588088989258	0.0	0.0
0.0	0.0	4.175839900970459	0.0	0.0	3.7413673400878906	3.658968687057495	0.0	5.010137557983398	0.0	0.0	3.4214606285095215	0.0	0.0	4.4384026527404785	0.0	0.0	0.0	0.0	0.0	5.175001621246338	4.523554801940918	0.0	3.9157814979553223	0.0	0.0	0.0	4.364290714263916	0.0	5.759087562561035	0.0	0.0	0.0	0.0	4.498887062072754	0.0	0.0	3.3283143043518066	0.0	0.0	0.0	0.0	0.0	0.0	0.0	4.463486671447754	0.0	3.957571029663086	4.012625217437744	3.726539373397827	0.0	4.000640869140625	0.0	0.0	0.0	0.0	0.0	0.0	0.0	3.8729870319366455	0.0	0.0	0.0	0.0	0.0	0.0	0.0	0.0	4.063201427459717	5.037964344024658	0.0	0.0	0.0	0.0	4.65626335144043	4.328100681304932	0.0	0.0	0.0	0.0	0.0	4.227973937988281	4.556197166442871	0.0	0.0	0.0	3.6980526447296143	0.0	4.814947128295898	0.0	3.7734222412109375	0.0	0.0	5.011607646942139	0.0	0.0
0.0	0.0	4.189977645874023	0.0	0.0	3.7525925636291504	3.67047381401062	0.0	5.027385234832764	0.0	0.0	3.4327073097229004	0.0	0.0	4.453610897064209	0.0	0.0	0.0	0.0	0.0	5.191662788391113	4.538115978240967	0.0	3.928366184234619	0.0	0.0	0.0	4.378744602203369	0.0	5.778338432312012	0.0	0.0	0.0	0.0	4.513457298278809	0.0	0.0	3.3391072750091553	0.0	0.0	0.0	0.0	0.0	0.0	0.0	4.478079319000244	0.0	3.970587968826294	4.02586030960083	3.7378571033477783	0.0	4.014274597167969	0.0	0.0	0.0	0.0	0.0	0.0	0.0	3.884639263153076	0.0	0.0	0.0	0.0	0.0	0.0	0.0	0.0	4.075794219970703	5.054816246032715	0.0	0.0	0.0	0.0	4.671639442443848	4.34216833114624	0.0	0.0	0.0	0.0	0.0	4.241520881652832	4.571139812469482	0.0	0.0	0.0	3.709721326828003	0.0	4.831495761871338	0.0	3.7865536212921143	0.0	0.0	5.028310298919678	0.0	0.0
0.0	0.0	4.201213836669922	0.0	0.0	3.763360023498535	3.6797852516174316	0.0	5.040594577789307	0.0	0.0	3.440885543823242	0.0	0.0	4.464593410491943	0.0	0.0	0.0	0.0	0.0	5.205975532531738	4.549593448638916	0.0	3.93855357170105	0.0	0.0	0.0	4.389511585235596	0.0	5.794342041015625	0.0	0.0	0.0	0.0	4.526774883270264	0.0	0.0	3.346970558166504	0.0	0.0	0.0	0.0	0.0	0.0	0.0	4.4897990226745605	0.0	3.9808053970336914	4.034768581390381	3.7483816146850586	0.0	4.024275779724121	0.0	0.0	0.0	0.0	0.0	0.0	0.0	3.89490008354187	0.0	0.0	0.0	0.0	0.0	0.0	0.0	0.0	4.086126327514648	5.069061279296875	0.0	0.0	0.0	0.0	4.683574199676514	4.35332727432251	0.0	0.0	0.0	0.0	0.0	4.2529706954956055	4.583092212677002	0.0	0.0	0.0	3.719794750213623	0.0	4.843415260314941	0.0	3.7946600914001465	0.0	0.0	5.041637897491455	0.0	0.0
0.0	0.0	4.1912689208984375	0.0	0.0	3.7547736167907715	3.671621084213257	0.0	5.029177665710449	0.0	0.0	3.4338104724884033	0.0	0.0	4.454739093780518	0.0	0.0	0.0	0.0	0.0	5.194972515106201	4.540149688720703	0.0	3.93076229095459	0.0	0.0	0.0	4.37991189956665	0.0	5.7813568115234375	0.0	0.0	0.0	0.0	4.515441417694092	0.0	0.0	3.3393547534942627	0.0	0.0	0.0	0.0	0.0	0.0	0.0	4.480312824249268	0.0	3.972238779067993	4.026672840118408	3.7415366172790527	0.0	4.0166335105896	0.0	0.0	0.0	0.0	0.0	0.0	0.0	3.886815071105957	0.0	0.0	0.0	0.0	0.0	0.0	0.0	0.0	4.076923847198486	5.05720329284668	0.0	0.0	0.0	0.0	4.673145771026611	4.344038486480713	0.0	0.0	0.0	0.0	0.0	4.243335723876953	4.573646068572998	0.0	0.0	0.0	3.7115306854248047	0.0	4.833317756652832	0.0	3.7878129482269287	0.0	0.0	5.030987739562988	0.0	0.0
0.0	0.0	4.193119525909424	0.0	0.0	3.7570314407348633	3.67364764213562	0.0	5.031515121459961	0.0	0.0	3.4351491928100586	0.0	0.0	4.457836151123047	0.0	0.0	0.0	0.0	0.0	5.197849273681641	4.542632102966309	0.0	3.933480739593506	0.0	0.0	0.0	4.382177352905273	0.0	5.784502983093262	0.0	0.0	0.0	0.0	4.518074989318848	0.0	0.0	3.3414323329925537	0.0	0.0	0.0	0.0	0.0	0.0	0.0	4.481899261474609	0.0	3.9733564853668213	4.028855800628662	3.7423269748687744	0.0	4.018762588500977	0.0	0.0	0.0	0.0	0.0	0.0	0.0	3.8876454830169678	0.0	0.0	0.0	0.0	0.0	0.0	0.0	0.0	4.078488826751709	5.060683250427246	0.0	0.0	0.0	0.0	4.676372528076172	4.345773696899414	0.0	0.0	0.0	0.0	0.0	4.245052337646484	4.57550573348999	0.0	0.0	0.0	3.7137715816497803	0.0	4.83664083480835	0.0	3.7898945808410645	0.0	0.0	5.032138347625732	0.0	0.0
0.0	0.0	4.195050239562988	0.0	0.0	3.757981777191162	3.674372911453247	0.0	5.034163951873779	0.0	0.0	3.4368605613708496	0.0	0.0	4.458693981170654	0.0	0.0	0.0	0.0	0.0	5.1991071701049805	4.544740676879883	0.0	3.933803081512451	0.0	0.0	0.0	4.3846964836120605	0.0	5.786355018615723	0.0	0.0	0.0	0.0	4.519437789916992	0.0	0.0	3.3413431644439697	0.0	0.0	0.0	0.0	0.0	0.0	0.0	4.483670711517334	0.0	3.9758403301239014	4.03043270111084	3.743833303451538	0.0	4.019748210906982	0.0	0.0	0.0	0.0	0.0	0.0	0.0	3.889329433441162	0.0	0.0	0.0	0.0	0.0	0.0	0.0	0.0	4.081092834472656	5.061665058135986	0.0	0.0	0.0	0.0	4.677231311798096	4.347510814666748	0.0	0.0	0.0	0.0	0.0	4.247015953063965	4.5771260261535645	0.0	0.0	0.0	3.7150280475616455	0.0	4.837533950805664	0.0	3.7906687259674072	0.0	0.0	5.0348639488220215	0.0	0.0
0.0	0.0	4.195174217224121	0.0	0.0	3.7582571506500244	3.674497127532959	0.0	5.033571243286133	0.0	0.0	3.4370484352111816	0.0	0.0	4.458008766174316	0.0	0.0	0.0	0.0	0.0	5.1993255615234375	4.543914318084717	0.0	3.934271812438965	0.0	0.0	0.0	4.384472846984863	0.0	5.787235736846924	0.0	0.0	0.0	0.0	4.518916130065918	0.0	0.0	3.3421590328216553	0.0	0.0	0.0	0.0	0.0	0.0	0.0	4.484548568725586	0.0	3.9751551151275635	4.028578281402588	3.743140935897827	0.0	4.019705772399902	0.0	0.0	0.0	0.0	0.0	0.0	0.0	3.8896703720092773	0.0	0.0	0.0	0.0	0.0	0.0	0.0	0.0	4.081491947174072	5.061427593231201	0.0	0.0	0.0	0.0	4.67823600769043	4.347579479217529	0.0	0.0	0.0	0.0	0.0	4.24729585647583	4.5770673751831055	0.0	0.0	0.0	3.715886116027832	0.0	4.83827543258667	0.0	3.7913706302642822	0.0	0.0	5.033926010131836	0.0	0.0
0.0	0.0	4.188665390014648	0.0	0.0	3.7523367404937744	3.6683785915374756	0.0	5.026012897491455	0.0	0.0	3.4301562309265137	0.0	0.0	4.451278209686279	0.0	0.0	0.0	0.0	0.0	5.190518379211426	4.53634786605835	0.0	3.9272165298461914	0.0	0.0	0.0	4.377364158630371	0.0	5.776258945465088	0.0	0.0	0.0	0.0	4.511872291564941	0.0	0.0	3.3375349044799805	0.0	0.0	0.0	0.0	0.0	0.0	0.0	4.476036071777344	0.0	3.9689407348632812	4.023950099945068	3.737096071243286	0.0	4.012883186340332	0.0	0.0	0.0	0.0	0.0	0.0	0.0	3.8832108974456787	0.0	0.0	0.0	0.0	0.0	0.0	0.0	0.0	4.073832035064697	5.053896903991699	0.0	0.0	0.0	0.0	4.670088768005371	4.340642929077148	0.0	0.0	0.0	0.0	0.0	4.240165710449219	4.569719314575195	0.0	0.0	0.0	3.7083709239959717	0.0	4.829604148864746	0.0	3.7840962409973145	0.0	0.0	5.026641368865967	0.0	0.0
0.0	0.0	4.189489364624023	0.0	0.0	3.753399133682251	3.669762372970581	0.0	5.026330947875977	0.0	0.0	3.4326236248016357	0.0	0.0	4.452366828918457	0.0	0.0	0.0	0.0	0.0	5.191756248474121	4.5377516746521	0.0	3.928978443145752	0.0	0.0	0.0	4.378876209259033	0.0	5.777468204498291	0.0	0.0	0.0	0.0	4.51326847076416	0.0	0.0	3.3390071392059326	0.0	0.0	0.0	0.0	0.0	0.0	0.0	4.478170394897461	0.0	3.9699623584747314	4.025224685668945	3.7377805709838867	0.0	4.014005661010742	0.0	0.0	0.0	0.0	0.0	0.0	0.0	3.8833727836608887	0.0	0.0	0.0	0.0	0.0	0.0	0.0	0.0	4.076004505157471	5.054502487182617	0.0	0.0	0.0	0.0	4.671106815338135	4.342252254486084	0.0	0.0	0.0	0.0	0.0	4.241573333740234	4.570098400115967	0.0	0.0	0.0	3.7093706130981445	0.0	4.831146717071533	0.0	3.7856085300445557	0.0	0.0	5.02800989151001	0.0	0.0
0.0	0.0	4.188848972320557	0.0	0.0	3.751235246658325	3.6690611839294434	0.0	5.026177883148193	0.0	0.0	3.4316201210021973	0.0	0.0	4.451437473297119	0.0	0.0	0.0	0.0	0.0	5.190650939941406	4.536279678344727	0.0	3.927504301071167	0.0	0.0	0.0	4.376580238342285	0.0	5.77721643447876	0.0	0.0	0.0	0.0	4.512496471405029	0.0	0.0	3.33715558052063	0.0	0.0	0.0	0.0	0.0	0.0	0.0	4.476994514465332	0.0	3.9696969985961914	4.024265766143799	3.7371983528137207	0.0	4.013484001159668	0.0	0.0	0.0	0.0	0.0	0.0	0.0	3.8838653564453125	0.0	0.0	0.0	0.0	0.0	0.0	0.0	0.0	4.074702262878418	5.0519490242004395	0.0	0.0	0.0	0.0	4.669282913208008	4.340603351593018	0.0	0.0	0.0	0.0	0.0	4.239867210388184	4.5701165199279785	0.0	0.0	0.0	3.7090933322906494	0.0	4.830306053161621	0.0	3.785290479660034	0.0	0.0	5.026655673980713	0.0	0.0
0.0	0.0	4.185808181762695	0.0	0.0	3.7502386569976807	3.6669862270355225	0.0	5.0228447914123535	0.0	0.0	3.430123805999756	0.0	0.0	4.449337005615234	0.0	0.0	0.0	0.0	0.0	5.188418865203857	4.533387660980225	0.0	3.925506353378296	0.0	0.0	0.0	4.3747944831848145	0.0	5.773603916168213	0.0	0.0	0.0	0.0	4.509626388549805	0.0	0.0	3.3360984325408936	0.0	0.0	0.0	0.0	0.0	0.0	0.0	4.473631858825684	0.0	3.966601848602295	4.021631240844727	3.7356674671173096	0.0	4.011697292327881	0.0	0.0	0.0	0.0	0.0	0.0	0.0	3.881958484649658	0.0	0.0	0.0	0.0	0.0	0.0	0.0	0.0	4.071861267089844	5.04974889755249	0.0	0.0	0.0	0.0	4.667172908782959	4.338300704956055	0.0	0.0	0.0	0.0	0.0	4.237098217010498	4.56652307510376	0.0	0.0	0.0	3.7065930366516113	0.0	4.826714992523193	0.0	3.7822015285491943	0.0	0.0	5.0240068435668945	0.0	0.0
0.0	0.0	4.205962657928467	0.0	0.0	3.765784978866577	3.683079719543457	0.0	5.046795845031738	0.0	0.0	3.44085431098938	0.0	0.0	4.466865062713623	0.0	0.0	0.0	0.0	0.0	5.210686683654785	4.555266857147217	0.0	3.943671464920044	0.0	0.0	0.0	4.3971028327941895	0.0	5.802139759063721	0.0	0.0	0.0	0.0	4.530392646789551	0.0	0.0	3.3488569259643555	0.0	0.0	0.0	0.0	0.0	0.0	0.0	4.498027324676514	0.0	3.985759973526001	4.039684295654297	3.7501978874206543	0.0	4.028384685516357	0.0	0.0	0.0	0.0	0.0	0.0	0.0	3.8977346420288086	0.0	0.0	0.0	0.0	0.0	0.0	0.0	0.0	4.090581893920898	5.072410583496094	0.0	0.0	0.0	0.0	4.689279079437256	4.358288764953613	0.0	0.0	0.0	0.0	0.0	4.256576061248779	4.58728551864624	0.0	0.0	0.0	3.7232937812805176	0.0	4.849559783935547	0.0	3.8001832962036133	0.0	0.0	5.0467000007629395	0.0	0.0
0.0	0.0	4.208526611328125	0.0	0.0	3.770700216293335	3.686520576477051	0.0	5.052265167236328	0.0	0.0	3.4478399753570557	0.0	0.0	4.473998546600342	0.0	0.0	0.0	0.0	0.0	5.217385292053223	4.55903434753418	0.0	3.948350667953491	0.0	0.0	0.0	4.398063659667969	0.0	5.807774543762207	0.0	0.0	0.0	0.0	4.53529167175293	0.0	0.0	3.3523757457733154	0.0	0.0	0.0	0.0	0.0	0.0	0.0	4.498626232147217	0.0	3.9897472858428955	4.043843746185303	3.7543652057647705	0.0	4.031428813934326	0.0	0.0	0.0	0.0	0.0	0.0	0.0	3.9018876552581787	0.0	0.0	0.0	0.0	0.0	0.0	0.0	0.0	4.094722747802734	5.078629970550537	0.0	0.0	0.0	0.0	4.6941609382629395	4.362009048461914	0.0	0.0	0.0	0.0	0.0	4.261255264282227	4.592484474182129	0.0	0.0	0.0	3.7280991077423096	0.0	4.854184150695801	0.0	3.80169939994812	0.0	0.0	5.051267623901367	0.0	0.0
0.0	0.0	4.186135292053223	0.0	0.0	3.751171588897705	3.6681957244873047	0.0	5.023503303527832	0.0	0.0	3.429337739944458	0.0	0.0	4.4500651359558105	0.0	0.0	0.0	0.0	0.0	5.189477443695068	4.534475803375244	0.0	3.925790548324585	0.0	0.0	0.0	4.376420497894287	0.0	5.774824619293213	0.0	0.0	0.0	0.0	4.511054992675781	0.0	0.0	3.3356645107269287	0.0	0.0	0.0	0.0	0.0	0.0	0.0	4.474831581115723	0.0	3.9681334495544434	4.022431373596191	3.736022710800171	0.0	4.0109710693359375	0.0	0.0	0.0	0.0	0.0	0.0	0.0	3.8822379112243652	0.0	0.0	0.0	0.0	0.0	0.0	0.0	0.0	4.072882652282715	5.050015449523926	0.0	0.0	0.0	0.0	4.667560577392578	4.339584827423096	0.0	0.0	0.0	0.0	0.0	4.238565921783447	4.568514823913574	0.0	0.0	0.0	3.7077627182006836	0.0	4.827772617340088	0.0	3.7831902503967285	0.0	0.0	5.024564743041992	0.0	0.0
0.0	0.0	4.1954755783081055	0.0	0.0	3.7572662830352783	3.6749720573425293	0.0	5.033700942993164	0.0	0.0	3.436570405960083	0.0	0.0	4.457540035247803	0.0	0.0	0.0	0.0	0.0	5.198625087738037	4.5437140464782715	0.0	3.934445381164551	0.0	0.0	0.0	4.384368896484375	0.0	5.785769462585449	0.0	0.0	0.0	0.0	4.519909381866455	0.0	0.0	3.3425521850585938	0.0	0.0	0.0	0.0	0.0	0.0	0.0	4.484208106994629	0.0	3.9756085872650146	4.0307440757751465	3.7425262928009033	0.0	4.020072937011719	0.0	0.0	0.0	0.0	0.0	0.0	0.0	3.889089822769165	0.0	0.0	0.0	0.0	0.0	0.0	0.0	0.0	4.080268859863281	5.061243057250977	0.0	0.0	0.0	0.0	4.677661418914795	4.348650932312012	0.0	0.0	0.0	0.0	0.0	4.246583938598633	4.577398300170898	0.0	0.0	0.0	3.714716911315918	0.0	4.835911750793457	0.0	3.789870023727417	0.0	0.0	5.033239841461182	0.0	0.0
0.0	0.0	4.1925177574157715	0.0	0.0	3.7560184001922607	3.6720869541168213	0.0	5.030673980712891	0.0	0.0	3.434284210205078	0.0	0.0	4.455751419067383	0.0	0.0	0.0	0.0	0.0	5.195773601531982	4.540986061096191	0.0	3.9305005073547363	0.0	0.0	0.0	4.3814239501953125	0.0	5.7827911376953125	0.0	0.0	0.0	0.0	4.516916751861572	0.0	0.0	3.3400042057037354	0.0	0.0	0.0	0.0	0.0	0.0	0.0	4.481216907501221	0.0	3.972675085067749	4.028249263763428	3.740081787109375	0.0	4.015898704528809	0.0	0.0	0.0	0.0	0.0	0.0	0.0	3.8862791061401367	0.0	0.0	0.0	0.0	0.0	0.0	0.0	0.0	4.077818393707275	5.057397842407227	0.0	0.0	0.0	0.0	4.674508094787598	4.345315456390381	0.0	0.0	0.0	0.0	0.0	4.244968414306641	4.573869705200195	0.0	0.0	0.0	3.7120678424835205	0.0	4.834113597869873	0.0	3.787327766418457	0.0	0.0	5.031284809112549	0.0	0.0
0.0	0.0	4.195876121520996	0.0	0.0	3.759305238723755	3.6750011444091797	0.0	5.03530216217041	0.0	0.0	3.437051773071289	0.0	0.0	4.459631443023682	0.0	0.0	0.0	0.0	0.0	5.199960231781006	4.545133590698242	0.0	3.934866189956665	0.0	0.0	0.0	4.385114669799805	0.0	5.787568092346191	0.0	0.0	0.0	0.0	4.521110534667969	0.0	0.0	3.342792510986328	0.0	0.0	0.0	0.0	0.0	0.0	0.0	4.4849019050598145	0.0	3.976595878601074	4.030978202819824	3.7437314987182617	0.0	4.020308971405029	0.0	0.0	0.0	0.0	0.0	0.0	0.0	3.8895535469055176	0.0	0.0	0.0	0.0	0.0	0.0	0.0	0.0	4.081185817718506	5.062505722045898	0.0	0.0	0.0	0.0	4.678614616394043	4.348904609680176	0.0	0.0	0.0	0.0	0.0	4.247581481933594	4.576925754547119	0.0	0.0	0.0	3.7148828506469727	0.0	4.838591575622559	0.0	3.791473150253296	0.0	0.0	5.036062717437744	0.0	0.0
0.0	0.0	4.202986240386963	0.0	0.0	3.764075756072998	3.6815550327301025	0.0	5.04340934753418	0.0	0.0	3.4422857761383057	0.0	0.0	4.46742582321167	0.0	0.0	0.0	0.0	0.0	5.208058834075928	4.552241325378418	0.0	3.9405016899108887	0.0	0.0	0.0	4.393136024475098	0.0	5.797321796417236	0.0	0.0	0.0	0.0	4.528566837310791	0.0	0.0	3.3479602336883545	0.0	0.0	0.0	0.0	0.0	0.0	0.0	4.492207050323486	0.0	3.983428955078125	4.038039684295654	3.7494280338287354	0.0	4.027252674102783	0.0	0.0	0.0	0.0	0.0	0.0	0.0	3.8967673778533936	0.0	0.0	0.0	0.0	0.0	0.0	0.0	0.0	4.087389945983887	5.07106351852417	0.0	0.0	0.0	0.0	4.686100006103516	4.355557441711426	0.0	0.0	0.0	0.0	0.0	4.2537007331848145	4.5853424072265625	0.0	0.0	0.0	3.7213480472564697	0.0	4.845767974853516	0.0	3.7972867488861084	0.0	0.0	5.044064998626709	0.0	0.0
0.0	0.0	4.2017436027526855	0.0	0.0	3.763672113418579	3.681431531906128	0.0	5.042998790740967	0.0	0.0	3.4436440467834473	0.0	0.0	4.46709680557251	0.0	0.0	0.0	0.0	0.0	5.208842754364014	4.552457809448242	0.0	3.9416472911834717	0.0	0.0	0.0	4.390889644622803	0.0	5.797567367553711	0.0	0.0	0.0	0.0	4.527962684631348	0.0	0.0	3.348050594329834	0.0	0.0	0.0	0.0	0.0	0.0	0.0	4.491270065307617	0.0	3.982680082321167	4.036859512329102	3.7492096424102783	0.0	4.025210857391357	0.0	0.0	0.0	0.0	0.0	0.0	0.0	3.8969297409057617	0.0	0.0	0.0	0.0	0.0	0.0	0.0	0.0	4.087155342102051	5.071453094482422	0.0	0.0	0.0	0.0	4.686852931976318	4.354976177215576	0.0	0.0	0.0	0.0	0.0	4.254708766937256	4.585852146148682	0.0	0.0	0.0	3.721991777420044	0.0	4.845368385314941	0.0	3.7975847721099854	0.0	0.0	5.044529914855957	0.0	0.0
0.0	0.0	4.196722507476807	0.0	0.0	3.7589125633239746	3.6753156185150146	0.0	5.034886360168457	0.0	0.0	3.4371986389160156	0.0	0.0	4.4592719078063965	0.0	0.0	0.0	0.0	0.0	5.199867248535156	4.5441813468933105	0.0	3.9332079887390137	0.0	0.0	0.0	4.3857808113098145	0.0	5.787588596343994	0.0	0.0	0.0	0.0	4.520238876342773	0.0	0.0	3.3419947624206543	0.0	0.0	0.0	0.0	0.0	0.0	0.0	4.484750747680664	0.0	3.9774043560028076	4.030859470367432	3.744288682937622	0.0	4.019875526428223	0.0	0.0	0.0	0.0	0.0	0.0	0.0	3.890761375427246	0.0	0.0	0.0	0.0	0.0	0.0	0.0	0.0	4.081203937530518	5.062088489532471	0.0	0.0	0.0	0.0	4.678799629211426	4.348825931549072	0.0	0.0	0.0	0.0	0.0	4.2485833168029785	4.578042507171631	0.0	0.0	0.0	3.715909957885742	0.0	4.8382720947265625	0.0	3.7910091876983643	0.0	0.0	5.035486698150635	0.0	0.0
0.0	0.0	4.195126056671143	0.0	0.0	3.757359743118286	3.6744024753570557	0.0	5.033299446105957	0.0	0.0	3.4353432655334473	0.0	0.0	4.459568977355957	0.0	0.0	0.0	0.0	0.0	5.198490142822266	4.543081283569336	0.0	3.933793783187866	0.0	0.0	0.0	4.383632183074951	0.0	5.786558151245117	0.0	0.0	0.0	0.0	4.519244194030762	0.0	0.0	3.341707229614258	0.0	0.0	0.0	0.0	0.0	0.0	0.0	4.483777046203613	0.0	3.975342035293579	4.0298051834106445	3.741325616836548	0.0	4.018584251403809	0.0	0.0	0.0	0.0	0.0	0.0	0.0	3.8884661197662354	0.0	0.0	0.0	0.0	0.0	0.0	0.0	0.0	4.080968379974365	5.061085224151611	0.0	0.0	0.0	0.0	4.677536487579346	4.347139358520508	0.0	0.0	0.0	0.0	0.0	4.246785640716553	4.575850486755371	0.0	0.0	0.0	3.714897871017456	0.0	4.8368048667907715	0.0	3.7886569499969482	0.0	0.0	5.0343451499938965	0.0	0.0
0.0	0.0	4.18836784362793	0.0	0.0	3.751612901687622	3.668649435043335	0.0	5.025481224060059	0.0	0.0	3.4316647052764893	0.0	0.0	4.451470375061035	0.0	0.0	0.0	0.0	0.0	5.190704345703125	4.536819934844971	0.0	3.92781662940979	0.0	0.0	0.0	4.377307415008545	0.0	5.776708126068115	0.0	0.0	0.0	0.0	4.512382507324219	0.0	0.0	3.3367443084716797	0.0	0.0	0.0	0.0	0.0	0.0	0.0	4.476770401000977	0.0	3.969850540161133	4.023784160614014	3.7373058795928955	0.0	4.012241363525391	0.0	0.0	0.0	0.0	0.0	0.0	0.0	3.8837409019470215	0.0	0.0	0.0	0.0	0.0	0.0	0.0	0.0	4.074667930603027	5.053097724914551	0.0	0.0	0.0	0.0	4.669710159301758	4.340747356414795	0.0	0.0	0.0	0.0	0.0	4.2401838302612305	4.5700297355651855	0.0	0.0	0.0	3.7085578441619873	0.0	4.828972339630127	0.0	3.7856554985046387	0.0	0.0	5.026310443878174	0.0	0.0
0.0	0.0	4.155659198760986	0.0	0.0	3.7237942218780518	3.6420445442199707	0.0	4.9868621826171875	0.0	0.0	3.405555486679077	0.0	0.0	4.417247295379639	0.0	0.0	0.0	0.0	0.0	5.150018692016602	4.500950336456299	0.0	3.8969619274139404	0.0	0.0	0.0	4.343757152557373	0.0	5.730595588684082	0.0	0.0	0.0	0.0	4.477146148681641	0.0	0.0	3.312509298324585	0.0	0.0	0.0	0.0	0.0	0.0	0.0	4.442314147949219	0.0	3.9391613006591797	3.9935781955718994	3.70839262008667	0.0	3.9819135665893555	0.0	0.0	0.0	0.0	0.0	0.0	0.0	3.854980945587158	0.0	0.0	0.0	0.0	0.0	0.0	0.0	0.0	4.04284143447876	5.014084815979004	0.0	0.0	0.0	0.0	4.633423328399658	4.3084940910339355	0.0	0.0	0.0	0.0	0.0	4.2082085609436035	4.534758567810059	0.0	0.0	0.0	3.6797542572021484	0.0	4.791659832000732	0.0	3.755882978439331	0.0	0.0	4.987070560455322	0.0	0.0
0.0	0.0	4.187058448791504	0.0	0.0	3.7509429454803467	3.6679930686950684	0.0	5.023923397064209	0.0	0.0	3.430478096008301	0.0	0.0	4.450329780578613	0.0	0.0	0.0	0.0	0.0	5.1893534660339355	4.535104274749756	0.0	3.926128625869751	0.0	0.0	0.0	4.375945568084717	0.0	5.776252746582031	0.0	0.0	0.0	0.0	4.511479377746582	0.0	0.0	3.3360376358032227	0.0	0.0	0.0	0.0	0.0	0.0	0.0	4.475475311279297	0.0	3.9681034088134766	4.022527694702148	3.7369399070739746	0.0	4.012059211730957	0.0	0.0	0.0	0.0	0.0	0.0	0.0	3.882366418838501	0.0	0.0	0.0	0.0	0.0	0.0	0.0	0.0	4.073512554168701	5.051962852478027	0.0	0.0	0.0	0.0	4.669251918792725	4.339481353759766	0.0	0.0	0.0	0.0	0.0	4.239251613616943	4.569214344024658	0.0	0.0	0.0	3.707646608352661	0.0	4.827877044677734	0.0	3.7830445766448975	0.0	0.0	5.024953365325928	0.0	0.0
0.0	0.0	4.187411785125732	0.0	0.0	3.750664234161377	3.6689231395721436	0.0	5.023883819580078	0.0	0.0	3.430589437484741	0.0	0.0	4.450392723083496	0.0	0.0	0.0	0.0	0.0	5.1892924308776855	4.534862041473389	0.0	3.9261934757232666	0.0	0.0	0.0	4.375792026519775	0.0	5.7748942375183105	0.0	0.0	0.0	0.0	4.510522365570068	0.0	0.0	3.3367435932159424	0.0	0.0	0.0	0.0	0.0	0.0	0.0	4.4762163162231445	0.0	3.968790292739868	4.023231029510498	3.736912488937378	0.0	4.011917591094971	0.0	0.0	0.0	0.0	0.0	0.0	0.0	3.882451295852661	0.0	0.0	0.0	0.0	0.0	0.0	0.0	0.0	4.073212623596191	5.051422119140625	0.0	0.0	0.0	0.0	4.66839599609375	4.339606761932373	0.0	0.0	0.0	0.0	0.0	4.238908767700195	4.569162845611572	0.0	0.0	0.0	3.7077667713165283	0.0	4.827827453613281	0.0	3.78417706489563	0.0	0.0	5.0251922607421875	0.0	0.0
0.0	0.0	4.187306880950928	0.0	0.0	3.751800775527954	3.668250322341919	0.0	5.025252819061279	0.0	0.0	3.4318647384643555	0.0	0.0	4.45141077041626	0.0	0.0	0.0	0.0	0.0	5.190247058868408	4.5362982749938965	0.0	3.928142786026001	0.0	0.0	0.0	4.376655101776123	0.0	5.776166915893555	0.0	0.0	0.0	0.0	4.512352466583252	0.0	0.0	3.336543321609497	0.0	0.0	0.0	0.0	0.0	0.0	0.0	4.476799011230469	0.0	3.969446897506714	4.02307653427124	3.7369272708892822	0.0	4.011992931365967	0.0	0.0	0.0	0.0	0.0	0.0	0.0	3.883117437362671	0.0	0.0	0.0	0.0	0.0	0.0	0.0	0.0	4.074399948120117	5.053215026855469	0.0	0.0	0.0	0.0	4.669890880584717	4.340088844299316	0.0	0.0	0.0	0.0	0.0	4.2398600578308105	4.569695949554443	0.0	0.0	0.0	3.708562135696411	0.0	4.829092979431152	0.0	3.7845773696899414	0.0	0.0	5.026284217834473	0.0	0.0
0.0	0.0	4.195488929748535	0.0	0.0	3.7592225074768066	3.6746294498443604	0.0	5.035116672515869	0.0	0.0	3.4366822242736816	0.0	0.0	4.4596333503723145	0.0	0.0	0.0	0.0	0.0	5.200209140777588	4.5450921058654785	0.0	3.9338762760162354	0.0	0.0	0.0	4.38539457321167	0.0	5.787880897521973	0.0	0.0	0.0	0.0	4.519698619842529	0.0	0.0	3.3426880836486816	0.0	0.0	0.0	0.0	0.0	0.0	0.0	4.484618663787842	0.0	3.976172924041748	4.030271530151367	3.7427332401275635	0.0	4.020272731781006	0.0	0.0	0.0	0.0	0.0	0.0	0.0	3.8903048038482666	0.0	0.0	0.0	0.0	0.0	0.0	0.0	0.0	4.081696510314941	5.061859130859375	0.0	0.0	0.0	0.0	4.67833137512207	4.349259376525879	0.0	0.0	0.0	0.0	0.0	4.2471723556518555	4.577658176422119	0.0	0.0	0.0	3.7161834239959717	0.0	4.839031219482422	0.0	3.790879487991333	0.0	0.0	5.034346580505371	0.0	0.0
0.0	0.0	4.181145191192627	0.0	0.0	3.744536876678467	3.6620912551879883	0.0	5.015157222747803	0.0	0.0	3.425034523010254	0.0	0.0	4.4431657791137695	0.0	0.0	0.0	0.0	0.0	5.180657863616943	4.527378082275391	0.0	3.9204978942871094	0.0	0.0	0.0	4.368849754333496	0.0	5.766573905944824	0.0	0.0	0.0	0.0	4.503294944763184	0.0	0.0	3.33107328414917	0.0	0.0	0.0	0.0	0.0	0.0	0.0	4.467860698699951	0.0	3.9622788429260254	4.016547203063965	3.7304654121398926	0.0	4.004881381988525	0.0	0.0	0.0	0.0	0.0	0.0	0.0	3.876129150390625	0.0	0.0	0.0	0.0	0.0	0.0	0.0	0.0	4.066893100738525	5.042723655700684	0.0	0.0	0.0	0.0	4.661282062530518	4.332612991333008	0.0	0.0	0.0	0.0	0.0	4.231922626495361	4.561686992645264	0.0	0.0	0.0	3.7021467685699463	0.0	4.820642948150635	0.0	3.777791976928711	0.0	0.0	5.016895771026611	0.0	0.0
0.0	0.0	4.190950870513916	0.0	0.0	3.7538881301879883	3.670253276824951	0.0	5.028059005737305	0.0	0.0	3.4336698055267334	0.0	0.0	4.4541826248168945	0.0	0.0	0.0	0.0	0.0	5.19392728805542	4.538027763366699	0.0	3.9292550086975098	0.0	0.0	0.0	4.379314422607422	0.0	5.780238151550293	0.0	0.0	0.0	0.0	4.514638423919678	0.0	0.0	3.3390562534332275	0.0	0.0	0.0	0.0	0.0	0.0	0.0	4.479568004608154	0.0	3.9713170528411865	4.026064395904541	3.739241123199463	0.0	4.014167785644531	0.0	0.0	0.0	0.0	0.0	0.0	0.0	3.884955883026123	0.0	0.0	0.0	0.0	0.0	0.0	0.0	0.0	4.076731204986572	5.0555338859558105	0.0	0.0	0.0	0.0	4.671456336975098	4.342945575714111	0.0	0.0	0.0	0.0	0.0	4.242502689361572	4.571663856506348	0.0	0.0	0.0	3.7108147144317627	0.0	4.832228660583496	0.0	3.786297559738159	0.0	0.0	5.029528617858887	0.0	0.0
0.0	0.0	4.191054344177246	0.0	0.0	3.7542009353637695	3.6719250679016113	0.0	5.029177188873291	0.0	0.0	3.4344053268432617	0.0	0.0	4.45408821105957	0.0	0.0	0.0	0.0	0.0	5.194424152374268	4.540034294128418	0.0	3.9292218685150146	0.0	0.0	0.0	4.380685806274414	0.0	5.780942440032959	0.0	0.0	0.0	0.0	4.5150299072265625	0.0	0.0	3.338439464569092	0.0	0.0	0.0	0.0	0.0	0.0	0.0	4.479975700378418	0.0	3.9726288318634033	4.025942325592041	3.7396302223205566	0.0	4.015746593475342	0.0	0.0	0.0	0.0	0.0	0.0	0.0	3.8858253955841064	0.0	0.0	0.0	0.0	0.0	0.0	0.0	0.0	4.077458381652832	5.056306838989258	0.0	0.0	0.0	0.0	4.672304153442383	4.344027519226074	0.0	0.0	0.0	0.0	0.0	4.24287748336792	4.572797775268555	0.0	0.0	0.0	3.711029052734375	0.0	4.8331403732299805	0.0	3.787029981613159	0.0	0.0	5.030257225036621	0.0	0.0
0.0	0.0	4.155248641967773	0.0	0.0	3.723191261291504	3.6412582397460938	0.0	4.985327243804932	0.0	0.0	3.405935049057007	0.0	0.0	4.417143821716309	0.0	0.0	0.0	0.0	0.0	5.149918556213379	4.500833988189697	0.0	3.8964321613311768	0.0	0.0	0.0	4.342719554901123	0.0	5.730665683746338	0.0	0.0	0.0	0.0	4.477377414703369	0.0	0.0	3.3110363483428955	0.0	0.0	0.0	0.0	0.0	0.0	0.0	4.442376613616943	0.0	3.939236879348755	3.992826223373413	3.708906412124634	0.0	3.981872081756592	0.0	0.0	0.0	0.0	0.0	0.0	0.0	3.854595899581909	0.0	0.0	0.0	0.0	0.0	0.0	0.0	0.0	4.043173313140869	5.0123515129089355	0.0	0.0	0.0	0.0	4.633036136627197	4.30819845199585	0.0	0.0	0.0	0.0	0.0	4.207834243774414	4.535379886627197	0.0	0.0	0.0	3.6795551776885986	0.0	4.791769504547119	0.0	3.755128860473633	0.0	0.0	4.987438201904297	0.0	0.0
0.0	0.0	4.192737102508545	0.0	0.0	3.756941556930542	3.673515796661377	0.0	5.031832695007324	0.0	0.0	3.4352176189422607	0.0	0.0	4.457469463348389	0.0	0.0	0.0	0.0	0.0	5.196966648101807	4.541761875152588	0.0	3.9324593544006348	0.0	0.0	0.0	4.3827924728393555	0.0	5.783710479736328	0.0	0.0	0.0	0.0	4.517111301422119	0.0	0.0	3.341273307800293	0.0	0.0	0.0	0.0	0.0	0.0	0.0	4.482696533203125	0.0	3.974058151245117	4.02888298034668	3.7420575618743896	0.0	4.018258571624756	0.0	0.0	0.0	0.0	0.0	0.0	0.0	3.8879523277282715	0.0	0.0	0.0	0.0	0.0	0.0	0.0	0.0	4.078266143798828	5.059534549713135	0.0	0.0	0.0	0.0	4.676613807678223	4.345602989196777	0.0	0.0	0.0	0.0	0.0	4.2446980476379395	4.574713230133057	0.0	0.0	0.0	3.7131145000457764	0.0	4.835671901702881	0.0	3.7898192405700684	0.0	0.0	5.033276081085205	0.0	0.0
0.0	0.0	4.1781439781188965	0.0	0.0	3.742645502090454	3.6595571041107178	0.0	5.011607646942139	0.0	0.0	3.422480821609497	0.0	0.0	4.439809799194336	0.0	0.0	0.0	0.0	0.0	5.176529407501221	4.524160861968994	0.0	3.9170339107513428	0.0	0.0	0.0	4.366047382354736	0.0	5.761379718780518	0.0	0.0	0.0	0.0	4.501066207885742	0.0	0.0	3.329249858856201	0.0	0.0	0.0	0.0	0.0	0.0	0.0	4.465839862823486	0.0	3.959634304046631	4.013664245605469	3.7280073165893555	0.0	4.002723693847656	0.0	0.0	0.0	0.0	0.0	0.0	0.0	3.8729608058929443	0.0	0.0	0.0	0.0	0.0	0.0	0.0	0.0	4.063313961029053	5.039363861083984	0.0	0.0	0.0	0.0	4.656489849090576	4.330026626586914	0.0	0.0	0.0	0.0	0.0	4.229465484619141	4.559011459350586	0.0	0.0	0.0	3.6986618041992188	0.0	4.816597938537598	0.0	3.775184154510498	0.0	0.0	5.013195991516113	0.0	0.0
0.0	0.0	4.197440147399902	0.0	0.0	3.760078191757202	3.675992965698242	0.0	5.036715984344482	0.0	0.0	3.438476085662842	0.0	0.0	4.462550163269043	0.0	0.0	0.0	0.0	0.0	5.202282428741455	4.5464630126953125	0.0	3.9367358684539795	0.0	0.0	0.0	4.3868231773376465	0.0	5.791385650634766	0.0	0.0	0.0	0.0	4.522073745727539	0.0	0.0	3.3445348739624023	0.0	0.0	0.0	0.0	0.0	0.0	0.0	4.487114429473877	0.0	3.9780514240264893	4.033009052276611	3.745274543762207	0.0	4.0222039222717285	0.0	0.0	0.0	0.0	0.0	0.0	0.0	3.8922548294067383	0.0	0.0	0.0	0.0	0.0	0.0	0.0	0.0	4.083891868591309	5.064390659332275	0.0	0.0	0.0	0.0	4.680245399475098	4.349504470825195	0.0	0.0	0.0	0.0	0.0	4.249153137207031	4.581230163574219	0.0	0.0	0.0	3.717438220977783	0.0	4.841319561004639	0.0	3.793368339538574	0.0	0.0	5.038666725158691	0.0	0.0
0.0	0.0	4.172487735748291	0.0	0.0	3.737788200378418	3.654282331466675	0.0	5.0053911209106445	0.0	0.0	3.4168224334716797	0.0	0.0	4.432737350463867	0.0	0.0	0.0	0.0	0.0	5.169405937194824	4.517951965332031	0.0	3.9123141765594482	0.0	0.0	0.0	4.361314296722412	0.0	5.754047393798828	0.0	0.0	0.0	0.0	4.493649482727051	0.0	0.0	3.324312210083008	0.0	0.0	0.0	0.0	0.0	0.0	0.0	4.460549831390381	0.0	3.9536032676696777	4.008416652679443	3.721665143966675	0.0	3.997143030166626	0.0	0.0	0.0	0.0	0.0	0.0	0.0	3.867913246154785	0.0	0.0	0.0	0.0	0.0	0.0	0.0	0.0	4.059183120727539	5.033077716827393	0.0	0.0	0.0	0.0	4.650813102722168	4.324800491333008	0.0	0.0	0.0	0.0	0.0	4.223413944244385	4.552516460418701	0.0	0.0	0.0	3.6935365200042725	0.0	4.810522556304932	0.0	3.77024507522583	0.0	0.0	5.006093502044678	0.0	0.0
0.0	0.0	4.189720630645752	0.0	0.0	3.753249406814575	3.670076608657837	0.0	5.028385162353516	0.0	0.0	3.433279275894165	0.0	0.0	4.454116344451904	0.0	0.0	0.0	0.0	0.0	5.193141937255859	4.538805961608887	0.0	3.928960084915161	0.0	0.0	0.0	4.37925386428833	0.0	5.780447006225586	0.0	0.0	0.0	0.0	4.51521635055542	0.0	0.0	3.3385009765625	0.0	0.0	0.0	0.0	0.0	0.0	0.0	4.479538917541504	0.0	3.9714858531951904	4.026175498962402	3.73864483833313	0.0	4.015377998352051	0.0	0.0	0.0	0.0	0.0	0.0	0.0	3.886086940765381	0.0	0.0	0.0	0.0	0.0	0.0	0.0	0.0	4.07664155960083	5.055310249328613	0.0	0.0	0.0	0.0	4.6727190017700195	4.343083381652832	0.0	0.0	0.0	0.0	0.0	4.242379665374756	4.571628570556641	0.0	0.0	0.0	3.7098147869110107	0.0	4.83218240737915	0.0	3.7864694595336914	0.0	0.0	5.028989315032959	0.0	0.0
0.0	0.0	4.196050643920898	0.0	0.0	3.7586357593536377	3.674708366394043	0.0	5.035155773162842	0.0	0.0	3.4378814697265625	0.0	0.0	4.460626125335693	0.0	0.0	0.0	0.0	0.0	5.200537204742432	4.545301914215088	0.0	3.9349863529205322	0.0	0.0	0.0	4.385589122772217	0.0	5.788882255554199	0.0	0.0	0.0	0.0	4.5214433670043945	0.0	0.0	3.343294143676758	0.0	0.0	0.0	0.0	0.0	0.0	0.0	4.484893321990967	0.0	3.9777865409851074	4.031916618347168	3.7433948516845703	0.0	4.020377159118652	0.0	0.0	0.0	0.0	0.0	0.0	0.0	3.8902664184570312	0.0	0.0	0.0	0.0	0.0	0.0	0.0	0.0	4.082136154174805	5.062816143035889	0.0	0.0	0.0	0.0	4.679255962371826	4.3489532470703125	0.0	0.0	0.0	0.0	0.0	4.2485785484313965	4.578252792358398	0.0	0.0	0.0	3.715806007385254	0.0	4.838383674621582	0.0	3.7916691303253174	0.0	0.0	5.036502838134766	0.0	0.0
0.0	0.0	4.225085735321045	0.0	0.0	3.7819976806640625	3.6977133750915527	0.0	5.070634365081787	0.0	0.0	3.456301689147949	0.0	0.0	4.49002742767334	0.0	0.0	0.0	0.0	0.0	5.237757682800293	4.576617240905762	0.0	3.9621288776397705	0.0	0.0	0.0	4.417043209075928	0.0	5.830394268035889	0.0	0.0	0.0	0.0	4.5509185791015625	0.0	0.0	3.362414836883545	0.0	0.0	0.0	0.0	0.0	0.0	0.0	4.517157077789307	0.0	4.005640029907227	4.0584845542907715	3.7664577960968018	0.0	4.048299312591553	0.0	0.0	0.0	0.0	0.0	0.0	0.0	3.9153497219085693	0.0	0.0	0.0	0.0	0.0	0.0	0.0	0.0	4.110218524932861	5.098939895629883	0.0	0.0	0.0	0.0	4.712109565734863	4.378012180328369	0.0	0.0	0.0	0.0	0.0	4.278204917907715	4.607180118560791	0.0	0.0	0.0	3.740751028060913	0.0	4.872906684875488	0.0	3.816856622695923	0.0	0.0	5.071689605712891	0.0	0.0
0.0	0.0	4.194464206695557	0.0	0.0	3.7569217681884766	3.673525810241699	0.0	5.03209114074707	0.0	0.0	3.435563802719116	0.0	0.0	4.458922863006592	0.0	0.0	0.0	0.0	0.0	5.1988935470581055	4.5434417724609375	0.0	3.9330050945281982	0.0	0.0	0.0	4.383135795593262	0.0	5.785828113555908	0.0	0.0	0.0	0.0	4.5192365646362305	0.0	0.0	3.3418941497802734	0.0	0.0	0.0	0.0	0.0	0.0	0.0	4.482973098754883	0.0	3.9756016731262207	4.029873371124268	3.743133783340454	0.0	4.018407821655273	0.0	0.0	0.0	0.0	0.0	0.0	0.0	3.8885910511016846	0.0	0.0	0.0	0.0	0.0	0.0	0.0	0.0	4.080143451690674	5.0610761642456055	0.0	0.0	0.0	0.0	4.67655086517334	4.347033977508545	0.0	0.0	0.0	0.0	0.0	4.2467875480651855	4.577568531036377	0.0	0.0	0.0	3.7148525714874268	0.0	4.83683443069458	0.0	3.789984703063965	0.0	0.0	5.034955024719238	0.0	0.0
0.0	0.0	4.1932759284973145	0.0	0.0	3.7566113471984863	3.672966241836548	0.0	5.0311970710754395	0.0	0.0	3.4353952407836914	0.0	0.0	4.457021236419678	0.0	0.0	0.0	0.0	0.0	5.196758270263672	4.54183292388916	0.0	3.9323017597198486	0.0	0.0	0.0	4.3816447257995605	0.0	5.784058094024658	0.0	0.0	0.0	0.0	4.51751708984375	0.0	0.0	3.3418071269989014	0.0	0.0	0.0	0.0	0.0	0.0	0.0	4.482006072998047	0.0	3.974292516708374	4.029709815979004	3.741168260574341	0.0	4.017784595489502	0.0	0.0	0.0	0.0	0.0	0.0	0.0	3.8877546787261963	0.0	0.0	0.0	0.0	0.0	0.0	0.0	0.0	4.079519271850586	5.058819770812988	0.0	0.0	0.0	0.0	4.675989151000977	4.346056938171387	0.0	0.0	0.0	0.0	0.0	4.245296001434326	4.575503349304199	0.0	0.0	0.0	3.7133395671844482	0.0	4.8351664543151855	0.0	3.789179563522339	0.0	0.0	5.032124042510986	0.0	0.0
0.0	0.0	4.18363618850708	0.0	0.0	3.7482845783233643	3.665674924850464	0.0	5.020226001739502	0.0	0.0	3.428077220916748	0.0	0.0	4.446822643280029	0.0	0.0	0.0	0.0	0.0	5.185391426086426	4.53245210647583	0.0	3.9234163761138916	0.0	0.0	0.0	4.372996807098389	0.0	5.771737575531006	0.0	0.0	0.0	0.0	4.507200241088867	0.0	0.0	3.3331284523010254	0.0	0.0	0.0	0.0	0.0	0.0	0.0	4.472912788391113	0.0	3.965292453765869	4.019921779632568	3.7337794303894043	0.0	4.00810432434082	0.0	0.0	0.0	0.0	0.0	0.0	0.0	3.8791651725769043	0.0	0.0	0.0	0.0	0.0	0.0	0.0	0.0	4.071234226226807	5.047944068908691	0.0	0.0	0.0	0.0	4.664915561676025	4.337429523468018	0.0	0.0	0.0	0.0	0.0	4.236393928527832	4.565643310546875	0.0	0.0	0.0	3.7051150798797607	0.0	4.825456619262695	0.0	3.781214952468872	0.0	0.0	5.0223069190979	0.0	0.0
0.0	0.0	4.187337398529053	0.0	0.0	3.7522404193878174	3.6687350273132324	0.0	5.025470733642578	0.0	0.0	3.43125319480896	0.0	0.0	4.451637268066406	0.0	0.0	0.0	0.0	0.0	5.189986705780029	4.535891056060791	0.0	3.926417827606201	0.0	0.0	0.0	4.376265525817871	0.0	5.7772746086120605	0.0	0.0	0.0	0.0	4.511410236358643	0.0	0.0	3.3365964889526367	0.0	0.0	0.0	0.0	0.0	0.0	0.0	4.47606086730957	0.0	3.969383716583252	4.02366828918457	3.736851215362549	0.0	4.011160850524902	0.0	0.0	0.0	0.0	0.0	0.0	0.0	3.883040189743042	0.0	0.0	0.0	0.0	0.0	0.0	0.0	0.0	4.073619365692139	5.053049564361572	0.0	0.0	0.0	0.0	4.6691789627075195	4.3415021896362305	0.0	0.0	0.0	0.0	0.0	4.238734245300293	4.5687408447265625	0.0	0.0	0.0	3.708017110824585	0.0	4.829640865325928	0.0	3.7840888500213623	0.0	0.0	5.026006698608398	0.0	0.0
0.0	0.0	4.1657915115356445	0.0	0.0	3.731853485107422	3.64953875541687	0.0	4.996616840362549	0.0	0.0	3.4136393070220947	0.0	0.0	4.427680015563965	0.0	0.0	0.0	0.0	0.0	5.162388801574707	4.511317729949951	0.0	3.9061450958251953	0.0	0.0	0.0	4.353662014007568	0.0	5.7437238693237305	0.0	0.0	0.0	0.0	4.487286567687988	0.0	0.0	3.3192336559295654	0.0	0.0	0.0	0.0	0.0	0.0	0.0	4.452345371246338	0.0	3.947235584259033	4.002076625823975	3.717705249786377	0.0	3.9911036491394043	0.0	0.0	0.0	0.0	0.0	0.0	0.0	3.863114833831787	0.0	0.0	0.0	0.0	0.0	0.0	0.0	0.0	4.052004337310791	5.024050235748291	0.0	0.0	0.0	0.0	4.6439337730407715	4.317834854125977	0.0	0.0	0.0	0.0	0.0	4.217195987701416	4.545685768127441	0.0	0.0	0.0	3.6877095699310303	0.0	4.803092002868652	0.0	3.7639000415802	0.0	0.0	4.999817371368408	0.0	0.0
0.0	0.0	4.185847759246826	0.0	0.0	3.7505931854248047	3.667617082595825	0.0	5.02288818359375	0.0	0.0	3.429877758026123	0.0	0.0	4.449829578399658	0.0	0.0	0.0	0.0	0.0	5.188567161560059	4.535261154174805	0.0	3.925034761428833	0.0	0.0	0.0	4.374773025512695	0.0	5.774795055389404	0.0	0.0	0.0	0.0	4.51031494140625	0.0	0.0	3.336110830307007	0.0	0.0	0.0	0.0	0.0	0.0	0.0	4.475139141082764	0.0	3.96787691116333	4.023417949676514	3.7357661724090576	0.0	4.0109333992004395	0.0	0.0	0.0	0.0	0.0	0.0	0.0	3.8818814754486084	0.0	0.0	0.0	0.0	0.0	0.0	0.0	0.0	4.072650909423828	5.050526142120361	0.0	0.0	0.0	0.0	4.668426513671875	4.339440822601318	0.0	0.0	0.0	0.0	0.0	4.238222599029541	4.567734718322754	0.0	0.0	0.0	3.7068982124328613	0.0	4.826881408691406	0.0	3.7833597660064697	0.0	0.0	5.024454116821289	0.0	0.0
0.0	0.0	4.192591190338135	0.0	0.0	3.756272077560425	3.6735057830810547	0.0	5.031184196472168	0.0	0.0	3.43564772605896	0.0	0.0	4.457150936126709	0.0	0.0	0.0	0.0	0.0	5.196459770202637	4.541561126708984	0.0	3.9325079917907715	0.0	0.0	0.0	4.3820977210998535	0.0	5.784632682800293	0.0	0.0	0.0	0.0	4.517712116241455	0.0	0.0	3.3412930965423584	0.0	0.0	0.0	0.0	0.0	0.0	0.0	4.481368064880371	0.0	3.9743635654449463	4.029048442840576	3.741046905517578	0.0	4.01739501953125	0.0	0.0	0.0	0.0	0.0	0.0	0.0	3.887768030166626	0.0	0.0	0.0	0.0	0.0	0.0	0.0	0.0	4.0793046951293945	5.059072971343994	0.0	0.0	0.0	0.0	4.67492151260376	4.3465447425842285	0.0	0.0	0.0	0.0	0.0	4.245396137237549	4.575189113616943	0.0	0.0	0.0	3.7134623527526855	0.0	4.836795330047607	0.0	3.788844347000122	0.0	0.0	5.032127380371094	0.0	0.0
0.0	0.0	4.197178363800049	0.0	0.0	3.760796308517456	3.6766045093536377	0.0	5.036040306091309	0.0	0.0	3.438286066055298	0.0	0.0	4.461679935455322	0.0	0.0	0.0	0.0	0.0	5.202191352844238	4.546539783477783	0.0	3.9361703395843506	0.0	0.0	0.0	4.386731147766113	0.0	5.789118766784668	0.0	0.0	0.0	0.0	4.5222344398498535	0.0	0.0	3.3435440063476562	0.0	0.0	0.0	0.0	0.0	0.0	0.0	4.486608028411865	0.0	3.9775404930114746	4.032477378845215	3.7452633380889893	0.0	4.021581649780273	0.0	0.0	0.0	0.0	0.0	0.0	0.0	3.8917062282562256	0.0	0.0	0.0	0.0	0.0	0.0	0.0	0.0	4.082862854003906	5.063937664031982	0.0	0.0	0.0	0.0	4.680654525756836	4.3502197265625	0.0	0.0	0.0	0.0	0.0	4.249340057373047	4.579442024230957	0.0	0.0	0.0	3.7170751094818115	0.0	4.840550422668457	0.0	3.793522357940674	0.0	0.0	5.038518905639648	0.0	0.0
0.0	0.0	4.185088634490967	0.0	0.0	3.749317169189453	3.666363477706909	0.0	5.021046161651611	0.0	0.0	3.428856611251831	0.0	0.0	4.448056221008301	0.0	0.0	0.0	0.0	0.0	5.185513019561768	4.532881259918213	0.0	3.924288511276245	0.0	0.0	0.0	4.374288082122803	0.0	5.772156715393066	0.0	0.0	0.0	0.0	4.508251190185547	0.0	0.0	3.334388494491577	0.0	0.0	0.0	0.0	0.0	0.0	0.0	4.472096920013428	0.0	3.9666225910186768	4.020101070404053	3.7348618507385254	0.0	4.0088419914245605	0.0	0.0	0.0	0.0	0.0	0.0	0.0	3.8804187774658203	0.0	0.0	0.0	0.0	0.0	0.0	0.0	0.0	4.071234226226807	5.049612045288086	0.0	0.0	0.0	0.0	4.665563106536865	4.337799072265625	0.0	0.0	0.0	0.0	0.0	4.236674785614014	4.566362380981445	0.0	0.0	0.0	3.705362319946289	0.0	4.825192451477051	0.0	3.781568765640259	0.0	0.0	5.022497177124023	0.0	0.0
0.0	0.0	4.1925048828125	0.0	0.0	3.756629228591919	3.6717841625213623	0.0	5.031120777130127	0.0	0.0	3.434084177017212	0.0	0.0	4.456155776977539	0.0	0.0	0.0	0.0	0.0	5.196037292480469	4.5404462814331055	0.0	3.9313554763793945	0.0	0.0	0.0	4.381518363952637	0.0	5.783788681030273	0.0	0.0	0.0	0.0	4.517754077911377	0.0	0.0	3.3410913944244385	0.0	0.0	0.0	0.0	0.0	0.0	0.0	4.48145866394043	0.0	3.973832607269287	4.0275774002075195	3.7418460845947266	0.0	4.017623424530029	0.0	0.0	0.0	0.0	0.0	0.0	0.0	3.887181282043457	0.0	0.0	0.0	0.0	0.0	0.0	0.0	0.0	4.078213214874268	5.058117389678955	0.0	0.0	0.0	0.0	4.675683498382568	4.344944953918457	0.0	0.0	0.0	0.0	0.0	4.245124340057373	4.57444429397583	0.0	0.0	0.0	3.7128238677978516	0.0	4.834833145141602	0.0	3.7888762950897217	0.0	0.0	5.031069278717041	0.0	0.0
0.0	0.0	4.191001892089844	0.0	0.0	3.7550699710845947	3.672013759613037	0.0	5.028924942016602	0.0	0.0	3.432720184326172	0.0	0.0	4.454447269439697	0.0	0.0	0.0	0.0	0.0	5.194549560546875	4.539193630218506	0.0	3.930549144744873	0.0	0.0	0.0	4.380711078643799	0.0	5.780345916748047	0.0	0.0	0.0	0.0	4.515177249908447	0.0	0.0	3.338653564453125	0.0	0.0	0.0	0.0	0.0	0.0	0.0	4.479681015014648	0.0	3.972742795944214	4.027040481567383	3.738816499710083	0.0	4.01495361328125	0.0	0.0	0.0	0.0	0.0	0.0	0.0	3.8857603073120117	0.0	0.0	0.0	0.0	0.0	0.0	0.0	0.0	4.076452732086182	5.0561065673828125	0.0	0.0	0.0	0.0	4.672973155975342	4.344295024871826	0.0	0.0	0.0	0.0	0.0	4.243600845336914	4.572783946990967	0.0	0.0	0.0	3.712049722671509	0.0	4.8325653076171875	0.0	3.78635835647583	0.0	0.0	5.029067516326904	0.0	0.0
0.0	0.0	4.1903557777404785	0.0	0.0	3.7537529468536377	3.6705336570739746	0.0	5.027075290679932	0.0	0.0	3.433065414428711	0.0	0.0	4.4534735679626465	0.0	0.0	0.0	0.0	0.0	5.19267463684082	4.537762641906738	0.0	3.928729772567749	0.0	0.0	0.0	4.378954887390137	0.0	5.779499530792236	0.0	0.0	0.0	0.0	4.513636112213135	0.0	0.0	3.3386027812957764	0.0	0.0	0.0	0.0	0.0	0.0	0.0	4.47930383682251	0.0	3.970979690551758	4.024894714355469	3.739208698272705	0.0	4.0140700340271	0.0	0.0	0.0	0.0	0.0	0.0	0.0	3.8856089115142822	0.0	0.0	0.0	0.0	0.0	0.0	0.0	0.0	4.076237201690674	5.05519962310791	0.0	0.0	0.0	0.0	4.671122074127197	4.34274435043335	0.0	0.0	0.0	0.0	0.0	4.241775989532471	4.5713419914245605	0.0	0.0	0.0	3.7104556560516357	0.0	4.8321027755737305	0.0	3.7865068912506104	0.0	0.0	5.0290656089782715	0.0	0.0
0.0	0.0	4.195107460021973	0.0	0.0	3.758774757385254	3.675049304962158	0.0	5.035063743591309	0.0	0.0	3.438420534133911	0.0	0.0	4.46025276184082	0.0	0.0	0.0	0.0	0.0	5.200009346008301	4.544807434082031	0.0	3.9340901374816895	0.0	0.0	0.0	4.385523796081543	0.0	5.788507461547852	0.0	0.0	0.0	0.0	4.520349025726318	0.0	0.0	3.3420872688293457	0.0	0.0	0.0	0.0	0.0	0.0	0.0	4.485558032989502	0.0	3.9768190383911133	4.030162334442139	3.744525671005249	0.0	4.020399570465088	0.0	0.0	0.0	0.0	0.0	0.0	0.0	3.8911492824554443	0.0	0.0	0.0	0.0	0.0	0.0	0.0	0.0	4.081545352935791	5.062213897705078	0.0	0.0	0.0	0.0	4.678372383117676	4.3487935066223145	0.0	0.0	0.0	0.0	0.0	4.247555732727051	4.578013896942139	0.0	0.0	0.0	3.716306447982788	0.0	4.838533401489258	0.0	3.791689872741699	0.0	0.0	5.03562068939209	0.0	0.0
0.0	0.0	4.1932759284973145	0.0	0.0	3.7559585571289062	3.673748016357422	0.0	5.0310587882995605	0.0	0.0	3.4361929893493652	0.0	0.0	4.458123207092285	0.0	0.0	0.0	0.0	0.0	5.197386264801025	4.542767524719238	0.0	3.932297706604004	0.0	0.0	0.0	4.382676601409912	0.0	5.784789085388184	0.0	0.0	0.0	0.0	4.5188188552856445	0.0	0.0	3.3405158519744873	0.0	0.0	0.0	0.0	0.0	0.0	0.0	4.48278284072876	0.0	3.9748449325561523	4.028459548950195	3.7416183948516846	0.0	4.017455101013184	0.0	0.0	0.0	0.0	0.0	0.0	0.0	3.8879263401031494	0.0	0.0	0.0	0.0	0.0	0.0	0.0	0.0	4.080321311950684	5.058967113494873	0.0	0.0	0.0	0.0	4.676646709442139	4.347434043884277	0.0	0.0	0.0	0.0	0.0	4.245673656463623	4.5762553215026855	0.0	0.0	0.0	3.7135329246520996	0.0	4.836080074310303	0.0	3.7896673679351807	0.0	0.0	5.033767223358154	0.0	0.0
0.0	0.0	4.186024188995361	0.0	0.0	3.7511401176452637	3.667262554168701	0.0	5.022647857666016	0.0	0.0	3.4301116466522217	0.0	0.0	4.449827194213867	0.0	0.0	0.0	0.0	0.0	5.188057899475098	4.533929824829102	0.0	3.9254891872406006	0.0	0.0	0.0	4.3749775886535645	0.0	5.7743682861328125	0.0	0.0	0.0	0.0	4.510589122772217	0.0	0.0	3.33573317527771	0.0	0.0	0.0	0.0	0.0	0.0	0.0	4.474472522735596	0.0	3.9679157733917236	4.022614479064941	3.736203908920288	0.0	4.011059284210205	0.0	0.0	0.0	0.0	0.0	0.0	0.0	3.880735397338867	0.0	0.0	0.0	0.0	0.0	0.0	0.0	0.0	4.072747230529785	5.051229476928711	0.0	0.0	0.0	0.0	4.66744327545166	4.338717937469482	0.0	0.0	0.0	0.0	0.0	4.238398551940918	4.5681023597717285	0.0	0.0	0.0	3.707695722579956	0.0	4.827794075012207	0.0	3.7832202911376953	0.0	0.0	5.024837970733643	0.0	0.0
0.0	0.0	4.184148788452148	0.0	0.0	3.7486746311187744	3.665750503540039	0.0	5.021354675292969	0.0	0.0	3.428387403488159	0.0	0.0	4.446766376495361	0.0	0.0	0.0	0.0	0.0	5.1854424476623535	4.531442165374756	0.0	3.924145460128784	0.0	0.0	0.0	4.373093128204346	0.0	5.7721123695373535	0.0	0.0	0.0	0.0	4.508029937744141	0.0	0.0	3.3342411518096924	0.0	0.0	0.0	0.0	0.0	0.0	0.0	4.47299861907959	0.0	3.9663913249969482	4.0206379890441895	3.7340757846832275	0.0	4.009581565856934	0.0	0.0	0.0	0.0	0.0	0.0	0.0	3.880129337310791	0.0	0.0	0.0	0.0	0.0	0.0	0.0	0.0	4.070531368255615	5.048190593719482	0.0	0.0	0.0	0.0	4.665224075317383	4.336646556854248	0.0	0.0	0.0	0.0	0.0	4.236243724822998	4.56536340713501	0.0	0.0	0.0	3.7053747177124023	0.0	4.82506799697876	0.0	3.7817485332489014	0.0	0.0	5.022704124450684	0.0	0.0
0.0	0.0	4.197311878204346	0.0	0.0	3.759103298187256	3.6765522956848145	0.0	5.035813331604004	0.0	0.0	3.43860125541687	0.0	0.0	4.461488723754883	0.0	0.0	0.0	0.0	0.0	5.202227592468262	4.546685695648193	0.0	3.935635566711426	0.0	0.0	0.0	4.386651039123535	0.0	5.790158748626709	0.0	0.0	0.0	0.0	4.522058486938477	0.0	0.0	3.3448233604431152	0.0	0.0	0.0	0.0	0.0	0.0	0.0	4.485790252685547	0.0	3.977504014968872	4.033265113830566	3.745105266571045	0.0	4.021798133850098	0.0	0.0	0.0	0.0	0.0	0.0	0.0	3.8921566009521484	0.0	0.0	0.0	0.0	0.0	0.0	0.0	0.0	4.082184791564941	5.063604354858398	0.0	0.0	0.0	0.0	4.679440498352051	4.349817752838135	0.0	0.0	0.0	0.0	0.0	4.248610973358154	4.580122470855713	0.0	0.0	0.0	3.7178494930267334	0.0	4.839029788970947	0.0	3.792928457260132	0.0	0.0	5.036818027496338	0.0	0.0
0.0	0.0	4.1913652420043945	0.0	0.0	3.756027936935425	3.672536611557007	0.0	5.0303730964660645	0.0	0.0	3.4348580837249756	0.0	0.0	4.455129146575928	0.0	0.0	0.0	0.0	0.0	5.195431232452393	4.5409111976623535	0.0	3.9308159351348877	0.0	0.0	0.0	4.3804731369018555	0.0	5.781649589538574	0.0	0.0	0.0	0.0	4.516450881958008	0.0	0.0	3.339566469192505	0.0	0.0	0.0	0.0	0.0	0.0	0.0	4.480546474456787	0.0	3.972458600997925	4.027120113372803	3.7406179904937744	0.0	4.0163421630859375	0.0	0.0	0.0	0.0	0.0	0.0	0.0	3.887111186981201	0.0	0.0	0.0	0.0	0.0	0.0	0.0	0.0	4.078080654144287	5.0571208000183105	0.0	0.0	0.0	0.0	4.673962593078613	4.344140529632568	0.0	0.0	0.0	0.0	0.0	4.2429986000061035	4.573233604431152	0.0	0.0	0.0	3.7128701210021973	0.0	4.834181308746338	0.0	3.7876391410827637	0.0	0.0	5.0304274559021	0.0	0.0
0.0	0.0	4.195985794067383	0.0	0.0	3.7586662769317627	3.6748909950256348	0.0	5.034485816955566	0.0	0.0	3.4382104873657227	0.0	0.0	4.460425853729248	0.0	0.0	0.0	0.0	0.0	5.201019763946533	4.545801639556885	0.0	3.9347429275512695	0.0	0.0	0.0	4.3846540451049805	0.0	5.78800630569458	0.0	0.0	0.0	0.0	4.520689487457275	0.0	0.0	3.3420979976654053	0.0	0.0	0.0	0.0	0.0	0.0	0.0	4.485752582550049	0.0	3.976881504058838	4.030349254608154	3.745245933532715	0.0	4.020325660705566	0.0	0.0	0.0	0.0	0.0	0.0	0.0	3.8910765647888184	0.0	0.0	0.0	0.0	0.0	0.0	0.0	0.0	4.082085609436035	5.0626349449157715	0.0	0.0	0.0	0.0	4.678663730621338	4.349026679992676	0.0	0.0	0.0	0.0	0.0	4.247776985168457	4.57865047454834	0.0	0.0	0.0	3.7154154777526855	0.0	4.838681697845459	0.0	3.791191816329956	0.0	0.0	5.036483287811279	0.0	0.0
0.0	0.0	4.189214706420898	0.0	0.0	3.7529163360595703	3.669987201690674	0.0	5.026569366455078	0.0	0.0	3.4316296577453613	0.0	0.0	4.453276634216309	0.0	0.0	0.0	0.0	0.0	5.192586898803711	4.538630485534668	0.0	3.928217887878418	0.0	0.0	0.0	4.378719806671143	0.0	5.778895378112793	0.0	0.0	0.0	0.0	4.513716220855713	0.0	0.0	3.3371269702911377	0.0	0.0	0.0	0.0	0.0	0.0	0.0	4.477611541748047	0.0	3.970215320587158	4.025336742401123	3.738548994064331	0.0	4.0139031410217285	0.0	0.0	0.0	0.0	0.0	0.0	0.0	3.8848695755004883	0.0	0.0	0.0	0.0	0.0	0.0	0.0	0.0	4.076249599456787	5.054556846618652	0.0	0.0	0.0	0.0	4.671628475189209	4.342682361602783	0.0	0.0	0.0	0.0	0.0	4.242156028747559	4.571466445922852	0.0	0.0	0.0	3.71022367477417	0.0	4.830644130706787	0.0	3.7851741313934326	0.0	0.0	5.027655124664307	0.0	0.0
0.0	0.0	4.195112228393555	0.0	0.0	3.7584166526794434	3.674515724182129	0.0	5.034467697143555	0.0	0.0	3.436126947402954	0.0	0.0	4.459205150604248	0.0	0.0	0.0	0.0	0.0	5.199810981750488	4.544077396392822	0.0	3.934319257736206	0.0	0.0	0.0	4.3847975730896	0.0	5.787355899810791	0.0	0.0	0.0	0.0	4.519739627838135	0.0	0.0	3.342137336730957	0.0	0.0	0.0	0.0	0.0	0.0	0.0	4.484097957611084	0.0	3.9770963191986084	4.030226230621338	3.7438716888427734	0.0	4.0197062492370605	0.0	0.0	0.0	0.0	0.0	0.0	0.0	3.8899598121643066	0.0	0.0	0.0	0.0	0.0	0.0	0.0	0.0	4.080520153045654	5.061540126800537	0.0	0.0	0.0	0.0	4.677138328552246	4.34790563583374	0.0	0.0	0.0	0.0	0.0	4.247422218322754	4.577862739562988	0.0	0.0	0.0	3.7152795791625977	0.0	4.837921142578125	0.0	3.79056715965271	0.0	0.0	5.035430908203125	0.0	0.0
0.0	0.0	4.199533939361572	0.0	0.0	3.761261463165283	3.6771581172943115	0.0	5.039109230041504	0.0	0.0	3.43951153755188	0.0	0.0	4.462790012359619	0.0	0.0	0.0	0.0	0.0	5.205076694488525	4.548669338226318	0.0	3.9374327659606934	0.0	0.0	0.0	4.388601779937744	0.0	5.793395042419434	0.0	0.0	0.0	0.0	4.523111343383789	0.0	0.0	3.3448829650878906	0.0	0.0	0.0	0.0	0.0	0.0	0.0	4.487728595733643	0.0	3.980536460876465	4.0341291427612305	3.746100902557373	0.0	4.0234222412109375	0.0	0.0	0.0	0.0	0.0	0.0	0.0	3.8937971591949463	0.0	0.0	0.0	0.0	0.0	0.0	0.0	0.0	4.0837721824646	5.067400932312012	0.0	0.0	0.0	0.0	4.683361530303955	4.352878570556641	0.0	0.0	0.0	0.0	0.0	4.251317501068115	4.581711769104004	0.0	0.0	0.0	3.719648838043213	0.0	4.841431617736816	0.0	3.7939493656158447	0.0	0.0	5.040328502655029	0.0	0.0
0.0	0.0	4.19428014755249	0.0	0.0	3.7572669982910156	3.673902988433838	0.0	5.03214168548584	0.0	0.0	3.4363718032836914	0.0	0.0	4.458337783813477	0.0	0.0	0.0	0.0	0.0	5.198833465576172	4.543083667755127	0.0	3.9326796531677246	0.0	0.0	0.0	4.383023262023926	0.0	5.785584926605225	0.0	0.0	0.0	0.0	4.518194198608398	0.0	0.0	3.3406684398651123	0.0	0.0	0.0	0.0	0.0	0.0	0.0	4.481901168823242	0.0	3.9747352600097656	4.029852390289307	3.7431764602661133	0.0	4.019065856933594	0.0	0.0	0.0	0.0	0.0	0.0	0.0	3.889202117919922	0.0	0.0	0.0	0.0	0.0	0.0	0.0	0.0	4.080052375793457	5.05910587310791	0.0	0.0	0.0	0.0	4.676773548126221	4.346914291381836	0.0	0.0	0.0	0.0	0.0	4.2465500831604	4.576427936553955	0.0	0.0	0.0	3.7140755653381348	0.0	4.836429595947266	0.0	3.7892792224884033	0.0	0.0	5.033843040466309	0.0	0.0
0.0	0.0	4.182681560516357	0.0	0.0	3.747488021850586	3.6642558574676514	0.0	5.0190958976745605	0.0	0.0	3.4267923831939697	0.0	0.0	4.445757865905762	0.0	0.0	0.0	0.0	0.0	5.184054374694824	4.530657768249512	0.0	3.9220170974731445	0.0	0.0	0.0	4.3719964027404785	0.0	5.769411563873291	0.0	0.0	0.0	0.0	4.506937026977539	0.0	0.0	3.332756280899048	0.0	0.0	0.0	0.0	0.0	0.0	0.0	4.471097946166992	0.0	3.964162588119507	4.018611907958984	3.732741355895996	0.0	4.007636547088623	0.0	0.0	0.0	0.0	0.0	0.0	0.0	3.8785200119018555	0.0	0.0	0.0	0.0	0.0	0.0	0.0	0.0	4.069498538970947	5.045899868011475	0.0	0.0	0.0	0.0	4.6643805503845215	4.335049152374268	0.0	0.0	0.0	0.0	0.0	4.234278678894043	4.564390182495117	0.0	0.0	0.0	3.704167127609253	0.0	4.823429107666016	0.0	3.7796790599823	0.0	0.0	5.020506381988525	0.0	0.0
0.0	0.0	4.186418056488037	0.0	0.0	3.7497928142547607	3.666933298110962	0.0	5.022480487823486	0.0	0.0	3.429197072982788	0.0	0.0	4.449525356292725	0.0	0.0	0.0	0.0	0.0	5.188158988952637	4.53361701965332	0.0	3.9259088039398193	0.0	0.0	0.0	4.374466896057129	0.0	5.774207592010498	0.0	0.0	0.0	0.0	4.5098748207092285	0.0	0.0	3.336397171020508	0.0	0.0	0.0	0.0	0.0	0.0	0.0	4.4749555587768555	0.0	3.968146324157715	4.021365642547607	3.7348504066467285	0.0	4.0106377601623535	0.0	0.0	0.0	0.0	0.0	0.0	0.0	3.8817358016967773	0.0	0.0	0.0	0.0	0.0	0.0	0.0	0.0	4.072109222412109	5.050507545471191	0.0	0.0	0.0	0.0	4.667788982391357	4.33884334564209	0.0	0.0	0.0	0.0	0.0	4.237980842590332	4.567640781402588	0.0	0.0	0.0	3.70707106590271	0.0	4.82729959487915	0.0	3.782740354537964	0.0	0.0	5.023766040802002	0.0	0.0
0.0	0.0	4.192350387573242	0.0	0.0	3.756622076034546	3.671678304672241	0.0	5.030580997467041	0.0	0.0	3.4343764781951904	0.0	0.0	4.456130504608154	0.0	0.0	0.0	0.0	0.0	5.196685314178467	4.540392875671387	0.0	3.93123722076416	0.0	0.0	0.0	4.381631374359131	0.0	5.782899856567383	0.0	0.0	0.0	0.0	4.516940116882324	0.0	0.0	3.340421438217163	0.0	0.0	0.0	0.0	0.0	0.0	0.0	4.4814276695251465	0.0	3.9743752479553223	4.028240203857422	3.7410225868225098	0.0	4.017222881317139	0.0	0.0	0.0	0.0	0.0	0.0	0.0	3.8883721828460693	0.0	0.0	0.0	0.0	0.0	0.0	0.0	0.0	4.077879428863525	5.058162689208984	0.0	0.0	0.0	0.0	4.675549507141113	4.345720291137695	0.0	0.0	0.0	0.0	0.0	4.244447231292725	4.574075698852539	0.0	0.0	0.0	3.7135539054870605	0.0	4.834440231323242	0.0	3.7883822917938232	0.0	0.0	5.03230094909668	0.0	0.0
0.0	0.0	4.178065776824951	0.0	0.0	3.742591142654419	3.660665512084961	0.0	5.012811183929443	0.0	0.0	3.4243927001953125	0.0	0.0	4.440469741821289	0.0	0.0	0.0	0.0	0.0	5.177788257598877	4.5241851806640625	0.0	3.9173285961151123	0.0	0.0	0.0	4.365540981292725	0.0	5.762108325958252	0.0	0.0	0.0	0.0	4.500732421875	0.0	0.0	3.3299264907836914	0.0	0.0	0.0	0.0	0.0	0.0	0.0	4.466063022613525	0.0	3.959500312805176	4.014257431030273	3.7285196781158447	0.0	4.0027971267700195	0.0	0.0	0.0	0.0	0.0	0.0	0.0	3.874882459640503	0.0	0.0	0.0	0.0	0.0	0.0	0.0	0.0	4.064329147338867	5.04005241394043	0.0	0.0	0.0	0.0	4.6582536697387695	4.330419540405273	0.0	0.0	0.0	0.0	0.0	4.229648590087891	4.558648586273193	0.0	0.0	0.0	3.6990392208099365	0.0	4.817729473114014	0.0	3.7755329608917236	0.0	0.0	5.0140204429626465	0.0	0.0
0.0	0.0	4.183658123016357	0.0	0.0	3.7476251125335693	3.6654083728790283	0.0	5.019735813140869	0.0	0.0	3.4271323680877686	0.0	0.0	4.445493221282959	0.0	0.0	0.0	0.0	0.0	5.184842109680176	4.530936241149902	0.0	3.9228551387786865	0.0	0.0	0.0	4.372740268707275	0.0	5.769808769226074	0.0	0.0	0.0	0.0	4.506623268127441	0.0	0.0	3.3330647945404053	0.0	0.0	0.0	0.0	0.0	0.0	0.0	4.472012042999268	0.0	3.9650352001190186	4.019115447998047	3.7330095767974854	0.0	4.008415699005127	0.0	0.0	0.0	0.0	0.0	0.0	0.0	3.8786134719848633	0.0	0.0	0.0	0.0	0.0	0.0	0.0	0.0	4.069677829742432	5.0469794273376465	0.0	0.0	0.0	0.0	4.664146423339844	4.336309909820557	0.0	0.0	0.0	0.0	0.0	4.235009670257568	4.56552267074585	0.0	0.0	0.0	3.7047605514526367	0.0	4.824140548706055	0.0	3.7803351879119873	0.0	0.0	5.021219730377197	0.0	0.0
0.0	0.0	4.1882734298706055	0.0	0.0	3.751086950302124	3.668802261352539	0.0	5.025168418884277	0.0	0.0	3.4321627616882324	0.0	0.0	4.451373100280762	0.0	0.0	0.0	0.0	0.0	5.1914567947387695	4.536839008331299	0.0	3.927424669265747	0.0	0.0	0.0	4.376192092895508	0.0	5.777071475982666	0.0	0.0	0.0	0.0	4.512381553649902	0.0	0.0	3.3381245136260986	0.0	0.0	0.0	0.0	0.0	0.0	0.0	4.4765400886535645	0.0	3.9684367179870605	4.023283958435059	3.7376630306243896	0.0	4.012876987457275	0.0	0.0	0.0	0.0	0.0	0.0	0.0	3.8838131427764893	0.0	0.0	0.0	0.0	0.0	0.0	0.0	0.0	4.074575901031494	5.0536394119262695	0.0	0.0	0.0	0.0	4.669352054595947	4.340879440307617	0.0	0.0	0.0	0.0	0.0	4.23975944519043	4.570031642913818	0.0	0.0	0.0	3.7091991901397705	0.0	4.82950496673584	0.0	3.784518241882324	0.0	0.0	5.026398658752441	0.0	0.0
0.0	0.0	4.206141471862793	0.0	0.0	3.7689836025238037	3.684333324432373	0.0	5.048208713531494	0.0	0.0	3.4460337162017822	0.0	0.0	4.473219394683838	0.0	0.0	0.0	0.0	0.0	5.213794231414795	4.557584762573242	0.0	3.9456558227539062	0.0	0.0	0.0	4.395079135894775	0.0	5.802652835845947	0.0	0.0	0.0	0.0	4.532830238342285	0.0	0.0	3.350931167602539	0.0	0.0	0.0	0.0	0.0	0.0	0.0	4.494922161102295	0.0	3.9864723682403564	4.0412492752075195	3.754117727279663	0.0	4.030654430389404	0.0	0.0	0.0	0.0	0.0	0.0	0.0	3.9006056785583496	0.0	0.0	0.0	0.0	0.0	0.0	0.0	0.0	4.091386318206787	5.07642936706543	0.0	0.0	0.0	0.0	4.692046642303467	4.360074520111084	0.0	0.0	0.0	0.0	0.0	4.258129596710205	4.589447498321533	0.0	0.0	0.0	3.726203680038452	0.0	4.851284027099609	0.0	3.800126552581787	0.0	0.0	5.0483174324035645	0.0	0.0
0.0	0.0	4.195134162902832	0.0	0.0	3.7586913108825684	3.6748766899108887	0.0	5.034236907958984	0.0	0.0	3.436938762664795	0.0	0.0	4.460597038269043	0.0	0.0	0.0	0.0	0.0	5.201300144195557	4.54429817199707	0.0	3.93501353263855	0.0	0.0	0.0	4.385141372680664	0.0	5.78794002532959	0.0	0.0	0.0	0.0	4.520425796508789	0.0	0.0	3.342371940612793	0.0	0.0	0.0	0.0	0.0	0.0	0.0	4.484033584594727	0.0	3.975515127182007	4.0306525230407715	3.7443246841430664	0.0	4.019493103027344	0.0	0.0	0.0	0.0	0.0	0.0	0.0	3.8906004428863525	0.0	0.0	0.0	0.0	0.0	0.0	0.0	0.0	4.081514835357666	5.06179141998291	0.0	0.0	0.0	0.0	4.678834915161133	4.348167419433594	0.0	0.0	0.0	0.0	0.0	4.247487545013428	4.577455997467041	0.0	0.0	0.0	3.7159714698791504	0.0	4.838431358337402	0.0	3.7908241748809814	0.0	0.0	5.036374568939209	0.0	0.0
0.0	0.0	4.188401222229004	0.0	0.0	3.751816749572754	3.667534589767456	0.0	5.025875568389893	0.0	0.0	3.431042432785034	0.0	0.0	4.4523162841796875	0.0	0.0	0.0	0.0	0.0	5.192051410675049	4.536584377288818	0.0	3.9274981021881104	0.0	0.0	0.0	4.37748384475708	0.0	5.77813720703125	0.0	0.0	0.0	0.0	4.512592315673828	0.0	0.0	3.336824893951416	0.0	0.0	0.0	0.0	0.0	0.0	0.0	4.476669788360596	0.0	3.9700253009796143	4.024377346038818	3.737946033477783	0.0	4.012872219085693	0.0	0.0	0.0	0.0	0.0	0.0	0.0	3.883817195892334	0.0	0.0	0.0	0.0	0.0	0.0	0.0	0.0	4.075323581695557	5.0535454750061035	0.0	0.0	0.0	0.0	4.669919013977051	4.341625690460205	0.0	0.0	0.0	0.0	0.0	4.240962505340576	4.571846961975098	0.0	0.0	0.0	3.7085280418395996	0.0	4.83038330078125	0.0	3.7851722240448	0.0	0.0	5.026511192321777	0.0	0.0
0.0	0.0	4.203217029571533	0.0	0.0	3.7620303630828857	3.679006814956665	0.0	5.042289733886719	0.0	0.0	3.4369778633117676	0.0	0.0	4.4622979164123535	0.0	0.0	0.0	0.0	0.0	5.206865310668945	4.549856662750244	0.0	3.9407734870910645	0.0	0.0	0.0	4.392449855804443	0.0	5.796500205993652	0.0	0.0	0.0	0.0	4.52433967590332	0.0	0.0	3.3434081077575684	0.0	0.0	0.0	0.0	0.0	0.0	0.0	4.493834018707275	0.0	3.9821228981018066	4.035667419433594	3.744889736175537	0.0	4.024849891662598	0.0	0.0	0.0	0.0	0.0	0.0	0.0	3.895517349243164	0.0	0.0	0.0	0.0	0.0	0.0	0.0	0.0	4.088801860809326	5.069488525390625	0.0	0.0	0.0	0.0	4.685920715332031	4.354209899902344	0.0	0.0	0.0	0.0	0.0	4.254319667816162	4.583337306976318	0.0	0.0	0.0	3.72031569480896	0.0	4.8451247215271	0.0	3.7972426414489746	0.0	0.0	5.042898654937744	0.0	0.0
0.0	0.0	4.225753307342529	0.0	0.0	3.7859246730804443	3.7004940509796143	0.0	5.071767330169678	0.0	0.0	3.4602630138397217	0.0	0.0	4.491934776306152	0.0	0.0	0.0	0.0	0.0	5.238487720489502	4.577523231506348	0.0	3.9632744789123535	0.0	0.0	0.0	4.415259838104248	0.0	5.830565929412842	0.0	0.0	0.0	0.0	4.554238319396973	0.0	0.0	3.363957405090332	0.0	0.0	0.0	0.0	0.0	0.0	0.0	4.517706394195557	0.0	4.003005027770996	4.058819770812988	3.7695705890655518	0.0	4.048698902130127	0.0	0.0	0.0	0.0	0.0	0.0	0.0	3.917437791824341	0.0	0.0	0.0	0.0	0.0	0.0	0.0	0.0	4.110683917999268	5.099458694458008	0.0	0.0	0.0	0.0	4.713131427764893	4.377730369567871	0.0	0.0	0.0	0.0	0.0	4.277283191680908	4.610158920288086	0.0	0.0	0.0	3.743063449859619	0.0	4.873555660247803	0.0	3.817443370819092	0.0	0.0	5.071340560913086	0.0	0.0
0.0	0.0	4.175168991088867	0.0	0.0	3.7400715351104736	3.657489538192749	0.0	5.009356498718262	0.0	0.0	3.4210727214813232	0.0	0.0	4.438544750213623	0.0	0.0	0.0	0.0	0.0	5.174877643585205	4.522278785705566	0.0	3.9158239364624023	0.0	0.0	0.0	4.364234447479248	0.0	5.75890588760376	0.0	0.0	0.0	0.0	4.498898983001709	0.0	0.0	3.3274030685424805	0.0	0.0	0.0	0.0	0.0	0.0	0.0	4.462254524230957	0.0	3.9567856788635254	4.011484146118164	3.7270970344543457	0.0	4.0011115074157715	0.0	0.0	0.0	0.0	0.0	0.0	0.0	3.872328519821167	0.0	0.0	0.0	0.0	0.0	0.0	0.0	0.0	4.061625957489014	5.0376787185668945	0.0	0.0	0.0	0.0	4.655513763427734	4.327707290649414	0.0	0.0	0.0	0.0	0.0	4.227245807647705	4.55627965927124	0.0	0.0	0.0	3.696885585784912	0.0	4.8144025802612305	0.0	3.7733259201049805	0.0	0.0	5.011506080627441	0.0	0.0
0.0	0.0	4.201076984405518	0.0	0.0	3.765385866165161	3.6810834407806396	0.0	5.042738437652588	0.0	0.0	3.4427638053894043	0.0	0.0	4.466413497924805	0.0	0.0	0.0	0.0	0.0	5.208448886871338	4.55175256729126	0.0	3.9398043155670166	0.0	0.0	0.0	4.390383243560791	0.0	5.795647621154785	0.0	0.0	0.0	0.0	4.5271453857421875	0.0	0.0	3.3479256629943848	0.0	0.0	0.0	0.0	0.0	0.0	0.0	4.490821361541748	0.0	3.982058525085449	4.036080360412598	3.7490060329437256	0.0	4.026192665100098	0.0	0.0	0.0	0.0	0.0	0.0	0.0	3.8947975635528564	0.0	0.0	0.0	0.0	0.0	0.0	0.0	0.0	4.088016986846924	5.0696892738342285	0.0	0.0	0.0	0.0	4.685923099517822	4.354773998260498	0.0	0.0	0.0	0.0	0.0	4.253450393676758	4.58469820022583	0.0	0.0	0.0	3.721259593963623	0.0	4.844761848449707	0.0	3.796430826187134	0.0	0.0	5.041787624359131	0.0	0.0
0.0	0.0	4.186935901641846	0.0	0.0	3.7509267330169678	3.6685574054718018	0.0	5.023746967315674	0.0	0.0	3.429816484451294	0.0	0.0	4.4503254890441895	0.0	0.0	0.0	0.0	0.0	5.189517498016357	4.535636901855469	0.0	3.9275002479553223	0.0	0.0	0.0	4.376696586608887	0.0	5.775760650634766	0.0	0.0	0.0	0.0	4.511184215545654	0.0	0.0	3.336583375930786	0.0	0.0	0.0	0.0	0.0	0.0	0.0	4.476130962371826	0.0	3.9687726497650146	4.023388862609863	3.7363035678863525	0.0	4.012068748474121	0.0	0.0	0.0	0.0	0.0	0.0	0.0	3.88252592086792	0.0	0.0	0.0	0.0	0.0	0.0	0.0	0.0	4.073896408081055	5.05251407623291	0.0	0.0	0.0	0.0	4.669774532318115	4.33951473236084	0.0	0.0	0.0	0.0	0.0	4.239658832550049	4.568460464477539	0.0	0.0	0.0	3.7085230350494385	0.0	4.828404426574707	0.0	3.7846999168395996	0.0	0.0	5.025832653045654	0.0	0.0
0.0	0.0	4.192100524902344	0.0	0.0	3.755106210708618	3.6717758178710938	0.0	5.030494213104248	0.0	0.0	3.4347243309020996	0.0	0.0	4.456722736358643	0.0	0.0	0.0	0.0	0.0	5.1954522132873535	4.540437698364258	0.0	3.9308135509490967	0.0	0.0	0.0	4.381340026855469	0.0	5.783350467681885	0.0	0.0	0.0	0.0	4.516124248504639	0.0	0.0	3.340151309967041	0.0	0.0	0.0	0.0	0.0	0.0	0.0	4.480200290679932	0.0	3.9732673168182373	4.027416229248047	3.740669012069702	0.0	4.015933990478516	0.0	0.0	0.0	0.0	0.0	0.0	0.0	3.886867046356201	0.0	0.0	0.0	0.0	0.0	0.0	0.0	0.0	4.0780205726623535	5.0572710037231445	0.0	0.0	0.0	0.0	4.674262523651123	4.344602108001709	0.0	0.0	0.0	0.0	0.0	4.243517875671387	4.573757648468018	0.0	0.0	0.0	3.7124555110931396	0.0	4.834770202636719	0.0	3.7878293991088867	0.0	0.0	5.030924320220947	0.0	0.0
0.0	0.0	4.179935455322266	0.0	0.0	3.7448558807373047	3.663031578063965	0.0	5.0151448249816895	0.0	0.0	3.42502760887146	0.0	0.0	4.442579746246338	0.0	0.0	0.0	0.0	0.0	5.179955005645752	4.527800559997559	0.0	3.919853925704956	0.0	0.0	0.0	4.369019508361816	0.0	5.765838623046875	0.0	0.0	0.0	0.0	4.503063678741455	0.0	0.0	3.331097364425659	0.0	0.0	0.0	0.0	0.0	0.0	0.0	4.468301773071289	0.0	3.9618802070617676	4.015930652618408	3.7295632362365723	0.0	4.005250930786133	0.0	0.0	0.0	0.0	0.0	0.0	0.0	3.875627040863037	0.0	0.0	0.0	0.0	0.0	0.0	0.0	0.0	4.066415309906006	5.043036937713623	0.0	0.0	0.0	0.0	4.6617350578308105	4.3321428298950195	0.0	0.0	0.0	0.0	0.0	4.231362342834473	4.560299873352051	0.0	0.0	0.0	3.7017557621002197	0.0	4.820626258850098	0.0	3.7774200439453125	0.0	0.0	5.017217636108398	0.0	0.0
0.0	0.0	4.186330318450928	0.0	0.0	3.7503716945648193	3.666393995285034	0.0	5.02340841293335	0.0	0.0	3.4296391010284424	0.0	0.0	4.45063591003418	0.0	0.0	0.0	0.0	0.0	5.18858003616333	4.53446626663208	0.0	3.9254629611968994	0.0	0.0	0.0	4.375223159790039	0.0	5.773721218109131	0.0	0.0	0.0	0.0	4.510197639465332	0.0	0.0	3.3343706130981445	0.0	0.0	0.0	0.0	0.0	0.0	0.0	4.474296569824219	0.0	3.9675495624542236	4.021664142608643	3.7355785369873047	0.0	4.010953426361084	0.0	0.0	0.0	0.0	0.0	0.0	0.0	3.881848096847534	0.0	0.0	0.0	0.0	0.0	0.0	0.0	0.0	4.072655200958252	5.049788475036621	0.0	0.0	0.0	0.0	4.667702674865723	4.338665008544922	0.0	0.0	0.0	0.0	0.0	4.238969326019287	4.567350387573242	0.0	0.0	0.0	3.707516670227051	0.0	4.827570915222168	0.0	3.782514810562134	0.0	0.0	5.024572372436523	0.0	0.0
0.0	0.0	4.1894330978393555	0.0	0.0	3.7510249614715576	3.66766619682312	0.0	5.025059223175049	0.0	0.0	3.428591251373291	0.0	0.0	4.449674606323242	0.0	0.0	0.0	0.0	0.0	5.189722061157227	4.5359368324279785	0.0	3.928410053253174	0.0	0.0	0.0	4.379518985748291	0.0	5.7772908210754395	0.0	0.0	0.0	0.0	4.510485649108887	0.0	0.0	3.3340694904327393	0.0	0.0	0.0	0.0	0.0	0.0	0.0	4.478829860687256	0.0	3.969121217727661	4.022783279418945	3.7349965572357178	0.0	4.012650012969971	0.0	0.0	0.0	0.0	0.0	0.0	0.0	3.882080554962158	0.0	0.0	0.0	0.0	0.0	0.0	0.0	0.0	4.074656009674072	5.052901268005371	0.0	0.0	0.0	0.0	4.67013692855835	4.341437339782715	0.0	0.0	0.0	0.0	0.0	4.239437580108643	4.56930685043335	0.0	0.0	0.0	3.708700180053711	0.0	4.829816818237305	0.0	3.785532236099243	0.0	0.0	5.025729656219482	0.0	0.0
0.0	0.0	4.183860778808594	0.0	0.0	3.749016761779785	3.6660008430480957	0.0	5.021576404571533	0.0	0.0	3.429107904434204	0.0	0.0	4.447896957397461	0.0	0.0	0.0	0.0	0.0	5.187005043029785	4.532814025878906	0.0	3.9241414070129395	0.0	0.0	0.0	4.373924255371094	0.0	5.771986484527588	0.0	0.0	0.0	0.0	4.50920295715332	0.0	0.0	3.333813190460205	0.0	0.0	0.0	0.0	0.0	0.0	0.0	4.4729204177856445	0.0	3.965925455093384	4.020972728729248	3.7348780632019043	0.0	4.009872913360596	0.0	0.0	0.0	0.0	0.0	0.0	0.0	3.8798744678497314	0.0	0.0	0.0	0.0	0.0	0.0	0.0	0.0	4.070391654968262	5.048733234405518	0.0	0.0	0.0	0.0	4.666451930999756	4.337556838989258	0.0	0.0	0.0	0.0	0.0	4.236453533172607	4.565979957580566	0.0	0.0	0.0	3.7057528495788574	0.0	4.825516223907471	0.0	3.782147169113159	0.0	0.0	5.022610187530518	0.0	0.0
0.0	0.0	4.180785655975342	0.0	0.0	3.745298147201538	3.6623470783233643	0.0	5.015993118286133	0.0	0.0	3.4253768920898438	0.0	0.0	4.443894386291504	0.0	0.0	0.0	0.0	0.0	5.1813063621521	4.528249740600586	0.0	3.9198052883148193	0.0	0.0	0.0	4.3691086769104	0.0	5.766651153564453	0.0	0.0	0.0	0.0	4.5036540031433105	0.0	0.0	3.3312108516693115	0.0	0.0	0.0	0.0	0.0	0.0	0.0	4.468455791473389	0.0	3.9620985984802246	4.0164361000061035	3.731281042098999	0.0	4.006312847137451	0.0	0.0	0.0	0.0	0.0	0.0	0.0	3.8763768672943115	0.0	0.0	0.0	0.0	0.0	0.0	0.0	0.0	4.066959857940674	5.0436859130859375	0.0	0.0	0.0	0.0	4.660731315612793	4.333521366119385	0.0	0.0	0.0	0.0	0.0	4.232436180114746	4.561863422393799	0.0	0.0	0.0	3.7018542289733887	0.0	4.820413112640381	0.0	3.7779581546783447	0.0	0.0	5.018064022064209	0.0	0.0
0.0	0.0	4.20013427734375	0.0	0.0	3.763242244720459	3.6794919967651367	0.0	5.041292190551758	0.0	0.0	3.441338300704956	0.0	0.0	4.465731143951416	0.0	0.0	0.0	0.0	0.0	5.206779479980469	4.550577640533447	0.0	3.939884662628174	0.0	0.0	0.0	4.3897199630737305	0.0	5.794951915740967	0.0	0.0	0.0	0.0	4.526014804840088	0.0	0.0	3.34694504737854	0.0	0.0	0.0	0.0	0.0	0.0	0.0	4.490436553955078	0.0	3.981694221496582	4.035487651824951	3.7482519149780273	0.0	4.025148868560791	0.0	0.0	0.0	0.0	0.0	0.0	0.0	3.893479108810425	0.0	0.0	0.0	0.0	0.0	0.0	0.0	0.0	4.0861945152282715	5.068195343017578	0.0	0.0	0.0	0.0	4.683038711547852	4.353127479553223	0.0	0.0	0.0	0.0	0.0	4.252264499664307	4.583130836486816	0.0	0.0	0.0	3.7212724685668945	0.0	4.843974590301514	0.0	3.7951252460479736	0.0	0.0	5.042307376861572	0.0	0.0
0.0	0.0	4.214271545410156	0.0	0.0	3.7737255096435547	3.690032482147217	0.0	5.056460857391357	0.0	0.0	3.447770357131958	0.0	0.0	4.478245258331299	0.0	0.0	0.0	0.0	0.0	5.2219672203063965	4.5645365715026855	0.0	3.9524762630462646	0.0	0.0	0.0	4.405630588531494	0.0	5.815639495849609	0.0	0.0	0.0	0.0	4.5386247634887695	0.0	0.0	3.352789878845215	0.0	0.0	0.0	0.0	0.0	0.0	0.0	4.505496025085449	0.0	3.9951324462890625	4.048150062561035	3.755904197692871	0.0	4.035486221313477	0.0	0.0	0.0	0.0	0.0	0.0	0.0	3.9040122032165527	0.0	0.0	0.0	0.0	0.0	0.0	0.0	0.0	4.100179672241211	5.084550857543945	0.0	0.0	0.0	0.0	4.701454162597656	4.366604804992676	0.0	0.0	0.0	0.0	0.0	4.266041278839111	4.595030784606934	0.0	0.0	0.0	3.731492042541504	0.0	4.859628677368164	0.0	3.8068020343780518	0.0	0.0	5.057876110076904	0.0	0.0
0.0	0.0	4.201548099517822	0.0	0.0	3.764906883239746	3.6806650161743164	0.0	5.042860984802246	0.0	0.0	3.4412460327148438	0.0	0.0	4.46622896194458	0.0	0.0	0.0	0.0	0.0	5.208151340484619	4.55155086517334	0.0	3.9400455951690674	0.0	0.0	0.0	4.391180515289307	0.0	5.795724868774414	0.0	0.0	0.0	0.0	4.527008533477783	0.0	0.0	3.348097085952759	0.0	0.0	0.0	0.0	0.0	0.0	0.0	4.490641117095947	0.0	3.9824726581573486	4.036451816558838	3.749127149581909	0.0	4.0263237953186035	0.0	0.0	0.0	0.0	0.0	0.0	0.0	3.8960750102996826	0.0	0.0	0.0	0.0	0.0	0.0	0.0	0.0	4.087303638458252	5.0694403648376465	0.0	0.0	0.0	0.0	4.6851725578308105	4.3549299240112305	0.0	0.0	0.0	0.0	0.0	4.253994941711426	4.585018634796143	0.0	0.0	0.0	3.7217772006988525	0.0	4.844599723815918	0.0	3.7957875728607178	0.0	0.0	5.042525768280029	0.0	0.0
0.0	0.0	4.219820499420166	0.0	0.0	3.7768452167510986	3.692699670791626	0.0	5.063451766967773	0.0	0.0	3.4528634548187256	0.0	0.0	4.482485771179199	0.0	0.0	0.0	0.0	0.0	5.228067398071289	4.568724155426025	0.0	3.955354690551758	0.0	0.0	0.0	4.409302234649658	0.0	5.82042121887207	0.0	0.0	0.0	0.0	4.544342041015625	0.0	0.0	3.3573896884918213	0.0	0.0	0.0	0.0	0.0	0.0	0.0	4.510532379150391	0.0	3.996866464614868	4.051273822784424	3.7615067958831787	0.0	4.041867733001709	0.0	0.0	0.0	0.0	0.0	0.0	0.0	3.9096784591674805	0.0	0.0	0.0	0.0	0.0	0.0	0.0	0.0	4.10427188873291	5.090489864349365	0.0	0.0	0.0	0.0	4.706344127655029	4.370779991149902	0.0	0.0	0.0	0.0	0.0	4.270334243774414	4.601615905761719	0.0	0.0	0.0	3.7354960441589355	0.0	4.865891933441162	0.0	3.810880422592163	0.0	0.0	5.062926292419434	0.0	0.0
0.0	0.0	4.1872100830078125	0.0	0.0	3.7509424686431885	3.6685991287231445	0.0	5.023287773132324	0.0	0.0	3.4308369159698486	0.0	0.0	4.4508957862854	0.0	0.0	0.0	0.0	0.0	5.188580513000488	4.534657001495361	0.0	3.9272849559783936	0.0	0.0	0.0	4.376867294311523	0.0	5.7758355140686035	0.0	0.0	0.0	0.0	4.51093864440918	0.0	0.0	3.3366947174072266	0.0	0.0	0.0	0.0	0.0	0.0	0.0	4.475142478942871	0.0	3.967907428741455	4.023392200469971	3.736987352371216	0.0	4.012585639953613	0.0	0.0	0.0	0.0	0.0	0.0	0.0	3.8820033073425293	0.0	0.0	0.0	0.0	0.0	0.0	0.0	0.0	4.073159217834473	5.052185535430908	0.0	0.0	0.0	0.0	4.668558120727539	4.339030742645264	0.0	0.0	0.0	0.0	0.0	4.239424228668213	4.569464683532715	0.0	0.0	0.0	3.7072839736938477	0.0	4.827696800231934	0.0	3.7849459648132324	0.0	0.0	5.025519371032715	0.0	0.0
0.0	0.0	4.207510948181152	0.0	0.0	3.769000768661499	3.6875979900360107	0.0	5.049978256225586	0.0	0.0	3.447897434234619	0.0	0.0	4.472965717315674	0.0	0.0	0.0	0.0	0.0	5.214956283569336	4.558819770812988	0.0	3.94690203666687	0.0	0.0	0.0	4.396725654602051	0.0	5.804452419281006	0.0	0.0	0.0	0.0	4.53404426574707	0.0	0.0	3.3534796237945557	0.0	0.0	0.0	0.0	0.0	0.0	0.0	4.4973249435424805	0.0	3.987076759338379	4.041775226593018	3.7540647983551025	0.0	4.031488418579102	0.0	0.0	0.0	0.0	0.0	0.0	0.0	3.9007911682128906	0.0	0.0	0.0	0.0	0.0	0.0	0.0	0.0	4.093292236328125	5.076394557952881	0.0	0.0	0.0	0.0	4.691914081573486	4.3619279861450195	0.0	0.0	0.0	0.0	0.0	4.258527755737305	4.5909576416015625	0.0	0.0	0.0	3.7265870571136475	0.0	4.852688312530518	0.0	3.802589178085327	0.0	0.0	5.0485968589782715	0.0	0.0
0.0	0.0	4.193508625030518	0.0	0.0	3.7566821575164795	3.673238754272461	0.0	5.031605243682861	0.0	0.0	3.435288190841675	0.0	0.0	4.457629680633545	0.0	0.0	0.0	0.0	0.0	5.197129249572754	4.54256534576416	0.0	3.931936740875244	0.0	0.0	0.0	4.381399631500244	0.0	5.783687114715576	0.0	0.0	0.0	0.0	4.517776966094971	0.0	0.0	3.340339422225952	0.0	0.0	0.0	0.0	0.0	0.0	0.0	4.482178211212158	0.0	3.9745380878448486	4.028730392456055	3.7421975135803223	0.0	4.017853260040283	0.0	0.0	0.0	0.0	0.0	0.0	0.0	3.888227701187134	0.0	0.0	0.0	0.0	0.0	0.0	0.0	0.0	4.079584121704102	5.059746265411377	0.0	0.0	0.0	0.0	4.6753082275390625	4.345776081085205	0.0	0.0	0.0	0.0	0.0	4.244599342346191	4.574779510498047	0.0	0.0	0.0	3.7139930725097656	0.0	4.835686683654785	0.0	3.788722276687622	0.0	0.0	5.032779693603516	0.0	0.0
0.0	0.0	4.1855854988098145	0.0	0.0	3.7491908073425293	3.665436267852783	0.0	5.021276473999023	0.0	0.0	3.4288010597229004	0.0	0.0	4.44875431060791	0.0	0.0	0.0	0.0	0.0	5.186202049255371	4.532068729400635	0.0	3.9241297245025635	0.0	0.0	0.0	4.373366832733154	0.0	5.771577835083008	0.0	0.0	0.0	0.0	4.508625030517578	0.0	0.0	3.333635091781616	0.0	0.0	0.0	0.0	0.0	0.0	0.0	4.472071647644043	0.0	3.9667153358459473	4.020102500915527	3.7346110343933105	0.0	4.009851455688477	0.0	0.0	0.0	0.0	0.0	0.0	0.0	3.8812918663024902	0.0	0.0	0.0	0.0	0.0	0.0	0.0	0.0	4.070466995239258	5.049031734466553	0.0	0.0	0.0	0.0	4.665570259094238	4.337093830108643	0.0	0.0	0.0	0.0	0.0	4.235881805419922	4.56588888168335	0.0	0.0	0.0	3.7064554691314697	0.0	4.826023101806641	0.0	3.7815377712249756	0.0	0.0	5.022545337677002	0.0	0.0
0.0	0.0	4.1886444091796875	0.0	0.0	3.7524185180664062	3.6692614555358887	0.0	5.0252251625061035	0.0	0.0	3.431062698364258	0.0	0.0	4.4514851570129395	0.0	0.0	0.0	0.0	0.0	5.190443992614746	4.535865306854248	0.0	3.9262759685516357	0.0	0.0	0.0	4.376697063446045	0.0	5.776628017425537	0.0	0.0	0.0	0.0	4.512093544006348	0.0	0.0	3.33740234375	0.0	0.0	0.0	0.0	0.0	0.0	0.0	4.476227283477783	0.0	3.968907117843628	4.023923397064209	3.737640857696533	0.0	4.013085842132568	0.0	0.0	0.0	0.0	0.0	0.0	0.0	3.8834779262542725	0.0	0.0	0.0	0.0	0.0	0.0	0.0	0.0	4.074497699737549	5.052522659301758	0.0	0.0	0.0	0.0	4.669483184814453	4.341114521026611	0.0	0.0	0.0	0.0	0.0	4.23935604095459	4.570294380187988	0.0	0.0	0.0	3.7086923122406006	0.0	4.829469203948975	0.0	3.7847886085510254	0.0	0.0	5.026498794555664	0.0	0.0
0.0	0.0	4.192592620849609	0.0	0.0	3.7547829151153564	3.6730144023895264	0.0	5.030372619628906	0.0	0.0	3.433979034423828	0.0	0.0	4.455070495605469	0.0	0.0	0.0	0.0	0.0	5.195706367492676	4.541365146636963	0.0	3.931478261947632	0.0	0.0	0.0	4.381386756896973	0.0	5.782951354980469	0.0	0.0	0.0	0.0	4.516296863555908	0.0	0.0	3.3398098945617676	0.0	0.0	0.0	0.0	0.0	0.0	0.0	4.481285572052002	0.0	3.972925901412964	4.027836799621582	3.741265296936035	0.0	4.015628337860107	0.0	0.0	0.0	0.0	0.0	0.0	0.0	3.8868191242218018	0.0	0.0	0.0	0.0	0.0	0.0	0.0	0.0	4.0786662101745605	5.057965278625488	0.0	0.0	0.0	0.0	4.674129009246826	4.344668388366699	0.0	0.0	0.0	0.0	0.0	4.24376106262207	4.574078559875488	0.0	0.0	0.0	3.7126753330230713	0.0	4.834545612335205	0.0	3.7880260944366455	0.0	0.0	5.032304763793945	0.0	0.0
0.0	0.0	4.181205749511719	0.0	0.0	3.74515438079834	3.661964178085327	0.0	5.015804290771484	0.0	0.0	3.424525499343872	0.0	0.0	4.442504405975342	0.0	0.0	0.0	0.0	0.0	5.181124687194824	4.528111934661865	0.0	3.9203884601593018	0.0	0.0	0.0	4.369713306427002	0.0	5.766073226928711	0.0	0.0	0.0	0.0	4.503818988800049	0.0	0.0	3.3305115699768066	0.0	0.0	0.0	0.0	0.0	0.0	0.0	4.468843460083008	0.0	3.961909532546997	4.01606559753418	3.7306067943573	0.0	4.005838394165039	0.0	0.0	0.0	0.0	0.0	0.0	0.0	3.876319408416748	0.0	0.0	0.0	0.0	0.0	0.0	0.0	0.0	4.067015647888184	5.043260097503662	0.0	0.0	0.0	0.0	4.660597324371338	4.333094120025635	0.0	0.0	0.0	0.0	0.0	4.232282638549805	4.561545372009277	0.0	0.0	0.0	3.7022831439971924	0.0	4.820974349975586	0.0	3.778238534927368	0.0	0.0	5.016791820526123	0.0	0.0
0.0	0.0	4.194921016693115	0.0	0.0	3.758305549621582	3.6743130683898926	0.0	5.034144878387451	0.0	0.0	3.4360671043395996	0.0	0.0	4.4603657722473145	0.0	0.0	0.0	0.0	0.0	5.199831008911133	4.5442376136779785	0.0	3.9340920448303223	0.0	0.0	0.0	4.384453773498535	0.0	5.787588119506836	0.0	0.0	0.0	0.0	4.5203351974487305	0.0	0.0	3.3424856662750244	0.0	0.0	0.0	0.0	0.0	0.0	0.0	4.4831342697143555	0.0	3.976442337036133	4.030440330505371	3.7435197830200195	0.0	4.019258975982666	0.0	0.0	0.0	0.0	0.0	0.0	0.0	3.8893814086914062	0.0	0.0	0.0	0.0	0.0	0.0	0.0	0.0	4.0812554359436035	5.062244892120361	0.0	0.0	0.0	0.0	4.677921295166016	4.347235679626465	0.0	0.0	0.0	0.0	0.0	4.247811794281006	4.577217102050781	0.0	0.0	0.0	3.715751886367798	0.0	4.837747097015381	0.0	3.790365219116211	0.0	0.0	5.034834861755371	0.0	0.0
0.0	0.0	4.205223560333252	0.0	0.0	3.7669427394866943	3.6837615966796875	0.0	5.048012733459473	0.0	0.0	3.444612741470337	0.0	0.0	4.470824241638184	0.0	0.0	0.0	0.0	0.0	5.213931560516357	4.555285453796387	0.0	3.9439473152160645	0.0	0.0	0.0	4.3960418701171875	0.0	5.801629066467285	0.0	0.0	0.0	0.0	4.530786037445068	0.0	0.0	3.3501927852630615	0.0	0.0	0.0	0.0	0.0	0.0	0.0	4.495640277862549	0.0	3.9855995178222656	4.040215492248535	3.751598358154297	0.0	4.029820919036865	0.0	0.0	0.0	0.0	0.0	0.0	0.0	3.8993020057678223	0.0	0.0	0.0	0.0	0.0	0.0	0.0	0.0	4.091315746307373	5.074679374694824	0.0	0.0	0.0	0.0	4.69032621383667	4.357310771942139	0.0	0.0	0.0	0.0	0.0	4.257609844207764	4.58790922164917	0.0	0.0	0.0	3.724837303161621	0.0	4.849273681640625	0.0	3.799591302871704	0.0	0.0	5.047116279602051	0.0	0.0
0.0	0.0	4.2144975662231445	0.0	0.0	3.7763783931732178	3.6920928955078125	0.0	5.058346271514893	0.0	0.0	3.4530537128448486	0.0	0.0	4.481531143188477	0.0	0.0	0.0	0.0	0.0	5.2246317863464355	4.565301418304443	0.0	3.9524271488189697	0.0	0.0	0.0	4.4029364585876465	0.0	5.815546035766602	0.0	0.0	0.0	0.0	4.541653633117676	0.0	0.0	3.358008623123169	0.0	0.0	0.0	0.0	0.0	0.0	0.0	4.505823612213135	0.0	3.994184970855713	4.049371242523193	3.762132406234741	0.0	4.037424564361572	0.0	0.0	0.0	0.0	0.0	0.0	0.0	3.907597780227661	0.0	0.0	0.0	0.0	0.0	0.0	0.0	0.0	4.101244926452637	5.085439205169678	0.0	0.0	0.0	0.0	4.699336528778076	4.367949485778809	0.0	0.0	0.0	0.0	0.0	4.265640735626221	4.599707126617432	0.0	0.0	0.0	3.733476400375366	0.0	4.8620524406433105	0.0	3.8082168102264404	0.0	0.0	5.0578460693359375	0.0	0.0
0.0	0.0	4.185755252838135	0.0	0.0	3.749786138534546	3.667252779006958	0.0	5.02277946472168	0.0	0.0	3.429880380630493	0.0	0.0	4.449333190917969	0.0	0.0	0.0	0.0	0.0	5.187987804412842	4.533845901489258	0.0	3.9252007007598877	0.0	0.0	0.0	4.375446796417236	0.0	5.7737321853637695	0.0	0.0	0.0	0.0	4.509918689727783	0.0	0.0	3.3362419605255127	0.0	0.0	0.0	0.0	0.0	0.0	0.0	4.473362445831299	0.0	3.966416835784912	4.02205228805542	3.735522508621216	0.0	4.011030197143555	0.0	0.0	0.0	0.0	0.0	0.0	0.0	3.8807802200317383	0.0	0.0	0.0	0.0	0.0	0.0	0.0	0.0	4.072502613067627	5.050017833709717	0.0	0.0	0.0	0.0	4.667679786682129	4.338312149047852	0.0	0.0	0.0	0.0	0.0	4.237402439117432	4.567407131195068	0.0	0.0	0.0	3.7066171169281006	0.0	4.8266377449035645	0.0	3.7827529907226562	0.0	0.0	5.024534702301025	0.0	0.0
0.0	0.0	4.189403533935547	0.0	0.0	3.752417802810669	3.669823408126831	0.0	5.02701997756958	0.0	0.0	3.4318480491638184	0.0	0.0	4.452906608581543	0.0	0.0	0.0	0.0	0.0	5.192282199859619	4.537337779998779	0.0	3.929185390472412	0.0	0.0	0.0	4.377950191497803	0.0	5.777662754058838	0.0	0.0	0.0	0.0	4.512980937957764	0.0	0.0	3.3378539085388184	0.0	0.0	0.0	0.0	0.0	0.0	0.0	4.477901935577393	0.0	3.969963788986206	4.024919509887695	3.7393980026245117	0.0	4.013473987579346	0.0	0.0	0.0	0.0	0.0	0.0	0.0	3.8850085735321045	0.0	0.0	0.0	0.0	0.0	0.0	0.0	0.0	4.075255870819092	5.054073333740234	0.0	0.0	0.0	0.0	4.670499801635742	4.341835975646973	0.0	0.0	0.0	0.0	0.0	4.240878582000732	4.571230411529541	0.0	0.0	0.0	3.709977149963379	0.0	4.830153465270996	0.0	3.785684108734131	0.0	0.0	5.028497219085693	0.0	0.0
0.0	0.0	4.19996976852417	0.0	0.0	3.7618160247802734	3.6780526638031006	0.0	5.038553714752197	0.0	0.0	3.440641403198242	0.0	0.0	4.464211463928223	0.0	0.0	0.0	0.0	0.0	5.205240726470947	4.549178600311279	0.0	3.937268018722534	0.0	0.0	0.0	4.388640880584717	0.0	5.7928290367126465	0.0	0.0	0.0	0.0	4.523922920227051	0.0	0.0	3.346083879470825	0.0	0.0	0.0	0.0	0.0	0.0	0.0	4.488864421844482	0.0	3.9802660942077637	4.033850193023682	3.7478573322296143	0.0	4.023738861083984	0.0	0.0	0.0	0.0	0.0	0.0	0.0	3.8942201137542725	0.0	0.0	0.0	0.0	0.0	0.0	0.0	0.0	4.084517002105713	5.0669846534729	0.0	0.0	0.0	0.0	4.6819539070129395	4.352198123931885	0.0	0.0	0.0	0.0	0.0	4.251199722290039	4.582258224487305	0.0	0.0	0.0	3.7191355228424072	0.0	4.842432498931885	0.0	3.7944912910461426	0.0	0.0	5.040113925933838	0.0	0.0
0.0	0.0	4.167656421661377	0.0	0.0	3.7323548793792725	3.6512985229492188	0.0	5.000092029571533	0.0	0.0	3.412996768951416	0.0	0.0	4.427350997924805	0.0	0.0	0.0	0.0	0.0	5.164237976074219	4.513438701629639	0.0	3.9081978797912598	0.0	0.0	0.0	4.356280326843262	0.0	5.746829509735107	0.0	0.0	0.0	0.0	4.488893032073975	0.0	0.0	3.3204734325408936	0.0	0.0	0.0	0.0	0.0	0.0	0.0	4.45587682723999	0.0	3.9496569633483887	4.004634857177734	3.7182681560516357	0.0	3.992934465408325	0.0	0.0	0.0	0.0	0.0	0.0	0.0	3.8640761375427246	0.0	0.0	0.0	0.0	0.0	0.0	0.0	0.0	4.053869724273682	5.027254104614258	0.0	0.0	0.0	0.0	4.646624565124512	4.3193583488464355	0.0	0.0	0.0	0.0	0.0	4.2197160720825195	4.547332763671875	0.0	0.0	0.0	3.6895341873168945	0.0	4.805431842803955	0.0	3.766814947128296	0.0	0.0	5.000894069671631	0.0	0.0
0.0	0.0	4.206450462341309	0.0	0.0	3.7659003734588623	3.682577610015869	0.0	5.046069622039795	0.0	0.0	3.4429006576538086	0.0	0.0	4.468594551086426	0.0	0.0	0.0	0.0	0.0	5.213456630706787	4.555507659912109	0.0	3.9447500705718994	0.0	0.0	0.0	4.397130489349365	0.0	5.803355693817139	0.0	0.0	0.0	0.0	4.529541015625	0.0	0.0	3.347447395324707	0.0	0.0	0.0	0.0	0.0	0.0	0.0	4.498249530792236	0.0	3.9870150089263916	4.040263652801514	3.7509970664978027	0.0	4.028139591217041	0.0	0.0	0.0	0.0	0.0	0.0	0.0	3.8978047370910645	0.0	0.0	0.0	0.0	0.0	0.0	0.0	0.0	4.092012882232666	5.074112892150879	0.0	0.0	0.0	0.0	4.689892292022705	4.35927677154541	0.0	0.0	0.0	0.0	0.0	4.258459091186523	4.589043140411377	0.0	0.0	0.0	3.7246992588043213	0.0	4.850110054016113	0.0	3.800481081008911	0.0	0.0	5.048604965209961	0.0	0.0
0.0	0.0	4.185174465179443	0.0	0.0	3.7496836185455322	3.6667113304138184	0.0	5.022055149078369	0.0	0.0	3.4295613765716553	0.0	0.0	4.448310852050781	0.0	0.0	0.0	0.0	0.0	5.187524318695068	4.533731460571289	0.0	3.9244136810302734	0.0	0.0	0.0	4.373925685882568	0.0	5.77329683303833	0.0	0.0	0.0	0.0	4.508815288543701	0.0	0.0	3.334108591079712	0.0	0.0	0.0	0.0	0.0	0.0	0.0	4.474288463592529	0.0	3.966893196105957	4.021578311920166	3.735618829727173	0.0	4.009885311126709	0.0	0.0	0.0	0.0	0.0	0.0	0.0	3.8807711601257324	0.0	0.0	0.0	0.0	0.0	0.0	0.0	0.0	4.07169246673584	5.049839019775391	0.0	0.0	0.0	0.0	4.667105197906494	4.338472843170166	0.0	0.0	0.0	0.0	0.0	4.237075328826904	4.56779146194458	0.0	0.0	0.0	3.705960750579834	0.0	4.826715469360352	0.0	3.7826690673828125	0.0	0.0	5.023813247680664	0.0	0.0
0.0	0.0	4.185849666595459	0.0	0.0	3.749669313430786	3.667130708694458	0.0	5.022470474243164	0.0	0.0	3.430236339569092	0.0	0.0	4.44882869720459	0.0	0.0	0.0	0.0	0.0	5.187311172485352	4.533726215362549	0.0	3.9252045154571533	0.0	0.0	0.0	4.373899936676025	0.0	5.7737908363342285	0.0	0.0	0.0	0.0	4.509830951690674	0.0	0.0	3.3355066776275635	0.0	0.0	0.0	0.0	0.0	0.0	0.0	4.474882125854492	0.0	3.967292070388794	4.021721839904785	3.735501289367676	0.0	4.0110907554626465	0.0	0.0	0.0	0.0	0.0	0.0	0.0	3.881108522415161	0.0	0.0	0.0	0.0	0.0	0.0	0.0	0.0	4.072223663330078	5.049374103546143	0.0	0.0	0.0	0.0	4.667422771453857	4.339102745056152	0.0	0.0	0.0	0.0	0.0	4.236840724945068	4.567214488983154	0.0	0.0	0.0	3.7069504261016846	0.0	4.8273820877075195	0.0	3.7828845977783203	0.0	0.0	5.023433208465576	0.0	0.0
0.0	0.0	4.188662052154541	0.0	0.0	3.7520077228546143	3.668822765350342	0.0	5.025875091552734	0.0	0.0	3.4315378665924072	0.0	0.0	4.451715469360352	0.0	0.0	0.0	0.0	0.0	5.190398216247559	4.535830497741699	0.0	3.9274954795837402	0.0	0.0	0.0	4.377409934997559	0.0	5.776555061340332	0.0	0.0	0.0	0.0	4.51170015335083	0.0	0.0	3.3372766971588135	0.0	0.0	0.0	0.0	0.0	0.0	0.0	4.477095603942871	0.0	3.969512939453125	4.023594856262207	3.737460136413574	0.0	4.012539863586426	0.0	0.0	0.0	0.0	0.0	0.0	0.0	3.883090019226074	0.0	0.0	0.0	0.0	0.0	0.0	0.0	0.0	4.075152397155762	5.052682876586914	0.0	0.0	0.0	0.0	4.669727325439453	4.340935230255127	0.0	0.0	0.0	0.0	0.0	4.240033149719238	4.5698018074035645	0.0	0.0	0.0	3.708716869354248	0.0	4.829543590545654	0.0	3.7843899726867676	0.0	0.0	5.026260852813721	0.0	0.0
0.0	0.0	4.188153266906738	0.0	0.0	3.753155469894409	3.6693942546844482	0.0	5.0263776779174805	0.0	0.0	3.4318978786468506	0.0	0.0	4.452304840087891	0.0	0.0	0.0	0.0	0.0	5.190239906311035	4.537322521209717	0.0	3.9272286891937256	0.0	0.0	0.0	4.377074718475342	0.0	5.777795314788818	0.0	0.0	0.0	0.0	4.513162612915039	0.0	0.0	3.33840274810791	0.0	0.0	0.0	0.0	0.0	0.0	0.0	4.477080821990967	0.0	3.9696550369262695	4.025177955627441	3.738266944885254	0.0	4.014481067657471	0.0	0.0	0.0	0.0	0.0	0.0	0.0	3.883735179901123	0.0	0.0	0.0	0.0	0.0	0.0	0.0	0.0	4.075417518615723	5.054312705993652	0.0	0.0	0.0	0.0	4.670600414276123	4.341664791107178	0.0	0.0	0.0	0.0	0.0	4.240532398223877	4.570695877075195	0.0	0.0	0.0	3.709604263305664	0.0	4.830061912536621	0.0	3.7853665351867676	0.0	0.0	5.0273871421813965	0.0	0.0
0.0	0.0	4.197452545166016	0.0	0.0	3.7609806060791016	3.677686929702759	0.0	5.038197994232178	0.0	0.0	3.4399802684783936	0.0	0.0	4.462434768676758	0.0	0.0	0.0	0.0	0.0	5.204234600067139	4.547654151916504	0.0	3.9371848106384277	0.0	0.0	0.0	4.386890411376953	0.0	5.791465759277344	0.0	0.0	0.0	0.0	4.524031162261963	0.0	0.0	3.3441357612609863	0.0	0.0	0.0	0.0	0.0	0.0	0.0	4.487641334533691	0.0	3.9783825874328613	4.033115863800049	3.7462587356567383	0.0	4.022280216217041	0.0	0.0	0.0	0.0	0.0	0.0	0.0	3.8923614025115967	0.0	0.0	0.0	0.0	0.0	0.0	0.0	0.0	4.084356307983398	5.065140247344971	0.0	0.0	0.0	0.0	4.681439399719238	4.350910186767578	0.0	0.0	0.0	0.0	0.0	4.2498650550842285	4.580657958984375	0.0	0.0	0.0	3.718163013458252	0.0	4.842004299163818	0.0	3.7928555011749268	0.0	0.0	5.038860321044922	0.0	0.0
0.0	0.0	4.143926620483398	0.0	0.0	3.713549852371216	3.6322948932647705	0.0	4.971218585968018	0.0	0.0	3.3970625400543213	0.0	0.0	4.403954029083252	0.0	0.0	0.0	0.0	0.0	5.134603500366211	4.48751974105835	0.0	3.8858940601348877	0.0	0.0	0.0	4.330533027648926	0.0	5.7143120765686035	0.0	0.0	0.0	0.0	4.464261054992676	0.0	0.0	3.3038017749786377	0.0	0.0	0.0	0.0	0.0	0.0	0.0	4.428673267364502	0.0	3.926762580871582	3.9820969104766846	3.6988370418548584	0.0	3.970144510269165	0.0	0.0	0.0	0.0	0.0	0.0	0.0	3.8434455394744873	0.0	0.0	0.0	0.0	0.0	0.0	0.0	0.0	4.031625270843506	4.997791290283203	0.0	0.0	0.0	0.0	4.620267868041992	4.2957658767700195	0.0	0.0	0.0	0.0	0.0	4.195774555206299	4.5221381187438965	0.0	0.0	0.0	3.668422222137451	0.0	4.778142929077148	0.0	3.745176076889038	0.0	0.0	4.973345756530762	0.0	0.0
0.0	0.0	4.1928324699401855	0.0	0.0	3.7552616596221924	3.6728901863098145	0.0	5.0306806564331055	0.0	0.0	3.433560371398926	0.0	0.0	4.455752372741699	0.0	0.0	0.0	0.0	0.0	5.1940388679504395	4.540930271148682	0.0	3.931088447570801	0.0	0.0	0.0	4.381595134735107	0.0	5.7829999923706055	0.0	0.0	0.0	0.0	4.517322540283203	0.0	0.0	3.340198040008545	0.0	0.0	0.0	0.0	0.0	0.0	0.0	4.482296943664551	0.0	3.972930908203125	4.0272536277771	3.740325450897217	0.0	4.0161967277526855	0.0	0.0	0.0	0.0	0.0	0.0	0.0	3.8871383666992188	0.0	0.0	0.0	0.0	0.0	0.0	0.0	0.0	4.0785603523254395	5.058158874511719	0.0	0.0	0.0	0.0	4.674736976623535	4.344841480255127	0.0	0.0	0.0	0.0	0.0	4.243531703948975	4.5737457275390625	0.0	0.0	0.0	3.7124180793762207	0.0	4.834932327270508	0.0	3.7886157035827637	0.0	0.0	5.031542778015137	0.0	0.0
0.0	0.0	4.192591667175293	0.0	0.0	3.754051685333252	3.6714916229248047	0.0	5.030331611633301	0.0	0.0	3.431476354598999	0.0	0.0	4.4539642333984375	0.0	0.0	0.0	0.0	0.0	5.194326877593994	4.539444446563721	0.0	3.931608200073242	0.0	0.0	0.0	4.382216453552246	0.0	5.780830383300781	0.0	0.0	0.0	0.0	4.514758110046387	0.0	0.0	3.3397865295410156	0.0	0.0	0.0	0.0	0.0	0.0	0.0	4.482588291168213	0.0	3.97255277633667	4.027742385864258	3.7391133308410645	0.0	4.016687393188477	0.0	0.0	0.0	0.0	0.0	0.0	0.0	3.886655807495117	0.0	0.0	0.0	0.0	0.0	0.0	0.0	0.0	4.0770344734191895	5.05781888961792	0.0	0.0	0.0	0.0	4.673554420471191	4.344753742218018	0.0	0.0	0.0	0.0	0.0	4.243174076080322	4.573230743408203	0.0	0.0	0.0	3.71136736869812	0.0	4.8332037925720215	0.0	3.7879295349121094	0.0	0.0	5.030200004577637	0.0	0.0
0.0	0.0	4.196303844451904	0.0	0.0	3.757986068725586	3.674769878387451	0.0	5.034704685211182	0.0	0.0	3.4372329711914062	0.0	0.0	4.460132122039795	0.0	0.0	0.0	0.0	0.0	5.199925899505615	4.544392108917236	0.0	3.935800790786743	0.0	0.0	0.0	4.385408401489258	0.0	5.787446975708008	0.0	0.0	0.0	0.0	4.51957893371582	0.0	0.0	3.343207597732544	0.0	0.0	0.0	0.0	0.0	0.0	0.0	4.484582424163818	0.0	3.97587513923645	4.030208587646484	3.744450330734253	0.0	4.0203399658203125	0.0	0.0	0.0	0.0	0.0	0.0	0.0	3.8894519805908203	0.0	0.0	0.0	0.0	0.0	0.0	0.0	0.0	4.081996440887451	5.062600612640381	0.0	0.0	0.0	0.0	4.678809642791748	4.348417282104492	0.0	0.0	0.0	0.0	0.0	4.247024059295654	4.578374862670898	0.0	0.0	0.0	3.715357542037964	0.0	4.8380126953125	0.0	3.7915377616882324	0.0	0.0	5.035839080810547	0.0	0.0
0.0	0.0	4.190464019775391	0.0	0.0	3.7537686824798584	3.6704516410827637	0.0	5.028624534606934	0.0	0.0	3.4329304695129395	0.0	0.0	4.453974723815918	0.0	0.0	0.0	0.0	0.0	5.1938862800598145	4.539524078369141	0.0	3.9299914836883545	0.0	0.0	0.0	4.378931045532227	0.0	5.780807971954346	0.0	0.0	0.0	0.0	4.514998912811279	0.0	0.0	3.339103937149048	0.0	0.0	0.0	0.0	0.0	0.0	0.0	4.479018211364746	0.0	3.9712822437286377	4.025686740875244	3.740145683288574	0.0	4.015411376953125	0.0	0.0	0.0	0.0	0.0	0.0	0.0	3.885110378265381	0.0	0.0	0.0	0.0	0.0	0.0	0.0	0.0	4.0768141746521	5.057100296020508	0.0	0.0	0.0	0.0	4.672478675842285	4.343960762023926	0.0	0.0	0.0	0.0	0.0	4.243426322937012	4.573885917663574	0.0	0.0	0.0	3.711045026779175	0.0	4.83270263671875	0.0	3.7864460945129395	0.0	0.0	5.029496669769287	0.0	0.0
0.0	0.0	4.186121463775635	0.0	0.0	3.749800682067871	3.6671302318573	0.0	5.022631645202637	0.0	0.0	3.4301886558532715	0.0	0.0	4.44948148727417	0.0	0.0	0.0	0.0	0.0	5.187568664550781	4.533899307250977	0.0	3.925898551940918	0.0	0.0	0.0	4.375982284545898	0.0	5.774238109588623	0.0	0.0	0.0	0.0	4.510327339172363	0.0	0.0	3.3356237411499023	0.0	0.0	0.0	0.0	0.0	0.0	0.0	4.475441932678223	0.0	3.9677953720092773	4.02214241027832	3.736334800720215	0.0	4.010478973388672	0.0	0.0	0.0	0.0	0.0	0.0	0.0	3.8818724155426025	0.0	0.0	0.0	0.0	0.0	0.0	0.0	0.0	4.072338104248047	5.050625324249268	0.0	0.0	0.0	0.0	4.6676764488220215	4.339135646820068	0.0	0.0	0.0	0.0	0.0	4.239124298095703	4.567315101623535	0.0	0.0	0.0	3.7073328495025635	0.0	4.827076435089111	0.0	3.783548593521118	0.0	0.0	5.024664878845215	0.0	0.0
0.0	0.0	4.194430351257324	0.0	0.0	3.757833480834961	3.675389289855957	0.0	5.033317565917969	0.0	0.0	3.4374022483825684	0.0	0.0	4.458889961242676	0.0	0.0	0.0	0.0	0.0	5.199382781982422	4.5437188148498535	0.0	3.9336888790130615	0.0	0.0	0.0	4.384370803833008	0.0	5.787021636962891	0.0	0.0	0.0	0.0	4.519324779510498	0.0	0.0	3.3426806926727295	0.0	0.0	0.0	0.0	0.0	0.0	0.0	4.483340740203857	0.0	3.9751455783843994	4.030106544494629	3.7434146404266357	0.0	4.0187225341796875	0.0	0.0	0.0	0.0	0.0	0.0	0.0	3.888434648513794	0.0	0.0	0.0	0.0	0.0	0.0	0.0	0.0	4.080353260040283	5.061649799346924	0.0	0.0	0.0	0.0	4.677230358123779	4.347065448760986	0.0	0.0	0.0	0.0	0.0	4.246621131896973	4.577411651611328	0.0	0.0	0.0	3.714862108230591	0.0	4.837307453155518	0.0	3.7912654876708984	0.0	0.0	5.0346198081970215	0.0	0.0
0.0	0.0	4.183076858520508	0.0	0.0	3.747253179550171	3.6646785736083984	0.0	5.01917028427124	0.0	0.0	3.427905797958374	0.0	0.0	4.446009159088135	0.0	0.0	0.0	0.0	0.0	5.183967590332031	4.5303425788879395	0.0	3.922300338745117	0.0	0.0	0.0	4.372016906738281	0.0	5.7699785232543945	0.0	0.0	0.0	0.0	4.506231307983398	0.0	0.0	3.3327858448028564	0.0	0.0	0.0	0.0	0.0	0.0	0.0	4.4721574783325195	0.0	3.964700698852539	4.019434452056885	3.7329602241516113	0.0	4.008072853088379	0.0	0.0	0.0	0.0	0.0	0.0	0.0	3.8791890144348145	0.0	0.0	0.0	0.0	0.0	0.0	0.0	0.0	4.0693488121032715	5.046213150024414	0.0	0.0	0.0	0.0	4.66412878036499	4.335714340209961	0.0	0.0	0.0	0.0	0.0	4.234433650970459	4.5649213790893555	0.0	0.0	0.0	3.7037205696105957	0.0	4.823631763458252	0.0	3.7802999019622803	0.0	0.0	5.020129203796387	0.0	0.0
0.0	0.0	4.191620826721191	0.0	0.0	3.7544519901275635	3.6724693775177	0.0	5.029116153717041	0.0	0.0	3.4339969158172607	0.0	0.0	4.455727577209473	0.0	0.0	0.0	0.0	0.0	5.194786071777344	4.539312362670898	0.0	3.930640697479248	0.0	0.0	0.0	4.380863189697266	0.0	5.781187534332275	0.0	0.0	0.0	0.0	4.515876770019531	0.0	0.0	3.3385913372039795	0.0	0.0	0.0	0.0	0.0	0.0	0.0	4.4795451164245605	0.0	3.9726169109344482	4.026599407196045	3.740086555480957	0.0	4.01550817489624	0.0	0.0	0.0	0.0	0.0	0.0	0.0	3.8860363960266113	0.0	0.0	0.0	0.0	0.0	0.0	0.0	0.0	4.077531814575195	5.056390285491943	0.0	0.0	0.0	0.0	4.673376083374023	4.3447585105896	0.0	0.0	0.0	0.0	0.0	4.243265628814697	4.573518753051758	0.0	0.0	0.0	3.7116191387176514	0.0	4.833006381988525	0.0	3.7875568866729736	0.0	0.0	5.030256271362305	0.0	0.0
0.0	0.0	4.190749168395996	0.0	0.0	3.7532613277435303	3.6708638668060303	0.0	5.028190612792969	0.0	0.0	3.433114528656006	0.0	0.0	4.454042911529541	0.0	0.0	0.0	0.0	0.0	5.192145824432373	4.538668155670166	0.0	3.929673194885254	0.0	0.0	0.0	4.380164623260498	0.0	5.780030250549316	0.0	0.0	0.0	0.0	4.514665603637695	0.0	0.0	3.3388073444366455	0.0	0.0	0.0	0.0	0.0	0.0	0.0	4.479413986206055	0.0	3.971193552017212	4.025969982147217	3.7389330863952637	0.0	4.0154709815979	0.0	0.0	0.0	0.0	0.0	0.0	0.0	3.8855035305023193	0.0	0.0	0.0	0.0	0.0	0.0	0.0	0.0	4.076288223266602	5.055940628051758	0.0	0.0	0.0	0.0	4.673239707946777	4.343947410583496	0.0	0.0	0.0	0.0	0.0	4.242309093475342	4.572329521179199	0.0	0.0	0.0	3.710899829864502	0.0	4.831487655639648	0.0	3.786864995956421	0.0	0.0	5.029417991638184	0.0	0.0
0.0	0.0	4.201653480529785	0.0	0.0	3.76167368888855	3.6784095764160156	0.0	5.041016101837158	0.0	0.0	3.438382625579834	0.0	0.0	4.463045597076416	0.0	0.0	0.0	0.0	0.0	5.206066608428955	4.548901081085205	0.0	3.940098524093628	0.0	0.0	0.0	4.3924078941345215	0.0	5.7940497398376465	0.0	0.0	0.0	0.0	4.524896621704102	0.0	0.0	3.3440356254577637	0.0	0.0	0.0	0.0	0.0	0.0	0.0	4.4930524826049805	0.0	3.9805855751037598	4.034148693084717	3.745936632156372	0.0	4.024925231933594	0.0	0.0	0.0	0.0	0.0	0.0	0.0	3.895169496536255	0.0	0.0	0.0	0.0	0.0	0.0	0.0	0.0	4.086952209472656	5.069767951965332	0.0	0.0	0.0	0.0	4.6849565505981445	4.352932929992676	0.0	0.0	0.0	0.0	0.0	4.253300666809082	4.582376480102539	0.0	0.0	0.0	3.7187886238098145	0.0	4.844249725341797	0.0	3.7949626445770264	0.0	0.0	5.041298866271973	0.0	0.0
0.0	0.0	4.193060398101807	0.0	0.0	3.75612211227417	3.672905921936035	0.0	5.031116008758545	0.0	0.0	3.43473744392395	0.0	0.0	4.4563751220703125	0.0	0.0	0.0	0.0	0.0	5.197014331817627	4.540927410125732	0.0	3.9315037727355957	0.0	0.0	0.0	4.382049083709717	0.0	5.7838311195373535	0.0	0.0	0.0	0.0	4.5171284675598145	0.0	0.0	3.3394930362701416	0.0	0.0	0.0	0.0	0.0	0.0	0.0	4.481679439544678	0.0	3.9745683670043945	4.028415679931641	3.740976333618164	0.0	4.017991065979004	0.0	0.0	0.0	0.0	0.0	0.0	0.0	3.8881027698516846	0.0	0.0	0.0	0.0	0.0	0.0	0.0	0.0	4.078575611114502	5.058785915374756	0.0	0.0	0.0	0.0	4.675304412841797	4.346205234527588	0.0	0.0	0.0	0.0	0.0	4.245241165161133	4.574736595153809	0.0	0.0	0.0	3.7129874229431152	0.0	4.8342061042785645	0.0	3.7882754802703857	0.0	0.0	5.032016277313232	0.0	0.0
0.0	0.0	4.19116735458374	0.0	0.0	3.7544610500335693	3.6717662811279297	0.0	5.030076503753662	0.0	0.0	3.4330296516418457	0.0	0.0	4.455102443695068	0.0	0.0	0.0	0.0	0.0	5.194581508636475	4.540429592132568	0.0	3.9309253692626953	0.0	0.0	0.0	4.380369186401367	0.0	5.780910968780518	0.0	0.0	0.0	0.0	4.515415191650391	0.0	0.0	3.3396401405334473	0.0	0.0	0.0	0.0	0.0	0.0	0.0	4.478978633880615	0.0	3.9718055725097656	4.02620792388916	3.7396764755249023	0.0	4.014467716217041	0.0	0.0	0.0	0.0	0.0	0.0	0.0	3.8869400024414062	0.0	0.0	0.0	0.0	0.0	0.0	0.0	0.0	4.077338218688965	5.057288646697998	0.0	0.0	0.0	0.0	4.674594402313232	4.3434038162231445	0.0	0.0	0.0	0.0	0.0	4.243020534515381	4.573556900024414	0.0	0.0	0.0	3.711784839630127	0.0	4.832499980926514	0.0	3.7877533435821533	0.0	0.0	5.030098915100098	0.0	0.0
0.0	0.0	4.1970601081848145	0.0	0.0	3.7604384422302246	3.6767914295196533	0.0	5.037829399108887	0.0	0.0	3.4386868476867676	0.0	0.0	4.462411403656006	0.0	0.0	0.0	0.0	0.0	5.203984260559082	4.547458171844482	0.0	3.936174154281616	0.0	0.0	0.0	4.387040138244629	0.0	5.790406703948975	0.0	0.0	0.0	0.0	4.522492408752441	0.0	0.0	3.344303846359253	0.0	0.0	0.0	0.0	0.0	0.0	0.0	4.486302852630615	0.0	3.9785468578338623	4.032303810119629	3.7455785274505615	0.0	4.021617889404297	0.0	0.0	0.0	0.0	0.0	0.0	0.0	3.891636371612549	0.0	0.0	0.0	0.0	0.0	0.0	0.0	0.0	4.083324432373047	5.065262794494629	0.0	0.0	0.0	0.0	4.681405067443848	4.3507890701293945	0.0	0.0	0.0	0.0	0.0	4.250638008117676	4.579002380371094	0.0	0.0	0.0	3.7169301509857178	0.0	4.8409295082092285	0.0	3.7919504642486572	0.0	0.0	5.038085460662842	0.0	0.0
0.0	0.0	4.166481018066406	0.0	0.0	3.732330799102783	3.6503446102142334	0.0	4.997913837432861	0.0	0.0	3.4139223098754883	0.0	0.0	4.427066326141357	0.0	0.0	0.0	0.0	0.0	5.162567138671875	4.512328624725342	0.0	3.907304525375366	0.0	0.0	0.0	4.354515552520752	0.0	5.74484395980835	0.0	0.0	0.0	0.0	4.488065719604492	0.0	0.0	3.3194925785064697	0.0	0.0	0.0	0.0	0.0	0.0	0.0	4.453980922698975	0.0	3.948709487915039	4.0028886795043945	3.7177748680114746	0.0	3.9913649559020996	0.0	0.0	0.0	0.0	0.0	0.0	0.0	3.863009214401245	0.0	0.0	0.0	0.0	0.0	0.0	0.0	0.0	4.052432060241699	5.025434970855713	0.0	0.0	0.0	0.0	4.64417839050293	4.318637847900391	0.0	0.0	0.0	0.0	0.0	4.217732906341553	4.546669006347656	0.0	0.0	0.0	3.6885123252868652	0.0	4.803411960601807	0.0	3.7648985385894775	0.0	0.0	4.999470233917236	0.0	0.0
0.0	0.0	4.197871208190918	0.0	0.0	3.759331464767456	3.676043748855591	0.0	5.035855293273926	0.0	0.0	3.4364943504333496	0.0	0.0	4.461845397949219	0.0	0.0	0.0	0.0	0.0	5.200953006744385	4.54557991027832	0.0	3.937058925628662	0.0	0.0	0.0	4.385951995849609	0.0	5.789590835571289	0.0	0.0	0.0	0.0	4.521786689758301	0.0	0.0	3.343621253967285	0.0	0.0	0.0	0.0	0.0	0.0	0.0	4.485799789428711	0.0	3.97776460647583	4.031710624694824	3.7442121505737305	0.0	4.021739482879639	0.0	0.0	0.0	0.0	0.0	0.0	0.0	3.8907060623168945	0.0	0.0	0.0	0.0	0.0	0.0	0.0	0.0	4.082627773284912	5.065048694610596	0.0	0.0	0.0	0.0	4.679854393005371	4.3500213623046875	0.0	0.0	0.0	0.0	0.0	4.248950958251953	4.578652381896973	0.0	0.0	0.0	3.7168009281158447	0.0	4.8396315574646	0.0	3.7916927337646484	0.0	0.0	5.037478923797607	0.0	0.0
0.0	0.0	4.198213577270508	0.0	0.0	3.761202573776245	3.6770215034484863	0.0	5.037284851074219	0.0	0.0	3.4384703636169434	0.0	0.0	4.462447643280029	0.0	0.0	0.0	0.0	0.0	5.203002452850342	4.546872615814209	0.0	3.9367785453796387	0.0	0.0	0.0	4.389002799987793	0.0	5.791421413421631	0.0	0.0	0.0	0.0	4.522659778594971	0.0	0.0	3.3446545600891113	0.0	0.0	0.0	0.0	0.0	0.0	0.0	4.487273693084717	0.0	3.978616952896118	4.033180236816406	3.7448787689208984	0.0	4.02211856842041	0.0	0.0	0.0	0.0	0.0	0.0	0.0	3.8918771743774414	0.0	0.0	0.0	0.0	0.0	0.0	0.0	0.0	4.083770751953125	5.06597375869751	0.0	0.0	0.0	0.0	4.681601047515869	4.35078763961792	0.0	0.0	0.0	0.0	0.0	4.249587535858154	4.580198287963867	0.0	0.0	0.0	3.7176249027252197	0.0	4.841269016265869	0.0	3.7928359508514404	0.0	0.0	5.038136959075928	0.0	0.0
0.0	0.0	4.201451301574707	0.0	0.0	3.7631137371063232	3.6809239387512207	0.0	5.04299259185791	0.0	0.0	3.441375494003296	0.0	0.0	4.467601776123047	0.0	0.0	0.0	0.0	0.0	5.208599090576172	4.551907539367676	0.0	3.941586494445801	0.0	0.0	0.0	4.391286373138428	0.0	5.796963691711426	0.0	0.0	0.0	0.0	4.52769136428833	0.0	0.0	3.34761381149292	0.0	0.0	0.0	0.0	0.0	0.0	0.0	4.491267681121826	0.0	3.98284912109375	4.036492347717285	3.7498669624328613	0.0	4.025488376617432	0.0	0.0	0.0	0.0	0.0	0.0	0.0	3.896440267562866	0.0	0.0	0.0	0.0	0.0	0.0	0.0	0.0	4.088444709777832	5.070342063903809	0.0	0.0	0.0	0.0	4.685792922973633	4.355408668518066	0.0	0.0	0.0	0.0	0.0	4.2541913986206055	4.586010456085205	0.0	0.0	0.0	3.7213451862335205	0.0	4.845611095428467	0.0	3.7971646785736084	0.0	0.0	5.043801307678223	0.0	0.0
0.0	0.0	4.1779375076293945	0.0	0.0	3.742465019226074	3.660217761993408	0.0	5.012387752532959	0.0	0.0	3.422109603881836	0.0	0.0	4.440415859222412	0.0	0.0	0.0	0.0	0.0	5.17639684677124	4.524533271789551	0.0	3.9180948734283447	0.0	0.0	0.0	4.366377830505371	0.0	5.761417865753174	0.0	0.0	0.0	0.0	4.500467777252197	0.0	0.0	3.3291738033294678	0.0	0.0	0.0	0.0	0.0	0.0	0.0	4.467071056365967	0.0	3.959429979324341	4.01404333114624	3.727708101272583	0.0	4.002959728240967	0.0	0.0	0.0	0.0	0.0	0.0	0.0	3.873405694961548	0.0	0.0	0.0	0.0	0.0	0.0	0.0	0.0	4.06470251083374	5.039177894592285	0.0	0.0	0.0	0.0	4.657371997833252	4.331019878387451	0.0	0.0	0.0	0.0	0.0	4.229226589202881	4.558211803436279	0.0	0.0	0.0	3.6997597217559814	0.0	4.817063331604004	0.0	3.7757043838500977	0.0	0.0	5.013539791107178	0.0	0.0
0.0	0.0	4.192598342895508	0.0	0.0	3.7560842037200928	3.67315411567688	0.0	5.031300067901611	0.0	0.0	3.4352731704711914	0.0	0.0	4.456188201904297	0.0	0.0	0.0	0.0	0.0	5.196633815765381	4.542052268981934	0.0	3.931596040725708	0.0	0.0	0.0	4.3825836181640625	0.0	5.783753871917725	0.0	0.0	0.0	0.0	4.51697301864624	0.0	0.0	3.340977191925049	0.0	0.0	0.0	0.0	0.0	0.0	0.0	4.481925964355469	0.0	3.9747323989868164	4.028401851654053	3.7412331104278564	0.0	4.017352104187012	0.0	0.0	0.0	0.0	0.0	0.0	0.0	3.887746572494507	0.0	0.0	0.0	0.0	0.0	0.0	0.0	0.0	4.078943729400635	5.059598445892334	0.0	0.0	0.0	0.0	4.675628662109375	4.346399307250977	0.0	0.0	0.0	0.0	0.0	4.245148181915283	4.575479030609131	0.0	0.0	0.0	3.7129576206207275	0.0	4.835312366485596	0.0	3.7892708778381348	0.0	0.0	5.032362937927246	0.0	0.0
0.0	0.0	4.194381237030029	0.0	0.0	3.7573232650756836	3.674806833267212	0.0	5.033707618713379	0.0	0.0	3.436661720275879	0.0	0.0	4.45846700668335	0.0	0.0	0.0	0.0	0.0	5.199197769165039	4.543051719665527	0.0	3.9326865673065186	0.0	0.0	0.0	4.383716583251953	0.0	5.786248207092285	0.0	0.0	0.0	0.0	4.5191521644592285	0.0	0.0	3.3423149585723877	0.0	0.0	0.0	0.0	0.0	0.0	0.0	4.4842095375061035	0.0	3.9756128787994385	4.029560565948486	3.7426741123199463	0.0	4.018527030944824	0.0	0.0	0.0	0.0	0.0	0.0	0.0	3.8893985748291016	0.0	0.0	0.0	0.0	0.0	0.0	0.0	0.0	4.080362796783447	5.0613884925842285	0.0	0.0	0.0	0.0	4.676900863647461	4.347592830657959	0.0	0.0	0.0	0.0	0.0	4.24676513671875	4.577089309692383	0.0	0.0	0.0	3.7143213748931885	0.0	4.837017059326172	0.0	3.7902979850769043	0.0	0.0	5.03385591506958	0.0	0.0
0.0	0.0	4.208950996398926	0.0	0.0	3.7703311443328857	3.6856696605682373	0.0	5.051344394683838	0.0	0.0	3.447472333908081	0.0	0.0	4.475262641906738	0.0	0.0	0.0	0.0	0.0	5.2180657386779785	4.560362815856934	0.0	3.9479284286499023	0.0	0.0	0.0	4.397925853729248	0.0	5.807058334350586	0.0	0.0	0.0	0.0	4.5349507331848145	0.0	0.0	3.352177143096924	0.0	0.0	0.0	0.0	0.0	0.0	0.0	4.498310565948486	0.0	3.989260673522949	4.043668270111084	3.7542612552642822	0.0	4.032731533050537	0.0	0.0	0.0	0.0	0.0	0.0	0.0	3.901996612548828	0.0	0.0	0.0	0.0	0.0	0.0	0.0	0.0	4.094997406005859	5.078891754150391	0.0	0.0	0.0	0.0	4.693841934204102	4.361464500427246	0.0	0.0	0.0	0.0	0.0	4.261460304260254	4.591796875	0.0	0.0	0.0	3.727773427963257	0.0	4.854412078857422	0.0	3.803227424621582	0.0	0.0	5.0526204109191895	0.0	0.0
0.0	0.0	4.18584680557251	0.0	0.0	3.750455141067505	3.6671359539031982	0.0	5.023468017578125	0.0	0.0	3.4297595024108887	0.0	0.0	4.4491729736328125	0.0	0.0	0.0	0.0	0.0	5.187884330749512	4.533384799957275	0.0	3.9254143238067627	0.0	0.0	0.0	4.37471342086792	0.0	5.773868560791016	0.0	0.0	0.0	0.0	4.509918212890625	0.0	0.0	3.336482048034668	0.0	0.0	0.0	0.0	0.0	0.0	0.0	4.474432945251465	0.0	3.9673521518707275	4.021825313568115	3.736020088195801	0.0	4.010960578918457	0.0	0.0	0.0	0.0	0.0	0.0	0.0	3.88146710395813	0.0	0.0	0.0	0.0	0.0	0.0	0.0	0.0	4.07210111618042	5.050480365753174	0.0	0.0	0.0	0.0	4.667659759521484	4.338366985321045	0.0	0.0	0.0	0.0	0.0	4.238821506500244	4.568053722381592	0.0	0.0	0.0	3.7065491676330566	0.0	4.827155590057373	0.0	3.78283953666687	0.0	0.0	5.024516582489014	0.0	0.0
0.0	0.0	4.184994697570801	0.0	0.0	3.7487964630126953	3.666654109954834	0.0	5.021760940551758	0.0	0.0	3.429208993911743	0.0	0.0	4.448686599731445	0.0	0.0	0.0	0.0	0.0	5.187361240386963	4.532573223114014	0.0	3.9249331951141357	0.0	0.0	0.0	4.374696254730225	0.0	5.7740373611450195	0.0	0.0	0.0	0.0	4.508290767669678	0.0	0.0	3.334916591644287	0.0	0.0	0.0	0.0	0.0	0.0	0.0	4.4741621017456055	0.0	3.966820240020752	4.021482467651367	3.7349061965942383	0.0	4.010051250457764	0.0	0.0	0.0	0.0	0.0	0.0	0.0	3.8802647590637207	0.0	0.0	0.0	0.0	0.0	0.0	0.0	0.0	4.07170295715332	5.048863410949707	0.0	0.0	0.0	0.0	4.666843891143799	4.337543487548828	0.0	0.0	0.0	0.0	0.0	4.237204551696777	4.567523002624512	0.0	0.0	0.0	3.706273078918457	0.0	4.82688045501709	0.0	3.781890869140625	0.0	0.0	5.023031711578369	0.0	0.0
0.0	0.0	4.187801837921143	0.0	0.0	3.7511768341064453	3.6687378883361816	0.0	5.024659633636475	0.0	0.0	3.431535482406616	0.0	0.0	4.451434135437012	0.0	0.0	0.0	0.0	0.0	5.190073490142822	4.5359110832214355	0.0	3.927064895629883	0.0	0.0	0.0	4.376922130584717	0.0	5.776316165924072	0.0	0.0	0.0	0.0	4.511682033538818	0.0	0.0	3.335860013961792	0.0	0.0	0.0	0.0	0.0	0.0	0.0	4.477511882781982	0.0	3.969402313232422	4.0240583419799805	3.737359046936035	0.0	4.012570858001709	0.0	0.0	0.0	0.0	0.0	0.0	0.0	3.882948160171509	0.0	0.0	0.0	0.0	0.0	0.0	0.0	0.0	4.074665069580078	5.052550315856934	0.0	0.0	0.0	0.0	4.669267177581787	4.340123653411865	0.0	0.0	0.0	0.0	0.0	4.240205764770508	4.569613456726074	0.0	0.0	0.0	3.7083380222320557	0.0	4.829197406768799	0.0	3.784412145614624	0.0	0.0	5.0262298583984375	0.0	0.0
0.0	0.0	4.197521209716797	0.0	0.0	3.7604095935821533	3.677027940750122	0.0	5.037050724029541	0.0	0.0	3.4387779235839844	0.0	0.0	4.4621381759643555	0.0	0.0	0.0	0.0	0.0	5.202363967895508	4.546984672546387	0.0	3.9361987113952637	0.0	0.0	0.0	4.387310028076172	0.0	5.7898359298706055	0.0	0.0	0.0	0.0	4.522754192352295	0.0	0.0	3.344959259033203	0.0	0.0	0.0	0.0	0.0	0.0	0.0	4.486920356750488	0.0	3.978254795074463	4.032710552215576	3.7459723949432373	0.0	4.022202491760254	0.0	0.0	0.0	0.0	0.0	0.0	0.0	3.891798257827759	0.0	0.0	0.0	0.0	0.0	0.0	0.0	0.0	4.083387851715088	5.064741611480713	0.0	0.0	0.0	0.0	4.680437088012695	4.350614547729492	0.0	0.0	0.0	0.0	0.0	4.249415397644043	4.5806756019592285	0.0	0.0	0.0	3.717337131500244	0.0	4.840586185455322	0.0	3.7926762104034424	0.0	0.0	5.037510871887207	0.0	0.0
0.0	0.0	4.190510272979736	0.0	0.0	3.7531626224517822	3.670743227005005	0.0	5.027622222900391	0.0	0.0	3.4336612224578857	0.0	0.0	4.453673839569092	0.0	0.0	0.0	0.0	0.0	5.192861080169678	4.538763999938965	0.0	3.9295413494110107	0.0	0.0	0.0	4.379532814025879	0.0	5.77984094619751	0.0	0.0	0.0	0.0	4.515137672424316	0.0	0.0	3.3393754959106445	0.0	0.0	0.0	0.0	0.0	0.0	0.0	4.477893352508545	0.0	3.9715070724487305	4.025814533233643	3.7396416664123535	0.0	4.014991760253906	0.0	0.0	0.0	0.0	0.0	0.0	0.0	3.8851840496063232	0.0	0.0	0.0	0.0	0.0	0.0	0.0	0.0	4.075725078582764	5.054983615875244	0.0	0.0	0.0	0.0	4.672645092010498	4.3426008224487305	0.0	0.0	0.0	0.0	0.0	4.242272853851318	4.572183609008789	0.0	0.0	0.0	3.710726499557495	0.0	4.831766128540039	0.0	3.7865591049194336	0.0	0.0	5.029376983642578	0.0	0.0
0.0	0.0	4.196113586425781	0.0	0.0	3.758955478668213	3.676051616668701	0.0	5.035984992980957	0.0	0.0	3.436858892440796	0.0	0.0	4.461116790771484	0.0	0.0	0.0	0.0	0.0	5.2011332511901855	4.545194149017334	0.0	3.935109853744507	0.0	0.0	0.0	4.386146068572998	0.0	5.787903308868408	0.0	0.0	0.0	0.0	4.521307468414307	0.0	0.0	3.3438329696655273	0.0	0.0	0.0	0.0	0.0	0.0	0.0	4.485052585601807	0.0	3.9770729541778564	4.031284332275391	3.7438738346099854	0.0	4.0203776359558105	0.0	0.0	0.0	0.0	0.0	0.0	0.0	3.890836477279663	0.0	0.0	0.0	0.0	0.0	0.0	0.0	0.0	4.080916404724121	5.063607215881348	0.0	0.0	0.0	0.0	4.67964506149292	4.348407745361328	0.0	0.0	0.0	0.0	0.0	4.247970104217529	4.577698707580566	0.0	0.0	0.0	3.7158427238464355	0.0	4.838556289672852	0.0	3.79130220413208	0.0	0.0	5.037227153778076	0.0	0.0
0.0	0.0	4.1904778480529785	0.0	0.0	3.7539424896240234	3.6709952354431152	0.0	5.028331756591797	0.0	0.0	3.4337587356567383	0.0	0.0	4.454429626464844	0.0	0.0	0.0	0.0	0.0	5.193416595458984	4.540255069732666	0.0	3.9302425384521484	0.0	0.0	0.0	4.380214691162109	0.0	5.780527114868164	0.0	0.0	0.0	0.0	4.514978885650635	0.0	0.0	3.338425636291504	0.0	0.0	0.0	0.0	0.0	0.0	0.0	4.479124069213867	0.0	3.971763849258423	4.026614665985107	3.7397232055664062	0.0	4.015163421630859	0.0	0.0	0.0	0.0	0.0	0.0	0.0	3.8863704204559326	0.0	0.0	0.0	0.0	0.0	0.0	0.0	0.0	4.0771331787109375	5.055609226226807	0.0	0.0	0.0	0.0	4.672102451324463	4.344182014465332	0.0	0.0	0.0	0.0	0.0	4.242441177368164	4.572521686553955	0.0	0.0	0.0	3.7114081382751465	0.0	4.832150459289551	0.0	3.7869904041290283	0.0	0.0	5.029587745666504	0.0	0.0
0.0	0.0	4.201898097991943	0.0	0.0	3.7638070583343506	3.6802737712860107	0.0	5.042373180389404	0.0	0.0	3.4422733783721924	0.0	0.0	4.46755313873291	0.0	0.0	0.0	0.0	0.0	5.207842826843262	4.552134037017822	0.0	3.939589262008667	0.0	0.0	0.0	4.39030122756958	0.0	5.796374320983887	0.0	0.0	0.0	0.0	4.526798725128174	0.0	0.0	3.347590208053589	0.0	0.0	0.0	0.0	0.0	0.0	0.0	4.490969657897949	0.0	3.9824728965759277	4.036839008331299	3.7498977184295654	0.0	4.025403022766113	0.0	0.0	0.0	0.0	0.0	0.0	0.0	3.895601987838745	0.0	0.0	0.0	0.0	0.0	0.0	0.0	0.0	4.0880303382873535	5.069788932800293	0.0	0.0	0.0	0.0	4.685291290283203	4.354879379272461	0.0	0.0	0.0	0.0	0.0	4.253551006317139	4.583630561828613	0.0	0.0	0.0	3.7203967571258545	0.0	4.845545291900635	0.0	3.797577142715454	0.0	0.0	5.043513774871826	0.0	0.0
0.0	0.0	4.186945915222168	0.0	0.0	3.752180337905884	3.667255401611328	0.0	5.024704933166504	0.0	0.0	3.429945945739746	0.0	0.0	4.453494548797607	0.0	0.0	0.0	0.0	0.0	5.192315101623535	4.535958290100098	0.0	3.9287240505218506	0.0	0.0	0.0	4.376296043395996	0.0	5.777448654174805	0.0	0.0	0.0	0.0	4.512724876403809	0.0	0.0	3.336498737335205	0.0	0.0	0.0	0.0	0.0	0.0	0.0	4.475645542144775	0.0	3.96940279006958	4.02319860458374	3.7391676902770996	0.0	4.012219429016113	0.0	0.0	0.0	0.0	0.0	0.0	0.0	3.883530616760254	0.0	0.0	0.0	0.0	0.0	0.0	0.0	0.0	4.073506832122803	5.054236888885498	0.0	0.0	0.0	0.0	4.6710920333862305	4.341324806213379	0.0	0.0	0.0	0.0	0.0	4.240180492401123	4.568920612335205	0.0	0.0	0.0	3.7097268104553223	0.0	4.829967498779297	0.0	3.783400058746338	0.0	0.0	5.028311252593994	0.0	0.0
0.0	0.0	4.203023910522461	0.0	0.0	3.7666120529174805	3.6832852363586426	0.0	5.0443291664123535	0.0	0.0	3.44527006149292	0.0	0.0	4.469449520111084	0.0	0.0	0.0	0.0	0.0	5.211024284362793	4.554138660430908	0.0	3.9415299892425537	0.0	0.0	0.0	4.393531799316406	0.0	5.79975700378418	0.0	0.0	0.0	0.0	4.529843807220459	0.0	0.0	3.349555730819702	0.0	0.0	0.0	0.0	0.0	0.0	0.0	4.492964744567871	0.0	3.984588384628296	4.0392680168151855	3.7513506412506104	0.0	4.028232574462891	0.0	0.0	0.0	0.0	0.0	0.0	0.0	3.8976383209228516	0.0	0.0	0.0	0.0	0.0	0.0	0.0	0.0	4.089346408843994	5.073943614959717	0.0	0.0	0.0	0.0	4.687891006469727	4.357877731323242	0.0	0.0	0.0	0.0	0.0	4.256323337554932	4.588052749633789	0.0	0.0	0.0	3.723473072052002	0.0	4.846673011779785	0.0	3.7993390560150146	0.0	0.0	5.045248508453369	0.0	0.0
0.0	0.0	4.178072929382324	0.0	0.0	3.7424705028533936	3.6601064205169678	0.0	5.012425899505615	0.0	0.0	3.4237375259399414	0.0	0.0	4.440195560455322	0.0	0.0	0.0	0.0	0.0	5.177236080169678	4.525108337402344	0.0	3.9179744720458984	0.0	0.0	0.0	4.367706775665283	0.0	5.762239456176758	0.0	0.0	0.0	0.0	4.500955581665039	0.0	0.0	3.3287715911865234	0.0	0.0	0.0	0.0	0.0	0.0	0.0	4.466907978057861	0.0	3.9600119590759277	4.014864921569824	3.7288005352020264	0.0	4.002266883850098	0.0	0.0	0.0	0.0	0.0	0.0	0.0	3.873986005783081	0.0	0.0	0.0	0.0	0.0	0.0	0.0	0.0	4.06439733505249	5.040295124053955	0.0	0.0	0.0	0.0	4.657281875610352	4.3313140869140625	0.0	0.0	0.0	0.0	0.0	4.22988748550415	4.558948993682861	0.0	0.0	0.0	3.699028253555298	0.0	4.81759786605835	0.0	3.7751753330230713	0.0	0.0	5.014791965484619	0.0	0.0
0.0	0.0	4.206320285797119	0.0	0.0	3.7691147327423096	3.684138774871826	0.0	5.048733234405518	0.0	0.0	3.4466962814331055	0.0	0.0	4.4736857414245605	0.0	0.0	0.0	0.0	0.0	5.215416431427002	4.558444499969482	0.0	3.9460947513580322	0.0	0.0	0.0	4.397061347961426	0.0	5.805295944213867	0.0	0.0	0.0	0.0	4.5329718589782715	0.0	0.0	3.35009503364563	0.0	0.0	0.0	0.0	0.0	0.0	0.0	4.4969000816345215	0.0	3.988352060317993	4.041147708892822	3.7530577182769775	0.0	4.030313014984131	0.0	0.0	0.0	0.0	0.0	0.0	0.0	3.90079927444458	0.0	0.0	0.0	0.0	0.0	0.0	0.0	0.0	4.092826843261719	5.076778888702393	0.0	0.0	0.0	0.0	4.691951751708984	4.360267639160156	0.0	0.0	0.0	0.0	0.0	4.2599334716796875	4.59005880355835	0.0	0.0	0.0	3.7270493507385254	0.0	4.85240364074707	0.0	3.8025543689727783	0.0	0.0	5.05021333694458	0.0	0.0
0.0	0.0	4.185791969299316	0.0	0.0	3.7489030361175537	3.6661155223846436	0.0	5.022038459777832	0.0	0.0	3.428306818008423	0.0	0.0	4.447781085968018	0.0	0.0	0.0	0.0	0.0	5.187387466430664	4.5334649085998535	0.0	3.9253268241882324	0.0	0.0	0.0	4.375067710876465	0.0	5.772925853729248	0.0	0.0	0.0	0.0	4.508333683013916	0.0	0.0	3.334414482116699	0.0	0.0	0.0	0.0	0.0	0.0	0.0	4.474180698394775	0.0	3.96707820892334	4.021366596221924	3.735036849975586	0.0	4.010769367218018	0.0	0.0	0.0	0.0	0.0	0.0	0.0	3.881068468093872	0.0	0.0	0.0	0.0	0.0	0.0	0.0	0.0	4.072098255157471	5.050385475158691	0.0	0.0	0.0	0.0	4.667308807373047	4.338303565979004	0.0	0.0	0.0	0.0	0.0	4.237729072570801	4.566690921783447	0.0	0.0	0.0	3.706692695617676	0.0	4.826988697052002	0.0	3.7823524475097656	0.0	0.0	5.023105144500732	0.0	0.0
0.0	0.0	4.187839984893799	0.0	0.0	3.751664638519287	3.668214797973633	0.0	5.024996757507324	0.0	0.0	3.4307026863098145	0.0	0.0	4.450765609741211	0.0	0.0	0.0	0.0	0.0	5.191214561462402	4.535959243774414	0.0	3.926598310470581	0.0	0.0	0.0	4.376904487609863	0.0	5.775742053985596	0.0	0.0	0.0	0.0	4.5119709968566895	0.0	0.0	3.3369405269622803	0.0	0.0	0.0	0.0	0.0	0.0	0.0	4.476822376251221	0.0	3.968533515930176	4.023029804229736	3.7368690967559814	0.0	4.012074947357178	0.0	0.0	0.0	0.0	0.0	0.0	0.0	3.883286237716675	0.0	0.0	0.0	0.0	0.0	0.0	0.0	0.0	4.0727362632751465	5.05198860168457	0.0	0.0	0.0	0.0	4.669955730438232	4.340031147003174	0.0	0.0	0.0	0.0	0.0	4.240240573883057	4.569335460662842	0.0	0.0	0.0	3.7080259323120117	0.0	4.828725337982178	0.0	3.7837769985198975	0.0	0.0	5.025885105133057	0.0	0.0
0.0	0.0	4.193554401397705	0.0	0.0	3.7577552795410156	3.6735610961914062	0.0	5.032807350158691	0.0	0.0	3.4357635974884033	0.0	0.0	4.457988739013672	0.0	0.0	0.0	0.0	0.0	5.198897838592529	4.542940139770508	0.0	3.9331257343292236	0.0	0.0	0.0	4.382865905761719	0.0	5.785391807556152	0.0	0.0	0.0	0.0	4.519593715667725	0.0	0.0	3.3414955139160156	0.0	0.0	0.0	0.0	0.0	0.0	0.0	4.483343124389648	0.0	3.9747378826141357	4.029766082763672	3.7426881790161133	0.0	4.01786470413208	0.0	0.0	0.0	0.0	0.0	0.0	0.0	3.8884670734405518	0.0	0.0	0.0	0.0	0.0	0.0	0.0	0.0	4.079817771911621	5.060299873352051	0.0	0.0	0.0	0.0	4.676987648010254	4.347160339355469	0.0	0.0	0.0	0.0	0.0	4.246211051940918	4.5761566162109375	0.0	0.0	0.0	3.714456796646118	0.0	4.836378574371338	0.0	3.789247989654541	0.0	0.0	5.033836841583252	0.0	0.0
0.0	0.0	4.191633701324463	0.0	0.0	3.7554006576538086	3.671617031097412	0.0	5.029960632324219	0.0	0.0	3.4347455501556396	0.0	0.0	4.455661296844482	0.0	0.0	0.0	0.0	0.0	5.1950507164001465	4.540206432342529	0.0	3.9309287071228027	0.0	0.0	0.0	4.380498886108398	0.0	5.781853199005127	0.0	0.0	0.0	0.0	4.515809059143066	0.0	0.0	3.340010643005371	0.0	0.0	0.0	0.0	0.0	0.0	0.0	4.48092794418335	0.0	3.9727439880371094	4.027435779571533	3.7396345138549805	0.0	4.015664577484131	0.0	0.0	0.0	0.0	0.0	0.0	0.0	3.8868257999420166	0.0	0.0	0.0	0.0	0.0	0.0	0.0	0.0	4.078299522399902	5.056775093078613	0.0	0.0	0.0	0.0	4.673376560211182	4.344338417053223	0.0	0.0	0.0	0.0	0.0	4.24345064163208	4.573143482208252	0.0	0.0	0.0	3.7125778198242188	0.0	4.833428859710693	0.0	3.787585735321045	0.0	0.0	5.030825138092041	0.0	0.0
0.0	0.0	4.174185752868652	0.0	0.0	3.739509105682373	3.6575140953063965	0.0	5.008670330047607	0.0	0.0	3.4203500747680664	0.0	0.0	4.436101913452148	0.0	0.0	0.0	0.0	0.0	5.172778606414795	4.521077632904053	0.0	3.9150662422180176	0.0	0.0	0.0	4.3623504638671875	0.0	5.7561163902282715	0.0	0.0	0.0	0.0	4.497627258300781	0.0	0.0	3.3266568183898926	0.0	0.0	0.0	0.0	0.0	0.0	0.0	4.461297988891602	0.0	3.9551494121551514	4.011002063751221	3.7252249717712402	0.0	3.9994256496429443	0.0	0.0	0.0	0.0	0.0	0.0	0.0	3.8694491386413574	0.0	0.0	0.0	0.0	0.0	0.0	0.0	0.0	4.06038236618042	5.035504341125488	0.0	0.0	0.0	0.0	4.654399394989014	4.326549053192139	0.0	0.0	0.0	0.0	0.0	4.225860595703125	4.554134845733643	0.0	0.0	0.0	3.6960020065307617	0.0	4.812976837158203	0.0	3.7720654010772705	0.0	0.0	5.010007858276367	0.0	0.0
0.0	0.0	4.189044952392578	0.0	0.0	3.752923011779785	3.6702494621276855	0.0	5.025645732879639	0.0	0.0	3.4324874877929688	0.0	0.0	4.451645374298096	0.0	0.0	0.0	0.0	0.0	5.19102144241333	4.536904335021973	0.0	3.927609920501709	0.0	0.0	0.0	4.377231121063232	0.0	5.777526378631592	0.0	0.0	0.0	0.0	4.513221263885498	0.0	0.0	3.339026689529419	0.0	0.0	0.0	0.0	0.0	0.0	0.0	4.47673225402832	0.0	3.9697234630584717	4.024478435516357	3.7382514476776123	0.0	4.013227939605713	0.0	0.0	0.0	0.0	0.0	0.0	0.0	3.8834571838378906	0.0	0.0	0.0	0.0	0.0	0.0	0.0	0.0	4.074740409851074	5.053832054138184	0.0	0.0	0.0	0.0	4.670489311218262	4.3411664962768555	0.0	0.0	0.0	0.0	0.0	4.240092754364014	4.570013999938965	0.0	0.0	0.0	3.7101547718048096	0.0	4.830824375152588	0.0	3.7858738899230957	0.0	0.0	5.027040958404541	0.0	0.0
0.0	0.0	4.191202640533447	0.0	0.0	3.7539141178131104	3.672661066055298	0.0	5.029064655303955	0.0	0.0	3.434732675552368	0.0	0.0	4.455215930938721	0.0	0.0	0.0	0.0	0.0	5.193812847137451	4.539906024932861	0.0	3.9316439628601074	0.0	0.0	0.0	4.379537105560303	0.0	5.780889511108398	0.0	0.0	0.0	0.0	4.515165328979492	0.0	0.0	3.3400728702545166	0.0	0.0	0.0	0.0	0.0	0.0	0.0	4.478907585144043	0.0	3.971339225769043	4.0265679359436035	3.7400739192962646	0.0	4.015807628631592	0.0	0.0	0.0	0.0	0.0	0.0	0.0	3.886050224304199	0.0	0.0	0.0	0.0	0.0	0.0	0.0	0.0	4.0764288902282715	5.056516170501709	0.0	0.0	0.0	0.0	4.673091888427734	4.343557357788086	0.0	0.0	0.0	0.0	0.0	4.242504119873047	4.5727715492248535	0.0	0.0	0.0	3.7115836143493652	0.0	4.833301067352295	0.0	3.7870938777923584	0.0	0.0	5.029757022857666	0.0	0.0
0.0	0.0	4.207971572875977	0.0	0.0	3.770016670227051	3.6874401569366455	0.0	5.050283908843994	0.0	0.0	3.4484505653381348	0.0	0.0	4.475910186767578	0.0	0.0	0.0	0.0	0.0	5.217041492462158	4.559824466705322	0.0	3.948072910308838	0.0	0.0	0.0	4.3980889320373535	0.0	5.807480335235596	0.0	0.0	0.0	0.0	4.53516149520874	0.0	0.0	3.353085517883301	0.0	0.0	0.0	0.0	0.0	0.0	0.0	4.498380184173584	0.0	3.9886715412139893	4.04311990737915	3.756863594055176	0.0	4.032463550567627	0.0	0.0	0.0	0.0	0.0	0.0	0.0	3.901512384414673	0.0	0.0	0.0	0.0	0.0	0.0	0.0	0.0	4.094542980194092	5.079043388366699	0.0	0.0	0.0	0.0	4.693727493286133	4.363158702850342	0.0	0.0	0.0	0.0	0.0	4.260890960693359	4.592887878417969	0.0	0.0	0.0	3.728201389312744	0.0	4.854571342468262	0.0	3.8035788536071777	0.0	0.0	5.052306175231934	0.0	0.0
0.0	0.0	4.185210227966309	0.0	0.0	3.7489702701568604	3.666835069656372	0.0	5.022062301635742	0.0	0.0	3.429004192352295	0.0	0.0	4.449370384216309	0.0	0.0	0.0	0.0	0.0	5.1872124671936035	4.533499240875244	0.0	3.924938440322876	0.0	0.0	0.0	4.373800754547119	0.0	5.773914813995361	0.0	0.0	0.0	0.0	4.508792877197266	0.0	0.0	3.33542537689209	0.0	0.0	0.0	0.0	0.0	0.0	0.0	4.474196434020996	0.0	3.9671807289123535	4.0222344398498535	3.7355477809906006	0.0	4.010310173034668	0.0	0.0	0.0	0.0	0.0	0.0	0.0	3.8808279037475586	0.0	0.0	0.0	0.0	0.0	0.0	0.0	0.0	4.071471691131592	5.0494256019592285	0.0	0.0	0.0	0.0	4.666926860809326	4.338385105133057	0.0	0.0	0.0	0.0	0.0	4.237009048461914	4.566995143890381	0.0	0.0	0.0	3.706104278564453	0.0	4.82649564743042	0.0	3.782872438430786	0.0	0.0	5.023832321166992	0.0	0.0
0.0	0.0	4.182384014129639	0.0	0.0	3.7470037937164307	3.6648354530334473	0.0	5.018573760986328	0.0	0.0	3.4267218112945557	0.0	0.0	4.4459967613220215	0.0	0.0	0.0	0.0	0.0	5.183421611785889	4.5302886962890625	0.0	3.922638416290283	0.0	0.0	0.0	4.371161937713623	0.0	5.769229888916016	0.0	0.0	0.0	0.0	4.506269931793213	0.0	0.0	3.3330769538879395	0.0	0.0	0.0	0.0	0.0	0.0	0.0	4.470587730407715	0.0	3.964247941970825	4.018237590789795	3.7327022552490234	0.0	4.00815486907959	0.0	0.0	0.0	0.0	0.0	0.0	0.0	3.878582715988159	0.0	0.0	0.0	0.0	0.0	0.0	0.0	0.0	4.0699849128723145	5.046090602874756	0.0	0.0	0.0	0.0	4.663482666015625	4.335274696350098	0.0	0.0	0.0	0.0	0.0	4.2345805168151855	4.564385414123535	0.0	0.0	0.0	3.7046380043029785	0.0	4.823052883148193	0.0	3.779729127883911	0.0	0.0	5.020823001861572	0.0	0.0
0.0	0.0	4.1950249671936035	0.0	0.0	3.758099317550659	3.674682378768921	0.0	5.033658504486084	0.0	0.0	3.436908483505249	0.0	0.0	4.458082675933838	0.0	0.0	0.0	0.0	0.0	5.198761940002441	4.54412317276001	0.0	3.932874917984009	0.0	0.0	0.0	4.38394021987915	0.0	5.786600112915039	0.0	0.0	0.0	0.0	4.518907070159912	0.0	0.0	3.3430233001708984	0.0	0.0	0.0	0.0	0.0	0.0	0.0	4.484015941619873	0.0	3.975710868835449	4.029644966125488	3.7439675331115723	0.0	4.018728733062744	0.0	0.0	0.0	0.0	0.0	0.0	0.0	3.8896546363830566	0.0	0.0	0.0	0.0	0.0	0.0	0.0	0.0	4.081302165985107	5.061100959777832	0.0	0.0	0.0	0.0	4.6777024269104	4.347756385803223	0.0	0.0	0.0	0.0	0.0	4.247094631195068	4.5767130851745605	0.0	0.0	0.0	3.7153549194335938	0.0	4.837592124938965	0.0	3.7908504009246826	0.0	0.0	5.034796237945557	0.0	0.0
0.0	0.0	4.202475070953369	0.0	0.0	3.76485276222229	3.68094801902771	0.0	5.0435309410095215	0.0	0.0	3.4428656101226807	0.0	0.0	4.4681782722473145	0.0	0.0	0.0	0.0	0.0	5.210520267486572	4.551999568939209	0.0	3.941361427307129	0.0	0.0	0.0	4.390852928161621	0.0	5.798096656799316	0.0	0.0	0.0	0.0	4.5285820960998535	0.0	0.0	3.3481686115264893	0.0	0.0	0.0	0.0	0.0	0.0	0.0	4.492069721221924	0.0	3.983224391937256	4.0378522872924805	3.751145601272583	0.0	4.0255022048950195	0.0	0.0	0.0	0.0	0.0	0.0	0.0	3.89616060256958	0.0	0.0	0.0	0.0	0.0	0.0	0.0	0.0	4.088592529296875	5.070743083953857	0.0	0.0	0.0	0.0	4.685911655426025	4.354851722717285	0.0	0.0	0.0	0.0	0.0	4.25498628616333	4.586390495300293	0.0	0.0	0.0	3.7223587036132812	0.0	4.846689224243164	0.0	3.79750919342041	0.0	0.0	5.044102191925049	0.0	0.0
0.0	0.0	4.24750280380249	0.0	0.0	3.8043789863586426	3.7191059589385986	0.0	5.099928855895996	0.0	0.0	3.478982448577881	0.0	0.0	4.517409801483154	0.0	0.0	0.0	0.0	0.0	5.269230842590332	4.603636741638184	0.0	3.9859912395477295	0.0	0.0	0.0	4.439742565155029	0.0	5.8641204833984375	0.0	0.0	0.0	0.0	4.579041481018066	0.0	0.0	3.3812944889068604	0.0	0.0	0.0	0.0	0.0	0.0	0.0	4.540680408477783	0.0	4.026360988616943	4.080734729766846	3.7897794246673584	0.0	4.06864595413208	0.0	0.0	0.0	0.0	0.0	0.0	0.0	3.936952829360962	0.0	0.0	0.0	0.0	0.0	0.0	0.0	0.0	4.134700298309326	5.127450466156006	0.0	0.0	0.0	0.0	4.7390971183776855	4.402524471282959	0.0	0.0	0.0	0.0	0.0	4.300218105316162	4.634469032287598	0.0	0.0	0.0	3.7639005184173584	0.0	4.900435447692871	0.0	3.837759256362915	0.0	0.0	5.100587844848633	0.0	0.0
0.0	0.0	4.197311878204346	0.0	0.0	3.760854959487915	3.676706552505493	0.0	5.036796569824219	0.0	0.0	3.438018798828125	0.0	0.0	4.462432384490967	0.0	0.0	0.0	0.0	0.0	5.203733444213867	4.547328948974609	0.0	3.936854124069214	0.0	0.0	0.0	4.387964725494385	0.0	5.790905475616455	0.0	0.0	0.0	0.0	4.52325439453125	0.0	0.0	3.3443503379821777	0.0	0.0	0.0	0.0	0.0	0.0	0.0	4.487159252166748	0.0	3.9785242080688477	4.032598972320557	3.7464919090270996	0.0	4.021234512329102	0.0	0.0	0.0	0.0	0.0	0.0	0.0	3.892418384552002	0.0	0.0	0.0	0.0	0.0	0.0	0.0	0.0	4.083617687225342	5.064715385437012	0.0	0.0	0.0	0.0	4.681180000305176	4.351068496704102	0.0	0.0	0.0	0.0	0.0	4.250429630279541	4.580223083496094	0.0	0.0	0.0	3.7175331115722656	0.0	4.840282917022705	0.0	3.7926182746887207	0.0	0.0	5.038248062133789	0.0	0.0
0.0	0.0	4.202452659606934	0.0	0.0	3.7617878913879395	3.6783626079559326	0.0	5.0432562828063965	0.0	0.0	3.4380438327789307	0.0	0.0	4.4638543128967285	0.0	0.0	0.0	0.0	0.0	5.208156108856201	4.550922870635986	0.0	3.939298629760742	0.0	0.0	0.0	4.394516468048096	0.0	5.798351287841797	0.0	0.0	0.0	0.0	4.526038646697998	0.0	0.0	3.3436295986175537	0.0	0.0	0.0	0.0	0.0	0.0	0.0	4.493630409240723	0.0	3.982455015182495	4.035126686096191	3.7467546463012695	0.0	4.02681303024292	0.0	0.0	0.0	0.0	0.0	0.0	0.0	3.895393133163452	0.0	0.0	0.0	0.0	0.0	0.0	0.0	0.0	4.089178085327148	5.069804668426514	0.0	0.0	0.0	0.0	4.687075614929199	4.355443954467773	0.0	0.0	0.0	0.0	0.0	4.255483627319336	4.583348751068115	0.0	0.0	0.0	3.719531774520874	0.0	4.845404624938965	0.0	3.795977830886841	0.0	0.0	5.0444793701171875	0.0	0.0
0.0	0.0	4.186394214630127	0.0	0.0	3.7504773139953613	3.668327569961548	0.0	5.023646354675293	0.0	0.0	3.4303314685821533	0.0	0.0	4.44984769821167	0.0	0.0	0.0	0.0	0.0	5.1893157958984375	4.534818172454834	0.0	3.926823854446411	0.0	0.0	0.0	4.375626564025879	0.0	5.775283336639404	0.0	0.0	0.0	0.0	4.510212421417236	0.0	0.0	3.3352534770965576	0.0	0.0	0.0	0.0	0.0	0.0	0.0	4.475800037384033	0.0	3.96858811378479	4.021488189697266	3.737212896347046	0.0	4.011414051055908	0.0	0.0	0.0	0.0	0.0	0.0	0.0	3.8825254440307617	0.0	0.0	0.0	0.0	0.0	0.0	0.0	0.0	4.072481632232666	5.050631999969482	0.0	0.0	0.0	0.0	4.6681013107299805	4.340078353881836	0.0	0.0	0.0	0.0	0.0	4.2377400398254395	4.568916320800781	0.0	0.0	0.0	3.7074198722839355	0.0	4.828121185302734	0.0	3.7829766273498535	0.0	0.0	5.0243239402771	0.0	0.0
0.0	0.0	4.180568218231201	0.0	0.0	3.744502544403076	3.662381649017334	0.0	5.015279293060303	0.0	0.0	3.4247148036956787	0.0	0.0	4.443612575531006	0.0	0.0	0.0	0.0	0.0	5.180481910705566	4.526852130889893	0.0	3.920427083969116	0.0	0.0	0.0	4.368803977966309	0.0	5.765846252441406	0.0	0.0	0.0	0.0	4.503129959106445	0.0	0.0	3.3314836025238037	0.0	0.0	0.0	0.0	0.0	0.0	0.0	4.467817783355713	0.0	3.961947202682495	4.016504287719727	3.7313921451568604	0.0	4.005255699157715	0.0	0.0	0.0	0.0	0.0	0.0	0.0	3.8765382766723633	0.0	0.0	0.0	0.0	0.0	0.0	0.0	0.0	4.066801071166992	5.042769908905029	0.0	0.0	0.0	0.0	4.661067962646484	4.332432270050049	0.0	0.0	0.0	0.0	0.0	4.231492042541504	4.560975551605225	0.0	0.0	0.0	3.7015302181243896	0.0	4.820781707763672	0.0	3.778188943862915	0.0	0.0	5.017282962799072	0.0	0.0
0.0	0.0	4.196727275848389	0.0	0.0	3.759169101715088	3.67679762840271	0.0	5.03556489944458	0.0	0.0	3.438032388687134	0.0	0.0	4.4596710205078125	0.0	0.0	0.0	0.0	0.0	5.20112943649292	4.545619010925293	0.0	3.9362339973449707	0.0	0.0	0.0	4.385420322418213	0.0	5.789915084838867	0.0	0.0	0.0	0.0	4.521510601043701	0.0	0.0	3.3436474800109863	0.0	0.0	0.0	0.0	0.0	0.0	0.0	4.486563682556152	0.0	3.977041244506836	4.0308027267456055	3.7444045543670654	0.0	4.020065784454346	0.0	0.0	0.0	0.0	0.0	0.0	0.0	3.8899106979370117	0.0	0.0	0.0	0.0	0.0	0.0	0.0	0.0	4.082460880279541	5.0623674392700195	0.0	0.0	0.0	0.0	4.679357051849365	4.349160194396973	0.0	0.0	0.0	0.0	0.0	4.247310161590576	4.578812122344971	0.0	0.0	0.0	3.716352939605713	0.0	4.839742660522461	0.0	3.792482376098633	0.0	0.0	5.03610897064209	0.0	0.0
0.0	0.0	4.189133644104004	0.0	0.0	3.7525391578674316	3.6691477298736572	0.0	5.026738166809082	0.0	0.0	3.4312994480133057	0.0	0.0	4.452369213104248	0.0	0.0	0.0	0.0	0.0	5.192615509033203	4.5382184982299805	0.0	3.9287939071655273	0.0	0.0	0.0	4.3788018226623535	0.0	5.77817440032959	0.0	0.0	0.0	0.0	4.5142316818237305	0.0	0.0	3.3377578258514404	0.0	0.0	0.0	0.0	0.0	0.0	0.0	4.477740287780762	0.0	3.9704220294952393	4.025240421295166	3.7385737895965576	0.0	4.013014316558838	0.0	0.0	0.0	0.0	0.0	0.0	0.0	3.8842427730560303	0.0	0.0	0.0	0.0	0.0	0.0	0.0	0.0	4.074620723724365	5.055044651031494	0.0	0.0	0.0	0.0	4.671328067779541	4.341991424560547	0.0	0.0	0.0	0.0	0.0	4.240975379943848	4.570887088775635	0.0	0.0	0.0	3.709190607070923	0.0	4.830727577209473	0.0	3.7849419116973877	0.0	0.0	5.027575969696045	0.0	0.0
0.0	0.0	4.172201156616211	0.0	0.0	3.737422466278076	3.65537166595459	0.0	5.006094932556152	0.0	0.0	3.418567419052124	0.0	0.0	4.433664321899414	0.0	0.0	0.0	0.0	0.0	5.169766426086426	4.519108295440674	0.0	3.913149118423462	0.0	0.0	0.0	4.3605804443359375	0.0	5.755037307739258	0.0	0.0	0.0	0.0	4.4940032958984375	0.0	0.0	3.324551820755005	0.0	0.0	0.0	0.0	0.0	0.0	0.0	4.459876537322998	0.0	3.9546456336975098	4.008646011352539	3.7232131958007812	0.0	3.9981348514556885	0.0	0.0	0.0	0.0	0.0	0.0	0.0	3.868497848510742	0.0	0.0	0.0	0.0	0.0	0.0	0.0	0.0	4.059226036071777	5.033326625823975	0.0	0.0	0.0	0.0	4.652708530426025	4.3244428634643555	0.0	0.0	0.0	0.0	0.0	4.223766326904297	4.5525898933410645	0.0	0.0	0.0	3.695096731185913	0.0	4.8114824295043945	0.0	3.7707459926605225	0.0	0.0	5.0071892738342285	0.0	0.0
0.0	0.0	4.202863693237305	0.0	0.0	3.763497829437256	3.6811718940734863	0.0	5.042837619781494	0.0	0.0	3.4425039291381836	0.0	0.0	4.467740058898926	0.0	0.0	0.0	0.0	0.0	5.208178997039795	4.55159854888916	0.0	3.941060781478882	0.0	0.0	0.0	4.391559600830078	0.0	5.796526908874512	0.0	0.0	0.0	0.0	4.528399467468262	0.0	0.0	3.347101926803589	0.0	0.0	0.0	0.0	0.0	0.0	0.0	4.491873264312744	0.0	3.9836156368255615	4.037652969360352	3.7499992847442627	0.0	4.025674343109131	0.0	0.0	0.0	0.0	0.0	0.0	0.0	3.8964684009552	0.0	0.0	0.0	0.0	0.0	0.0	0.0	0.0	4.08801794052124	5.0703816413879395	0.0	0.0	0.0	0.0	4.685760021209717	4.355255603790283	0.0	0.0	0.0	0.0	0.0	4.25437593460083	4.585169315338135	0.0	0.0	0.0	3.7214150428771973	0.0	4.845076084136963	0.0	3.7963814735412598	0.0	0.0	5.04403018951416	0.0	0.0
0.0	0.0	4.180536270141602	0.0	0.0	3.744946002960205	3.6629981994628906	0.0	5.016138553619385	0.0	0.0	3.4260094165802	0.0	0.0	4.4432454109191895	0.0	0.0	0.0	0.0	0.0	5.181535720825195	4.527884483337402	0.0	3.9197769165039062	0.0	0.0	0.0	4.368781089782715	0.0	5.766210079193115	0.0	0.0	0.0	0.0	4.504688739776611	0.0	0.0	3.3317008018493652	0.0	0.0	0.0	0.0	0.0	0.0	0.0	4.467956066131592	0.0	3.962550401687622	4.016960144042969	3.7313904762268066	0.0	4.005360126495361	0.0	0.0	0.0	0.0	0.0	0.0	0.0	3.8761470317840576	0.0	0.0	0.0	0.0	0.0	0.0	0.0	0.0	4.067410469055176	5.043107032775879	0.0	0.0	0.0	0.0	4.660935401916504	4.333076477050781	0.0	0.0	0.0	0.0	0.0	4.231727123260498	4.561822891235352	0.0	0.0	0.0	3.7021050453186035	0.0	4.820562362670898	0.0	3.777273178100586	0.0	0.0	5.017626762390137	0.0	0.0
0.0	0.0	4.192686557769775	0.0	0.0	3.756150007247925	3.6724390983581543	0.0	5.0308518409729	0.0	0.0	3.4348926544189453	0.0	0.0	4.457279205322266	0.0	0.0	0.0	0.0	0.0	5.196279525756836	4.5411224365234375	0.0	3.9313690662384033	0.0	0.0	0.0	4.381618499755859	0.0	5.782924175262451	0.0	0.0	0.0	0.0	4.516991138458252	0.0	0.0	3.340599536895752	0.0	0.0	0.0	0.0	0.0	0.0	0.0	4.482168674468994	0.0	3.9738762378692627	4.028477668762207	3.74075984954834	0.0	4.017090797424316	0.0	0.0	0.0	0.0	0.0	0.0	0.0	3.887535810470581	0.0	0.0	0.0	0.0	0.0	0.0	0.0	0.0	4.078736305236816	5.05845308303833	0.0	0.0	0.0	0.0	4.674654006958008	4.345246315002441	0.0	0.0	0.0	0.0	0.0	4.244137763977051	4.574296474456787	0.0	0.0	0.0	3.713289737701416	0.0	4.834491729736328	0.0	3.788477897644043	0.0	0.0	5.031980991363525	0.0	0.0
0.0	0.0	4.186084747314453	0.0	0.0	3.750272274017334	3.668048858642578	0.0	5.024176597595215	0.0	0.0	3.4294440746307373	0.0	0.0	4.450495719909668	0.0	0.0	0.0	0.0	0.0	5.189364433288574	4.535510063171387	0.0	3.9267737865448	0.0	0.0	0.0	4.3757500648498535	0.0	5.775272369384766	0.0	0.0	0.0	0.0	4.511037826538086	0.0	0.0	3.336225748062134	0.0	0.0	0.0	0.0	0.0	0.0	0.0	4.475153923034668	0.0	3.9680662155151367	4.023185729980469	3.736146926879883	0.0	4.011991500854492	0.0	0.0	0.0	0.0	0.0	0.0	0.0	3.8815011978149414	0.0	0.0	0.0	0.0	0.0	0.0	0.0	0.0	4.073461055755615	5.052128791809082	0.0	0.0	0.0	0.0	4.6691975593566895	4.34035587310791	0.0	0.0	0.0	0.0	0.0	4.238180160522461	4.5682244300842285	0.0	0.0	0.0	3.7080414295196533	0.0	4.828883171081543	0.0	3.7835049629211426	0.0	0.0	5.025018692016602	0.0	0.0
0.0	0.0	4.175893306732178	0.0	0.0	3.7417960166931152	3.6592788696289062	0.0	5.011305809020996	0.0	0.0	3.422189235687256	0.0	0.0	4.438897609710693	0.0	0.0	0.0	0.0	0.0	5.176087379455566	4.523298740386963	0.0	3.916332960128784	0.0	0.0	0.0	4.364906311035156	0.0	5.7605485916137695	0.0	0.0	0.0	0.0	4.499731540679932	0.0	0.0	3.328249216079712	0.0	0.0	0.0	0.0	0.0	0.0	0.0	4.463551998138428	0.0	3.9587275981903076	4.013211250305176	3.7284746170043945	0.0	4.001680850982666	0.0	0.0	0.0	0.0	0.0	0.0	0.0	3.8731818199157715	0.0	0.0	0.0	0.0	0.0	0.0	0.0	0.0	4.0628790855407715	5.039117336273193	0.0	0.0	0.0	0.0	4.656893730163574	4.329503059387207	0.0	0.0	0.0	0.0	0.0	4.227612018585205	4.5580549240112305	0.0	0.0	0.0	3.698387384414673	0.0	4.8157734870910645	0.0	3.7742931842803955	0.0	0.0	5.012643337249756	0.0	0.0
0.0	0.0	4.207180976867676	0.0	0.0	3.7697885036468506	3.6859335899353027	0.0	5.0493974685668945	0.0	0.0	3.4467296600341797	0.0	0.0	4.472836017608643	0.0	0.0	0.0	0.0	0.0	5.214582443237305	4.557295322418213	0.0	3.945826292037964	0.0	0.0	0.0	4.396618843078613	0.0	5.804948329925537	0.0	0.0	0.0	0.0	4.533210277557373	0.0	0.0	3.3522067070007324	0.0	0.0	0.0	0.0	0.0	0.0	0.0	4.497437000274658	0.0	3.9873037338256836	4.04209566116333	3.754650354385376	0.0	4.031116962432861	0.0	0.0	0.0	0.0	0.0	0.0	0.0	3.9011433124542236	0.0	0.0	0.0	0.0	0.0	0.0	0.0	0.0	4.0926833152771	5.076808929443359	0.0	0.0	0.0	0.0	4.691252708435059	4.3601508140563965	0.0	0.0	0.0	0.0	0.0	4.2588348388671875	4.590527057647705	0.0	0.0	0.0	3.7273881435394287	0.0	4.852243900299072	0.0	3.8008546829223633	0.0	0.0	5.049926280975342	0.0	0.0
0.0	0.0	4.188520431518555	0.0	0.0	3.7521684169769287	3.6691715717315674	0.0	5.025730133056641	0.0	0.0	3.4305834770202637	0.0	0.0	4.451705455780029	0.0	0.0	0.0	0.0	0.0	5.190887451171875	4.536945343017578	0.0	3.927933692932129	0.0	0.0	0.0	4.377908706665039	0.0	5.777961254119873	0.0	0.0	0.0	0.0	4.51314115524292	0.0	0.0	3.338193893432617	0.0	0.0	0.0	0.0	0.0	0.0	0.0	4.477507591247559	0.0	3.9704477787017822	4.0244340896606445	3.737626552581787	0.0	4.014388084411621	0.0	0.0	0.0	0.0	0.0	0.0	0.0	3.8833746910095215	0.0	0.0	0.0	0.0	0.0	0.0	0.0	0.0	4.075135707855225	5.053794860839844	0.0	0.0	0.0	0.0	4.670675754547119	4.341564178466797	0.0	0.0	0.0	0.0	0.0	4.240522861480713	4.570960998535156	0.0	0.0	0.0	3.709333896636963	0.0	4.830643653869629	0.0	3.7855796813964844	0.0	0.0	5.027709484100342	0.0	0.0
0.0	0.0	4.18909215927124	0.0	0.0	3.75184965133667	3.6690361499786377	0.0	5.0259175300598145	0.0	0.0	3.4315073490142822	0.0	0.0	4.452409267425537	0.0	0.0	0.0	0.0	0.0	5.1916069984436035	4.537344932556152	0.0	3.9282729625701904	0.0	0.0	0.0	4.377392768859863	0.0	5.777639865875244	0.0	0.0	0.0	0.0	4.513293743133545	0.0	0.0	3.3367505073547363	0.0	0.0	0.0	0.0	0.0	0.0	0.0	4.47725772857666	0.0	3.969951629638672	4.0233635902404785	3.7374677658081055	0.0	4.01270866394043	0.0	0.0	0.0	0.0	0.0	0.0	0.0	3.883871078491211	0.0	0.0	0.0	0.0	0.0	0.0	0.0	0.0	4.0753326416015625	5.0539069175720215	0.0	0.0	0.0	0.0	4.67040491104126	4.3413567543029785	0.0	0.0	0.0	0.0	0.0	4.240872383117676	4.570109844207764	0.0	0.0	0.0	3.7087433338165283	0.0	4.830605983734131	0.0	3.784630537033081	0.0	0.0	5.027059078216553	0.0	0.0
0.0	0.0	4.263917922973633	0.0	0.0	3.81705904006958	3.7331225872039795	0.0	5.117707252502441	0.0	0.0	3.488095283508301	0.0	0.0	4.532989978790283	0.0	0.0	0.0	0.0	0.0	5.287597179412842	4.620424747467041	0.0	4.000293731689453	0.0	0.0	0.0	4.454904079437256	0.0	5.885237216949463	0.0	0.0	0.0	0.0	4.5968708992004395	0.0	0.0	3.3911373615264893	0.0	0.0	0.0	0.0	0.0	0.0	0.0	4.557305335998535	0.0	4.042173385620117	4.0932722091674805	3.8018438816070557	0.0	4.082339763641357	0.0	0.0	0.0	0.0	0.0	0.0	0.0	3.949941873550415	0.0	0.0	0.0	0.0	0.0	0.0	0.0	0.0	4.1476826667785645	5.1464691162109375	0.0	0.0	0.0	0.0	4.757300853729248	4.418143272399902	0.0	0.0	0.0	0.0	0.0	4.315882682800293	4.651298999786377	0.0	0.0	0.0	3.7772765159606934	0.0	4.91825008392334	0.0	3.8498072624206543	0.0	0.0	5.117161273956299	0.0	0.0
0.0	0.0	4.175867557525635	0.0	0.0	3.741116762161255	3.6585798263549805	0.0	5.010590553283691	0.0	0.0	3.421861410140991	0.0	0.0	4.438828945159912	0.0	0.0	0.0	0.0	0.0	5.175706386566162	4.523089408874512	0.0	3.9159915447235107	0.0	0.0	0.0	4.364946365356445	0.0	5.759799003601074	0.0	0.0	0.0	0.0	4.4989705085754395	0.0	0.0	3.3276777267456055	0.0	0.0	0.0	0.0	0.0	0.0	0.0	4.463780879974365	0.0	3.95773983001709	4.012845993041992	3.727562665939331	0.0	4.001715183258057	0.0	0.0	0.0	0.0	0.0	0.0	0.0	3.872512102127075	0.0	0.0	0.0	0.0	0.0	0.0	0.0	0.0	4.062601089477539	5.03776741027832	0.0	0.0	0.0	0.0	4.655364990234375	4.328250408172607	0.0	0.0	0.0	0.0	0.0	4.228736400604248	4.557487964630127	0.0	0.0	0.0	3.697699785232544	0.0	4.815395832061768	0.0	3.774056911468506	0.0	0.0	5.012070655822754	0.0	0.0
0.0	0.0	4.173957824707031	0.0	0.0	3.7383832931518555	3.6562623977661133	0.0	5.008327960968018	0.0	0.0	3.419583559036255	0.0	0.0	4.4361371994018555	0.0	0.0	0.0	0.0	0.0	5.172638416290283	4.5203166007995605	0.0	3.915053129196167	0.0	0.0	0.0	4.363391876220703	0.0	5.757018566131592	0.0	0.0	0.0	0.0	4.4966325759887695	0.0	0.0	3.326308488845825	0.0	0.0	0.0	0.0	0.0	0.0	0.0	4.463379859924316	0.0	3.9561712741851807	4.0117011070251465	3.7243618965148926	0.0	3.999164581298828	0.0	0.0	0.0	0.0	0.0	0.0	0.0	3.87023663520813	0.0	0.0	0.0	0.0	0.0	0.0	0.0	0.0	4.060605049133301	5.0361809730529785	0.0	0.0	0.0	0.0	4.655023574829102	4.325682163238525	0.0	0.0	0.0	0.0	0.0	4.226039886474609	4.555083274841309	0.0	0.0	0.0	3.6951904296875	0.0	4.812786102294922	0.0	3.772115707397461	0.0	0.0	5.009472370147705	0.0	0.0
0.0	0.0	4.185108661651611	0.0	0.0	3.7498011589050293	3.666869640350342	0.0	5.022615432739258	0.0	0.0	3.4302029609680176	0.0	0.0	4.449674606323242	0.0	0.0	0.0	0.0	0.0	5.188653945922852	4.53421688079834	0.0	3.9252350330352783	0.0	0.0	0.0	4.375441074371338	0.0	5.773719310760498	0.0	0.0	0.0	0.0	4.5093231201171875	0.0	0.0	3.3348052501678467	0.0	0.0	0.0	0.0	0.0	0.0	0.0	4.474103927612305	0.0	3.966881275177002	4.02208137512207	3.7358663082122803	0.0	4.010381698608398	0.0	0.0	0.0	0.0	0.0	0.0	0.0	3.8815205097198486	0.0	0.0	0.0	0.0	0.0	0.0	0.0	0.0	4.072634220123291	5.0496697425842285	0.0	0.0	0.0	0.0	4.666800022125244	4.338556289672852	0.0	0.0	0.0	0.0	0.0	4.237536907196045	4.568270206451416	0.0	0.0	0.0	3.707169771194458	0.0	4.8263115882873535	0.0	3.7823140621185303	0.0	0.0	5.024196624755859	0.0	0.0
0.0	0.0	4.1997857093811035	0.0	0.0	3.7627384662628174	3.67864727973938	0.0	5.040564060211182	0.0	0.0	3.440910577774048	0.0	0.0	4.464176654815674	0.0	0.0	0.0	0.0	0.0	5.206079483032227	4.548674583435059	0.0	3.937838554382324	0.0	0.0	0.0	4.389010429382324	0.0	5.7934370040893555	0.0	0.0	0.0	0.0	4.524898529052734	0.0	0.0	3.345980167388916	0.0	0.0	0.0	0.0	0.0	0.0	0.0	4.487922191619873	0.0	3.9800078868865967	4.033679008483887	3.747731924057007	0.0	4.023827075958252	0.0	0.0	0.0	0.0	0.0	0.0	0.0	3.895003080368042	0.0	0.0	0.0	0.0	0.0	0.0	0.0	0.0	4.084364414215088	5.067971706390381	0.0	0.0	0.0	0.0	4.683419227600098	4.353051662445068	0.0	0.0	0.0	0.0	0.0	4.251515865325928	4.582915306091309	0.0	0.0	0.0	3.71905517578125	0.0	4.843244552612305	0.0	3.7945430278778076	0.0	0.0	5.040716648101807	0.0	0.0
0.0	0.0	4.200264930725098	0.0	0.0	3.7626099586486816	3.679419994354248	0.0	5.040287017822266	0.0	0.0	3.442406415939331	0.0	0.0	4.465218544006348	0.0	0.0	0.0	0.0	0.0	5.20682954788208	4.550346851348877	0.0	3.9392035007476807	0.0	0.0	0.0	4.3893842697143555	0.0	5.794455528259277	0.0	0.0	0.0	0.0	4.526071071624756	0.0	0.0	3.3467462062835693	0.0	0.0	0.0	0.0	0.0	0.0	0.0	4.48914909362793	0.0	3.981261968612671	4.035221099853516	3.748533248901367	0.0	4.02421236038208	0.0	0.0	0.0	0.0	0.0	0.0	0.0	3.894798994064331	0.0	0.0	0.0	0.0	0.0	0.0	0.0	0.0	4.08661413192749	5.067716598510742	0.0	0.0	0.0	0.0	4.683328151702881	4.353305339813232	0.0	0.0	0.0	0.0	0.0	4.252234935760498	4.584704875946045	0.0	0.0	0.0	3.720154047012329	0.0	4.844301700592041	0.0	3.795711040496826	0.0	0.0	5.041486740112305	0.0	0.0
0.0	0.0	4.184432506561279	0.0	0.0	3.749162435531616	3.666839122772217	0.0	5.022177696228027	0.0	0.0	3.429032564163208	0.0	0.0	4.449118614196777	0.0	0.0	0.0	0.0	0.0	5.187534332275391	4.5334696769714355	0.0	3.925199508666992	0.0	0.0	0.0	4.373453617095947	0.0	5.773388385772705	0.0	0.0	0.0	0.0	4.5099406242370605	0.0	0.0	3.334550380706787	0.0	0.0	0.0	0.0	0.0	0.0	0.0	4.473525524139404	0.0	3.9669041633605957	4.021380424499512	3.7350025177001953	0.0	4.00960111618042	0.0	0.0	0.0	0.0	0.0	0.0	0.0	3.8815927505493164	0.0	0.0	0.0	0.0	0.0	0.0	0.0	0.0	4.072055816650391	5.049496650695801	0.0	0.0	0.0	0.0	4.666915416717529	4.338418960571289	0.0	0.0	0.0	0.0	0.0	4.23710823059082	4.566929817199707	0.0	0.0	0.0	3.706406593322754	0.0	4.826669216156006	0.0	3.782358407974243	0.0	0.0	5.02370023727417	0.0	0.0
0.0	0.0	4.194113254547119	0.0	0.0	3.754962921142578	3.6724605560302734	0.0	5.0312299728393555	0.0	0.0	3.43302321434021	0.0	0.0	4.455368995666504	0.0	0.0	0.0	0.0	0.0	5.1966776847839355	4.541331768035889	0.0	3.932969570159912	0.0	0.0	0.0	4.384607791900635	0.0	5.784056663513184	0.0	0.0	0.0	0.0	4.5158915519714355	0.0	0.0	3.339860200881958	0.0	0.0	0.0	0.0	0.0	0.0	0.0	4.484241962432861	0.0	3.9748172760009766	4.028855323791504	3.7399749755859375	0.0	4.017484664916992	0.0	0.0	0.0	0.0	0.0	0.0	0.0	3.8867053985595703	0.0	0.0	0.0	0.0	0.0	0.0	0.0	0.0	4.079685211181641	5.058475494384766	0.0	0.0	0.0	0.0	4.675260066986084	4.346193790435791	0.0	0.0	0.0	0.0	0.0	4.245604991912842	4.575424671173096	0.0	0.0	0.0	3.7130796909332275	0.0	4.835241794586182	0.0	3.7898035049438477	0.0	0.0	5.0325212478637695	0.0	0.0
0.0	0.0	4.173404693603516	0.0	0.0	3.7386159896850586	3.6563215255737305	0.0	5.00672721862793	0.0	0.0	3.419043779373169	0.0	0.0	4.434569358825684	0.0	0.0	0.0	0.0	0.0	5.171773433685303	4.519732475280762	0.0	3.9130263328552246	0.0	0.0	0.0	4.362183094024658	0.0	5.755415916442871	0.0	0.0	0.0	0.0	4.495463848114014	0.0	0.0	3.324978828430176	0.0	0.0	0.0	0.0	0.0	0.0	0.0	4.460949420928955	0.0	3.954502582550049	4.009840488433838	3.7238008975982666	0.0	3.998061418533325	0.0	0.0	0.0	0.0	0.0	0.0	0.0	3.8698441982269287	0.0	0.0	0.0	0.0	0.0	0.0	0.0	0.0	4.059048652648926	5.034724712371826	0.0	0.0	0.0	0.0	4.65287971496582	4.325916290283203	0.0	0.0	0.0	0.0	0.0	4.224966049194336	4.554139137268066	0.0	0.0	0.0	3.6952126026153564	0.0	4.811581134796143	0.0	3.770958185195923	0.0	0.0	5.008995532989502	0.0	0.0
0.0	0.0	4.196816444396973	0.0	0.0	3.759807586669922	3.6755170822143555	0.0	5.035948276519775	0.0	0.0	3.438019037246704	0.0	0.0	4.461700439453125	0.0	0.0	0.0	0.0	0.0	5.2015604972839355	4.545241832733154	0.0	3.9352869987487793	0.0	0.0	0.0	4.386812686920166	0.0	5.788686752319336	0.0	0.0	0.0	0.0	4.521975994110107	0.0	0.0	3.343245267868042	0.0	0.0	0.0	0.0	0.0	0.0	0.0	4.485296726226807	0.0	3.9768598079681396	4.032299995422363	3.744821071624756	0.0	4.021590232849121	0.0	0.0	0.0	0.0	0.0	0.0	0.0	3.8901522159576416	0.0	0.0	0.0	0.0	0.0	0.0	0.0	0.0	4.080977439880371	5.063904285430908	0.0	0.0	0.0	0.0	4.679245471954346	4.348382472991943	0.0	0.0	0.0	0.0	0.0	4.248464584350586	4.5786871910095215	0.0	0.0	0.0	3.716266393661499	0.0	4.838741779327393	0.0	3.7920942306518555	0.0	0.0	5.0369415283203125	0.0	0.0
0.0	0.0	4.1965460777282715	0.0	0.0	3.7578141689300537	3.6764369010925293	0.0	5.034328460693359	0.0	0.0	3.4369475841522217	0.0	0.0	4.460114002227783	0.0	0.0	0.0	0.0	0.0	5.2005205154418945	4.545073509216309	0.0	3.934309482574463	0.0	0.0	0.0	4.385684967041016	0.0	5.78864860534668	0.0	0.0	0.0	0.0	4.519887447357178	0.0	0.0	3.3423712253570557	0.0	0.0	0.0	0.0	0.0	0.0	0.0	4.486059665679932	0.0	3.9773778915405273	4.0312042236328125	3.7426881790161133	0.0	4.020617961883545	0.0	0.0	0.0	0.0	0.0	0.0	0.0	3.8907206058502197	0.0	0.0	0.0	0.0	0.0	0.0	0.0	0.0	4.082430362701416	5.062240123748779	0.0	0.0	0.0	0.0	4.678678512573242	4.349077224731445	0.0	0.0	0.0	0.0	0.0	4.247758865356445	4.578155994415283	0.0	0.0	0.0	3.71527099609375	0.0	4.838883876800537	0.0	3.7920329570770264	0.0	0.0	5.03641939163208	0.0	0.0
0.0	0.0	4.19136381149292	0.0	0.0	3.7548727989196777	3.6725144386291504	0.0	5.029272556304932	0.0	0.0	3.4350194931030273	0.0	0.0	4.455012798309326	0.0	0.0	0.0	0.0	0.0	5.194787979125977	4.540544509887695	0.0	3.9313271045684814	0.0	0.0	0.0	4.381382942199707	0.0	5.781769752502441	0.0	0.0	0.0	0.0	4.5160017013549805	0.0	0.0	3.3403220176696777	0.0	0.0	0.0	0.0	0.0	0.0	0.0	4.480285167694092	0.0	3.9722015857696533	4.027612686157227	3.7413723468780518	0.0	4.016583442687988	0.0	0.0	0.0	0.0	0.0	0.0	0.0	3.886664390563965	0.0	0.0	0.0	0.0	0.0	0.0	0.0	0.0	4.078100681304932	5.057556629180908	0.0	0.0	0.0	0.0	4.674179553985596	4.344470500946045	0.0	0.0	0.0	0.0	0.0	4.243454933166504	4.573709487915039	0.0	0.0	0.0	3.712196111679077	0.0	4.834015369415283	0.0	3.7881863117218018	0.0	0.0	5.030680179595947	0.0	0.0
0.0	0.0	4.188421726226807	0.0	0.0	3.7514939308166504	3.6689016819000244	0.0	5.024999141693115	0.0	0.0	3.432105779647827	0.0	0.0	4.451772212982178	0.0	0.0	0.0	0.0	0.0	5.189596652984619	4.536410331726074	0.0	3.927622079849243	0.0	0.0	0.0	4.376476287841797	0.0	5.776451587677002	0.0	0.0	0.0	0.0	4.511390686035156	0.0	0.0	3.3373310565948486	0.0	0.0	0.0	0.0	0.0	0.0	0.0	4.476518154144287	0.0	3.9690968990325928	4.023016929626465	3.736750364303589	0.0	4.012545585632324	0.0	0.0	0.0	0.0	0.0	0.0	0.0	3.8836982250213623	0.0	0.0	0.0	0.0	0.0	0.0	0.0	0.0	4.074120998382568	5.052623271942139	0.0	0.0	0.0	0.0	4.668997287750244	4.340910911560059	0.0	0.0	0.0	0.0	0.0	4.239618301391602	4.570126533508301	0.0	0.0	0.0	3.7081704139709473	0.0	4.829693794250488	0.0	3.784871816635132	0.0	0.0	5.026073455810547	0.0	0.0
0.0	0.0	4.196073055267334	0.0	0.0	3.759162664413452	3.6757826805114746	0.0	5.0364861488342285	0.0	0.0	3.436652421951294	0.0	0.0	4.460136413574219	0.0	0.0	0.0	0.0	0.0	5.200262069702148	4.544076442718506	0.0	3.93481183052063	0.0	0.0	0.0	4.385410785675049	0.0	5.789045810699463	0.0	0.0	0.0	0.0	4.521300792694092	0.0	0.0	3.342801570892334	0.0	0.0	0.0	0.0	0.0	0.0	0.0	4.485910892486572	0.0	3.9776864051818848	4.032236099243164	3.7440669536590576	0.0	4.019798278808594	0.0	0.0	0.0	0.0	0.0	0.0	0.0	3.890471935272217	0.0	0.0	0.0	0.0	0.0	0.0	0.0	0.0	4.0825653076171875	5.062057018280029	0.0	0.0	0.0	0.0	4.678992748260498	4.349316596984863	0.0	0.0	0.0	0.0	0.0	4.247653007507324	4.577652931213379	0.0	0.0	0.0	3.7163405418395996	0.0	4.839004039764404	0.0	3.7923130989074707	0.0	0.0	5.036377429962158	0.0	0.0
0.0	0.0	4.199584484100342	0.0	0.0	3.7627816200256348	3.678783416748047	0.0	5.0396833419799805	0.0	0.0	3.439241409301758	0.0	0.0	4.4630913734436035	0.0	0.0	0.0	0.0	0.0	5.204041481018066	4.54714298248291	0.0	3.936944007873535	0.0	0.0	0.0	4.389561653137207	0.0	5.79272985458374	0.0	0.0	0.0	0.0	4.525047779083252	0.0	0.0	3.345578193664551	0.0	0.0	0.0	0.0	0.0	0.0	0.0	4.489107131958008	0.0	3.9804069995880127	4.035000801086426	3.745953321456909	0.0	4.024150848388672	0.0	0.0	0.0	0.0	0.0	0.0	0.0	3.8932316303253174	0.0	0.0	0.0	0.0	0.0	0.0	0.0	0.0	4.0843729972839355	5.066614627838135	0.0	0.0	0.0	0.0	4.6822004318237305	4.352873802185059	0.0	0.0	0.0	0.0	0.0	4.251042366027832	4.5812153816223145	0.0	0.0	0.0	3.7187581062316895	0.0	4.842768669128418	0.0	3.793480634689331	0.0	0.0	5.039181709289551	0.0	0.0
0.0	0.0	4.1917243003845215	0.0	0.0	3.7556235790252686	3.6719791889190674	0.0	5.030953884124756	0.0	0.0	3.4340858459472656	0.0	0.0	4.456744194030762	0.0	0.0	0.0	0.0	0.0	5.195384979248047	4.540879726409912	0.0	3.931410551071167	0.0	0.0	0.0	4.381247043609619	0.0	5.783029079437256	0.0	0.0	0.0	0.0	4.516185283660889	0.0	0.0	3.339456558227539	0.0	0.0	0.0	0.0	0.0	0.0	0.0	4.481567859649658	0.0	3.9730417728424072	4.027175426483154	3.7417140007019043	0.0	4.016435623168945	0.0	0.0	0.0	0.0	0.0	0.0	0.0	3.886719226837158	0.0	0.0	0.0	0.0	0.0	0.0	0.0	0.0	4.078588485717773	5.057624816894531	0.0	0.0	0.0	0.0	4.6745076179504395	4.345921993255615	0.0	0.0	0.0	0.0	0.0	4.244810104370117	4.573562145233154	0.0	0.0	0.0	3.7130610942840576	0.0	4.834259510040283	0.0	3.788208484649658	0.0	0.0	5.031353950500488	0.0	0.0
0.0	0.0	4.186614513397217	0.0	0.0	3.750950336456299	3.6676483154296875	0.0	5.023871898651123	0.0	0.0	3.4300150871276855	0.0	0.0	4.450014114379883	0.0	0.0	0.0	0.0	0.0	5.188815116882324	4.53472375869751	0.0	3.926971197128296	0.0	0.0	0.0	4.375770568847656	0.0	5.775371551513672	0.0	0.0	0.0	0.0	4.510481357574463	0.0	0.0	3.335878610610962	0.0	0.0	0.0	0.0	0.0	0.0	0.0	4.4747796058654785	0.0	3.9681284427642822	4.021820068359375	3.735942840576172	0.0	4.011229038238525	0.0	0.0	0.0	0.0	0.0	0.0	0.0	3.881708860397339	0.0	0.0	0.0	0.0	0.0	0.0	0.0	0.0	4.073022365570068	5.051961898803711	0.0	0.0	0.0	0.0	4.668496608734131	4.339381694793701	0.0	0.0	0.0	0.0	0.0	4.238378047943115	4.56848669052124	0.0	0.0	0.0	3.7083823680877686	0.0	4.828292369842529	0.0	3.7840073108673096	0.0	0.0	5.024589538574219	0.0	0.0
0.0	0.0	4.189690113067627	0.0	0.0	3.7516837120056152	3.6690833568573	0.0	5.02727746963501	0.0	0.0	3.429485321044922	0.0	0.0	4.451453685760498	0.0	0.0	0.0	0.0	0.0	5.191638946533203	4.53717041015625	0.0	3.9285783767700195	0.0	0.0	0.0	4.380013465881348	0.0	5.7775959968566895	0.0	0.0	0.0	0.0	4.511837005615234	0.0	0.0	3.335787773132324	0.0	0.0	0.0	0.0	0.0	0.0	0.0	4.479128837585449	0.0	3.9701485633850098	4.023697376251221	3.7360825538635254	0.0	4.013429164886475	0.0	0.0	0.0	0.0	0.0	0.0	0.0	3.8826656341552734	0.0	0.0	0.0	0.0	0.0	0.0	0.0	0.0	4.074600696563721	5.053781986236572	0.0	0.0	0.0	0.0	4.671579837799072	4.342341899871826	0.0	0.0	0.0	0.0	0.0	4.240533828735352	4.57056188583374	0.0	0.0	0.0	3.7079529762268066	0.0	4.829756736755371	0.0	3.7858147621154785	0.0	0.0	5.02683162689209	0.0	0.0
0.0	0.0	4.188981056213379	0.0	0.0	3.7535839080810547	3.6700918674468994	0.0	5.026966571807861	0.0	0.0	3.4326610565185547	0.0	0.0	4.453586101531982	0.0	0.0	0.0	0.0	0.0	5.191388130187988	4.538309574127197	0.0	3.9287843704223633	0.0	0.0	0.0	4.378509044647217	0.0	5.778037071228027	0.0	0.0	0.0	0.0	4.513155460357666	0.0	0.0	3.337994337081909	0.0	0.0	0.0	0.0	0.0	0.0	0.0	4.478111267089844	0.0	3.969999313354492	4.025135040283203	3.7382442951202393	0.0	4.01453971862793	0.0	0.0	0.0	0.0	0.0	0.0	0.0	3.884719133377075	0.0	0.0	0.0	0.0	0.0	0.0	0.0	0.0	4.0752692222595215	5.054758071899414	0.0	0.0	0.0	0.0	4.671290874481201	4.341620922088623	0.0	0.0	0.0	0.0	0.0	4.241248607635498	4.5712480545043945	0.0	0.0	0.0	3.7101128101348877	0.0	4.831233501434326	0.0	3.785853862762451	0.0	0.0	5.027888298034668	0.0	0.0
0.0	0.0	4.197917938232422	0.0	0.0	3.760157346725464	3.675629138946533	0.0	5.0368876457214355	0.0	0.0	3.43945050239563	0.0	0.0	4.462257385253906	0.0	0.0	0.0	0.0	0.0	5.203953266143799	4.546792984008789	0.0	3.935621500015259	0.0	0.0	0.0	4.387224197387695	0.0	5.79005765914917	0.0	0.0	0.0	0.0	4.523317813873291	0.0	0.0	3.3440768718719482	0.0	0.0	0.0	0.0	0.0	0.0	0.0	4.485620498657227	0.0	3.9775490760803223	4.031809329986572	3.7461838722229004	0.0	4.021185398101807	0.0	0.0	0.0	0.0	0.0	0.0	0.0	3.8916995525360107	0.0	0.0	0.0	0.0	0.0	0.0	0.0	0.0	4.083113193511963	5.0648603439331055	0.0	0.0	0.0	0.0	4.680290699005127	4.350063323974609	0.0	0.0	0.0	0.0	0.0	4.24898099899292	4.579866409301758	0.0	0.0	0.0	3.7175099849700928	0.0	4.840238571166992	0.0	3.7917168140411377	0.0	0.0	5.038780212402344	0.0	0.0
0.0	0.0	4.185754776000977	0.0	0.0	3.7484676837921143	3.665175199508667	0.0	5.0216755867004395	0.0	0.0	3.4276251792907715	0.0	0.0	4.448308944702148	0.0	0.0	0.0	0.0	0.0	5.186412811279297	4.532779693603516	0.0	3.9250104427337646	0.0	0.0	0.0	4.374295711517334	0.0	5.773463249206543	0.0	0.0	0.0	0.0	4.508203029632568	0.0	0.0	3.333482503890991	0.0	0.0	0.0	0.0	0.0	0.0	0.0	4.473862171173096	0.0	3.965954303741455	4.020984172821045	3.733513355255127	0.0	4.008929252624512	0.0	0.0	0.0	0.0	0.0	0.0	0.0	3.879476547241211	0.0	0.0	0.0	0.0	0.0	0.0	0.0	0.0	4.070798397064209	5.048769474029541	0.0	0.0	0.0	0.0	4.666774272918701	4.3377461433410645	0.0	0.0	0.0	0.0	0.0	4.237268924713135	4.5669660568237305	0.0	0.0	0.0	3.704766273498535	0.0	4.825441360473633	0.0	3.782531261444092	0.0	0.0	5.022111415863037	0.0	0.0
0.0	0.0	4.183109760284424	0.0	0.0	3.748307228088379	3.66597056388855	0.0	5.020126819610596	0.0	0.0	3.427717685699463	0.0	0.0	4.44685173034668	0.0	0.0	0.0	0.0	0.0	5.185695648193359	4.532053470611572	0.0	3.9229743480682373	0.0	0.0	0.0	4.371593952178955	0.0	5.770500183105469	0.0	0.0	0.0	0.0	4.5073957443237305	0.0	0.0	3.334426164627075	0.0	0.0	0.0	0.0	0.0	0.0	0.0	4.471170425415039	0.0	3.964733123779297	4.019671440124512	3.734389543533325	0.0	4.008818626403809	0.0	0.0	0.0	0.0	0.0	0.0	0.0	3.87930965423584	0.0	0.0	0.0	0.0	0.0	0.0	0.0	0.0	4.070202827453613	5.0478997230529785	0.0	0.0	0.0	0.0	4.665304183959961	4.33634090423584	0.0	0.0	0.0	0.0	0.0	4.235496520996094	4.565126419067383	0.0	0.0	0.0	3.704803466796875	0.0	4.824151515960693	0.0	3.7810580730438232	0.0	0.0	5.021517753601074	0.0	0.0
0.0	0.0	4.206484317779541	0.0	0.0	3.7679967880249023	3.683411121368408	0.0	5.049004077911377	0.0	0.0	3.444672107696533	0.0	0.0	4.4723219871521	0.0	0.0	0.0	0.0	0.0	5.21388053894043	4.556639194488525	0.0	3.945443868637085	0.0	0.0	0.0	4.396254539489746	0.0	5.802888870239258	0.0	0.0	0.0	0.0	4.531526565551758	0.0	0.0	3.3502748012542725	0.0	0.0	0.0	0.0	0.0	0.0	0.0	4.495709419250488	0.0	3.985189914703369	4.040741920471191	3.7523515224456787	0.0	4.029617786407471	0.0	0.0	0.0	0.0	0.0	0.0	0.0	3.8997106552124023	0.0	0.0	0.0	0.0	0.0	0.0	0.0	0.0	4.091408729553223	5.076210975646973	0.0	0.0	0.0	0.0	4.692033767700195	4.359374523162842	0.0	0.0	0.0	0.0	0.0	4.258907794952393	4.588089942932129	0.0	0.0	0.0	3.725180149078369	0.0	4.850752830505371	0.0	3.800746202468872	0.0	0.0	5.049060344696045	0.0	0.0
0.0	0.0	4.197194576263428	0.0	0.0	3.7602663040161133	3.6765754222869873	0.0	5.037477493286133	0.0	0.0	3.4389400482177734	0.0	0.0	4.462326526641846	0.0	0.0	0.0	0.0	0.0	5.2027812004089355	4.54768180847168	0.0	3.937325954437256	0.0	0.0	0.0	4.3876800537109375	0.0	5.79055118560791	0.0	0.0	0.0	0.0	4.523468971252441	0.0	0.0	3.3439316749572754	0.0	0.0	0.0	0.0	0.0	0.0	0.0	4.486265659332275	0.0	3.9789481163024902	4.033308982849121	3.745234966278076	0.0	4.021961212158203	0.0	0.0	0.0	0.0	0.0	0.0	0.0	3.891629219055176	0.0	0.0	0.0	0.0	0.0	0.0	0.0	0.0	4.083063125610352	5.065623760223389	0.0	0.0	0.0	0.0	4.681081295013428	4.351011753082275	0.0	0.0	0.0	0.0	0.0	4.249914169311523	4.580869197845459	0.0	0.0	0.0	3.717622756958008	0.0	4.841124534606934	0.0	3.7925968170166016	0.0	0.0	5.037578105926514	0.0	0.0
0.0	0.0	4.1897735595703125	0.0	0.0	3.7528367042541504	3.6705498695373535	0.0	5.027426719665527	0.0	0.0	3.4312539100646973	0.0	0.0	4.45223331451416	0.0	0.0	0.0	0.0	0.0	5.192235469818115	4.538658618927002	0.0	3.929368495941162	0.0	0.0	0.0	4.378827095031738	0.0	5.778726577758789	0.0	0.0	0.0	0.0	4.513965129852295	0.0	0.0	3.3385801315307617	0.0	0.0	0.0	0.0	0.0	0.0	0.0	4.4779815673828125	0.0	3.9699878692626953	4.0252366065979	3.7386937141418457	0.0	4.0147318840026855	0.0	0.0	0.0	0.0	0.0	0.0	0.0	3.8845813274383545	0.0	0.0	0.0	0.0	0.0	0.0	0.0	0.0	4.075286388397217	5.055107593536377	0.0	0.0	0.0	0.0	4.670654296875	4.342479228973389	0.0	0.0	0.0	0.0	0.0	4.2413010597229	4.572360992431641	0.0	0.0	0.0	3.7088565826416016	0.0	4.830913066864014	0.0	3.785900831222534	0.0	0.0	5.02791166305542	0.0	0.0
0.0	0.0	4.203948020935059	0.0	0.0	3.7656941413879395	3.68245267868042	0.0	5.045283317565918	0.0	0.0	3.443101167678833	0.0	0.0	4.469071865081787	0.0	0.0	0.0	0.0	0.0	5.210930824279785	4.55401611328125	0.0	3.9427895545959473	0.0	0.0	0.0	4.393752098083496	0.0	5.801204681396484	0.0	0.0	0.0	0.0	4.5294365882873535	0.0	0.0	3.3490729331970215	0.0	0.0	0.0	0.0	0.0	0.0	0.0	4.4935994148254395	0.0	3.9845340251922607	4.038225173950195	3.7514190673828125	0.0	4.027559280395508	0.0	0.0	0.0	0.0	0.0	0.0	0.0	3.8972184658050537	0.0	0.0	0.0	0.0	0.0	0.0	0.0	0.0	4.090938091278076	5.073167324066162	0.0	0.0	0.0	0.0	4.688536643981934	4.35699987411499	0.0	0.0	0.0	0.0	0.0	4.2564473152160645	4.586606979370117	0.0	0.0	0.0	3.723280191421509	0.0	4.848322868347168	0.0	3.7989344596862793	0.0	0.0	5.045966625213623	0.0	0.0
0.0	0.0	4.188602447509766	0.0	0.0	3.7524454593658447	3.669388771057129	0.0	5.0251359939575195	0.0	0.0	3.431544303894043	0.0	0.0	4.4517645835876465	0.0	0.0	0.0	0.0	0.0	5.190979480743408	4.53591775894165	0.0	3.926862955093384	0.0	0.0	0.0	4.376742839813232	0.0	5.77656888961792	0.0	0.0	0.0	0.0	4.512036323547363	0.0	0.0	3.33697247505188	0.0	0.0	0.0	0.0	0.0	0.0	0.0	4.477468490600586	0.0	3.969360828399658	4.023526191711426	3.7369954586029053	0.0	4.013157367706299	0.0	0.0	0.0	0.0	0.0	0.0	0.0	3.8837664127349854	0.0	0.0	0.0	0.0	0.0	0.0	0.0	0.0	4.075019836425781	5.053195953369141	0.0	0.0	0.0	0.0	4.669391632080078	4.3406147956848145	0.0	0.0	0.0	0.0	0.0	4.2407402992248535	4.56985330581665	0.0	0.0	0.0	3.7088112831115723	0.0	4.830571174621582	0.0	3.7849135398864746	0.0	0.0	5.026393413543701	0.0	0.0
0.0	0.0	4.181822299957275	0.0	0.0	3.7460827827453613	3.6647932529449463	0.0	5.01770544052124	0.0	0.0	3.42677640914917	0.0	0.0	4.443987846374512	0.0	0.0	0.0	0.0	0.0	5.182957172393799	4.528985023498535	0.0	3.9221482276916504	0.0	0.0	0.0	4.37068510055542	0.0	5.767696380615234	0.0	0.0	0.0	0.0	4.506232738494873	0.0	0.0	3.332510232925415	0.0	0.0	0.0	0.0	0.0	0.0	0.0	4.470133304595947	0.0	3.964137315750122	4.018302917480469	3.7327730655670166	0.0	4.007251262664795	0.0	0.0	0.0	0.0	0.0	0.0	0.0	3.877746820449829	0.0	0.0	0.0	0.0	0.0	0.0	0.0	0.0	4.067249298095703	5.0449419021606445	0.0	0.0	0.0	0.0	4.662557125091553	4.334270000457764	0.0	0.0	0.0	0.0	0.0	4.233994960784912	4.563238143920898	0.0	0.0	0.0	3.7044737339019775	0.0	4.822189807891846	0.0	3.7792463302612305	0.0	0.0	5.018801212310791	0.0	0.0
0.0	0.0	4.171626091003418	0.0	0.0	3.7372403144836426	3.65388822555542	0.0	5.004395008087158	0.0	0.0	3.416008234024048	0.0	0.0	4.4320149421691895	0.0	0.0	0.0	0.0	0.0	5.169293403625488	4.5179362297058105	0.0	3.911938428878784	0.0	0.0	0.0	4.361509323120117	0.0	5.753016948699951	0.0	0.0	0.0	0.0	4.493005752563477	0.0	0.0	3.322965621948242	0.0	0.0	0.0	0.0	0.0	0.0	0.0	4.460225582122803	0.0	3.9539802074432373	4.008551120758057	3.722214698791504	0.0	3.9969491958618164	0.0	0.0	0.0	0.0	0.0	0.0	0.0	3.8679628372192383	0.0	0.0	0.0	0.0	0.0	0.0	0.0	0.0	4.057060718536377	5.031634330749512	0.0	0.0	0.0	0.0	4.651347637176514	4.323977470397949	0.0	0.0	0.0	0.0	0.0	4.223653316497803	4.551447868347168	0.0	0.0	0.0	3.6932666301727295	0.0	4.80950403213501	0.0	3.7702455520629883	0.0	0.0	5.005548477172852	0.0	0.0
0.0	0.0	4.215610980987549	0.0	0.0	3.774421215057373	3.6907670497894287	0.0	5.059176921844482	0.0	0.0	3.450106143951416	0.0	0.0	4.4787774085998535	0.0	0.0	0.0	0.0	0.0	5.223777770996094	4.565905570983887	0.0	3.9541289806365967	0.0	0.0	0.0	4.408119201660156	0.0	5.816640853881836	0.0	0.0	0.0	0.0	4.540212631225586	0.0	0.0	3.355332851409912	0.0	0.0	0.0	0.0	0.0	0.0	0.0	4.5073394775390625	0.0	3.9957542419433594	4.048623561859131	3.758744478225708	0.0	4.0387396812438965	0.0	0.0	0.0	0.0	0.0	0.0	0.0	3.9063913822174072	0.0	0.0	0.0	0.0	0.0	0.0	0.0	0.0	4.101712226867676	5.08772087097168	0.0	0.0	0.0	0.0	4.700906276702881	4.368530750274658	0.0	0.0	0.0	0.0	0.0	4.266530990600586	4.597497940063477	0.0	0.0	0.0	3.7316792011260986	0.0	4.860599994659424	0.0	3.8084943294525146	0.0	0.0	5.0589094161987305	0.0	0.0
0.0	0.0	4.177459716796875	0.0	0.0	3.7416365146636963	3.6601672172546387	0.0	5.01186990737915	0.0	0.0	3.423630714416504	0.0	0.0	4.4401936531066895	0.0	0.0	0.0	0.0	0.0	5.176675796508789	4.524805545806885	0.0	3.917168617248535	0.0	0.0	0.0	4.365690231323242	0.0	5.7609453201293945	0.0	0.0	0.0	0.0	4.500547885894775	0.0	0.0	3.329406976699829	0.0	0.0	0.0	0.0	0.0	0.0	0.0	4.465182304382324	0.0	3.958742380142212	4.014244556427002	3.7291526794433594	0.0	4.002257347106934	0.0	0.0	0.0	0.0	0.0	0.0	0.0	3.874422788619995	0.0	0.0	0.0	0.0	0.0	0.0	0.0	0.0	4.064101696014404	5.040236949920654	0.0	0.0	0.0	0.0	4.657251834869385	4.330023765563965	0.0	0.0	0.0	0.0	0.0	4.2283806800842285	4.558841705322266	0.0	0.0	0.0	3.698298692703247	0.0	4.8167524337768555	0.0	3.7748193740844727	0.0	0.0	5.0133538246154785	0.0	0.0
0.0	0.0	4.186885833740234	0.0	0.0	3.750697374343872	3.668257474899292	0.0	5.023726940155029	0.0	0.0	3.430150032043457	0.0	0.0	4.450700283050537	0.0	0.0	0.0	0.0	0.0	5.1896538734436035	4.534768104553223	0.0	3.9258134365081787	0.0	0.0	0.0	4.375324249267578	0.0	5.775928974151611	0.0	0.0	0.0	0.0	4.510648250579834	0.0	0.0	3.3361754417419434	0.0	0.0	0.0	0.0	0.0	0.0	0.0	4.476097106933594	0.0	3.968064546585083	4.02297306060791	3.736211061477661	0.0	4.011655330657959	0.0	0.0	0.0	0.0	0.0	0.0	0.0	3.882200241088867	0.0	0.0	0.0	0.0	0.0	0.0	0.0	0.0	4.073591709136963	5.05117654800415	0.0	0.0	0.0	0.0	4.66924524307251	4.339997291564941	0.0	0.0	0.0	0.0	0.0	4.238505840301514	4.569121360778809	0.0	0.0	0.0	3.7079787254333496	0.0	4.828892707824707	0.0	3.78444504737854	0.0	0.0	5.0251288414001465	0.0	0.0
0.0	0.0	4.1902337074279785	0.0	0.0	3.7539165019989014	3.670929431915283	0.0	5.0280842781066895	0.0	0.0	3.4324491024017334	0.0	0.0	4.453610420227051	0.0	0.0	0.0	0.0	0.0	5.193088054656982	4.538474082946777	0.0	3.9299843311309814	0.0	0.0	0.0	4.379770278930664	0.0	5.779953956604004	0.0	0.0	0.0	0.0	4.514305591583252	0.0	0.0	3.3391408920288086	0.0	0.0	0.0	0.0	0.0	0.0	0.0	4.478785514831543	0.0	3.9705679416656494	4.025509357452393	3.738593339920044	0.0	4.0151753425598145	0.0	0.0	0.0	0.0	0.0	0.0	0.0	3.8850629329681396	0.0	0.0	0.0	0.0	0.0	0.0	0.0	0.0	4.0761399269104	5.055612564086914	0.0	0.0	0.0	0.0	4.67231559753418	4.342556953430176	0.0	0.0	0.0	0.0	0.0	4.241960525512695	4.571955680847168	0.0	0.0	0.0	3.710526704788208	0.0	4.831416130065918	0.0	3.78678560256958	0.0	0.0	5.028927803039551	0.0	0.0
0.0	0.0	4.200565338134766	0.0	0.0	3.7634119987487793	3.6808652877807617	0.0	5.042414665222168	0.0	0.0	3.4424524307250977	0.0	0.0	4.465847015380859	0.0	0.0	0.0	0.0	0.0	5.208209037780762	4.551255702972412	0.0	3.940119504928589	0.0	0.0	0.0	4.3916802406311035	0.0	5.795870780944824	0.0	0.0	0.0	0.0	4.526574611663818	0.0	0.0	3.3485474586486816	0.0	0.0	0.0	0.0	0.0	0.0	0.0	4.491566181182861	0.0	3.981233835220337	4.037550926208496	3.7498109340667725	0.0	4.026023864746094	0.0	0.0	0.0	0.0	0.0	0.0	0.0	3.8965985774993896	0.0	0.0	0.0	0.0	0.0	0.0	0.0	0.0	4.086155414581299	5.06975793838501	0.0	0.0	0.0	0.0	4.68612003326416	4.354637622833252	0.0	0.0	0.0	0.0	0.0	4.2524189949035645	4.583773612976074	0.0	0.0	0.0	3.722005605697632	0.0	4.845137119293213	0.0	3.7962558269500732	0.0	0.0	5.04321813583374	0.0	0.0
0.0	0.0	4.205013751983643	0.0	0.0	3.76802396774292	3.684568405151367	0.0	5.047537326812744	0.0	0.0	3.446030616760254	0.0	0.0	4.471602916717529	0.0	0.0	0.0	0.0	0.0	5.2142558097839355	4.556521415710449	0.0	3.945716142654419	0.0	0.0	0.0	4.39567756652832	0.0	5.80360221862793	0.0	0.0	0.0	0.0	4.533158779144287	0.0	0.0	3.351872205734253	0.0	0.0	0.0	0.0	0.0	0.0	0.0	4.496389389038086	0.0	3.9867591857910156	4.041159152984619	3.7538113594055176	0.0	4.029842376708984	0.0	0.0	0.0	0.0	0.0	0.0	0.0	3.8997960090637207	0.0	0.0	0.0	0.0	0.0	0.0	0.0	0.0	4.091870307922363	5.076609134674072	0.0	0.0	0.0	0.0	4.691211223602295	4.359767436981201	0.0	0.0	0.0	0.0	0.0	4.258017063140869	4.58941125869751	0.0	0.0	0.0	3.7259483337402344	0.0	4.8513503074646	0.0	3.8011884689331055	0.0	0.0	5.04884672164917	0.0	0.0
0.0	0.0	4.190935134887695	0.0	0.0	3.754004716873169	3.6715753078460693	0.0	5.027686595916748	0.0	0.0	3.4333064556121826	0.0	0.0	4.455530643463135	0.0	0.0	0.0	0.0	0.0	5.193948745727539	4.539643287658691	0.0	3.9303526878356934	0.0	0.0	0.0	4.380167007446289	0.0	5.780535697937012	0.0	0.0	0.0	0.0	4.515522480010986	0.0	0.0	3.3387930393218994	0.0	0.0	0.0	0.0	0.0	0.0	0.0	4.479392051696777	0.0	3.9723763465881348	4.026208400726318	3.7398715019226074	0.0	4.014805793762207	0.0	0.0	0.0	0.0	0.0	0.0	0.0	3.8859245777130127	0.0	0.0	0.0	0.0	0.0	0.0	0.0	0.0	4.077121257781982	5.056182384490967	0.0	0.0	0.0	0.0	4.672991752624512	4.343791961669922	0.0	0.0	0.0	0.0	0.0	4.243417263031006	4.573212146759033	0.0	0.0	0.0	3.7116949558258057	0.0	4.8328094482421875	0.0	3.7869906425476074	0.0	0.0	5.030026912689209	0.0	0.0
0.0	0.0	4.205438613891602	0.0	0.0	3.766834020614624	3.6832313537597656	0.0	5.047621726989746	0.0	0.0	3.4445695877075195	0.0	0.0	4.471523284912109	0.0	0.0	0.0	0.0	0.0	5.2133026123046875	4.555658340454102	0.0	3.9443211555480957	0.0	0.0	0.0	4.395192623138428	0.0	5.802196502685547	0.0	0.0	0.0	0.0	4.531581401824951	0.0	0.0	3.3499956130981445	0.0	0.0	0.0	0.0	0.0	0.0	0.0	4.494904041290283	0.0	3.9869308471679688	4.0400896072387695	3.751744031906128	0.0	4.028129577636719	0.0	0.0	0.0	0.0	0.0	0.0	0.0	3.898813009262085	0.0	0.0	0.0	0.0	0.0	0.0	0.0	0.0	4.091057777404785	5.074747085571289	0.0	0.0	0.0	0.0	4.690067291259766	4.359009742736816	0.0	0.0	0.0	0.0	0.0	4.258070468902588	4.589121341705322	0.0	0.0	0.0	3.723620653152466	0.0	4.849989891052246	0.0	3.799410581588745	0.0	0.0	5.048696517944336	0.0	0.0
0.0	0.0	4.19064474105835	0.0	0.0	3.7535367012023926	3.670659303665161	0.0	5.027602195739746	0.0	0.0	3.432769298553467	0.0	0.0	4.454164028167725	0.0	0.0	0.0	0.0	0.0	5.192275047302246	4.538696765899658	0.0	3.9288318157196045	0.0	0.0	0.0	4.379115581512451	0.0	5.780004978179932	0.0	0.0	0.0	0.0	4.5135393142700195	0.0	0.0	3.338346242904663	0.0	0.0	0.0	0.0	0.0	0.0	0.0	4.478951454162598	0.0	3.9707229137420654	4.025576591491699	3.7393224239349365	0.0	4.014194488525391	0.0	0.0	0.0	0.0	0.0	0.0	0.0	3.8852338790893555	0.0	0.0	0.0	0.0	0.0	0.0	0.0	0.0	4.075994968414307	5.055747032165527	0.0	0.0	0.0	0.0	4.67206335067749	4.342823505401611	0.0	0.0	0.0	0.0	0.0	4.241824626922607	4.572436332702637	0.0	0.0	0.0	3.7103679180145264	0.0	4.831165313720703	0.0	3.7867443561553955	0.0	0.0	5.029144763946533	0.0	0.0
0.0	0.0	4.193482398986816	0.0	0.0	3.756796360015869	3.6740193367004395	0.0	5.033370018005371	0.0	0.0	3.436265230178833	0.0	0.0	4.457736968994141	0.0	0.0	0.0	0.0	0.0	5.198788642883301	4.542855262756348	0.0	3.93397855758667	0.0	0.0	0.0	4.383225917816162	0.0	5.786184787750244	0.0	0.0	0.0	0.0	4.518944263458252	0.0	0.0	3.3409008979797363	0.0	0.0	0.0	0.0	0.0	0.0	0.0	4.484002113342285	0.0	3.9752414226531982	4.029673099517822	3.7425711154937744	0.0	4.018395900726318	0.0	0.0	0.0	0.0	0.0	0.0	0.0	3.8883838653564453	0.0	0.0	0.0	0.0	0.0	0.0	0.0	0.0	4.079782962799072	5.061173439025879	0.0	0.0	0.0	0.0	4.677408695220947	4.34689474105835	0.0	0.0	0.0	0.0	0.0	4.246273994445801	4.576826095581055	0.0	0.0	0.0	3.7147650718688965	0.0	4.837289810180664	0.0	3.7898905277252197	0.0	0.0	5.034383296966553	0.0	0.0
0.0	0.0	4.20279598236084	0.0	0.0	3.7645223140716553	3.680710554122925	0.0	5.04314661026001	0.0	0.0	3.4416730403900146	0.0	0.0	4.466325283050537	0.0	0.0	0.0	0.0	0.0	5.207884311676025	4.551023483276367	0.0	3.94165301322937	0.0	0.0	0.0	4.392261981964111	0.0	5.796833038330078	0.0	0.0	0.0	0.0	4.5276336669921875	0.0	0.0	3.3473691940307617	0.0	0.0	0.0	0.0	0.0	0.0	0.0	4.490877628326416	0.0	3.9822986125946045	4.036798000335693	3.749472141265869	0.0	4.025529861450195	0.0	0.0	0.0	0.0	0.0	0.0	0.0	3.8955461978912354	0.0	0.0	0.0	0.0	0.0	0.0	0.0	0.0	4.087584495544434	5.069978713989258	0.0	0.0	0.0	0.0	4.684971332550049	4.355911731719971	0.0	0.0	0.0	0.0	0.0	4.2541422843933105	4.583932399749756	0.0	0.0	0.0	3.721428394317627	0.0	4.8452959060668945	0.0	3.7964162826538086	0.0	0.0	5.042631149291992	0.0	0.0
0.0	0.0	4.19362211227417	0.0	0.0	3.7567763328552246	3.6739096641540527	0.0	5.031988143920898	0.0	0.0	3.4361753463745117	0.0	0.0	4.458320617675781	0.0	0.0	0.0	0.0	0.0	5.196719169616699	4.542408466339111	0.0	3.9330153465270996	0.0	0.0	0.0	4.38185977935791	0.0	5.784261226654053	0.0	0.0	0.0	0.0	4.519220352172852	0.0	0.0	3.3408286571502686	0.0	0.0	0.0	0.0	0.0	0.0	0.0	4.483156204223633	0.0	3.9736669063568115	4.028079986572266	3.741396427154541	0.0	4.017786979675293	0.0	0.0	0.0	0.0	0.0	0.0	0.0	3.8882508277893066	0.0	0.0	0.0	0.0	0.0	0.0	0.0	0.0	4.079508304595947	5.058839797973633	0.0	0.0	0.0	0.0	4.675755977630615	4.3462042808532715	0.0	0.0	0.0	0.0	0.0	4.2455735206604	4.575558185577393	0.0	0.0	0.0	3.7143747806549072	0.0	4.836849689483643	0.0	3.7892441749572754	0.0	0.0	5.033506870269775	0.0	0.0
0.0	0.0	4.187314033508301	0.0	0.0	3.7510998249053955	3.6682493686676025	0.0	5.0241169929504395	0.0	0.0	3.4306366443634033	0.0	0.0	4.4502668380737305	0.0	0.0	0.0	0.0	0.0	5.1891326904296875	4.535555362701416	0.0	3.927096366882324	0.0	0.0	0.0	4.376964092254639	0.0	5.775959014892578	0.0	0.0	0.0	0.0	4.511483669281006	0.0	0.0	3.336981773376465	0.0	0.0	0.0	0.0	0.0	0.0	0.0	4.475918292999268	0.0	3.96801495552063	4.023266315460205	3.7370026111602783	0.0	4.0124993324279785	0.0	0.0	0.0	0.0	0.0	0.0	0.0	3.8820247650146484	0.0	0.0	0.0	0.0	0.0	0.0	0.0	0.0	4.073823928833008	5.050962448120117	0.0	0.0	0.0	0.0	4.668939113616943	4.3397135734558105	0.0	0.0	0.0	0.0	0.0	4.238833904266357	4.569042682647705	0.0	0.0	0.0	3.708489418029785	0.0	4.828594207763672	0.0	3.783871650695801	0.0	0.0	5.024639129638672	0.0	0.0
0.0	0.0	4.194807052612305	0.0	0.0	3.7576465606689453	3.674258232116699	0.0	5.03298282623291	0.0	0.0	3.4365828037261963	0.0	0.0	4.4584879875183105	0.0	0.0	0.0	0.0	0.0	5.198561668395996	4.542945384979248	0.0	3.933685541152954	0.0	0.0	0.0	4.38307523727417	0.0	5.7855544090271	0.0	0.0	0.0	0.0	4.519344329833984	0.0	0.0	3.3417062759399414	0.0	0.0	0.0	0.0	0.0	0.0	0.0	4.483683109283447	0.0	3.9749021530151367	4.029387950897217	3.7430100440979004	0.0	4.018535137176514	0.0	0.0	0.0	0.0	0.0	0.0	0.0	3.8900671005249023	0.0	0.0	0.0	0.0	0.0	0.0	0.0	0.0	4.080432415008545	5.0597968101501465	0.0	0.0	0.0	0.0	4.677095890045166	4.347888469696045	0.0	0.0	0.0	0.0	0.0	4.245726108551025	4.576434135437012	0.0	0.0	0.0	3.7143476009368896	0.0	4.836795330047607	0.0	3.7901179790496826	0.0	0.0	5.0331950187683105	0.0	0.0
0.0	0.0	4.19263219833374	0.0	0.0	3.756305694580078	3.6726295948028564	0.0	5.030757904052734	0.0	0.0	3.4342832565307617	0.0	0.0	4.457581043243408	0.0	0.0	0.0	0.0	0.0	5.195785045623779	4.542018890380859	0.0	3.9327290058135986	0.0	0.0	0.0	4.379991054534912	0.0	5.782837867736816	0.0	0.0	0.0	0.0	4.51771354675293	0.0	0.0	3.3401405811309814	0.0	0.0	0.0	0.0	0.0	0.0	0.0	4.48067045211792	0.0	3.9730122089385986	4.027939796447754	3.740701913833618	0.0	4.016391754150391	0.0	0.0	0.0	0.0	0.0	0.0	0.0	3.886353015899658	0.0	0.0	0.0	0.0	0.0	0.0	0.0	0.0	4.07918643951416	5.0586090087890625	0.0	0.0	0.0	0.0	4.674679279327393	4.345568656921387	0.0	0.0	0.0	0.0	0.0	4.244447708129883	4.573975563049316	0.0	0.0	0.0	3.712918758392334	0.0	4.834846019744873	0.0	3.787984609603882	0.0	0.0	5.031623840332031	0.0	0.0
0.0	0.0	4.21086311340332	0.0	0.0	3.772772789001465	3.6903085708618164	0.0	5.054247856140137	0.0	0.0	3.45094633102417	0.0	0.0	4.477975368499756	0.0	0.0	0.0	0.0	0.0	5.221641540527344	4.562624931335449	0.0	3.9500389099121094	0.0	0.0	0.0	4.399894714355469	0.0	5.810983657836914	0.0	0.0	0.0	0.0	4.5401692390441895	0.0	0.0	3.356144428253174	0.0	0.0	0.0	0.0	0.0	0.0	0.0	4.500903129577637	0.0	3.9926037788391113	4.045899868011475	3.759655237197876	0.0	4.035651206970215	0.0	0.0	0.0	0.0	0.0	0.0	0.0	3.9047176837921143	0.0	0.0	0.0	0.0	0.0	0.0	0.0	0.0	4.097018718719482	5.081960201263428	0.0	0.0	0.0	0.0	4.696169376373291	4.364217758178711	0.0	0.0	0.0	0.0	0.0	4.263584136962891	4.595698356628418	0.0	0.0	0.0	3.730706214904785	0.0	4.857448577880859	0.0	3.805426597595215	0.0	0.0	5.055953025817871	0.0	0.0
0.0	0.0	4.191892623901367	0.0	0.0	3.7551746368408203	3.672034740447998	0.0	5.030331134796143	0.0	0.0	3.4344675540924072	0.0	0.0	4.455333709716797	0.0	0.0	0.0	0.0	0.0	5.196404933929443	4.541061878204346	0.0	3.9308502674102783	0.0	0.0	0.0	4.38115119934082	0.0	5.78228235244751	0.0	0.0	0.0	0.0	4.5165934562683105	0.0	0.0	3.3395559787750244	0.0	0.0	0.0	0.0	0.0	0.0	0.0	4.480776786804199	0.0	3.972733974456787	4.027280807495117	3.740818977355957	0.0	4.015728950500488	0.0	0.0	0.0	0.0	0.0	0.0	0.0	3.8865435123443604	0.0	0.0	0.0	0.0	0.0	0.0	0.0	0.0	4.078680038452148	5.057847499847412	0.0	0.0	0.0	0.0	4.674107551574707	4.345175743103027	0.0	0.0	0.0	0.0	0.0	4.24335241317749	4.573307514190674	0.0	0.0	0.0	3.7125258445739746	0.0	4.834198474884033	0.0	3.788051128387451	0.0	0.0	5.031498908996582	0.0	0.0
0.0	0.0	4.203945636749268	0.0	0.0	3.7651002407073975	3.681469678878784	0.0	5.045645236968994	0.0	0.0	3.442889451980591	0.0	0.0	4.469361305236816	0.0	0.0	0.0	0.0	0.0	5.2107415199279785	4.553797245025635	0.0	3.9412083625793457	0.0	0.0	0.0	4.393710613250732	0.0	5.7997236251831055	0.0	0.0	0.0	0.0	4.5298967361450195	0.0	0.0	3.347766399383545	0.0	0.0	0.0	0.0	0.0	0.0	0.0	4.493069648742676	0.0	3.9833810329437256	4.038317680358887	3.7504117488861084	0.0	4.026601314544678	0.0	0.0	0.0	0.0	0.0	0.0	0.0	3.897958755493164	0.0	0.0	0.0	0.0	0.0	0.0	0.0	0.0	4.088649272918701	5.07361364364624	0.0	0.0	0.0	0.0	4.687950134277344	4.356974124908447	0.0	0.0	0.0	0.0	0.0	4.256161689758301	4.586832046508789	0.0	0.0	0.0	3.7223873138427734	0.0	4.847243309020996	0.0	3.7980709075927734	0.0	0.0	5.045304775238037	0.0	0.0
0.0	0.0	4.178774356842041	0.0	0.0	3.745349407196045	3.661931037902832	0.0	5.014677047729492	0.0	0.0	3.4248013496398926	0.0	0.0	4.443167209625244	0.0	0.0	0.0	0.0	0.0	5.180654048919678	4.527683734893799	0.0	3.919787645339966	0.0	0.0	0.0	4.367631912231445	0.0	5.765571594238281	0.0	0.0	0.0	0.0	4.502251625061035	0.0	0.0	3.3298428058624268	0.0	0.0	0.0	0.0	0.0	0.0	0.0	4.467188358306885	0.0	3.961057662963867	4.016703128814697	3.729102611541748	0.0	4.005402565002441	0.0	0.0	0.0	0.0	0.0	0.0	0.0	3.875382423400879	0.0	0.0	0.0	0.0	0.0	0.0	0.0	0.0	4.066584587097168	5.043047904968262	0.0	0.0	0.0	0.0	4.660784721374512	4.331894397735596	0.0	0.0	0.0	0.0	0.0	4.232198715209961	4.560344219207764	0.0	0.0	0.0	3.70194673538208	0.0	4.819943428039551	0.0	3.776198148727417	0.0	0.0	5.017113208770752	0.0	0.0
0.0	0.0	4.18716287612915	0.0	0.0	3.7513155937194824	3.6680994033813477	0.0	5.025146961212158	0.0	0.0	3.4312069416046143	0.0	0.0	4.45035457611084	0.0	0.0	0.0	0.0	0.0	5.19074821472168	4.536133289337158	0.0	3.927729845046997	0.0	0.0	0.0	4.377022743225098	0.0	5.776579856872559	0.0	0.0	0.0	0.0	4.511205196380615	0.0	0.0	3.3372409343719482	0.0	0.0	0.0	0.0	0.0	0.0	0.0	4.475795269012451	0.0	3.9684526920318604	4.023400783538818	3.737152576446533	0.0	4.0122904777526855	0.0	0.0	0.0	0.0	0.0	0.0	0.0	3.882404327392578	0.0	0.0	0.0	0.0	0.0	0.0	0.0	0.0	4.07344913482666	5.052501678466797	0.0	0.0	0.0	0.0	4.669642448425293	4.341052532196045	0.0	0.0	0.0	0.0	0.0	4.239700794219971	4.569413185119629	0.0	0.0	0.0	3.7078158855438232	0.0	4.829035758972168	0.0	3.78385066986084	0.0	0.0	5.026745319366455	0.0	0.0
0.0	0.0	4.186840534210205	0.0	0.0	3.7507894039154053	3.667585849761963	0.0	5.024074077606201	0.0	0.0	3.4305593967437744	0.0	0.0	4.450110912322998	0.0	0.0	0.0	0.0	0.0	5.188382148742676	4.534559726715088	0.0	3.9259986877441406	0.0	0.0	0.0	4.375502586364746	0.0	5.774974822998047	0.0	0.0	0.0	0.0	4.510575294494629	0.0	0.0	3.3354403972625732	0.0	0.0	0.0	0.0	0.0	0.0	0.0	4.475569725036621	0.0	3.968475103378296	4.022571086883545	3.736055612564087	0.0	4.011531829833984	0.0	0.0	0.0	0.0	0.0	0.0	0.0	3.882040023803711	0.0	0.0	0.0	0.0	0.0	0.0	0.0	0.0	4.073052883148193	5.05018424987793	0.0	0.0	0.0	0.0	4.6671342849731445	4.339444160461426	0.0	0.0	0.0	0.0	0.0	4.239116191864014	4.568466663360596	0.0	0.0	0.0	3.7072646617889404	0.0	4.828512191772461	0.0	3.783594846725464	0.0	0.0	5.024951457977295	0.0	0.0
0.0	0.0	4.193302631378174	0.0	0.0	3.7567718029022217	3.673257350921631	0.0	5.031161308288574	0.0	0.0	3.4353249073028564	0.0	0.0	4.457264423370361	0.0	0.0	0.0	0.0	0.0	5.197539806365967	4.542081832885742	0.0	3.9319446086883545	0.0	0.0	0.0	4.382682800292969	0.0	5.784525394439697	0.0	0.0	0.0	0.0	4.517685890197754	0.0	0.0	3.3414394855499268	0.0	0.0	0.0	0.0	0.0	0.0	0.0	4.4813232421875	0.0	3.973629951477051	4.028592109680176	3.7418529987335205	0.0	4.017073631286621	0.0	0.0	0.0	0.0	0.0	0.0	0.0	3.8876402378082275	0.0	0.0	0.0	0.0	0.0	0.0	0.0	0.0	4.080204010009766	5.058896541595459	0.0	0.0	0.0	0.0	4.67544412612915	4.3454999923706055	0.0	0.0	0.0	0.0	0.0	4.245023250579834	4.576443195343018	0.0	0.0	0.0	3.7129814624786377	0.0	4.835230350494385	0.0	3.789454460144043	0.0	0.0	5.032721996307373	0.0	0.0
0.0	0.0	4.192073822021484	0.0	0.0	3.755476474761963	3.6730408668518066	0.0	5.031261444091797	0.0	0.0	3.4355504512786865	0.0	0.0	4.4566426277160645	0.0	0.0	0.0	0.0	0.0	5.195539474487305	4.540924072265625	0.0	3.9319403171539307	0.0	0.0	0.0	4.380733489990234	0.0	5.782247543334961	0.0	0.0	0.0	0.0	4.516937255859375	0.0	0.0	3.339996337890625	0.0	0.0	0.0	0.0	0.0	0.0	0.0	4.4809041023254395	0.0	3.9732415676116943	4.027989387512207	3.7415621280670166	0.0	4.016602516174316	0.0	0.0	0.0	0.0	0.0	0.0	0.0	3.8873074054718018	0.0	0.0	0.0	0.0	0.0	0.0	0.0	0.0	4.07828426361084	5.0580854415893555	0.0	0.0	0.0	0.0	4.674815654754639	4.344820022583008	0.0	0.0	0.0	0.0	0.0	4.243862152099609	4.5746636390686035	0.0	0.0	0.0	3.712493419647217	0.0	4.835127830505371	0.0	3.7883238792419434	0.0	0.0	5.031970024108887	0.0	0.0
0.0	0.0	4.208058834075928	0.0	0.0	3.769484043121338	3.685739040374756	0.0	5.050202369689941	0.0	0.0	3.4474592208862305	0.0	0.0	4.474180221557617	0.0	0.0	0.0	0.0	0.0	5.217896461486816	4.558645725250244	0.0	3.94732403755188	0.0	0.0	0.0	4.399486064910889	0.0	5.80615758895874	0.0	0.0	0.0	0.0	4.534915447235107	0.0	0.0	3.3520097732543945	0.0	0.0	0.0	0.0	0.0	0.0	0.0	4.4990973472595215	0.0	3.9893977642059326	4.042226791381836	3.7550861835479736	0.0	4.032991886138916	0.0	0.0	0.0	0.0	0.0	0.0	0.0	3.9024105072021484	0.0	0.0	0.0	0.0	0.0	0.0	0.0	0.0	4.095390796661377	5.078986644744873	0.0	0.0	0.0	0.0	4.69431734085083	4.361850261688232	0.0	0.0	0.0	0.0	0.0	4.261085510253906	4.59189510345459	0.0	0.0	0.0	3.7280385494232178	0.0	4.853363990783691	0.0	3.8022701740264893	0.0	0.0	5.051290988922119	0.0	0.0
0.0	0.0	4.192874431610107	0.0	0.0	3.756260633468628	3.6738507747650146	0.0	5.0321760177612305	0.0	0.0	3.435255765914917	0.0	0.0	4.456899166107178	0.0	0.0	0.0	0.0	0.0	5.197333335876465	4.542357444763184	0.0	3.9315550327301025	0.0	0.0	0.0	4.3815693855285645	0.0	5.783480167388916	0.0	0.0	0.0	0.0	4.5186448097229	0.0	0.0	3.340505838394165	0.0	0.0	0.0	0.0	0.0	0.0	0.0	4.481772422790527	0.0	3.9731154441833496	4.028497219085693	3.7424983978271484	0.0	4.017731666564941	0.0	0.0	0.0	0.0	0.0	0.0	0.0	3.8881022930145264	0.0	0.0	0.0	0.0	0.0	0.0	0.0	0.0	4.079041004180908	5.058672904968262	0.0	0.0	0.0	0.0	4.674766540527344	4.345848083496094	0.0	0.0	0.0	0.0	0.0	4.245245933532715	4.575523376464844	0.0	0.0	0.0	3.7130351066589355	0.0	4.834838390350342	0.0	3.7882940769195557	0.0	0.0	5.033421039581299	0.0	0.0
0.0	0.0	4.183595180511475	0.0	0.0	3.7479727268218994	3.665438652038574	0.0	5.019958972930908	0.0	0.0	3.427762985229492	0.0	0.0	4.44765567779541	0.0	0.0	0.0	0.0	0.0	5.184394359588623	4.531393051147461	0.0	3.9233217239379883	0.0	0.0	0.0	4.3730292320251465	0.0	5.77117395401001	0.0	0.0	0.0	0.0	4.507373332977295	0.0	0.0	3.3348255157470703	0.0	0.0	0.0	0.0	0.0	0.0	0.0	4.472109317779541	0.0	3.9650814533233643	4.020493984222412	3.7335994243621826	0.0	4.008388519287109	0.0	0.0	0.0	0.0	0.0	0.0	0.0	3.87903094291687	0.0	0.0	0.0	0.0	0.0	0.0	0.0	0.0	4.069886684417725	5.048239707946777	0.0	0.0	0.0	0.0	4.665301322937012	4.3366923332214355	0.0	0.0	0.0	0.0	0.0	4.236525535583496	4.56528902053833	0.0	0.0	0.0	3.704998016357422	0.0	4.824850559234619	0.0	3.7812280654907227	0.0	0.0	5.021613597869873	0.0	0.0
0.0	0.0	4.207226753234863	0.0	0.0	3.772152900695801	3.6872098445892334	0.0	5.052090167999268	0.0	0.0	3.4503061771392822	0.0	0.0	4.476316928863525	0.0	0.0	0.0	0.0	0.0	5.219420909881592	4.560219764709473	0.0	3.946394205093384	0.0	0.0	0.0	4.396726608276367	0.0	5.808450222015381	0.0	0.0	0.0	0.0	4.536865711212158	0.0	0.0	3.354992151260376	0.0	0.0	0.0	0.0	0.0	0.0	0.0	4.4966912269592285	0.0	3.9883017539978027	4.043035984039307	3.7577567100524902	0.0	4.033017635345459	0.0	0.0	0.0	0.0	0.0	0.0	0.0	3.9021804332733154	0.0	0.0	0.0	0.0	0.0	0.0	0.0	0.0	4.094735622406006	5.081093788146973	0.0	0.0	0.0	0.0	4.6946892738342285	4.362444877624512	0.0	0.0	0.0	0.0	0.0	4.260258197784424	4.593530178070068	0.0	0.0	0.0	3.728280782699585	0.0	4.85511589050293	0.0	3.804316520690918	0.0	0.0	5.052720069885254	0.0	0.0
0.0	0.0	4.186976909637451	0.0	0.0	3.751262664794922	3.668315887451172	0.0	5.024665832519531	0.0	0.0	3.431079626083374	0.0	0.0	4.45148229598999	0.0	0.0	0.0	0.0	0.0	5.190822601318359	4.536050796508789	0.0	3.9276912212371826	0.0	0.0	0.0	4.376242160797119	0.0	5.776665210723877	0.0	0.0	0.0	0.0	4.51178503036499	0.0	0.0	3.336660623550415	0.0	0.0	0.0	0.0	0.0	0.0	0.0	4.4757585525512695	0.0	3.9690279960632324	4.023569583892822	3.736994504928589	0.0	4.011988162994385	0.0	0.0	0.0	0.0	0.0	0.0	0.0	3.8823318481445312	0.0	0.0	0.0	0.0	0.0	0.0	0.0	0.0	4.074768543243408	5.052257061004639	0.0	0.0	0.0	0.0	4.668866157531738	4.339836120605469	0.0	0.0	0.0	0.0	0.0	4.240151882171631	4.569519996643066	0.0	0.0	0.0	3.708710193634033	0.0	4.829037189483643	0.0	3.7841575145721436	0.0	0.0	5.026394367218018	0.0	0.0
0.0	0.0	4.1888747215271	0.0	0.0	3.752911329269409	3.669981002807617	0.0	5.025918960571289	0.0	0.0	3.4335265159606934	0.0	0.0	4.453423023223877	0.0	0.0	0.0	0.0	0.0	5.192790508270264	4.537581920623779	0.0	3.928046941757202	0.0	0.0	0.0	4.376863479614258	0.0	5.778262615203857	0.0	0.0	0.0	0.0	4.513774394989014	0.0	0.0	3.338787078857422	0.0	0.0	0.0	0.0	0.0	0.0	0.0	4.477696895599365	0.0	3.9690823554992676	4.025376319885254	3.740401268005371	0.0	4.01410436630249	0.0	0.0	0.0	0.0	0.0	0.0	0.0	3.88474702835083	0.0	0.0	0.0	0.0	0.0	0.0	0.0	0.0	4.075760841369629	5.054381847381592	0.0	0.0	0.0	0.0	4.671266078948975	4.3421149253845215	0.0	0.0	0.0	0.0	0.0	4.240387439727783	4.571247100830078	0.0	0.0	0.0	3.7104713916778564	0.0	4.830596923828125	0.0	3.785761833190918	0.0	0.0	5.027919292449951	0.0	0.0
0.0	0.0	4.2004218101501465	0.0	0.0	3.763054132461548	3.6792502403259277	0.0	5.042346954345703	0.0	0.0	3.4406864643096924	0.0	0.0	4.465376853942871	0.0	0.0	0.0	0.0	0.0	5.206319332122803	4.550804615020752	0.0	3.9394912719726562	0.0	0.0	0.0	4.390625476837158	0.0	5.794556617736816	0.0	0.0	0.0	0.0	4.527165412902832	0.0	0.0	3.346883773803711	0.0	0.0	0.0	0.0	0.0	0.0	0.0	4.491010665893555	0.0	3.981135606765747	4.035727500915527	3.747011184692383	0.0	4.025946140289307	0.0	0.0	0.0	0.0	0.0	0.0	0.0	3.8945133686065674	0.0	0.0	0.0	0.0	0.0	0.0	0.0	0.0	4.086047172546387	5.0696940422058105	0.0	0.0	0.0	0.0	4.6857075691223145	4.354127883911133	0.0	0.0	0.0	0.0	0.0	4.252188205718994	4.584077835083008	0.0	0.0	0.0	3.7198634147644043	0.0	4.843563556671143	0.0	3.7958662509918213	0.0	0.0	5.041447162628174	0.0	0.0
0.0	0.0	4.1939311027526855	0.0	0.0	3.757420539855957	3.673365354537964	0.0	5.033498764038086	0.0	0.0	3.435805559158325	0.0	0.0	4.458518981933594	0.0	0.0	0.0	0.0	0.0	5.199275970458984	4.543542861938477	0.0	3.9331657886505127	0.0	0.0	0.0	4.382626533508301	0.0	5.7856550216674805	0.0	0.0	0.0	0.0	4.519113540649414	0.0	0.0	3.3423855304718018	0.0	0.0	0.0	0.0	0.0	0.0	0.0	4.482516288757324	0.0	3.9743213653564453	4.028588771820068	3.7426438331604004	0.0	4.018377304077148	0.0	0.0	0.0	0.0	0.0	0.0	0.0	3.8893954753875732	0.0	0.0	0.0	0.0	0.0	0.0	0.0	0.0	4.080302715301514	5.060689449310303	0.0	0.0	0.0	0.0	4.676578998565674	4.346168041229248	0.0	0.0	0.0	0.0	0.0	4.246370315551758	4.576443672180176	0.0	0.0	0.0	3.7144720554351807	0.0	4.836728096008301	0.0	3.7904891967773438	0.0	0.0	5.034832000732422	0.0	0.0
0.0	0.0	4.200755596160889	0.0	0.0	3.762615203857422	3.679586887359619	0.0	5.041993618011475	0.0	0.0	3.440748691558838	0.0	0.0	4.465816020965576	0.0	0.0	0.0	0.0	0.0	5.206940650939941	4.550051689147949	0.0	3.939305067062378	0.0	0.0	0.0	4.389745235443115	0.0	5.795557975769043	0.0	0.0	0.0	0.0	4.526431560516357	0.0	0.0	3.346633195877075	0.0	0.0	0.0	0.0	0.0	0.0	0.0	4.490381240844727	0.0	3.981264591217041	4.035772800445557	3.7476823329925537	0.0	4.025168418884277	0.0	0.0	0.0	0.0	0.0	0.0	0.0	3.8957133293151855	0.0	0.0	0.0	0.0	0.0	0.0	0.0	0.0	4.086853504180908	5.068477153778076	0.0	0.0	0.0	0.0	4.684925556182861	4.353376388549805	0.0	0.0	0.0	0.0	0.0	4.25261926651001	4.583230018615723	0.0	0.0	0.0	3.720320463180542	0.0	4.845056056976318	0.0	3.794856309890747	0.0	0.0	5.042473793029785	0.0	0.0
0.0	0.0	4.188961505889893	0.0	0.0	3.7531633377075195	3.670006513595581	0.0	5.026914596557617	0.0	0.0	3.4324538707733154	0.0	0.0	4.453295707702637	0.0	0.0	0.0	0.0	0.0	5.192680358886719	4.537769317626953	0.0	3.9280385971069336	0.0	0.0	0.0	4.378484725952148	0.0	5.778684139251709	0.0	0.0	0.0	0.0	4.513297080993652	0.0	0.0	3.338060140609741	0.0	0.0	0.0	0.0	0.0	0.0	0.0	4.47781229019165	0.0	3.9708645343780518	4.025905609130859	3.738900899887085	0.0	4.013741970062256	0.0	0.0	0.0	0.0	0.0	0.0	0.0	3.884472608566284	0.0	0.0	0.0	0.0	0.0	0.0	0.0	0.0	4.076621055603027	5.054399490356445	0.0	0.0	0.0	0.0	4.671519756317139	4.342122554779053	0.0	0.0	0.0	0.0	0.0	4.241698741912842	4.571005344390869	0.0	0.0	0.0	3.7101242542266846	0.0	4.83208703994751	0.0	3.7853100299835205	0.0	0.0	5.028345584869385	0.0	0.0
0.0	0.0	4.191957473754883	0.0	0.0	3.754833221435547	3.671783685684204	0.0	5.030780792236328	0.0	0.0	3.433910369873047	0.0	0.0	4.455557823181152	0.0	0.0	0.0	0.0	0.0	5.194920539855957	4.539068222045898	0.0	3.9311795234680176	0.0	0.0	0.0	4.381472110748291	0.0	5.782311916351318	0.0	0.0	0.0	0.0	4.515669345855713	0.0	0.0	3.3395440578460693	0.0	0.0	0.0	0.0	0.0	0.0	0.0	4.4811482429504395	0.0	3.9727866649627686	4.027687072753906	3.740016460418701	0.0	4.016613483428955	0.0	0.0	0.0	0.0	0.0	0.0	0.0	3.8874292373657227	0.0	0.0	0.0	0.0	0.0	0.0	0.0	0.0	4.0778398513793945	5.057900905609131	0.0	0.0	0.0	0.0	4.673830509185791	4.344846725463867	0.0	0.0	0.0	0.0	0.0	4.24315881729126	4.573458194732666	0.0	0.0	0.0	3.711962938308716	0.0	4.833785057067871	0.0	3.7877042293548584	0.0	0.0	5.031054496765137	0.0	0.0
0.0	0.0	4.189634323120117	0.0	0.0	3.7532665729522705	3.6704773902893066	0.0	5.027677059173584	0.0	0.0	3.4330878257751465	0.0	0.0	4.45345401763916	0.0	0.0	0.0	0.0	0.0	5.192667484283447	4.538062572479248	0.0	3.9289944171905518	0.0	0.0	0.0	4.378587245941162	0.0	5.778414726257324	0.0	0.0	0.0	0.0	4.513751983642578	0.0	0.0	3.3381786346435547	0.0	0.0	0.0	0.0	0.0	0.0	0.0	4.478034019470215	0.0	3.9710280895233154	4.0254974365234375	3.738698959350586	0.0	4.013943195343018	0.0	0.0	0.0	0.0	0.0	0.0	0.0	3.8844997882843018	0.0	0.0	0.0	0.0	0.0	0.0	0.0	0.0	4.07600736618042	5.0554423332214355	0.0	0.0	0.0	0.0	4.672107696533203	4.341620445251465	0.0	0.0	0.0	0.0	0.0	4.241315841674805	4.571410655975342	0.0	0.0	0.0	3.710294485092163	0.0	4.831770420074463	0.0	3.785919427871704	0.0	0.0	5.027831554412842	0.0	0.0
0.0	0.0	4.18731164932251	0.0	0.0	3.7514030933380127	3.668490409851074	0.0	5.024266242980957	0.0	0.0	3.431474208831787	0.0	0.0	4.4508562088012695	0.0	0.0	0.0	0.0	0.0	5.189172267913818	4.53566312789917	0.0	3.9273390769958496	0.0	0.0	0.0	4.376491546630859	0.0	5.775808811187744	0.0	0.0	0.0	0.0	4.512472629547119	0.0	0.0	3.3368122577667236	0.0	0.0	0.0	0.0	0.0	0.0	0.0	4.475459098815918	0.0	3.9693267345428467	4.023324966430664	3.73716402053833	0.0	4.011463165283203	0.0	0.0	0.0	0.0	0.0	0.0	0.0	3.882697820663452	0.0	0.0	0.0	0.0	0.0	0.0	0.0	0.0	4.073627471923828	5.052536964416504	0.0	0.0	0.0	0.0	4.6688361167907715	4.340648174285889	0.0	0.0	0.0	0.0	0.0	4.239162445068359	4.569490909576416	0.0	0.0	0.0	3.708311080932617	0.0	4.828670978546143	0.0	3.784552812576294	0.0	0.0	5.02617073059082	0.0	0.0
0.0	0.0	4.186769962310791	0.0	0.0	3.7513554096221924	3.6682090759277344	0.0	5.024235248565674	0.0	0.0	3.430927276611328	0.0	0.0	4.450480937957764	0.0	0.0	0.0	0.0	0.0	5.189190864562988	4.53482723236084	0.0	3.926668167114258	0.0	0.0	0.0	4.375683784484863	0.0	5.7750563621521	0.0	0.0	0.0	0.0	4.511160850524902	0.0	0.0	3.336902379989624	0.0	0.0	0.0	0.0	0.0	0.0	0.0	4.475747585296631	0.0	3.9682106971740723	4.023015975952148	3.7367119789123535	0.0	4.012078285217285	0.0	0.0	0.0	0.0	0.0	0.0	0.0	3.88214111328125	0.0	0.0	0.0	0.0	0.0	0.0	0.0	0.0	4.073742866516113	5.051471710205078	0.0	0.0	0.0	0.0	4.668832778930664	4.339820384979248	0.0	0.0	0.0	0.0	0.0	4.239084720611572	4.569215297698975	0.0	0.0	0.0	3.7072501182556152	0.0	4.828341484069824	0.0	3.7836036682128906	0.0	0.0	5.025158882141113	0.0	0.0
0.0	0.0	4.199647903442383	0.0	0.0	3.7627675533294678	3.6794497966766357	0.0	5.0402116775512695	0.0	0.0	3.4397432804107666	0.0	0.0	4.464104652404785	0.0	0.0	0.0	0.0	0.0	5.205526828765869	4.549474239349365	0.0	3.9389896392822266	0.0	0.0	0.0	4.389949321746826	0.0	5.79332160949707	0.0	0.0	0.0	0.0	4.526622772216797	0.0	0.0	3.346114158630371	0.0	0.0	0.0	0.0	0.0	0.0	0.0	4.488618850708008	0.0	3.980181932449341	4.034871578216553	3.7480175495147705	0.0	4.024643898010254	0.0	0.0	0.0	0.0	0.0	0.0	0.0	3.8935155868530273	0.0	0.0	0.0	0.0	0.0	0.0	0.0	0.0	4.084526062011719	5.067803859710693	0.0	0.0	0.0	0.0	4.683593273162842	4.352517604827881	0.0	0.0	0.0	0.0	0.0	4.251735687255859	4.582934856414795	0.0	0.0	0.0	3.7191200256347656	0.0	4.84196138381958	0.0	3.7950963973999023	0.0	0.0	5.0406575202941895	0.0	0.0
0.0	0.0	4.192733287811279	0.0	0.0	3.757382392883301	3.673208236694336	0.0	5.032070636749268	0.0	0.0	3.4344887733459473	0.0	0.0	4.457438945770264	0.0	0.0	0.0	0.0	0.0	5.196325778961182	4.541158199310303	0.0	3.9313700199127197	0.0	0.0	0.0	4.38222599029541	0.0	5.783890724182129	0.0	0.0	0.0	0.0	4.517740249633789	0.0	0.0	3.3401594161987305	0.0	0.0	0.0	0.0	0.0	0.0	0.0	4.482125282287598	0.0	3.9741225242614746	4.028154373168945	3.741032838821411	0.0	4.016951084136963	0.0	0.0	0.0	0.0	0.0	0.0	0.0	3.888563632965088	0.0	0.0	0.0	0.0	0.0	0.0	0.0	0.0	4.078535556793213	5.058616638183594	0.0	0.0	0.0	0.0	4.675999164581299	4.345874309539795	0.0	0.0	0.0	0.0	0.0	4.245356559753418	4.574307918548584	0.0	0.0	0.0	3.713691234588623	0.0	4.835145473480225	0.0	3.7878875732421875	0.0	0.0	5.032328128814697	0.0	0.0
0.0	0.0	4.186819553375244	0.0	0.0	3.751481533050537	3.667750358581543	0.0	5.024271488189697	0.0	0.0	3.430569887161255	0.0	0.0	4.451259136199951	0.0	0.0	0.0	0.0	0.0	5.189269065856934	4.535861492156982	0.0	3.9273173809051514	0.0	0.0	0.0	4.376575469970703	0.0	5.775914192199707	0.0	0.0	0.0	0.0	4.511704444885254	0.0	0.0	3.336939573287964	0.0	0.0	0.0	0.0	0.0	0.0	0.0	4.474862098693848	0.0	3.9681804180145264	4.022714138031006	3.7354953289031982	0.0	4.012234687805176	0.0	0.0	0.0	0.0	0.0	0.0	0.0	3.8829686641693115	0.0	0.0	0.0	0.0	0.0	0.0	0.0	0.0	4.0731329917907715	5.0520219802856445	0.0	0.0	0.0	0.0	4.669116973876953	4.339911460876465	0.0	0.0	0.0	0.0	0.0	4.239590644836426	4.568147659301758	0.0	0.0	0.0	3.7078099250793457	0.0	4.82758092880249	0.0	3.7832536697387695	0.0	0.0	5.025182723999023	0.0	0.0
0.0	0.0	4.187032699584961	0.0	0.0	3.7523396015167236	3.6698694229125977	0.0	5.025655746459961	0.0	0.0	3.432900905609131	0.0	0.0	4.451582431793213	0.0	0.0	0.0	0.0	0.0	5.190535545349121	4.535373687744141	0.0	3.9259510040283203	0.0	0.0	0.0	4.374988555908203	0.0	5.776543140411377	0.0	0.0	0.0	0.0	4.513227462768555	0.0	0.0	3.338787317276001	0.0	0.0	0.0	0.0	0.0	0.0	0.0	4.474915981292725	0.0	3.968008041381836	4.022433280944824	3.738537549972534	0.0	4.012390613555908	0.0	0.0	0.0	0.0	0.0	0.0	0.0	3.8835246562957764	0.0	0.0	0.0	0.0	0.0	0.0	0.0	0.0	4.0730791091918945	5.052859306335449	0.0	0.0	0.0	0.0	4.670406341552734	4.339822292327881	0.0	0.0	0.0	0.0	0.0	4.238223075866699	4.569797515869141	0.0	0.0	0.0	3.709150791168213	0.0	4.829094409942627	0.0	3.783424139022827	0.0	0.0	5.025339126586914	0.0	0.0
0.0	0.0	4.216395378112793	0.0	0.0	3.7781260013580322	3.6926350593566895	0.0	5.05963659286499	0.0	0.0	3.452472448348999	0.0	0.0	4.483968257904053	0.0	0.0	0.0	0.0	0.0	5.228251934051514	4.567840099334717	0.0	3.954291343688965	0.0	0.0	0.0	4.405398368835449	0.0	5.816800117492676	0.0	0.0	0.0	0.0	4.543728828430176	0.0	0.0	3.357696294784546	0.0	0.0	0.0	0.0	0.0	0.0	0.0	4.505365371704102	0.0	3.9975767135620117	4.049253940582275	3.7613611221313477	0.0	4.03969669342041	0.0	0.0	0.0	0.0	0.0	0.0	0.0	3.9088821411132812	0.0	0.0	0.0	0.0	0.0	0.0	0.0	0.0	4.100863933563232	5.088501453399658	0.0	0.0	0.0	0.0	4.702657222747803	4.3684401512146	0.0	0.0	0.0	0.0	0.0	4.267730712890625	4.599572658538818	0.0	0.0	0.0	3.73480486869812	0.0	4.862990379333496	0.0	3.809537887573242	0.0	0.0	5.061093330383301	0.0	0.0
0.0	0.0	4.209442615509033	0.0	0.0	3.7692105770111084	3.6860759258270264	0.0	5.052387237548828	0.0	0.0	3.4459152221679688	0.0	0.0	4.473456859588623	0.0	0.0	0.0	0.0	0.0	5.2179388999938965	4.559847831726074	0.0	3.949310541152954	0.0	0.0	0.0	4.400879383087158	0.0	5.809228897094727	0.0	0.0	0.0	0.0	4.535161972045898	0.0	0.0	3.3524162769317627	0.0	0.0	0.0	0.0	0.0	0.0	0.0	4.500548839569092	0.0	3.9902596473693848	4.043896198272705	3.7551333904266357	0.0	4.0348663330078125	0.0	0.0	0.0	0.0	0.0	0.0	0.0	3.901320695877075	0.0	0.0	0.0	0.0	0.0	0.0	0.0	0.0	4.097539901733398	5.079118728637695	0.0	0.0	0.0	0.0	4.695657253265381	4.3627028465271	0.0	0.0	0.0	0.0	0.0	4.262341499328613	4.59360408782959	0.0	0.0	0.0	3.72908616065979	0.0	4.855956077575684	0.0	3.8042008876800537	0.0	0.0	5.053447246551514	0.0	0.0
0.0	0.0	4.190124988555908	0.0	0.0	3.7542591094970703	3.670883893966675	0.0	5.028279781341553	0.0	0.0	3.433312177658081	0.0	0.0	4.454517841339111	0.0	0.0	0.0	0.0	0.0	5.193084239959717	4.539477348327637	0.0	3.928999423980713	0.0	0.0	0.0	4.379404067993164	0.0	5.7797722816467285	0.0	0.0	0.0	0.0	4.515111923217773	0.0	0.0	3.338355302810669	0.0	0.0	0.0	0.0	0.0	0.0	0.0	4.478819370269775	0.0	3.9705357551574707	4.025872230529785	3.739623785018921	0.0	4.01445198059082	0.0	0.0	0.0	0.0	0.0	0.0	0.0	3.884993553161621	0.0	0.0	0.0	0.0	0.0	0.0	0.0	0.0	4.07667875289917	5.055751323699951	0.0	0.0	0.0	0.0	4.672008037567139	4.34401798248291	0.0	0.0	0.0	0.0	0.0	4.242631912231445	4.572573661804199	0.0	0.0	0.0	3.7113125324249268	0.0	4.832089900970459	0.0	3.7868356704711914	0.0	0.0	5.029394626617432	0.0	0.0
0.0	0.0	4.210170269012451	0.0	0.0	3.7724123001098633	3.6903738975524902	0.0	5.055086135864258	0.0	0.0	3.4488747119903564	0.0	0.0	4.476339817047119	0.0	0.0	0.0	0.0	0.0	5.220524311065674	4.562675476074219	0.0	3.9499993324279785	0.0	0.0	0.0	4.402433395385742	0.0	5.810301303863525	0.0	0.0	0.0	0.0	4.537740230560303	0.0	0.0	3.3543550968170166	0.0	0.0	0.0	0.0	0.0	0.0	0.0	4.502094268798828	0.0	3.992062568664551	4.045803546905518	3.7570719718933105	0.0	4.035674571990967	0.0	0.0	0.0	0.0	0.0	0.0	0.0	3.9028420448303223	0.0	0.0	0.0	0.0	0.0	0.0	0.0	0.0	4.096481800079346	5.083268165588379	0.0	0.0	0.0	0.0	4.697595119476318	4.365067005157471	0.0	0.0	0.0	0.0	0.0	4.263561248779297	4.5944952964782715	0.0	0.0	0.0	3.7300961017608643	0.0	4.855571269989014	0.0	3.805333375930786	0.0	0.0	5.0554118156433105	0.0	0.0
0.0	0.0	4.190116882324219	0.0	0.0	3.7531487941741943	3.670325517654419	0.0	5.027841567993164	0.0	0.0	3.433246374130249	0.0	0.0	4.453977584838867	0.0	0.0	0.0	0.0	0.0	5.192694187164307	4.538724422454834	0.0	3.9282045364379883	0.0	0.0	0.0	4.3793625831604	0.0	5.780000686645508	0.0	0.0	0.0	0.0	4.5147624015808105	0.0	0.0	3.3388466835021973	0.0	0.0	0.0	0.0	0.0	0.0	0.0	4.479060649871826	0.0	3.9709436893463135	4.0253777503967285	3.7391469478607178	0.0	4.014599800109863	0.0	0.0	0.0	0.0	0.0	0.0	0.0	3.8846681118011475	0.0	0.0	0.0	0.0	0.0	0.0	0.0	0.0	4.076223850250244	5.056397438049316	0.0	0.0	0.0	0.0	4.672115802764893	4.342634677886963	0.0	0.0	0.0	0.0	0.0	4.2419233322143555	4.572408676147461	0.0	0.0	0.0	3.710513114929199	0.0	4.832042217254639	0.0	3.786329746246338	0.0	0.0	5.028321743011475	0.0	0.0
0.0	0.0	4.1960954666137695	0.0	0.0	3.7569754123687744	3.672684907913208	0.0	5.033830642700195	0.0	0.0	3.433469772338867	0.0	0.0	4.457099914550781	0.0	0.0	0.0	0.0	0.0	5.1996541023254395	4.543382167816162	0.0	3.9343883991241455	0.0	0.0	0.0	4.386058807373047	0.0	5.786216735839844	0.0	0.0	0.0	0.0	4.5186333656311035	0.0	0.0	3.340345621109009	0.0	0.0	0.0	0.0	0.0	0.0	0.0	4.485899925231934	0.0	3.9750893115997314	4.030020236968994	3.7415518760681152	0.0	4.018747329711914	0.0	0.0	0.0	0.0	0.0	0.0	0.0	3.8887627124786377	0.0	0.0	0.0	0.0	0.0	0.0	0.0	0.0	4.081113815307617	5.061415672302246	0.0	0.0	0.0	0.0	4.67823600769043	4.34672212600708	0.0	0.0	0.0	0.0	0.0	4.246495246887207	4.576877117156982	0.0	0.0	0.0	3.714475393295288	0.0	4.838995933532715	0.0	3.7904069423675537	0.0	0.0	5.034919738769531	0.0	0.0
0.0	0.0	4.184869289398193	0.0	0.0	3.748494863510132	3.6660351753234863	0.0	5.0210161209106445	0.0	0.0	3.427243232727051	0.0	0.0	4.447168350219727	0.0	0.0	0.0	0.0	0.0	5.18532133102417	4.532586574554443	0.0	3.925706386566162	0.0	0.0	0.0	4.374485492706299	0.0	5.771759033203125	0.0	0.0	0.0	0.0	4.508438587188721	0.0	0.0	3.333526849746704	0.0	0.0	0.0	0.0	0.0	0.0	0.0	4.473771572113037	0.0	3.9661593437194824	4.019737243652344	3.7325661182403564	0.0	4.009464263916016	0.0	0.0	0.0	0.0	0.0	0.0	0.0	3.879291296005249	0.0	0.0	0.0	0.0	0.0	0.0	0.0	0.0	4.070617198944092	5.048643589019775	0.0	0.0	0.0	0.0	4.665797233581543	4.337192535400391	0.0	0.0	0.0	0.0	0.0	4.236648082733154	4.566690921783447	0.0	0.0	0.0	3.705317735671997	0.0	4.82550573348999	0.0	3.782078981399536	0.0	0.0	5.022338390350342	0.0	0.0
0.0	0.0	4.190578460693359	0.0	0.0	3.7545666694641113	3.6715798377990723	0.0	5.029143810272217	0.0	0.0	3.433664560317993	0.0	0.0	4.4549560546875	0.0	0.0	0.0	0.0	0.0	5.193146705627441	4.539386749267578	0.0	3.930318832397461	0.0	0.0	0.0	4.380692005157471	0.0	5.779897212982178	0.0	0.0	0.0	0.0	4.514572620391846	0.0	0.0	3.339265823364258	0.0	0.0	0.0	0.0	0.0	0.0	0.0	4.479445934295654	0.0	3.9719841480255127	4.026474475860596	3.7395856380462646	0.0	4.015384674072266	0.0	0.0	0.0	0.0	0.0	0.0	0.0	3.8845794200897217	0.0	0.0	0.0	0.0	0.0	0.0	0.0	0.0	4.0775299072265625	5.056516170501709	0.0	0.0	0.0	0.0	4.673370838165283	4.343366622924805	0.0	0.0	0.0	0.0	0.0	4.241581916809082	4.572094917297363	0.0	0.0	0.0	3.7107956409454346	0.0	4.832917213439941	0.0	3.7878940105438232	0.0	0.0	5.030086994171143	0.0	0.0
0.0	0.0	4.186984062194824	0.0	0.0	3.751376152038574	3.6685829162597656	0.0	5.02386999130249	0.0	0.0	3.4309513568878174	0.0	0.0	4.450328350067139	0.0	0.0	0.0	0.0	0.0	5.190086841583252	4.534984588623047	0.0	3.926398992538452	0.0	0.0	0.0	4.376160621643066	0.0	5.775777339935303	0.0	0.0	0.0	0.0	4.510612964630127	0.0	0.0	3.336026430130005	0.0	0.0	0.0	0.0	0.0	0.0	0.0	4.475648403167725	0.0	3.969251871109009	4.022799491882324	3.7365503311157227	0.0	4.012271881103516	0.0	0.0	0.0	0.0	0.0	0.0	0.0	3.882394552230835	0.0	0.0	0.0	0.0	0.0	0.0	0.0	0.0	4.074288368225098	5.052000999450684	0.0	0.0	0.0	0.0	4.668741703033447	4.340703964233398	0.0	0.0	0.0	0.0	0.0	4.238034248352051	4.56973934173584	0.0	0.0	0.0	3.707188844680786	0.0	4.829110622406006	0.0	3.7838938236236572	0.0	0.0	5.025102138519287	0.0	0.0
0.0	0.0	4.187564849853516	0.0	0.0	3.7518222332000732	3.667759895324707	0.0	5.02520227432251	0.0	0.0	3.4313554763793945	0.0	0.0	4.451937198638916	0.0	0.0	0.0	0.0	0.0	5.190135955810547	4.535897731781006	0.0	3.9276912212371826	0.0	0.0	0.0	4.376756191253662	0.0	5.775834083557129	0.0	0.0	0.0	0.0	4.511590957641602	0.0	0.0	3.3369243144989014	0.0	0.0	0.0	0.0	0.0	0.0	0.0	4.476343631744385	0.0	3.969250440597534	4.023712158203125	3.737581729888916	0.0	4.012775897979736	0.0	0.0	0.0	0.0	0.0	0.0	0.0	3.883763313293457	0.0	0.0	0.0	0.0	0.0	0.0	0.0	0.0	4.074305057525635	5.052783012390137	0.0	0.0	0.0	0.0	4.669013023376465	4.3405680656433105	0.0	0.0	0.0	0.0	0.0	4.240436553955078	4.568981647491455	0.0	0.0	0.0	3.7088606357574463	0.0	4.8294997215271	0.0	3.7845253944396973	0.0	0.0	5.026257514953613	0.0	0.0
0.0	0.0	4.186906337738037	0.0	0.0	3.7512457370758057	3.668813705444336	0.0	5.024752140045166	0.0	0.0	3.4299049377441406	0.0	0.0	4.450992107391357	0.0	0.0	0.0	0.0	0.0	5.189619064331055	4.535619735717773	0.0	3.9268267154693604	0.0	0.0	0.0	4.376382350921631	0.0	5.776479244232178	0.0	0.0	0.0	0.0	4.511815071105957	0.0	0.0	3.336336374282837	0.0	0.0	0.0	0.0	0.0	0.0	0.0	4.475895881652832	0.0	3.968606948852539	4.022801876068115	3.736422061920166	0.0	4.011808395385742	0.0	0.0	0.0	0.0	0.0	0.0	0.0	3.882277250289917	0.0	0.0	0.0	0.0	0.0	0.0	0.0	0.0	4.073301792144775	5.053043842315674	0.0	0.0	0.0	0.0	4.668933868408203	4.33977746963501	0.0	0.0	0.0	0.0	0.0	4.239224433898926	4.568676471710205	0.0	0.0	0.0	3.7082622051239014	0.0	4.82896614074707	0.0	3.7834885120391846	0.0	0.0	5.025150775909424	0.0	0.0
0.0	0.0	4.19710111618042	0.0	0.0	3.76051664352417	3.677666425704956	0.0	5.037572383880615	0.0	0.0	3.4388856887817383	0.0	0.0	4.462165832519531	0.0	0.0	0.0	0.0	0.0	5.203762531280518	4.547677516937256	0.0	3.9365315437316895	0.0	0.0	0.0	4.387472152709961	0.0	5.790570259094238	0.0	0.0	0.0	0.0	4.522618293762207	0.0	0.0	3.3444831371307373	0.0	0.0	0.0	0.0	0.0	0.0	0.0	4.486903667449951	0.0	3.9782514572143555	4.0336384773254395	3.7449612617492676	0.0	4.022754192352295	0.0	0.0	0.0	0.0	0.0	0.0	0.0	3.891847610473633	0.0	0.0	0.0	0.0	0.0	0.0	0.0	0.0	4.083805561065674	5.065046787261963	0.0	0.0	0.0	0.0	4.681125164031982	4.351090431213379	0.0	0.0	0.0	0.0	0.0	4.250120639801025	4.580134391784668	0.0	0.0	0.0	3.717421054840088	0.0	4.841287136077881	0.0	3.7935495376586914	0.0	0.0	5.038431167602539	0.0	0.0
0.0	0.0	4.189038276672363	0.0	0.0	3.7529261112213135	3.669745445251465	0.0	5.026633262634277	0.0	0.0	3.4320476055145264	0.0	0.0	4.452449321746826	0.0	0.0	0.0	0.0	0.0	5.19160795211792	4.537675380706787	0.0	3.9279487133026123	0.0	0.0	0.0	4.377294540405273	0.0	5.778146266937256	0.0	0.0	0.0	0.0	4.5132832527160645	0.0	0.0	3.338783025741577	0.0	0.0	0.0	0.0	0.0	0.0	0.0	4.47676420211792	0.0	3.970465898513794	4.024789810180664	3.7389657497406006	0.0	4.013916969299316	0.0	0.0	0.0	0.0	0.0	0.0	0.0	3.8841185569763184	0.0	0.0	0.0	0.0	0.0	0.0	0.0	0.0	4.074468612670898	5.05401086807251	0.0	0.0	0.0	0.0	4.671316146850586	4.341208457946777	0.0	0.0	0.0	0.0	0.0	4.240379333496094	4.570845603942871	0.0	0.0	0.0	3.7103428840637207	0.0	4.830426216125488	0.0	3.7850048542022705	0.0	0.0	5.027454853057861	0.0	0.0
0.0	0.0	4.198134899139404	0.0	0.0	3.7598447799682617	3.6781060695648193	0.0	5.039216995239258	0.0	0.0	3.4394619464874268	0.0	0.0	4.462961196899414	0.0	0.0	0.0	0.0	0.0	5.205085754394531	4.547932147979736	0.0	3.937833547592163	0.0	0.0	0.0	4.388453006744385	0.0	5.792503833770752	0.0	0.0	0.0	0.0	4.5247416496276855	0.0	0.0	3.3443236351013184	0.0	0.0	0.0	0.0	0.0	0.0	0.0	4.488880634307861	0.0	3.9792935848236084	4.032715320587158	3.7476983070373535	0.0	4.022886753082275	0.0	0.0	0.0	0.0	0.0	0.0	0.0	3.8930816650390625	0.0	0.0	0.0	0.0	0.0	0.0	0.0	0.0	4.085424423217773	5.06601095199585	0.0	0.0	0.0	0.0	4.681561470031738	4.351963043212891	0.0	0.0	0.0	0.0	0.0	4.251003265380859	4.5819501876831055	0.0	0.0	0.0	3.71870756149292	0.0	4.841513156890869	0.0	3.7943153381347656	0.0	0.0	5.0402069091796875	0.0	0.0
0.0	0.0	4.207856178283691	0.0	0.0	3.7712817192077637	3.686774969100952	0.0	5.051977157592773	0.0	0.0	3.447084665298462	0.0	0.0	4.473830223083496	0.0	0.0	0.0	0.0	0.0	5.2173357009887695	4.560029029846191	0.0	3.947160243988037	0.0	0.0	0.0	4.400290489196777	0.0	5.806472301483154	0.0	0.0	0.0	0.0	4.536402225494385	0.0	0.0	3.352680206298828	0.0	0.0	0.0	0.0	0.0	0.0	0.0	4.498878002166748	0.0	3.989246129989624	4.0440192222595215	3.7552013397216797	0.0	4.033388614654541	0.0	0.0	0.0	0.0	0.0	0.0	0.0	3.901383638381958	0.0	0.0	0.0	0.0	0.0	0.0	0.0	0.0	4.094449996948242	5.080045700073242	0.0	0.0	0.0	0.0	4.694159030914307	4.362076282501221	0.0	0.0	0.0	0.0	0.0	4.260898590087891	4.592356204986572	0.0	0.0	0.0	3.7277965545654297	0.0	4.8532867431640625	0.0	3.8031210899353027	0.0	0.0	5.051970481872559	0.0	0.0
0.0	0.0	4.185138702392578	0.0	0.0	3.7496371269226074	3.6665713787078857	0.0	5.021328449249268	0.0	0.0	3.428866147994995	0.0	0.0	4.448664665222168	0.0	0.0	0.0	0.0	0.0	5.186551570892334	4.5330424308776855	0.0	3.9249987602233887	0.0	0.0	0.0	4.37489128112793	0.0	5.772403240203857	0.0	0.0	0.0	0.0	4.509072303771973	0.0	0.0	3.3338756561279297	0.0	0.0	0.0	0.0	0.0	0.0	0.0	4.47428560256958	0.0	3.966684341430664	4.021435737609863	3.734718084335327	0.0	4.009430408477783	0.0	0.0	0.0	0.0	0.0	0.0	0.0	3.8813655376434326	0.0	0.0	0.0	0.0	0.0	0.0	0.0	0.0	4.071600914001465	5.049557209014893	0.0	0.0	0.0	0.0	4.667119026184082	4.337737083435059	0.0	0.0	0.0	0.0	0.0	4.237358570098877	4.566748142242432	0.0	0.0	0.0	3.7054245471954346	0.0	4.82578706741333	0.0	3.7814016342163086	0.0	0.0	5.022909641265869	0.0	0.0
0.0	0.0	4.217626571655273	0.0	0.0	3.7769904136657715	3.693634510040283	0.0	5.061200141906738	0.0	0.0	3.454021453857422	0.0	0.0	4.483522891998291	0.0	0.0	0.0	0.0	0.0	5.228066444396973	4.567752838134766	0.0	3.9556784629821777	0.0	0.0	0.0	4.4086995124816895	0.0	5.819705486297607	0.0	0.0	0.0	0.0	4.543667793273926	0.0	0.0	3.3595266342163086	0.0	0.0	0.0	0.0	0.0	0.0	0.0	4.50823450088501	0.0	3.997342586517334	4.05061674118042	3.7624928951263428	0.0	4.039012432098389	0.0	0.0	0.0	0.0	0.0	0.0	0.0	3.90883207321167	0.0	0.0	0.0	0.0	0.0	0.0	0.0	0.0	4.103264808654785	5.08908224105835	0.0	0.0	0.0	0.0	4.7022833824157715	4.371218681335449	0.0	0.0	0.0	0.0	0.0	4.269261360168457	4.60187292098999	0.0	0.0	0.0	3.734156608581543	0.0	4.8625359535217285	0.0	3.811521053314209	0.0	0.0	5.062540531158447	0.0	0.0
0.0	0.0	4.192422866821289	0.0	0.0	3.7553935050964355	3.6719136238098145	0.0	5.029979228973389	0.0	0.0	3.4348397254943848	0.0	0.0	4.455843448638916	0.0	0.0	0.0	0.0	0.0	5.196274757385254	4.540338039398193	0.0	3.931007146835327	0.0	0.0	0.0	4.381441593170166	0.0	5.782646656036377	0.0	0.0	0.0	0.0	4.516902446746826	0.0	0.0	3.3405280113220215	0.0	0.0	0.0	0.0	0.0	0.0	0.0	4.481771945953369	0.0	3.9735851287841797	4.027287483215332	3.74100923538208	0.0	4.01624870300293	0.0	0.0	0.0	0.0	0.0	0.0	0.0	3.886758804321289	0.0	0.0	0.0	0.0	0.0	0.0	0.0	0.0	4.078407287597656	5.057011604309082	0.0	0.0	0.0	0.0	4.674139976501465	4.345298767089844	0.0	0.0	0.0	0.0	0.0	4.244739055633545	4.575570106506348	0.0	0.0	0.0	3.7126870155334473	0.0	4.834475517272949	0.0	3.787808656692505	0.0	0.0	5.031404495239258	0.0	0.0
0.0	0.0	4.207638263702393	0.0	0.0	3.7696919441223145	3.6842870712280273	0.0	5.048206806182861	0.0	0.0	3.445209503173828	0.0	0.0	4.470459461212158	0.0	0.0	0.0	0.0	0.0	5.213737487792969	4.556268215179443	0.0	3.9445581436157227	0.0	0.0	0.0	4.397660255432129	0.0	5.803445339202881	0.0	0.0	0.0	0.0	4.531748294830322	0.0	0.0	3.350308656692505	0.0	0.0	0.0	0.0	0.0	0.0	0.0	4.497395992279053	0.0	3.9868831634521484	4.042932987213135	3.752927303314209	0.0	4.031863689422607	0.0	0.0	0.0	0.0	0.0	0.0	0.0	3.899881362915039	0.0	0.0	0.0	0.0	0.0	0.0	0.0	0.0	4.092356204986572	5.076637268066406	0.0	0.0	0.0	0.0	4.691221714019775	4.359890460968018	0.0	0.0	0.0	0.0	0.0	4.259349346160889	4.5898284912109375	0.0	0.0	0.0	3.7268083095550537	0.0	4.851573944091797	0.0	3.8011667728424072	0.0	0.0	5.048944473266602	0.0	0.0
0.0	0.0	4.188676834106445	0.0	0.0	3.751732587814331	3.6696577072143555	0.0	5.024903774261475	0.0	0.0	3.431757926940918	0.0	0.0	4.4530839920043945	0.0	0.0	0.0	0.0	0.0	5.190640926361084	4.536772727966309	0.0	3.9282565116882324	0.0	0.0	0.0	4.376875400543213	0.0	5.7772321701049805	0.0	0.0	0.0	0.0	4.511937141418457	0.0	0.0	3.3381175994873047	0.0	0.0	0.0	0.0	0.0	0.0	0.0	4.475980758666992	0.0	3.9695487022399902	4.024526596069336	3.7383782863616943	0.0	4.013261795043945	0.0	0.0	0.0	0.0	0.0	0.0	0.0	3.883896589279175	0.0	0.0	0.0	0.0	0.0	0.0	0.0	0.0	4.0751447677612305	5.052581310272217	0.0	0.0	0.0	0.0	4.669642925262451	4.340777397155762	0.0	0.0	0.0	0.0	0.0	4.2403950691223145	4.570921897888184	0.0	0.0	0.0	3.7087509632110596	0.0	4.829158306121826	0.0	3.785107374191284	0.0	0.0	5.026909828186035	0.0	0.0
0.0	0.0	4.183136463165283	0.0	0.0	3.7453651428222656	3.6628851890563965	0.0	5.016641139984131	0.0	0.0	3.4237821102142334	0.0	0.0	4.4433465003967285	0.0	0.0	0.0	0.0	0.0	5.181591987609863	4.5282721519470215	0.0	3.922386407852173	0.0	0.0	0.0	4.372198104858398	0.0	5.766965389251709	0.0	0.0	0.0	0.0	4.505500316619873	0.0	0.0	3.3295743465423584	0.0	0.0	0.0	0.0	0.0	0.0	0.0	4.471391201019287	0.0	3.9626901149749756	4.017894268035889	3.7297635078430176	0.0	4.0054030418396	0.0	0.0	0.0	0.0	0.0	0.0	0.0	3.8773369789123535	0.0	0.0	0.0	0.0	0.0	0.0	0.0	0.0	4.067749977111816	5.044192314147949	0.0	0.0	0.0	0.0	4.662508964538574	4.335451602935791	0.0	0.0	0.0	0.0	0.0	4.233648300170898	4.56283712387085	0.0	0.0	0.0	3.7019708156585693	0.0	4.822507858276367	0.0	3.777987480163574	0.0	0.0	5.017383575439453	0.0	0.0
0.0	0.0	4.20664119720459	0.0	0.0	3.7692480087280273	3.685120105743408	0.0	5.050137996673584	0.0	0.0	3.447709560394287	0.0	0.0	4.473570823669434	0.0	0.0	0.0	0.0	0.0	5.215698719024658	4.558040142059326	0.0	3.944788932800293	0.0	0.0	0.0	4.396104335784912	0.0	5.804123878479004	0.0	0.0	0.0	0.0	4.5335540771484375	0.0	0.0	3.353973865509033	0.0	0.0	0.0	0.0	0.0	0.0	0.0	4.495750904083252	0.0	3.988041639328003	4.042584419250488	3.755241870880127	0.0	4.031789779663086	0.0	0.0	0.0	0.0	0.0	0.0	0.0	3.90078067779541	0.0	0.0	0.0	0.0	0.0	0.0	0.0	0.0	4.091862201690674	5.077540397644043	0.0	0.0	0.0	0.0	4.69258451461792	4.360243797302246	0.0	0.0	0.0	0.0	0.0	4.25986385345459	4.590315818786621	0.0	0.0	0.0	3.7271997928619385	0.0	4.851263046264648	0.0	3.801907539367676	0.0	0.0	5.050498962402344	0.0	0.0
0.0	0.0	4.1979875564575195	0.0	0.0	3.761634349822998	3.6778361797332764	0.0	5.0392351150512695	0.0	0.0	3.4401872158050537	0.0	0.0	4.462614059448242	0.0	0.0	0.0	0.0	0.0	5.205323696136475	4.549073696136475	0.0	3.9383699893951416	0.0	0.0	0.0	4.388809680938721	0.0	5.793464183807373	0.0	0.0	0.0	0.0	4.524856090545654	0.0	0.0	3.3454909324645996	0.0	0.0	0.0	0.0	0.0	0.0	0.0	4.488381862640381	0.0	3.979815721511841	4.034249305725098	3.747061252593994	0.0	4.022858142852783	0.0	0.0	0.0	0.0	0.0	0.0	0.0	3.893655300140381	0.0	0.0	0.0	0.0	0.0	0.0	0.0	0.0	4.084837913513184	5.066330432891846	0.0	0.0	0.0	0.0	4.681839466094971	4.351495742797852	0.0	0.0	0.0	0.0	0.0	4.251515865325928	4.581659317016602	0.0	0.0	0.0	3.7186336517333984	0.0	4.8425421714782715	0.0	3.7950799465179443	0.0	0.0	5.040029048919678	0.0	0.0
0.0	0.0	4.1911516189575195	0.0	0.0	3.7546072006225586	3.67116117477417	0.0	5.029011249542236	0.0	0.0	3.4333720207214355	0.0	0.0	4.454623222351074	0.0	0.0	0.0	0.0	0.0	5.192502498626709	4.538904666900635	0.0	3.9296607971191406	0.0	0.0	0.0	4.3803300857543945	0.0	5.78122091293335	0.0	0.0	0.0	0.0	4.514928817749023	0.0	0.0	3.3401150703430176	0.0	0.0	0.0	0.0	0.0	0.0	0.0	4.479208469390869	0.0	3.971764087677002	4.026376247406006	3.7388293743133545	0.0	4.015294551849365	0.0	0.0	0.0	0.0	0.0	0.0	0.0	3.8857293128967285	0.0	0.0	0.0	0.0	0.0	0.0	0.0	0.0	4.076905727386475	5.056156158447266	0.0	0.0	0.0	0.0	4.673108100891113	4.343197822570801	0.0	0.0	0.0	0.0	0.0	4.242701053619385	4.571678638458252	0.0	0.0	0.0	3.7109217643737793	0.0	4.83226203918457	0.0	3.7867836952209473	0.0	0.0	5.0296807289123535	0.0	0.0
0.0	0.0	4.197977542877197	0.0	0.0	3.7607460021972656	3.67737078666687	0.0	5.037436485290527	0.0	0.0	3.4386909008026123	0.0	0.0	4.461883068084717	0.0	0.0	0.0	0.0	0.0	5.202754020690918	4.546992778778076	0.0	3.935631275177002	0.0	0.0	0.0	4.386454105377197	0.0	5.790835857391357	0.0	0.0	0.0	0.0	4.522980213165283	0.0	0.0	3.345167636871338	0.0	0.0	0.0	0.0	0.0	0.0	0.0	4.486285209655762	0.0	3.9778244495391846	4.032824993133545	3.745607614517212	0.0	4.022067070007324	0.0	0.0	0.0	0.0	0.0	0.0	0.0	3.891936779022217	0.0	0.0	0.0	0.0	0.0	0.0	0.0	0.0	4.084676742553711	5.064558982849121	0.0	0.0	0.0	0.0	4.6799821853637695	4.350592136383057	0.0	0.0	0.0	0.0	0.0	4.249256610870361	4.580463886260986	0.0	0.0	0.0	3.717475414276123	0.0	4.841616630554199	0.0	3.793017864227295	0.0	0.0	5.038198947906494	0.0	0.0
0.0	0.0	4.174687385559082	0.0	0.0	3.7391343116760254	3.656581401824951	0.0	5.008174419403076	0.0	0.0	3.4194798469543457	0.0	0.0	4.435787677764893	0.0	0.0	0.0	0.0	0.0	5.172695159912109	4.520910263061523	0.0	3.9142842292785645	0.0	0.0	0.0	4.36372184753418	0.0	5.75670862197876	0.0	0.0	0.0	0.0	4.4970011711120605	0.0	0.0	3.326024293899536	0.0	0.0	0.0	0.0	0.0	0.0	0.0	4.462554931640625	0.0	3.955772638320923	4.010444164276123	3.7243566513061523	0.0	3.9988207817077637	0.0	0.0	0.0	0.0	0.0	0.0	0.0	3.8699941635131836	0.0	0.0	0.0	0.0	0.0	0.0	0.0	0.0	4.060825347900391	5.034854412078857	0.0	0.0	0.0	0.0	4.653418064117432	4.327777862548828	0.0	0.0	0.0	0.0	0.0	4.225495338439941	4.555394649505615	0.0	0.0	0.0	3.6953659057617188	0.0	4.813323497772217	0.0	3.772684097290039	0.0	0.0	5.008985996246338	0.0	0.0
0.0	0.0	4.19390869140625	0.0	0.0	3.7582404613494873	3.6746511459350586	0.0	5.033452987670898	0.0	0.0	3.4370927810668945	0.0	0.0	4.459226131439209	0.0	0.0	0.0	0.0	0.0	5.199784278869629	4.543752193450928	0.0	3.9335224628448486	0.0	0.0	0.0	4.3849029541015625	0.0	5.785860538482666	0.0	0.0	0.0	0.0	4.5201005935668945	0.0	0.0	3.3423361778259277	0.0	0.0	0.0	0.0	0.0	0.0	0.0	4.483020782470703	0.0	3.9750213623046875	4.030611515045166	3.7431607246398926	0.0	4.018937110900879	0.0	0.0	0.0	0.0	0.0	0.0	0.0	3.8893675804138184	0.0	0.0	0.0	0.0	0.0	0.0	0.0	0.0	4.080595016479492	5.061910152435303	0.0	0.0	0.0	0.0	4.6776299476623535	4.347541332244873	0.0	0.0	0.0	0.0	0.0	4.246364116668701	4.577138900756836	0.0	0.0	0.0	3.7140941619873047	0.0	4.837329387664795	0.0	3.7900798320770264	0.0	0.0	5.034604072570801	0.0	0.0
0.0	0.0	4.2010722160339355	0.0	0.0	3.762066602706909	3.6787850856781006	0.0	5.03942346572876	0.0	0.0	3.4403834342956543	0.0	0.0	4.464497089385986	0.0	0.0	0.0	0.0	0.0	5.205146312713623	4.549729347229004	0.0	3.938598155975342	0.0	0.0	0.0	4.388885974884033	0.0	5.793752670288086	0.0	0.0	0.0	0.0	4.5249409675598145	0.0	0.0	3.346876382827759	0.0	0.0	0.0	0.0	0.0	0.0	0.0	4.489243984222412	0.0	3.9802517890930176	4.0360002517700195	3.747742176055908	0.0	4.023976802825928	0.0	0.0	0.0	0.0	0.0	0.0	0.0	3.8949944972991943	0.0	0.0	0.0	0.0	0.0	0.0	0.0	0.0	4.085813999176025	5.068087577819824	0.0	0.0	0.0	0.0	4.683589935302734	4.352773189544678	0.0	0.0	0.0	0.0	0.0	4.253003120422363	4.582831859588623	0.0	0.0	0.0	3.719649314880371	0.0	4.843682289123535	0.0	3.795588970184326	0.0	0.0	5.041534423828125	0.0	0.0
0.0	0.0	4.188910007476807	0.0	0.0	3.752715826034546	3.670889139175415	0.0	5.027395248413086	0.0	0.0	3.4319467544555664	0.0	0.0	4.4523749351501465	0.0	0.0	0.0	0.0	0.0	5.1919264793396	4.537913799285889	0.0	3.929643154144287	0.0	0.0	0.0	4.378725528717041	0.0	5.778896331787109	0.0	0.0	0.0	0.0	4.513606548309326	0.0	0.0	3.337388038635254	0.0	0.0	0.0	0.0	0.0	0.0	0.0	4.477970600128174	0.0	3.9702184200286865	4.024019718170166	3.737919807434082	0.0	4.013800621032715	0.0	0.0	0.0	0.0	0.0	0.0	0.0	3.8835885524749756	0.0	0.0	0.0	0.0	0.0	0.0	0.0	0.0	4.075892448425293	5.0548787117004395	0.0	0.0	0.0	0.0	4.670955657958984	4.3424906730651855	0.0	0.0	0.0	0.0	0.0	4.240927696228027	4.570452690124512	0.0	0.0	0.0	3.7100915908813477	0.0	4.8311238288879395	0.0	3.7861552238464355	0.0	0.0	5.028340816497803	0.0	0.0
0.0	0.0	4.187998294830322	0.0	0.0	3.751845598220825	3.6686956882476807	0.0	5.025509834289551	0.0	0.0	3.430462121963501	0.0	0.0	4.451344013214111	0.0	0.0	0.0	0.0	0.0	5.191025257110596	4.536168098449707	0.0	3.927544355392456	0.0	0.0	0.0	4.377494812011719	0.0	5.777267932891846	0.0	0.0	0.0	0.0	4.512094497680664	0.0	0.0	3.336519956588745	0.0	0.0	0.0	0.0	0.0	0.0	0.0	4.476536750793457	0.0	3.9690675735473633	4.023934841156006	3.7369768619537354	0.0	4.013661861419678	0.0	0.0	0.0	0.0	0.0	0.0	0.0	3.883227825164795	0.0	0.0	0.0	0.0	0.0	0.0	0.0	0.0	4.073873519897461	5.052778720855713	0.0	0.0	0.0	0.0	4.670011043548584	4.340648651123047	0.0	0.0	0.0	0.0	0.0	4.240149974822998	4.570303440093994	0.0	0.0	0.0	3.7094719409942627	0.0	4.8297929763793945	0.0	3.7847986221313477	0.0	0.0	5.027256965637207	0.0	0.0
0.0	0.0	4.185342788696289	0.0	0.0	3.7499732971191406	3.666459321975708	0.0	5.021387577056885	0.0	0.0	3.429198741912842	0.0	0.0	4.448741912841797	0.0	0.0	0.0	0.0	0.0	5.187220573425293	4.532632350921631	0.0	3.9250004291534424	0.0	0.0	0.0	4.374089241027832	0.0	5.7720112800598145	0.0	0.0	0.0	0.0	4.508065700531006	0.0	0.0	3.335264205932617	0.0	0.0	0.0	0.0	0.0	0.0	0.0	4.472861289978027	0.0	3.9666810035705566	4.02152681350708	3.734752655029297	0.0	4.009810924530029	0.0	0.0	0.0	0.0	0.0	0.0	0.0	3.881007194519043	0.0	0.0	0.0	0.0	0.0	0.0	0.0	0.0	4.071887493133545	5.04972505569458	0.0	0.0	0.0	0.0	4.666109561920166	4.3380537033081055	0.0	0.0	0.0	0.0	0.0	4.236393928527832	4.566978931427002	0.0	0.0	0.0	3.7058463096618652	0.0	4.825244903564453	0.0	3.781156301498413	0.0	0.0	5.02283239364624	0.0	0.0
0.0	0.0	4.191531181335449	0.0	0.0	3.754818916320801	3.6730573177337646	0.0	5.0294036865234375	0.0	0.0	3.434849977493286	0.0	0.0	4.456173896789551	0.0	0.0	0.0	0.0	0.0	5.195822238922119	4.541080474853516	0.0	3.930739641189575	0.0	0.0	0.0	4.380529403686523	0.0	5.783548831939697	0.0	0.0	0.0	0.0	4.516306400299072	0.0	0.0	3.3392550945281982	0.0	0.0	0.0	0.0	0.0	0.0	0.0	4.480900287628174	0.0	3.9727931022644043	4.028537273406982	3.740523338317871	0.0	4.016229629516602	0.0	0.0	0.0	0.0	0.0	0.0	0.0	3.887953042984009	0.0	0.0	0.0	0.0	0.0	0.0	0.0	0.0	4.07916259765625	5.057473182678223	0.0	0.0	0.0	0.0	4.673681735992432	4.344692230224609	0.0	0.0	0.0	0.0	0.0	4.2439351081848145	4.574344158172607	0.0	0.0	0.0	3.7127585411071777	0.0	4.834207057952881	0.0	3.7881689071655273	0.0	0.0	5.0314226150512695	0.0	0.0
0.0	0.0	4.179243087768555	0.0	0.0	3.7436485290527344	3.660712480545044	0.0	5.0137529373168945	0.0	0.0	3.4241623878479004	0.0	0.0	4.441524982452393	0.0	0.0	0.0	0.0	0.0	5.178647994995117	4.525874137878418	0.0	3.919044256210327	0.0	0.0	0.0	4.36755895614624	0.0	5.763056755065918	0.0	0.0	0.0	0.0	4.501277446746826	0.0	0.0	3.3303840160369873	0.0	0.0	0.0	0.0	0.0	0.0	0.0	4.466640949249268	0.0	3.9597485065460205	4.014150142669678	3.7294251918792725	0.0	4.003617286682129	0.0	0.0	0.0	0.0	0.0	0.0	0.0	3.87522292137146	0.0	0.0	0.0	0.0	0.0	0.0	0.0	0.0	4.065862655639648	5.041378021240234	0.0	0.0	0.0	0.0	4.65850305557251	4.3313117027282715	0.0	0.0	0.0	0.0	0.0	4.229898452758789	4.560026168823242	0.0	0.0	0.0	3.6990339756011963	0.0	4.818508625030518	0.0	3.7767891883850098	0.0	0.0	5.014742374420166	0.0	0.0
0.0	0.0	4.212644100189209	0.0	0.0	3.773430585861206	3.6889994144439697	0.0	5.054887294769287	0.0	0.0	3.4498167037963867	0.0	0.0	4.478634357452393	0.0	0.0	0.0	0.0	0.0	5.222293376922607	4.562222003936768	0.0	3.951658010482788	0.0	0.0	0.0	4.402990818023682	0.0	5.8112287521362305	0.0	0.0	0.0	0.0	4.539357662200928	0.0	0.0	3.35417103767395	0.0	0.0	0.0	0.0	0.0	0.0	0.0	4.501949310302734	0.0	3.9921042919158936	4.047365665435791	3.756605625152588	0.0	4.035060882568359	0.0	0.0	0.0	0.0	0.0	0.0	0.0	3.905015230178833	0.0	0.0	0.0	0.0	0.0	0.0	0.0	0.0	4.097926139831543	5.0826029777526855	0.0	0.0	0.0	0.0	4.699131965637207	4.365748882293701	0.0	0.0	0.0	0.0	0.0	4.264579772949219	4.595852375030518	0.0	0.0	0.0	3.7303595542907715	0.0	4.858023166656494	0.0	3.8058133125305176	0.0	0.0	5.056396961212158	0.0	0.0
0.0	0.0	4.176083087921143	0.0	0.0	3.7404448986053467	3.6585006713867188	0.0	5.009350299835205	0.0	0.0	3.419816732406616	0.0	0.0	4.4373273849487305	0.0	0.0	0.0	0.0	0.0	5.174295902252197	4.521856307983398	0.0	3.915050745010376	0.0	0.0	0.0	4.364653587341309	0.0	5.758768081665039	0.0	0.0	0.0	0.0	4.498220920562744	0.0	0.0	3.3272287845611572	0.0	0.0	0.0	0.0	0.0	0.0	0.0	4.463801383972168	0.0	3.9576823711395264	4.012492656707764	3.726071357727051	0.0	4.000329971313477	0.0	0.0	0.0	0.0	0.0	0.0	0.0	3.8710763454437256	0.0	0.0	0.0	0.0	0.0	0.0	0.0	0.0	4.061618804931641	5.036393642425537	0.0	0.0	0.0	0.0	4.65523624420166	4.328012943267822	0.0	0.0	0.0	0.0	0.0	4.227161884307861	4.555847644805908	0.0	0.0	0.0	3.697736978530884	0.0	4.814488410949707	0.0	3.773197889328003	0.0	0.0	5.011998653411865	0.0	0.0
0.0	0.0	4.191861629486084	0.0	0.0	3.7541651725769043	3.671156167984009	0.0	5.029056072235107	0.0	0.0	3.433502435684204	0.0	0.0	4.453849792480469	0.0	0.0	0.0	0.0	0.0	5.194052696228027	4.539819717407227	0.0	3.9297680854797363	0.0	0.0	0.0	4.380855083465576	0.0	5.781035900115967	0.0	0.0	0.0	0.0	4.515210151672363	0.0	0.0	3.3396153450012207	0.0	0.0	0.0	0.0	0.0	0.0	0.0	4.4798407554626465	0.0	3.972005605697632	4.026983261108398	3.74029541015625	0.0	4.016088008880615	0.0	0.0	0.0	0.0	0.0	0.0	0.0	3.8857109546661377	0.0	0.0	0.0	0.0	0.0	0.0	0.0	0.0	4.0773210525512695	5.056416988372803	0.0	0.0	0.0	0.0	4.6728973388671875	4.344146728515625	0.0	0.0	0.0	0.0	0.0	4.242652893066406	4.57302713394165	0.0	0.0	0.0	3.7111377716064453	0.0	4.833454132080078	0.0	3.7876813411712646	0.0	0.0	5.030226230621338	0.0	0.0
0.0	0.0	4.194592475891113	0.0	0.0	3.7580840587615967	3.6742875576019287	0.0	5.033647537231445	0.0	0.0	3.437070846557617	0.0	0.0	4.458863735198975	0.0	0.0	0.0	0.0	0.0	5.1992292404174805	4.5436296463012695	0.0	3.932727575302124	0.0	0.0	0.0	4.383340835571289	0.0	5.7860188484191895	0.0	0.0	0.0	0.0	4.519792079925537	0.0	0.0	3.3416857719421387	0.0	0.0	0.0	0.0	0.0	0.0	0.0	4.484070301055908	0.0	3.974621057510376	4.029874801635742	3.7444846630096436	0.0	4.018794059753418	0.0	0.0	0.0	0.0	0.0	0.0	0.0	3.889617681503296	0.0	0.0	0.0	0.0	0.0	0.0	0.0	0.0	4.0791215896606445	5.061922550201416	0.0	0.0	0.0	0.0	4.677699565887451	4.347961902618408	0.0	0.0	0.0	0.0	0.0	4.2466278076171875	4.577522277832031	0.0	0.0	0.0	3.714468002319336	0.0	4.8362531661987305	0.0	3.790621280670166	0.0	0.0	5.03468656539917	0.0	0.0
0.0	0.0	4.191755294799805	0.0	0.0	3.7556793689727783	3.6718289852142334	0.0	5.029520034790039	0.0	0.0	3.433553457260132	0.0	0.0	4.455526351928711	0.0	0.0	0.0	0.0	0.0	5.195143699645996	4.540046691894531	0.0	3.930663824081421	0.0	0.0	0.0	4.381785869598389	0.0	5.782605171203613	0.0	0.0	0.0	0.0	4.515911102294922	0.0	0.0	3.340256452560425	0.0	0.0	0.0	0.0	0.0	0.0	0.0	4.480067253112793	0.0	3.972879409790039	4.027492523193359	3.7407076358795166	0.0	4.016851902008057	0.0	0.0	0.0	0.0	0.0	0.0	0.0	3.8862853050231934	0.0	0.0	0.0	0.0	0.0	0.0	0.0	0.0	4.0770063400268555	5.057741165161133	0.0	0.0	0.0	0.0	4.673973560333252	4.344969272613525	0.0	0.0	0.0	0.0	0.0	4.243898868560791	4.573746204376221	0.0	0.0	0.0	3.7121551036834717	0.0	4.833308219909668	0.0	3.7883572578430176	0.0	0.0	5.0302958488464355	0.0	0.0
0.0	0.0	4.186675071716309	0.0	0.0	3.7507426738739014	3.6676433086395264	0.0	5.0237627029418945	0.0	0.0	3.430279016494751	0.0	0.0	4.450442790985107	0.0	0.0	0.0	0.0	0.0	5.18887996673584	4.535006523132324	0.0	3.9252939224243164	0.0	0.0	0.0	4.375624656677246	0.0	5.774442672729492	0.0	0.0	0.0	0.0	4.5105085372924805	0.0	0.0	3.3354427814483643	0.0	0.0	0.0	0.0	0.0	0.0	0.0	4.474854946136475	0.0	3.9674737453460693	4.0228118896484375	3.7362430095672607	0.0	4.011260032653809	0.0	0.0	0.0	0.0	0.0	0.0	0.0	3.8822622299194336	0.0	0.0	0.0	0.0	0.0	0.0	0.0	0.0	4.07266092300415	5.051199913024902	0.0	0.0	0.0	0.0	4.66848611831665	4.3399529457092285	0.0	0.0	0.0	0.0	0.0	4.23846960067749	4.568145275115967	0.0	0.0	0.0	3.706895112991333	0.0	4.827807426452637	0.0	3.7828712463378906	0.0	0.0	5.02510929107666	0.0	0.0
0.0	0.0	4.184832572937012	0.0	0.0	3.749533176422119	3.666184186935425	0.0	5.0217719078063965	0.0	0.0	3.4288747310638428	0.0	0.0	4.448807716369629	0.0	0.0	0.0	0.0	0.0	5.186499118804932	4.532932281494141	0.0	3.925304651260376	0.0	0.0	0.0	4.373237609863281	0.0	5.772735595703125	0.0	0.0	0.0	0.0	4.508862018585205	0.0	0.0	3.3351292610168457	0.0	0.0	0.0	0.0	0.0	0.0	0.0	4.4738616943359375	0.0	3.966916799545288	4.0207295417785645	3.7342638969421387	0.0	4.0106611251831055	0.0	0.0	0.0	0.0	0.0	0.0	0.0	3.8804094791412354	0.0	0.0	0.0	0.0	0.0	0.0	0.0	0.0	4.071495056152344	5.0490193367004395	0.0	0.0	0.0	0.0	4.666614532470703	4.337610244750977	0.0	0.0	0.0	0.0	0.0	4.236839771270752	4.565760135650635	0.0	0.0	0.0	3.7065165042877197	0.0	4.82634973526001	0.0	3.781987428665161	0.0	0.0	5.022184371948242	0.0	0.0
0.0	0.0	4.199807643890381	0.0	0.0	3.7597296237945557	3.675901412963867	0.0	5.038637161254883	0.0	0.0	3.4364676475524902	0.0	0.0	4.462684631347656	0.0	0.0	0.0	0.0	0.0	5.204573154449463	4.547597885131836	0.0	3.939166784286499	0.0	0.0	0.0	4.389967918395996	0.0	5.7922773361206055	0.0	0.0	0.0	0.0	4.522763729095459	0.0	0.0	3.3427467346191406	0.0	0.0	0.0	0.0	0.0	0.0	0.0	4.490437030792236	0.0	3.9804670810699463	4.03304386138916	3.7446491718292236	0.0	4.0223388671875	0.0	0.0	0.0	0.0	0.0	0.0	0.0	3.8918583393096924	0.0	0.0	0.0	0.0	0.0	0.0	0.0	0.0	4.085878372192383	5.067418575286865	0.0	0.0	0.0	0.0	4.6833271980285645	4.352937698364258	0.0	0.0	0.0	0.0	0.0	4.250814914703369	4.5815958976745605	0.0	0.0	0.0	3.717910051345825	0.0	4.841979026794434	0.0	3.7939887046813965	0.0	0.0	5.03984260559082	0.0	0.0
0.0	0.0	4.19870662689209	0.0	0.0	3.761061191558838	3.6769325733184814	0.0	5.038293361663818	0.0	0.0	3.439889669418335	0.0	0.0	4.464218616485596	0.0	0.0	0.0	0.0	0.0	5.205283164978027	4.547918319702148	0.0	3.9378600120544434	0.0	0.0	0.0	4.387455940246582	0.0	5.792876243591309	0.0	0.0	0.0	0.0	4.524918079376221	0.0	0.0	3.34486722946167	0.0	0.0	0.0	0.0	0.0	0.0	0.0	4.487613201141357	0.0	3.9798409938812256	4.033057689666748	3.747039556503296	0.0	4.022294521331787	0.0	0.0	0.0	0.0	0.0	0.0	0.0	3.892881155014038	0.0	0.0	0.0	0.0	0.0	0.0	0.0	0.0	4.085676193237305	5.066591739654541	0.0	0.0	0.0	0.0	4.681336402893066	4.3520402908325195	0.0	0.0	0.0	0.0	0.0	4.250481605529785	4.582548141479492	0.0	0.0	0.0	3.7185771465301514	0.0	4.842166900634766	0.0	3.7937815189361572	0.0	0.0	5.0398173332214355	0.0	0.0
0.0	0.0	4.194118499755859	0.0	0.0	3.7571516036987305	3.6735951900482178	0.0	5.031374454498291	0.0	0.0	3.435534715652466	0.0	0.0	4.457766056060791	0.0	0.0	0.0	0.0	0.0	5.197104454040527	4.542736530303955	0.0	3.9324488639831543	0.0	0.0	0.0	4.381702899932861	0.0	5.784913063049316	0.0	0.0	0.0	0.0	4.517516136169434	0.0	0.0	3.3409440517425537	0.0	0.0	0.0	0.0	0.0	0.0	0.0	4.481835842132568	0.0	3.975358247756958	4.029694080352783	3.74194598197937	0.0	4.018248081207275	0.0	0.0	0.0	0.0	0.0	0.0	0.0	3.887529134750366	0.0	0.0	0.0	0.0	0.0	0.0	0.0	0.0	4.078562259674072	5.059485912322998	0.0	0.0	0.0	0.0	4.67624044418335	4.346907138824463	0.0	0.0	0.0	0.0	0.0	4.245288372039795	4.575821876525879	0.0	0.0	0.0	3.713120222091675	0.0	4.8354105949401855	0.0	3.789461374282837	0.0	0.0	5.033375263214111	0.0	0.0
0.0	0.0	4.189579010009766	0.0	0.0	3.753204345703125	3.6704277992248535	0.0	5.027472496032715	0.0	0.0	3.43231463432312	0.0	0.0	4.452950477600098	0.0	0.0	0.0	0.0	0.0	5.193087100982666	4.5383806228637695	0.0	3.9288330078125	0.0	0.0	0.0	4.37869930267334	0.0	5.7790069580078125	0.0	0.0	0.0	0.0	4.51419734954834	0.0	0.0	3.337864637374878	0.0	0.0	0.0	0.0	0.0	0.0	0.0	4.478595733642578	0.0	3.971447706222534	4.025025367736816	3.7388405799865723	0.0	4.014432430267334	0.0	0.0	0.0	0.0	0.0	0.0	0.0	3.8847432136535645	0.0	0.0	0.0	0.0	0.0	0.0	0.0	0.0	4.075660228729248	5.054471969604492	0.0	0.0	0.0	0.0	4.671425819396973	4.342606544494629	0.0	0.0	0.0	0.0	0.0	4.241491794586182	4.571379661560059	0.0	0.0	0.0	3.711439609527588	0.0	4.831944465637207	0.0	3.7859137058258057	0.0	0.0	5.028282165527344	0.0	0.0
0.0	0.0	4.188113212585449	0.0	0.0	3.7521965503692627	3.6688296794891357	0.0	5.025326728820801	0.0	0.0	3.431365489959717	0.0	0.0	4.451689720153809	0.0	0.0	0.0	0.0	0.0	5.189910411834717	4.536050796508789	0.0	3.927443027496338	0.0	0.0	0.0	4.376786231994629	0.0	5.776530742645264	0.0	0.0	0.0	0.0	4.512534141540527	0.0	0.0	3.336745262145996	0.0	0.0	0.0	0.0	0.0	0.0	0.0	4.477110862731934	0.0	3.969658136367798	4.023926258087158	3.7367751598358154	0.0	4.012994289398193	0.0	0.0	0.0	0.0	0.0	0.0	0.0	3.883263349533081	0.0	0.0	0.0	0.0	0.0	0.0	0.0	0.0	4.073509693145752	5.052576065063477	0.0	0.0	0.0	0.0	4.669543266296387	4.340149879455566	0.0	0.0	0.0	0.0	0.0	4.240353584289551	4.568825721740723	0.0	0.0	0.0	3.7088520526885986	0.0	4.829820156097412	0.0	3.784411907196045	0.0	0.0	5.0274739265441895	0.0	0.0
0.0	0.0	4.185767650604248	0.0	0.0	3.750608205795288	3.6665570735931396	0.0	5.022911071777344	0.0	0.0	3.4291629791259766	0.0	0.0	4.44994592666626	0.0	0.0	0.0	0.0	0.0	5.1883697509765625	4.5344133377075195	0.0	3.926781415939331	0.0	0.0	0.0	4.374856948852539	0.0	5.774811267852783	0.0	0.0	0.0	0.0	4.5101494789123535	0.0	0.0	3.335070848464966	0.0	0.0	0.0	0.0	0.0	0.0	0.0	4.474665641784668	0.0	3.9673328399658203	4.022127628326416	3.7356836795806885	0.0	4.011049270629883	0.0	0.0	0.0	0.0	0.0	0.0	0.0	3.882114887237549	0.0	0.0	0.0	0.0	0.0	0.0	0.0	0.0	4.072937965393066	5.050974369049072	0.0	0.0	0.0	0.0	4.667760848999023	4.339839935302734	0.0	0.0	0.0	0.0	0.0	4.238682270050049	4.567819595336914	0.0	0.0	0.0	3.7077436447143555	0.0	4.827610969543457	0.0	3.782315731048584	0.0	0.0	5.025207996368408	0.0	0.0
0.0	0.0	4.192385673522949	0.0	0.0	3.7555956840515137	3.6716718673706055	0.0	5.030166149139404	0.0	0.0	3.435157537460327	0.0	0.0	4.456031322479248	0.0	0.0	0.0	0.0	0.0	5.195709228515625	4.540548324584961	0.0	3.9318957328796387	0.0	0.0	0.0	4.3812575340271	0.0	5.7832489013671875	0.0	0.0	0.0	0.0	4.51668119430542	0.0	0.0	3.340353488922119	0.0	0.0	0.0	0.0	0.0	0.0	0.0	4.480587959289551	0.0	3.9728877544403076	4.028623580932617	3.740431308746338	0.0	4.01747465133667	0.0	0.0	0.0	0.0	0.0	0.0	0.0	3.8874337673187256	0.0	0.0	0.0	0.0	0.0	0.0	0.0	0.0	4.078031063079834	5.058734893798828	0.0	0.0	0.0	0.0	4.674302101135254	4.3451008796691895	0.0	0.0	0.0	0.0	0.0	4.244705677032471	4.574376583099365	0.0	0.0	0.0	3.7122154235839844	0.0	4.833734512329102	0.0	3.7874720096588135	0.0	0.0	5.031800270080566	0.0	0.0
0.0	0.0	4.186264991760254	0.0	0.0	3.7492311000823975	3.66693377494812	0.0	5.022516250610352	0.0	0.0	3.4295599460601807	0.0	0.0	4.448558330535889	0.0	0.0	0.0	0.0	0.0	5.187862396240234	4.532998561859131	0.0	3.9257004261016846	0.0	0.0	0.0	4.375059604644775	0.0	5.774024963378906	0.0	0.0	0.0	0.0	4.509380340576172	0.0	0.0	3.3353867530822754	0.0	0.0	0.0	0.0	0.0	0.0	0.0	4.473898887634277	0.0	3.966204881668091	4.021420955657959	3.734839677810669	0.0	4.010065078735352	0.0	0.0	0.0	0.0	0.0	0.0	0.0	3.8808553218841553	0.0	0.0	0.0	0.0	0.0	0.0	0.0	0.0	4.071357727050781	5.049556255340576	0.0	0.0	0.0	0.0	4.667477607727051	4.337851047515869	0.0	0.0	0.0	0.0	0.0	4.2369608879089355	4.566982269287109	0.0	0.0	0.0	3.706292152404785	0.0	4.8267621994018555	0.0	3.782167911529541	0.0	0.0	5.023898124694824	0.0	0.0
0.0	0.0	4.182353496551514	0.0	0.0	3.7477195262908936	3.664597511291504	0.0	5.01926326751709	0.0	0.0	3.427358388900757	0.0	0.0	4.447224140167236	0.0	0.0	0.0	0.0	0.0	5.184618949890137	4.53096342086792	0.0	3.922607421875	0.0	0.0	0.0	4.370749473571777	0.0	5.769320487976074	0.0	0.0	0.0	0.0	4.506587028503418	0.0	0.0	3.3331050872802734	0.0	0.0	0.0	0.0	0.0	0.0	0.0	4.469910144805908	0.0	3.9641449451446533	4.018773555755615	3.733445644378662	0.0	4.008430004119873	0.0	0.0	0.0	0.0	0.0	0.0	0.0	3.8792877197265625	0.0	0.0	0.0	0.0	0.0	0.0	0.0	0.0	4.069242477416992	5.0474371910095215	0.0	0.0	0.0	0.0	4.665210723876953	4.335268497467041	0.0	0.0	0.0	0.0	0.0	4.2349677085876465	4.564866542816162	0.0	0.0	0.0	3.7046639919281006	0.0	4.823575019836426	0.0	3.780181407928467	0.0	0.0	5.020088195800781	0.0	0.0
0.0	0.0	4.201699256896973	0.0	0.0	3.764946460723877	3.6828174591064453	0.0	5.044468402862549	0.0	0.0	3.4439733028411865	0.0	0.0	4.4673662185668945	0.0	0.0	0.0	0.0	0.0	5.209728717803955	4.552499771118164	0.0	3.939688205718994	0.0	0.0	0.0	4.391444683074951	0.0	5.796354293823242	0.0	0.0	0.0	0.0	4.529856204986572	0.0	0.0	3.35012149810791	0.0	0.0	0.0	0.0	0.0	0.0	0.0	4.492231845855713	0.0	3.9820051193237305	4.03786563873291	3.7519748210906982	0.0	4.027266979217529	0.0	0.0	0.0	0.0	0.0	0.0	0.0	3.8972363471984863	0.0	0.0	0.0	0.0	0.0	0.0	0.0	0.0	4.0879130363464355	5.0718817710876465	0.0	0.0	0.0	0.0	4.686748027801514	4.356052875518799	0.0	0.0	0.0	0.0	0.0	4.2547688484191895	4.585262298583984	0.0	0.0	0.0	3.7230210304260254	0.0	4.8461995124816895	0.0	3.7976858615875244	0.0	0.0	5.04494571685791	0.0	0.0
0.0	0.0	4.196228504180908	0.0	0.0	3.759488821029663	3.6759438514709473	0.0	5.035151958465576	0.0	0.0	3.4379422664642334	0.0	0.0	4.460397243499756	0.0	0.0	0.0	0.0	0.0	5.200494289398193	4.545704364776611	0.0	3.934664487838745	0.0	0.0	0.0	4.385499954223633	0.0	5.788827896118164	0.0	0.0	0.0	0.0	4.520566463470459	0.0	0.0	3.343703031539917	0.0	0.0	0.0	0.0	0.0	0.0	0.0	4.48521614074707	0.0	3.9767024517059326	4.031455039978027	3.7438418865203857	0.0	4.020784854888916	0.0	0.0	0.0	0.0	0.0	0.0	0.0	3.89044189453125	0.0	0.0	0.0	0.0	0.0	0.0	0.0	0.0	4.082311153411865	5.063792705535889	0.0	0.0	0.0	0.0	4.679697036743164	4.349257469177246	0.0	0.0	0.0	0.0	0.0	4.247630596160889	4.577932834625244	0.0	0.0	0.0	3.716789960861206	0.0	4.839105606079102	0.0	3.791903018951416	0.0	0.0	5.036089897155762	0.0	0.0
0.0	0.0	4.208437442779541	0.0	0.0	3.7713561058044434	3.685941219329834	0.0	5.050782680511475	0.0	0.0	3.447234630584717	0.0	0.0	4.474798679351807	0.0	0.0	0.0	0.0	0.0	5.216811180114746	4.559444904327393	0.0	3.947382688522339	0.0	0.0	0.0	4.397495269775391	0.0	5.806535243988037	0.0	0.0	0.0	0.0	4.535012245178223	0.0	0.0	3.3527512550354004	0.0	0.0	0.0	0.0	0.0	0.0	0.0	4.497593879699707	0.0	3.9887735843658447	4.043666839599609	3.7541894912719727	0.0	4.032827377319336	0.0	0.0	0.0	0.0	0.0	0.0	0.0	3.902339220046997	0.0	0.0	0.0	0.0	0.0	0.0	0.0	0.0	4.094601631164551	5.07859468460083	0.0	0.0	0.0	0.0	4.694096088409424	4.3627495765686035	0.0	0.0	0.0	0.0	0.0	4.261679649353027	4.591436862945557	0.0	0.0	0.0	3.727607011795044	0.0	4.853802680969238	0.0	3.803051710128784	0.0	0.0	5.051299095153809	0.0	0.0
0.0	0.0	4.1880927085876465	0.0	0.0	3.7516567707061768	3.669666051864624	0.0	5.02615213394165	0.0	0.0	3.430846929550171	0.0	0.0	4.45182466506958	0.0	0.0	0.0	0.0	0.0	5.190878391265869	4.537154197692871	0.0	3.927968740463257	0.0	0.0	0.0	4.3765549659729	0.0	5.777625560760498	0.0	0.0	0.0	0.0	4.512659549713135	0.0	0.0	3.3375935554504395	0.0	0.0	0.0	0.0	0.0	0.0	0.0	4.476114749908447	0.0	3.9689691066741943	4.023542881011963	3.737240791320801	0.0	4.012824058532715	0.0	0.0	0.0	0.0	0.0	0.0	0.0	3.8831324577331543	0.0	0.0	0.0	0.0	0.0	0.0	0.0	0.0	4.073602676391602	5.052348613739014	0.0	0.0	0.0	0.0	4.670273780822754	4.340989589691162	0.0	0.0	0.0	0.0	0.0	4.23956298828125	4.569674491882324	0.0	0.0	0.0	3.7086591720581055	0.0	4.8296709060668945	0.0	3.7846784591674805	0.0	0.0	5.027002334594727	0.0	0.0
0.0	0.0	4.183249473571777	0.0	0.0	3.747197151184082	3.6643683910369873	0.0	5.018586158752441	0.0	0.0	3.4272568225860596	0.0	0.0	4.445862293243408	0.0	0.0	0.0	0.0	0.0	5.183561325073242	4.530183792114258	0.0	3.9224698543548584	0.0	0.0	0.0	4.371818542480469	0.0	5.768950462341309	0.0	0.0	0.0	0.0	4.506814956665039	0.0	0.0	3.3330750465393066	0.0	0.0	0.0	0.0	0.0	0.0	0.0	4.470782279968262	0.0	3.9642114639282227	4.019869327545166	3.733067512512207	0.0	4.007918834686279	0.0	0.0	0.0	0.0	0.0	0.0	0.0	3.877908945083618	0.0	0.0	0.0	0.0	0.0	0.0	0.0	0.0	4.06808614730835	5.046561241149902	0.0	0.0	0.0	0.0	4.66457462310791	4.336119651794434	0.0	0.0	0.0	0.0	0.0	4.234818935394287	4.56372594833374	0.0	0.0	0.0	3.7038793563842773	0.0	4.8231987953186035	0.0	3.780270576477051	0.0	0.0	5.020112037658691	0.0	0.0
0.0	0.0	4.183872222900391	0.0	0.0	3.7478718757629395	3.6650168895721436	0.0	5.019680976867676	0.0	0.0	3.4280173778533936	0.0	0.0	4.446918964385986	0.0	0.0	0.0	0.0	0.0	5.185023307800293	4.531519412994385	0.0	3.9221179485321045	0.0	0.0	0.0	4.372557163238525	0.0	5.769876480102539	0.0	0.0	0.0	0.0	4.506295680999756	0.0	0.0	3.3336398601531982	0.0	0.0	0.0	0.0	0.0	0.0	0.0	4.471246719360352	0.0	3.965041399002075	4.020252704620361	3.7334611415863037	0.0	4.008500576019287	0.0	0.0	0.0	0.0	0.0	0.0	0.0	3.879715919494629	0.0	0.0	0.0	0.0	0.0	0.0	0.0	0.0	4.069903373718262	5.04644250869751	0.0	0.0	0.0	0.0	4.664896488189697	4.335539817810059	0.0	0.0	0.0	0.0	0.0	4.234986782073975	4.564332485198975	0.0	0.0	0.0	3.70432186126709	0.0	4.823893070220947	0.0	3.7807109355926514	0.0	0.0	5.020822048187256	0.0	0.0
0.0	0.0	4.185689926147461	0.0	0.0	3.7491402626037598	3.666944980621338	0.0	5.020970821380615	0.0	0.0	3.4295763969421387	0.0	0.0	4.448293209075928	0.0	0.0	0.0	0.0	0.0	5.1860785484313965	4.533468723297119	0.0	3.9246225357055664	0.0	0.0	0.0	4.37407922744751	0.0	5.772579669952393	0.0	0.0	0.0	0.0	4.5082807540893555	0.0	0.0	3.3344669342041016	0.0	0.0	0.0	0.0	0.0	0.0	0.0	4.47339391708374	0.0	3.966630220413208	4.021656036376953	3.7340097427368164	0.0	4.009275436401367	0.0	0.0	0.0	0.0	0.0	0.0	0.0	3.8804330825805664	0.0	0.0	0.0	0.0	0.0	0.0	0.0	0.0	4.071527481079102	5.049466609954834	0.0	0.0	0.0	0.0	4.66674280166626	4.338115692138672	0.0	0.0	0.0	0.0	0.0	4.2369608879089355	4.566314697265625	0.0	0.0	0.0	3.7064433097839355	0.0	4.826349258422852	0.0	3.7824249267578125	0.0	0.0	5.023083686828613	0.0	0.0
0.0	0.0	4.191727638244629	0.0	0.0	3.754883050918579	3.6726396083831787	0.0	5.029541969299316	0.0	0.0	3.4337480068206787	0.0	0.0	4.457038402557373	0.0	0.0	0.0	0.0	0.0	5.194486141204834	4.541103363037109	0.0	3.9306318759918213	0.0	0.0	0.0	4.3805832862854	0.0	5.7823166847229	0.0	0.0	0.0	0.0	4.516835689544678	0.0	0.0	3.34061336517334	0.0	0.0	0.0	0.0	0.0	0.0	0.0	4.48079252243042	0.0	3.9732227325439453	4.026965618133545	3.740710973739624	0.0	4.016551494598389	0.0	0.0	0.0	0.0	0.0	0.0	0.0	3.8863961696624756	0.0	0.0	0.0	0.0	0.0	0.0	0.0	0.0	4.078585624694824	5.057425022125244	0.0	0.0	0.0	0.0	4.673107624053955	4.344664096832275	0.0	0.0	0.0	0.0	0.0	4.243778228759766	4.573373317718506	0.0	0.0	0.0	3.712146520614624	0.0	4.834377288818359	0.0	3.7879199981689453	0.0	0.0	5.03212308883667	0.0	0.0
0.0	0.0	4.183689117431641	0.0	0.0	3.7483584880828857	3.6662001609802246	0.0	5.020775318145752	0.0	0.0	3.4282944202423096	0.0	0.0	4.447620391845703	0.0	0.0	0.0	0.0	0.0	5.186687469482422	4.531862735748291	0.0	3.924480438232422	0.0	0.0	0.0	4.373420238494873	0.0	5.770778656005859	0.0	0.0	0.0	0.0	4.508634090423584	0.0	0.0	3.3344156742095947	0.0	0.0	0.0	0.0	0.0	0.0	0.0	4.4727373123168945	0.0	3.9656898975372314	4.020046710968018	3.734886407852173	0.0	4.008445739746094	0.0	0.0	0.0	0.0	0.0	0.0	0.0	3.8797807693481445	0.0	0.0	0.0	0.0	0.0	0.0	0.0	0.0	4.071033000946045	5.04817533493042	0.0	0.0	0.0	0.0	4.665205478668213	4.337596893310547	0.0	0.0	0.0	0.0	0.0	4.236430644989014	4.56648063659668	0.0	0.0	0.0	3.705338954925537	0.0	4.824676990509033	0.0	3.781646251678467	0.0	0.0	5.021940231323242	0.0	0.0
0.0	0.0	4.187701225280762	0.0	0.0	3.750551462173462	3.667842388153076	0.0	5.023333549499512	0.0	0.0	3.4297430515289307	0.0	0.0	4.450374603271484	0.0	0.0	0.0	0.0	0.0	5.189082622528076	4.53554630279541	0.0	3.927018165588379	0.0	0.0	0.0	4.37684440612793	0.0	5.775873184204102	0.0	0.0	0.0	0.0	4.5109100341796875	0.0	0.0	3.3366384506225586	0.0	0.0	0.0	0.0	0.0	0.0	0.0	4.475795745849609	0.0	3.9687044620513916	4.023090362548828	3.736527919769287	0.0	4.011627197265625	0.0	0.0	0.0	0.0	0.0	0.0	0.0	3.8823907375335693	0.0	0.0	0.0	0.0	0.0	0.0	0.0	0.0	4.073187351226807	5.052195072174072	0.0	0.0	0.0	0.0	4.669320106506348	4.339908599853516	0.0	0.0	0.0	0.0	0.0	4.239167213439941	4.56787109375	0.0	0.0	0.0	3.708080530166626	0.0	4.828126430511475	0.0	3.784780263900757	0.0	0.0	5.025552272796631	0.0	0.0
0.0	0.0	4.19625997543335	0.0	0.0	3.759899377822876	3.6759936809539795	0.0	5.036908149719238	0.0	0.0	3.4377777576446533	0.0	0.0	4.462503910064697	0.0	0.0	0.0	0.0	0.0	5.2028045654296875	4.546152591705322	0.0	3.936300277709961	0.0	0.0	0.0	4.387609004974365	0.0	5.79132080078125	0.0	0.0	0.0	0.0	4.522298336029053	0.0	0.0	3.3441221714019775	0.0	0.0	0.0	0.0	0.0	0.0	0.0	4.486297130584717	0.0	3.9788496494293213	4.031788349151611	3.7446086406707764	0.0	4.021707534790039	0.0	0.0	0.0	0.0	0.0	0.0	0.0	3.89194917678833	0.0	0.0	0.0	0.0	0.0	0.0	0.0	0.0	4.083087921142578	5.065425872802734	0.0	0.0	0.0	0.0	4.680788993835449	4.350642204284668	0.0	0.0	0.0	0.0	0.0	4.250105857849121	4.579853534698486	0.0	0.0	0.0	3.7175512313842773	0.0	4.840134143829346	0.0	3.7930986881256104	0.0	0.0	5.037339210510254	0.0	0.0
0.0	0.0	4.192559719085693	0.0	0.0	3.755617380142212	3.6728928089141846	0.0	5.030517101287842	0.0	0.0	3.4351096153259277	0.0	0.0	4.456336498260498	0.0	0.0	0.0	0.0	0.0	5.196768283843994	4.5409932136535645	0.0	3.9314966201782227	0.0	0.0	0.0	4.381170272827148	0.0	5.783057689666748	0.0	0.0	0.0	0.0	4.516595363616943	0.0	0.0	3.3408989906311035	0.0	0.0	0.0	0.0	0.0	0.0	0.0	4.480678558349609	0.0	3.9736454486846924	4.027513027191162	3.741833209991455	0.0	4.016472339630127	0.0	0.0	0.0	0.0	0.0	0.0	0.0	3.8877053260803223	0.0	0.0	0.0	0.0	0.0	0.0	0.0	0.0	4.079399585723877	5.058775424957275	0.0	0.0	0.0	0.0	4.675012111663818	4.346133708953857	0.0	0.0	0.0	0.0	0.0	4.2446699142456055	4.575565814971924	0.0	0.0	0.0	3.712306261062622	0.0	4.834818363189697	0.0	3.787862539291382	0.0	0.0	5.031534671783447	0.0	0.0
0.0	0.0	4.2027997970581055	0.0	0.0	3.7644474506378174	3.6808102130889893	0.0	5.043410778045654	0.0	0.0	3.4423725605010986	0.0	0.0	4.46781063079834	0.0	0.0	0.0	0.0	0.0	5.2095112800598145	4.551851749420166	0.0	3.9416401386260986	0.0	0.0	0.0	4.392268657684326	0.0	5.798067569732666	0.0	0.0	0.0	0.0	4.528481960296631	0.0	0.0	3.348320484161377	0.0	0.0	0.0	0.0	0.0	0.0	0.0	4.492597579956055	0.0	3.983254909515381	4.038215637207031	3.7493574619293213	0.0	4.027327060699463	0.0	0.0	0.0	0.0	0.0	0.0	0.0	3.897458791732788	0.0	0.0	0.0	0.0	0.0	0.0	0.0	0.0	4.0880632400512695	5.072207450866699	0.0	0.0	0.0	0.0	4.68645715713501	4.355318069458008	0.0	0.0	0.0	0.0	0.0	4.255250930786133	4.5850396156311035	0.0	0.0	0.0	3.723254680633545	0.0	4.8467912673950195	0.0	3.7977726459503174	0.0	0.0	5.045039653778076	0.0	0.0
0.0	0.0	4.185502529144287	0.0	0.0	3.7504148483276367	3.6672399044036865	0.0	5.0225396156311035	0.0	0.0	3.429640293121338	0.0	0.0	4.4492974281311035	0.0	0.0	0.0	0.0	0.0	5.188413143157959	4.5341997146606445	0.0	3.9247162342071533	0.0	0.0	0.0	4.375814437866211	0.0	5.774008750915527	0.0	0.0	0.0	0.0	4.510214805603027	0.0	0.0	3.336150646209717	0.0	0.0	0.0	0.0	0.0	0.0	0.0	4.4738264083862305	0.0	3.9671077728271484	4.022569179534912	3.736046552658081	0.0	4.011040687561035	0.0	0.0	0.0	0.0	0.0	0.0	0.0	3.8811988830566406	0.0	0.0	0.0	0.0	0.0	0.0	0.0	0.0	4.073091983795166	5.050512313842773	0.0	0.0	0.0	0.0	4.667974948883057	4.338582515716553	0.0	0.0	0.0	0.0	0.0	4.2372212409973145	4.568020820617676	0.0	0.0	0.0	3.707655906677246	0.0	4.827173233032227	0.0	3.782419443130493	0.0	0.0	5.023209095001221	0.0	0.0
0.0	0.0	4.187722682952881	0.0	0.0	3.7515549659729004	3.66829776763916	0.0	5.024115085601807	0.0	0.0	3.430490016937256	0.0	0.0	4.451351165771484	0.0	0.0	0.0	0.0	0.0	5.190288543701172	4.535677433013916	0.0	3.926501512527466	0.0	0.0	0.0	4.376773834228516	0.0	5.775899410247803	0.0	0.0	0.0	0.0	4.511627674102783	0.0	0.0	3.336138963699341	0.0	0.0	0.0	0.0	0.0	0.0	0.0	4.4753923416137695	0.0	3.9693491458892822	4.022725582122803	3.737107038497925	0.0	4.012049198150635	0.0	0.0	0.0	0.0	0.0	0.0	0.0	3.882927417755127	0.0	0.0	0.0	0.0	0.0	0.0	0.0	0.0	4.073999404907227	5.051778793334961	0.0	0.0	0.0	0.0	4.6691460609436035	4.340364933013916	0.0	0.0	0.0	0.0	0.0	4.238157749176025	4.5683274269104	0.0	0.0	0.0	3.7083072662353516	0.0	4.8292555809021	0.0	3.7837729454040527	0.0	0.0	5.026226043701172	0.0	0.0
0.0	0.0	4.147218704223633	0.0	0.0	3.7177011966705322	3.634709358215332	0.0	4.976083755493164	0.0	0.0	3.40047550201416	0.0	0.0	4.4090471267700195	0.0	0.0	0.0	0.0	0.0	5.140239238739014	4.49191951751709	0.0	3.888878107070923	0.0	0.0	0.0	4.335330963134766	0.0	5.718107223510742	0.0	0.0	0.0	0.0	4.4686126708984375	0.0	0.0	3.3068583011627197	0.0	0.0	0.0	0.0	0.0	0.0	0.0	4.431794166564941	0.0	3.929806709289551	3.985346555709839	3.7026829719543457	0.0	3.9743492603302	0.0	0.0	0.0	0.0	0.0	0.0	0.0	3.8477871417999268	0.0	0.0	0.0	0.0	0.0	0.0	0.0	0.0	4.034080505371094	5.003067493438721	0.0	0.0	0.0	0.0	4.62423038482666	4.2988386154174805	0.0	0.0	0.0	0.0	0.0	4.199505805969238	4.5268402099609375	0.0	0.0	0.0	3.6708478927612305	0.0	4.781930446624756	0.0	3.7482473850250244	0.0	0.0	4.977953910827637	0.0	0.0
0.0	0.0	4.190850734710693	0.0	0.0	3.7534866333007812	3.6700329780578613	0.0	5.027003288269043	0.0	0.0	3.432615280151367	0.0	0.0	4.453434467315674	0.0	0.0	0.0	0.0	0.0	5.192545413970947	4.538309097290039	0.0	3.9285330772399902	0.0	0.0	0.0	4.378915309906006	0.0	5.77927303314209	0.0	0.0	0.0	0.0	4.51466178894043	0.0	0.0	3.3384194374084473	0.0	0.0	0.0	0.0	0.0	0.0	0.0	4.479011058807373	0.0	3.9708995819091797	4.025580883026123	3.7388501167297363	0.0	4.014157772064209	0.0	0.0	0.0	0.0	0.0	0.0	0.0	3.8854150772094727	0.0	0.0	0.0	0.0	0.0	0.0	0.0	0.0	4.075955867767334	5.054610729217529	0.0	0.0	0.0	0.0	4.671498775482178	4.3426995277404785	0.0	0.0	0.0	0.0	0.0	4.241285800933838	4.571577072143555	0.0	0.0	0.0	3.710430383682251	0.0	4.831721782684326	0.0	3.7859973907470703	0.0	0.0	5.028645992279053	0.0	0.0
0.0	0.0	4.184051513671875	0.0	0.0	3.749319553375244	3.6667590141296387	0.0	5.0213446617126465	0.0	0.0	3.4289722442626953	0.0	0.0	4.448669910430908	0.0	0.0	0.0	0.0	0.0	5.186345100402832	4.532934188842773	0.0	3.9246208667755127	0.0	0.0	0.0	4.3728814125061035	0.0	5.771956443786621	0.0	0.0	0.0	0.0	4.509196758270264	0.0	0.0	3.335200309753418	0.0	0.0	0.0	0.0	0.0	0.0	0.0	4.473194599151611	0.0	3.966134786605835	4.021042823791504	3.7353365421295166	0.0	4.0088605880737305	0.0	0.0	0.0	0.0	0.0	0.0	0.0	3.880824327468872	0.0	0.0	0.0	0.0	0.0	0.0	0.0	0.0	4.071971416473389	5.049293041229248	0.0	0.0	0.0	0.0	4.666074752807617	4.337985038757324	0.0	0.0	0.0	0.0	0.0	4.236548900604248	4.567176818847656	0.0	0.0	0.0	3.7057297229766846	0.0	4.825586795806885	0.0	3.781217575073242	0.0	0.0	5.022830009460449	0.0	0.0
0.0	0.0	4.1863508224487305	0.0	0.0	3.7508199214935303	3.668119430541992	0.0	5.024475574493408	0.0	0.0	3.4302260875701904	0.0	0.0	4.450179576873779	0.0	0.0	0.0	0.0	0.0	5.189291477203369	4.535534381866455	0.0	3.926875591278076	0.0	0.0	0.0	4.376430988311768	0.0	5.776147365570068	0.0	0.0	0.0	0.0	4.510814189910889	0.0	0.0	3.3361434936523438	0.0	0.0	0.0	0.0	0.0	0.0	0.0	4.475042343139648	0.0	3.9680228233337402	4.022714614868164	3.7365055084228516	0.0	4.012083053588867	0.0	0.0	0.0	0.0	0.0	0.0	0.0	3.8822202682495117	0.0	0.0	0.0	0.0	0.0	0.0	0.0	0.0	4.073337554931641	5.052703857421875	0.0	0.0	0.0	0.0	4.668292999267578	4.340082168579102	0.0	0.0	0.0	0.0	0.0	4.238778114318848	4.568784713745117	0.0	0.0	0.0	3.7078568935394287	0.0	4.828454971313477	0.0	3.783743381500244	0.0	0.0	5.025493621826172	0.0	0.0
0.0	0.0	4.1949005126953125	0.0	0.0	3.7581140995025635	3.6749746799468994	0.0	5.033870220184326	0.0	0.0	3.437703847885132	0.0	0.0	4.459379196166992	0.0	0.0	0.0	0.0	0.0	5.199035167694092	4.543855667114258	0.0	3.934026002883911	0.0	0.0	0.0	4.383285999298096	0.0	5.787417888641357	0.0	0.0	0.0	0.0	4.519636631011963	0.0	0.0	3.3420937061309814	0.0	0.0	0.0	0.0	0.0	0.0	0.0	4.483688831329346	0.0	3.976942777633667	4.03019905090332	3.743361234664917	0.0	4.0197319984436035	0.0	0.0	0.0	0.0	0.0	0.0	0.0	3.889265537261963	0.0	0.0	0.0	0.0	0.0	0.0	0.0	0.0	4.081106185913086	5.06160306930542	0.0	0.0	0.0	0.0	4.677831649780273	4.348796844482422	0.0	0.0	0.0	0.0	0.0	4.246858596801758	4.57764196395874	0.0	0.0	0.0	3.715214967727661	0.0	4.837785720825195	0.0	3.791168212890625	0.0	0.0	5.034543514251709	0.0	0.0
0.0	0.0	4.179891586303711	0.0	0.0	3.7444615364074707	3.6622867584228516	0.0	5.015030384063721	0.0	0.0	3.425236940383911	0.0	0.0	4.442894458770752	0.0	0.0	0.0	0.0	0.0	5.180696964263916	4.5283589363098145	0.0	3.9205093383789062	0.0	0.0	0.0	4.368967056274414	0.0	5.765832424163818	0.0	0.0	0.0	0.0	4.503809928894043	0.0	0.0	3.3305609226226807	0.0	0.0	0.0	0.0	0.0	0.0	0.0	4.468402862548828	0.0	3.962343215942383	4.016299724578857	3.7303969860076904	0.0	4.005226135253906	0.0	0.0	0.0	0.0	0.0	0.0	0.0	3.8763396739959717	0.0	0.0	0.0	0.0	0.0	0.0	0.0	0.0	4.066493988037109	5.043877601623535	0.0	0.0	0.0	0.0	4.660689353942871	4.332862854003906	0.0	0.0	0.0	0.0	0.0	4.232110977172852	4.5613861083984375	0.0	0.0	0.0	3.7023813724517822	0.0	4.819795608520508	0.0	3.777164936065674	0.0	0.0	5.016946315765381	0.0	0.0
0.0	0.0	4.188441276550293	0.0	0.0	3.750664710998535	3.6686530113220215	0.0	5.025115966796875	0.0	0.0	3.4312665462493896	0.0	0.0	4.4517598152160645	0.0	0.0	0.0	0.0	0.0	5.190877914428711	4.536272048950195	0.0	3.9269940853118896	0.0	0.0	0.0	4.377077579498291	0.0	5.776576042175293	0.0	0.0	0.0	0.0	4.512619972229004	0.0	0.0	3.336589813232422	0.0	0.0	0.0	0.0	0.0	0.0	0.0	4.477241039276123	0.0	3.9690194129943848	4.023767471313477	3.7376208305358887	0.0	4.012118816375732	0.0	0.0	0.0	0.0	0.0	0.0	0.0	3.8829526901245117	0.0	0.0	0.0	0.0	0.0	0.0	0.0	0.0	4.074185371398926	5.053251266479492	0.0	0.0	0.0	0.0	4.670146942138672	4.34059476852417	0.0	0.0	0.0	0.0	0.0	4.239295959472656	4.56986141204834	0.0	0.0	0.0	3.708775043487549	0.0	4.8294806480407715	0.0	3.7842962741851807	0.0	0.0	5.0269670486450195	0.0	0.0
0.0	0.0	4.1737060546875	0.0	0.0	3.7377967834472656	3.6561851501464844	0.0	5.007770538330078	0.0	0.0	3.4184491634368896	0.0	0.0	4.435486793518066	0.0	0.0	0.0	0.0	0.0	5.171811103820801	4.519894123077393	0.0	3.914062023162842	0.0	0.0	0.0	4.363173007965088	0.0	5.756107807159424	0.0	0.0	0.0	0.0	4.4950971603393555	0.0	0.0	3.3250925540924072	0.0	0.0	0.0	0.0	0.0	0.0	0.0	4.461951732635498	0.0	3.954852342605591	4.009603500366211	3.7241055965423584	0.0	3.9994089603424072	0.0	0.0	0.0	0.0	0.0	0.0	0.0	3.869454860687256	0.0	0.0	0.0	0.0	0.0	0.0	0.0	0.0	4.060547828674316	5.034030437469482	0.0	0.0	0.0	0.0	4.653875827789307	4.32615327835083	0.0	0.0	0.0	0.0	0.0	4.224859714508057	4.553779125213623	0.0	0.0	0.0	3.695284843444824	0.0	4.813478946685791	0.0	3.772498846054077	0.0	0.0	5.009373664855957	0.0	0.0
0.0	0.0	4.188697338104248	0.0	0.0	3.752671241760254	3.67022705078125	0.0	5.0261030197143555	0.0	0.0	3.4329516887664795	0.0	0.0	4.452280044555664	0.0	0.0	0.0	0.0	0.0	5.192254543304443	4.536523818969727	0.0	3.9275035858154297	0.0	0.0	0.0	4.377826690673828	0.0	5.777982234954834	0.0	0.0	0.0	0.0	4.5128912925720215	0.0	0.0	3.33768630027771	0.0	0.0	0.0	0.0	0.0	0.0	0.0	4.478034973144531	0.0	3.969919443130493	4.0251784324646	3.7388415336608887	0.0	4.0132012367248535	0.0	0.0	0.0	0.0	0.0	0.0	0.0	3.8846347332000732	0.0	0.0	0.0	0.0	0.0	0.0	0.0	0.0	4.074801445007324	5.052347183227539	0.0	0.0	0.0	0.0	4.6713056564331055	4.3410420417785645	0.0	0.0	0.0	0.0	0.0	4.241001129150391	4.571140289306641	0.0	0.0	0.0	3.7095091342926025	0.0	4.8300275802612305	0.0	3.786193370819092	0.0	0.0	5.027253150939941	0.0	0.0
0.0	0.0	4.191103458404541	0.0	0.0	3.7547054290771484	3.671198606491089	0.0	5.028951644897461	0.0	0.0	3.4329872131347656	0.0	0.0	4.454547882080078	0.0	0.0	0.0	0.0	0.0	5.194144248962402	4.539487361907959	0.0	3.9297738075256348	0.0	0.0	0.0	4.380034923553467	0.0	5.781344413757324	0.0	0.0	0.0	0.0	4.514505863189697	0.0	0.0	3.3388760089874268	0.0	0.0	0.0	0.0	0.0	0.0	0.0	4.4800310134887695	0.0	3.9720189571380615	4.025754451751709	3.7398176193237305	0.0	4.015649795532227	0.0	0.0	0.0	0.0	0.0	0.0	0.0	3.8859875202178955	0.0	0.0	0.0	0.0	0.0	0.0	0.0	0.0	4.076951026916504	5.056021690368652	0.0	0.0	0.0	0.0	4.6729936599731445	4.342910289764404	0.0	0.0	0.0	0.0	0.0	4.242544651031494	4.572190284729004	0.0	0.0	0.0	3.7113125324249268	0.0	4.833081245422363	0.0	3.7860207557678223	0.0	0.0	5.030394077301025	0.0	0.0
0.0	0.0	4.189255714416504	0.0	0.0	3.7535696029663086	3.669938325881958	0.0	5.027637004852295	0.0	0.0	3.4313437938690186	0.0	0.0	4.453364372253418	0.0	0.0	0.0	0.0	0.0	5.192169189453125	4.53753662109375	0.0	3.929166316986084	0.0	0.0	0.0	4.378267288208008	0.0	5.778858661651611	0.0	0.0	0.0	0.0	4.5134124755859375	0.0	0.0	3.337773561477661	0.0	0.0	0.0	0.0	0.0	0.0	0.0	4.477972507476807	0.0	3.970446825027466	4.025172710418701	3.738459348678589	0.0	4.013855457305908	0.0	0.0	0.0	0.0	0.0	0.0	0.0	3.884594202041626	0.0	0.0	0.0	0.0	0.0	0.0	0.0	0.0	4.0756683349609375	5.055424213409424	0.0	0.0	0.0	0.0	4.671213150024414	4.342520713806152	0.0	0.0	0.0	0.0	0.0	4.241782188415527	4.570786476135254	0.0	0.0	0.0	3.710508108139038	0.0	4.831669330596924	0.0	3.7860889434814453	0.0	0.0	5.027728080749512	0.0	0.0
0.0	0.0	4.192224979400635	0.0	0.0	3.7555840015411377	3.6727969646453857	0.0	5.029918670654297	0.0	0.0	3.435081720352173	0.0	0.0	4.457432746887207	0.0	0.0	0.0	0.0	0.0	5.196112155914307	4.541104793548584	0.0	3.931203603744507	0.0	0.0	0.0	4.380331993103027	0.0	5.782170295715332	0.0	0.0	0.0	0.0	4.517256259918213	0.0	0.0	3.3397629261016846	0.0	0.0	0.0	0.0	0.0	0.0	0.0	4.481236457824707	0.0	3.97236967086792	4.027234077453613	3.7412960529327393	0.0	4.016674995422363	0.0	0.0	0.0	0.0	0.0	0.0	0.0	3.8875021934509277	0.0	0.0	0.0	0.0	0.0	0.0	0.0	0.0	4.078459739685059	5.057393550872803	0.0	0.0	0.0	0.0	4.673835754394531	4.345122337341309	0.0	0.0	0.0	0.0	0.0	4.244475841522217	4.573995590209961	0.0	0.0	0.0	3.7129461765289307	0.0	4.834626197814941	0.0	3.788325786590576	0.0	0.0	5.031643867492676	0.0	0.0
0.0	0.0	4.190729141235352	0.0	0.0	3.754045248031616	3.671307325363159	0.0	5.028263092041016	0.0	0.0	3.4330861568450928	0.0	0.0	4.455479145050049	0.0	0.0	0.0	0.0	0.0	5.194077968597412	4.538670063018799	0.0	3.9298148155212402	0.0	0.0	0.0	4.379796028137207	0.0	5.780470848083496	0.0	0.0	0.0	0.0	4.51465368270874	0.0	0.0	3.3397130966186523	0.0	0.0	0.0	0.0	0.0	0.0	0.0	4.479977130889893	0.0	3.9716567993164062	4.025750637054443	3.739799976348877	0.0	4.015979290008545	0.0	0.0	0.0	0.0	0.0	0.0	0.0	3.8853261470794678	0.0	0.0	0.0	0.0	0.0	0.0	0.0	0.0	4.077353477478027	5.05604887008667	0.0	0.0	0.0	0.0	4.672311305999756	4.344179153442383	0.0	0.0	0.0	0.0	0.0	4.242955207824707	4.572286128997803	0.0	0.0	0.0	3.7113146781921387	0.0	4.833475589752197	0.0	3.7865278720855713	0.0	0.0	5.0295586585998535	0.0	0.0
0.0	0.0	4.187502384185791	0.0	0.0	3.751950740814209	3.669731378555298	0.0	5.024859428405762	0.0	0.0	3.431759834289551	0.0	0.0	4.451765060424805	0.0	0.0	0.0	0.0	0.0	5.190145969390869	4.536199569702148	0.0	3.9276089668273926	0.0	0.0	0.0	4.3767499923706055	0.0	5.777310371398926	0.0	0.0	0.0	0.0	4.51218843460083	0.0	0.0	3.337707042694092	0.0	0.0	0.0	0.0	0.0	0.0	0.0	4.476863861083984	0.0	3.9695210456848145	4.02454137802124	3.7378156185150146	0.0	4.012517929077148	0.0	0.0	0.0	0.0	0.0	0.0	0.0	3.8829123973846436	0.0	0.0	0.0	0.0	0.0	0.0	0.0	0.0	4.073638916015625	5.053153038024902	0.0	0.0	0.0	0.0	4.67035436630249	4.341733455657959	0.0	0.0	0.0	0.0	0.0	4.239650726318359	4.569410800933838	0.0	0.0	0.0	3.709083318710327	0.0	4.829371452331543	0.0	3.7848317623138428	0.0	0.0	5.0261712074279785	0.0	0.0
0.0	0.0	4.190396308898926	0.0	0.0	3.7542002201080322	3.6705193519592285	0.0	5.0278778076171875	0.0	0.0	3.4331367015838623	0.0	0.0	4.454227924346924	0.0	0.0	0.0	0.0	0.0	5.1930742263793945	4.538975238800049	0.0	3.9286012649536133	0.0	0.0	0.0	4.3791184425354	0.0	5.779350280761719	0.0	0.0	0.0	0.0	4.514732360839844	0.0	0.0	3.338991403579712	0.0	0.0	0.0	0.0	0.0	0.0	0.0	4.4790191650390625	0.0	3.971012592315674	4.026208400726318	3.739997625350952	0.0	4.014542102813721	0.0	0.0	0.0	0.0	0.0	0.0	0.0	3.8850631713867188	0.0	0.0	0.0	0.0	0.0	0.0	0.0	0.0	4.076205730438232	5.0554962158203125	0.0	0.0	0.0	0.0	4.672373294830322	4.34194803237915	0.0	0.0	0.0	0.0	0.0	4.241424560546875	4.572143077850342	0.0	0.0	0.0	3.710217237472534	0.0	4.832035541534424	0.0	3.7861838340759277	0.0	0.0	5.029398441314697	0.0	0.0
0.0	0.0	4.204723358154297	0.0	0.0	3.7651214599609375	3.682840347290039	0.0	5.045900821685791	0.0	0.0	3.4431514739990234	0.0	0.0	4.469889163970947	0.0	0.0	0.0	0.0	0.0	5.212207317352295	4.55444860458374	0.0	3.9444806575775146	0.0	0.0	0.0	4.395802974700928	0.0	5.801681995391846	0.0	0.0	0.0	0.0	4.529373645782471	0.0	0.0	3.3489699363708496	0.0	0.0	0.0	0.0	0.0	0.0	0.0	4.495192527770996	0.0	3.9850046634674072	4.040132999420166	3.7521908283233643	0.0	4.027923583984375	0.0	0.0	0.0	0.0	0.0	0.0	0.0	3.8976972103118896	0.0	0.0	0.0	0.0	0.0	0.0	0.0	0.0	4.090689659118652	5.073297500610352	0.0	0.0	0.0	0.0	4.688453197479248	4.358485698699951	0.0	0.0	0.0	0.0	0.0	4.257109642028809	4.587015628814697	0.0	0.0	0.0	3.723611831665039	0.0	4.84937858581543	0.0	3.799906015396118	0.0	0.0	5.047046661376953	0.0	0.0
0.0	0.0	4.190330505371094	0.0	0.0	3.754499673843384	3.671886682510376	0.0	5.028946876525879	0.0	0.0	3.4342739582061768	0.0	0.0	4.454751968383789	0.0	0.0	0.0	0.0	0.0	5.19423770904541	4.539671897888184	0.0	3.9303462505340576	0.0	0.0	0.0	4.3795270919799805	0.0	5.780613422393799	0.0	0.0	0.0	0.0	4.514890670776367	0.0	0.0	3.3393404483795166	0.0	0.0	0.0	0.0	0.0	0.0	0.0	4.478707313537598	0.0	3.9721429347991943	4.026416301727295	3.7395336627960205	0.0	4.015631198883057	0.0	0.0	0.0	0.0	0.0	0.0	0.0	3.886218547821045	0.0	0.0	0.0	0.0	0.0	0.0	0.0	0.0	4.076039791107178	5.056909561157227	0.0	0.0	0.0	0.0	4.672891616821289	4.344144344329834	0.0	0.0	0.0	0.0	0.0	4.242115020751953	4.573753356933594	0.0	0.0	0.0	3.7118079662323	0.0	4.833029747009277	0.0	3.7872731685638428	0.0	0.0	5.030460834503174	0.0	0.0
0.0	0.0	4.191125392913818	0.0	0.0	3.7553861141204834	3.673046350479126	0.0	5.03040885925293	0.0	0.0	3.4351654052734375	0.0	0.0	4.455380439758301	0.0	0.0	0.0	0.0	0.0	5.196376800537109	4.540946960449219	0.0	3.931440591812134	0.0	0.0	0.0	4.38104772567749	0.0	5.783693313598633	0.0	0.0	0.0	0.0	4.517024517059326	0.0	0.0	3.339101552963257	0.0	0.0	0.0	0.0	0.0	0.0	0.0	4.4810709953308105	0.0	3.973172426223755	4.027527332305908	3.74112868309021	0.0	4.015580177307129	0.0	0.0	0.0	0.0	0.0	0.0	0.0	3.8869221210479736	0.0	0.0	0.0	0.0	0.0	0.0	0.0	0.0	4.078827857971191	5.057857990264893	0.0	0.0	0.0	0.0	4.674386501312256	4.345659255981445	0.0	0.0	0.0	0.0	0.0	4.244422435760498	4.574467182159424	0.0	0.0	0.0	3.712249755859375	0.0	4.834376335144043	0.0	3.788149833679199	0.0	0.0	5.031202793121338	0.0	0.0
0.0	0.0	4.18715763092041	0.0	0.0	3.752061128616333	3.667935371398926	0.0	5.024507522583008	0.0	0.0	3.431339979171753	0.0	0.0	4.45039701461792	0.0	0.0	0.0	0.0	0.0	5.190232753753662	4.535041332244873	0.0	3.9263663291931152	0.0	0.0	0.0	4.376730442047119	0.0	5.775949478149414	0.0	0.0	0.0	0.0	4.511214256286621	0.0	0.0	3.336682081222534	0.0	0.0	0.0	0.0	0.0	0.0	0.0	4.475734710693359	0.0	3.968587875366211	4.022898197174072	3.737679958343506	0.0	4.012328624725342	0.0	0.0	0.0	0.0	0.0	0.0	0.0	3.882943868637085	0.0	0.0	0.0	0.0	0.0	0.0	0.0	0.0	4.072790622711182	5.051960468292236	0.0	0.0	0.0	0.0	4.6690592765808105	4.33933162689209	0.0	0.0	0.0	0.0	0.0	4.239193439483643	4.569098949432373	0.0	0.0	0.0	3.7084755897521973	0.0	4.828195571899414	0.0	3.7842752933502197	0.0	0.0	5.025543212890625	0.0	0.0
0.0	0.0	4.191308975219727	0.0	0.0	3.755119562149048	3.671449661254883	0.0	5.029163837432861	0.0	0.0	3.4338510036468506	0.0	0.0	4.455137729644775	0.0	0.0	0.0	0.0	0.0	5.193992614746094	4.539520263671875	0.0	3.9301202297210693	0.0	0.0	0.0	4.380141258239746	0.0	5.781597137451172	0.0	0.0	0.0	0.0	4.516207218170166	0.0	0.0	3.3394408226013184	0.0	0.0	0.0	0.0	0.0	0.0	0.0	4.480554580688477	0.0	3.971682548522949	4.027236461639404	3.7408788204193115	0.0	4.016446590423584	0.0	0.0	0.0	0.0	0.0	0.0	0.0	3.885577440261841	0.0	0.0	0.0	0.0	0.0	0.0	0.0	0.0	4.077126502990723	5.056319713592529	0.0	0.0	0.0	0.0	4.673147678375244	4.343731880187988	0.0	0.0	0.0	0.0	0.0	4.242578983306885	4.573029041290283	0.0	0.0	0.0	3.7117836475372314	0.0	4.833381175994873	0.0	3.7868378162384033	0.0	0.0	5.030067443847656	0.0	0.0
0.0	0.0	4.189823150634766	0.0	0.0	3.754323720932007	3.670663356781006	0.0	5.02841854095459	0.0	0.0	3.4334259033203125	0.0	0.0	4.453696250915527	0.0	0.0	0.0	0.0	0.0	5.1930413246154785	4.538816928863525	0.0	3.929938554763794	0.0	0.0	0.0	4.379934787750244	0.0	5.780495643615723	0.0	0.0	0.0	0.0	4.513467788696289	0.0	0.0	3.3391482830047607	0.0	0.0	0.0	0.0	0.0	0.0	0.0	4.4785895347595215	0.0	3.9700684547424316	4.026962757110596	3.7396488189697266	0.0	4.015055179595947	0.0	0.0	0.0	0.0	0.0	0.0	0.0	3.8857007026672363	0.0	0.0	0.0	0.0	0.0	0.0	0.0	0.0	4.076478481292725	5.054956912994385	0.0	0.0	0.0	0.0	4.671830177307129	4.343503475189209	0.0	0.0	0.0	0.0	0.0	4.241989612579346	4.572567462921143	0.0	0.0	0.0	3.710892677307129	0.0	4.831888675689697	0.0	3.787661075592041	0.0	0.0	5.0294318199157715	0.0	0.0
0.0	0.0	4.200732707977295	0.0	0.0	3.7635788917541504	3.6790871620178223	0.0	5.042715072631836	0.0	0.0	3.4420297145843506	0.0	0.0	4.466107368469238	0.0	0.0	0.0	0.0	0.0	5.207546710968018	4.550296306610107	0.0	3.938737630844116	0.0	0.0	0.0	4.389986515045166	0.0	5.7947468757629395	0.0	0.0	0.0	0.0	4.526365756988525	0.0	0.0	3.346808910369873	0.0	0.0	0.0	0.0	0.0	0.0	0.0	4.4902191162109375	0.0	3.982236385345459	4.0358147621154785	3.7483768463134766	0.0	4.024871349334717	0.0	0.0	0.0	0.0	0.0	0.0	0.0	3.8948428630828857	0.0	0.0	0.0	0.0	0.0	0.0	0.0	0.0	4.087369441986084	5.068755149841309	0.0	0.0	0.0	0.0	4.684632301330566	4.353276252746582	0.0	0.0	0.0	0.0	0.0	4.253032207489014	4.583623886108398	0.0	0.0	0.0	3.7200160026550293	0.0	4.844359874725342	0.0	3.7954509258270264	0.0	0.0	5.042548656463623	0.0	0.0
0.0	0.0	4.199034214019775	0.0	0.0	3.7607100009918213	3.677725076675415	0.0	5.038441181182861	0.0	0.0	3.438599109649658	0.0	0.0	4.462520599365234	0.0	0.0	0.0	0.0	0.0	5.204488754272461	4.547645092010498	0.0	3.937112808227539	0.0	0.0	0.0	4.388227939605713	0.0	5.792367935180664	0.0	0.0	0.0	0.0	4.522401332855225	0.0	0.0	3.3444337844848633	0.0	0.0	0.0	0.0	0.0	0.0	0.0	4.488188743591309	0.0	3.9796063899993896	4.033378601074219	3.7461318969726562	0.0	4.022572994232178	0.0	0.0	0.0	0.0	0.0	0.0	0.0	3.8925528526306152	0.0	0.0	0.0	0.0	0.0	0.0	0.0	0.0	4.084290027618408	5.065825462341309	0.0	0.0	0.0	0.0	4.682058811187744	4.351998329162598	0.0	0.0	0.0	0.0	0.0	4.250596523284912	4.581515312194824	0.0	0.0	0.0	3.7186241149902344	0.0	4.8421735763549805	0.0	3.793701410293579	0.0	0.0	5.0391693115234375	0.0	0.0
0.0	0.0	4.182296276092529	0.0	0.0	3.746039628982544	3.6637938022613525	0.0	5.018111705780029	0.0	0.0	3.426325559616089	0.0	0.0	4.444422721862793	0.0	0.0	0.0	0.0	0.0	5.182847023010254	4.529153823852539	0.0	3.921704053878784	0.0	0.0	0.0	4.370656490325928	0.0	5.767421722412109	0.0	0.0	0.0	0.0	4.505339622497559	0.0	0.0	3.3320376873016357	0.0	0.0	0.0	0.0	0.0	0.0	0.0	4.471182346343994	0.0	3.9630370140075684	4.01792573928833	3.731149196624756	0.0	4.007406234741211	0.0	0.0	0.0	0.0	0.0	0.0	0.0	3.8782830238342285	0.0	0.0	0.0	0.0	0.0	0.0	0.0	0.0	4.067855358123779	5.045678615570068	0.0	0.0	0.0	0.0	4.662395000457764	4.334719657897949	0.0	0.0	0.0	0.0	0.0	4.233572959899902	4.563387870788574	0.0	0.0	0.0	3.7027480602264404	0.0	4.82191801071167	0.0	3.779388666152954	0.0	0.0	5.018710613250732	0.0	0.0
0.0	0.0	4.151671409606934	0.0	0.0	3.7206335067749023	3.6387102603912354	0.0	4.982254981994629	0.0	0.0	3.403404474258423	0.0	0.0	4.412879943847656	0.0	0.0	0.0	0.0	0.0	5.145878314971924	4.497596740722656	0.0	3.894521951675415	0.0	0.0	0.0	4.339504241943359	0.0	5.726785659790039	0.0	0.0	0.0	0.0	4.474421501159668	0.0	0.0	3.310121536254883	0.0	0.0	0.0	0.0	0.0	0.0	0.0	4.438564777374268	0.0	3.9358837604522705	3.990372896194458	3.7064924240112305	0.0	3.9788146018981934	0.0	0.0	0.0	0.0	0.0	0.0	0.0	3.851513624191284	0.0	0.0	0.0	0.0	0.0	0.0	0.0	0.0	4.039753437042236	5.008645534515381	0.0	0.0	0.0	0.0	4.630062580108643	4.303708076477051	0.0	0.0	0.0	0.0	0.0	4.2046799659729	4.531102657318115	0.0	0.0	0.0	3.6771748065948486	0.0	4.78838586807251	0.0	3.753247022628784	0.0	0.0	4.983765125274658	0.0	0.0
0.0	0.0	4.187384128570557	0.0	0.0	3.751645803451538	3.6684017181396484	0.0	5.0248541831970215	0.0	0.0	3.4309229850769043	0.0	0.0	4.451134204864502	0.0	0.0	0.0	0.0	0.0	5.189860820770264	4.536009788513184	0.0	3.9268174171447754	0.0	0.0	0.0	4.377331256866455	0.0	5.775436878204346	0.0	0.0	0.0	0.0	4.511282920837402	0.0	0.0	3.3370554447174072	0.0	0.0	0.0	0.0	0.0	0.0	0.0	4.476672649383545	0.0	3.9684033393859863	4.022976398468018	3.737267017364502	0.0	4.01149845123291	0.0	0.0	0.0	0.0	0.0	0.0	0.0	3.883527994155884	0.0	0.0	0.0	0.0	0.0	0.0	0.0	0.0	4.073655605316162	5.052084445953369	0.0	0.0	0.0	0.0	4.668978691101074	4.339726448059082	0.0	0.0	0.0	0.0	0.0	4.238867282867432	4.568851947784424	0.0	0.0	0.0	3.707911252975464	0.0	4.82867431640625	0.0	3.7841548919677734	0.0	0.0	5.025884628295898	0.0	0.0
0.0	0.0	4.1466875076293945	0.0	0.0	3.714921236038208	3.6333632469177246	0.0	4.974442481994629	0.0	0.0	3.397535562515259	0.0	0.0	4.4069623947143555	0.0	0.0	0.0	0.0	0.0	5.137617588043213	4.4906005859375	0.0	3.888200283050537	0.0	0.0	0.0	4.333598613739014	0.0	5.716380596160889	0.0	0.0	0.0	0.0	4.466982841491699	0.0	0.0	3.3048460483551025	0.0	0.0	0.0	0.0	0.0	0.0	0.0	4.431457996368408	0.0	3.9294662475585938	3.9840681552886963	3.700566530227661	0.0	3.973374366760254	0.0	0.0	0.0	0.0	0.0	0.0	0.0	3.845059394836426	0.0	0.0	0.0	0.0	0.0	0.0	0.0	0.0	4.033397197723389	5.0013041496276855	0.0	0.0	0.0	0.0	4.6229143142700195	4.297783851623535	0.0	0.0	0.0	0.0	0.0	4.19790506362915	4.524493217468262	0.0	0.0	0.0	3.6706504821777344	0.0	4.780402660369873	0.0	3.7472403049468994	0.0	0.0	4.975924968719482	0.0	0.0
0.0	0.0	4.21388053894043	0.0	0.0	3.7709217071533203	3.6878814697265625	0.0	5.056769847869873	0.0	0.0	3.4477083683013916	0.0	0.0	4.477482795715332	0.0	0.0	0.0	0.0	0.0	5.2229533195495605	4.56365966796875	0.0	3.9508094787597656	0.0	0.0	0.0	4.406793594360352	0.0	5.814991474151611	0.0	0.0	0.0	0.0	4.5392746925354	0.0	0.0	3.3522751331329346	0.0	0.0	0.0	0.0	0.0	0.0	0.0	4.506922245025635	0.0	3.994330644607544	4.0476202964782715	3.75620698928833	0.0	4.035816192626953	0.0	0.0	0.0	0.0	0.0	0.0	0.0	3.9043784141540527	0.0	0.0	0.0	0.0	0.0	0.0	0.0	0.0	4.099545478820801	5.084725856781006	0.0	0.0	0.0	0.0	4.699540138244629	4.366924285888672	0.0	0.0	0.0	0.0	0.0	4.267467498779297	4.596331596374512	0.0	0.0	0.0	3.730895757675171	0.0	4.859525680541992	0.0	3.805736541748047	0.0	0.0	5.057387828826904	0.0	0.0
0.0	0.0	4.197136402130127	0.0	0.0	3.7596263885498047	3.676877737045288	0.0	5.037545680999756	0.0	0.0	3.439781427383423	0.0	0.0	4.462682723999023	0.0	0.0	0.0	0.0	0.0	5.2026143074035645	4.547209739685059	0.0	3.937181234359741	0.0	0.0	0.0	4.386997699737549	0.0	5.790655136108398	0.0	0.0	0.0	0.0	4.52211332321167	0.0	0.0	3.3445286750793457	0.0	0.0	0.0	0.0	0.0	0.0	0.0	4.487035274505615	0.0	3.9788854122161865	4.033473491668701	3.745164155960083	0.0	4.022128105163574	0.0	0.0	0.0	0.0	0.0	0.0	0.0	3.892143726348877	0.0	0.0	0.0	0.0	0.0	0.0	0.0	0.0	4.083634376525879	5.064752578735352	0.0	0.0	0.0	0.0	4.68074369430542	4.35145902633667	0.0	0.0	0.0	0.0	0.0	4.249192237854004	4.579335689544678	0.0	0.0	0.0	3.7180590629577637	0.0	4.841484069824219	0.0	3.7932143211364746	0.0	0.0	5.038445949554443	0.0	0.0
0.0	0.0	4.187925815582275	0.0	0.0	3.75134015083313	3.6683413982391357	0.0	5.024923324584961	0.0	0.0	3.430532217025757	0.0	0.0	4.451512813568115	0.0	0.0	0.0	0.0	0.0	5.190763473510742	4.537010669708252	0.0	3.926948308944702	0.0	0.0	0.0	4.377519130706787	0.0	5.776888370513916	0.0	0.0	0.0	0.0	4.512217044830322	0.0	0.0	3.3372039794921875	0.0	0.0	0.0	0.0	0.0	0.0	0.0	4.476651191711426	0.0	3.9689111709594727	4.025145530700684	3.7375457286834717	0.0	4.013552188873291	0.0	0.0	0.0	0.0	0.0	0.0	0.0	3.8828227519989014	0.0	0.0	0.0	0.0	0.0	0.0	0.0	0.0	4.074059963226318	5.0545654296875	0.0	0.0	0.0	0.0	4.670485019683838	4.341526985168457	0.0	0.0	0.0	0.0	0.0	4.2403764724731445	4.569594860076904	0.0	0.0	0.0	3.708359479904175	0.0	4.828369140625	0.0	3.784409284591675	0.0	0.0	5.026665687561035	0.0	0.0
0.0	0.0	4.1977314949035645	0.0	0.0	3.7592060565948486	3.6765687465667725	0.0	5.0382466316223145	0.0	0.0	3.4384164810180664	0.0	0.0	4.462798595428467	0.0	0.0	0.0	0.0	0.0	5.204684257507324	4.54673433303833	0.0	3.9370357990264893	0.0	0.0	0.0	4.387560844421387	0.0	5.7915215492248535	0.0	0.0	0.0	0.0	4.5230488777160645	0.0	0.0	3.3440701961517334	0.0	0.0	0.0	0.0	0.0	0.0	0.0	4.4869866371154785	0.0	3.9781687259674072	4.032895565032959	3.7463936805725098	0.0	4.021740436553955	0.0	0.0	0.0	0.0	0.0	0.0	0.0	3.8916900157928467	0.0	0.0	0.0	0.0	0.0	0.0	0.0	0.0	4.083852291107178	5.0655012130737305	0.0	0.0	0.0	0.0	4.680941104888916	4.3505096435546875	0.0	0.0	0.0	0.0	0.0	4.249499797821045	4.5808000564575195	0.0	0.0	0.0	3.7178239822387695	0.0	4.840541362762451	0.0	3.793414354324341	0.0	0.0	5.038542747497559	0.0	0.0
0.0	0.0	4.191251754760742	0.0	0.0	3.7530972957611084	3.67075514793396	0.0	5.028133869171143	0.0	0.0	3.433159112930298	0.0	0.0	4.454075813293457	0.0	0.0	0.0	0.0	0.0	5.1932783126831055	4.539112091064453	0.0	3.92877197265625	0.0	0.0	0.0	4.380044460296631	0.0	5.780612468719482	0.0	0.0	0.0	0.0	4.5146074295043945	0.0	0.0	3.338559150695801	0.0	0.0	0.0	0.0	0.0	0.0	0.0	4.479559421539307	0.0	3.971729278564453	4.026490688323975	3.7392776012420654	0.0	4.015960216522217	0.0	0.0	0.0	0.0	0.0	0.0	0.0	3.886026382446289	0.0	0.0	0.0	0.0	0.0	0.0	0.0	0.0	4.076539039611816	5.055843353271484	0.0	0.0	0.0	0.0	4.6732330322265625	4.344245433807373	0.0	0.0	0.0	0.0	0.0	4.241854190826416	4.572946548461914	0.0	0.0	0.0	3.711357355117798	0.0	4.832252502441406	0.0	3.7880451679229736	0.0	0.0	5.0296125411987305	0.0	0.0
0.0	0.0	4.175113201141357	0.0	0.0	3.738734722137451	3.6552815437316895	0.0	5.007876873016357	0.0	0.0	3.4174418449401855	0.0	0.0	4.4346418380737305	0.0	0.0	0.0	0.0	0.0	5.17230749130249	4.520346164703369	0.0	3.9149670600891113	0.0	0.0	0.0	4.364079475402832	0.0	5.7557172775268555	0.0	0.0	0.0	0.0	4.495414733886719	0.0	0.0	3.325139045715332	0.0	0.0	0.0	0.0	0.0	0.0	0.0	4.4627485275268555	0.0	3.955326557159424	4.008945941925049	3.72271990776062	0.0	3.9991345405578613	0.0	0.0	0.0	0.0	0.0	0.0	0.0	3.870314121246338	0.0	0.0	0.0	0.0	0.0	0.0	0.0	0.0	4.06082820892334	5.035364627838135	0.0	0.0	0.0	0.0	4.654477596282959	4.324965000152588	0.0	0.0	0.0	0.0	0.0	4.225268840789795	4.554715633392334	0.0	0.0	0.0	3.695326328277588	0.0	4.8134446144104	0.0	3.7724921703338623	0.0	0.0	5.008664131164551	0.0	0.0
0.0	0.0	4.199155807495117	0.0	0.0	3.761276960372925	3.6779303550720215	0.0	5.038496017456055	0.0	0.0	3.4402644634246826	0.0	0.0	4.463567733764648	0.0	0.0	0.0	0.0	0.0	5.204687118530273	4.5480265617370605	0.0	3.937528371810913	0.0	0.0	0.0	4.388129234313965	0.0	5.793186187744141	0.0	0.0	0.0	0.0	4.524190902709961	0.0	0.0	3.344510316848755	0.0	0.0	0.0	0.0	0.0	0.0	0.0	4.488429546356201	0.0	3.980797290802002	4.034214496612549	3.7469704151153564	0.0	4.023019790649414	0.0	0.0	0.0	0.0	0.0	0.0	0.0	3.893000841140747	0.0	0.0	0.0	0.0	0.0	0.0	0.0	0.0	4.085138320922852	5.0669684410095215	0.0	0.0	0.0	0.0	4.682539939880371	4.352149486541748	0.0	0.0	0.0	0.0	0.0	4.251920223236084	4.5821533203125	0.0	0.0	0.0	3.7193260192871094	0.0	4.8410725593566895	0.0	3.7944893836975098	0.0	0.0	5.039194107055664	0.0	0.0
0.0	0.0	4.225785255432129	0.0	0.0	3.7848727703094482	3.702454090118408	0.0	5.07489538192749	0.0	0.0	3.462033748626709	0.0	0.0	4.493624687194824	0.0	0.0	0.0	0.0	0.0	5.241299629211426	4.578295707702637	0.0	3.9638912677764893	0.0	0.0	0.0	4.4149651527404785	0.0	5.83286190032959	0.0	0.0	0.0	0.0	4.555080890655518	0.0	0.0	3.3661839962005615	0.0	0.0	0.0	0.0	0.0	0.0	0.0	4.516853332519531	0.0	4.006281852722168	4.059415340423584	3.7725796699523926	0.0	4.048248291015625	0.0	0.0	0.0	0.0	0.0	0.0	0.0	3.919010639190674	0.0	0.0	0.0	0.0	0.0	0.0	0.0	0.0	4.111950397491455	5.100815773010254	0.0	0.0	0.0	0.0	4.714138507843018	4.37907600402832	0.0	0.0	0.0	0.0	0.0	4.278703212738037	4.610874652862549	0.0	0.0	0.0	3.743579626083374	0.0	4.876040458679199	0.0	3.8194003105163574	0.0	0.0	5.074362277984619	0.0	0.0
0.0	0.0	4.192279815673828	0.0	0.0	3.7561793327331543	3.672635078430176	0.0	5.030888557434082	0.0	0.0	3.4356555938720703	0.0	0.0	4.456961154937744	0.0	0.0	0.0	0.0	0.0	5.196544170379639	4.541297435760498	0.0	3.93088698387146	0.0	0.0	0.0	4.381688117980957	0.0	5.7826995849609375	0.0	0.0	0.0	0.0	4.516665935516357	0.0	0.0	3.3402392864227295	0.0	0.0	0.0	0.0	0.0	0.0	0.0	4.48090124130249	0.0	3.974125623703003	4.027937889099121	3.7420713901519775	0.0	4.016693115234375	0.0	0.0	0.0	0.0	0.0	0.0	0.0	3.8874258995056152	0.0	0.0	0.0	0.0	0.0	0.0	0.0	0.0	4.078614234924316	5.059214115142822	0.0	0.0	0.0	0.0	4.675193786621094	4.345678806304932	0.0	0.0	0.0	0.0	0.0	4.2436981201171875	4.574989318847656	0.0	0.0	0.0	3.713409423828125	0.0	4.833164215087891	0.0	3.789309024810791	0.0	0.0	5.03137731552124	0.0	0.0
0.0	0.0	4.196037769317627	0.0	0.0	3.758728265762329	3.6749958992004395	0.0	5.033926486968994	0.0	0.0	3.4372169971466064	0.0	0.0	4.4597487449646	0.0	0.0	0.0	0.0	0.0	5.200221061706543	4.54360294342041	0.0	3.9341888427734375	0.0	0.0	0.0	4.384672164916992	0.0	5.787585258483887	0.0	0.0	0.0	0.0	4.520366668701172	0.0	0.0	3.342538595199585	0.0	0.0	0.0	0.0	0.0	0.0	0.0	4.48480224609375	0.0	3.976133346557617	4.0310959815979	3.744007110595703	0.0	4.019434928894043	0.0	0.0	0.0	0.0	0.0	0.0	0.0	3.8899075984954834	0.0	0.0	0.0	0.0	0.0	0.0	0.0	0.0	4.081368446350098	5.0615973472595215	0.0	0.0	0.0	0.0	4.678195953369141	4.347921371459961	0.0	0.0	0.0	0.0	0.0	4.247026443481445	4.577376365661621	0.0	0.0	0.0	3.715686798095703	0.0	4.838385105133057	0.0	3.790370464324951	0.0	0.0	5.035482883453369	0.0	0.0
0.0	0.0	4.1886749267578125	0.0	0.0	3.7530429363250732	3.670520305633545	0.0	5.025705814361572	0.0	0.0	3.4320361614227295	0.0	0.0	4.4528303146362305	0.0	0.0	0.0	0.0	0.0	5.191604137420654	4.5381975173950195	0.0	3.9287357330322266	0.0	0.0	0.0	4.377915382385254	0.0	5.778921127319336	0.0	0.0	0.0	0.0	4.513362407684326	0.0	0.0	3.3388466835021973	0.0	0.0	0.0	0.0	0.0	0.0	0.0	4.476429462432861	0.0	3.969871997833252	4.0247392654418945	3.7388782501220703	0.0	4.0132598876953125	0.0	0.0	0.0	0.0	0.0	0.0	0.0	3.883927583694458	0.0	0.0	0.0	0.0	0.0	0.0	0.0	0.0	4.075518608093262	5.053481101989746	0.0	0.0	0.0	0.0	4.670307636260986	4.341174602508545	0.0	0.0	0.0	0.0	0.0	4.241031169891357	4.570939064025879	0.0	0.0	0.0	3.7092976570129395	0.0	4.830966472625732	0.0	3.78515625	0.0	0.0	5.028392314910889	0.0	0.0
0.0	0.0	4.1713080406188965	0.0	0.0	3.7375340461730957	3.6556556224823	0.0	5.006260395050049	0.0	0.0	3.4188437461853027	0.0	0.0	4.4344305992126465	0.0	0.0	0.0	0.0	0.0	5.169914722442627	4.519377708435059	0.0	3.912571907043457	0.0	0.0	0.0	4.3599419593811035	0.0	5.753599166870117	0.0	0.0	0.0	0.0	4.495118141174316	0.0	0.0	3.3255701065063477	0.0	0.0	0.0	0.0	0.0	0.0	0.0	4.4587225914001465	0.0	3.953108072280884	4.00851583480835	3.7239208221435547	0.0	3.996582508087158	0.0	0.0	0.0	0.0	0.0	0.0	0.0	3.8684098720550537	0.0	0.0	0.0	0.0	0.0	0.0	0.0	0.0	4.058864116668701	5.0336384773254395	0.0	0.0	0.0	0.0	4.651259422302246	4.324214458465576	0.0	0.0	0.0	0.0	0.0	4.223968505859375	4.552490234375	0.0	0.0	0.0	3.694225311279297	0.0	4.810781002044678	0.0	3.7701528072357178	0.0	0.0	5.007340908050537	0.0	0.0
0.0	0.0	4.230614185333252	0.0	0.0	3.7886571884155273	3.7052230834960938	0.0	5.078834533691406	0.0	0.0	3.465080976486206	0.0	0.0	4.500229358673096	0.0	0.0	0.0	0.0	0.0	5.246034622192383	4.583250045776367	0.0	3.967890739440918	0.0	0.0	0.0	4.421042442321777	0.0	5.838797569274902	0.0	0.0	0.0	0.0	4.559664726257324	0.0	0.0	3.370121955871582	0.0	0.0	0.0	0.0	0.0	0.0	0.0	4.5198869705200195	0.0	4.009390830993652	4.0646748542785645	3.7748939990997314	0.0	4.052306652069092	0.0	0.0	0.0	0.0	0.0	0.0	0.0	3.922252655029297	0.0	0.0	0.0	0.0	0.0	0.0	0.0	0.0	4.113798141479492	5.107219696044922	0.0	0.0	0.0	0.0	4.719588279724121	4.384909152984619	0.0	0.0	0.0	0.0	0.0	4.28153133392334	4.615635871887207	0.0	0.0	0.0	3.747105360031128	0.0	4.879361629486084	0.0	3.8231167793273926	0.0	0.0	5.079787254333496	0.0	0.0
0.0	0.0	4.19797420501709	0.0	0.0	3.7608580589294434	3.677077531814575	0.0	5.035792350769043	0.0	0.0	3.438842296600342	0.0	0.0	4.461180686950684	0.0	0.0	0.0	0.0	0.0	5.201686859130859	4.545740127563477	0.0	3.935253143310547	0.0	0.0	0.0	4.387472152709961	0.0	5.789924144744873	0.0	0.0	0.0	0.0	4.5218706130981445	0.0	0.0	3.344221591949463	0.0	0.0	0.0	0.0	0.0	0.0	0.0	4.4865007400512695	0.0	3.977375030517578	4.032702445983887	3.7452821731567383	0.0	4.022366523742676	0.0	0.0	0.0	0.0	0.0	0.0	0.0	3.890890121459961	0.0	0.0	0.0	0.0	0.0	0.0	0.0	0.0	4.082064151763916	5.064546585083008	0.0	0.0	0.0	0.0	4.680324077606201	4.34991455078125	0.0	0.0	0.0	0.0	0.0	4.248939514160156	4.579018592834473	0.0	0.0	0.0	3.7169740200042725	0.0	4.8395094871521	0.0	3.7930867671966553	0.0	0.0	5.036874294281006	0.0	0.0
0.0	0.0	4.232295989990234	0.0	0.0	3.790069341659546	3.7064526081085205	0.0	5.08033561706543	0.0	0.0	3.4644863605499268	0.0	0.0	4.498261451721191	0.0	0.0	0.0	0.0	0.0	5.247420310974121	4.585174560546875	0.0	3.9708447456359863	0.0	0.0	0.0	4.424473762512207	0.0	5.842100143432617	0.0	0.0	0.0	0.0	4.560457706451416	0.0	0.0	3.369187593460083	0.0	0.0	0.0	0.0	0.0	0.0	0.0	4.524159908294678	0.0	4.011429309844971	4.065409183502197	3.774423837661743	0.0	4.053645133972168	0.0	0.0	0.0	0.0	0.0	0.0	0.0	3.922886610031128	0.0	0.0	0.0	0.0	0.0	0.0	0.0	0.0	4.1181159019470215	5.107665538787842	0.0	0.0	0.0	0.0	4.720889568328857	4.384955883026123	0.0	0.0	0.0	0.0	0.0	4.28536319732666	4.6172871589660645	0.0	0.0	0.0	3.7481813430786133	0.0	4.882052898406982	0.0	3.8234148025512695	0.0	0.0	5.080185890197754	0.0	0.0
0.0	0.0	4.1727142333984375	0.0	0.0	3.73850679397583	3.65609073638916	0.0	5.006227970123291	0.0	0.0	3.41848087310791	0.0	0.0	4.434380054473877	0.0	0.0	0.0	0.0	0.0	5.171228885650635	4.519756317138672	0.0	3.912175178527832	0.0	0.0	0.0	4.361270427703857	0.0	5.755157947540283	0.0	0.0	0.0	0.0	4.49500846862793	0.0	0.0	3.3258469104766846	0.0	0.0	0.0	0.0	0.0	0.0	0.0	4.460031509399414	0.0	3.954562187194824	4.008945465087891	3.7241573333740234	0.0	3.9986722469329834	0.0	0.0	0.0	0.0	0.0	0.0	0.0	3.8690946102142334	0.0	0.0	0.0	0.0	0.0	0.0	0.0	0.0	4.058974266052246	5.03403377532959	0.0	0.0	0.0	0.0	4.652588367462158	4.325164318084717	0.0	0.0	0.0	0.0	0.0	4.223795413970947	4.553886890411377	0.0	0.0	0.0	3.694786548614502	0.0	4.811270713806152	0.0	3.770568370819092	0.0	0.0	5.0074896812438965	0.0	0.0
0.0	0.0	4.183516502380371	0.0	0.0	3.7465574741363525	3.664830207824707	0.0	5.019134521484375	0.0	0.0	3.4265270233154297	0.0	0.0	4.4458489418029785	0.0	0.0	0.0	0.0	0.0	5.184676170349121	4.530494213104248	0.0	3.922792911529541	0.0	0.0	0.0	4.372697830200195	0.0	5.769847393035889	0.0	0.0	0.0	0.0	4.507109642028809	0.0	0.0	3.3325324058532715	0.0	0.0	0.0	0.0	0.0	0.0	0.0	4.472393035888672	0.0	3.9651927947998047	4.019167423248291	3.7331197261810303	0.0	4.008524417877197	0.0	0.0	0.0	0.0	0.0	0.0	0.0	3.8789353370666504	0.0	0.0	0.0	0.0	0.0	0.0	0.0	0.0	4.069663047790527	5.046828269958496	0.0	0.0	0.0	0.0	4.664072036743164	4.335621356964111	0.0	0.0	0.0	0.0	0.0	4.235414505004883	4.565049171447754	0.0	0.0	0.0	3.7046408653259277	0.0	4.823356628417969	0.0	3.780397653579712	0.0	0.0	5.020931720733643	0.0	0.0
0.0	0.0	4.190227508544922	0.0	0.0	3.753986358642578	3.671130657196045	0.0	5.0284223556518555	0.0	0.0	3.4337713718414307	0.0	0.0	4.453863620758057	0.0	0.0	0.0	0.0	0.0	5.194128036499023	4.539157867431641	0.0	3.92923641204834	0.0	0.0	0.0	4.379108905792236	0.0	5.780080795288086	0.0	0.0	0.0	0.0	4.514760494232178	0.0	0.0	3.3396096229553223	0.0	0.0	0.0	0.0	0.0	0.0	0.0	4.478789329528809	0.0	3.97176456451416	4.026065826416016	3.739665985107422	0.0	4.015501499176025	0.0	0.0	0.0	0.0	0.0	0.0	0.0	3.8852808475494385	0.0	0.0	0.0	0.0	0.0	0.0	0.0	0.0	4.076745986938477	5.056809902191162	0.0	0.0	0.0	0.0	4.672884941101074	4.34291934967041	0.0	0.0	0.0	0.0	0.0	4.2424516677856445	4.571991920471191	0.0	0.0	0.0	3.7111353874206543	0.0	4.8321990966796875	0.0	3.7875916957855225	0.0	0.0	5.029474258422852	0.0	0.0
0.0	0.0	4.194408893585205	0.0	0.0	3.7576704025268555	3.6740925312042236	0.0	5.032140254974365	0.0	0.0	3.436566114425659	0.0	0.0	4.458322525024414	0.0	0.0	0.0	0.0	0.0	5.197691440582275	4.542797565460205	0.0	3.9325690269470215	0.0	0.0	0.0	4.383249282836914	0.0	5.7849931716918945	0.0	0.0	0.0	0.0	4.518324375152588	0.0	0.0	3.3410987854003906	0.0	0.0	0.0	0.0	0.0	0.0	0.0	4.482290267944336	0.0	3.9748096466064453	4.028879642486572	3.742969512939453	0.0	4.018321514129639	0.0	0.0	0.0	0.0	0.0	0.0	0.0	3.8883113861083984	0.0	0.0	0.0	0.0	0.0	0.0	0.0	0.0	4.079729080200195	5.059454441070557	0.0	0.0	0.0	0.0	4.676270008087158	4.346869468688965	0.0	0.0	0.0	0.0	0.0	4.245298862457275	4.576437950134277	0.0	0.0	0.0	3.713701009750366	0.0	4.835714817047119	0.0	3.789684295654297	0.0	0.0	5.033609390258789	0.0	0.0
0.0	0.0	4.187177658081055	0.0	0.0	3.75093412399292	3.669050693511963	0.0	5.024286270141602	0.0	0.0	3.4311113357543945	0.0	0.0	4.451872825622559	0.0	0.0	0.0	0.0	0.0	5.190814018249512	4.535624980926514	0.0	3.9274234771728516	0.0	0.0	0.0	4.3759331703186035	0.0	5.777037143707275	0.0	0.0	0.0	0.0	4.512105464935303	0.0	0.0	3.3368167877197266	0.0	0.0	0.0	0.0	0.0	0.0	0.0	4.476329326629639	0.0	3.969754934310913	4.022514343261719	3.736846923828125	0.0	4.011153697967529	0.0	0.0	0.0	0.0	0.0	0.0	0.0	3.8833725452423096	0.0	0.0	0.0	0.0	0.0	0.0	0.0	0.0	4.074284553527832	5.051990985870361	0.0	0.0	0.0	0.0	4.6690568923950195	4.340559959411621	0.0	0.0	0.0	0.0	0.0	4.239698886871338	4.569304466247559	0.0	0.0	0.0	3.7091269493103027	0.0	4.830082893371582	0.0	3.7847955226898193	0.0	0.0	5.026656627655029	0.0	0.0
0.0	0.0	4.189358234405518	0.0	0.0	3.7538444995880127	3.670552968978882	0.0	5.028336524963379	0.0	0.0	3.4326870441436768	0.0	0.0	4.454126358032227	0.0	0.0	0.0	0.0	0.0	5.1941680908203125	4.538224697113037	0.0	3.9292795658111572	0.0	0.0	0.0	4.379267692565918	0.0	5.779319763183594	0.0	0.0	0.0	0.0	4.514177322387695	0.0	0.0	3.3381564617156982	0.0	0.0	0.0	0.0	0.0	0.0	0.0	4.4787516593933105	0.0	3.9713313579559326	4.025941848754883	3.739647388458252	0.0	4.01434850692749	0.0	0.0	0.0	0.0	0.0	0.0	0.0	3.8846435546875	0.0	0.0	0.0	0.0	0.0	0.0	0.0	0.0	4.075645446777344	5.055752754211426	0.0	0.0	0.0	0.0	4.672395706176758	4.342504024505615	0.0	0.0	0.0	0.0	0.0	4.242429733276367	4.571638107299805	0.0	0.0	0.0	3.711273431777954	0.0	4.831820011138916	0.0	3.7867448329925537	0.0	0.0	5.0297417640686035	0.0	0.0
0.0	0.0	4.1802544593811035	0.0	0.0	3.7425670623779297	3.6611719131469727	0.0	5.014759063720703	0.0	0.0	3.422266960144043	0.0	0.0	4.441688537597656	0.0	0.0	0.0	0.0	0.0	5.179934024810791	4.527227878570557	0.0	3.920926332473755	0.0	0.0	0.0	4.370812892913818	0.0	5.766595363616943	0.0	0.0	0.0	0.0	4.501974105834961	0.0	0.0	3.329368829727173	0.0	0.0	0.0	0.0	0.0	0.0	0.0	4.469848155975342	0.0	3.962587356567383	4.015764236450195	3.729461669921875	0.0	4.0047101974487305	0.0	0.0	0.0	0.0	0.0	0.0	0.0	3.8755338191986084	0.0	0.0	0.0	0.0	0.0	0.0	0.0	0.0	4.067074775695801	5.041769981384277	0.0	0.0	0.0	0.0	4.660292148590088	4.3328776359558105	0.0	0.0	0.0	0.0	0.0	4.231514930725098	4.56168270111084	0.0	0.0	0.0	3.700788974761963	0.0	4.820517063140869	0.0	3.7778828144073486	0.0	0.0	5.0172200202941895	0.0	0.0
0.0	0.0	4.1859636306762695	0.0	0.0	3.749974012374878	3.665961980819702	0.0	5.022243022918701	0.0	0.0	3.4293341636657715	0.0	0.0	4.448867321014404	0.0	0.0	0.0	0.0	0.0	5.188175678253174	4.5335469245910645	0.0	3.924860715866089	0.0	0.0	0.0	4.375003814697266	0.0	5.7738494873046875	0.0	0.0	0.0	0.0	4.508610248565674	0.0	0.0	3.3350844383239746	0.0	0.0	0.0	0.0	0.0	0.0	0.0	4.47410774230957	0.0	3.966930866241455	4.021006107330322	3.7354133129119873	0.0	4.010288238525391	0.0	0.0	0.0	0.0	0.0	0.0	0.0	3.8818471431732178	0.0	0.0	0.0	0.0	0.0	0.0	0.0	0.0	4.072615146636963	5.050271987915039	0.0	0.0	0.0	0.0	4.667071342468262	4.338680744171143	0.0	0.0	0.0	0.0	0.0	4.237689971923828	4.567264556884766	0.0	0.0	0.0	3.707056760787964	0.0	4.826139450073242	0.0	3.7821192741394043	0.0	0.0	5.023806095123291	0.0	0.0
0.0	0.0	4.207008361816406	0.0	0.0	3.7693533897399902	3.684831380844116	0.0	5.049354553222656	0.0	0.0	3.4469690322875977	0.0	0.0	4.472291946411133	0.0	0.0	0.0	0.0	0.0	5.2144670486450195	4.557696342468262	0.0	3.9446616172790527	0.0	0.0	0.0	4.397006511688232	0.0	5.80408239364624	0.0	0.0	0.0	0.0	4.533674240112305	0.0	0.0	3.3514039516448975	0.0	0.0	0.0	0.0	0.0	0.0	0.0	4.497369766235352	0.0	3.9875662326812744	4.04185676574707	3.7546310424804688	0.0	4.031545639038086	0.0	0.0	0.0	0.0	0.0	0.0	0.0	3.900344133377075	0.0	0.0	0.0	0.0	0.0	0.0	0.0	0.0	4.09183406829834	5.076993942260742	0.0	0.0	0.0	0.0	4.6931939125061035	4.3592658042907715	0.0	0.0	0.0	0.0	0.0	4.259779453277588	4.591062068939209	0.0	0.0	0.0	3.7257955074310303	0.0	4.851471424102783	0.0	3.8020339012145996	0.0	0.0	5.0493292808532715	0.0	0.0
0.0	0.0	4.198843479156494	0.0	0.0	3.7609927654266357	3.6775898933410645	0.0	5.038144111633301	0.0	0.0	3.440380096435547	0.0	0.0	4.462009906768799	0.0	0.0	0.0	0.0	0.0	5.203665256500244	4.5471014976501465	0.0	3.936544179916382	0.0	0.0	0.0	4.38786506652832	0.0	5.791609764099121	0.0	0.0	0.0	0.0	4.522871494293213	0.0	0.0	3.344609022140503	0.0	0.0	0.0	0.0	0.0	0.0	0.0	4.487473011016846	0.0	3.979318380355835	4.032780647277832	3.7464563846588135	0.0	4.022441864013672	0.0	0.0	0.0	0.0	0.0	0.0	0.0	3.8925178050994873	0.0	0.0	0.0	0.0	0.0	0.0	0.0	0.0	4.084127426147461	5.065978050231934	0.0	0.0	0.0	0.0	4.681229114532471	4.351652145385742	0.0	0.0	0.0	0.0	0.0	4.249715328216553	4.5810370445251465	0.0	0.0	0.0	3.718294382095337	0.0	4.841821670532227	0.0	3.793722152709961	0.0	0.0	5.039254665374756	0.0	0.0
0.0	0.0	4.1972222328186035	0.0	0.0	3.7593984603881836	3.6763999462127686	0.0	5.035825252532959	0.0	0.0	3.4374120235443115	0.0	0.0	4.461308479309082	0.0	0.0	0.0	0.0	0.0	5.20143985748291	4.545195579528809	0.0	3.9355430603027344	0.0	0.0	0.0	4.385465621948242	0.0	5.789076805114746	0.0	0.0	0.0	0.0	4.521836280822754	0.0	0.0	3.343383550643921	0.0	0.0	0.0	0.0	0.0	0.0	0.0	4.486337661743164	0.0	3.976985454559326	4.031895637512207	3.7445712089538574	0.0	4.021294116973877	0.0	0.0	0.0	0.0	0.0	0.0	0.0	3.8916053771972656	0.0	0.0	0.0	0.0	0.0	0.0	0.0	0.0	4.082869529724121	5.063085079193115	0.0	0.0	0.0	0.0	4.679862022399902	4.349776744842529	0.0	0.0	0.0	0.0	0.0	4.249170780181885	4.578763008117676	0.0	0.0	0.0	3.7170486450195312	0.0	4.840311050415039	0.0	3.7921648025512695	0.0	0.0	5.0371551513671875	0.0	0.0
0.0	0.0	4.1795454025268555	0.0	0.0	3.744140386581421	3.6611404418945312	0.0	5.014625072479248	0.0	0.0	3.424434185028076	0.0	0.0	4.442062854766846	0.0	0.0	0.0	0.0	0.0	5.180111408233643	4.527469158172607	0.0	3.918639898300171	0.0	0.0	0.0	4.368504047393799	0.0	5.765282154083252	0.0	0.0	0.0	0.0	4.502772331237793	0.0	0.0	3.3303399085998535	0.0	0.0	0.0	0.0	0.0	0.0	0.0	4.467779159545898	0.0	3.960754632949829	4.015052318572998	3.7295994758605957	0.0	4.003697872161865	0.0	0.0	0.0	0.0	0.0	0.0	0.0	3.875739574432373	0.0	0.0	0.0	0.0	0.0	0.0	0.0	0.0	4.065573215484619	5.041714191436768	0.0	0.0	0.0	0.0	4.660067558288574	4.331745624542236	0.0	0.0	0.0	0.0	0.0	4.231518268585205	4.560227394104004	0.0	0.0	0.0	3.7006947994232178	0.0	4.819315433502197	0.0	3.7769837379455566	0.0	0.0	5.0166473388671875	0.0	0.0
0.0	0.0	4.202716827392578	0.0	0.0	3.76385760307312	3.6816399097442627	0.0	5.042289733886719	0.0	0.0	3.4436702728271484	0.0	0.0	4.466711521148682	0.0	0.0	0.0	0.0	0.0	5.208252906799316	4.551512718200684	0.0	3.9400017261505127	0.0	0.0	0.0	4.391137599945068	0.0	5.796571731567383	0.0	0.0	0.0	0.0	4.5288405418396	0.0	0.0	3.3475449085235596	0.0	0.0	0.0	0.0	0.0	0.0	0.0	4.492095470428467	0.0	3.982234477996826	4.037435531616211	3.750925064086914	0.0	4.025750637054443	0.0	0.0	0.0	0.0	0.0	0.0	0.0	3.896311044692993	0.0	0.0	0.0	0.0	0.0	0.0	0.0	0.0	4.087310314178467	5.069400310516357	0.0	0.0	0.0	0.0	4.684951305389404	4.3555779457092285	0.0	0.0	0.0	0.0	0.0	4.254050254821777	4.586297512054443	0.0	0.0	0.0	3.722135305404663	0.0	4.84596061706543	0.0	3.7970712184906006	0.0	0.0	5.043939113616943	0.0	0.0
0.0	0.0	4.191000461578369	0.0	0.0	3.7546186447143555	3.6712756156921387	0.0	5.02891206741333	0.0	0.0	3.433681011199951	0.0	0.0	4.454492568969727	0.0	0.0	0.0	0.0	0.0	5.1953959465026855	4.540048122406006	0.0	3.930711507797241	0.0	0.0	0.0	4.379993915557861	0.0	5.781410217285156	0.0	0.0	0.0	0.0	4.51599645614624	0.0	0.0	3.339644432067871	0.0	0.0	0.0	0.0	0.0	0.0	0.0	4.47914981842041	0.0	3.972447395324707	4.026189804077148	3.7402944564819336	0.0	4.015953063964844	0.0	0.0	0.0	0.0	0.0	0.0	0.0	3.886306047439575	0.0	0.0	0.0	0.0	0.0	0.0	0.0	0.0	4.076383113861084	5.056116104125977	0.0	0.0	0.0	0.0	4.673705101013184	4.343464374542236	0.0	0.0	0.0	0.0	0.0	4.243386268615723	4.5725812911987305	0.0	0.0	0.0	3.7119486331939697	0.0	4.832718372344971	0.0	3.7867634296417236	0.0	0.0	5.030884265899658	0.0	0.0
0.0	0.0	4.179947376251221	0.0	0.0	3.743945837020874	3.6615164279937744	0.0	5.014498710632324	0.0	0.0	3.4236178398132324	0.0	0.0	4.441619873046875	0.0	0.0	0.0	0.0	0.0	5.179193496704102	4.527345180511475	0.0	3.91899037361145	0.0	0.0	0.0	4.367712020874023	0.0	5.764540672302246	0.0	0.0	0.0	0.0	4.502614974975586	0.0	0.0	3.3305037021636963	0.0	0.0	0.0	0.0	0.0	0.0	0.0	4.46702766418457	0.0	3.9610700607299805	4.0154314041137695	3.7296671867370605	0.0	4.004679203033447	0.0	0.0	0.0	0.0	0.0	0.0	0.0	3.875126838684082	0.0	0.0	0.0	0.0	0.0	0.0	0.0	0.0	4.065961837768555	5.042053699493408	0.0	0.0	0.0	0.0	4.659893989562988	4.331579685211182	0.0	0.0	0.0	0.0	0.0	4.231119155883789	4.560397624969482	0.0	0.0	0.0	3.7014076709747314	0.0	4.819393157958984	0.0	3.776888608932495	0.0	0.0	5.0153985023498535	0.0	0.0
0.0	0.0	4.234394073486328	0.0	0.0	3.7937371730804443	3.7104504108428955	0.0	5.084686756134033	0.0	0.0	3.472825527191162	0.0	0.0	4.506892681121826	0.0	0.0	0.0	0.0	0.0	5.252046585083008	4.589722633361816	0.0	3.9732184410095215	0.0	0.0	0.0	4.423507213592529	0.0	5.845384120941162	0.0	0.0	0.0	0.0	4.568058013916016	0.0	0.0	3.3760244846343994	0.0	0.0	0.0	0.0	0.0	0.0	0.0	4.526151657104492	0.0	4.015599727630615	4.06768274307251	3.781226873397827	0.0	4.057098865509033	0.0	0.0	0.0	0.0	0.0	0.0	0.0	3.9265527725219727	0.0	0.0	0.0	0.0	0.0	0.0	0.0	0.0	4.1215410232543945	5.114074230194092	0.0	0.0	0.0	0.0	4.724604606628418	4.389239311218262	0.0	0.0	0.0	0.0	0.0	4.285734176635742	4.621419906616211	0.0	0.0	0.0	3.7524847984313965	0.0	4.8868513107299805	0.0	3.8264639377593994	0.0	0.0	5.085661888122559	0.0	0.0
0.0	0.0	4.185801982879639	0.0	0.0	3.751037120819092	3.667311191558838	0.0	5.0230607986450195	0.0	0.0	3.43007493019104	0.0	0.0	4.449132442474365	0.0	0.0	0.0	0.0	0.0	5.18869161605835	4.534306526184082	0.0	3.9259321689605713	0.0	0.0	0.0	4.375304222106934	0.0	5.774197578430176	0.0	0.0	0.0	0.0	4.510762691497803	0.0	0.0	3.3350443840026855	0.0	0.0	0.0	0.0	0.0	0.0	0.0	4.474245071411133	0.0	3.96785306930542	4.022346496582031	3.736006259918213	0.0	4.011088848114014	0.0	0.0	0.0	0.0	0.0	0.0	0.0	3.881909132003784	0.0	0.0	0.0	0.0	0.0	0.0	0.0	0.0	4.072057723999023	5.050677299499512	0.0	0.0	0.0	0.0	4.667938709259033	4.3385910987854	0.0	0.0	0.0	0.0	0.0	4.237943172454834	4.567629337310791	0.0	0.0	0.0	3.706965208053589	0.0	4.827670097351074	0.0	3.782928466796875	0.0	0.0	5.02416467666626	0.0	0.0
0.0	0.0	4.181619644165039	0.0	0.0	3.745824098587036	3.663784980773926	0.0	5.016840934753418	0.0	0.0	3.4271717071533203	0.0	0.0	4.443767070770264	0.0	0.0	0.0	0.0	0.0	5.18294620513916	4.530154705047607	0.0	3.9220845699310303	0.0	0.0	0.0	4.371635913848877	0.0	5.768539905548096	0.0	0.0	0.0	0.0	4.50471305847168	0.0	0.0	3.3325090408325195	0.0	0.0	0.0	0.0	0.0	0.0	0.0	4.469971179962158	0.0	3.963465929031372	4.016908645629883	3.73197340965271	0.0	4.007315635681152	0.0	0.0	0.0	0.0	0.0	0.0	0.0	3.877856731414795	0.0	0.0	0.0	0.0	0.0	0.0	0.0	0.0	4.06886625289917	5.045365333557129	0.0	0.0	0.0	0.0	4.663595199584961	4.334280967712402	0.0	0.0	0.0	0.0	0.0	4.233668327331543	4.563259124755859	0.0	0.0	0.0	3.7031774520874023	0.0	4.822904109954834	0.0	3.7800674438476562	0.0	0.0	5.019503116607666	0.0	0.0
0.0	0.0	4.1817827224731445	0.0	0.0	3.7449209690093994	3.661745548248291	0.0	5.017374038696289	0.0	0.0	3.423459768295288	0.0	0.0	4.442892551422119	0.0	0.0	0.0	0.0	0.0	5.1810455322265625	4.527782440185547	0.0	3.921187162399292	0.0	0.0	0.0	4.3703765869140625	0.0	5.765921592712402	0.0	0.0	0.0	0.0	4.503343105316162	0.0	0.0	3.3300938606262207	0.0	0.0	0.0	0.0	0.0	0.0	0.0	4.470158100128174	0.0	3.9631917476654053	4.016097068786621	3.729271411895752	0.0	4.005197048187256	0.0	0.0	0.0	0.0	0.0	0.0	0.0	3.8763363361358643	0.0	0.0	0.0	0.0	0.0	0.0	0.0	0.0	4.067136764526367	5.043888568878174	0.0	0.0	0.0	0.0	4.661530017852783	4.333559036254883	0.0	0.0	0.0	0.0	0.0	4.232349872589111	4.561601638793945	0.0	0.0	0.0	3.702437400817871	0.0	4.820471286773682	0.0	3.7781155109405518	0.0	0.0	5.016363620758057	0.0	0.0
0.0	0.0	4.193180084228516	0.0	0.0	3.7565255165100098	3.6732547283172607	0.0	5.031035900115967	0.0	0.0	3.434676170349121	0.0	0.0	4.457347393035889	0.0	0.0	0.0	0.0	0.0	5.197212219238281	4.542301177978516	0.0	3.93300724029541	0.0	0.0	0.0	4.382382869720459	0.0	5.7845048904418945	0.0	0.0	0.0	0.0	4.518174171447754	0.0	0.0	3.3402328491210938	0.0	0.0	0.0	0.0	0.0	0.0	0.0	4.482057571411133	0.0	3.973720073699951	4.0282745361328125	3.7412633895874023	0.0	4.017278671264648	0.0	0.0	0.0	0.0	0.0	0.0	0.0	3.8878836631774902	0.0	0.0	0.0	0.0	0.0	0.0	0.0	0.0	4.080946445465088	5.0601725578308105	0.0	0.0	0.0	0.0	4.6760478019714355	4.346038818359375	0.0	0.0	0.0	0.0	0.0	4.245329856872559	4.574760437011719	0.0	0.0	0.0	3.71356463432312	0.0	4.835675239562988	0.0	3.789226770401001	0.0	0.0	5.033132076263428	0.0	0.0
0.0	0.0	4.192549705505371	0.0	0.0	3.7557411193847656	3.6729297637939453	0.0	5.030998706817627	0.0	0.0	3.435000419616699	0.0	0.0	4.456083297729492	0.0	0.0	0.0	0.0	0.0	5.1961588859558105	4.541273593902588	0.0	3.9322872161865234	0.0	0.0	0.0	4.381523609161377	0.0	5.783344745635986	0.0	0.0	0.0	0.0	4.516836166381836	0.0	0.0	3.340686082839966	0.0	0.0	0.0	0.0	0.0	0.0	0.0	4.4825334548950195	0.0	3.973689556121826	4.0270094871521	3.7416932582855225	0.0	4.017050743103027	0.0	0.0	0.0	0.0	0.0	0.0	0.0	3.887669086456299	0.0	0.0	0.0	0.0	0.0	0.0	0.0	0.0	4.07928991317749	5.058088779449463	0.0	0.0	0.0	0.0	4.674497604370117	4.3452019691467285	0.0	0.0	0.0	0.0	0.0	4.244724273681641	4.574947834014893	0.0	0.0	0.0	3.7124462127685547	0.0	4.8352813720703125	0.0	3.7883787155151367	0.0	0.0	5.032889366149902	0.0	0.0
0.0	0.0	4.2042694091796875	0.0	0.0	3.7655444145202637	3.6820855140686035	0.0	5.0448150634765625	0.0	0.0	3.442979335784912	0.0	0.0	4.468072891235352	0.0	0.0	0.0	0.0	0.0	5.209341526031494	4.5533127784729	0.0	3.942214012145996	0.0	0.0	0.0	4.392836570739746	0.0	5.799290180206299	0.0	0.0	0.0	0.0	4.529855251312256	0.0	0.0	3.348773241043091	0.0	0.0	0.0	0.0	0.0	0.0	0.0	4.494342803955078	0.0	3.984288215637207	4.037944793701172	3.750856876373291	0.0	4.02766752243042	0.0	0.0	0.0	0.0	0.0	0.0	0.0	3.897196054458618	0.0	0.0	0.0	0.0	0.0	0.0	0.0	0.0	4.089691162109375	5.071637153625488	0.0	0.0	0.0	0.0	4.687342166900635	4.357109069824219	0.0	0.0	0.0	0.0	0.0	4.25612735748291	4.586583137512207	0.0	0.0	0.0	3.722257375717163	0.0	4.846965789794922	0.0	3.798013925552368	0.0	0.0	5.045095443725586	0.0	0.0
0.0	0.0	4.188563823699951	0.0	0.0	3.75189208984375	3.6690242290496826	0.0	5.025479793548584	0.0	0.0	3.4312846660614014	0.0	0.0	4.452121257781982	0.0	0.0	0.0	0.0	0.0	5.189579486846924	4.535884857177734	0.0	3.9278156757354736	0.0	0.0	0.0	4.376772403717041	0.0	5.777002334594727	0.0	0.0	0.0	0.0	4.512133598327637	0.0	0.0	3.337486505508423	0.0	0.0	0.0	0.0	0.0	0.0	0.0	4.477364540100098	0.0	3.9694390296936035	4.023792266845703	3.737553358078003	0.0	4.012574672698975	0.0	0.0	0.0	0.0	0.0	0.0	0.0	3.8832995891571045	0.0	0.0	0.0	0.0	0.0	0.0	0.0	0.0	4.074942588806152	5.05307674407959	0.0	0.0	0.0	0.0	4.6704182624816895	4.340615749359131	0.0	0.0	0.0	0.0	0.0	4.239495277404785	4.569803714752197	0.0	0.0	0.0	3.7087864875793457	0.0	4.8298749923706055	0.0	3.784181833267212	0.0	0.0	5.026791572570801	0.0	0.0
0.0	0.0	4.1874098777771	0.0	0.0	3.750422239303589	3.6678123474121094	0.0	5.0244574546813965	0.0	0.0	3.4302120208740234	0.0	0.0	4.450461387634277	0.0	0.0	0.0	0.0	0.0	5.189289569854736	4.535831451416016	0.0	3.926560878753662	0.0	0.0	0.0	4.3761515617370605	0.0	5.775155067443848	0.0	0.0	0.0	0.0	4.511145114898682	0.0	0.0	3.3361423015594482	0.0	0.0	0.0	0.0	0.0	0.0	0.0	4.4762091636657715	0.0	3.9682161808013916	4.023356914520264	3.736743688583374	0.0	4.012019157409668	0.0	0.0	0.0	0.0	0.0	0.0	0.0	3.8827247619628906	0.0	0.0	0.0	0.0	0.0	0.0	0.0	0.0	4.0731730461120605	5.051915168762207	0.0	0.0	0.0	0.0	4.669369697570801	4.3397345542907715	0.0	0.0	0.0	0.0	0.0	4.238406658172607	4.5684027671813965	0.0	0.0	0.0	3.7076141834259033	0.0	4.8280744552612305	0.0	3.7837729454040527	0.0	0.0	5.025691509246826	0.0	0.0
0.0	0.0	4.187281608581543	0.0	0.0	3.75213885307312	3.6675949096679688	0.0	5.024154186248779	0.0	0.0	3.4306325912475586	0.0	0.0	4.451048851013184	0.0	0.0	0.0	0.0	0.0	5.189577579498291	4.535508155822754	0.0	3.9260222911834717	0.0	0.0	0.0	4.375479698181152	0.0	5.775694847106934	0.0	0.0	0.0	0.0	4.511199474334717	0.0	0.0	3.336380958557129	0.0	0.0	0.0	0.0	0.0	0.0	0.0	4.475962162017822	0.0	3.968369960784912	4.022816181182861	3.736466646194458	0.0	4.011932849884033	0.0	0.0	0.0	0.0	0.0	0.0	0.0	3.8826498985290527	0.0	0.0	0.0	0.0	0.0	0.0	0.0	0.0	4.073492050170898	5.051573753356934	0.0	0.0	0.0	0.0	4.668677806854248	4.339739799499512	0.0	0.0	0.0	0.0	0.0	4.2393798828125	4.5680365562438965	0.0	0.0	0.0	3.7076833248138428	0.0	4.828873634338379	0.0	3.783125877380371	0.0	0.0	5.02509069442749	0.0	0.0
0.0	0.0	4.187041759490967	0.0	0.0	3.751248598098755	3.667872428894043	0.0	5.024300575256348	0.0	0.0	3.430267810821533	0.0	0.0	4.450685501098633	0.0	0.0	0.0	0.0	0.0	5.189355850219727	4.534965991973877	0.0	3.9267029762268066	0.0	0.0	0.0	4.37661075592041	0.0	5.775121688842773	0.0	0.0	0.0	0.0	4.510634899139404	0.0	0.0	3.336014986038208	0.0	0.0	0.0	0.0	0.0	0.0	0.0	4.475599765777588	0.0	3.9689419269561768	4.021876335144043	3.736793041229248	0.0	4.011403560638428	0.0	0.0	0.0	0.0	0.0	0.0	0.0	3.882875919342041	0.0	0.0	0.0	0.0	0.0	0.0	0.0	0.0	4.073395252227783	5.051894664764404	0.0	0.0	0.0	0.0	4.668588638305664	4.340255260467529	0.0	0.0	0.0	0.0	0.0	4.239532470703125	4.56897497177124	0.0	0.0	0.0	3.7081048488616943	0.0	4.828645706176758	0.0	3.7838292121887207	0.0	0.0	5.025576114654541	0.0	0.0
0.0	0.0	4.1563615798950195	0.0	0.0	3.7251875400543213	3.6422224044799805	0.0	4.988162994384766	0.0	0.0	3.4071061611175537	0.0	0.0	4.41957426071167	0.0	0.0	0.0	0.0	0.0	5.153125762939453	4.503063678741455	0.0	3.898149013519287	0.0	0.0	0.0	4.345010757446289	0.0	5.733619689941406	0.0	0.0	0.0	0.0	4.479344367980957	0.0	0.0	3.3125975131988525	0.0	0.0	0.0	0.0	0.0	0.0	0.0	4.444180965423584	0.0	3.9408111572265625	3.994769334793091	3.7112433910369873	0.0	3.9841887950897217	0.0	0.0	0.0	0.0	0.0	0.0	0.0	3.8558638095855713	0.0	0.0	0.0	0.0	0.0	0.0	0.0	0.0	4.044142723083496	5.0156049728393555	0.0	0.0	0.0	0.0	4.635220050811768	4.309782981872559	0.0	0.0	0.0	0.0	0.0	4.210949420928955	4.53726053237915	0.0	0.0	0.0	3.6807076930999756	0.0	4.793158531188965	0.0	3.756903648376465	0.0	0.0	4.989054203033447	0.0	0.0
