4.304440021514893	0.0	0.0	6.130648612976074	6.521868705749512	0.0	6.831129550933838	0.0	0.0	0.0	0.0	0.0	4.6056671142578125	0.0	4.272794246673584	0.0	0.0	0.0	0.0	4.481014251708984	0.0	3.647592782974243	0.0	0.0	0.0	0.0	0.0	0.0	0.0	0.0	0.0	0.0	0.0	0.0	0.0	0.0	0.0	0.0	6.370388507843018	5.261317253112793	4.414946556091309	5.1621785163879395	5.40349006652832	0.0	6.074884414672852	5.3801469802856445	5.042072296142578	5.930011749267578	0.0	0.0	0.0	5.605998992919922	0.0	0.0	0.0	0.0	0.0	5.127387046813965	0.0	0.0	0.0	5.101689338684082	0.0	0.0
4.375378608703613	0.0	0.0	6.2086663246154785	6.600661277770996	0.0	6.922684192657471	0.0	0.0	0.0	0.0	0.0	4.671840190887451	0.0	4.338832855224609	0.0	0.0	0.0	0.0	4.543370723724365	0.0	3.7105484008789062	0.0	0.0	0.0	0.0	0.0	0.0	0.0	0.0	0.0	0.0	0.0	0.0	0.0	0.0	0.0	0.0	6.453932762145996	5.335594177246094	4.472715377807617	5.231309413909912	5.474006652832031	0.0	6.163290500640869	5.451128959655762	5.113295555114746	6.001904010772705	0.0	0.0	0.0	5.681118488311768	0.0	0.0	0.0	0.0	0.0	5.203267574310303	0.0	0.0	0.0	5.1706671714782715	0.0	0.0
4.233535289764404	0.0	0.0	6.0334014892578125	6.4160332679748535	0.0	6.720365524291992	0.0	0.0	0.0	0.0	0.0	4.523946285247803	0.0	4.204323768615723	0.0	0.0	0.0	0.0	4.407083988189697	0.0	3.5783355236053467	0.0	0.0	0.0	0.0	0.0	0.0	0.0	0.0	0.0	0.0	0.0	0.0	0.0	0.0	0.0	0.0	6.269644260406494	5.175141334533691	4.342628479003906	5.072871685028076	5.316959857940674	0.0	5.9743971824646	5.293211460113525	4.953678607940674	5.838572025299072	0.0	0.0	0.0	5.511190414428711	0.0	0.0	0.0	0.0	0.0	5.038235187530518	0.0	0.0	0.0	5.020545482635498	0.0	0.0
4.222217082977295	0.0	0.0	6.021603107452393	6.3989386558532715	0.0	6.69726037979126	0.0	0.0	0.0	0.0	0.0	4.513123989105225	0.0	4.201722145080566	0.0	0.0	0.0	0.0	4.386373519897461	0.0	3.5759410858154297	0.0	0.0	0.0	0.0	0.0	0.0	0.0	0.0	0.0	0.0	0.0	0.0	0.0	0.0	0.0	0.0	6.250101089477539	5.169267177581787	4.32267951965332	5.064260005950928	5.304388046264648	0.0	5.948672294616699	5.274746417999268	4.93545389175415	5.831225395202637	0.0	0.0	0.0	5.496870994567871	0.0	0.0	0.0	0.0	0.0	5.036665916442871	0.0	0.0	0.0	5.0087199211120605	0.0	0.0
4.208890914916992	0.0	0.0	6.00860595703125	6.39302921295166	0.0	6.6927266120910645	0.0	0.0	0.0	0.0	0.0	4.500043869018555	0.0	4.183252811431885	0.0	0.0	0.0	0.0	4.389547348022461	0.0	3.5564138889312744	0.0	0.0	0.0	0.0	0.0	0.0	0.0	0.0	0.0	0.0	0.0	0.0	0.0	0.0	0.0	0.0	6.246232509613037	5.152163505554199	4.326104640960693	5.049145221710205	5.290146350860596	0.0	5.950124740600586	5.275928497314453	4.936272144317627	5.813589572906494	0.0	0.0	0.0	5.487198829650879	0.0	0.0	0.0	0.0	0.0	5.021693229675293	0.0	0.0	0.0	4.993884563446045	0.0	0.0
4.42368221282959	0.0	0.0	6.2242231369018555	6.627107620239258	0.0	6.957262992858887	0.0	0.0	0.0	0.0	0.0	4.7142791748046875	0.0	4.39327335357666	0.0	0.0	0.0	0.0	4.583418369293213	0.0	3.749910593032837	0.0	0.0	0.0	0.0	0.0	0.0	0.0	0.0	0.0	0.0	0.0	0.0	0.0	0.0	0.0	0.0	6.504615306854248	5.382499694824219	4.496827125549316	5.277639389038086	5.52133321762085	0.0	6.201836109161377	5.489410400390625	5.156616687774658	6.034921646118164	0.0	0.0	0.0	5.720291614532471	0.0	0.0	0.0	0.0	0.0	5.247905254364014	0.0	0.0	0.0	5.220768451690674	0.0	0.0
4.37241268157959	0.0	0.0	6.208605766296387	6.6144185066223145	0.0	6.925969123840332	0.0	0.0	0.0	0.0	0.0	4.6702985763549805	0.0	4.341792583465576	0.0	0.0	0.0	0.0	4.556686878204346	0.0	3.7137715816497803	0.0	0.0	0.0	0.0	0.0	0.0	0.0	0.0	0.0	0.0	0.0	0.0	0.0	0.0	0.0	0.0	6.45707368850708	5.324925899505615	4.486252784729004	5.227390766143799	5.47218132019043	0.0	6.16783332824707	5.444131374359131	5.116132736206055	6.005513668060303	0.0	0.0	0.0	5.6800713539123535	0.0	0.0	0.0	0.0	0.0	5.198546409606934	0.0	0.0	0.0	5.170154571533203	0.0	0.0
4.447752475738525	0.0	0.0	6.261406898498535	6.668220520019531	0.0	6.99207878112793	0.0	0.0	0.0	0.0	0.0	4.74564790725708	0.0	4.417004108428955	0.0	0.0	0.0	0.0	4.616900444030762	0.0	3.765047550201416	0.0	0.0	0.0	0.0	0.0	0.0	0.0	0.0	0.0	0.0	0.0	0.0	0.0	0.0	0.0	0.0	6.543210983276367	5.4091362953186035	4.522166728973389	5.3057990074157715	5.555222034454346	0.0	6.237579345703125	5.52568244934082	5.192494869232178	6.072080135345459	0.0	0.0	0.0	5.755839824676514	0.0	0.0	0.0	0.0	0.0	5.27883243560791	0.0	0.0	0.0	5.258677959442139	0.0	0.0
4.269045829772949	0.0	0.0	6.081793308258057	6.464335918426514	0.0	6.7765631675720215	0.0	0.0	0.0	0.0	0.0	4.568103313446045	0.0	4.236905097961426	0.0	0.0	0.0	0.0	4.4412055015563965	0.0	3.617046594619751	0.0	0.0	0.0	0.0	0.0	0.0	0.0	0.0	0.0	0.0	0.0	0.0	0.0	0.0	0.0	0.0	6.321815013885498	5.215492248535156	4.380034923553467	5.116777420043945	5.359649181365967	0.0	6.02317476272583	5.334600448608398	4.999260425567627	5.890394687652588	0.0	0.0	0.0	5.554930210113525	0.0	0.0	0.0	0.0	0.0	5.084806442260742	0.0	0.0	0.0	5.060872554779053	0.0	0.0
4.294025421142578	0.0	0.0	6.110443115234375	6.494045257568359	0.0	6.805828094482422	0.0	0.0	0.0	0.0	0.0	4.583446502685547	0.0	4.258087158203125	0.0	0.0	0.0	0.0	4.464657783508301	0.0	3.6376845836639404	0.0	0.0	0.0	0.0	0.0	0.0	0.0	0.0	0.0	0.0	0.0	0.0	0.0	0.0	0.0	0.0	6.346108913421631	5.2414751052856445	4.402554512023926	5.142916202545166	5.381865978240967	0.0	6.058045387268066	5.357912063598633	5.022517204284668	5.912707328796387	0.0	0.0	0.0	5.580251693725586	0.0	0.0	0.0	0.0	0.0	5.104537010192871	0.0	0.0	0.0	5.082686424255371	0.0	0.0
4.271945476531982	0.0	0.0	6.0397748947143555	6.437255859375	0.0	6.753041744232178	0.0	0.0	0.0	0.0	0.0	4.563846111297607	0.0	4.2425618171691895	0.0	0.0	0.0	0.0	4.440776824951172	0.0	3.6141724586486816	0.0	0.0	0.0	0.0	0.0	0.0	0.0	0.0	0.0	0.0	0.0	0.0	0.0	0.0	0.0	0.0	6.307931900024414	5.211500644683838	4.363365173339844	5.10880184173584	5.3534159660339355	0.0	6.015265941619873	5.331068992614746	4.9899444580078125	5.865908622741699	0.0	0.0	0.0	5.5438761711120605	0.0	0.0	0.0	0.0	0.0	5.079336643218994	0.0	0.0	0.0	5.052984714508057	0.0	0.0
4.265727519989014	0.0	0.0	6.084404945373535	6.466000080108643	0.0	6.77327299118042	0.0	0.0	0.0	0.0	0.0	4.564138412475586	0.0	4.240737438201904	0.0	0.0	0.0	0.0	4.440219879150391	0.0	3.61482310295105	0.0	0.0	0.0	0.0	0.0	0.0	0.0	0.0	0.0	0.0	0.0	0.0	0.0	0.0	0.0	0.0	6.321817874908447	5.21883487701416	4.380143642425537	5.1169819831848145	5.362061023712158	0.0	6.024488925933838	5.337917804718018	4.996530532836914	5.888129711151123	0.0	0.0	0.0	5.557101726531982	0.0	0.0	0.0	0.0	0.0	5.083178520202637	0.0	0.0	0.0	5.059183120727539	0.0	0.0
4.225564479827881	0.0	0.0	6.033902168273926	6.416152000427246	0.0	6.717271327972412	0.0	0.0	0.0	0.0	0.0	4.5219340324401855	0.0	4.202015399932861	0.0	0.0	0.0	0.0	4.402864456176758	0.0	3.5764310359954834	0.0	0.0	0.0	0.0	0.0	0.0	0.0	0.0	0.0	0.0	0.0	0.0	0.0	0.0	0.0	0.0	6.268109321594238	5.171256065368652	4.344734191894531	5.071486949920654	5.314901351928711	0.0	5.970875263214111	5.287673473358154	4.951709747314453	5.840538024902344	0.0	0.0	0.0	5.509442329406738	0.0	0.0	0.0	0.0	0.0	5.036911964416504	0.0	0.0	0.0	5.014288425445557	0.0	0.0
4.229475498199463	0.0	0.0	6.030171871185303	6.413512229919434	0.0	6.717085361480713	0.0	0.0	0.0	0.0	0.0	4.521969318389893	0.0	4.199641227722168	0.0	0.0	0.0	0.0	4.4023966789245605	0.0	3.577348470687866	0.0	0.0	0.0	0.0	0.0	0.0	0.0	0.0	0.0	0.0	0.0	0.0	0.0	0.0	0.0	0.0	6.265687942504883	5.168806552886963	4.341736316680908	5.068338871002197	5.310864448547363	0.0	5.96867036819458	5.284918308258057	4.952082633972168	5.8357768058776855	0.0	0.0	0.0	5.506815433502197	0.0	0.0	0.0	0.0	0.0	5.038282871246338	0.0	0.0	0.0	5.013238906860352	0.0	0.0
4.335201740264893	0.0	0.0	6.167166233062744	6.554858684539795	0.0	6.866907596588135	0.0	0.0	0.0	0.0	0.0	4.627991676330566	0.0	4.304079055786133	0.0	0.0	0.0	0.0	4.508080005645752	0.0	3.6751439571380615	0.0	0.0	0.0	0.0	0.0	0.0	0.0	0.0	0.0	0.0	0.0	0.0	0.0	0.0	0.0	0.0	6.402008533477783	5.291798114776611	4.4384613037109375	5.185976505279541	5.432154178619385	0.0	6.108331203460693	5.409592628479004	5.073684215545654	5.961562633514404	0.0	0.0	0.0	5.632762908935547	0.0	0.0	0.0	0.0	0.0	5.1535468101501465	0.0	0.0	0.0	5.126391410827637	0.0	0.0
4.131125450134277	0.0	0.0	5.906135082244873	6.2820353507995605	0.0	6.57747745513916	0.0	0.0	0.0	0.0	0.0	4.416722297668457	0.0	4.100507736206055	0.0	0.0	0.0	0.0	4.305594444274902	0.0	3.492213249206543	0.0	0.0	0.0	0.0	0.0	0.0	0.0	0.0	0.0	0.0	0.0	0.0	0.0	0.0	0.0	0.0	6.13422155380249	5.059534549713135	4.248555660247803	4.957952976226807	5.19618558883667	0.0	5.8411478996276855	5.177027225494385	4.841969013214111	5.717841148376465	0.0	0.0	0.0	5.390658378601074	0.0	0.0	0.0	0.0	0.0	4.927640438079834	0.0	0.0	0.0	4.902820587158203	0.0	0.0
4.266568183898926	0.0	0.0	6.077181816101074	6.460412502288818	0.0	6.768856525421143	0.0	0.0	0.0	0.0	0.0	4.560286045074463	0.0	4.23860502243042	0.0	0.0	0.0	0.0	4.437894344329834	0.0	3.611004114151001	0.0	0.0	0.0	0.0	0.0	0.0	0.0	0.0	0.0	0.0	0.0	0.0	0.0	0.0	0.0	0.0	6.314146518707275	5.215607166290283	4.373806953430176	5.112137794494629	5.355803966522217	0.0	6.01763391494751	5.3295369148254395	4.989081382751465	5.883903980255127	0.0	0.0	0.0	5.554324626922607	0.0	0.0	0.0	0.0	0.0	5.080380916595459	0.0	0.0	0.0	5.056970119476318	0.0	0.0
4.377396106719971	0.0	0.0	6.20463228225708	6.599746227264404	0.0	6.914123058319092	0.0	0.0	0.0	0.0	0.0	4.663305759429932	0.0	4.341518402099609	0.0	0.0	0.0	0.0	4.558838844299316	0.0	3.6973001956939697	0.0	0.0	0.0	0.0	0.0	0.0	0.0	0.0	0.0	0.0	0.0	0.0	0.0	0.0	0.0	0.0	6.455437183380127	5.331652641296387	4.478293418884277	5.22757625579834	5.476734161376953	0.0	6.159639835357666	5.449652671813965	5.116481304168701	6.000155925750732	0.0	0.0	0.0	5.684168338775635	0.0	0.0	0.0	0.0	0.0	5.192602157592773	0.0	0.0	0.0	5.172823429107666	0.0	0.0
4.253659248352051	0.0	0.0	6.062192916870117	6.444317817687988	0.0	6.749912738800049	0.0	0.0	0.0	0.0	0.0	4.5454816818237305	0.0	4.225895881652832	0.0	0.0	0.0	0.0	4.428406238555908	0.0	3.597912311553955	0.0	0.0	0.0	0.0	0.0	0.0	0.0	0.0	0.0	0.0	0.0	0.0	0.0	0.0	0.0	0.0	6.303004264831543	5.199608325958252	4.366354942321777	5.096477508544922	5.342462062835693	0.0	6.003751754760742	5.3189544677734375	4.981009483337402	5.866153240203857	0.0	0.0	0.0	5.536858081817627	0.0	0.0	0.0	0.0	0.0	5.06577205657959	0.0	0.0	0.0	5.04229211807251	0.0	0.0
4.171935081481934	0.0	0.0	5.954991817474365	6.328639984130859	0.0	6.6285719871521	0.0	0.0	0.0	0.0	0.0	4.460520267486572	0.0	4.149445533752441	0.0	0.0	0.0	0.0	4.336942672729492	0.0	3.528968095779419	0.0	0.0	0.0	0.0	0.0	0.0	0.0	0.0	0.0	0.0	0.0	0.0	0.0	0.0	0.0	0.0	6.183875560760498	5.112613201141357	4.2774882316589355	5.007625579833984	5.247034549713135	0.0	5.889387607574463	5.220202445983887	4.884325981140137	5.767984390258789	0.0	0.0	0.0	5.4346113204956055	0.0	0.0	0.0	0.0	0.0	4.9766130447387695	0.0	0.0	0.0	4.9496750831604	0.0	0.0
4.366024017333984	0.0	0.0	6.205617427825928	6.600606441497803	0.0	6.914707183837891	0.0	0.0	0.0	0.0	0.0	4.667525291442871	0.0	4.3355841636657715	0.0	0.0	0.0	0.0	4.541618347167969	0.0	3.710222005844116	0.0	0.0	0.0	0.0	0.0	0.0	0.0	0.0	0.0	0.0	0.0	0.0	0.0	0.0	0.0	0.0	6.450759410858154	5.332372665405273	4.471418380737305	5.229832649230957	5.4735846519470215	0.0	6.154504299163818	5.43958854675293	5.112250328063965	6.000415802001953	0.0	0.0	0.0	5.6722917556762695	0.0	0.0	0.0	0.0	0.0	5.195028305053711	0.0	0.0	0.0	5.171143054962158	0.0	0.0
4.547200679779053	0.0	0.0	6.380751132965088	6.788630962371826	0.0	7.123778820037842	0.0	0.0	0.0	0.0	0.0	4.832996368408203	0.0	4.518487930297852	0.0	0.0	0.0	0.0	4.701239585876465	0.0	3.877774715423584	0.0	0.0	0.0	0.0	0.0	0.0	0.0	0.0	0.0	0.0	0.0	0.0	0.0	0.0	0.0	0.0	6.664628505706787	5.511728286743164	4.6061248779296875	5.402844429016113	5.64784049987793	0.0	6.363937854766846	5.615885257720947	5.296054363250732	6.169337749481201	0.0	0.0	0.0	5.854254722595215	0.0	0.0	0.0	0.0	0.0	5.391130447387695	0.0	0.0	0.0	5.348510265350342	0.0	0.0
4.335353851318359	0.0	0.0	6.165470600128174	6.554662227630615	0.0	6.867270469665527	0.0	0.0	0.0	0.0	0.0	4.6360249519348145	0.0	4.304723262786865	0.0	0.0	0.0	0.0	4.515349388122559	0.0	3.674121618270874	0.0	0.0	0.0	0.0	0.0	0.0	0.0	0.0	0.0	0.0	0.0	0.0	0.0	0.0	0.0	0.0	6.408235549926758	5.292882919311523	4.442214488983154	5.190529823303223	5.4361958503723145	0.0	6.1104631423950195	5.412883758544922	5.071662425994873	5.963552951812744	0.0	0.0	0.0	5.628350257873535	0.0	0.0	0.0	0.0	0.0	5.154311656951904	0.0	0.0	0.0	5.128707408905029	0.0	0.0
4.22195291519165	0.0	0.0	6.021600723266602	6.403975963592529	0.0	6.703512668609619	0.0	0.0	0.0	0.0	0.0	4.515480995178223	0.0	4.194082736968994	0.0	0.0	0.0	0.0	4.393069744110107	0.0	3.5740346908569336	0.0	0.0	0.0	0.0	0.0	0.0	0.0	0.0	0.0	0.0	0.0	0.0	0.0	0.0	0.0	0.0	6.258119106292725	5.164962291717529	4.335683822631836	5.062283515930176	5.305174350738525	0.0	5.959245204925537	5.281671047210693	4.942965030670166	5.829855442047119	0.0	0.0	0.0	5.4977264404296875	0.0	0.0	0.0	0.0	0.0	5.031797409057617	0.0	0.0	0.0	5.006505489349365	0.0	0.0
4.325976371765137	0.0	0.0	6.166578769683838	6.543055057525635	0.0	6.861070156097412	0.0	0.0	0.0	0.0	0.0	4.62656307220459	0.0	4.297792911529541	0.0	0.0	0.0	0.0	4.517846584320068	0.0	3.668543815612793	0.0	0.0	0.0	0.0	0.0	0.0	0.0	0.0	0.0	0.0	0.0	0.0	0.0	0.0	0.0	0.0	6.411126136779785	5.286040782928467	4.44680118560791	5.191406726837158	5.437612533569336	0.0	6.1090779304504395	5.410315990447998	5.0738630294799805	5.95351505279541	0.0	0.0	0.0	5.634033679962158	0.0	0.0	0.0	0.0	0.0	5.154205322265625	0.0	0.0	0.0	5.1336669921875	0.0	0.0
4.3650712966918945	0.0	0.0	6.194657325744629	6.592885494232178	0.0	6.912107944488525	0.0	0.0	0.0	0.0	0.0	4.660738945007324	0.0	4.336474418640137	0.0	0.0	0.0	0.0	4.537050247192383	0.0	3.7060422897338867	0.0	0.0	0.0	0.0	0.0	0.0	0.0	0.0	0.0	0.0	0.0	0.0	0.0	0.0	0.0	0.0	6.440919876098633	5.326831817626953	4.468507766723633	5.226239204406738	5.464544773101807	0.0	6.153562545776367	5.4352288246154785	5.105215549468994	5.992648124694824	0.0	0.0	0.0	5.667872905731201	0.0	0.0	0.0	0.0	0.0	5.193490982055664	0.0	0.0	0.0	5.166006565093994	0.0	0.0
4.327675819396973	0.0	0.0	6.163119792938232	6.550899982452393	0.0	6.863426685333252	0.0	0.0	0.0	0.0	0.0	4.627690315246582	0.0	4.29850959777832	0.0	0.0	0.0	0.0	4.507412433624268	0.0	3.6683008670806885	0.0	0.0	0.0	0.0	0.0	0.0	0.0	0.0	0.0	0.0	0.0	0.0	0.0	0.0	0.0	0.0	6.404507637023926	5.287909030914307	4.440407752990723	5.187938213348389	5.432610034942627	0.0	6.10380220413208	5.4026384353637695	5.065164089202881	5.963632583618164	0.0	0.0	0.0	5.629823207855225	0.0	0.0	0.0	0.0	0.0	5.1501545906066895	0.0	0.0	0.0	5.130109786987305	0.0	0.0
4.683218955993652	0.0	0.0	6.550894737243652	6.957545280456543	0.0	7.313811302185059	0.0	0.0	0.0	0.0	0.0	4.979485988616943	0.0	4.649754524230957	0.0	0.0	0.0	0.0	4.847375869750977	0.0	3.9820334911346436	0.0	0.0	0.0	0.0	0.0	0.0	0.0	0.0	0.0	0.0	0.0	0.0	0.0	0.0	0.0	0.0	6.8452558517456055	5.6537675857543945	4.740025520324707	5.553325176239014	5.812880992889404	0.0	6.541924953460693	5.775498390197754	5.4513444900512695	6.332192897796631	0.0	0.0	0.0	6.013327598571777	0.0	0.0	0.0	0.0	0.0	5.527609825134277	0.0	0.0	0.0	5.504577159881592	0.0	0.0
4.258855819702148	0.0	0.0	6.069355487823486	6.455404758453369	0.0	6.762152194976807	0.0	0.0	0.0	0.0	0.0	4.554370403289795	0.0	4.233232498168945	0.0	0.0	0.0	0.0	4.434347629547119	0.0	3.6050150394439697	0.0	0.0	0.0	0.0	0.0	0.0	0.0	0.0	0.0	0.0	0.0	0.0	0.0	0.0	0.0	0.0	6.309191703796387	5.209105014801025	4.3686065673828125	5.106804847717285	5.349931716918945	0.0	6.015169143676758	5.324654579162598	4.990389347076416	5.875869274139404	0.0	0.0	0.0	5.5467209815979	0.0	0.0	0.0	0.0	0.0	5.075013160705566	0.0	0.0	0.0	5.049989700317383	0.0	0.0
4.282742023468018	0.0	0.0	6.0881123542785645	6.474477767944336	0.0	6.786199569702148	0.0	0.0	0.0	0.0	0.0	4.575707912445068	0.0	4.248518943786621	0.0	0.0	0.0	0.0	4.453939914703369	0.0	3.6199676990509033	0.0	0.0	0.0	0.0	0.0	0.0	0.0	0.0	0.0	0.0	0.0	0.0	0.0	0.0	0.0	0.0	6.332099437713623	5.227424144744873	4.388767719268799	5.1276469230651855	5.372647762298584	0.0	6.034814834594727	5.34583044052124	5.0095086097717285	5.89642333984375	0.0	0.0	0.0	5.566638469696045	0.0	0.0	0.0	0.0	0.0	5.095954418182373	0.0	0.0	0.0	5.072075843811035	0.0	0.0
4.2895121574401855	0.0	0.0	6.0860371589660645	6.475903511047363	0.0	6.791224479675293	0.0	0.0	0.0	0.0	0.0	4.584910869598389	0.0	4.2614593505859375	0.0	0.0	0.0	0.0	4.459881782531738	0.0	3.6358797550201416	0.0	0.0	0.0	0.0	0.0	0.0	0.0	0.0	0.0	0.0	0.0	0.0	0.0	0.0	0.0	0.0	6.339257717132568	5.234766483306885	4.395949840545654	5.139736652374268	5.385855674743652	0.0	6.0465803146362305	5.356593132019043	5.017615795135498	5.899145126342773	0.0	0.0	0.0	5.575329303741455	0.0	0.0	0.0	0.0	0.0	5.10364294052124	0.0	0.0	0.0	5.078926086425781	0.0	0.0
4.331300735473633	0.0	0.0	6.165131568908691	6.554464340209961	0.0	6.8664422035217285	0.0	0.0	0.0	0.0	0.0	4.632307052612305	0.0	4.302407264709473	0.0	0.0	0.0	0.0	4.508124828338623	0.0	3.6768124103546143	0.0	0.0	0.0	0.0	0.0	0.0	0.0	0.0	0.0	0.0	0.0	0.0	0.0	0.0	0.0	0.0	6.405065536499023	5.287837982177734	4.4361701011657715	5.186776638031006	5.426591873168945	0.0	6.108978748321533	5.4041829109191895	5.068406105041504	5.964084625244141	0.0	0.0	0.0	5.632553577423096	0.0	0.0	0.0	0.0	0.0	5.150203704833984	0.0	0.0	0.0	5.1262898445129395	0.0	0.0
4.255810260772705	0.0	0.0	6.062228202819824	6.446172714233398	0.0	6.753157138824463	0.0	0.0	0.0	0.0	0.0	4.550719738006592	0.0	4.226620674133301	0.0	0.0	0.0	0.0	4.42799186706543	0.0	3.5989344120025635	0.0	0.0	0.0	0.0	0.0	0.0	0.0	0.0	0.0	0.0	0.0	0.0	0.0	0.0	0.0	0.0	6.303345680236816	5.204720497131348	4.366217136383057	5.103092193603516	5.3436808586120605	0.0	6.005058288574219	5.319962978363037	4.9796037673950195	5.870943069458008	0.0	0.0	0.0	5.540139675140381	0.0	0.0	0.0	0.0	0.0	5.066047191619873	0.0	0.0	0.0	5.043237686157227	0.0	0.0
4.306394577026367	0.0	0.0	6.127788543701172	6.516261577606201	0.0	6.828128814697266	0.0	0.0	0.0	0.0	0.0	4.599953651428223	0.0	4.271113872528076	0.0	0.0	0.0	0.0	4.482608318328857	0.0	3.6438865661621094	0.0	0.0	0.0	0.0	0.0	0.0	0.0	0.0	0.0	0.0	0.0	0.0	0.0	0.0	0.0	0.0	6.3692450523376465	5.258735656738281	4.414097309112549	5.157071113586426	5.399824619293213	0.0	6.075302600860596	5.376479148864746	5.041388034820557	5.926918983459473	0.0	0.0	0.0	5.598453044891357	0.0	0.0	0.0	0.0	0.0	5.123128414154053	0.0	0.0	0.0	5.097630500793457	0.0	0.0
4.17842435836792	0.0	0.0	5.939988613128662	6.3235249519348145	0.0	6.622424125671387	0.0	0.0	0.0	0.0	0.0	4.4744873046875	0.0	4.15312385559082	0.0	0.0	0.0	0.0	4.346384048461914	0.0	3.532884120941162	0.0	0.0	0.0	0.0	0.0	0.0	0.0	0.0	0.0	0.0	0.0	0.0	0.0	0.0	0.0	0.0	6.190244674682617	5.1098833084106445	4.281064510345459	5.008687973022461	5.255766868591309	0.0	5.894854545593262	5.226789951324463	4.8847575187683105	5.757911682128906	0.0	0.0	0.0	5.441683769226074	0.0	0.0	0.0	0.0	0.0	4.974235534667969	0.0	0.0	0.0	4.955439567565918	0.0	0.0
4.273591995239258	0.0	0.0	6.091000080108643	6.475025177001953	0.0	6.785101890563965	0.0	0.0	0.0	0.0	0.0	4.5733442306518555	0.0	4.243067741394043	0.0	0.0	0.0	0.0	4.452516555786133	0.0	3.616929054260254	0.0	0.0	0.0	0.0	0.0	0.0	0.0	0.0	0.0	0.0	0.0	0.0	0.0	0.0	0.0	0.0	6.3296098709106445	5.223767280578613	4.386843204498291	5.12235164642334	5.367069721221924	0.0	6.035420894622803	5.341682434082031	5.00559139251709	5.891601085662842	0.0	0.0	0.0	5.566799640655518	0.0	0.0	0.0	0.0	0.0	5.091994762420654	0.0	0.0	0.0	5.06820011138916	0.0	0.0
4.235894680023193	0.0	0.0	6.039277076721191	6.420222282409668	0.0	6.723501682281494	0.0	0.0	0.0	0.0	0.0	4.5297346115112305	0.0	4.216002941131592	0.0	0.0	0.0	0.0	4.404487609863281	0.0	3.5894510746002197	0.0	0.0	0.0	0.0	0.0	0.0	0.0	0.0	0.0	0.0	0.0	0.0	0.0	0.0	0.0	0.0	6.271897315979004	5.187316417694092	4.337715148925781	5.083256721496582	5.320339679718018	0.0	5.972158432006836	5.296773910522461	4.955204963684082	5.8504204750061035	0.0	0.0	0.0	5.516289710998535	0.0	0.0	0.0	0.0	0.0	5.051103115081787	0.0	0.0	0.0	5.0234551429748535	0.0	0.0
4.375406265258789	0.0	0.0	6.224576950073242	6.615352630615234	0.0	6.924428939819336	0.0	0.0	0.0	0.0	0.0	4.6903076171875	0.0	4.343506813049316	0.0	0.0	0.0	0.0	4.556499481201172	0.0	3.707853078842163	0.0	0.0	0.0	0.0	0.0	0.0	0.0	0.0	0.0	0.0	0.0	0.0	0.0	0.0	0.0	0.0	6.465532302856445	5.340548515319824	4.4923601150512695	5.246994972229004	5.485835552215576	0.0	6.174691677093506	5.458006858825684	5.131678581237793	6.008276462554932	0.0	0.0	0.0	5.683648109436035	0.0	0.0	0.0	0.0	0.0	5.206439018249512	0.0	0.0	0.0	5.183082580566406	0.0	0.0
4.3169026374816895	0.0	0.0	6.116902828216553	6.5124969482421875	0.0	6.828739643096924	0.0	0.0	0.0	0.0	0.0	4.611459732055664	0.0	4.285886764526367	0.0	0.0	0.0	0.0	4.488548278808594	0.0	3.653881549835205	0.0	0.0	0.0	0.0	0.0	0.0	0.0	0.0	0.0	0.0	0.0	0.0	0.0	0.0	0.0	0.0	6.372920989990234	5.2656073570251465	4.416878700256348	5.167562484741211	5.413607120513916	0.0	6.081689357757568	5.388961315155029	5.049039363861084	5.929986953735352	0.0	0.0	0.0	5.609701633453369	0.0	0.0	0.0	0.0	0.0	5.133145332336426	0.0	0.0	0.0	5.110875129699707	0.0	0.0
4.344664096832275	0.0	0.0	6.170481204986572	6.557407379150391	0.0	6.8718767166137695	0.0	0.0	0.0	0.0	0.0	4.64149808883667	0.0	4.317203998565674	0.0	0.0	0.0	0.0	4.517498016357422	0.0	3.680075168609619	0.0	0.0	0.0	0.0	0.0	0.0	0.0	0.0	0.0	0.0	0.0	0.0	0.0	0.0	0.0	0.0	6.4157233238220215	5.298427104949951	4.448670864105225	5.19451904296875	5.446928024291992	0.0	6.118648529052734	5.422619819641113	5.085229396820068	5.960811138153076	0.0	0.0	0.0	5.6420698165893555	0.0	0.0	0.0	0.0	0.0	5.169044017791748	0.0	0.0	0.0	5.138935089111328	0.0	0.0
4.3595871925354	0.0	0.0	6.166200160980225	6.558444499969482	0.0	6.8767619132995605	0.0	0.0	0.0	0.0	0.0	4.65220308303833	0.0	4.330989837646484	0.0	0.0	0.0	0.0	4.5220046043396	0.0	3.691283702850342	0.0	0.0	0.0	0.0	0.0	0.0	0.0	0.0	0.0	0.0	0.0	0.0	0.0	0.0	0.0	0.0	6.428106307983398	5.3127336502075195	4.4483771324157715	5.208284378051758	5.457203388214111	0.0	6.127519607543945	5.430712699890137	5.0887041091918945	5.974538803100586	0.0	0.0	0.0	5.654305458068848	0.0	0.0	0.0	0.0	0.0	5.17859411239624	0.0	0.0	0.0	5.154510021209717	0.0	0.0
4.392447471618652	0.0	0.0	6.241135597229004	6.637788772583008	0.0	6.954397201538086	0.0	0.0	0.0	0.0	0.0	4.69509220123291	0.0	4.364471435546875	0.0	0.0	0.0	0.0	4.562407493591309	0.0	3.734062433242798	0.0	0.0	0.0	0.0	0.0	0.0	0.0	0.0	0.0	0.0	0.0	0.0	0.0	0.0	0.0	0.0	6.479866027832031	5.3603315353393555	4.497593879699707	5.253381252288818	5.491241931915283	0.0	6.191431045532227	5.468951225280762	5.137257099151611	6.027861595153809	0.0	0.0	0.0	5.6959967613220215	0.0	0.0	0.0	0.0	0.0	5.2220258712768555	0.0	0.0	0.0	5.193892478942871	0.0	0.0
4.276787281036377	0.0	0.0	6.082334995269775	6.469196796417236	0.0	6.779590129852295	0.0	0.0	0.0	0.0	0.0	4.570687294006348	0.0	4.2417473793029785	0.0	0.0	0.0	0.0	4.450270175933838	0.0	3.6194193363189697	0.0	0.0	0.0	0.0	0.0	0.0	0.0	0.0	0.0	0.0	0.0	0.0	0.0	0.0	0.0	0.0	6.326620578765869	5.222157955169678	4.383056640625	5.123433589935303	5.366844654083252	0.0	6.0310959815979	5.343770980834961	5.003414154052734	5.8914971351623535	0.0	0.0	0.0	5.5620903968811035	0.0	0.0	0.0	0.0	0.0	5.088315010070801	0.0	0.0	0.0	5.069888114929199	0.0	0.0
4.368481159210205	0.0	0.0	6.19474983215332	6.597246170043945	0.0	6.9090800285339355	0.0	0.0	0.0	0.0	0.0	4.665146827697754	0.0	4.339739799499512	0.0	0.0	0.0	0.0	4.542248249053955	0.0	3.703125476837158	0.0	0.0	0.0	0.0	0.0	0.0	0.0	0.0	0.0	0.0	0.0	0.0	0.0	0.0	0.0	0.0	6.454050064086914	5.327978134155273	4.474472999572754	5.2182087898254395	5.468860149383545	0.0	6.155231952667236	5.446115970611572	5.1110968589782715	5.990367412567139	0.0	0.0	0.0	5.673892021179199	0.0	0.0	0.0	0.0	0.0	5.19336462020874	0.0	0.0	0.0	5.16739559173584	0.0	0.0
4.303295612335205	0.0	0.0	6.116973876953125	6.507720947265625	0.0	6.818784713745117	0.0	0.0	0.0	0.0	0.0	4.600240707397461	0.0	4.2773661613464355	0.0	0.0	0.0	0.0	4.478033542633057	0.0	3.6427342891693115	0.0	0.0	0.0	0.0	0.0	0.0	0.0	0.0	0.0	0.0	0.0	0.0	0.0	0.0	0.0	0.0	6.364387512207031	5.2541303634643555	4.410804748535156	5.153042793273926	5.395744323730469	0.0	6.0685811042785645	5.376213550567627	5.032505512237549	5.924615859985352	0.0	0.0	0.0	5.593705654144287	0.0	0.0	0.0	0.0	0.0	5.1222453117370605	0.0	0.0	0.0	5.094696044921875	0.0	0.0
4.404695510864258	0.0	0.0	6.232471466064453	6.629563808441162	0.0	6.948639392852783	0.0	0.0	0.0	0.0	0.0	4.694766998291016	0.0	4.37498140335083	0.0	0.0	0.0	0.0	4.575236797332764	0.0	3.7338156700134277	0.0	0.0	0.0	0.0	0.0	0.0	0.0	0.0	0.0	0.0	0.0	0.0	0.0	0.0	0.0	0.0	6.493539333343506	5.361861228942871	4.499442100524902	5.255768299102783	5.513271808624268	0.0	6.193877220153809	5.478255748748779	5.144514560699463	6.026644229888916	0.0	0.0	0.0	5.706389427185059	0.0	0.0	0.0	0.0	0.0	5.23196268081665	0.0	0.0	0.0	5.206612586975098	0.0	0.0
4.303215980529785	0.0	0.0	6.122402667999268	6.510457515716553	0.0	6.822639465332031	0.0	0.0	0.0	0.0	0.0	4.599652290344238	0.0	4.273462295532227	0.0	0.0	0.0	0.0	4.4789958000183105	0.0	3.6428170204162598	0.0	0.0	0.0	0.0	0.0	0.0	0.0	0.0	0.0	0.0	0.0	0.0	0.0	0.0	0.0	0.0	6.365208625793457	5.259128093719482	4.411107540130615	5.15736198425293	5.401440143585205	0.0	6.066425323486328	5.376468658447266	5.034619331359863	5.92445182800293	0.0	0.0	0.0	5.594764232635498	0.0	0.0	0.0	0.0	0.0	5.1237874031066895	0.0	0.0	0.0	5.101179122924805	0.0	0.0
4.276348114013672	0.0	0.0	6.093517303466797	6.480322360992432	0.0	6.787508964538574	0.0	0.0	0.0	0.0	0.0	4.575655460357666	0.0	4.247387409210205	0.0	0.0	0.0	0.0	4.451009750366211	0.0	3.6233251094818115	0.0	0.0	0.0	0.0	0.0	0.0	0.0	0.0	0.0	0.0	0.0	0.0	0.0	0.0	0.0	0.0	6.332880020141602	5.227053642272949	4.390265464782715	5.12913703918457	5.369647026062012	0.0	6.036035060882568	5.3443732261657715	5.010369777679443	5.8956427574157715	0.0	0.0	0.0	5.566739559173584	0.0	0.0	0.0	0.0	0.0	5.094237327575684	0.0	0.0	0.0	5.06634521484375	0.0	0.0
4.308211803436279	0.0	0.0	6.128809452056885	6.511987686157227	0.0	6.824238300323486	0.0	0.0	0.0	0.0	0.0	4.603517055511475	0.0	4.280396938323975	0.0	0.0	0.0	0.0	4.479804515838623	0.0	3.6506245136260986	0.0	0.0	0.0	0.0	0.0	0.0	0.0	0.0	0.0	0.0	0.0	0.0	0.0	0.0	0.0	0.0	6.367148399353027	5.257717132568359	4.415196895599365	5.156763076782227	5.402143955230713	0.0	6.071878433227539	5.373477458953857	5.041810035705566	5.929060935974121	0.0	0.0	0.0	5.598034858703613	0.0	0.0	0.0	0.0	0.0	5.1252665519714355	0.0	0.0	0.0	5.1002044677734375	0.0	0.0
4.177877902984619	0.0	0.0	5.966401100158691	6.3459343910217285	0.0	6.642213821411133	0.0	0.0	0.0	0.0	0.0	4.476644515991211	0.0	4.147665977478027	0.0	0.0	0.0	0.0	4.36152458190918	0.0	3.5389442443847656	0.0	0.0	0.0	0.0	0.0	0.0	0.0	0.0	0.0	0.0	0.0	0.0	0.0	0.0	0.0	0.0	6.19767427444458	5.114240646362305	4.305225372314453	5.017801284790039	5.256409168243408	0.0	5.913644313812256	5.234355926513672	4.8994669914245605	5.7749505043029785	0.0	0.0	0.0	5.447336196899414	0.0	0.0	0.0	0.0	0.0	4.983853816986084	0.0	0.0	0.0	4.961347579956055	0.0	0.0
4.314236640930176	0.0	0.0	6.126763820648193	6.513797760009766	0.0	6.826056957244873	0.0	0.0	0.0	0.0	0.0	4.605313777923584	0.0	4.281479835510254	0.0	0.0	0.0	0.0	4.4849700927734375	0.0	3.648923397064209	0.0	0.0	0.0	0.0	0.0	0.0	0.0	0.0	0.0	0.0	0.0	0.0	0.0	0.0	0.0	0.0	6.373581886291504	5.262727737426758	4.413878917694092	5.161217212677002	5.407011985778809	0.0	6.075174331665039	5.381155967712402	5.0462565422058105	5.9316277503967285	0.0	0.0	0.0	5.6075944900512695	0.0	0.0	0.0	0.0	0.0	5.130943775177002	0.0	0.0	0.0	5.103865146636963	0.0	0.0
4.328658103942871	0.0	0.0	6.159638404846191	6.548442840576172	0.0	6.860424995422363	0.0	0.0	0.0	0.0	0.0	4.627837181091309	0.0	4.297423362731934	0.0	0.0	0.0	0.0	4.5097975730896	0.0	3.6683356761932373	0.0	0.0	0.0	0.0	0.0	0.0	0.0	0.0	0.0	0.0	0.0	0.0	0.0	0.0	0.0	0.0	6.402402877807617	5.288309097290039	4.438798904418945	5.181166172027588	5.42982816696167	0.0	6.100739002227783	5.407163619995117	5.067824363708496	5.957846164703369	0.0	0.0	0.0	5.630171298980713	0.0	0.0	0.0	0.0	0.0	5.151987552642822	0.0	0.0	0.0	5.12617826461792	0.0	0.0
4.2998881340026855	0.0	0.0	6.121815204620361	6.500062465667725	0.0	6.803567409515381	0.0	0.0	0.0	0.0	0.0	4.5954909324646	0.0	4.283002853393555	0.0	0.0	0.0	0.0	4.462169647216797	0.0	3.6504437923431396	0.0	0.0	0.0	0.0	0.0	0.0	0.0	0.0	0.0	0.0	0.0	0.0	0.0	0.0	0.0	0.0	6.350936412811279	5.261805534362793	4.390901565551758	5.155209541320801	5.393937587738037	0.0	6.046867847442627	5.360060691833496	5.017173767089844	5.926335334777832	0.0	0.0	0.0	5.589592933654785	0.0	0.0	0.0	0.0	0.0	5.122864723205566	0.0	0.0	0.0	5.099070072174072	0.0	0.0
4.314799785614014	0.0	0.0	6.142967224121094	6.535155773162842	0.0	6.842015743255615	0.0	0.0	0.0	0.0	0.0	4.613591194152832	0.0	4.288318634033203	0.0	0.0	0.0	0.0	4.495385646820068	0.0	3.6613168716430664	0.0	0.0	0.0	0.0	0.0	0.0	0.0	0.0	0.0	0.0	0.0	0.0	0.0	0.0	0.0	0.0	6.381002902984619	5.270357608795166	4.42535400390625	5.170100212097168	5.418588638305664	0.0	6.087818622589111	5.391031265258789	5.052297592163086	5.9441070556640625	0.0	0.0	0.0	5.614943981170654	0.0	0.0	0.0	0.0	0.0	5.144225597381592	0.0	0.0	0.0	5.1135663986206055	0.0	0.0
4.2242279052734375	0.0	0.0	6.02515983581543	6.408336639404297	0.0	6.71240234375	0.0	0.0	0.0	0.0	0.0	4.5203657150268555	0.0	4.194867134094238	0.0	0.0	0.0	0.0	4.398161888122559	0.0	3.573683500289917	0.0	0.0	0.0	0.0	0.0	0.0	0.0	0.0	0.0	0.0	0.0	0.0	0.0	0.0	0.0	0.0	6.261112213134766	5.166110515594482	4.33998966217041	5.066164016723633	5.312552452087402	0.0	5.96865177154541	5.28631067276001	4.9487080574035645	5.830731391906738	0.0	0.0	0.0	5.507394313812256	0.0	0.0	0.0	0.0	0.0	5.033807754516602	0.0	0.0	0.0	5.011396408081055	0.0	0.0
4.423557281494141	0.0	0.0	6.272552967071533	6.678237438201904	0.0	6.994058609008789	0.0	0.0	0.0	0.0	0.0	4.733213424682617	0.0	4.40305757522583	0.0	0.0	0.0	0.0	4.622117519378662	0.0	3.75703763961792	0.0	0.0	0.0	0.0	0.0	0.0	0.0	0.0	0.0	0.0	0.0	0.0	0.0	0.0	0.0	0.0	6.546517848968506	5.395941734313965	4.5271172523498535	5.290645122528076	5.543801307678223	0.0	6.238025188446045	5.5321455001831055	5.181832790374756	6.070070266723633	0.0	0.0	0.0	5.753603458404541	0.0	0.0	0.0	0.0	0.0	5.261138439178467	0.0	0.0	0.0	5.23702335357666	0.0	0.0
4.404459476470947	0.0	0.0	6.229040145874023	6.620513439178467	0.0	6.948999404907227	0.0	0.0	0.0	0.0	0.0	4.6925272941589355	0.0	4.373905658721924	0.0	0.0	0.0	0.0	4.570295333862305	0.0	3.738172769546509	0.0	0.0	0.0	0.0	0.0	0.0	0.0	0.0	0.0	0.0	0.0	0.0	0.0	0.0	0.0	0.0	6.487903118133545	5.360324859619141	4.48668909072876	5.2532854080200195	5.50020170211792	0.0	6.191094875335693	5.475915908813477	5.1445631980896	6.025177955627441	0.0	0.0	0.0	5.702630519866943	0.0	0.0	0.0	0.0	0.0	5.235546588897705	0.0	0.0	0.0	5.200275421142578	0.0	0.0
4.277346134185791	0.0	0.0	6.096351146697998	6.481266021728516	0.0	6.786468505859375	0.0	0.0	0.0	0.0	0.0	4.572118282318115	0.0	4.250277996063232	0.0	0.0	0.0	0.0	4.452164649963379	0.0	3.6185011863708496	0.0	0.0	0.0	0.0	0.0	0.0	0.0	0.0	0.0	0.0	0.0	0.0	0.0	0.0	0.0	0.0	6.334436893463135	5.226934432983398	4.386002063751221	5.126434326171875	5.373700141906738	0.0	6.036501884460449	5.3477959632873535	5.0076823234558105	5.894289970397949	0.0	0.0	0.0	5.568081378936768	0.0	0.0	0.0	0.0	0.0	5.096421718597412	0.0	0.0	0.0	5.06998348236084	0.0	0.0
4.313348293304443	0.0	0.0	6.1328325271606445	6.521889686584473	0.0	6.83095645904541	0.0	0.0	0.0	0.0	0.0	4.605592727661133	0.0	4.28340482711792	0.0	0.0	0.0	0.0	4.488561153411865	0.0	3.6500470638275146	0.0	0.0	0.0	0.0	0.0	0.0	0.0	0.0	0.0	0.0	0.0	0.0	0.0	0.0	0.0	0.0	6.37768030166626	5.264636516571045	4.42556095123291	5.159651756286621	5.412127494812012	0.0	6.0757646560668945	5.386587619781494	5.0478129386901855	5.93226432800293	0.0	0.0	0.0	5.60231351852417	0.0	0.0	0.0	0.0	0.0	5.133131504058838	0.0	0.0	0.0	5.109041213989258	0.0	0.0
4.641693115234375	0.0	0.0	6.47727108001709	6.890022277832031	0.0	7.2362847328186035	0.0	0.0	0.0	0.0	0.0	4.9384613037109375	0.0	4.630397796630859	0.0	0.0	0.0	0.0	4.7970662117004395	0.0	3.9640684127807617	0.0	0.0	0.0	0.0	0.0	0.0	0.0	0.0	0.0	0.0	0.0	0.0	0.0	0.0	0.0	0.0	6.771700382232666	5.6189351081848145	4.684409141540527	5.522807598114014	5.7599873542785645	0.0	6.472238540649414	5.723741054534912	5.391231536865234	6.26833438873291	0.0	0.0	0.0	5.965143203735352	0.0	0.0	0.0	0.0	0.0	5.5022478103637695	0.0	0.0	0.0	5.45974063873291	0.0	0.0
4.314658164978027	0.0	0.0	6.140968322753906	6.530094146728516	0.0	6.8388261795043945	0.0	0.0	0.0	0.0	0.0	4.616400718688965	0.0	4.284497261047363	0.0	0.0	0.0	0.0	4.495156764984131	0.0	3.657810926437378	0.0	0.0	0.0	0.0	0.0	0.0	0.0	0.0	0.0	0.0	0.0	0.0	0.0	0.0	0.0	0.0	6.381166934967041	5.271097660064697	4.423966407775879	5.167898654937744	5.415942668914795	0.0	6.086243629455566	5.391432762145996	5.054306983947754	5.938290119171143	0.0	0.0	0.0	5.610485553741455	0.0	0.0	0.0	0.0	0.0	5.136748313903809	0.0	0.0	0.0	5.113343715667725	0.0	0.0
4.353488445281982	0.0	0.0	6.193964004516602	6.580721855163574	0.0	6.891936302185059	0.0	0.0	0.0	0.0	0.0	4.649125099182129	0.0	4.322494029998779	0.0	0.0	0.0	0.0	4.531575679779053	0.0	3.690580129623413	0.0	0.0	0.0	0.0	0.0	0.0	0.0	0.0	0.0	0.0	0.0	0.0	0.0	0.0	0.0	0.0	6.428952217102051	5.315365791320801	4.458906650543213	5.21034049987793	5.455740928649902	0.0	6.133248805999756	5.43269157409668	5.09295129776001	5.988387107849121	0.0	0.0	0.0	5.657708168029785	0.0	0.0	0.0	0.0	0.0	5.17719030380249	0.0	0.0	0.0	5.154555320739746	0.0	0.0
4.338196754455566	0.0	0.0	6.168011665344238	6.552585601806641	0.0	6.865248680114746	0.0	0.0	0.0	0.0	0.0	4.6296281814575195	0.0	4.306913375854492	0.0	0.0	0.0	0.0	4.522320747375488	0.0	3.6731622219085693	0.0	0.0	0.0	0.0	0.0	0.0	0.0	0.0	0.0	0.0	0.0	0.0	0.0	0.0	0.0	0.0	6.405916213989258	5.28772497177124	4.442602157592773	5.188052654266357	5.442808151245117	0.0	6.114223957061768	5.419956684112549	5.079672336578369	5.956459045410156	0.0	0.0	0.0	5.635293006896973	0.0	0.0	0.0	0.0	0.0	5.163763523101807	0.0	0.0	0.0	5.133820533752441	0.0	0.0
4.231489658355713	0.0	0.0	6.035572528839111	6.419201850891113	0.0	6.718080997467041	0.0	0.0	0.0	0.0	0.0	4.523271560668945	0.0	4.201330184936523	0.0	0.0	0.0	0.0	4.404642581939697	0.0	3.5801756381988525	0.0	0.0	0.0	0.0	0.0	0.0	0.0	0.0	0.0	0.0	0.0	0.0	0.0	0.0	0.0	0.0	6.270162105560303	5.176510334014893	4.341319561004639	5.073129653930664	5.316407680511475	0.0	5.975785255432129	5.290737628936768	4.954862594604492	5.840970516204834	0.0	0.0	0.0	5.513209342956543	0.0	0.0	0.0	0.0	0.0	5.040431022644043	0.0	0.0	0.0	5.015413761138916	0.0	0.0
4.239298343658447	0.0	0.0	6.044036865234375	6.426422595977783	0.0	6.734722137451172	0.0	0.0	0.0	0.0	0.0	4.530367851257324	0.0	4.208415508270264	0.0	0.0	0.0	0.0	4.411475658416748	0.0	3.584778070449829	0.0	0.0	0.0	0.0	0.0	0.0	0.0	0.0	0.0	0.0	0.0	0.0	0.0	0.0	0.0	0.0	6.280107498168945	5.183635711669922	4.3531270027160645	5.0818071365356445	5.3191657066345215	0.0	5.986130714416504	5.295217037200928	4.962191104888916	5.850378513336182	0.0	0.0	0.0	5.518189430236816	0.0	0.0	0.0	0.0	0.0	5.047701358795166	0.0	0.0	0.0	5.022517681121826	0.0	0.0
4.206787586212158	0.0	0.0	6.006597995758057	6.386028289794922	0.0	6.683718204498291	0.0	0.0	0.0	0.0	0.0	4.49854850769043	0.0	4.178431034088135	0.0	0.0	0.0	0.0	4.37819766998291	0.0	3.5584752559661865	0.0	0.0	0.0	0.0	0.0	0.0	0.0	0.0	0.0	0.0	0.0	0.0	0.0	0.0	0.0	0.0	6.2350754737854	5.14835786819458	4.321169853210449	5.0450568199157715	5.287374496459961	0.0	5.9395294189453125	5.262120723724365	4.927721977233887	5.810423374176025	0.0	0.0	0.0	5.483057975769043	0.0	0.0	0.0	0.0	0.0	5.013943672180176	0.0	0.0	0.0	4.9911322593688965	0.0	0.0
4.383797645568848	0.0	0.0	6.217241287231445	6.609537124633789	0.0	6.925340175628662	0.0	0.0	0.0	0.0	0.0	4.674988746643066	0.0	4.352773189544678	0.0	0.0	0.0	0.0	4.557438373565674	0.0	3.7114439010620117	0.0	0.0	0.0	0.0	0.0	0.0	0.0	0.0	0.0	0.0	0.0	0.0	0.0	0.0	0.0	0.0	6.464052200317383	5.339134216308594	4.473620891571045	5.2334747314453125	5.486510276794434	0.0	6.164410591125488	5.457906246185303	5.119323253631592	6.009812355041504	0.0	0.0	0.0	5.690309047698975	0.0	0.0	0.0	0.0	0.0	5.209090709686279	0.0	0.0	0.0	5.185372352600098	0.0	0.0
4.314362049102783	0.0	0.0	6.142541408538818	6.525412559509277	0.0	6.83773946762085	0.0	0.0	0.0	0.0	0.0	4.609766960144043	0.0	4.28762149810791	0.0	0.0	0.0	0.0	4.486143589019775	0.0	3.66107177734375	0.0	0.0	0.0	0.0	0.0	0.0	0.0	0.0	0.0	0.0	0.0	0.0	0.0	0.0	0.0	0.0	6.382934093475342	5.270883560180664	4.420597076416016	5.167175769805908	5.414336204528809	0.0	6.0810546875	5.387961387634277	5.047460556030273	5.936008453369141	0.0	0.0	0.0	5.608497619628906	0.0	0.0	0.0	0.0	0.0	5.13613224029541	0.0	0.0	0.0	5.10988712310791	0.0	0.0
4.209536552429199	0.0	0.0	6.006405353546143	6.384340763092041	0.0	6.686440944671631	0.0	0.0	0.0	0.0	0.0	4.499452590942383	0.0	4.1801910400390625	0.0	0.0	0.0	0.0	4.377615451812744	0.0	3.5607330799102783	0.0	0.0	0.0	0.0	0.0	0.0	0.0	0.0	0.0	0.0	0.0	0.0	0.0	0.0	0.0	0.0	6.239149570465088	5.149029731750488	4.3198161125183105	5.047431468963623	5.287539005279541	0.0	5.942194938659668	5.261916160583496	4.9287638664245605	5.81303071975708	0.0	0.0	0.0	5.483033180236816	0.0	0.0	0.0	0.0	0.0	5.015256404876709	0.0	0.0	0.0	4.990889549255371	0.0	0.0
4.264754772186279	0.0	0.0	6.068953037261963	6.454963684082031	0.0	6.7613935470581055	0.0	0.0	0.0	0.0	0.0	4.559605598449707	0.0	4.2344560623168945	0.0	0.0	0.0	0.0	4.438244342803955	0.0	3.608917713165283	0.0	0.0	0.0	0.0	0.0	0.0	0.0	0.0	0.0	0.0	0.0	0.0	0.0	0.0	0.0	0.0	6.311399459838867	5.212679386138916	4.372480392456055	5.112820625305176	5.35500431060791	0.0	6.017078876495361	5.329277038574219	4.98883581161499	5.879032135009766	0.0	0.0	0.0	5.551547050476074	0.0	0.0	0.0	0.0	0.0	5.079821586608887	0.0	0.0	0.0	5.052250862121582	0.0	0.0
4.30769157409668	0.0	0.0	6.132540225982666	6.521389961242676	0.0	6.834280014038086	0.0	0.0	0.0	0.0	0.0	4.608609199523926	0.0	4.2835798263549805	0.0	0.0	0.0	0.0	4.484778881072998	0.0	3.6547582149505615	0.0	0.0	0.0	0.0	0.0	0.0	0.0	0.0	0.0	0.0	0.0	0.0	0.0	0.0	0.0	0.0	6.373341083526611	5.266443729400635	4.419273376464844	5.160019874572754	5.4073991775512695	0.0	6.076719284057617	5.379732608795166	5.046201705932617	5.934178352355957	0.0	0.0	0.0	5.6002068519592285	0.0	0.0	0.0	0.0	0.0	5.134059906005859	0.0	0.0	0.0	5.103662967681885	0.0	0.0
4.280577182769775	0.0	0.0	6.096796989440918	6.484817028045654	0.0	6.7901811599731445	0.0	0.0	0.0	0.0	0.0	4.578847408294678	0.0	4.254734516143799	0.0	0.0	0.0	0.0	4.455944061279297	0.0	3.6330299377441406	0.0	0.0	0.0	0.0	0.0	0.0	0.0	0.0	0.0	0.0	0.0	0.0	0.0	0.0	0.0	0.0	6.335186958312988	5.232159614562988	4.392252445220947	5.134349346160889	5.375214099884033	0.0	6.042067527770996	5.350168228149414	5.0149431228637695	5.900170803070068	0.0	0.0	0.0	5.5722126960754395	0.0	0.0	0.0	0.0	0.0	5.100017070770264	0.0	0.0	0.0	5.074094295501709	0.0	0.0
4.323180675506592	0.0	0.0	6.151419162750244	6.545247554779053	0.0	6.853291988372803	0.0	0.0	0.0	0.0	0.0	4.620440483093262	0.0	4.293587684631348	0.0	0.0	0.0	0.0	4.500011920928955	0.0	3.661421775817871	0.0	0.0	0.0	0.0	0.0	0.0	0.0	0.0	0.0	0.0	0.0	0.0	0.0	0.0	0.0	0.0	6.390312671661377	5.278651714324951	4.431347370147705	5.17643404006958	5.424074649810791	0.0	6.099155902862549	5.399692535400391	5.060773849487305	5.946751117706299	0.0	0.0	0.0	5.6230854988098145	0.0	0.0	0.0	0.0	0.0	5.1451005935668945	0.0	0.0	0.0	5.121894359588623	0.0	0.0
4.212098121643066	0.0	0.0	6.014649391174316	6.39132833480835	0.0	6.692543983459473	0.0	0.0	0.0	0.0	0.0	4.506287097930908	0.0	4.185100078582764	0.0	0.0	0.0	0.0	4.385300636291504	0.0	3.5628085136413574	0.0	0.0	0.0	0.0	0.0	0.0	0.0	0.0	0.0	0.0	0.0	0.0	0.0	0.0	0.0	0.0	6.246081829071045	5.1558966636657715	4.326115608215332	5.053839683532715	5.296932697296143	0.0	5.9502668380737305	5.2713847160339355	4.934743404388428	5.819057464599609	0.0	0.0	0.0	5.487947463989258	0.0	0.0	0.0	0.0	0.0	5.021322250366211	0.0	0.0	0.0	4.998037338256836	0.0	0.0
4.576765537261963	0.0	0.0	6.445568084716797	6.822795867919922	0.0	7.150897026062012	0.0	0.0	0.0	0.0	0.0	4.879485130310059	0.0	4.595912933349609	0.0	0.0	0.0	0.0	4.727142333984375	0.0	3.921312093734741	0.0	0.0	0.0	0.0	0.0	0.0	0.0	0.0	0.0	0.0	0.0	0.0	0.0	0.0	0.0	0.0	6.701272487640381	5.585923194885254	4.607428073883057	5.48533821105957	5.698002815246582	0.0	6.365475654602051	5.646803855895996	5.303928375244141	6.2446160316467285	0.0	0.0	0.0	5.903473377227783	0.0	0.0	0.0	0.0	0.0	5.450085639953613	0.0	0.0	0.0	5.409593105316162	0.0	0.0
4.220130443572998	0.0	0.0	6.025549411773682	6.399328231811523	0.0	6.704837799072266	0.0	0.0	0.0	0.0	0.0	4.514991283416748	0.0	4.1894755363464355	0.0	0.0	0.0	0.0	4.393197059631348	0.0	3.5720531940460205	0.0	0.0	0.0	0.0	0.0	0.0	0.0	0.0	0.0	0.0	0.0	0.0	0.0	0.0	0.0	0.0	6.254359245300293	5.16331672668457	4.337335586547852	5.064688205718994	5.302793979644775	0.0	5.9608283042907715	5.280235767364502	4.941253185272217	5.8302459716796875	0.0	0.0	0.0	5.498107433319092	0.0	0.0	0.0	0.0	0.0	5.028643608093262	0.0	0.0	0.0	5.003482818603516	0.0	0.0
4.2874884605407715	0.0	0.0	6.100943088531494	6.490538120269775	0.0	6.799474716186523	0.0	0.0	0.0	0.0	0.0	4.582496166229248	0.0	4.262829780578613	0.0	0.0	0.0	0.0	4.463273048400879	0.0	3.632634401321411	0.0	0.0	0.0	0.0	0.0	0.0	0.0	0.0	0.0	0.0	0.0	0.0	0.0	0.0	0.0	0.0	6.342270374298096	5.237521648406982	4.396074295043945	5.133620738983154	5.380215644836426	0.0	6.04930305480957	5.354043006896973	5.020312786102295	5.898312091827393	0.0	0.0	0.0	5.576042652130127	0.0	0.0	0.0	0.0	0.0	5.1099019050598145	0.0	0.0	0.0	5.078795433044434	0.0	0.0
4.320800304412842	0.0	0.0	6.1347126960754395	6.52934455871582	0.0	6.840962886810303	0.0	0.0	0.0	0.0	0.0	4.6192545890808105	0.0	4.288822650909424	0.0	0.0	0.0	0.0	4.4918599128723145	0.0	3.6598947048187256	0.0	0.0	0.0	0.0	0.0	0.0	0.0	0.0	0.0	0.0	0.0	0.0	0.0	0.0	0.0	0.0	6.384378433227539	5.275319576263428	4.423758506774902	5.173536777496338	5.417488098144531	0.0	6.090587615966797	5.392345428466797	5.055607318878174	5.936081409454346	0.0	0.0	0.0	5.611551761627197	0.0	0.0	0.0	0.0	0.0	5.140800952911377	0.0	0.0	0.0	5.118258476257324	0.0	0.0
4.337543487548828	0.0	0.0	6.17190408706665	6.545900344848633	0.0	6.860288619995117	0.0	0.0	0.0	0.0	0.0	4.639313697814941	0.0	4.3327178955078125	0.0	0.0	0.0	0.0	4.507711410522461	0.0	3.6869826316833496	0.0	0.0	0.0	0.0	0.0	0.0	0.0	0.0	0.0	0.0	0.0	0.0	0.0	0.0	0.0	0.0	6.40646505355835	5.311498165130615	4.423621654510498	5.206413745880127	5.439029693603516	0.0	6.098294734954834	5.401524543762207	5.065950870513916	5.977720737457275	0.0	0.0	0.0	5.641190528869629	0.0	0.0	0.0	0.0	0.0	5.176020622253418	0.0	0.0	0.0	5.145462989807129	0.0	0.0
4.3038716316223145	0.0	0.0	6.135437488555908	6.525232315063477	0.0	6.8265509605407715	0.0	0.0	0.0	0.0	0.0	4.603572845458984	0.0	4.271939754486084	0.0	0.0	0.0	0.0	4.486733436584473	0.0	3.643134355545044	0.0	0.0	0.0	0.0	0.0	0.0	0.0	0.0	0.0	0.0	0.0	0.0	0.0	0.0	0.0	0.0	6.3689422607421875	5.262074947357178	4.417873859405518	5.154109954833984	5.407238483428955	0.0	6.070654392242432	5.377589702606201	5.0445451736450195	5.92765474319458	0.0	0.0	0.0	5.599656105041504	0.0	0.0	0.0	0.0	0.0	5.126893043518066	0.0	0.0	0.0	5.098272323608398	0.0	0.0
4.5186285972595215	0.0	0.0	6.374113082885742	6.778249740600586	0.0	7.106626033782959	0.0	0.0	0.0	0.0	0.0	4.822226047515869	0.0	4.486180305480957	0.0	0.0	0.0	0.0	4.68526554107666	0.0	3.8548660278320312	0.0	0.0	0.0	0.0	0.0	0.0	0.0	0.0	0.0	0.0	0.0	0.0	0.0	0.0	0.0	0.0	6.628762245178223	5.48717737197876	4.595272064208984	5.388486385345459	5.626287937164307	0.0	6.344419956207275	5.597668647766113	5.276298522949219	6.161441326141357	0.0	0.0	0.0	5.839404106140137	0.0	0.0	0.0	0.0	0.0	5.356484413146973	0.0	0.0	0.0	5.32064151763916	0.0	0.0
4.182109832763672	0.0	0.0	5.977722644805908	6.355020523071289	0.0	6.653787136077881	0.0	0.0	0.0	0.0	0.0	4.472445011138916	0.0	4.155636310577393	0.0	0.0	0.0	0.0	4.357664585113525	0.0	3.539324998855591	0.0	0.0	0.0	0.0	0.0	0.0	0.0	0.0	0.0	0.0	0.0	0.0	0.0	0.0	0.0	0.0	6.205965518951416	5.12428617477417	4.299093723297119	5.0212507247924805	5.261212348937988	0.0	5.910531520843506	5.237428665161133	4.898184776306152	5.784877300262451	0.0	0.0	0.0	5.454307556152344	0.0	0.0	0.0	0.0	0.0	4.983761787414551	0.0	0.0	0.0	4.965724468231201	0.0	0.0
4.28581428527832	0.0	0.0	6.10597038269043	6.493821620941162	0.0	6.8013176918029785	0.0	0.0	0.0	0.0	0.0	4.586117267608643	0.0	4.25801420211792	0.0	0.0	0.0	0.0	4.462682723999023	0.0	3.6334006786346436	0.0	0.0	0.0	0.0	0.0	0.0	0.0	0.0	0.0	0.0	0.0	0.0	0.0	0.0	0.0	0.0	6.3427910804748535	5.240986347198486	4.3950018882751465	5.139332294464111	5.380658149719238	0.0	6.048540115356445	5.357800483703613	5.019387722015381	5.909036159515381	0.0	0.0	0.0	5.580694198608398	0.0	0.0	0.0	0.0	0.0	5.10467529296875	0.0	0.0	0.0	5.076601028442383	0.0	0.0
4.290323734283447	0.0	0.0	6.108813762664795	6.490991115570068	0.0	6.799049377441406	0.0	0.0	0.0	0.0	0.0	4.583668231964111	0.0	4.2546467781066895	0.0	0.0	0.0	0.0	4.463293075561523	0.0	3.627835273742676	0.0	0.0	0.0	0.0	0.0	0.0	0.0	0.0	0.0	0.0	0.0	0.0	0.0	0.0	0.0	0.0	6.3458251953125	5.236981391906738	4.399628639221191	5.139265060424805	5.3817973136901855	0.0	6.049047946929932	5.356206893920898	5.0223565101623535	5.906322956085205	0.0	0.0	0.0	5.5784010887146	0.0	0.0	0.0	0.0	0.0	5.105165004730225	0.0	0.0	0.0	5.083702087402344	0.0	0.0
4.258304595947266	0.0	0.0	6.063607215881348	6.449182033538818	0.0	6.759789943695068	0.0	0.0	0.0	0.0	0.0	4.552464008331299	0.0	4.2237772941589355	0.0	0.0	0.0	0.0	4.433232307434082	0.0	3.604029655456543	0.0	0.0	0.0	0.0	0.0	0.0	0.0	0.0	0.0	0.0	0.0	0.0	0.0	0.0	0.0	0.0	6.305255889892578	5.207703590393066	4.367915630340576	5.1064653396606445	5.349489688873291	0.0	6.015769004821777	5.328968524932861	4.989001274108887	5.8722944259643555	0.0	0.0	0.0	5.543365001678467	0.0	0.0	0.0	0.0	0.0	5.072107791900635	0.0	0.0	0.0	5.053040504455566	0.0	0.0
4.449601173400879	0.0	0.0	6.268792629241943	6.6740946769714355	0.0	7.006072521209717	0.0	0.0	0.0	0.0	0.0	4.751705646514893	0.0	4.426074981689453	0.0	0.0	0.0	0.0	4.6207427978515625	0.0	3.7800955772399902	0.0	0.0	0.0	0.0	0.0	0.0	0.0	0.0	0.0	0.0	0.0	0.0	0.0	0.0	0.0	0.0	6.542080402374268	5.414873123168945	4.52961540222168	5.31219482421875	5.559208393096924	0.0	6.246006488800049	5.527622699737549	5.189122200012207	6.08231782913208	0.0	0.0	0.0	5.764166355133057	0.0	0.0	0.0	0.0	0.0	5.288198471069336	0.0	0.0	0.0	5.254068374633789	0.0	0.0
4.336551666259766	0.0	0.0	6.146852493286133	6.535802841186523	0.0	6.851805686950684	0.0	0.0	0.0	0.0	0.0	4.630988597869873	0.0	4.30957555770874	0.0	0.0	0.0	0.0	4.504172325134277	0.0	3.672584295272827	0.0	0.0	0.0	0.0	0.0	0.0	0.0	0.0	0.0	0.0	0.0	0.0	0.0	0.0	0.0	0.0	6.401702404022217	5.28793478012085	4.431245803833008	5.19083833694458	5.438465595245361	0.0	6.103764533996582	5.405914783477783	5.065036296844482	5.956236362457275	0.0	0.0	0.0	5.626500606536865	0.0	0.0	0.0	0.0	0.0	5.155001640319824	0.0	0.0	0.0	5.1306233406066895	0.0	0.0
4.623820781707764	0.0	0.0	6.435719966888428	6.84868860244751	0.0	7.197089195251465	0.0	0.0	0.0	0.0	0.0	4.900413990020752	0.0	4.603138446807861	0.0	0.0	0.0	0.0	4.765144348144531	0.0	3.9438910484313965	0.0	0.0	0.0	0.0	0.0	0.0	0.0	0.0	0.0	0.0	0.0	0.0	0.0	0.0	0.0	0.0	6.739153861999512	5.592674255371094	4.648014545440674	5.479523181915283	5.71883487701416	0.0	6.4325408935546875	5.684298038482666	5.366927146911621	6.232143402099609	0.0	0.0	0.0	5.927617073059082	0.0	0.0	0.0	0.0	0.0	5.464383602142334	0.0	0.0	0.0	5.422584056854248	0.0	0.0
4.3751654624938965	0.0	0.0	6.212194442749023	6.608918190002441	0.0	6.9181718826293945	0.0	0.0	0.0	0.0	0.0	4.676958084106445	0.0	4.342430591583252	0.0	0.0	0.0	0.0	4.556967735290527	0.0	3.706918478012085	0.0	0.0	0.0	0.0	0.0	0.0	0.0	0.0	0.0	0.0	0.0	0.0	0.0	0.0	0.0	0.0	6.466281414031982	5.329693794250488	4.4857282638549805	5.2262983322143555	5.4791975021362305	0.0	6.166782379150391	5.454732894897461	5.126791954040527	6.012983322143555	0.0	0.0	0.0	5.686465740203857	0.0	0.0	0.0	0.0	0.0	5.203008651733398	0.0	0.0	0.0	5.171757698059082	0.0	0.0
4.515473365783691	0.0	0.0	6.344852924346924	6.75316047668457	0.0	7.075371742248535	0.0	0.0	0.0	0.0	0.0	4.809636116027832	0.0	4.489264965057373	0.0	0.0	0.0	0.0	4.670907974243164	0.0	3.834073543548584	0.0	0.0	0.0	0.0	0.0	0.0	0.0	0.0	0.0	0.0	0.0	0.0	0.0	0.0	0.0	0.0	6.6180033683776855	5.492084980010986	4.575284957885742	5.3823394775390625	5.628021717071533	0.0	6.3132853507995605	5.594671726226807	5.251701831817627	6.148199558258057	0.0	0.0	0.0	5.827934741973877	0.0	0.0	0.0	0.0	0.0	5.347354888916016	0.0	0.0	0.0	5.329078197479248	0.0	0.0
4.185781955718994	0.0	0.0	5.982480049133301	6.361813068389893	0.0	6.660543918609619	0.0	0.0	0.0	0.0	0.0	4.478856086730957	0.0	4.1556172370910645	0.0	0.0	0.0	0.0	4.361609935760498	0.0	3.540235996246338	0.0	0.0	0.0	0.0	0.0	0.0	0.0	0.0	0.0	0.0	0.0	0.0	0.0	0.0	0.0	0.0	6.211481094360352	5.12514066696167	4.307170391082764	5.025926113128662	5.265204429626465	0.0	5.918117046356201	5.2438130378723145	4.908703804016113	5.79177713394165	0.0	0.0	0.0	5.4601216316223145	0.0	0.0	0.0	0.0	0.0	4.990996837615967	0.0	0.0	0.0	4.967235088348389	0.0	0.0
4.537657260894775	0.0	0.0	6.370694637298584	6.7734456062316895	0.0	7.10762882232666	0.0	0.0	0.0	0.0	0.0	4.824244499206543	0.0	4.507370471954346	0.0	0.0	0.0	0.0	4.69894552230835	0.0	3.8566393852233887	0.0	0.0	0.0	0.0	0.0	0.0	0.0	0.0	0.0	0.0	0.0	0.0	0.0	0.0	0.0	0.0	6.640125751495361	5.499030590057373	4.5893731117248535	5.388701438903809	5.635538578033447	0.0	6.342148780822754	5.6076884269714355	5.276474475860596	6.160932540893555	0.0	0.0	0.0	5.839816093444824	0.0	0.0	0.0	0.0	0.0	5.374185562133789	0.0	0.0	0.0	5.339026927947998	0.0	0.0
4.247265338897705	0.0	0.0	6.049254894256592	6.430663108825684	0.0	6.737188339233398	0.0	0.0	0.0	0.0	0.0	4.537531852722168	0.0	4.214858055114746	0.0	0.0	0.0	0.0	4.4171857833862305	0.0	3.5898165702819824	0.0	0.0	0.0	0.0	0.0	0.0	0.0	0.0	0.0	0.0	0.0	0.0	0.0	0.0	0.0	0.0	6.287889003753662	5.187232971191406	4.352036476135254	5.085982322692871	5.333375453948975	0.0	5.987809658050537	5.310652256011963	4.968356132507324	5.855278968811035	0.0	0.0	0.0	5.525312900543213	0.0	0.0	0.0	0.0	0.0	5.0525312423706055	0.0	0.0	0.0	5.0331878662109375	0.0	0.0
4.290434837341309	0.0	0.0	6.101685047149658	6.503046035766602	0.0	6.8087968826293945	0.0	0.0	0.0	0.0	0.0	4.591033935546875	0.0	4.265286922454834	0.0	0.0	0.0	0.0	4.473055839538574	0.0	3.6366891860961914	0.0	0.0	0.0	0.0	0.0	0.0	0.0	0.0	0.0	0.0	0.0	0.0	0.0	0.0	0.0	0.0	6.35614013671875	5.245043754577637	4.40215539932251	5.141241073608398	5.385478973388672	0.0	6.053699016571045	5.361617088317871	5.027968883514404	5.903470039367676	0.0	0.0	0.0	5.580072402954102	0.0	0.0	0.0	0.0	0.0	5.102406978607178	0.0	0.0	0.0	5.079305171966553	0.0	0.0
4.188745975494385	0.0	0.0	5.98547887802124	6.363704204559326	0.0	6.661149024963379	0.0	0.0	0.0	0.0	0.0	4.481656074523926	0.0	4.15976095199585	0.0	0.0	0.0	0.0	4.364587306976318	0.0	3.5440375804901123	0.0	0.0	0.0	0.0	0.0	0.0	0.0	0.0	0.0	0.0	0.0	0.0	0.0	0.0	0.0	0.0	6.216353416442871	5.128795146942139	4.304954528808594	5.028605937957764	5.26697301864624	0.0	5.918485641479492	5.248323440551758	4.909348011016846	5.791314601898193	0.0	0.0	0.0	5.464001655578613	0.0	0.0	0.0	0.0	0.0	4.9964752197265625	0.0	0.0	0.0	4.970266819000244	0.0	0.0
4.260384559631348	0.0	0.0	6.071115970611572	6.454729080200195	0.0	6.762594223022461	0.0	0.0	0.0	0.0	0.0	4.55424165725708	0.0	4.232462406158447	0.0	0.0	0.0	0.0	4.434903621673584	0.0	3.6072287559509277	0.0	0.0	0.0	0.0	0.0	0.0	0.0	0.0	0.0	0.0	0.0	0.0	0.0	0.0	0.0	0.0	6.308674335479736	5.204710960388184	4.373176097869873	5.107208728790283	5.34670352935791	0.0	6.012411117553711	5.324203014373779	4.990096569061279	5.877143383026123	0.0	0.0	0.0	5.545526027679443	0.0	0.0	0.0	0.0	0.0	5.074052810668945	0.0	0.0	0.0	5.052728176116943	0.0	0.0
4.292438507080078	0.0	0.0	6.111261367797852	6.493695259094238	0.0	6.804914474487305	0.0	0.0	0.0	0.0	0.0	4.587587356567383	0.0	4.266783237457275	0.0	0.0	0.0	0.0	4.468308925628662	0.0	3.6354079246520996	0.0	0.0	0.0	0.0	0.0	0.0	0.0	0.0	0.0	0.0	0.0	0.0	0.0	0.0	0.0	0.0	6.3543171882629395	5.245078086853027	4.401785850524902	5.14415168762207	5.388498783111572	0.0	6.054486274719238	5.3643975257873535	5.026066303253174	5.908203601837158	0.0	0.0	0.0	5.5817084312438965	0.0	0.0	0.0	0.0	0.0	5.111435413360596	0.0	0.0	0.0	5.089499473571777	0.0	0.0
4.230825424194336	0.0	0.0	6.041926860809326	6.422662734985352	0.0	6.727420330047607	0.0	0.0	0.0	0.0	0.0	4.530503749847412	0.0	4.203606128692627	0.0	0.0	0.0	0.0	4.408398151397705	0.0	3.5848898887634277	0.0	0.0	0.0	0.0	0.0	0.0	0.0	0.0	0.0	0.0	0.0	0.0	0.0	0.0	0.0	0.0	6.273881435394287	5.180107116699219	4.352165222167969	5.077903747558594	5.319369792938232	0.0	5.9776763916015625	5.294563293457031	4.95857572555542	5.845612525939941	0.0	0.0	0.0	5.5140604972839355	0.0	0.0	0.0	0.0	0.0	5.044344425201416	0.0	0.0	0.0	5.021145820617676	0.0	0.0
4.2392258644104	0.0	0.0	6.047036170959473	6.431672096252441	0.0	6.735498905181885	0.0	0.0	0.0	0.0	0.0	4.5381293296813965	0.0	4.214072227478027	0.0	0.0	0.0	0.0	4.415989875793457	0.0	3.588590621948242	0.0	0.0	0.0	0.0	0.0	0.0	0.0	0.0	0.0	0.0	0.0	0.0	0.0	0.0	0.0	0.0	6.284566879272461	5.188643932342529	4.356709957122803	5.085908889770508	5.328724384307861	0.0	5.988240718841553	5.304567337036133	4.965603351593018	5.853790760040283	0.0	0.0	0.0	5.524170875549316	0.0	0.0	0.0	0.0	0.0	5.049565315246582	0.0	0.0	0.0	5.028279781341553	0.0	0.0
4.3071746826171875	0.0	0.0	6.12301778793335	6.513455867767334	0.0	6.822227478027344	0.0	0.0	0.0	0.0	0.0	4.607306003570557	0.0	4.2756147384643555	0.0	0.0	0.0	0.0	4.481235504150391	0.0	3.6475160121917725	0.0	0.0	0.0	0.0	0.0	0.0	0.0	0.0	0.0	0.0	0.0	0.0	0.0	0.0	0.0	0.0	6.370010852813721	5.254748821258545	4.4156012535095215	5.1573004722595215	5.403055667877197	0.0	6.069054126739502	5.377472877502441	5.039679527282715	5.929581165313721	0.0	0.0	0.0	5.599143028259277	0.0	0.0	0.0	0.0	0.0	5.124724388122559	0.0	0.0	0.0	5.101807117462158	0.0	0.0
4.367404937744141	0.0	0.0	6.183507442474365	6.586203575134277	0.0	6.903683662414551	0.0	0.0	0.0	0.0	0.0	4.677583694458008	0.0	4.332245349884033	0.0	0.0	0.0	0.0	4.563058376312256	0.0	3.701486349105835	0.0	0.0	0.0	0.0	0.0	0.0	0.0	0.0	0.0	0.0	0.0	0.0	0.0	0.0	0.0	0.0	6.452875137329102	5.312504291534424	4.484454154968262	5.224103927612305	5.470607280731201	0.0	6.155872344970703	5.444217681884766	5.11601448059082	5.987458229064941	0.0	0.0	0.0	5.668797969818115	0.0	0.0	0.0	0.0	0.0	5.190548896789551	0.0	0.0	0.0	5.173962116241455	0.0	0.0
4.320918560028076	0.0	0.0	6.126245975494385	6.523522853851318	0.0	6.8332366943359375	0.0	0.0	0.0	0.0	0.0	4.617402076721191	0.0	4.284104824066162	0.0	0.0	0.0	0.0	4.490046501159668	0.0	3.6585066318511963	0.0	0.0	0.0	0.0	0.0	0.0	0.0	0.0	0.0	0.0	0.0	0.0	0.0	0.0	0.0	0.0	6.380000591278076	5.271186828613281	4.422479152679443	5.1735520362854	5.41999626159668	0.0	6.088955402374268	5.389865398406982	5.047940731048584	5.939512729644775	0.0	0.0	0.0	5.610732555389404	0.0	0.0	0.0	0.0	0.0	5.133480072021484	0.0	0.0	0.0	5.114911079406738	0.0	0.0
4.281624794006348	0.0	0.0	6.09899377822876	6.481832027435303	0.0	6.790982723236084	0.0	0.0	0.0	0.0	0.0	4.5788116455078125	0.0	4.252494812011719	0.0	0.0	0.0	0.0	4.452004432678223	0.0	3.6252875328063965	0.0	0.0	0.0	0.0	0.0	0.0	0.0	0.0	0.0	0.0	0.0	0.0	0.0	0.0	0.0	0.0	6.335528373718262	5.231470108032227	4.390296936035156	5.131669521331787	5.374273300170898	0.0	6.041322231292725	5.350642681121826	5.012097358703613	5.9003825187683105	0.0	0.0	0.0	5.573110580444336	0.0	0.0	0.0	0.0	0.0	5.097775936126709	0.0	0.0	0.0	5.072257995605469	0.0	0.0
4.293961048126221	0.0	0.0	6.110335350036621	6.495622158050537	0.0	6.808070659637451	0.0	0.0	0.0	0.0	0.0	4.589078903198242	0.0	4.272898197174072	0.0	0.0	0.0	0.0	4.468228816986084	0.0	3.639248847961426	0.0	0.0	0.0	0.0	0.0	0.0	0.0	0.0	0.0	0.0	0.0	0.0	0.0	0.0	0.0	0.0	6.352393627166748	5.251666069030762	4.401210784912109	5.149819374084473	5.391533851623535	0.0	6.051659107208252	5.361331462860107	5.023477554321289	5.914633750915527	0.0	0.0	0.0	5.582815170288086	0.0	0.0	0.0	0.0	0.0	5.113335132598877	0.0	0.0	0.0	5.092465400695801	0.0	0.0
4.302665710449219	0.0	0.0	6.122942924499512	6.510000228881836	0.0	6.818607807159424	0.0	0.0	0.0	0.0	0.0	4.59872579574585	0.0	4.2761616706848145	0.0	0.0	0.0	0.0	4.482179164886475	0.0	3.651090145111084	0.0	0.0	0.0	0.0	0.0	0.0	0.0	0.0	0.0	0.0	0.0	0.0	0.0	0.0	0.0	0.0	6.365180969238281	5.2547173500061035	4.40850830078125	5.1526408195495605	5.401149749755859	0.0	6.068569660186768	5.367420196533203	5.039638996124268	5.926700592041016	0.0	0.0	0.0	5.598559856414795	0.0	0.0	0.0	0.0	0.0	5.128392696380615	0.0	0.0	0.0	5.095592021942139	0.0	0.0
4.316230297088623	0.0	0.0	6.127034664154053	6.5179829597473145	0.0	6.8312602043151855	0.0	0.0	0.0	0.0	0.0	4.614904880523682	0.0	4.285302639007568	0.0	0.0	0.0	0.0	4.491271495819092	0.0	3.654602289199829	0.0	0.0	0.0	0.0	0.0	0.0	0.0	0.0	0.0	0.0	0.0	0.0	0.0	0.0	0.0	0.0	6.3792572021484375	5.2666425704956055	4.422436714172363	5.165275573730469	5.414121627807617	0.0	6.081264019012451	5.385458469390869	5.047981262207031	5.93912935256958	0.0	0.0	0.0	5.611128807067871	0.0	0.0	0.0	0.0	0.0	5.133039474487305	0.0	0.0	0.0	5.112285137176514	0.0	0.0
4.278120040893555	0.0	0.0	6.093892574310303	6.478951454162598	0.0	6.787925720214844	0.0	0.0	0.0	0.0	0.0	4.5768818855285645	0.0	4.249238967895508	0.0	0.0	0.0	0.0	4.456106185913086	0.0	3.6217846870422363	0.0	0.0	0.0	0.0	0.0	0.0	0.0	0.0	0.0	0.0	0.0	0.0	0.0	0.0	0.0	0.0	6.334766864776611	5.230656623840332	4.389913082122803	5.131052494049072	5.374319076538086	0.0	6.039689540863037	5.348066329956055	5.012630939483643	5.898468017578125	0.0	0.0	0.0	5.571701526641846	0.0	0.0	0.0	0.0	0.0	5.094264507293701	0.0	0.0	0.0	5.072146892547607	0.0	0.0
4.3978190422058105	0.0	0.0	6.227700710296631	6.624791145324707	0.0	6.947054386138916	0.0	0.0	0.0	0.0	0.0	4.694499969482422	0.0	4.370392322540283	0.0	0.0	0.0	0.0	4.574997901916504	0.0	3.7293691635131836	0.0	0.0	0.0	0.0	0.0	0.0	0.0	0.0	0.0	0.0	0.0	0.0	0.0	0.0	0.0	0.0	6.490208625793457	5.358407020568848	4.495251178741455	5.254268169403076	5.5058183670043945	0.0	6.187074184417725	5.474764823913574	5.147849082946777	6.031860828399658	0.0	0.0	0.0	5.710943222045898	0.0	0.0	0.0	0.0	0.0	5.227423191070557	0.0	0.0	0.0	5.199760913848877	0.0	0.0
4.355726718902588	0.0	0.0	6.164931297302246	6.564028263092041	0.0	6.881373405456543	0.0	0.0	0.0	0.0	0.0	4.646859645843506	0.0	4.324106216430664	0.0	0.0	0.0	0.0	4.524941444396973	0.0	3.6836137771606445	0.0	0.0	0.0	0.0	0.0	0.0	0.0	0.0	0.0	0.0	0.0	0.0	0.0	0.0	0.0	0.0	6.426408290863037	5.303513050079346	4.444047927856445	5.2005391120910645	5.450744152069092	0.0	6.134774684906006	5.429247856140137	5.091822147369385	5.973426818847656	0.0	0.0	0.0	5.64926290512085	0.0	0.0	0.0	0.0	0.0	5.1738972663879395	0.0	0.0	0.0	5.147489070892334	0.0	0.0
4.343638896942139	0.0	0.0	6.176961898803711	6.561773777008057	0.0	6.868027210235596	0.0	0.0	0.0	0.0	0.0	4.643360614776611	0.0	4.325660705566406	0.0	0.0	0.0	0.0	4.514716148376465	0.0	3.6856603622436523	0.0	0.0	0.0	0.0	0.0	0.0	0.0	0.0	0.0	0.0	0.0	0.0	0.0	0.0	0.0	0.0	6.418148040771484	5.309864521026611	4.444058418273926	5.214319705963135	5.4521164894104	0.0	6.1080641746521	5.410782337188721	5.0761189460754395	5.973062038421631	0.0	0.0	0.0	5.644275188446045	0.0	0.0	0.0	0.0	0.0	5.169858932495117	0.0	0.0	0.0	5.148649215698242	0.0	0.0
4.2918782234191895	0.0	0.0	6.110930442810059	6.504822731018066	0.0	6.8076958656311035	0.0	0.0	0.0	0.0	0.0	4.590355396270752	0.0	4.263239860534668	0.0	0.0	0.0	0.0	4.474742412567139	0.0	3.632236957550049	0.0	0.0	0.0	0.0	0.0	0.0	0.0	0.0	0.0	0.0	0.0	0.0	0.0	0.0	0.0	0.0	6.354015827178955	5.245041370391846	4.406863689422607	5.138772010803223	5.393217086791992	0.0	6.05620002746582	5.36602258682251	5.032350540161133	5.912132740020752	0.0	0.0	0.0	5.585705280303955	0.0	0.0	0.0	0.0	0.0	5.110313892364502	0.0	0.0	0.0	5.089776992797852	0.0	0.0
4.297252178192139	0.0	0.0	6.1155853271484375	6.503288269042969	0.0	6.810023784637451	0.0	0.0	0.0	0.0	0.0	4.589017391204834	0.0	4.269743919372559	0.0	0.0	0.0	0.0	4.471354961395264	0.0	3.637087345123291	0.0	0.0	0.0	0.0	0.0	0.0	0.0	0.0	0.0	0.0	0.0	0.0	0.0	0.0	0.0	0.0	6.360342025756836	5.247938632965088	4.402979373931885	5.146188735961914	5.391455173492432	0.0	6.057919979095459	5.369790554046631	5.032215118408203	5.916521072387695	0.0	0.0	0.0	5.5865020751953125	0.0	0.0	0.0	0.0	0.0	5.1147027015686035	0.0	0.0	0.0	5.091895580291748	0.0	0.0
5.190310001373291	0.0	0.0	7.177135467529297	7.61449670791626	0.0	8.000188827514648	0.0	0.0	0.0	0.0	0.0	5.518294334411621	0.0	5.175393581390381	0.0	0.0	0.0	0.0	5.356618404388428	0.0	4.481836795806885	0.0	0.0	0.0	0.0	0.0	0.0	0.0	0.0	0.0	0.0	0.0	0.0	0.0	0.0	0.0	0.0	7.476798057556152	6.224806785583496	5.2068257331848145	6.129746913909912	6.387061595916748	0.0	7.197274208068848	6.328074932098389	6.0044732093811035	6.928324222564697	0.0	0.0	0.0	6.61574649810791	0.0	0.0	0.0	0.0	0.0	6.09748649597168	0.0	0.0	0.0	6.050985336303711	0.0	0.0
4.424046993255615	0.0	0.0	6.272621154785156	6.666797161102295	0.0	6.993071556091309	0.0	0.0	0.0	0.0	0.0	4.72838830947876	0.0	4.388597011566162	0.0	0.0	0.0	0.0	4.597204685211182	0.0	3.7632908821105957	0.0	0.0	0.0	0.0	0.0	0.0	0.0	0.0	0.0	0.0	0.0	0.0	0.0	0.0	0.0	0.0	6.52042818069458	5.389397144317627	4.524500846862793	5.289759635925293	5.535390853881836	0.0	6.226612091064453	5.504118919372559	5.177511215209961	6.069118499755859	0.0	0.0	0.0	5.733447551727295	0.0	0.0	0.0	0.0	0.0	5.251451015472412	0.0	0.0	0.0	5.2283477783203125	0.0	0.0
4.3260087966918945	0.0	0.0	6.15259313583374	6.546799659729004	0.0	6.858622074127197	0.0	0.0	0.0	0.0	0.0	4.623714447021484	0.0	4.2951436042785645	0.0	0.0	0.0	0.0	4.501887321472168	0.0	3.663639783859253	0.0	0.0	0.0	0.0	0.0	0.0	0.0	0.0	0.0	0.0	0.0	0.0	0.0	0.0	0.0	0.0	6.397127628326416	5.2834248542785645	4.431734085083008	5.17777681350708	5.426143169403076	0.0	6.102732181549072	5.4012298583984375	5.066547870635986	5.954283714294434	0.0	0.0	0.0	5.626438617706299	0.0	0.0	0.0	0.0	0.0	5.1430277824401855	0.0	0.0	0.0	5.123349189758301	0.0	0.0
4.36594295501709	0.0	0.0	6.212775707244873	6.610980987548828	0.0	6.924281597137451	0.0	0.0	0.0	0.0	0.0	4.678419589996338	0.0	4.336463451385498	0.0	0.0	0.0	0.0	4.554640293121338	0.0	3.704946279525757	0.0	0.0	0.0	0.0	0.0	0.0	0.0	0.0	0.0	0.0	0.0	0.0	0.0	0.0	0.0	0.0	6.4660491943359375	5.333024978637695	4.4823174476623535	5.241739749908447	5.487076759338379	0.0	6.168834209442139	5.452746391296387	5.118155002593994	6.012210369110107	0.0	0.0	0.0	5.676075458526611	0.0	0.0	0.0	0.0	0.0	5.195055961608887	0.0	0.0	0.0	5.179289817810059	0.0	0.0
4.935123920440674	0.0	0.0	6.851470947265625	7.24269962310791	0.0	7.578549861907959	0.0	0.0	0.0	0.0	0.0	5.246555805206299	0.0	4.979557991027832	0.0	0.0	0.0	0.0	5.047980308532715	0.0	4.258230686187744	0.0	0.0	0.0	0.0	0.0	0.0	0.0	0.0	0.0	0.0	0.0	0.0	0.0	0.0	0.0	0.0	7.123498439788818	5.987239360809326	4.888926982879639	5.8782548904418945	6.0874104499816895	0.0	6.775198936462402	6.0181450843811035	5.66400671005249	6.64076566696167	0.0	0.0	0.0	6.2994537353515625	0.0	0.0	0.0	0.0	0.0	5.8491973876953125	0.0	0.0	0.0	5.794954299926758	0.0	0.0
4.245569229125977	0.0	0.0	6.052339553833008	6.4364142417907715	0.0	6.7391743659973145	0.0	0.0	0.0	0.0	0.0	4.539269924163818	0.0	4.215534687042236	0.0	0.0	0.0	0.0	4.41848087310791	0.0	3.5941317081451416	0.0	0.0	0.0	0.0	0.0	0.0	0.0	0.0	0.0	0.0	0.0	0.0	0.0	0.0	0.0	0.0	6.284600734710693	5.1901469230651855	4.358095169067383	5.089812278747559	5.332222938537598	0.0	5.989598751068115	5.310408592224121	4.9686970710754395	5.854818344116211	0.0	0.0	0.0	5.529508590698242	0.0	0.0	0.0	0.0	0.0	5.054944038391113	0.0	0.0	0.0	5.029018402099609	0.0	0.0
4.260537147521973	0.0	0.0	6.066415309906006	6.4521613121032715	0.0	6.7589826583862305	0.0	0.0	0.0	0.0	0.0	4.557553768157959	0.0	4.232324123382568	0.0	0.0	0.0	0.0	4.435597896575928	0.0	3.607728958129883	0.0	0.0	0.0	0.0	0.0	0.0	0.0	0.0	0.0	0.0	0.0	0.0	0.0	0.0	0.0	0.0	6.3096184730529785	5.2110114097595215	4.3680100440979	5.1083502769470215	5.350403785705566	0.0	6.0092267990112305	5.326550006866455	4.988267421722412	5.875588893890381	0.0	0.0	0.0	5.546755790710449	0.0	0.0	0.0	0.0	0.0	5.0764031410217285	0.0	0.0	0.0	5.055754661560059	0.0	0.0
4.286924839019775	0.0	0.0	6.10200309753418	6.489521503448486	0.0	6.798178195953369	0.0	0.0	0.0	0.0	0.0	4.583518981933594	0.0	4.257777214050293	0.0	0.0	0.0	0.0	4.46068000793457	0.0	3.6299052238464355	0.0	0.0	0.0	0.0	0.0	0.0	0.0	0.0	0.0	0.0	0.0	0.0	0.0	0.0	0.0	0.0	6.346677303314209	5.239262580871582	4.397339344024658	5.1382670402526855	5.383235454559326	0.0	6.050576686859131	5.352563381195068	5.019568920135498	5.910246849060059	0.0	0.0	0.0	5.573990821838379	0.0	0.0	0.0	0.0	0.0	5.104584217071533	0.0	0.0	0.0	5.081131458282471	0.0	0.0
4.551004409790039	0.0	0.0	6.376097679138184	6.77910852432251	0.0	7.117085933685303	0.0	0.0	0.0	0.0	0.0	4.844138145446777	0.0	4.525088310241699	0.0	0.0	0.0	0.0	4.699405670166016	0.0	3.874321937561035	0.0	0.0	0.0	0.0	0.0	0.0	0.0	0.0	0.0	0.0	0.0	0.0	0.0	0.0	0.0	0.0	6.657898902893066	5.524907112121582	4.596364974975586	5.416025161743164	5.65773344039917	0.0	6.353331565856934	5.623639106750488	5.293367385864258	6.1727681159973145	0.0	0.0	0.0	5.866570472717285	0.0	0.0	0.0	0.0	0.0	5.393545627593994	0.0	0.0	0.0	5.361769199371338	0.0	0.0
4.259089469909668	0.0	0.0	6.069007396697998	6.4557905197143555	0.0	6.7636399269104	0.0	0.0	0.0	0.0	0.0	4.5536723136901855	0.0	4.229718208312988	0.0	0.0	0.0	0.0	4.432626724243164	0.0	3.6076560020446777	0.0	0.0	0.0	0.0	0.0	0.0	0.0	0.0	0.0	0.0	0.0	0.0	0.0	0.0	0.0	0.0	6.306788444519043	5.207544803619385	4.368197917938232	5.103394508361816	5.345005989074707	0.0	6.010244369506836	5.324178218841553	4.992879390716553	5.868340015411377	0.0	0.0	0.0	5.543831825256348	0.0	0.0	0.0	0.0	0.0	5.073389053344727	0.0	0.0	0.0	5.049514293670654	0.0	0.0
4.295467376708984	0.0	0.0	6.112242221832275	6.498086929321289	0.0	6.807249069213867	0.0	0.0	0.0	0.0	0.0	4.590226173400879	0.0	4.2651686668396	0.0	0.0	0.0	0.0	4.466475486755371	0.0	3.634611129760742	0.0	0.0	0.0	0.0	0.0	0.0	0.0	0.0	0.0	0.0	0.0	0.0	0.0	0.0	0.0	0.0	6.353914737701416	5.244544982910156	4.401691913604736	5.141045570373535	5.391082763671875	0.0	6.0546650886535645	5.36421537399292	5.027518272399902	5.914783000946045	0.0	0.0	0.0	5.58604097366333	0.0	0.0	0.0	0.0	0.0	5.110793113708496	0.0	0.0	0.0	5.089838027954102	0.0	0.0
4.341617107391357	0.0	0.0	6.161296367645264	6.549067974090576	0.0	6.8641676902771	0.0	0.0	0.0	0.0	0.0	4.634199619293213	0.0	4.307850360870361	0.0	0.0	0.0	0.0	4.510169506072998	0.0	3.6829540729522705	0.0	0.0	0.0	0.0	0.0	0.0	0.0	0.0	0.0	0.0	0.0	0.0	0.0	0.0	0.0	0.0	6.409242630004883	5.291706562042236	4.438642501831055	5.188429832458496	5.437053680419922	0.0	6.111604690551758	5.413750171661377	5.075659275054932	5.957954406738281	0.0	0.0	0.0	5.634542465209961	0.0	0.0	0.0	0.0	0.0	5.163407802581787	0.0	0.0	0.0	5.135618686676025	0.0	0.0
4.277154922485352	0.0	0.0	6.083884239196777	6.473282814025879	0.0	6.784607410430908	0.0	0.0	0.0	0.0	0.0	4.5765156745910645	0.0	4.25225305557251	0.0	0.0	0.0	0.0	4.451796531677246	0.0	3.6262924671173096	0.0	0.0	0.0	0.0	0.0	0.0	0.0	0.0	0.0	0.0	0.0	0.0	0.0	0.0	0.0	0.0	6.333524703979492	5.229614734649658	4.384361267089844	5.128141403198242	5.3741936683654785	0.0	6.033026695251465	5.348418235778809	5.006946563720703	5.8944573402404785	0.0	0.0	0.0	5.567062854766846	0.0	0.0	0.0	0.0	0.0	5.095770359039307	0.0	0.0	0.0	5.069745063781738	0.0	0.0
4.336920738220215	0.0	0.0	6.174823760986328	6.555386543273926	0.0	6.869348049163818	0.0	0.0	0.0	0.0	0.0	4.636917591094971	0.0	4.312821865081787	0.0	0.0	0.0	0.0	4.520816326141357	0.0	3.678671360015869	0.0	0.0	0.0	0.0	0.0	0.0	0.0	0.0	0.0	0.0	0.0	0.0	0.0	0.0	0.0	0.0	6.411419868469238	5.29746150970459	4.44964075088501	5.197463035583496	5.44350528717041	0.0	6.116119861602783	5.421143054962158	5.081799030303955	5.9740986824035645	0.0	0.0	0.0	5.641906261444092	0.0	0.0	0.0	0.0	0.0	5.16438102722168	0.0	0.0	0.0	5.136248588562012	0.0	0.0
4.228850364685059	0.0	0.0	6.03399133682251	6.419012546539307	0.0	6.718388080596924	0.0	0.0	0.0	0.0	0.0	4.522863388061523	0.0	4.197861671447754	0.0	0.0	0.0	0.0	4.404120922088623	0.0	3.5790374279022217	0.0	0.0	0.0	0.0	0.0	0.0	0.0	0.0	0.0	0.0	0.0	0.0	0.0	0.0	0.0	0.0	6.268174648284912	5.176537990570068	4.344676494598389	5.07290506362915	5.3186845779418945	0.0	5.970785617828369	5.292315483093262	4.953589916229248	5.84386682510376	0.0	0.0	0.0	5.509552001953125	0.0	0.0	0.0	0.0	0.0	5.039588451385498	0.0	0.0	0.0	5.017070770263672	0.0	0.0
4.270475387573242	0.0	0.0	6.069118022918701	6.463353633880615	0.0	6.771650791168213	0.0	0.0	0.0	0.0	0.0	4.567266941070557	0.0	4.241027355194092	0.0	0.0	0.0	0.0	4.447089672088623	0.0	3.616621732711792	0.0	0.0	0.0	0.0	0.0	0.0	0.0	0.0	0.0	0.0	0.0	0.0	0.0	0.0	0.0	0.0	6.319915294647217	5.219958305358887	4.377497673034668	5.121471405029297	5.362269401550293	0.0	6.026730060577393	5.336962699890137	4.9993720054626465	5.880422115325928	0.0	0.0	0.0	5.557977199554443	0.0	0.0	0.0	0.0	0.0	5.08647346496582	0.0	0.0	0.0	5.063677787780762	0.0	0.0
4.290616512298584	0.0	0.0	6.103057384490967	6.492189884185791	0.0	6.799976825714111	0.0	0.0	0.0	0.0	0.0	4.586327075958252	0.0	4.262120723724365	0.0	0.0	0.0	0.0	4.46258544921875	0.0	3.635071277618408	0.0	0.0	0.0	0.0	0.0	0.0	0.0	0.0	0.0	0.0	0.0	0.0	0.0	0.0	0.0	0.0	6.3471574783325195	5.241211891174316	4.400036811828613	5.139756679534912	5.3854217529296875	0.0	6.048880100250244	5.360986232757568	5.019623756408691	5.909261226654053	0.0	0.0	0.0	5.587953567504883	0.0	0.0	0.0	0.0	0.0	5.108133792877197	0.0	0.0	0.0	5.08469820022583	0.0	0.0
4.441328525543213	0.0	0.0	6.261899948120117	6.663931846618652	0.0	6.988953590393066	0.0	0.0	0.0	0.0	0.0	4.733840465545654	0.0	4.416467189788818	0.0	0.0	0.0	0.0	4.606210231781006	0.0	3.770371437072754	0.0	0.0	0.0	0.0	0.0	0.0	0.0	0.0	0.0	0.0	0.0	0.0	0.0	0.0	0.0	0.0	6.536293983459473	5.4007248878479	4.520663738250732	5.296803951263428	5.547206401824951	0.0	6.231318473815918	5.510224342346191	5.189567565917969	6.063453674316406	0.0	0.0	0.0	5.740701675415039	0.0	0.0	0.0	0.0	0.0	5.273940563201904	0.0	0.0	0.0	5.246336936950684	0.0	0.0
4.203826427459717	0.0	0.0	6.000161647796631	6.384512424468994	0.0	6.682158470153809	0.0	0.0	0.0	0.0	0.0	4.494848251342773	0.0	4.172240257263184	0.0	0.0	0.0	0.0	4.379497528076172	0.0	3.557264566421509	0.0	0.0	0.0	0.0	0.0	0.0	0.0	0.0	0.0	0.0	0.0	0.0	0.0	0.0	0.0	0.0	6.234519958496094	5.144740104675293	4.321671485900879	5.040683746337891	5.283744812011719	0.0	5.9411211013793945	5.263605117797852	4.924433708190918	5.809279918670654	0.0	0.0	0.0	5.479165554046631	0.0	0.0	0.0	0.0	0.0	5.007401466369629	0.0	0.0	0.0	4.986145973205566	0.0	0.0
4.303152561187744	0.0	0.0	6.105576992034912	6.496964931488037	0.0	6.80670690536499	0.0	0.0	0.0	0.0	0.0	4.599625110626221	0.0	4.275974273681641	0.0	0.0	0.0	0.0	4.477178573608398	0.0	3.64688777923584	0.0	0.0	0.0	0.0	0.0	0.0	0.0	0.0	0.0	0.0	0.0	0.0	0.0	0.0	0.0	0.0	6.361323833465576	5.257535457611084	4.404234886169434	5.156642436981201	5.396841526031494	0.0	6.061168193817139	5.367383003234863	5.03398323059082	5.916360378265381	0.0	0.0	0.0	5.594650745391846	0.0	0.0	0.0	0.0	0.0	5.1238694190979	0.0	0.0	0.0	5.097377777099609	0.0	0.0
4.396728038787842	0.0	0.0	6.206657886505127	6.60866641998291	0.0	6.935224533081055	0.0	0.0	0.0	0.0	0.0	4.695099353790283	0.0	4.368922233581543	0.0	0.0	0.0	0.0	4.566307544708252	0.0	3.7215256690979004	0.0	0.0	0.0	0.0	0.0	0.0	0.0	0.0	0.0	0.0	0.0	0.0	0.0	0.0	0.0	0.0	6.474958419799805	5.353244781494141	4.48059606552124	5.247299671173096	5.4927825927734375	0.0	6.183619499206543	5.474727153778076	5.139986515045166	6.016939163208008	0.0	0.0	0.0	5.69735050201416	0.0	0.0	0.0	0.0	0.0	5.216378688812256	0.0	0.0	0.0	5.1939568519592285	0.0	0.0
4.269235134124756	0.0	0.0	6.086426734924316	6.474650859832764	0.0	6.779240608215332	0.0	0.0	0.0	0.0	0.0	4.567824363708496	0.0	4.238570213317871	0.0	0.0	0.0	0.0	4.444636821746826	0.0	3.615812301635742	0.0	0.0	0.0	0.0	0.0	0.0	0.0	0.0	0.0	0.0	0.0	0.0	0.0	0.0	0.0	0.0	6.323944091796875	5.220489025115967	4.383804798126221	5.118423938751221	5.366137504577637	0.0	6.030048370361328	5.33966064453125	5.004016876220703	5.890891075134277	0.0	0.0	0.0	5.559248447418213	0.0	0.0	0.0	0.0	0.0	5.086375713348389	0.0	0.0	0.0	5.06060266494751	0.0	0.0
4.4035725593566895	0.0	0.0	6.234055995941162	6.6410675048828125	0.0	6.959791660308838	0.0	0.0	0.0	0.0	0.0	4.702059745788574	0.0	4.366814136505127	0.0	0.0	0.0	0.0	4.575075626373291	0.0	3.7330198287963867	0.0	0.0	0.0	0.0	0.0	0.0	0.0	0.0	0.0	0.0	0.0	0.0	0.0	0.0	0.0	0.0	6.488907814025879	5.366454601287842	4.502313613891602	5.258951663970947	5.50823974609375	0.0	6.203882217407227	5.478707313537598	5.150580883026123	6.037870407104492	0.0	0.0	0.0	5.713972568511963	0.0	0.0	0.0	0.0	0.0	5.227807998657227	0.0	0.0	0.0	5.20727014541626	0.0	0.0
4.307357311248779	0.0	0.0	6.135162830352783	6.52747917175293	0.0	6.833878517150879	0.0	0.0	0.0	0.0	0.0	4.6082000732421875	0.0	4.280502796173096	0.0	0.0	0.0	0.0	4.486292839050293	0.0	3.6505396366119385	0.0	0.0	0.0	0.0	0.0	0.0	0.0	0.0	0.0	0.0	0.0	0.0	0.0	0.0	0.0	0.0	6.373467922210693	5.263441562652588	4.420356273651123	5.161614894866943	5.408434867858887	0.0	6.080329895019531	5.38380765914917	5.045990467071533	5.936604976654053	0.0	0.0	0.0	5.609984874725342	0.0	0.0	0.0	0.0	0.0	5.132326602935791	0.0	0.0	0.0	5.102947235107422	0.0	0.0
4.386653900146484	0.0	0.0	6.239078044891357	6.626942157745361	0.0	6.947322368621826	0.0	0.0	0.0	0.0	0.0	4.689372539520264	0.0	4.363043308258057	0.0	0.0	0.0	0.0	4.564638137817383	0.0	3.7239139080047607	0.0	0.0	0.0	0.0	0.0	0.0	0.0	0.0	0.0	0.0	0.0	0.0	0.0	0.0	0.0	0.0	6.472873687744141	5.357701301574707	4.490006923675537	5.256125450134277	5.497898101806641	0.0	6.182086944580078	5.4692702293396	5.1250691413879395	6.031979084014893	0.0	0.0	0.0	5.700992107391357	0.0	0.0	0.0	0.0	0.0	5.222249507904053	0.0	0.0	0.0	5.191617488861084	0.0	0.0
4.257138252258301	0.0	0.0	6.0679802894592285	6.45219612121582	0.0	6.756847858428955	0.0	0.0	0.0	0.0	0.0	4.551886558532715	0.0	4.229565143585205	0.0	0.0	0.0	0.0	4.430227756500244	0.0	3.6050198078155518	0.0	0.0	0.0	0.0	0.0	0.0	0.0	0.0	0.0	0.0	0.0	0.0	0.0	0.0	0.0	0.0	6.302407741546631	5.207562446594238	4.370728969573975	5.105432987213135	5.3516364097595215	0.0	6.010181903839111	5.321818828582764	4.985918998718262	5.872515678405762	0.0	0.0	0.0	5.543979167938232	0.0	0.0	0.0	0.0	0.0	5.072530746459961	0.0	0.0	0.0	5.048705577850342	0.0	0.0
4.274561405181885	0.0	0.0	6.0799760818481445	6.466465473175049	0.0	6.776610851287842	0.0	0.0	0.0	0.0	0.0	4.569204330444336	0.0	4.247140884399414	0.0	0.0	0.0	0.0	4.450092315673828	0.0	3.6179938316345215	0.0	0.0	0.0	0.0	0.0	0.0	0.0	0.0	0.0	0.0	0.0	0.0	0.0	0.0	0.0	0.0	6.322301864624023	5.223629474639893	4.381158828735352	5.12453556060791	5.366943359375	0.0	6.0283403396606445	5.340733051300049	5.004356861114502	5.8909783363342285	0.0	0.0	0.0	5.558401584625244	0.0	0.0	0.0	0.0	0.0	5.089415550231934	0.0	0.0	0.0	5.068126201629639	0.0	0.0
4.269339561462402	0.0	0.0	6.0830912590026855	6.4689836502075195	0.0	6.772242069244385	0.0	0.0	0.0	0.0	0.0	4.5671563148498535	0.0	4.238403797149658	0.0	0.0	0.0	0.0	4.441298961639404	0.0	3.61763596534729	0.0	0.0	0.0	0.0	0.0	0.0	0.0	0.0	0.0	0.0	0.0	0.0	0.0	0.0	0.0	0.0	6.320916652679443	5.21934700012207	4.381780624389648	5.1191182136535645	5.364558696746826	0.0	6.024167537689209	5.336556911468506	4.998576641082764	5.888903617858887	0.0	0.0	0.0	5.556600570678711	0.0	0.0	0.0	0.0	0.0	5.081592559814453	0.0	0.0	0.0	5.0640082359313965	0.0	0.0
4.243033409118652	0.0	0.0	6.047599792480469	6.430139064788818	0.0	6.732081890106201	0.0	0.0	0.0	0.0	0.0	4.534615516662598	0.0	4.2133259773254395	0.0	0.0	0.0	0.0	4.415863037109375	0.0	3.5899877548217773	0.0	0.0	0.0	0.0	0.0	0.0	0.0	0.0	0.0	0.0	0.0	0.0	0.0	0.0	0.0	0.0	6.287293910980225	5.1842875480651855	4.355676174163818	5.084656238555908	5.328124046325684	0.0	5.986079216003418	5.302454948425293	4.9687604904174805	5.8485331535339355	0.0	0.0	0.0	5.523756504058838	0.0	0.0	0.0	0.0	0.0	5.051672458648682	0.0	0.0	0.0	5.029877185821533	0.0	0.0
4.570309162139893	0.0	0.0	6.448256015777588	6.824448585510254	0.0	7.157063961029053	0.0	0.0	0.0	0.0	0.0	4.880340576171875	0.0	4.590210437774658	0.0	0.0	0.0	0.0	4.724124431610107	0.0	3.919879674911499	0.0	0.0	0.0	0.0	0.0	0.0	0.0	0.0	0.0	0.0	0.0	0.0	0.0	0.0	0.0	0.0	6.705745220184326	5.583941459655762	4.615324020385742	5.482717514038086	5.702904224395752	0.0	6.373474597930908	5.646966457366943	5.307857990264893	6.246646881103516	0.0	0.0	0.0	5.90598726272583	0.0	0.0	0.0	0.0	0.0	5.4516425132751465	0.0	0.0	0.0	5.417303562164307	0.0	0.0
4.620858192443848	0.0	0.0	6.437376499176025	6.850560665130615	0.0	7.200912952423096	0.0	0.0	0.0	0.0	0.0	4.904115200042725	0.0	4.5954413414001465	0.0	0.0	0.0	0.0	4.76952600479126	0.0	3.9306252002716064	0.0	0.0	0.0	0.0	0.0	0.0	0.0	0.0	0.0	0.0	0.0	0.0	0.0	0.0	0.0	0.0	6.739933967590332	5.584782123565674	4.653027534484863	5.4772186279296875	5.718782424926758	0.0	6.441239356994629	5.6816725730896	5.365779399871826	6.232494354248047	0.0	0.0	0.0	5.925822734832764	0.0	0.0	0.0	0.0	0.0	5.460169315338135	0.0	0.0	0.0	5.416954040527344	0.0	0.0
4.2915191650390625	0.0	0.0	6.10642671585083	6.492824554443359	0.0	6.8037285804748535	0.0	0.0	0.0	0.0	0.0	4.587473392486572	0.0	4.260972499847412	0.0	0.0	0.0	0.0	4.464900493621826	0.0	3.633544683456421	0.0	0.0	0.0	0.0	0.0	0.0	0.0	0.0	0.0	0.0	0.0	0.0	0.0	0.0	0.0	0.0	6.349036693572998	5.240177631378174	4.398730754852295	5.139556407928467	5.3851728439331055	0.0	6.048971176147461	5.358489990234375	5.024903297424316	5.906854152679443	0.0	0.0	0.0	5.579024314880371	0.0	0.0	0.0	0.0	0.0	5.106783866882324	0.0	0.0	0.0	5.083082675933838	0.0	0.0
4.3658976554870605	0.0	0.0	6.173091888427734	6.571043491363525	0.0	6.892574310302734	0.0	0.0	0.0	0.0	0.0	4.659519672393799	0.0	4.333873748779297	0.0	0.0	0.0	0.0	4.53592586517334	0.0	3.6976876258850098	0.0	0.0	0.0	0.0	0.0	0.0	0.0	0.0	0.0	0.0	0.0	0.0	0.0	0.0	0.0	0.0	6.437684059143066	5.318819999694824	4.450700283050537	5.215952396392822	5.463122844696045	0.0	6.144603252410889	5.446897983551025	5.1055169105529785	5.986068248748779	0.0	0.0	0.0	5.659900188446045	0.0	0.0	0.0	0.0	0.0	5.185709476470947	0.0	0.0	0.0	5.164788246154785	0.0	0.0
4.376975059509277	0.0	0.0	6.21054220199585	6.606967449188232	0.0	6.922114372253418	0.0	0.0	0.0	0.0	0.0	4.675483703613281	0.0	4.357810974121094	0.0	0.0	0.0	0.0	4.551903247833252	0.0	3.710766315460205	0.0	0.0	0.0	0.0	0.0	0.0	0.0	0.0	0.0	0.0	0.0	0.0	0.0	0.0	0.0	0.0	6.467522144317627	5.342984199523926	4.479976177215576	5.231362342834473	5.485778331756592	0.0	6.159193515777588	5.458519458770752	5.122483730316162	6.005649566650391	0.0	0.0	0.0	5.6783366203308105	0.0	0.0	0.0	0.0	0.0	5.209831714630127	0.0	0.0	0.0	5.180891036987305	0.0	0.0
4.36106538772583	0.0	0.0	6.182642936706543	6.581651210784912	0.0	6.898575305938721	0.0	0.0	0.0	0.0	0.0	4.6560564041137695	0.0	4.3212056159973145	0.0	0.0	0.0	0.0	4.534718990325928	0.0	3.696073293685913	0.0	0.0	0.0	0.0	0.0	0.0	0.0	0.0	0.0	0.0	0.0	0.0	0.0	0.0	0.0	0.0	6.4402995109558105	5.315557956695557	4.460865497589111	5.215141296386719	5.459248065948486	0.0	6.143469333648682	5.437705039978027	5.101593017578125	5.980985641479492	0.0	0.0	0.0	5.655672550201416	0.0	0.0	0.0	0.0	0.0	5.181484222412109	0.0	0.0	0.0	5.158126354217529	0.0	0.0
4.424197673797607	0.0	0.0	6.22760009765625	6.632310390472412	0.0	6.9527411460876465	0.0	0.0	0.0	0.0	0.0	4.720339298248291	0.0	4.393954277038574	0.0	0.0	0.0	0.0	4.586009979248047	0.0	3.753098487854004	0.0	0.0	0.0	0.0	0.0	0.0	0.0	0.0	0.0	0.0	0.0	0.0	0.0	0.0	0.0	0.0	6.505325794219971	5.379018783569336	4.49920129776001	5.279183387756348	5.524555206298828	0.0	6.197544097900391	5.490567207336426	5.162140846252441	6.037635803222656	0.0	0.0	0.0	5.721321105957031	0.0	0.0	0.0	0.0	0.0	5.251516342163086	0.0	0.0	0.0	5.225944995880127	0.0	0.0
4.536722183227539	0.0	0.0	6.3832807540893555	6.79398775100708	0.0	7.126455783843994	0.0	0.0	0.0	0.0	0.0	4.831123352050781	0.0	4.499761581420898	0.0	0.0	0.0	0.0	4.704432487487793	0.0	3.8522260189056396	0.0	0.0	0.0	0.0	0.0	0.0	0.0	0.0	0.0	0.0	0.0	0.0	0.0	0.0	0.0	0.0	6.659217834472656	5.5044379234313965	4.604249477386475	5.4029860496521	5.65931510925293	0.0	6.367731094360352	5.635468006134033	5.293731212615967	6.181596755981445	0.0	0.0	0.0	5.85308837890625	0.0	0.0	0.0	0.0	0.0	5.373180389404297	0.0	0.0	0.0	5.347690582275391	0.0	0.0
4.334214210510254	0.0	0.0	6.157711505889893	6.5493083000183105	0.0	6.85957670211792	0.0	0.0	0.0	0.0	0.0	4.6325812339782715	0.0	4.304398536682129	0.0	0.0	0.0	0.0	4.503371715545654	0.0	3.6689469814300537	0.0	0.0	0.0	0.0	0.0	0.0	0.0	0.0	0.0	0.0	0.0	0.0	0.0	0.0	0.0	0.0	6.401993751525879	5.286393165588379	4.436343193054199	5.183891296386719	5.430016040802002	0.0	6.10256814956665	5.40178108215332	5.065070629119873	5.9571003913879395	0.0	0.0	0.0	5.627990245819092	0.0	0.0	0.0	0.0	0.0	5.15207052230835	0.0	0.0	0.0	5.125528335571289	0.0	0.0
4.453128814697266	0.0	0.0	6.2526044845581055	6.652867317199707	0.0	6.98052978515625	0.0	0.0	0.0	0.0	0.0	4.7369866371154785	0.0	4.424154281616211	0.0	0.0	0.0	0.0	4.603221893310547	0.0	3.778669834136963	0.0	0.0	0.0	0.0	0.0	0.0	0.0	0.0	0.0	0.0	0.0	0.0	0.0	0.0	0.0	0.0	6.532057762145996	5.40825891494751	4.511558532714844	5.30234956741333	5.546775817871094	0.0	6.228819370269775	5.514337539672852	5.182741165161133	6.0546488761901855	0.0	0.0	0.0	5.743938446044922	0.0	0.0	0.0	0.0	0.0	5.275668621063232	0.0	0.0	0.0	5.246706485748291	0.0	0.0
4.256814002990723	0.0	0.0	6.07041597366333	6.453315734863281	0.0	6.757907390594482	0.0	0.0	0.0	0.0	0.0	4.549360275268555	0.0	4.229250907897949	0.0	0.0	0.0	0.0	4.434479236602783	0.0	3.602877378463745	0.0	0.0	0.0	0.0	0.0	0.0	0.0	0.0	0.0	0.0	0.0	0.0	0.0	0.0	0.0	0.0	6.302690505981445	5.2047858238220215	4.370655059814453	5.104048252105713	5.35036039352417	0.0	6.00644063949585	5.3234734535217285	4.9877142906188965	5.873529434204102	0.0	0.0	0.0	5.542010307312012	0.0	0.0	0.0	0.0	0.0	5.070316314697266	0.0	0.0	0.0	5.049673557281494	0.0	0.0
4.152053356170654	0.0	0.0	5.926518440246582	6.3057861328125	0.0	6.601558208465576	0.0	0.0	0.0	0.0	0.0	4.437764644622803	0.0	4.122445583343506	0.0	0.0	0.0	0.0	4.327377796173096	0.0	3.5084481239318848	0.0	0.0	0.0	0.0	0.0	0.0	0.0	0.0	0.0	0.0	0.0	0.0	0.0	0.0	0.0	0.0	6.164286136627197	5.081702709197998	4.2656025886535645	4.980164527893066	5.219793319702148	0.0	5.868837356567383	5.199250221252441	4.868126392364502	5.735062122344971	0.0	0.0	0.0	5.413184642791748	0.0	0.0	0.0	0.0	0.0	4.9513678550720215	0.0	0.0	0.0	4.928201198577881	0.0	0.0
4.261523246765137	0.0	0.0	6.075984477996826	6.461572647094727	0.0	6.766928195953369	0.0	0.0	0.0	0.0	0.0	4.559500694274902	0.0	4.2349853515625	0.0	0.0	0.0	0.0	4.43931770324707	0.0	3.6094982624053955	0.0	0.0	0.0	0.0	0.0	0.0	0.0	0.0	0.0	0.0	0.0	0.0	0.0	0.0	0.0	0.0	6.313309669494629	5.216246604919434	4.375519752502441	5.110772609710693	5.353178977966309	0.0	6.015188694000244	5.330722332000732	4.9922943115234375	5.880244731903076	0.0	0.0	0.0	5.551900386810303	0.0	0.0	0.0	0.0	0.0	5.079378128051758	0.0	0.0	0.0	5.055693626403809	0.0	0.0
4.241084575653076	0.0	0.0	6.042812347412109	6.429152011871338	0.0	6.732478618621826	0.0	0.0	0.0	0.0	0.0	4.53667688369751	0.0	4.210430145263672	0.0	0.0	0.0	0.0	4.414865970611572	0.0	3.588749408721924	0.0	0.0	0.0	0.0	0.0	0.0	0.0	0.0	0.0	0.0	0.0	0.0	0.0	0.0	0.0	0.0	6.281421661376953	5.186220169067383	4.3532233238220215	5.082141876220703	5.331647872924805	0.0	5.988194465637207	5.301660537719727	4.964694976806641	5.851145267486572	0.0	0.0	0.0	5.5227837562561035	0.0	0.0	0.0	0.0	0.0	5.04996395111084	0.0	0.0	0.0	5.029555320739746	0.0	0.0
4.277163982391357	0.0	0.0	6.090389251708984	6.470484256744385	0.0	6.779035568237305	0.0	0.0	0.0	0.0	0.0	4.567639350891113	0.0	4.248931407928467	0.0	0.0	0.0	0.0	4.445032119750977	0.0	3.6185715198516846	0.0	0.0	0.0	0.0	0.0	0.0	0.0	0.0	0.0	0.0	0.0	0.0	0.0	0.0	0.0	0.0	6.326560974121094	5.224947452545166	4.3823933601379395	5.12291955947876	5.36828088760376	0.0	6.025475978851318	5.339020729064941	5.002508163452148	5.889305591583252	0.0	0.0	0.0	5.557575225830078	0.0	0.0	0.0	0.0	0.0	5.088693141937256	0.0	0.0	0.0	5.069884300231934	0.0	0.0
4.401886940002441	0.0	0.0	6.239741325378418	6.631375789642334	0.0	6.9535813331604	0.0	0.0	0.0	0.0	0.0	4.702597618103027	0.0	4.376029014587402	0.0	0.0	0.0	0.0	4.575658321380615	0.0	3.7286529541015625	0.0	0.0	0.0	0.0	0.0	0.0	0.0	0.0	0.0	0.0	0.0	0.0	0.0	0.0	0.0	0.0	6.496523857116699	5.367691516876221	4.494173049926758	5.2640700340271	5.514650821685791	0.0	6.18832540512085	5.489361763000488	5.141883850097656	6.035780429840088	0.0	0.0	0.0	5.711731433868408	0.0	0.0	0.0	0.0	0.0	5.226742744445801	0.0	0.0	0.0	5.206030368804932	0.0	0.0
4.23652982711792	0.0	0.0	6.044641971588135	6.42052698135376	0.0	6.726969242095947	0.0	0.0	0.0	0.0	0.0	4.527843952178955	0.0	4.207364082336426	0.0	0.0	0.0	0.0	4.4079179763793945	0.0	3.587327480316162	0.0	0.0	0.0	0.0	0.0	0.0	0.0	0.0	0.0	0.0	0.0	0.0	0.0	0.0	0.0	0.0	6.272294521331787	5.179024696350098	4.347563743591309	5.078948497772217	5.318673610687256	0.0	5.9805803298950195	5.292174816131592	4.95859432220459	5.844515800476074	0.0	0.0	0.0	5.517115116119385	0.0	0.0	0.0	0.0	0.0	5.044473171234131	0.0	0.0	0.0	5.0200276374816895	0.0	0.0
4.323737621307373	0.0	0.0	6.148802757263184	6.538549423217773	0.0	6.84971809387207	0.0	0.0	0.0	0.0	0.0	4.619622707366943	0.0	4.2942633628845215	0.0	0.0	0.0	0.0	4.496626377105713	0.0	3.669023036956787	0.0	0.0	0.0	0.0	0.0	0.0	0.0	0.0	0.0	0.0	0.0	0.0	0.0	0.0	0.0	0.0	6.389596462249756	5.277276992797852	4.431297302246094	5.175612926483154	5.414984226226807	0.0	6.09221887588501	5.391363143920898	5.060341835021973	5.952569961547852	0.0	0.0	0.0	5.6202778816223145	0.0	0.0	0.0	0.0	0.0	5.141495704650879	0.0	0.0	0.0	5.112174987792969	0.0	0.0
4.315223217010498	0.0	0.0	6.135307788848877	6.525928497314453	0.0	6.839299201965332	0.0	0.0	0.0	0.0	0.0	4.613141059875488	0.0	4.29066276550293	0.0	0.0	0.0	0.0	4.491582870483398	0.0	3.6585350036621094	0.0	0.0	0.0	0.0	0.0	0.0	0.0	0.0	0.0	0.0	0.0	0.0	0.0	0.0	0.0	0.0	6.383514881134033	5.271188735961914	4.418186664581299	5.167230129241943	5.4123921394348145	0.0	6.080162525177002	5.3894429206848145	5.0506510734558105	5.933559894561768	0.0	0.0	0.0	5.613263130187988	0.0	0.0	0.0	0.0	0.0	5.1393351554870605	0.0	0.0	0.0	5.1123881340026855	0.0	0.0
4.126384258270264	0.0	0.0	5.900526523590088	6.277751445770264	0.0	6.570743083953857	0.0	0.0	0.0	0.0	0.0	4.41545295715332	0.0	4.100305557250977	0.0	0.0	0.0	0.0	4.30104923248291	0.0	3.489574909210205	0.0	0.0	0.0	0.0	0.0	0.0	0.0	0.0	0.0	0.0	0.0	0.0	0.0	0.0	0.0	0.0	6.130330562591553	5.054343223571777	4.246441841125488	4.954195976257324	5.190884590148926	0.0	5.838874816894531	5.174385070800781	4.839694499969482	5.707939147949219	0.0	0.0	0.0	5.3857741355896	0.0	0.0	0.0	0.0	0.0	4.921885013580322	0.0	0.0	0.0	4.899036407470703	0.0	0.0
4.303127765655518	0.0	0.0	6.119235038757324	6.510853290557861	0.0	6.8205084800720215	0.0	0.0	0.0	0.0	0.0	4.60294771194458	0.0	4.274943828582764	0.0	0.0	0.0	0.0	4.477336883544922	0.0	3.6431243419647217	0.0	0.0	0.0	0.0	0.0	0.0	0.0	0.0	0.0	0.0	0.0	0.0	0.0	0.0	0.0	0.0	6.368335723876953	5.257258415222168	4.4129838943481445	5.154641151428223	5.403393268585205	0.0	6.067829132080078	5.374752044677734	5.034897327423096	5.927188396453857	0.0	0.0	0.0	5.598112106323242	0.0	0.0	0.0	0.0	0.0	5.119697570800781	0.0	0.0	0.0	5.097968101501465	0.0	0.0
4.204156398773193	0.0	0.0	6.004071235656738	6.3845953941345215	0.0	6.683528423309326	0.0	0.0	0.0	0.0	0.0	4.496468544006348	0.0	4.178621292114258	0.0	0.0	0.0	0.0	4.377504348754883	0.0	3.556394577026367	0.0	0.0	0.0	0.0	0.0	0.0	0.0	0.0	0.0	0.0	0.0	0.0	0.0	0.0	0.0	0.0	6.235157012939453	5.145614147186279	4.322591781616211	5.046032905578613	5.287127494812012	0.0	5.93907356262207	5.265568256378174	4.924880504608154	5.811030387878418	0.0	0.0	0.0	5.481301307678223	0.0	0.0	0.0	0.0	0.0	5.01129150390625	0.0	0.0	0.0	4.9893717765808105	0.0	0.0
4.3541107177734375	0.0	0.0	6.186641693115234	6.576223850250244	0.0	6.889880180358887	0.0	0.0	0.0	0.0	0.0	4.654570579528809	0.0	4.3198323249816895	0.0	0.0	0.0	0.0	4.5283684730529785	0.0	3.695159673690796	0.0	0.0	0.0	0.0	0.0	0.0	0.0	0.0	0.0	0.0	0.0	0.0	0.0	0.0	0.0	0.0	6.430675983428955	5.30650520324707	4.458459377288818	5.206653594970703	5.45462703704834	0.0	6.132475852966309	5.423807621002197	5.099401950836182	5.991302967071533	0.0	0.0	0.0	5.6584296226501465	0.0	0.0	0.0	0.0	0.0	5.177748203277588	0.0	0.0	0.0	5.148556232452393	0.0	0.0
4.1911091804504395	0.0	0.0	5.991097450256348	6.36759614944458	0.0	6.66200590133667	0.0	0.0	0.0	0.0	0.0	4.483168601989746	0.0	4.173528671264648	0.0	0.0	0.0	0.0	4.361555576324463	0.0	3.547043561935425	0.0	0.0	0.0	0.0	0.0	0.0	0.0	0.0	0.0	0.0	0.0	0.0	0.0	0.0	0.0	0.0	6.220232963562012	5.137197494506836	4.30359411239624	5.034710884094238	5.273309230804443	0.0	5.918283462524414	5.245615005493164	4.907182693481445	5.799715042114258	0.0	0.0	0.0	5.4679155349731445	0.0	0.0	0.0	0.0	0.0	5.002292156219482	0.0	0.0	0.0	4.978883743286133	0.0	0.0
4.293013095855713	0.0	0.0	6.104162693023682	6.492854118347168	0.0	6.802984714508057	0.0	0.0	0.0	0.0	0.0	4.58394193649292	0.0	4.263471603393555	0.0	0.0	0.0	0.0	4.468080520629883	0.0	3.6378684043884277	0.0	0.0	0.0	0.0	0.0	0.0	0.0	0.0	0.0	0.0	0.0	0.0	0.0	0.0	0.0	0.0	6.353648662567139	5.243300437927246	4.400709629058838	5.142280101776123	5.38608980178833	0.0	6.054683685302734	5.364666938781738	5.025800704956055	5.910206317901611	0.0	0.0	0.0	5.583676338195801	0.0	0.0	0.0	0.0	0.0	5.1125874519348145	0.0	0.0	0.0	5.090579986572266	0.0	0.0
4.436678886413574	0.0	0.0	6.252456188201904	6.644227981567383	0.0	6.973318576812744	0.0	0.0	0.0	0.0	0.0	4.724294185638428	0.0	4.409609794616699	0.0	0.0	0.0	0.0	4.599024295806885	0.0	3.758039712905884	0.0	0.0	0.0	0.0	0.0	0.0	0.0	0.0	0.0	0.0	0.0	0.0	0.0	0.0	0.0	0.0	6.524033069610596	5.39112663269043	4.506897926330566	5.291499137878418	5.533620357513428	0.0	6.223807334899902	5.518930912017822	5.1793341636657715	6.050981521606445	0.0	0.0	0.0	5.7348408699035645	0.0	0.0	0.0	0.0	0.0	5.260290622711182	0.0	0.0	0.0	5.24094820022583	0.0	0.0
4.980851650238037	0.0	0.0	6.90932559967041	7.295373916625977	0.0	7.654468059539795	0.0	0.0	0.0	0.0	0.0	5.2871012687683105	0.0	5.02020263671875	0.0	0.0	0.0	0.0	5.112847805023193	0.0	4.298517227172852	0.0	0.0	0.0	0.0	0.0	0.0	0.0	0.0	0.0	0.0	0.0	0.0	0.0	0.0	0.0	0.0	7.195871353149414	6.041329383850098	4.938765048980713	5.935451030731201	6.132488250732422	0.0	6.850884437561035	6.072550296783447	5.733354568481445	6.699484825134277	0.0	0.0	0.0	6.354715824127197	0.0	0.0	0.0	0.0	0.0	5.906641483306885	0.0	0.0	0.0	5.845752716064453	0.0	0.0
4.404145240783691	0.0	0.0	6.248618125915527	6.646176338195801	0.0	6.9627227783203125	0.0	0.0	0.0	0.0	0.0	4.708931922912598	0.0	4.375161647796631	0.0	0.0	0.0	0.0	4.574353218078613	0.0	3.736407995223999	0.0	0.0	0.0	0.0	0.0	0.0	0.0	0.0	0.0	0.0	0.0	0.0	0.0	0.0	0.0	0.0	6.494737148284912	5.360435485839844	4.514643669128418	5.262606143951416	5.510196685791016	0.0	6.2035417556762695	5.482933521270752	5.147387981414795	6.047813892364502	0.0	0.0	0.0	5.719155311584473	0.0	0.0	0.0	0.0	0.0	5.236104488372803	0.0	0.0	0.0	5.2053961753845215	0.0	0.0
4.345491409301758	0.0	0.0	6.153711795806885	6.545589923858643	0.0	6.863738536834717	0.0	0.0	0.0	0.0	0.0	4.638742923736572	0.0	4.312985420227051	0.0	0.0	0.0	0.0	4.510158538818359	0.0	3.677678108215332	0.0	0.0	0.0	0.0	0.0	0.0	0.0	0.0	0.0	0.0	0.0	0.0	0.0	0.0	0.0	0.0	6.411752700805664	5.292596340179443	4.436033725738525	5.189347743988037	5.436446189880371	0.0	6.110209941864014	5.416082382202148	5.080446720123291	5.959163188934326	0.0	0.0	0.0	5.637648582458496	0.0	0.0	0.0	0.0	0.0	5.16139030456543	0.0	0.0	0.0	5.1359028816223145	0.0	0.0
4.25581169128418	0.0	0.0	6.0649189949035645	6.450483798980713	0.0	6.755157470703125	0.0	0.0	0.0	0.0	0.0	4.549576282501221	0.0	4.221794605255127	0.0	0.0	0.0	0.0	4.4285502433776855	0.0	3.603041172027588	0.0	0.0	0.0	0.0	0.0	0.0	0.0	0.0	0.0	0.0	0.0	0.0	0.0	0.0	0.0	0.0	6.305635929107666	5.200968265533447	4.367757797241211	5.10258150100708	5.344641208648682	0.0	6.0067548751831055	5.319430828094482	4.980739116668701	5.873998165130615	0.0	0.0	0.0	5.543369770050049	0.0	0.0	0.0	0.0	0.0	5.068849563598633	0.0	0.0	0.0	5.043494701385498	0.0	0.0
4.276522159576416	0.0	0.0	6.09299373626709	6.4784393310546875	0.0	6.786881923675537	0.0	0.0	0.0	0.0	0.0	4.5723185539245605	0.0	4.2485032081604	0.0	0.0	0.0	0.0	4.453079700469971	0.0	3.623509407043457	0.0	0.0	0.0	0.0	0.0	0.0	0.0	0.0	0.0	0.0	0.0	0.0	0.0	0.0	0.0	0.0	6.330091953277588	5.223342418670654	4.384763240814209	5.123127460479736	5.36363410949707	0.0	6.036250114440918	5.341479778289795	5.010159492492676	5.894485950469971	0.0	0.0	0.0	5.562073230743408	0.0	0.0	0.0	0.0	0.0	5.0897603034973145	0.0	0.0	0.0	5.06871223449707	0.0	0.0
4.164679527282715	0.0	0.0	5.953522682189941	6.33179235458374	0.0	6.629449844360352	0.0	0.0	0.0	0.0	0.0	4.457534313201904	0.0	4.136280059814453	0.0	0.0	0.0	0.0	4.338659763336182	0.0	3.5221009254455566	0.0	0.0	0.0	0.0	0.0	0.0	0.0	0.0	0.0	0.0	0.0	0.0	0.0	0.0	0.0	0.0	6.183023929595947	5.102624416351318	4.283702850341797	4.997833251953125	5.237933158874512	0.0	5.889179229736328	5.221076488494873	4.885465621948242	5.76028299331665	0.0	0.0	0.0	5.431283473968506	0.0	0.0	0.0	0.0	0.0	4.966939926147461	0.0	0.0	0.0	4.943898677825928	0.0	0.0
4.263160705566406	0.0	0.0	6.069640159606934	6.45606803894043	0.0	6.764490127563477	0.0	0.0	0.0	0.0	0.0	4.561975955963135	0.0	4.231258869171143	0.0	0.0	0.0	0.0	4.4399189949035645	0.0	3.6078109741210938	0.0	0.0	0.0	0.0	0.0	0.0	0.0	0.0	0.0	0.0	0.0	0.0	0.0	0.0	0.0	0.0	6.313378810882568	5.212344169616699	4.374733924865723	5.110762596130371	5.358099937438965	0.0	6.016879081726074	5.328278541564941	4.993276596069336	5.8760666847229	0.0	0.0	0.0	5.551248550415039	0.0	0.0	0.0	0.0	0.0	5.074118137359619	0.0	0.0	0.0	5.056082248687744	0.0	0.0
4.368466377258301	0.0	0.0	6.21065616607666	6.6067118644714355	0.0	6.923673152923584	0.0	0.0	0.0	0.0	0.0	4.669164657592773	0.0	4.337491989135742	0.0	0.0	0.0	0.0	4.543957233428955	0.0	3.7104690074920654	0.0	0.0	0.0	0.0	0.0	0.0	0.0	0.0	0.0	0.0	0.0	0.0	0.0	0.0	0.0	0.0	6.4522857666015625	5.330237865447998	4.472461223602295	5.227685451507568	5.471644878387451	0.0	6.156538963317871	5.448079586029053	5.116473197937012	6.000198841094971	0.0	0.0	0.0	5.673826694488525	0.0	0.0	0.0	0.0	0.0	5.191103935241699	0.0	0.0	0.0	5.170838832855225	0.0	0.0
4.3556318283081055	0.0	0.0	6.1817731857299805	6.583083629608154	0.0	6.8906779289245605	0.0	0.0	0.0	0.0	0.0	4.652085304260254	0.0	4.33317756652832	0.0	0.0	0.0	0.0	4.544343948364258	0.0	3.6839170455932617	0.0	0.0	0.0	0.0	0.0	0.0	0.0	0.0	0.0	0.0	0.0	0.0	0.0	0.0	0.0	0.0	6.433685302734375	5.321186542510986	4.466089725494385	5.211577892303467	5.464056015014648	0.0	6.137423515319824	5.446300983428955	5.101296901702881	5.984319686889648	0.0	0.0	0.0	5.662679195404053	0.0	0.0	0.0	0.0	0.0	5.186239719390869	0.0	0.0	0.0	5.161865711212158	0.0	0.0
4.2422285079956055	0.0	0.0	6.037854194641113	6.426754474639893	0.0	6.733200550079346	0.0	0.0	0.0	0.0	0.0	4.535404205322266	0.0	4.211400032043457	0.0	0.0	0.0	0.0	4.415746212005615	0.0	3.58796763420105	0.0	0.0	0.0	0.0	0.0	0.0	0.0	0.0	0.0	0.0	0.0	0.0	0.0	0.0	0.0	0.0	6.279776573181152	5.18332576751709	4.353190898895264	5.086418628692627	5.328600883483887	0.0	5.9857096672058105	5.303694725036621	4.967155456542969	5.846092224121094	0.0	0.0	0.0	5.521523475646973	0.0	0.0	0.0	0.0	0.0	5.049271583557129	0.0	0.0	0.0	5.0289506912231445	0.0	0.0
4.414876461029053	0.0	0.0	6.245280742645264	6.6458516120910645	0.0	6.9643402099609375	0.0	0.0	0.0	0.0	0.0	4.710954666137695	0.0	4.381184101104736	0.0	0.0	0.0	0.0	4.591257572174072	0.0	3.738023281097412	0.0	0.0	0.0	0.0	0.0	0.0	0.0	0.0	0.0	0.0	0.0	0.0	0.0	0.0	0.0	0.0	6.51497220993042	5.374238967895508	4.506017208099365	5.266886234283447	5.520675182342529	0.0	6.206254005432129	5.497756481170654	5.157314300537109	6.038602828979492	0.0	0.0	0.0	5.721299171447754	0.0	0.0	0.0	0.0	0.0	5.232100009918213	0.0	0.0	0.0	5.213066577911377	0.0	0.0
4.415388107299805	0.0	0.0	6.2614312171936035	6.652573585510254	0.0	6.974386692047119	0.0	0.0	0.0	0.0	0.0	4.722253799438477	0.0	4.395692825317383	0.0	0.0	0.0	0.0	4.595043659210205	0.0	3.7490904331207275	0.0	0.0	0.0	0.0	0.0	0.0	0.0	0.0	0.0	0.0	0.0	0.0	0.0	0.0	0.0	0.0	6.513564109802246	5.3938679695129395	4.508744716644287	5.28823184967041	5.531644821166992	0.0	6.207098007202148	5.495129585266113	5.165304183959961	6.0522661209106445	0.0	0.0	0.0	5.729686737060547	0.0	0.0	0.0	0.0	0.0	5.248969078063965	0.0	0.0	0.0	5.233195781707764	0.0	0.0
4.302487850189209	0.0	0.0	6.124845027923584	6.512061595916748	0.0	6.820284843444824	0.0	0.0	0.0	0.0	0.0	4.597717761993408	0.0	4.272268772125244	0.0	0.0	0.0	0.0	4.479061603546143	0.0	3.643183469772339	0.0	0.0	0.0	0.0	0.0	0.0	0.0	0.0	0.0	0.0	0.0	0.0	0.0	0.0	0.0	0.0	6.363796710968018	5.252565383911133	4.41052770614624	5.152912616729736	5.395384788513184	0.0	6.064155578613281	5.3717122077941895	5.030359268188477	5.923348426818848	0.0	0.0	0.0	5.592705726623535	0.0	0.0	0.0	0.0	0.0	5.123379707336426	0.0	0.0	0.0	5.092916011810303	0.0	0.0
4.3913679122924805	0.0	0.0	6.231218338012695	6.627054214477539	0.0	6.950838565826416	0.0	0.0	0.0	0.0	0.0	4.694629192352295	0.0	4.355339050292969	0.0	0.0	0.0	0.0	4.5639142990112305	0.0	3.725965976715088	0.0	0.0	0.0	0.0	0.0	0.0	0.0	0.0	0.0	0.0	0.0	0.0	0.0	0.0	0.0	0.0	6.478199481964111	5.345367908477783	4.495762825012207	5.2505202293396	5.491625785827637	0.0	6.1815409660339355	5.460599422454834	5.129574298858643	6.026171684265137	0.0	0.0	0.0	5.698147773742676	0.0	0.0	0.0	0.0	0.0	5.219777584075928	0.0	0.0	0.0	5.1849212646484375	0.0	0.0
4.338990688323975	0.0	0.0	6.166294574737549	6.554287433624268	0.0	6.86899471282959	0.0	0.0	0.0	0.0	0.0	4.63596248626709	0.0	4.309875011444092	0.0	0.0	0.0	0.0	4.514572620391846	0.0	3.680521249771118	0.0	0.0	0.0	0.0	0.0	0.0	0.0	0.0	0.0	0.0	0.0	0.0	0.0	0.0	0.0	0.0	6.412736892700195	5.300723075866699	4.439342021942139	5.192698001861572	5.4434051513671875	0.0	6.11977481842041	5.414605140686035	5.077735424041748	5.967988014221191	0.0	0.0	0.0	5.642378807067871	0.0	0.0	0.0	0.0	0.0	5.166274070739746	0.0	0.0	0.0	5.138758659362793	0.0	0.0
4.28153657913208	0.0	0.0	6.096090316772461	6.4864068031311035	0.0	6.792133331298828	0.0	0.0	0.0	0.0	0.0	4.574827671051025	0.0	4.24632453918457	0.0	0.0	0.0	0.0	4.454452991485596	0.0	3.625382900238037	0.0	0.0	0.0	0.0	0.0	0.0	0.0	0.0	0.0	0.0	0.0	0.0	0.0	0.0	0.0	0.0	6.332608222961426	5.2311272621154785	4.388885021209717	5.128409385681152	5.3700642585754395	0.0	6.038782119750977	5.346066474914551	5.006869792938232	5.898013114929199	0.0	0.0	0.0	5.571855068206787	0.0	0.0	0.0	0.0	0.0	5.096010208129883	0.0	0.0	0.0	5.0713582038879395	0.0	0.0
4.239015102386475	0.0	0.0	6.038575172424316	6.4201860427856445	0.0	6.727065086364746	0.0	0.0	0.0	0.0	0.0	4.5306782722473145	0.0	4.210653781890869	0.0	0.0	0.0	0.0	4.411083221435547	0.0	3.586400032043457	0.0	0.0	0.0	0.0	0.0	0.0	0.0	0.0	0.0	0.0	0.0	0.0	0.0	0.0	0.0	0.0	6.276191711425781	5.183099746704102	4.349513053894043	5.080881595611572	5.32626485824585	0.0	5.982174396514893	5.300899505615234	4.961801528930664	5.84315824508667	0.0	0.0	0.0	5.51832914352417	0.0	0.0	0.0	0.0	0.0	5.045759677886963	0.0	0.0	0.0	5.025476455688477	0.0	0.0
4.359009265899658	0.0	0.0	6.196049213409424	6.594374656677246	0.0	6.896557807922363	0.0	0.0	0.0	0.0	0.0	4.659090995788574	0.0	4.325552940368652	0.0	0.0	0.0	0.0	4.552091121673584	0.0	3.6914560794830322	0.0	0.0	0.0	0.0	0.0	0.0	0.0	0.0	0.0	0.0	0.0	0.0	0.0	0.0	0.0	0.0	6.434914588928223	5.32328987121582	4.47744607925415	5.2134928703308105	5.473855495452881	0.0	6.14511251449585	5.451150417327881	5.105588436126709	5.9917521476745605	0.0	0.0	0.0	5.673309803009033	0.0	0.0	0.0	0.0	0.0	5.19038724899292	0.0	0.0	0.0	5.166804790496826	0.0	0.0
4.304264068603516	0.0	0.0	6.127747058868408	6.512257099151611	0.0	6.822510719299316	0.0	0.0	0.0	0.0	0.0	4.598822116851807	0.0	4.273014545440674	0.0	0.0	0.0	0.0	4.479663848876953	0.0	3.639625072479248	0.0	0.0	0.0	0.0	0.0	0.0	0.0	0.0	0.0	0.0	0.0	0.0	0.0	0.0	0.0	0.0	6.367452621459961	5.256805896759033	4.411613464355469	5.154084205627441	5.4035797119140625	0.0	6.070898056030273	5.375921249389648	5.038236141204834	5.927412986755371	0.0	0.0	0.0	5.593828201293945	0.0	0.0	0.0	0.0	0.0	5.123727798461914	0.0	0.0	0.0	5.101393222808838	0.0	0.0
4.375101089477539	0.0	0.0	6.219409942626953	6.611381530761719	0.0	6.930064678192139	0.0	0.0	0.0	0.0	0.0	4.68192720413208	0.0	4.355653762817383	0.0	0.0	0.0	0.0	4.555108070373535	0.0	3.7137632369995117	0.0	0.0	0.0	0.0	0.0	0.0	0.0	0.0	0.0	0.0	0.0	0.0	0.0	0.0	0.0	0.0	6.467813014984131	5.340832233428955	4.486922740936279	5.238173007965088	5.486553192138672	0.0	6.171604633331299	5.46086311340332	5.12368106842041	6.011012077331543	0.0	0.0	0.0	5.684863567352295	0.0	0.0	0.0	0.0	0.0	5.213380813598633	0.0	0.0	0.0	5.182397365570068	0.0	0.0
4.314544677734375	0.0	0.0	6.126875877380371	6.513415813446045	0.0	6.827020168304443	0.0	0.0	0.0	0.0	0.0	4.6074700355529785	0.0	4.279850959777832	0.0	0.0	0.0	0.0	4.485226631164551	0.0	3.652829647064209	0.0	0.0	0.0	0.0	0.0	0.0	0.0	0.0	0.0	0.0	0.0	0.0	0.0	0.0	0.0	0.0	6.374778747558594	5.262919902801514	4.411210536956787	5.16166877746582	5.407658576965332	0.0	6.076043605804443	5.384552955627441	5.04376745223999	5.930786609649658	0.0	0.0	0.0	5.6055378913879395	0.0	0.0	0.0	0.0	0.0	5.13337516784668	0.0	0.0	0.0	5.103823184967041	0.0	0.0
4.319133758544922	0.0	0.0	6.146256446838379	6.534543514251709	0.0	6.84866189956665	0.0	0.0	0.0	0.0	0.0	4.617945194244385	0.0	4.292108535766602	0.0	0.0	0.0	0.0	4.496148109436035	0.0	3.661012649536133	0.0	0.0	0.0	0.0	0.0	0.0	0.0	0.0	0.0	0.0	0.0	0.0	0.0	0.0	0.0	0.0	6.389095783233643	5.275145530700684	4.4237823486328125	5.174315929412842	5.416290760040283	0.0	6.090993404388428	5.391556262969971	5.057503700256348	5.946571350097656	0.0	0.0	0.0	5.618262767791748	0.0	0.0	0.0	0.0	0.0	5.143899440765381	0.0	0.0	0.0	5.114750385284424	0.0	0.0
4.479491710662842	0.0	0.0	6.301595687866211	6.706145286560059	0.0	7.036780834197998	0.0	0.0	0.0	0.0	0.0	4.775551795959473	0.0	4.441495418548584	0.0	0.0	0.0	0.0	4.639241695404053	0.0	3.8043243885040283	0.0	0.0	0.0	0.0	0.0	0.0	0.0	0.0	0.0	0.0	0.0	0.0	0.0	0.0	0.0	0.0	6.582001686096191	5.444396495819092	4.551716327667236	5.335601329803467	5.591039657592773	0.0	6.285244941711426	5.557196140289307	5.226966857910156	6.102591514587402	0.0	0.0	0.0	5.788419723510742	0.0	0.0	0.0	0.0	0.0	5.3102922439575195	0.0	0.0	0.0	5.284228324890137	0.0	0.0
4.3761982917785645	0.0	0.0	6.212362289428711	6.603275775909424	0.0	6.924359321594238	0.0	0.0	0.0	0.0	0.0	4.669558525085449	0.0	4.345829010009766	0.0	0.0	0.0	0.0	4.553065299987793	0.0	3.7102839946746826	0.0	0.0	0.0	0.0	0.0	0.0	0.0	0.0	0.0	0.0	0.0	0.0	0.0	0.0	0.0	0.0	6.462966442108154	5.334112167358398	4.478224754333496	5.2346038818359375	5.482607364654541	0.0	6.160917282104492	5.457961559295654	5.116835117340088	6.0094404220581055	0.0	0.0	0.0	5.676621913909912	0.0	0.0	0.0	0.0	0.0	5.203186511993408	0.0	0.0	0.0	5.183060646057129	0.0	0.0
4.214670181274414	0.0	0.0	6.016239643096924	6.398070335388184	0.0	6.699686527252197	0.0	0.0	0.0	0.0	0.0	4.5092291831970215	0.0	4.185992240905762	0.0	0.0	0.0	0.0	4.387933254241943	0.0	3.5667006969451904	0.0	0.0	0.0	0.0	0.0	0.0	0.0	0.0	0.0	0.0	0.0	0.0	0.0	0.0	0.0	0.0	6.252014636993408	5.1586432456970215	4.3282856941223145	5.055654525756836	5.299990653991699	0.0	5.953217029571533	5.272912979125977	4.937470436096191	5.81962776184082	0.0	0.0	0.0	5.494487285614014	0.0	0.0	0.0	0.0	0.0	5.026992321014404	0.0	0.0	0.0	5.003475189208984	0.0	0.0
4.279611587524414	0.0	0.0	6.091268539428711	6.4752116203308105	0.0	6.783669471740723	0.0	0.0	0.0	0.0	0.0	4.574985504150391	0.0	4.25054931640625	0.0	0.0	0.0	0.0	4.454248905181885	0.0	3.6246602535247803	0.0	0.0	0.0	0.0	0.0	0.0	0.0	0.0	0.0	0.0	0.0	0.0	0.0	0.0	0.0	0.0	6.33759880065918	5.230253219604492	4.389084815979004	5.128023147583008	5.374538898468018	0.0	6.038049697875977	5.349798202514648	5.009339809417725	5.892688751220703	0.0	0.0	0.0	5.567160129547119	0.0	0.0	0.0	0.0	0.0	5.0947065353393555	0.0	0.0	0.0	5.071056842803955	0.0	0.0
4.376495361328125	0.0	0.0	6.198896884918213	6.591512680053711	0.0	6.910344123840332	0.0	0.0	0.0	0.0	0.0	4.672449111938477	0.0	4.347154140472412	0.0	0.0	0.0	0.0	4.554364204406738	0.0	3.7003846168518066	0.0	0.0	0.0	0.0	0.0	0.0	0.0	0.0	0.0	0.0	0.0	0.0	0.0	0.0	0.0	0.0	6.456671714782715	5.329685688018799	4.470218658447266	5.229104518890381	5.480464458465576	0.0	6.165618896484375	5.4625372886657715	5.119894504547119	6.005890846252441	0.0	0.0	0.0	5.6801605224609375	0.0	0.0	0.0	0.0	0.0	5.197231292724609	0.0	0.0	0.0	5.1811323165893555	0.0	0.0
4.189822673797607	0.0	0.0	5.986416816711426	6.368691444396973	0.0	6.663039684295654	0.0	0.0	0.0	0.0	0.0	4.484611511230469	0.0	4.159849643707275	0.0	0.0	0.0	0.0	4.369172096252441	0.0	3.5421206951141357	0.0	0.0	0.0	0.0	0.0	0.0	0.0	0.0	0.0	0.0	0.0	0.0	0.0	0.0	0.0	0.0	6.221166610717773	5.128769874572754	4.310103416442871	5.028719902038574	5.271575450897217	0.0	5.925882816314697	5.249759674072266	4.914126396179199	5.794509410858154	0.0	0.0	0.0	5.466078281402588	0.0	0.0	0.0	0.0	0.0	4.9954633712768555	0.0	0.0	0.0	4.977260112762451	0.0	0.0
4.251400947570801	0.0	0.0	6.063560485839844	6.450066566467285	0.0	6.751461505889893	0.0	0.0	0.0	0.0	0.0	4.549182415008545	0.0	4.22489070892334	0.0	0.0	0.0	0.0	4.4273223876953125	0.0	3.6012070178985596	0.0	0.0	0.0	0.0	0.0	0.0	0.0	0.0	0.0	0.0	0.0	0.0	0.0	0.0	0.0	0.0	6.2982563972473145	5.200839042663574	4.363662242889404	5.100728511810303	5.342215061187744	0.0	6.001490592956543	5.317154407501221	4.978857040405273	5.868200302124023	0.0	0.0	0.0	5.541214466094971	0.0	0.0	0.0	0.0	0.0	5.066163063049316	0.0	0.0	0.0	5.041290283203125	0.0	0.0
4.284013271331787	0.0	0.0	6.099890232086182	6.483695983886719	0.0	6.794770240783691	0.0	0.0	0.0	0.0	0.0	4.581117630004883	0.0	4.253599643707275	0.0	0.0	0.0	0.0	4.459144115447998	0.0	3.625401258468628	0.0	0.0	0.0	0.0	0.0	0.0	0.0	0.0	0.0	0.0	0.0	0.0	0.0	0.0	0.0	0.0	6.340981960296631	5.236448764801025	4.393458366394043	5.132356643676758	5.376132011413574	0.0	6.044369220733643	5.350508213043213	5.017086982727051	5.904537677764893	0.0	0.0	0.0	5.571557998657227	0.0	0.0	0.0	0.0	0.0	5.098318099975586	0.0	0.0	0.0	5.073105812072754	0.0	0.0
4.640799522399902	0.0	0.0	6.483402729034424	6.910909652709961	0.0	7.252041339874268	0.0	0.0	0.0	0.0	0.0	4.939878940582275	0.0	4.604013919830322	0.0	0.0	0.0	0.0	4.798003196716309	0.0	3.9597983360290527	0.0	0.0	0.0	0.0	0.0	0.0	0.0	0.0	0.0	0.0	0.0	0.0	0.0	0.0	0.0	0.0	6.790933609008789	5.611462116241455	4.695080757141113	5.505954265594482	5.763609886169434	0.0	6.4969377517700195	5.722693920135498	5.416194915771484	6.276409149169922	0.0	0.0	0.0	5.97462272644043	0.0	0.0	0.0	0.0	0.0	5.476717472076416	0.0	0.0	0.0	5.449954986572266	0.0	0.0
4.437363624572754	0.0	0.0	6.2891459465026855	6.6808247566223145	0.0	6.998405933380127	0.0	0.0	0.0	0.0	0.0	4.7356414794921875	0.0	4.415726184844971	0.0	0.0	0.0	0.0	4.61659574508667	0.0	3.76493763923645	0.0	0.0	0.0	0.0	0.0	0.0	0.0	0.0	0.0	0.0	0.0	0.0	0.0	0.0	0.0	0.0	6.545871734619141	5.404561519622803	4.529246807098389	5.297420024871826	5.553999423980713	0.0	6.241745471954346	5.5233635902404785	5.19144868850708	6.074336051940918	0.0	0.0	0.0	5.751655101776123	0.0	0.0	0.0	0.0	0.0	5.274819850921631	0.0	0.0	0.0	5.248823165893555	0.0	0.0
4.276529788970947	0.0	0.0	6.08970832824707	6.476280689239502	0.0	6.785083293914795	0.0	0.0	0.0	0.0	0.0	4.571168899536133	0.0	4.245296001434326	0.0	0.0	0.0	0.0	4.448694705963135	0.0	3.6201283931732178	0.0	0.0	0.0	0.0	0.0	0.0	0.0	0.0	0.0	0.0	0.0	0.0	0.0	0.0	0.0	0.0	6.329713344573975	5.227298736572266	4.38232946395874	5.123437881469727	5.3648481369018555	0.0	6.032413959503174	5.340043067932129	5.004110336303711	5.897329807281494	0.0	0.0	0.0	5.5636210441589355	0.0	0.0	0.0	0.0	0.0	5.093137741088867	0.0	0.0	0.0	5.064922332763672	0.0	0.0
4.632995128631592	0.0	0.0	6.5384416580200195	6.896338939666748	0.0	7.22844123840332	0.0	0.0	0.0	0.0	0.0	4.947540283203125	0.0	4.666712284088135	0.0	0.0	0.0	0.0	4.778270244598389	0.0	3.9855809211730957	0.0	0.0	0.0	0.0	0.0	0.0	0.0	0.0	0.0	0.0	0.0	0.0	0.0	0.0	0.0	0.0	6.775765895843506	5.674476623535156	4.657443046569824	5.565639972686768	5.775963306427002	0.0	6.432104110717773	5.708980560302734	5.3705830574035645	6.339893341064453	0.0	0.0	0.0	5.976417064666748	0.0	0.0	0.0	0.0	0.0	5.529043197631836	0.0	0.0	0.0	5.489757537841797	0.0	0.0
4.851090431213379	0.0	0.0	6.7681965827941895	7.197360992431641	0.0	7.567121505737305	0.0	0.0	0.0	0.0	0.0	5.1563215255737305	0.0	4.826803207397461	0.0	0.0	0.0	0.0	5.016810417175293	0.0	4.166985034942627	0.0	0.0	0.0	0.0	0.0	0.0	0.0	0.0	0.0	0.0	0.0	0.0	0.0	0.0	0.0	0.0	7.065057277679443	5.864842891693115	4.899468898773193	5.75651741027832	5.996151447296143	0.0	6.760070323944092	5.956760883331299	5.638922214508057	6.5332441329956055	0.0	0.0	0.0	6.207761764526367	0.0	0.0	0.0	0.0	0.0	5.732111930847168	0.0	0.0	0.0	5.689197540283203	0.0	0.0
4.183843612670898	0.0	0.0	5.971277713775635	6.3502678871154785	0.0	6.649049758911133	0.0	0.0	0.0	0.0	0.0	4.472742080688477	0.0	4.152942180633545	0.0	0.0	0.0	0.0	4.355164527893066	0.0	3.5358898639678955	0.0	0.0	0.0	0.0	0.0	0.0	0.0	0.0	0.0	0.0	0.0	0.0	0.0	0.0	0.0	0.0	6.203365802764893	5.118114948272705	4.295795440673828	5.016389846801758	5.2564311027526855	0.0	5.907691955566406	5.2325568199157715	4.8991265296936035	5.779297828674316	0.0	0.0	0.0	5.453024387359619	0.0	0.0	0.0	0.0	0.0	4.983613014221191	0.0	0.0	0.0	4.961270332336426	0.0	0.0
4.538403034210205	0.0	0.0	6.404694557189941	6.807502269744873	0.0	7.131808757781982	0.0	0.0	0.0	0.0	0.0	4.844273090362549	0.0	4.501449108123779	0.0	0.0	0.0	0.0	4.734676361083984	0.0	3.8499197959899902	0.0	0.0	0.0	0.0	0.0	0.0	0.0	0.0	0.0	0.0	0.0	0.0	0.0	0.0	0.0	0.0	6.683078289031982	5.507423400878906	4.628990173339844	5.411657810211182	5.668652534484863	0.0	6.372988700866699	5.644589424133301	5.2980804443359375	6.185963153839111	0.0	0.0	0.0	5.875154495239258	0.0	0.0	0.0	0.0	0.0	5.374293327331543	0.0	0.0	0.0	5.358572959899902	0.0	0.0
4.269018650054932	0.0	0.0	6.076265335083008	6.458802223205566	0.0	6.769249439239502	0.0	0.0	0.0	0.0	0.0	4.561522006988525	0.0	4.2380876541137695	0.0	0.0	0.0	0.0	4.4409284591674805	0.0	3.6137428283691406	0.0	0.0	0.0	0.0	0.0	0.0	0.0	0.0	0.0	0.0	0.0	0.0	0.0	0.0	0.0	0.0	6.3140869140625	5.214015960693359	4.3772292137146	5.1151862144470215	5.356992721557617	0.0	6.023647785186768	5.329957008361816	4.995003700256348	5.883388519287109	0.0	0.0	0.0	5.551733016967773	0.0	0.0	0.0	0.0	0.0	5.083399295806885	0.0	0.0	0.0	5.0566864013671875	0.0	0.0
4.290372371673584	0.0	0.0	6.110267162322998	6.500715255737305	0.0	6.807463645935059	0.0	0.0	0.0	0.0	0.0	4.59018087387085	0.0	4.262883186340332	0.0	0.0	0.0	0.0	4.468947410583496	0.0	3.63539719581604	0.0	0.0	0.0	0.0	0.0	0.0	0.0	0.0	0.0	0.0	0.0	0.0	0.0	0.0	0.0	0.0	6.349491596221924	5.2433037757873535	4.398301124572754	5.142493724822998	5.386044025421143	0.0	6.054419994354248	5.3623199462890625	5.022693157196045	5.9150285720825195	0.0	0.0	0.0	5.586566925048828	0.0	0.0	0.0	0.0	0.0	5.1089911460876465	0.0	0.0	0.0	5.085444927215576	0.0	0.0
4.200003147125244	0.0	0.0	5.999227523803711	6.376523017883301	0.0	6.674641132354736	0.0	0.0	0.0	0.0	0.0	4.4902167320251465	0.0	4.173468112945557	0.0	0.0	0.0	0.0	4.371269702911377	0.0	3.551180362701416	0.0	0.0	0.0	0.0	0.0	0.0	0.0	0.0	0.0	0.0	0.0	0.0	0.0	0.0	0.0	0.0	6.229581832885742	5.142515659332275	4.314560413360596	5.036987781524658	5.283683776855469	0.0	5.933389186859131	5.256086826324463	4.920530796051025	5.8047590255737305	0.0	0.0	0.0	5.476439476013184	0.0	0.0	0.0	0.0	0.0	5.002949237823486	0.0	0.0	0.0	4.98429536819458	0.0	0.0
4.281789302825928	0.0	0.0	6.1003031730651855	6.486617088317871	0.0	6.791919708251953	0.0	0.0	0.0	0.0	0.0	4.579699993133545	0.0	4.257757186889648	0.0	0.0	0.0	0.0	4.4582390785217285	0.0	3.62850022315979	0.0	0.0	0.0	0.0	0.0	0.0	0.0	0.0	0.0	0.0	0.0	0.0	0.0	0.0	0.0	0.0	6.339860439300537	5.2322540283203125	4.391452312469482	5.130602836608887	5.3753533363342285	0.0	6.044374465942383	5.355260848999023	5.0125346183776855	5.8983283042907715	0.0	0.0	0.0	5.572614669799805	0.0	0.0	0.0	0.0	0.0	5.103740215301514	0.0	0.0	0.0	5.073678016662598	0.0	0.0
4.488876819610596	0.0	0.0	6.359287738800049	6.735673427581787	0.0	7.054802417755127	0.0	0.0	0.0	0.0	0.0	4.793745517730713	0.0	4.512241840362549	0.0	0.0	0.0	0.0	4.643953323364258	0.0	3.834463596343994	0.0	0.0	0.0	0.0	0.0	0.0	0.0	0.0	0.0	0.0	0.0	0.0	0.0	0.0	0.0	0.0	6.599091529846191	5.495504856109619	4.544468879699707	5.394783973693848	5.612892150878906	0.0	6.26689338684082	5.567159652709961	5.215863227844238	6.163578033447266	0.0	0.0	0.0	5.8226728439331055	0.0	0.0	0.0	0.0	0.0	5.355312824249268	0.0	0.0	0.0	5.32490348815918	0.0	0.0
4.2344441413879395	0.0	0.0	6.037480354309082	6.419997215270996	0.0	6.724608898162842	0.0	0.0	0.0	0.0	0.0	4.529304504394531	0.0	4.205169200897217	0.0	0.0	0.0	0.0	4.407473564147949	0.0	3.581716299057007	0.0	0.0	0.0	0.0	0.0	0.0	0.0	0.0	0.0	0.0	0.0	0.0	0.0	0.0	0.0	0.0	6.277307033538818	5.180148601531982	4.347813606262207	5.078834056854248	5.321676254272461	0.0	5.978773593902588	5.298233985900879	4.960367202758789	5.844058036804199	0.0	0.0	0.0	5.515675067901611	0.0	0.0	0.0	0.0	0.0	5.045328617095947	0.0	0.0	0.0	5.022921562194824	0.0	0.0
4.210168361663818	0.0	0.0	6.012504577636719	6.395893573760986	0.0	6.693235874176025	0.0	0.0	0.0	0.0	0.0	4.5024495124816895	0.0	4.180970668792725	0.0	0.0	0.0	0.0	4.38789176940918	0.0	3.5623934268951416	0.0	0.0	0.0	0.0	0.0	0.0	0.0	0.0	0.0	0.0	0.0	0.0	0.0	0.0	0.0	0.0	6.241733074188232	5.154723167419434	4.327593803405762	5.05413293838501	5.295158863067627	0.0	5.949551105499268	5.270877361297607	4.934930324554443	5.819281101226807	0.0	0.0	0.0	5.489381790161133	0.0	0.0	0.0	0.0	0.0	5.0193610191345215	0.0	0.0	0.0	4.99653959274292	0.0	0.0
4.501404285430908	0.0	0.0	6.356571674346924	6.765416622161865	0.0	7.086638450622559	0.0	0.0	0.0	0.0	0.0	4.801698207855225	0.0	4.470795154571533	0.0	0.0	0.0	0.0	4.6685872077941895	0.0	3.8300108909606934	0.0	0.0	0.0	0.0	0.0	0.0	0.0	0.0	0.0	0.0	0.0	0.0	0.0	0.0	0.0	0.0	6.614540100097656	5.472860336303711	4.583602428436279	5.3667521476745605	5.617771625518799	0.0	6.319242477416992	5.58478307723999	5.2582597732543945	6.15001106262207	0.0	0.0	0.0	5.822879314422607	0.0	0.0	0.0	0.0	0.0	5.342714309692383	0.0	0.0	0.0	5.307798385620117	0.0	0.0
5.007626533508301	0.0	0.0	6.933600425720215	7.3168416023254395	0.0	7.653533458709717	0.0	0.0	0.0	0.0	0.0	5.316259384155273	0.0	5.055050373077393	0.0	0.0	0.0	0.0	5.125510215759277	0.0	4.341761589050293	0.0	0.0	0.0	0.0	0.0	0.0	0.0	0.0	0.0	0.0	0.0	0.0	0.0	0.0	0.0	0.0	7.200448513031006	6.076272010803223	4.948118209838867	5.965213775634766	6.155523300170898	0.0	6.857314586639404	6.074794769287109	5.735151767730713	6.721288204193115	0.0	0.0	0.0	6.3783488273620605	0.0	0.0	0.0	0.0	0.0	5.9377923011779785	0.0	0.0	0.0	5.860728740692139	0.0	0.0
4.414298057556152	0.0	0.0	6.2353339195251465	6.634613037109375	0.0	6.961210250854492	0.0	0.0	0.0	0.0	0.0	4.71219539642334	0.0	4.3851776123046875	0.0	0.0	0.0	0.0	4.582461357116699	0.0	3.7379980087280273	0.0	0.0	0.0	0.0	0.0	0.0	0.0	0.0	0.0	0.0	0.0	0.0	0.0	0.0	0.0	0.0	6.498879909515381	5.3724894523620605	4.495574474334717	5.264774322509766	5.514257907867432	0.0	6.2046661376953125	5.493924617767334	5.155608177185059	6.044524669647217	0.0	0.0	0.0	5.719063758850098	0.0	0.0	0.0	0.0	0.0	5.237089157104492	0.0	0.0	0.0	5.215872764587402	0.0	0.0
4.8708906173706055	0.0	0.0	6.799478530883789	7.17982292175293	0.0	7.523693084716797	0.0	0.0	0.0	0.0	0.0	5.189908504486084	0.0	4.907256603240967	0.0	0.0	0.0	0.0	5.006380558013916	0.0	4.20440149307251	0.0	0.0	0.0	0.0	0.0	0.0	0.0	0.0	0.0	0.0	0.0	0.0	0.0	0.0	0.0	0.0	7.069488048553467	5.931208610534668	4.856112003326416	5.814181804656982	6.022928714752197	0.0	6.720546722412109	5.956733703613281	5.6137895584106445	6.592563152313232	0.0	0.0	0.0	6.242527008056641	0.0	0.0	0.0	0.0	0.0	5.780331134796143	0.0	0.0	0.0	5.733238697052002	0.0	0.0
4.2761549949646	0.0	0.0	6.0639967918396	6.459358215332031	0.0	6.7668304443359375	0.0	0.0	0.0	0.0	0.0	4.568796634674072	0.0	4.2442803382873535	0.0	0.0	0.0	0.0	4.444545269012451	0.0	3.615730047225952	0.0	0.0	0.0	0.0	0.0	0.0	0.0	0.0	0.0	0.0	0.0	0.0	0.0	0.0	0.0	0.0	6.321068286895752	5.220333576202393	4.38002347946167	5.1240434646606445	5.365638256072998	0.0	6.026599407196045	5.336638927459717	4.999032974243164	5.877645969390869	0.0	0.0	0.0	5.55465841293335	0.0	0.0	0.0	0.0	0.0	5.085269927978516	0.0	0.0	0.0	5.064105033874512	0.0	0.0
4.633911609649658	0.0	0.0	6.537647724151611	6.951188564300537	0.0	7.295015335083008	0.0	0.0	0.0	0.0	0.0	4.953645706176758	0.0	4.595775127410889	0.0	0.0	0.0	0.0	4.814993858337402	0.0	3.9487271308898926	0.0	0.0	0.0	0.0	0.0	0.0	0.0	0.0	0.0	0.0	0.0	0.0	0.0	0.0	0.0	0.0	6.805755138397217	5.613101005554199	4.7296929359436035	5.5339250564575195	5.785611152648926	0.0	6.5141143798828125	5.755330562591553	5.416714668273926	6.315197944641113	0.0	0.0	0.0	5.985334873199463	0.0	0.0	0.0	0.0	0.0	5.495553970336914	0.0	0.0	0.0	5.473126411437988	0.0	0.0
4.353551387786865	0.0	0.0	6.177767276763916	6.576403617858887	0.0	6.888305187225342	0.0	0.0	0.0	0.0	0.0	4.644911766052246	0.0	4.319168567657471	0.0	0.0	0.0	0.0	4.528875827789307	0.0	3.6929590702056885	0.0	0.0	0.0	0.0	0.0	0.0	0.0	0.0	0.0	0.0	0.0	0.0	0.0	0.0	0.0	0.0	6.4200873374938965	5.304876327514648	4.4498209953308105	5.209008693695068	5.441921234130859	0.0	6.134097099304199	5.422417163848877	5.087509632110596	5.978626728057861	0.0	0.0	0.0	5.651515007019043	0.0	0.0	0.0	0.0	0.0	5.176031589508057	0.0	0.0	0.0	5.144325256347656	0.0	0.0
4.333384037017822	0.0	0.0	6.157787322998047	6.556789875030518	0.0	6.869375228881836	0.0	0.0	0.0	0.0	0.0	4.634035110473633	0.0	4.3065595626831055	0.0	0.0	0.0	0.0	4.511551380157471	0.0	3.677093267440796	0.0	0.0	0.0	0.0	0.0	0.0	0.0	0.0	0.0	0.0	0.0	0.0	0.0	0.0	0.0	0.0	6.409895420074463	5.29041862487793	4.4428629875183105	5.185030460357666	5.428544521331787	0.0	6.115147113800049	5.411563396453857	5.072030067443848	5.953143119812012	0.0	0.0	0.0	5.627440929412842	0.0	0.0	0.0	0.0	0.0	5.155170440673828	0.0	0.0	0.0	5.126318454742432	0.0	0.0
4.261478424072266	0.0	0.0	6.077188491821289	6.462197303771973	0.0	6.763925075531006	0.0	0.0	0.0	0.0	0.0	4.55743408203125	0.0	4.229996204376221	0.0	0.0	0.0	0.0	4.446566104888916	0.0	3.603879928588867	0.0	0.0	0.0	0.0	0.0	0.0	0.0	0.0	0.0	0.0	0.0	0.0	0.0	0.0	0.0	0.0	6.314383029937744	5.20790433883667	4.377621650695801	5.107533931732178	5.359179973602295	0.0	6.014744758605957	5.331080436706543	4.992512226104736	5.878385543823242	0.0	0.0	0.0	5.549026012420654	0.0	0.0	0.0	0.0	0.0	5.078126430511475	0.0	0.0	0.0	5.053934097290039	0.0	0.0
4.328639507293701	0.0	0.0	6.14729118347168	6.536426544189453	0.0	6.8494696617126465	0.0	0.0	0.0	0.0	0.0	4.621789455413818	0.0	4.298222064971924	0.0	0.0	0.0	0.0	4.50025749206543	0.0	3.6606526374816895	0.0	0.0	0.0	0.0	0.0	0.0	0.0	0.0	0.0	0.0	0.0	0.0	0.0	0.0	0.0	0.0	6.394847869873047	5.278528213500977	4.430784225463867	5.177668571472168	5.424555778503418	0.0	6.099619388580322	5.400293350219727	5.059755325317383	5.947274684906006	0.0	0.0	0.0	5.621792793273926	0.0	0.0	0.0	0.0	0.0	5.146431922912598	0.0	0.0	0.0	5.124520301818848	0.0	0.0
4.231294631958008	0.0	0.0	6.037632465362549	6.420092582702637	0.0	6.723090171813965	0.0	0.0	0.0	0.0	0.0	4.527872562408447	0.0	4.204737186431885	0.0	0.0	0.0	0.0	4.408566474914551	0.0	3.5825812816619873	0.0	0.0	0.0	0.0	0.0	0.0	0.0	0.0	0.0	0.0	0.0	0.0	0.0	0.0	0.0	0.0	6.273843288421631	5.174927234649658	4.34742546081543	5.076662063598633	5.319472312927246	0.0	5.976656913757324	5.296572685241699	4.959981441497803	5.843610763549805	0.0	0.0	0.0	5.5130696296691895	0.0	0.0	0.0	0.0	0.0	5.045067310333252	0.0	0.0	0.0	5.022182464599609	0.0	0.0
4.423823833465576	0.0	0.0	6.264240264892578	6.652615070343018	0.0	6.985341548919678	0.0	0.0	0.0	0.0	0.0	4.72059440612793	0.0	4.385941028594971	0.0	0.0	0.0	0.0	4.587808609008789	0.0	3.7587482929229736	0.0	0.0	0.0	0.0	0.0	0.0	0.0	0.0	0.0	0.0	0.0	0.0	0.0	0.0	0.0	0.0	6.50969934463501	5.376206398010254	4.519385814666748	5.278001308441162	5.517784595489502	0.0	6.218514919281006	5.4932780265808105	5.168887138366699	6.061558723449707	0.0	0.0	0.0	5.726907730102539	0.0	0.0	0.0	0.0	0.0	5.247104644775391	0.0	0.0	0.0	5.212024688720703	0.0	0.0
4.536773681640625	0.0	0.0	6.364046573638916	6.760787487030029	0.0	7.096206188201904	0.0	0.0	0.0	0.0	0.0	4.83123254776001	0.0	4.507970333099365	0.0	0.0	0.0	0.0	4.688265800476074	0.0	3.8592023849487305	0.0	0.0	0.0	0.0	0.0	0.0	0.0	0.0	0.0	0.0	0.0	0.0	0.0	0.0	0.0	0.0	6.6461334228515625	5.506924629211426	4.58848237991333	5.399341106414795	5.6490302085876465	0.0	6.336912155151367	5.606147766113281	5.274350166320801	6.163529396057129	0.0	0.0	0.0	5.852664470672607	0.0	0.0	0.0	0.0	0.0	5.369757652282715	0.0	0.0	0.0	5.340156555175781	0.0	0.0
4.67684268951416	0.0	0.0	6.587088108062744	6.998406410217285	0.0	7.342539310455322	0.0	0.0	0.0	0.0	0.0	4.997869968414307	0.0	4.632390975952148	0.0	0.0	0.0	0.0	4.858299255371094	0.0	4.002079963684082	0.0	0.0	0.0	0.0	0.0	0.0	0.0	0.0	0.0	0.0	0.0	0.0	0.0	0.0	0.0	0.0	6.850954532623291	5.6666259765625	4.782890319824219	5.576601982116699	5.815860748291016	0.0	6.567130088806152	5.771612167358398	5.46329927444458	6.349536895751953	0.0	0.0	0.0	6.025557518005371	0.0	0.0	0.0	0.0	0.0	5.535581111907959	0.0	0.0	0.0	5.504817962646484	0.0	0.0
4.2702460289001465	0.0	0.0	6.06746244430542	6.457881927490234	0.0	6.768918514251709	0.0	0.0	0.0	0.0	0.0	4.5651350021362305	0.0	4.237720489501953	0.0	0.0	0.0	0.0	4.444340705871582	0.0	3.6131858825683594	0.0	0.0	0.0	0.0	0.0	0.0	0.0	0.0	0.0	0.0	0.0	0.0	0.0	0.0	0.0	0.0	6.318669319152832	5.216614246368408	4.375982761383057	5.117696285247803	5.361293792724609	0.0	6.021833896636963	5.332897186279297	4.995778560638428	5.879140377044678	0.0	0.0	0.0	5.553778648376465	0.0	0.0	0.0	0.0	0.0	5.079864978790283	0.0	0.0	0.0	5.059075355529785	0.0	0.0
4.292912006378174	0.0	0.0	6.0956950187683105	6.489331245422363	0.0	6.8018903732299805	0.0	0.0	0.0	0.0	0.0	4.590442180633545	0.0	4.26252555847168	0.0	0.0	0.0	0.0	4.468137264251709	0.0	3.633901357650757	0.0	0.0	0.0	0.0	0.0	0.0	0.0	0.0	0.0	0.0	0.0	0.0	0.0	0.0	0.0	0.0	6.349342346191406	5.244516372680664	4.400243759155273	5.146442890167236	5.389626502990723	0.0	6.051271915435791	5.364264965057373	5.02106237411499	5.907721042633057	0.0	0.0	0.0	5.583963394165039	0.0	0.0	0.0	0.0	0.0	5.106558322906494	0.0	0.0	0.0	5.088361740112305	0.0	0.0
4.311947822570801	0.0	0.0	6.1368255615234375	6.525460243225098	0.0	6.834908485412598	0.0	0.0	0.0	0.0	0.0	4.608811378479004	0.0	4.282922267913818	0.0	0.0	0.0	0.0	4.488537311553955	0.0	3.6514852046966553	0.0	0.0	0.0	0.0	0.0	0.0	0.0	0.0	0.0	0.0	0.0	0.0	0.0	0.0	0.0	0.0	6.378455638885498	5.264266014099121	4.419895172119141	5.162717342376709	5.410439491271973	0.0	6.083082675933838	5.384728908538818	5.046364784240723	5.935727596282959	0.0	0.0	0.0	5.605111598968506	0.0	0.0	0.0	0.0	0.0	5.130308628082275	0.0	0.0	0.0	5.106244087219238	0.0	0.0
4.156626224517822	0.0	0.0	5.938523769378662	6.31131649017334	0.0	6.6087141036987305	0.0	0.0	0.0	0.0	0.0	4.4478759765625	0.0	4.132523059844971	0.0	0.0	0.0	0.0	4.324475288391113	0.0	3.518190622329712	0.0	0.0	0.0	0.0	0.0	0.0	0.0	0.0	0.0	0.0	0.0	0.0	0.0	0.0	0.0	0.0	6.166820049285889	5.091463565826416	4.2654337882995605	4.992342948913574	5.229539394378662	0.0	5.8704423904418945	5.204870223999023	4.866119384765625	5.749832630157471	0.0	0.0	0.0	5.419206142425537	0.0	0.0	0.0	0.0	0.0	4.958247661590576	0.0	0.0	0.0	4.934853553771973	0.0	0.0
4.559500217437744	0.0	0.0	6.42857551574707	6.81693696975708	0.0	7.132562637329102	0.0	0.0	0.0	0.0	0.0	4.863222599029541	0.0	4.566904067993164	0.0	0.0	0.0	0.0	4.711124420166016	0.0	3.9026362895965576	0.0	0.0	0.0	0.0	0.0	0.0	0.0	0.0	0.0	0.0	0.0	0.0	0.0	0.0	0.0	0.0	6.677737236022949	5.562874794006348	4.6030192375183105	5.456487655639648	5.682064533233643	0.0	6.355977535247803	5.631611347198486	5.29089879989624	6.226385116577148	0.0	0.0	0.0	5.8857927322387695	0.0	0.0	0.0	0.0	0.0	5.43044376373291	0.0	0.0	0.0	5.381322383880615	0.0	0.0
4.28678560256958	0.0	0.0	6.105203151702881	6.4971466064453125	0.0	6.805421829223633	0.0	0.0	0.0	0.0	0.0	4.586051940917969	0.0	4.261875152587891	0.0	0.0	0.0	0.0	4.465114593505859	0.0	3.630986452102661	0.0	0.0	0.0	0.0	0.0	0.0	0.0	0.0	0.0	0.0	0.0	0.0	0.0	0.0	0.0	0.0	6.351709842681885	5.243538856506348	4.401412487030029	5.135448455810547	5.383421421051025	0.0	6.053356647491455	5.357815742492676	5.024465560913086	5.906277656555176	0.0	0.0	0.0	5.585021018981934	0.0	0.0	0.0	0.0	0.0	5.106565952301025	0.0	0.0	0.0	5.080699920654297	0.0	0.0
4.250423908233643	0.0	0.0	6.064326286315918	6.446292400360107	0.0	6.7520856857299805	0.0	0.0	0.0	0.0	0.0	4.543496131896973	0.0	4.222262859344482	0.0	0.0	0.0	0.0	4.426998138427734	0.0	3.5996031761169434	0.0	0.0	0.0	0.0	0.0	0.0	0.0	0.0	0.0	0.0	0.0	0.0	0.0	0.0	0.0	0.0	6.299942970275879	5.200615882873535	4.36736536026001	5.099787712097168	5.343071937561035	0.0	6.0017476081848145	5.316265106201172	4.9770636558532715	5.867490291595459	0.0	0.0	0.0	5.538242340087891	0.0	0.0	0.0	0.0	0.0	5.062333583831787	0.0	0.0	0.0	5.044980049133301	0.0	0.0
4.306895732879639	0.0	0.0	6.124139785766602	6.511570930480957	0.0	6.822906017303467	0.0	0.0	0.0	0.0	0.0	4.603153228759766	0.0	4.279915809631348	0.0	0.0	0.0	0.0	4.4774627685546875	0.0	3.651289939880371	0.0	0.0	0.0	0.0	0.0	0.0	0.0	0.0	0.0	0.0	0.0	0.0	0.0	0.0	0.0	0.0	6.371218204498291	5.261931419372559	4.412057399749756	5.1653876304626465	5.4057817459106445	0.0	6.066378593444824	5.376983165740967	5.038259029388428	5.926334381103516	0.0	0.0	0.0	5.601057052612305	0.0	0.0	0.0	0.0	0.0	5.124126434326172	0.0	0.0	0.0	5.106168746948242	0.0	0.0
4.281793594360352	0.0	0.0	6.088568210601807	6.479374408721924	0.0	6.786323547363281	0.0	0.0	0.0	0.0	0.0	4.5740437507629395	0.0	4.248848915100098	0.0	0.0	0.0	0.0	4.4550700187683105	0.0	3.619316577911377	0.0	0.0	0.0	0.0	0.0	0.0	0.0	0.0	0.0	0.0	0.0	0.0	0.0	0.0	0.0	0.0	6.336008548736572	5.229928970336914	4.391571998596191	5.126975059509277	5.376382827758789	0.0	6.040746212005615	5.351140975952148	5.012297630310059	5.892586708068848	0.0	0.0	0.0	5.568997859954834	0.0	0.0	0.0	0.0	0.0	5.096737861633301	0.0	0.0	0.0	5.071008205413818	0.0	0.0
4.472946643829346	0.0	0.0	6.329279899597168	6.731270790100098	0.0	7.060760498046875	0.0	0.0	0.0	0.0	0.0	4.777892589569092	0.0	4.4428839683532715	0.0	0.0	0.0	0.0	4.64865779876709	0.0	3.809284210205078	0.0	0.0	0.0	0.0	0.0	0.0	0.0	0.0	0.0	0.0	0.0	0.0	0.0	0.0	0.0	0.0	6.583466053009033	5.444195747375488	4.571714878082275	5.34552526473999	5.591723442077637	0.0	6.298017978668213	5.559727191925049	5.231607437133789	6.1187944412231445	0.0	0.0	0.0	5.790738582611084	0.0	0.0	0.0	0.0	0.0	5.316018581390381	0.0	0.0	0.0	5.2824201583862305	0.0	0.0
4.06343412399292	0.0	0.0	5.816888332366943	6.189271926879883	0.0	6.477159023284912	0.0	0.0	0.0	0.0	0.0	4.3463921546936035	0.0	4.036030292510986	0.0	0.0	0.0	0.0	4.236551761627197	0.0	3.4353084564208984	0.0	0.0	0.0	0.0	0.0	0.0	0.0	0.0	0.0	0.0	0.0	0.0	0.0	0.0	0.0	0.0	6.042248725891113	4.9818034172058105	4.185815334320068	4.881404399871826	5.1148681640625	0.0	5.752784729003906	5.098327159881592	4.765794277191162	5.631069183349609	0.0	0.0	0.0	5.308455944061279	0.0	0.0	0.0	0.0	0.0	4.848606586456299	0.0	0.0	0.0	4.826204299926758	0.0	0.0
4.37251615524292	0.0	0.0	6.218586444854736	6.608860015869141	0.0	6.923428058624268	0.0	0.0	0.0	0.0	0.0	4.671783924102783	0.0	4.348404407501221	0.0	0.0	0.0	0.0	4.548868656158447	0.0	3.7135491371154785	0.0	0.0	0.0	0.0	0.0	0.0	0.0	0.0	0.0	0.0	0.0	0.0	0.0	0.0	0.0	0.0	6.46024751663208	5.344061851501465	4.476993083953857	5.246700286865234	5.482219696044922	0.0	6.157402038574219	5.449874401092529	5.1168599128723145	6.013195037841797	0.0	0.0	0.0	5.68232536315918	0.0	0.0	0.0	0.0	0.0	5.201173305511475	0.0	0.0	0.0	5.174962520599365	0.0	0.0
4.38641357421875	0.0	0.0	6.221121311187744	6.604594707489014	0.0	6.919911861419678	0.0	0.0	0.0	0.0	0.0	4.690579891204834	0.0	4.3780317306518555	0.0	0.0	0.0	0.0	4.551285266876221	0.0	3.727688789367676	0.0	0.0	0.0	0.0	0.0	0.0	0.0	0.0	0.0	0.0	0.0	0.0	0.0	0.0	0.0	0.0	6.467570781707764	5.365810394287109	4.459847450256348	5.259624481201172	5.489539623260498	0.0	6.15189266204834	5.461419105529785	5.114861488342285	6.026219844818115	0.0	0.0	0.0	5.6942572593688965	0.0	0.0	0.0	0.0	0.0	5.225462436676025	0.0	0.0	0.0	5.195633411407471	0.0	0.0
4.360145568847656	0.0	0.0	6.18712043762207	6.580539703369141	0.0	6.8984694480896	0.0	0.0	0.0	0.0	0.0	4.660933494567871	0.0	4.3322577476501465	0.0	0.0	0.0	0.0	4.534231185913086	0.0	3.695152759552002	0.0	0.0	0.0	0.0	0.0	0.0	0.0	0.0	0.0	0.0	0.0	0.0	0.0	0.0	0.0	0.0	6.442762851715088	5.3223958015441895	4.462815761566162	5.217383861541748	5.464315414428711	0.0	6.140750885009766	5.437406539916992	5.10411262512207	5.990261554718018	0.0	0.0	0.0	5.66005277633667	0.0	0.0	0.0	0.0	0.0	5.186439514160156	0.0	0.0	0.0	5.166503429412842	0.0	0.0
4.316428184509277	0.0	0.0	6.13361930847168	6.524036884307861	0.0	6.835614204406738	0.0	0.0	0.0	0.0	0.0	4.609678745269775	0.0	4.286893844604492	0.0	0.0	0.0	0.0	4.494118690490723	0.0	3.6494905948638916	0.0	0.0	0.0	0.0	0.0	0.0	0.0	0.0	0.0	0.0	0.0	0.0	0.0	0.0	0.0	0.0	6.380950450897217	5.265132904052734	4.423343658447266	5.164408206939697	5.411552429199219	0.0	6.080251216888428	5.387422561645508	5.048488140106201	5.935606956481934	0.0	0.0	0.0	5.604989528656006	0.0	0.0	0.0	0.0	0.0	5.132692813873291	0.0	0.0	0.0	5.110518932342529	0.0	0.0
4.242335796356201	0.0	0.0	6.03791618347168	6.4229607582092285	0.0	6.728138446807861	0.0	0.0	0.0	0.0	0.0	4.536610126495361	0.0	4.210621356964111	0.0	0.0	0.0	0.0	4.4147539138793945	0.0	3.588806629180908	0.0	0.0	0.0	0.0	0.0	0.0	0.0	0.0	0.0	0.0	0.0	0.0	0.0	0.0	0.0	0.0	6.276544570922852	5.184163570404053	4.349059104919434	5.085280418395996	5.328149318695068	0.0	5.984788417816162	5.300015449523926	4.963535308837891	5.847166538238525	0.0	0.0	0.0	5.520091533660889	0.0	0.0	0.0	0.0	0.0	5.0515456199646	0.0	0.0	0.0	5.02959680557251	0.0	0.0
4.3179426193237305	0.0	0.0	6.143509387969971	6.527326583862305	0.0	6.837977409362793	0.0	0.0	0.0	0.0	0.0	4.614844799041748	0.0	4.289307594299316	0.0	0.0	0.0	0.0	4.491861820220947	0.0	3.653825521469116	0.0	0.0	0.0	0.0	0.0	0.0	0.0	0.0	0.0	0.0	0.0	0.0	0.0	0.0	0.0	0.0	6.384585857391357	5.269665241241455	4.424415111541748	5.16787576675415	5.416254043579102	0.0	6.084388732910156	5.389956474304199	5.053130626678467	5.938836097717285	0.0	0.0	0.0	5.610208511352539	0.0	0.0	0.0	0.0	0.0	5.135735034942627	0.0	0.0	0.0	5.11167573928833	0.0	0.0
4.232574462890625	0.0	0.0	6.037391662597656	6.419734001159668	0.0	6.72286319732666	0.0	0.0	0.0	0.0	0.0	4.527827739715576	0.0	4.204747676849365	0.0	0.0	0.0	0.0	4.406308650970459	0.0	3.5815234184265137	0.0	0.0	0.0	0.0	0.0	0.0	0.0	0.0	0.0	0.0	0.0	0.0	0.0	0.0	0.0	0.0	6.271688461303711	5.179306507110596	4.345388412475586	5.079687595367432	5.321714401245117	0.0	5.9762091636657715	5.293467998504639	4.958426475524902	5.843910217285156	0.0	0.0	0.0	5.516819000244141	0.0	0.0	0.0	0.0	0.0	5.0459771156311035	0.0	0.0	0.0	5.02147912979126	0.0	0.0
4.322653293609619	0.0	0.0	6.15299654006958	6.546872138977051	0.0	6.862171173095703	0.0	0.0	0.0	0.0	0.0	4.625253677368164	0.0	4.297909736633301	0.0	0.0	0.0	0.0	4.5024733543396	0.0	3.673892021179199	0.0	0.0	0.0	0.0	0.0	0.0	0.0	0.0	0.0	0.0	0.0	0.0	0.0	0.0	0.0	0.0	6.394840717315674	5.283461570739746	4.438080310821533	5.180830478668213	5.4268879890441895	0.0	6.101280212402344	5.401919364929199	5.067441463470459	5.954370021820068	0.0	0.0	0.0	5.625581741333008	0.0	0.0	0.0	0.0	0.0	5.152302265167236	0.0	0.0	0.0	5.124487400054932	0.0	0.0
4.3112335205078125	0.0	0.0	6.114025115966797	6.511837959289551	0.0	6.821811676025391	0.0	0.0	0.0	0.0	0.0	4.609898090362549	0.0	4.283112049102783	0.0	0.0	0.0	0.0	4.485060214996338	0.0	3.655014991760254	0.0	0.0	0.0	0.0	0.0	0.0	0.0	0.0	0.0	0.0	0.0	0.0	0.0	0.0	0.0	0.0	6.369227409362793	5.264801979064941	4.4151692390441895	5.1654372215271	5.40972375869751	0.0	6.078071117401123	5.383094787597656	5.045836925506592	5.927886009216309	0.0	0.0	0.0	5.604270935058594	0.0	0.0	0.0	0.0	0.0	5.131247520446777	0.0	0.0	0.0	5.106531620025635	0.0	0.0
4.583837032318115	0.0	0.0	6.476593017578125	6.8463215827941895	0.0	7.1747283935546875	0.0	0.0	0.0	0.0	0.0	4.903202056884766	0.0	4.613821029663086	0.0	0.0	0.0	0.0	4.738598346710205	0.0	3.936316967010498	0.0	0.0	0.0	0.0	0.0	0.0	0.0	0.0	0.0	0.0	0.0	0.0	0.0	0.0	0.0	0.0	6.721962928771973	5.606077671051025	4.629502773284912	5.502707004547119	5.720610618591309	0.0	6.383973598480225	5.66813325881958	5.321348667144775	6.27283239364624	0.0	0.0	0.0	5.931759834289551	0.0	0.0	0.0	0.0	0.0	5.463311672210693	0.0	0.0	0.0	5.434744834899902	0.0	0.0
4.362703323364258	0.0	0.0	6.162423133850098	6.559243679046631	0.0	6.8803019523620605	0.0	0.0	0.0	0.0	0.0	4.660525798797607	0.0	4.332025527954102	0.0	0.0	0.0	0.0	4.533614158630371	0.0	3.697512626647949	0.0	0.0	0.0	0.0	0.0	0.0	0.0	0.0	0.0	0.0	0.0	0.0	0.0	0.0	0.0	0.0	6.434287071228027	5.316536903381348	4.453747749328613	5.2140302658081055	5.459132194519043	0.0	6.135818958282471	5.431359767913818	5.098320007324219	5.9767937660217285	0.0	0.0	0.0	5.6590986251831055	0.0	0.0	0.0	0.0	0.0	5.186091899871826	0.0	0.0	0.0	5.161349296569824	0.0	0.0
4.456078052520752	0.0	0.0	6.3036699295043945	6.701879501342773	0.0	7.03673791885376	0.0	0.0	0.0	0.0	0.0	4.7703776359558105	0.0	4.423585891723633	0.0	0.0	0.0	0.0	4.644835948944092	0.0	3.780163526535034	0.0	0.0	0.0	0.0	0.0	0.0	0.0	0.0	0.0	0.0	0.0	0.0	0.0	0.0	0.0	0.0	6.570879936218262	5.425543785095215	4.561905860900879	5.322806358337402	5.585413455963135	0.0	6.276633262634277	5.549177169799805	5.225133419036865	6.094752788543701	0.0	0.0	0.0	5.784695625305176	0.0	0.0	0.0	0.0	0.0	5.3056440353393555	0.0	0.0	0.0	5.279480457305908	0.0	0.0
4.438093662261963	0.0	0.0	6.261709690093994	6.664362907409668	0.0	6.993046283721924	0.0	0.0	0.0	0.0	0.0	4.724611759185791	0.0	4.402258396148682	0.0	0.0	0.0	0.0	4.606139659881592	0.0	3.7650506496429443	0.0	0.0	0.0	0.0	0.0	0.0	0.0	0.0	0.0	0.0	0.0	0.0	0.0	0.0	0.0	0.0	6.530863285064697	5.39479398727417	4.519633769989014	5.288480281829834	5.5432963371276855	0.0	6.234362602233887	5.515696048736572	5.1841511726379395	6.053739547729492	0.0	0.0	0.0	5.7402191162109375	0.0	0.0	0.0	0.0	0.0	5.26344633102417	0.0	0.0	0.0	5.238272666931152	0.0	0.0
4.150516033172607	0.0	0.0	5.934434413909912	6.309742450714111	0.0	6.605506896972656	0.0	0.0	0.0	0.0	0.0	4.441666126251221	0.0	4.124545574188232	0.0	0.0	0.0	0.0	4.320913314819336	0.0	3.5098965167999268	0.0	0.0	0.0	0.0	0.0	0.0	0.0	0.0	0.0	0.0	0.0	0.0	0.0	0.0	0.0	0.0	6.164844036102295	5.085006237030029	4.266883373260498	4.987520217895508	5.224521636962891	0.0	5.866635322570801	5.200361728668213	4.8619465827941895	5.745070457458496	0.0	0.0	0.0	5.415067672729492	0.0	0.0	0.0	0.0	0.0	4.949456214904785	0.0	0.0	0.0	4.930520534515381	0.0	0.0
4.481515407562256	0.0	0.0	6.271876335144043	6.677351951599121	0.0	7.009792804718018	0.0	0.0	0.0	0.0	0.0	4.763681888580322	0.0	4.450079441070557	0.0	0.0	0.0	0.0	4.631016731262207	0.0	3.8048605918884277	0.0	0.0	0.0	0.0	0.0	0.0	0.0	0.0	0.0	0.0	0.0	0.0	0.0	0.0	0.0	0.0	6.5596466064453125	5.437437057495117	4.535340785980225	5.325439453125	5.572815418243408	0.0	6.257298469543457	5.540282726287842	5.207128524780273	6.0769829750061035	0.0	0.0	0.0	5.7740797996521	0.0	0.0	0.0	0.0	0.0	5.307999134063721	0.0	0.0	0.0	5.2732768058776855	0.0	0.0
4.332790374755859	0.0	0.0	6.151419639587402	6.543382167816162	0.0	6.857938289642334	0.0	0.0	0.0	0.0	0.0	4.629938125610352	0.0	4.303411483764648	0.0	0.0	0.0	0.0	4.5058088302612305	0.0	3.6716811656951904	0.0	0.0	0.0	0.0	0.0	0.0	0.0	0.0	0.0	0.0	0.0	0.0	0.0	0.0	0.0	0.0	6.404235363006592	5.28764009475708	4.4340691566467285	5.183793544769287	5.432290077209473	0.0	6.099798679351807	5.406079292297363	5.064720153808594	5.959273815155029	0.0	0.0	0.0	5.630541801452637	0.0	0.0	0.0	0.0	0.0	5.1527886390686035	0.0	0.0	0.0	5.128127098083496	0.0	0.0
4.435883045196533	0.0	0.0	6.260518550872803	6.653003215789795	0.0	6.980759620666504	0.0	0.0	0.0	0.0	0.0	4.722039222717285	0.0	4.400571823120117	0.0	0.0	0.0	0.0	4.603193283081055	0.0	3.7706756591796875	0.0	0.0	0.0	0.0	0.0	0.0	0.0	0.0	0.0	0.0	0.0	0.0	0.0	0.0	0.0	0.0	6.519444942474365	5.392786502838135	4.51010799407959	5.28342866897583	5.529298782348633	0.0	6.2272257804870605	5.501437664031982	5.1726155281066895	6.0516228675842285	0.0	0.0	0.0	5.732347011566162	0.0	0.0	0.0	0.0	0.0	5.2682719230651855	0.0	0.0	0.0	5.230147361755371	0.0	0.0
4.211528301239014	0.0	0.0	6.014050006866455	6.3955841064453125	0.0	6.696593761444092	0.0	0.0	0.0	0.0	0.0	4.50673770904541	0.0	4.188172340393066	0.0	0.0	0.0	0.0	4.383572578430176	0.0	3.5651509761810303	0.0	0.0	0.0	0.0	0.0	0.0	0.0	0.0	0.0	0.0	0.0	0.0	0.0	0.0	0.0	0.0	6.248088359832764	5.158743858337402	4.327342987060547	5.055922031402588	5.298237323760986	0.0	5.94983434677124	5.2748589515686035	4.934067726135254	5.820898056030273	0.0	0.0	0.0	5.490637302398682	0.0	0.0	0.0	0.0	0.0	5.024403095245361	0.0	0.0	0.0	5.001952171325684	0.0	0.0
4.331735610961914	0.0	0.0	6.151499271392822	6.536555290222168	0.0	6.854719161987305	0.0	0.0	0.0	0.0	0.0	4.6245551109313965	0.0	4.303571701049805	0.0	0.0	0.0	0.0	4.5058088302612305	0.0	3.667170763015747	0.0	0.0	0.0	0.0	0.0	0.0	0.0	0.0	0.0	0.0	0.0	0.0	0.0	0.0	0.0	0.0	6.397178649902344	5.28139591217041	4.427171230316162	5.18132209777832	5.425118446350098	0.0	6.0983147621154785	5.401635646820068	5.065462112426758	5.949860095977783	0.0	0.0	0.0	5.624619483947754	0.0	0.0	0.0	0.0	0.0	5.15221643447876	0.0	0.0	0.0	5.124570846557617	0.0	0.0
4.349885940551758	0.0	0.0	6.179262638092041	6.570540428161621	0.0	6.884670734405518	0.0	0.0	0.0	0.0	0.0	4.647256374359131	0.0	4.321542263031006	0.0	0.0	0.0	0.0	4.525696277618408	0.0	3.687572479248047	0.0	0.0	0.0	0.0	0.0	0.0	0.0	0.0	0.0	0.0	0.0	0.0	0.0	0.0	0.0	0.0	6.427297592163086	5.303608417510986	4.453305721282959	5.202408313751221	5.4467058181762695	0.0	6.129483222961426	5.424479007720947	5.089352607727051	5.97612190246582	0.0	0.0	0.0	5.647446155548096	0.0	0.0	0.0	0.0	0.0	5.174315929412842	0.0	0.0	0.0	5.147801399230957	0.0	0.0
4.575927257537842	0.0	0.0	6.41269063949585	6.810790538787842	0.0	7.160163402557373	0.0	0.0	0.0	0.0	0.0	4.866153240203857	0.0	4.549891471862793	0.0	0.0	0.0	0.0	4.729903697967529	0.0	3.8975911140441895	0.0	0.0	0.0	0.0	0.0	0.0	0.0	0.0	0.0	0.0	0.0	0.0	0.0	0.0	0.0	0.0	6.692262172698975	5.54533576965332	4.625969886779785	5.438972473144531	5.681630611419678	0.0	6.395031929016113	5.648669242858887	5.31980562210083	6.207152366638184	0.0	0.0	0.0	5.88944673538208	0.0	0.0	0.0	0.0	0.0	5.4170074462890625	0.0	0.0	0.0	5.380944728851318	0.0	0.0
4.256540775299072	0.0	0.0	6.063104152679443	6.449458122253418	0.0	6.754509449005127	0.0	0.0	0.0	0.0	0.0	4.54916524887085	0.0	4.2263641357421875	0.0	0.0	0.0	0.0	4.431924343109131	0.0	3.5988993644714355	0.0	0.0	0.0	0.0	0.0	0.0	0.0	0.0	0.0	0.0	0.0	0.0	0.0	0.0	0.0	0.0	6.302550315856934	5.204810619354248	4.368870735168457	5.099458694458008	5.3465495109558105	0.0	6.006425380706787	5.321276664733887	4.98588228225708	5.8698954582214355	0.0	0.0	0.0	5.538562297821045	0.0	0.0	0.0	0.0	0.0	5.068185329437256	0.0	0.0	0.0	5.045266151428223	0.0	0.0
4.226221561431885	0.0	0.0	6.03219747543335	6.411092758178711	0.0	6.713250160217285	0.0	0.0	0.0	0.0	0.0	4.519627094268799	0.0	4.200794696807861	0.0	0.0	0.0	0.0	4.402402400970459	0.0	3.578392744064331	0.0	0.0	0.0	0.0	0.0	0.0	0.0	0.0	0.0	0.0	0.0	0.0	0.0	0.0	0.0	0.0	6.2624664306640625	5.17130708694458	4.3391547203063965	5.068426609039307	5.314169883728027	0.0	5.96668004989624	5.288344860076904	4.94872522354126	5.836278438568115	0.0	0.0	0.0	5.506352424621582	0.0	0.0	0.0	0.0	0.0	5.036254405975342	0.0	0.0	0.0	5.013216972351074	0.0	0.0
4.288205146789551	0.0	0.0	6.106865406036377	6.496682167053223	0.0	6.807202339172363	0.0	0.0	0.0	0.0	0.0	4.58765983581543	0.0	4.2618279457092285	0.0	0.0	0.0	0.0	4.462632179260254	0.0	3.6381783485412598	0.0	0.0	0.0	0.0	0.0	0.0	0.0	0.0	0.0	0.0	0.0	0.0	0.0	0.0	0.0	0.0	6.349350929260254	5.243433475494385	4.402801513671875	5.143218994140625	5.38173770904541	0.0	6.050483703613281	5.359100341796875	5.019946575164795	5.914412021636963	0.0	0.0	0.0	5.581460952758789	0.0	0.0	0.0	0.0	0.0	5.11131477355957	0.0	0.0	0.0	5.07991361618042	0.0	0.0
4.4065775871276855	0.0	0.0	6.244071006774902	6.644357681274414	0.0	6.958591461181641	0.0	0.0	0.0	0.0	0.0	4.703404426574707	0.0	4.373866081237793	0.0	0.0	0.0	0.0	4.583343505859375	0.0	3.7302615642547607	0.0	0.0	0.0	0.0	0.0	0.0	0.0	0.0	0.0	0.0	0.0	0.0	0.0	0.0	0.0	0.0	6.505911350250244	5.3726277351379395	4.501550197601318	5.263689994812012	5.516325950622559	0.0	6.201746940612793	5.496092796325684	5.149443626403809	6.0400800704956055	0.0	0.0	0.0	5.712380409240723	0.0	0.0	0.0	0.0	0.0	5.235093593597412	0.0	0.0	0.0	5.21277379989624	0.0	0.0
4.275263786315918	0.0	0.0	6.0878400802612305	6.476070880889893	0.0	6.780157089233398	0.0	0.0	0.0	0.0	0.0	4.569737911224365	0.0	4.241861343383789	0.0	0.0	0.0	0.0	4.447054386138916	0.0	3.61657452583313	0.0	0.0	0.0	0.0	0.0	0.0	0.0	0.0	0.0	0.0	0.0	0.0	0.0	0.0	0.0	0.0	6.322021961212158	5.2231364250183105	4.386165142059326	5.118093490600586	5.363950729370117	0.0	6.0299577713012695	5.340461254119873	5.003674030303955	5.88936710357666	0.0	0.0	0.0	5.563404083251953	0.0	0.0	0.0	0.0	0.0	5.087629795074463	0.0	0.0	0.0	5.0629167556762695	0.0	0.0
4.413041114807129	0.0	0.0	6.211060047149658	6.608314514160156	0.0	6.935671806335449	0.0	0.0	0.0	0.0	0.0	4.706047534942627	0.0	4.3851094245910645	0.0	0.0	0.0	0.0	4.579540252685547	0.0	3.741337776184082	0.0	0.0	0.0	0.0	0.0	0.0	0.0	0.0	0.0	0.0	0.0	0.0	0.0	0.0	0.0	0.0	6.4942946434021	5.366459369659424	4.487523078918457	5.265470504760742	5.508071422576904	0.0	6.191351413726807	5.4848761558532715	5.151657581329346	6.0209269523620605	0.0	0.0	0.0	5.70625638961792	0.0	0.0	0.0	0.0	0.0	5.2322001457214355	0.0	0.0	0.0	5.211809158325195	0.0	0.0
4.304451942443848	0.0	0.0	6.129523754119873	6.515140533447266	0.0	6.824831485748291	0.0	0.0	0.0	0.0	0.0	4.597804546356201	0.0	4.279088973999023	0.0	0.0	0.0	0.0	4.480320930480957	0.0	3.6481001377105713	0.0	0.0	0.0	0.0	0.0	0.0	0.0	0.0	0.0	0.0	0.0	0.0	0.0	0.0	0.0	0.0	6.372209548950195	5.256861209869385	4.41310977935791	5.154210567474365	5.4032979011535645	0.0	6.07472562789917	5.380185127258301	5.041515827178955	5.927403450012207	0.0	0.0	0.0	5.595155715942383	0.0	0.0	0.0	0.0	0.0	5.123140811920166	0.0	0.0	0.0	5.102420330047607	0.0	0.0
4.371412754058838	0.0	0.0	6.210197925567627	6.601693153381348	0.0	6.91820764541626	0.0	0.0	0.0	0.0	0.0	4.672762393951416	0.0	4.345959186553955	0.0	0.0	0.0	0.0	4.551450252532959	0.0	3.710963726043701	0.0	0.0	0.0	0.0	0.0	0.0	0.0	0.0	0.0	0.0	0.0	0.0	0.0	0.0	0.0	0.0	6.4539713859558105	5.337249279022217	4.475255489349365	5.234193801879883	5.480990886688232	0.0	6.160088062286377	5.452766418457031	5.113687992095947	6.008174419403076	0.0	0.0	0.0	5.681909084320068	0.0	0.0	0.0	0.0	0.0	5.205148220062256	0.0	0.0	0.0	5.174777984619141	0.0	0.0
4.576139450073242	0.0	0.0	6.427000045776367	6.837637424468994	0.0	7.175048828125	0.0	0.0	0.0	0.0	0.0	4.880063056945801	0.0	4.553943157196045	0.0	0.0	0.0	0.0	4.754338264465332	0.0	3.913282871246338	0.0	0.0	0.0	0.0	0.0	0.0	0.0	0.0	0.0	0.0	0.0	0.0	0.0	0.0	0.0	0.0	6.7047953605651855	5.541267395019531	4.644382953643799	5.436239242553711	5.671660423278809	0.0	6.425745010375977	5.657410144805908	5.336987018585205	6.193573474884033	0.0	0.0	0.0	5.88983154296875	0.0	0.0	0.0	0.0	0.0	5.420526504516602	0.0	0.0	0.0	5.379692077636719	0.0	0.0
4.409206867218018	0.0	0.0	6.2466254234313965	6.638502597808838	0.0	6.9587788581848145	0.0	0.0	0.0	0.0	0.0	4.702213287353516	0.0	4.3877716064453125	0.0	0.0	0.0	0.0	4.591975212097168	0.0	3.734346628189087	0.0	0.0	0.0	0.0	0.0	0.0	0.0	0.0	0.0	0.0	0.0	0.0	0.0	0.0	0.0	0.0	6.49885892868042	5.374133110046387	4.510383605957031	5.271846294403076	5.526320934295654	0.0	6.206764221191406	5.497772216796875	5.157855987548828	6.049267292022705	0.0	0.0	0.0	5.722660541534424	0.0	0.0	0.0	0.0	0.0	5.238279342651367	0.0	0.0	0.0	5.219386100769043	0.0	0.0
4.203444480895996	0.0	0.0	6.002878189086914	6.379086494445801	0.0	6.680829048156738	0.0	0.0	0.0	0.0	0.0	4.493987560272217	0.0	4.177542209625244	0.0	0.0	0.0	0.0	4.37375545501709	0.0	3.553656578063965	0.0	0.0	0.0	0.0	0.0	0.0	0.0	0.0	0.0	0.0	0.0	0.0	0.0	0.0	0.0	0.0	6.235194683074951	5.144834041595459	4.31545877456665	5.042267322540283	5.285587310791016	0.0	5.936709403991699	5.259758949279785	4.918664455413818	5.809685707092285	0.0	0.0	0.0	5.475532531738281	0.0	0.0	0.0	0.0	0.0	5.010131359100342	0.0	0.0	0.0	4.988746643066406	0.0	0.0
4.573678970336914	0.0	0.0	6.443573951721191	6.8529438972473145	0.0	7.193482875823975	0.0	0.0	0.0	0.0	0.0	4.881625652313232	0.0	4.558781623840332	0.0	0.0	0.0	0.0	4.739961624145508	0.0	3.9127702713012695	0.0	0.0	0.0	0.0	0.0	0.0	0.0	0.0	0.0	0.0	0.0	0.0	0.0	0.0	0.0	0.0	6.70609712600708	5.558914661407471	4.645854949951172	5.452157974243164	5.699636936187744	0.0	6.415165901184082	5.661725044250488	5.3403472900390625	6.229989528656006	0.0	0.0	0.0	5.898211479187012	0.0	0.0	0.0	0.0	0.0	5.4265851974487305	0.0	0.0	0.0	5.387424468994141	0.0	0.0
4.299206256866455	0.0	0.0	6.120248317718506	6.504211902618408	0.0	6.811594009399414	0.0	0.0	0.0	0.0	0.0	4.596739768981934	0.0	4.272831439971924	0.0	0.0	0.0	0.0	4.46605110168457	0.0	3.640836000442505	0.0	0.0	0.0	0.0	0.0	0.0	0.0	0.0	0.0	0.0	0.0	0.0	0.0	0.0	0.0	0.0	6.356373310089111	5.253347873687744	4.403339385986328	5.150740623474121	5.393802642822266	0.0	6.056389808654785	5.367588996887207	5.028787612915039	5.926157474517822	0.0	0.0	0.0	5.5934224128723145	0.0	0.0	0.0	0.0	0.0	5.1199517250061035	0.0	0.0	0.0	5.086711883544922	0.0	0.0
4.267323017120361	0.0	0.0	6.07784366607666	6.464536666870117	0.0	6.772279739379883	0.0	0.0	0.0	0.0	0.0	4.561238765716553	0.0	4.239194393157959	0.0	0.0	0.0	0.0	4.443863868713379	0.0	3.6105356216430664	0.0	0.0	0.0	0.0	0.0	0.0	0.0	0.0	0.0	0.0	0.0	0.0	0.0	0.0	0.0	0.0	6.320498943328857	5.218267440795898	4.379358291625977	5.116788387298584	5.359375	0.0	6.024505138397217	5.336281776428223	4.997516632080078	5.884102821350098	0.0	0.0	0.0	5.555903434753418	0.0	0.0	0.0	0.0	0.0	5.085039138793945	0.0	0.0	0.0	5.064037322998047	0.0	0.0
4.363092422485352	0.0	0.0	6.190188884735107	6.58332633972168	0.0	6.897924900054932	0.0	0.0	0.0	0.0	0.0	4.655597686767578	0.0	4.336524963378906	0.0	0.0	0.0	0.0	4.535377502441406	0.0	3.69647216796875	0.0	0.0	0.0	0.0	0.0	0.0	0.0	0.0	0.0	0.0	0.0	0.0	0.0	0.0	0.0	0.0	6.440352439880371	5.319111347198486	4.463859558105469	5.2198076248168945	5.462880611419678	0.0	6.14417028427124	5.435934543609619	5.101283550262451	5.983439922332764	0.0	0.0	0.0	5.659860134124756	0.0	0.0	0.0	0.0	0.0	5.1952900886535645	0.0	0.0	0.0	5.1620869636535645	0.0	0.0
4.319940090179443	0.0	0.0	6.1440534591674805	6.532223224639893	0.0	6.841702938079834	0.0	0.0	0.0	0.0	0.0	4.6189799308776855	0.0	4.295755863189697	0.0	0.0	0.0	0.0	4.496013164520264	0.0	3.6623528003692627	0.0	0.0	0.0	0.0	0.0	0.0	0.0	0.0	0.0	0.0	0.0	0.0	0.0	0.0	0.0	0.0	6.391548156738281	5.276857852935791	4.424869060516357	5.175041198730469	5.418933391571045	0.0	6.09086799621582	5.394361972808838	5.058684349060059	5.940827369689941	0.0	0.0	0.0	5.615935325622559	0.0	0.0	0.0	0.0	0.0	5.146556377410889	0.0	0.0	0.0	5.115874290466309	0.0	0.0
4.209954738616943	0.0	0.0	6.009511947631836	6.389876842498779	0.0	6.6904120445251465	0.0	0.0	0.0	0.0	0.0	4.501186847686768	0.0	4.180421829223633	0.0	0.0	0.0	0.0	4.386109352111816	0.0	3.5539278984069824	0.0	0.0	0.0	0.0	0.0	0.0	0.0	0.0	0.0	0.0	0.0	0.0	0.0	0.0	0.0	0.0	6.2444891929626465	5.1531853675842285	4.327452659606934	5.0494232177734375	5.292591094970703	0.0	5.947916507720947	5.2699103355407715	4.9350972175598145	5.816226482391357	0.0	0.0	0.0	5.485703468322754	0.0	0.0	0.0	0.0	0.0	5.017668724060059	0.0	0.0	0.0	4.9942097663879395	0.0	0.0
4.2682390213012695	0.0	0.0	6.086678981781006	6.470562934875488	0.0	6.774369239807129	0.0	0.0	0.0	0.0	0.0	4.569697380065918	0.0	4.238607406616211	0.0	0.0	0.0	0.0	4.4496870040893555	0.0	3.6124303340911865	0.0	0.0	0.0	0.0	0.0	0.0	0.0	0.0	0.0	0.0	0.0	0.0	0.0	0.0	0.0	0.0	6.323991298675537	5.219593048095703	4.387819766998291	5.120945930480957	5.365372180938721	0.0	6.029259204864502	5.33917760848999	5.000390529632568	5.890101909637451	0.0	0.0	0.0	5.560365200042725	0.0	0.0	0.0	0.0	0.0	5.082607269287109	0.0	0.0	0.0	5.063340663909912	0.0	0.0
4.332510471343994	0.0	0.0	6.1578288078308105	6.546235084533691	0.0	6.857821941375732	0.0	0.0	0.0	0.0	0.0	4.629165172576904	0.0	4.302486419677734	0.0	0.0	0.0	0.0	4.508890151977539	0.0	3.6723334789276123	0.0	0.0	0.0	0.0	0.0	0.0	0.0	0.0	0.0	0.0	0.0	0.0	0.0	0.0	0.0	0.0	6.4019317626953125	5.290314674377441	4.438663482666016	5.1892547607421875	5.432106971740723	0.0	6.101898670196533	5.402819633483887	5.0686469078063965	5.954339027404785	0.0	0.0	0.0	5.626688003540039	0.0	0.0	0.0	0.0	0.0	5.15462589263916	0.0	0.0	0.0	5.127900123596191	0.0	0.0
4.568126678466797	0.0	0.0	6.446129322052002	6.851352214813232	0.0	7.179124355316162	0.0	0.0	0.0	0.0	0.0	4.87717866897583	0.0	4.533766269683838	0.0	0.0	0.0	0.0	4.735550880432129	0.0	3.8986310958862305	0.0	0.0	0.0	0.0	0.0	0.0	0.0	0.0	0.0	0.0	0.0	0.0	0.0	0.0	0.0	0.0	6.702531337738037	5.53968620300293	4.648393154144287	5.43781852722168	5.682840824127197	0.0	6.4035515785217285	5.636106491088867	5.330233097076416	6.229602813720703	0.0	0.0	0.0	5.898649215698242	0.0	0.0	0.0	0.0	0.0	5.406359672546387	0.0	0.0	0.0	5.367402076721191	0.0	0.0
4.227696895599365	0.0	0.0	6.036670207977295	6.417246341705322	0.0	6.715907573699951	0.0	0.0	0.0	0.0	0.0	4.521640777587891	0.0	4.198052883148193	0.0	0.0	0.0	0.0	4.403690338134766	0.0	3.579251527786255	0.0	0.0	0.0	0.0	0.0	0.0	0.0	0.0	0.0	0.0	0.0	0.0	0.0	0.0	0.0	0.0	6.26787805557251	5.174543380737305	4.34382963180542	5.073444843292236	5.317938327789307	0.0	5.971301555633545	5.293095111846924	4.9576191902160645	5.837626934051514	0.0	0.0	0.0	5.509861946105957	0.0	0.0	0.0	0.0	0.0	5.039092063903809	0.0	0.0	0.0	5.012803554534912	0.0	0.0
4.232878684997559	0.0	0.0	6.043431758880615	6.42154598236084	0.0	6.725235939025879	0.0	0.0	0.0	0.0	0.0	4.528355598449707	0.0	4.204862594604492	0.0	0.0	0.0	0.0	4.40764856338501	0.0	3.583468437194824	0.0	0.0	0.0	0.0	0.0	0.0	0.0	0.0	0.0	0.0	0.0	0.0	0.0	0.0	0.0	0.0	6.275269508361816	5.179213523864746	4.347718238830566	5.0772480964660645	5.322964191436768	0.0	5.978928089141846	5.2927985191345215	4.961004734039307	5.849091053009033	0.0	0.0	0.0	5.516897201538086	0.0	0.0	0.0	0.0	0.0	5.043318748474121	0.0	0.0	0.0	5.021964073181152	0.0	0.0
4.333580493927002	0.0	0.0	6.162686347961426	6.556934356689453	0.0	6.865534782409668	0.0	0.0	0.0	0.0	0.0	4.632645130157471	0.0	4.301426410675049	0.0	0.0	0.0	0.0	4.509549617767334	0.0	3.670222043991089	0.0	0.0	0.0	0.0	0.0	0.0	0.0	0.0	0.0	0.0	0.0	0.0	0.0	0.0	0.0	0.0	6.4059553146362305	5.289761066436768	4.440703868865967	5.189764976501465	5.436310768127441	0.0	6.109790325164795	5.4126691818237305	5.07553243637085	5.962638854980469	0.0	0.0	0.0	5.635263919830322	0.0	0.0	0.0	0.0	0.0	5.157210826873779	0.0	0.0	0.0	5.134156703948975	0.0	0.0
4.461657524108887	0.0	0.0	6.302112579345703	6.6955742835998535	0.0	7.026007175445557	0.0	0.0	0.0	0.0	0.0	4.754034996032715	0.0	4.436428546905518	0.0	0.0	0.0	0.0	4.628801345825195	0.0	3.787719249725342	0.0	0.0	0.0	0.0	0.0	0.0	0.0	0.0	0.0	0.0	0.0	0.0	0.0	0.0	0.0	0.0	6.556210041046143	5.424285888671875	4.546838760375977	5.322211265563965	5.564593315124512	0.0	6.266114711761475	5.537109375	5.2048749923706055	6.087712287902832	0.0	0.0	0.0	5.765912055969238	0.0	0.0	0.0	0.0	0.0	5.298901081085205	0.0	0.0	0.0	5.265395641326904	0.0	0.0
5.075636863708496	0.0	0.0	7.028899669647217	7.452559471130371	0.0	7.828519821166992	0.0	0.0	0.0	0.0	0.0	5.399322509765625	0.0	5.061673641204834	0.0	0.0	0.0	0.0	5.235960006713867	0.0	4.37606954574585	0.0	0.0	0.0	0.0	0.0	0.0	0.0	0.0	0.0	0.0	0.0	0.0	0.0	0.0	0.0	0.0	7.330650329589844	6.117488861083984	5.075984001159668	6.005560398101807	6.252078533172607	0.0	7.026050090789795	6.189151287078857	5.868375301361084	6.802230358123779	0.0	0.0	0.0	6.4699201583862305	0.0	0.0	0.0	0.0	0.0	5.979795932769775	0.0	0.0	0.0	5.935110569000244	0.0	0.0
4.429207801818848	0.0	0.0	6.260844707489014	6.648844242095947	0.0	6.975983619689941	0.0	0.0	0.0	0.0	0.0	4.716999530792236	0.0	4.401078701019287	0.0	0.0	0.0	0.0	4.597645282745361	0.0	3.7666776180267334	0.0	0.0	0.0	0.0	0.0	0.0	0.0	0.0	0.0	0.0	0.0	0.0	0.0	0.0	0.0	0.0	6.515494346618652	5.3887248039245605	4.507823467254639	5.27820348739624	5.52747106552124	0.0	6.219950199127197	5.49847412109375	5.169295310974121	6.050693511962891	0.0	0.0	0.0	5.726327896118164	0.0	0.0	0.0	0.0	0.0	5.258734703063965	0.0	0.0	0.0	5.222864627838135	0.0	0.0
4.882430076599121	0.0	0.0	6.802738666534424	7.173397541046143	0.0	7.521131992340088	0.0	0.0	0.0	0.0	0.0	5.19567346572876	0.0	4.938971996307373	0.0	0.0	0.0	0.0	5.010751724243164	0.0	4.22904109954834	0.0	0.0	0.0	0.0	0.0	0.0	0.0	0.0	0.0	0.0	0.0	0.0	0.0	0.0	0.0	0.0	7.059569835662842	5.9543633460998535	4.843851089477539	5.838733673095703	6.033532619476318	0.0	6.707056522369385	5.957529544830322	5.614378452301025	6.597797393798828	0.0	0.0	0.0	6.245522499084473	0.0	0.0	0.0	0.0	0.0	5.805109024047852	0.0	0.0	0.0	5.750266075134277	0.0	0.0
4.292360305786133	0.0	0.0	6.100480079650879	6.492321014404297	0.0	6.800998210906982	0.0	0.0	0.0	0.0	0.0	4.587602138519287	0.0	4.26250696182251	0.0	0.0	0.0	0.0	4.466919422149658	0.0	3.63480544090271	0.0	0.0	0.0	0.0	0.0	0.0	0.0	0.0	0.0	0.0	0.0	0.0	0.0	0.0	0.0	0.0	6.349010467529297	5.241348743438721	4.398360252380371	5.135037422180176	5.384128093719482	0.0	6.0527777671813965	5.359269618988037	5.024949073791504	5.907209873199463	0.0	0.0	0.0	5.583368301391602	0.0	0.0	0.0	0.0	0.0	5.105723857879639	0.0	0.0	0.0	5.08310604095459	0.0	0.0
4.21806526184082	0.0	0.0	6.018097400665283	6.399753093719482	0.0	6.700915813446045	0.0	0.0	0.0	0.0	0.0	4.5103936195373535	0.0	4.1899614334106445	0.0	0.0	0.0	0.0	4.3896684646606445	0.0	3.5683910846710205	0.0	0.0	0.0	0.0	0.0	0.0	0.0	0.0	0.0	0.0	0.0	0.0	0.0	0.0	0.0	0.0	6.249810695648193	5.162150859832764	4.3300371170043945	5.059918403625488	5.300911903381348	0.0	5.955060005187988	5.277731418609619	4.939516544342041	5.827127456665039	0.0	0.0	0.0	5.496572494506836	0.0	0.0	0.0	0.0	0.0	5.02665901184082	0.0	0.0	0.0	5.0041184425354	0.0	0.0
4.387615203857422	0.0	0.0	6.230401515960693	6.613653659820557	0.0	6.932106971740723	0.0	0.0	0.0	0.0	0.0	4.691371440887451	0.0	4.363887310028076	0.0	0.0	0.0	0.0	4.555659770965576	0.0	3.729318380355835	0.0	0.0	0.0	0.0	0.0	0.0	0.0	0.0	0.0	0.0	0.0	0.0	0.0	0.0	0.0	0.0	6.469741344451904	5.35328483581543	4.482865810394287	5.2535200119018555	5.497953414916992	0.0	6.172147274017334	5.465931415557861	5.126447677612305	6.029983043670654	0.0	0.0	0.0	5.690943241119385	0.0	0.0	0.0	0.0	0.0	5.220177173614502	0.0	0.0	0.0	5.190901279449463	0.0	0.0
4.2952094078063965	0.0	0.0	6.107454776763916	6.493483066558838	0.0	6.802820205688477	0.0	0.0	0.0	0.0	0.0	4.58682107925415	0.0	4.265466213226318	0.0	0.0	0.0	0.0	4.4646077156066895	0.0	3.6349735260009766	0.0	0.0	0.0	0.0	0.0	0.0	0.0	0.0	0.0	0.0	0.0	0.0	0.0	0.0	0.0	0.0	6.349035263061523	5.242565155029297	4.3993425369262695	5.14053201675415	5.388374328613281	0.0	6.052610397338867	5.360414981842041	5.022973537445068	5.908647060394287	0.0	0.0	0.0	5.580311298370361	0.0	0.0	0.0	0.0	0.0	5.111309051513672	0.0	0.0	0.0	5.082581520080566	0.0	0.0
4.201513767242432	0.0	0.0	5.997006893157959	6.372776985168457	0.0	6.673604488372803	0.0	0.0	0.0	0.0	0.0	4.490438461303711	0.0	4.173837661743164	0.0	0.0	0.0	0.0	4.368420124053955	0.0	3.5519301891326904	0.0	0.0	0.0	0.0	0.0	0.0	0.0	0.0	0.0	0.0	0.0	0.0	0.0	0.0	0.0	0.0	6.22710657119751	5.1435136795043945	4.312207221984863	5.041162967681885	5.280401229858398	0.0	5.930322170257568	5.255403995513916	4.916483402252197	5.8028764724731445	0.0	0.0	0.0	5.471317768096924	0.0	0.0	0.0	0.0	0.0	5.0091633796691895	0.0	0.0	0.0	4.9875898361206055	0.0	0.0
4.440946102142334	0.0	0.0	6.245852947235107	6.651119709014893	0.0	6.977719306945801	0.0	0.0	0.0	0.0	0.0	4.731879711151123	0.0	4.411835670471191	0.0	0.0	0.0	0.0	4.60498571395874	0.0	3.7679529190063477	0.0	0.0	0.0	0.0	0.0	0.0	0.0	0.0	0.0	0.0	0.0	0.0	0.0	0.0	0.0	0.0	6.526346206665039	5.399805068969727	4.5143256187438965	5.297415256500244	5.543951511383057	0.0	6.228288173675537	5.514836311340332	5.177811622619629	6.050715923309326	0.0	0.0	0.0	5.742621421813965	0.0	0.0	0.0	0.0	0.0	5.264162540435791	0.0	0.0	0.0	5.243372440338135	0.0	0.0
4.212355613708496	0.0	0.0	6.013506889343262	6.395210266113281	0.0	6.693257808685303	0.0	0.0	0.0	0.0	0.0	4.5048675537109375	0.0	4.183170795440674	0.0	0.0	0.0	0.0	4.389971733093262	0.0	3.5631816387176514	0.0	0.0	0.0	0.0	0.0	0.0	0.0	0.0	0.0	0.0	0.0	0.0	0.0	0.0	0.0	0.0	6.244921684265137	5.151012897491455	4.328434467315674	5.052576541900635	5.292774200439453	0.0	5.950819492340088	5.270578384399414	4.933717250823975	5.815132141113281	0.0	0.0	0.0	5.489718437194824	0.0	0.0	0.0	0.0	0.0	5.023157119750977	0.0	0.0	0.0	4.995598316192627	0.0	0.0
4.271687984466553	0.0	0.0	6.084064483642578	6.471333026885986	0.0	6.779836654663086	0.0	0.0	0.0	0.0	0.0	4.565317153930664	0.0	4.241226673126221	0.0	0.0	0.0	0.0	4.446689605712891	0.0	3.6180946826934814	0.0	0.0	0.0	0.0	0.0	0.0	0.0	0.0	0.0	0.0	0.0	0.0	0.0	0.0	0.0	0.0	6.323497295379639	5.220822811126709	4.381253242492676	5.122795581817627	5.364211082458496	0.0	6.028656005859375	5.340859889984131	4.999563217163086	5.890994548797607	0.0	0.0	0.0	5.5587358474731445	0.0	0.0	0.0	0.0	0.0	5.088113784790039	0.0	0.0	0.0	5.063126087188721	0.0	0.0
4.301558971405029	0.0	0.0	6.110631942749023	6.498499393463135	0.0	6.806614398956299	0.0	0.0	0.0	0.0	0.0	4.596333026885986	0.0	4.270512104034424	0.0	0.0	0.0	0.0	4.474277019500732	0.0	3.6394288539886475	0.0	0.0	0.0	0.0	0.0	0.0	0.0	0.0	0.0	0.0	0.0	0.0	0.0	0.0	0.0	0.0	6.35898494720459	5.247313499450684	4.401772499084473	5.147243022918701	5.396202087402344	0.0	6.062521934509277	5.367300033569336	5.031439304351807	5.916498184204102	0.0	0.0	0.0	5.588876724243164	0.0	0.0	0.0	0.0	0.0	5.11631965637207	0.0	0.0	0.0	5.094454288482666	0.0	0.0
4.213100433349609	0.0	0.0	6.014190196990967	6.395336151123047	0.0	6.6950578689575195	0.0	0.0	0.0	0.0	0.0	4.506524085998535	0.0	4.182389736175537	0.0	0.0	0.0	0.0	4.394478797912598	0.0	3.5634095668792725	0.0	0.0	0.0	0.0	0.0	0.0	0.0	0.0	0.0	0.0	0.0	0.0	0.0	0.0	0.0	0.0	6.2502336502075195	5.152610778808594	4.330491065979004	5.057007312774658	5.297069549560547	0.0	5.953380584716797	5.274425506591797	4.937407970428467	5.822068214416504	0.0	0.0	0.0	5.4913330078125	0.0	0.0	0.0	0.0	0.0	5.023940086364746	0.0	0.0	0.0	4.998176574707031	0.0	0.0
4.391767501831055	0.0	0.0	6.237629413604736	6.629951000213623	0.0	6.948756694793701	0.0	0.0	0.0	0.0	0.0	4.697686672210693	0.0	4.363023281097412	0.0	0.0	0.0	0.0	4.5753936767578125	0.0	3.7255849838256836	0.0	0.0	0.0	0.0	0.0	0.0	0.0	0.0	0.0	0.0	0.0	0.0	0.0	0.0	0.0	0.0	6.4879937171936035	5.3580827713012695	4.496514320373535	5.256611347198486	5.505259037017822	0.0	6.185637950897217	5.47616720199585	5.137129783630371	6.033522605895996	0.0	0.0	0.0	5.704148292541504	0.0	0.0	0.0	0.0	0.0	5.223981857299805	0.0	0.0	0.0	5.200978755950928	0.0	0.0
4.2898383140563965	0.0	0.0	6.106709957122803	6.489400386810303	0.0	6.799652099609375	0.0	0.0	0.0	0.0	0.0	4.586245059967041	0.0	4.257810115814209	0.0	0.0	0.0	0.0	4.461719036102295	0.0	3.631458044052124	0.0	0.0	0.0	0.0	0.0	0.0	0.0	0.0	0.0	0.0	0.0	0.0	0.0	0.0	0.0	0.0	6.346979141235352	5.241580963134766	4.397497653961182	5.140293121337891	5.384724140167236	0.0	6.051377773284912	5.3605146408081055	5.018453121185303	5.912354946136475	0.0	0.0	0.0	5.579214096069336	0.0	0.0	0.0	0.0	0.0	5.107799530029297	0.0	0.0	0.0	5.080840587615967	0.0	0.0
4.257980823516846	0.0	0.0	6.0668158531188965	6.450390338897705	0.0	6.756251335144043	0.0	0.0	0.0	0.0	0.0	4.552350044250488	0.0	4.228838920593262	0.0	0.0	0.0	0.0	4.431769371032715	0.0	3.603775978088379	0.0	0.0	0.0	0.0	0.0	0.0	0.0	0.0	0.0	0.0	0.0	0.0	0.0	0.0	0.0	0.0	6.303357124328613	5.206125736236572	4.36635684967041	5.101731777191162	5.346596717834473	0.0	6.007478713989258	5.3216071128845215	4.9832634925842285	5.864265441894531	0.0	0.0	0.0	5.541140079498291	0.0	0.0	0.0	0.0	0.0	5.073021411895752	0.0	0.0	0.0	5.046213150024414	0.0	0.0
5.493128776550293	0.0	0.0	7.380105972290039	7.8124003410339355	0.0	8.213216781616211	0.0	0.0	0.0	0.0	0.0	5.764109134674072	0.0	5.498208522796631	0.0	0.0	0.0	0.0	5.55393648147583	0.0	4.783506870269775	0.0	0.0	0.0	0.0	0.0	0.0	0.0	0.0	0.0	0.0	0.0	0.0	0.0	0.0	0.0	0.0	7.726262092590332	6.523369312286377	5.320131301879883	6.393503189086914	6.633264541625977	0.0	7.436001777648926	6.521015167236328	6.232906341552734	7.138513565063477	0.0	0.0	0.0	6.849894046783447	0.0	0.0	0.0	0.0	0.0	6.400516986846924	0.0	0.0	0.0	6.3095855712890625	0.0	0.0
4.220245838165283	0.0	0.0	6.023196697235107	6.405735969543457	0.0	6.709585189819336	0.0	0.0	0.0	0.0	0.0	4.511420249938965	0.0	4.191965579986572	0.0	0.0	0.0	0.0	4.394916534423828	0.0	3.568586826324463	0.0	0.0	0.0	0.0	0.0	0.0	0.0	0.0	0.0	0.0	0.0	0.0	0.0	0.0	0.0	0.0	6.259406566619873	5.164340496063232	4.335846900939941	5.061682224273682	5.305728912353516	0.0	5.965106010437012	5.283844470977783	4.943886756896973	5.827825546264648	0.0	0.0	0.0	5.499030590057373	0.0	0.0	0.0	0.0	0.0	5.030808925628662	0.0	0.0	0.0	5.008767604827881	0.0	0.0
4.210984230041504	0.0	0.0	6.002351760864258	6.380862712860107	0.0	6.680290699005127	0.0	0.0	0.0	0.0	0.0	4.501071929931641	0.0	4.184420585632324	0.0	0.0	0.0	0.0	4.37612771987915	0.0	3.5645883083343506	0.0	0.0	0.0	0.0	0.0	0.0	0.0	0.0	0.0	0.0	0.0	0.0	0.0	0.0	0.0	0.0	6.238276481628418	5.154767990112305	4.312397480010986	5.051465034484863	5.288122177124023	0.0	5.9417829513549805	5.265136241912842	4.924347877502441	5.813093185424805	0.0	0.0	0.0	5.483992099761963	0.0	0.0	0.0	0.0	0.0	5.018872261047363	0.0	0.0	0.0	4.9939446449279785	0.0	0.0
4.273309707641602	0.0	0.0	6.092675685882568	6.4794416427612305	0.0	6.78390645980835	0.0	0.0	0.0	0.0	0.0	4.570127964019775	0.0	4.24139928817749	0.0	0.0	0.0	0.0	4.450119495391846	0.0	3.6187257766723633	0.0	0.0	0.0	0.0	0.0	0.0	0.0	0.0	0.0	0.0	0.0	0.0	0.0	0.0	0.0	0.0	6.32663106918335	5.227461814880371	4.389400005340576	5.121551513671875	5.367873191833496	0.0	6.039194107055664	5.346677780151367	5.0063700675964355	5.891180992126465	0.0	0.0	0.0	5.565401077270508	0.0	0.0	0.0	0.0	0.0	5.0907135009765625	0.0	0.0	0.0	5.06596565246582	0.0	0.0
4.425992965698242	0.0	0.0	6.277360439300537	6.681643962860107	0.0	6.993537902832031	0.0	0.0	0.0	0.0	0.0	4.737640857696533	0.0	4.3970208168029785	0.0	0.0	0.0	0.0	4.617055892944336	0.0	3.7499706745147705	0.0	0.0	0.0	0.0	0.0	0.0	0.0	0.0	0.0	0.0	0.0	0.0	0.0	0.0	0.0	0.0	6.538599491119385	5.399584770202637	4.533417701721191	5.288671016693115	5.552099227905273	0.0	6.231315612792969	5.523130416870117	5.184382438659668	6.073254585266113	0.0	0.0	0.0	5.743405818939209	0.0	0.0	0.0	0.0	0.0	5.266435146331787	0.0	0.0	0.0	5.237735748291016	0.0	0.0
4.3545379638671875	0.0	0.0	6.192225456237793	6.583930969238281	0.0	6.894148349761963	0.0	0.0	0.0	0.0	0.0	4.659163951873779	0.0	4.325438976287842	0.0	0.0	0.0	0.0	4.53374719619751	0.0	3.6940886974334717	0.0	0.0	0.0	0.0	0.0	0.0	0.0	0.0	0.0	0.0	0.0	0.0	0.0	0.0	0.0	0.0	6.434081077575684	5.311128616333008	4.464838981628418	5.21204137802124	5.461877346038818	0.0	6.135597229003906	5.432484149932861	5.096042633056641	5.988712787628174	0.0	0.0	0.0	5.655897617340088	0.0	0.0	0.0	0.0	0.0	5.178996562957764	0.0	0.0	0.0	5.158298015594482	0.0	0.0
4.42677640914917	0.0	0.0	6.2701311111450195	6.673311233520508	0.0	6.992944717407227	0.0	0.0	0.0	0.0	0.0	4.720750331878662	0.0	4.386781215667725	0.0	0.0	0.0	0.0	4.5991363525390625	0.0	3.7644734382629395	0.0	0.0	0.0	0.0	0.0	0.0	0.0	0.0	0.0	0.0	0.0	0.0	0.0	0.0	0.0	0.0	6.5212483406066895	5.387089252471924	4.5279541015625	5.290293216705322	5.529741287231445	0.0	6.228494167327881	5.504315376281738	5.180729866027832	6.054651737213135	0.0	0.0	0.0	5.730226516723633	0.0	0.0	0.0	0.0	0.0	5.255122184753418	0.0	0.0	0.0	5.223827838897705	0.0	0.0
4.414723873138428	0.0	0.0	6.273158550262451	6.652627944946289	0.0	6.960744857788086	0.0	0.0	0.0	0.0	0.0	4.725881099700928	0.0	4.416430473327637	0.0	0.0	0.0	0.0	4.580244541168213	0.0	3.768404960632324	0.0	0.0	0.0	0.0	0.0	0.0	0.0	0.0	0.0	0.0	0.0	0.0	0.0	0.0	0.0	0.0	6.50716495513916	5.403870105743408	4.494565486907959	5.294432640075684	5.5364227294921875	0.0	6.190368175506592	5.496489524841309	5.146106719970703	6.0691447257995605	0.0	0.0	0.0	5.730624198913574	0.0	0.0	0.0	0.0	0.0	5.268040657043457	0.0	0.0	0.0	5.23205041885376	0.0	0.0
4.173072338104248	0.0	0.0	5.962780475616455	6.3399152755737305	0.0	6.636995792388916	0.0	0.0	0.0	0.0	0.0	4.463347911834717	0.0	4.146862506866455	0.0	0.0	0.0	0.0	4.348320484161377	0.0	3.5288772583007812	0.0	0.0	0.0	0.0	0.0	0.0	0.0	0.0	0.0	0.0	0.0	0.0	0.0	0.0	0.0	0.0	6.194159984588623	5.112144947052002	4.291205406188965	5.0080366134643555	5.249377727508545	0.0	5.899345874786377	5.227643966674805	4.890224933624268	5.77097749710083	0.0	0.0	0.0	5.443191051483154	0.0	0.0	0.0	0.0	0.0	4.97699499130249	0.0	0.0	0.0	4.9535746574401855	0.0	0.0
4.346009731292725	0.0	0.0	6.172224998474121	6.5675787925720215	0.0	6.876039505004883	0.0	0.0	0.0	0.0	0.0	4.64247989654541	0.0	4.323912620544434	0.0	0.0	0.0	0.0	4.5338640213012695	0.0	3.677046060562134	0.0	0.0	0.0	0.0	0.0	0.0	0.0	0.0	0.0	0.0	0.0	0.0	0.0	0.0	0.0	0.0	6.4211506843566895	5.305213451385498	4.456080436706543	5.1999664306640625	5.453360557556152	0.0	6.125829696655273	5.431290149688721	5.088294506072998	5.967373371124268	0.0	0.0	0.0	5.653176784515381	0.0	0.0	0.0	0.0	0.0	5.171432018280029	0.0	0.0	0.0	5.148025989532471	0.0	0.0
4.306954860687256	0.0	0.0	6.1283698081970215	6.516726970672607	0.0	6.825350761413574	0.0	0.0	0.0	0.0	0.0	4.608153820037842	0.0	4.280372142791748	0.0	0.0	0.0	0.0	4.479550838470459	0.0	3.6490046977996826	0.0	0.0	0.0	0.0	0.0	0.0	0.0	0.0	0.0	0.0	0.0	0.0	0.0	0.0	0.0	0.0	6.370967388153076	5.263956069946289	4.413814544677734	5.160580158233643	5.408886432647705	0.0	6.070487976074219	5.379716396331787	5.04152774810791	5.934319496154785	0.0	0.0	0.0	5.600625991821289	0.0	0.0	0.0	0.0	0.0	5.12677526473999	0.0	0.0	0.0	5.104293346405029	0.0	0.0
4.330754280090332	0.0	0.0	6.147564888000488	6.5409393310546875	0.0	6.858731746673584	0.0	0.0	0.0	0.0	0.0	4.628837585449219	0.0	4.298394203186035	0.0	0.0	0.0	0.0	4.506998538970947	0.0	3.667473554611206	0.0	0.0	0.0	0.0	0.0	0.0	0.0	0.0	0.0	0.0	0.0	0.0	0.0	0.0	0.0	0.0	6.399544715881348	5.2877936363220215	4.435762405395508	5.186647415161133	5.431591987609863	0.0	6.103229999542236	5.404852390289307	5.065670967102051	5.953005313873291	0.0	0.0	0.0	5.628131866455078	0.0	0.0	0.0	0.0	0.0	5.148667335510254	0.0	0.0	0.0	5.13003396987915	0.0	0.0
4.2585978507995605	0.0	0.0	6.067515850067139	6.454323768615723	0.0	6.763171195983887	0.0	0.0	0.0	0.0	0.0	4.556309700012207	0.0	4.2302069664001465	0.0	0.0	0.0	0.0	4.436420440673828	0.0	3.603999137878418	0.0	0.0	0.0	0.0	0.0	0.0	0.0	0.0	0.0	0.0	0.0	0.0	0.0	0.0	0.0	0.0	6.308801651000977	5.20798397064209	4.373093128204346	5.109701633453369	5.350701808929443	0.0	6.012660026550293	5.327015399932861	4.989136219024658	5.872844696044922	0.0	0.0	0.0	5.55130672454834	0.0	0.0	0.0	0.0	0.0	5.071569442749023	0.0	0.0	0.0	5.053430557250977	0.0	0.0
4.369145393371582	0.0	0.0	6.205324649810791	6.591288089752197	0.0	6.909976482391357	0.0	0.0	0.0	0.0	0.0	4.667290687561035	0.0	4.3426127433776855	0.0	0.0	0.0	0.0	4.54244327545166	0.0	3.7114832401275635	0.0	0.0	0.0	0.0	0.0	0.0	0.0	0.0	0.0	0.0	0.0	0.0	0.0	0.0	0.0	0.0	6.454066276550293	5.338493347167969	4.466511249542236	5.232107639312744	5.479365348815918	0.0	6.149227142333984	5.44755220413208	5.112390518188477	6.008356094360352	0.0	0.0	0.0	5.6768879890441895	0.0	0.0	0.0	0.0	0.0	5.199835300445557	0.0	0.0	0.0	5.176593780517578	0.0	0.0
4.411933422088623	0.0	0.0	6.2245893478393555	6.620301246643066	0.0	6.945462226867676	0.0	0.0	0.0	0.0	0.0	4.699189186096191	0.0	4.380349636077881	0.0	0.0	0.0	0.0	4.572664260864258	0.0	3.734520673751831	0.0	0.0	0.0	0.0	0.0	0.0	0.0	0.0	0.0	0.0	0.0	0.0	0.0	0.0	0.0	0.0	6.491568565368652	5.371702194213867	4.488629341125488	5.2655744552612305	5.5209479331970215	0.0	6.184469223022461	5.48587703704834	5.144173622131348	6.029276371002197	0.0	0.0	0.0	5.712154865264893	0.0	0.0	0.0	0.0	0.0	5.233973026275635	0.0	0.0	0.0	5.2130446434021	0.0	0.0
4.327548980712891	0.0	0.0	6.151689052581787	6.538473129272461	0.0	6.85607385635376	0.0	0.0	0.0	0.0	0.0	4.624349594116211	0.0	4.298128604888916	0.0	0.0	0.0	0.0	4.496603965759277	0.0	3.6654560565948486	0.0	0.0	0.0	0.0	0.0	0.0	0.0	0.0	0.0	0.0	0.0	0.0	0.0	0.0	0.0	0.0	6.400716304779053	5.284504413604736	4.432596206665039	5.176859378814697	5.4211344718933105	0.0	6.096051216125488	5.40214204788208	5.061221599578857	5.947640419006348	0.0	0.0	0.0	5.620344161987305	0.0	0.0	0.0	0.0	0.0	5.147907733917236	0.0	0.0	0.0	5.124497890472412	0.0	0.0
4.269778251647949	0.0	0.0	6.083104133605957	6.465900897979736	0.0	6.773710250854492	0.0	0.0	0.0	0.0	0.0	4.564072132110596	0.0	4.238582134246826	0.0	0.0	0.0	0.0	4.44163179397583	0.0	3.6147611141204834	0.0	0.0	0.0	0.0	0.0	0.0	0.0	0.0	0.0	0.0	0.0	0.0	0.0	0.0	0.0	0.0	6.324049949645996	5.218024730682373	4.378931045532227	5.116610527038574	5.359243392944336	0.0	6.022851467132568	5.333819389343262	4.9992194175720215	5.88783073425293	0.0	0.0	0.0	5.557420253753662	0.0	0.0	0.0	0.0	0.0	5.081201076507568	0.0	0.0	0.0	5.062601566314697	0.0	0.0
4.386150360107422	0.0	0.0	6.225461959838867	6.6053314208984375	0.0	6.920833587646484	0.0	0.0	0.0	0.0	0.0	4.684253692626953	0.0	4.381749629974365	0.0	0.0	0.0	0.0	4.5513224601745605	0.0	3.7302582263946533	0.0	0.0	0.0	0.0	0.0	0.0	0.0	0.0	0.0	0.0	0.0	0.0	0.0	0.0	0.0	0.0	6.466657638549805	5.361694812774658	4.46293830871582	5.256155490875244	5.495003700256348	0.0	6.1551971435546875	5.461789131164551	5.114676475524902	6.027055263519287	0.0	0.0	0.0	5.691362380981445	0.0	0.0	0.0	0.0	0.0	5.228641510009766	0.0	0.0	0.0	5.197404861450195	0.0	0.0
4.334619522094727	0.0	0.0	6.162888050079346	6.55698823928833	0.0	6.86789608001709	0.0	0.0	0.0	0.0	0.0	4.632565975189209	0.0	4.302981376647949	0.0	0.0	0.0	0.0	4.513406276702881	0.0	3.6769044399261475	0.0	0.0	0.0	0.0	0.0	0.0	0.0	0.0	0.0	0.0	0.0	0.0	0.0	0.0	0.0	0.0	6.406565189361572	5.289608001708984	4.43877649307251	5.188032627105713	5.436400413513184	0.0	6.115335464477539	5.408420562744141	5.071996212005615	5.957446575164795	0.0	0.0	0.0	5.637798309326172	0.0	0.0	0.0	0.0	0.0	5.156168460845947	0.0	0.0	0.0	5.131233215332031	0.0	0.0
4.410979747772217	0.0	0.0	6.247984886169434	6.639022350311279	0.0	6.961620330810547	0.0	0.0	0.0	0.0	0.0	4.6966776847839355	0.0	4.3821635246276855	0.0	0.0	0.0	0.0	4.585498332977295	0.0	3.733304738998413	0.0	0.0	0.0	0.0	0.0	0.0	0.0	0.0	0.0	0.0	0.0	0.0	0.0	0.0	0.0	0.0	6.505868434906006	5.367066860198975	4.502837181091309	5.2694501876831055	5.52135705947876	0.0	6.2083024978637695	5.492001056671143	5.151223659515381	6.035698413848877	0.0	0.0	0.0	5.714834213256836	0.0	0.0	0.0	0.0	0.0	5.239067077636719	0.0	0.0	0.0	5.21287727355957	0.0	0.0
4.392796993255615	0.0	0.0	6.229410648345947	6.6194868087768555	0.0	6.943953037261963	0.0	0.0	0.0	0.0	0.0	4.693375587463379	0.0	4.38416862487793	0.0	0.0	0.0	0.0	4.569093704223633	0.0	3.746255397796631	0.0	0.0	0.0	0.0	0.0	0.0	0.0	0.0	0.0	0.0	0.0	0.0	0.0	0.0	0.0	0.0	6.47629976272583	5.365151405334473	4.485788345336914	5.2626519203186035	5.496556282043457	0.0	6.171143531799316	5.467730522155762	5.13245153427124	6.035892486572266	0.0	0.0	0.0	5.701227188110352	0.0	0.0	0.0	0.0	0.0	5.232311248779297	0.0	0.0	0.0	5.20308256149292	0.0	0.0
4.243516445159912	0.0	0.0	6.040754795074463	6.425983428955078	0.0	6.731163501739502	0.0	0.0	0.0	0.0	0.0	4.535563945770264	0.0	4.208390712738037	0.0	0.0	0.0	0.0	4.417128086090088	0.0	3.5857632160186768	0.0	0.0	0.0	0.0	0.0	0.0	0.0	0.0	0.0	0.0	0.0	0.0	0.0	0.0	0.0	0.0	6.284250736236572	5.180527687072754	4.353519439697266	5.08432149887085	5.325150489807129	0.0	5.986242294311523	5.303152561187744	4.967034816741943	5.8500823974609375	0.0	0.0	0.0	5.5212016105651855	0.0	0.0	0.0	0.0	0.0	5.051624774932861	0.0	0.0	0.0	5.024992942810059	0.0	0.0
4.549277305603027	0.0	0.0	6.385464668273926	6.788323402404785	0.0	7.125516891479492	0.0	0.0	0.0	0.0	0.0	4.833873748779297	0.0	4.521612644195557	0.0	0.0	0.0	0.0	4.706294536590576	0.0	3.8684322834014893	0.0	0.0	0.0	0.0	0.0	0.0	0.0	0.0	0.0	0.0	0.0	0.0	0.0	0.0	0.0	0.0	6.663239002227783	5.518927097320557	4.606595516204834	5.405970096588135	5.653067588806152	0.0	6.365880012512207	5.625387191772461	5.297739028930664	6.173353672027588	0.0	0.0	0.0	5.855355262756348	0.0	0.0	0.0	0.0	0.0	5.3849592208862305	0.0	0.0	0.0	5.355059623718262	0.0	0.0
4.4027099609375	0.0	0.0	6.221889495849609	6.620072364807129	0.0	6.939704418182373	0.0	0.0	0.0	0.0	0.0	4.6954216957092285	0.0	4.374899387359619	0.0	0.0	0.0	0.0	4.569966793060303	0.0	3.732360601425171	0.0	0.0	0.0	0.0	0.0	0.0	0.0	0.0	0.0	0.0	0.0	0.0	0.0	0.0	0.0	0.0	6.48838996887207	5.361255168914795	4.48522424697876	5.257776737213135	5.5043535232543945	0.0	6.188555717468262	5.482598304748535	5.143380165100098	6.017049312591553	0.0	0.0	0.0	5.706380367279053	0.0	0.0	0.0	0.0	0.0	5.227723121643066	0.0	0.0	0.0	5.205046653747559	0.0	0.0
4.261968612670898	0.0	0.0	6.079194068908691	6.464500904083252	0.0	6.767967224121094	0.0	0.0	0.0	0.0	0.0	4.56137228012085	0.0	4.232942581176758	0.0	0.0	0.0	0.0	4.4422688484191895	0.0	3.605806350708008	0.0	0.0	0.0	0.0	0.0	0.0	0.0	0.0	0.0	0.0	0.0	0.0	0.0	0.0	0.0	0.0	6.314985752105713	5.214505672454834	4.380547523498535	5.112644672393799	5.3596696853637695	0.0	6.021010398864746	5.331986904144287	4.993026256561279	5.885122776031494	0.0	0.0	0.0	5.551339149475098	0.0	0.0	0.0	0.0	0.0	5.0790534019470215	0.0	0.0	0.0	5.055073261260986	0.0	0.0
4.401506423950195	0.0	0.0	6.24228572845459	6.6352458000183105	0.0	6.957030296325684	0.0	0.0	0.0	0.0	0.0	4.704249858856201	0.0	4.38042688369751	0.0	0.0	0.0	0.0	4.579186916351318	0.0	3.7381789684295654	0.0	0.0	0.0	0.0	0.0	0.0	0.0	0.0	0.0	0.0	0.0	0.0	0.0	0.0	0.0	0.0	6.4896697998046875	5.366855621337891	4.494587421417236	5.261284351348877	5.507547378540039	0.0	6.191712379455566	5.478476524353027	5.1428632736206055	6.041628360748291	0.0	0.0	0.0	5.710575580596924	0.0	0.0	0.0	0.0	0.0	5.239664554595947	0.0	0.0	0.0	5.207293510437012	0.0	0.0
4.261133193969727	0.0	0.0	6.077235221862793	6.460002899169922	0.0	6.763918399810791	0.0	0.0	0.0	0.0	0.0	4.5580153465271	0.0	4.232294082641602	0.0	0.0	0.0	0.0	4.437687397003174	0.0	3.6090526580810547	0.0	0.0	0.0	0.0	0.0	0.0	0.0	0.0	0.0	0.0	0.0	0.0	0.0	0.0	0.0	0.0	6.3162031173706055	5.212279319763184	4.374596118927002	5.111721515655518	5.355863094329834	0.0	6.013690948486328	5.331141471862793	4.993077278137207	5.883880615234375	0.0	0.0	0.0	5.551905632019043	0.0	0.0	0.0	0.0	0.0	5.077647686004639	0.0	0.0	0.0	5.055363178253174	0.0	0.0
4.257482528686523	0.0	0.0	6.061946868896484	6.447600364685059	0.0	6.755908489227295	0.0	0.0	0.0	0.0	0.0	4.552903652191162	0.0	4.230716705322266	0.0	0.0	0.0	0.0	4.434867858886719	0.0	3.5982248783111572	0.0	0.0	0.0	0.0	0.0	0.0	0.0	0.0	0.0	0.0	0.0	0.0	0.0	0.0	0.0	0.0	6.302784442901611	5.203229904174805	4.367488384246826	5.100627899169922	5.346477031707764	0.0	6.01054573059082	5.3227763175964355	4.985818386077881	5.867273330688477	0.0	0.0	0.0	5.540924549102783	0.0	0.0	0.0	0.0	0.0	5.067891597747803	0.0	0.0	0.0	5.0468430519104	0.0	0.0
4.189328193664551	0.0	0.0	5.9790730476379395	6.3571953773498535	0.0	6.656713008880615	0.0	0.0	0.0	0.0	0.0	4.480097770690918	0.0	4.165649890899658	0.0	0.0	0.0	0.0	4.361593246459961	0.0	3.5436081886291504	0.0	0.0	0.0	0.0	0.0	0.0	0.0	0.0	0.0	0.0	0.0	0.0	0.0	0.0	0.0	0.0	6.210813045501709	5.130212783813477	4.2990875244140625	5.028107643127441	5.269025802612305	0.0	5.9151458740234375	5.242132186889648	4.907034397125244	5.7905402183532715	0.0	0.0	0.0	5.459478855133057	0.0	0.0	0.0	0.0	0.0	4.995478630065918	0.0	0.0	0.0	4.973472595214844	0.0	0.0
4.664728164672852	0.0	0.0	6.559478759765625	6.943885326385498	0.0	7.27666711807251	0.0	0.0	0.0	0.0	0.0	4.975966930389404	0.0	4.6884565353393555	0.0	0.0	0.0	0.0	4.813543319702148	0.0	3.996518611907959	0.0	0.0	0.0	0.0	0.0	0.0	0.0	0.0	0.0	0.0	0.0	0.0	0.0	0.0	0.0	0.0	6.816104412078857	5.69614315032959	4.680052280426025	5.585371494293213	5.804389476776123	0.0	6.481969356536865	5.751108646392822	5.404474258422852	6.3594441413879395	0.0	0.0	0.0	6.016216278076172	0.0	0.0	0.0	0.0	0.0	5.550282955169678	0.0	0.0	0.0	5.510412693023682	0.0	0.0
4.209517002105713	0.0	0.0	6.010632038116455	6.388996124267578	0.0	6.69026517868042	0.0	0.0	0.0	0.0	0.0	4.499924659729004	0.0	4.180210113525391	0.0	0.0	0.0	0.0	4.385395050048828	0.0	3.5574276447296143	0.0	0.0	0.0	0.0	0.0	0.0	0.0	0.0	0.0	0.0	0.0	0.0	0.0	0.0	0.0	0.0	6.240192413330078	5.148283958435059	4.3290534019470215	5.048529624938965	5.293816566467285	0.0	5.947254180908203	5.270971775054932	4.930126667022705	5.815787315368652	0.0	0.0	0.0	5.482299327850342	0.0	0.0	0.0	0.0	0.0	5.015513896942139	0.0	0.0	0.0	4.991321563720703	0.0	0.0
4.279735088348389	0.0	0.0	6.101102828979492	6.487582206726074	0.0	6.794114112854004	0.0	0.0	0.0	0.0	0.0	4.576941967010498	0.0	4.254580497741699	0.0	0.0	0.0	0.0	4.454691410064697	0.0	3.627678394317627	0.0	0.0	0.0	0.0	0.0	0.0	0.0	0.0	0.0	0.0	0.0	0.0	0.0	0.0	0.0	0.0	6.337104797363281	5.229959487915039	4.394066333770752	5.131335735321045	5.371789932250977	0.0	6.038149833679199	5.348000526428223	5.013751983642578	5.903050422668457	0.0	0.0	0.0	5.571800708770752	0.0	0.0	0.0	0.0	0.0	5.099489688873291	0.0	0.0	0.0	5.074335098266602	0.0	0.0
4.260929107666016	0.0	0.0	6.0734453201293945	6.45510196685791	0.0	6.7634477615356445	0.0	0.0	0.0	0.0	0.0	4.5593671798706055	0.0	4.233713150024414	0.0	0.0	0.0	0.0	4.436184406280518	0.0	3.6086788177490234	0.0	0.0	0.0	0.0	0.0	0.0	0.0	0.0	0.0	0.0	0.0	0.0	0.0	0.0	0.0	0.0	6.312135696411133	5.209026336669922	4.374043941497803	5.10966157913208	5.35618257522583	0.0	6.016185283660889	5.327460289001465	4.992031574249268	5.8796610832214355	0.0	0.0	0.0	5.549494743347168	0.0	0.0	0.0	0.0	0.0	5.073281764984131	0.0	0.0	0.0	5.052073955535889	0.0	0.0
4.357885360717773	0.0	0.0	6.191086292266846	6.585760593414307	0.0	6.894999980926514	0.0	0.0	0.0	0.0	0.0	4.666593074798584	0.0	4.326411247253418	0.0	0.0	0.0	0.0	4.552920341491699	0.0	3.694321393966675	0.0	0.0	0.0	0.0	0.0	0.0	0.0	0.0	0.0	0.0	0.0	0.0	0.0	0.0	0.0	0.0	6.435164928436279	5.316832065582275	4.469087600708008	5.208932876586914	5.473155975341797	0.0	6.142942428588867	5.444162368774414	5.105205535888672	5.982146739959717	0.0	0.0	0.0	5.672547817230225	0.0	0.0	0.0	0.0	0.0	5.1837286949157715	0.0	0.0	0.0	5.165882110595703	0.0	0.0
4.608883380889893	0.0	0.0	6.444412708282471	6.860681533813477	0.0	7.203526496887207	0.0	0.0	0.0	0.0	0.0	4.890065670013428	0.0	4.579154014587402	0.0	0.0	0.0	0.0	4.770076751708984	0.0	3.9130477905273438	0.0	0.0	0.0	0.0	0.0	0.0	0.0	0.0	0.0	0.0	0.0	0.0	0.0	0.0	0.0	0.0	6.738969802856445	5.573598384857178	4.664912223815918	5.466687202453613	5.72763204574585	0.0	6.452547550201416	5.697485446929932	5.367580890655518	6.237407207489014	0.0	0.0	0.0	5.92092752456665	0.0	0.0	0.0	0.0	0.0	5.4485392570495605	0.0	0.0	0.0	5.424825668334961	0.0	0.0
4.330833435058594	0.0	0.0	6.142642974853516	6.536998271942139	0.0	6.851774215698242	0.0	0.0	0.0	0.0	0.0	4.62108039855957	0.0	4.299210071563721	0.0	0.0	0.0	0.0	4.503839015960693	0.0	3.6622679233551025	0.0	0.0	0.0	0.0	0.0	0.0	0.0	0.0	0.0	0.0	0.0	0.0	0.0	0.0	0.0	0.0	6.397523880004883	5.2820281982421875	4.429174423217773	5.183570384979248	5.425929546356201	0.0	6.10129976272583	5.400940895080566	5.064215183258057	5.947028160095215	0.0	0.0	0.0	5.619508743286133	0.0	0.0	0.0	0.0	0.0	5.146825790405273	0.0	0.0	0.0	5.126406192779541	0.0	0.0
4.507172584533691	0.0	0.0	6.337780475616455	6.748674392700195	0.0	7.077178001403809	0.0	0.0	0.0	0.0	0.0	4.799707412719727	0.0	4.477239608764648	0.0	0.0	0.0	0.0	4.670761585235596	0.0	3.8334038257598877	0.0	0.0	0.0	0.0	0.0	0.0	0.0	0.0	0.0	0.0	0.0	0.0	0.0	0.0	0.0	0.0	6.611557960510254	5.4787187576293945	4.575012683868408	5.369502067565918	5.6143388748168945	0.0	6.3170294761657715	5.584177017211914	5.260148525238037	6.136165618896484	0.0	0.0	0.0	5.8196024894714355	0.0	0.0	0.0	0.0	0.0	5.352108955383301	0.0	0.0	0.0	5.310275554656982	0.0	0.0
4.25896692276001	0.0	0.0	6.073097229003906	6.4583563804626465	0.0	6.762368202209473	0.0	0.0	0.0	0.0	0.0	4.5538010597229	0.0	4.23579216003418	0.0	0.0	0.0	0.0	4.436473846435547	0.0	3.6093645095825195	0.0	0.0	0.0	0.0	0.0	0.0	0.0	0.0	0.0	0.0	0.0	0.0	0.0	0.0	0.0	0.0	6.308972358703613	5.212081432342529	4.3738179206848145	5.10778284072876	5.351181507110596	0.0	6.014598846435547	5.326012134552002	4.989119052886963	5.876384258270264	0.0	0.0	0.0	5.547051906585693	0.0	0.0	0.0	0.0	0.0	5.0773844718933105	0.0	0.0	0.0	5.051114559173584	0.0	0.0
4.357719898223877	0.0	0.0	6.204339027404785	6.59112024307251	0.0	6.904579162597656	0.0	0.0	0.0	0.0	0.0	4.66300630569458	0.0	4.336989402770996	0.0	0.0	0.0	0.0	4.534334182739258	0.0	3.6988136768341064	0.0	0.0	0.0	0.0	0.0	0.0	0.0	0.0	0.0	0.0	0.0	0.0	0.0	0.0	0.0	0.0	6.445464611053467	5.327646255493164	4.463764667510986	5.22352409362793	5.465146541595459	0.0	6.1394147872924805	5.4379682540893555	5.098210334777832	5.994787216186523	0.0	0.0	0.0	5.664811611175537	0.0	0.0	0.0	0.0	0.0	5.189563274383545	0.0	0.0	0.0	5.165929794311523	0.0	0.0
4.472280979156494	0.0	0.0	6.301265716552734	6.707195281982422	0.0	7.029995441436768	0.0	0.0	0.0	0.0	0.0	4.76394510269165	0.0	4.449578285217285	0.0	0.0	0.0	0.0	4.6308369636535645	0.0	3.8017208576202393	0.0	0.0	0.0	0.0	0.0	0.0	0.0	0.0	0.0	0.0	0.0	0.0	0.0	0.0	0.0	0.0	6.5692243576049805	5.427074909210205	4.546020030975342	5.329012393951416	5.575138092041016	0.0	6.268259048461914	5.546984672546387	5.212835788726807	6.097870349884033	0.0	0.0	0.0	5.777127742767334	0.0	0.0	0.0	0.0	0.0	5.302701473236084	0.0	0.0	0.0	5.270825386047363	0.0	0.0
4.337036609649658	0.0	0.0	6.17279052734375	6.559111595153809	0.0	6.8731255531311035	0.0	0.0	0.0	0.0	0.0	4.635395050048828	0.0	4.312696933746338	0.0	0.0	0.0	0.0	4.51360559463501	0.0	3.677117109298706	0.0	0.0	0.0	0.0	0.0	0.0	0.0	0.0	0.0	0.0	0.0	0.0	0.0	0.0	0.0	0.0	6.412555694580078	5.299770355224609	4.446678638458252	5.196497440338135	5.439110279083252	0.0	6.1144843101501465	5.419214248657227	5.075406074523926	5.971789360046387	0.0	0.0	0.0	5.6402506828308105	0.0	0.0	0.0	0.0	0.0	5.165881156921387	0.0	0.0	0.0	5.140013217926025	0.0	0.0
4.253669261932373	0.0	0.0	6.062511444091797	6.446864604949951	0.0	6.752014636993408	0.0	0.0	0.0	0.0	0.0	4.5472517013549805	0.0	4.226954460144043	0.0	0.0	0.0	0.0	4.4269490242004395	0.0	3.5981638431549072	0.0	0.0	0.0	0.0	0.0	0.0	0.0	0.0	0.0	0.0	0.0	0.0	0.0	0.0	0.0	0.0	6.301506519317627	5.2026495933532715	4.364958763122559	5.100829124450684	5.3455491065979	0.0	6.004439830780029	5.318300247192383	4.982300758361816	5.870561122894287	0.0	0.0	0.0	5.537775039672852	0.0	0.0	0.0	0.0	0.0	5.068047046661377	0.0	0.0	0.0	5.042801856994629	0.0	0.0
4.38730001449585	0.0	0.0	6.2306671142578125	6.624060153961182	0.0	6.944575786590576	0.0	0.0	0.0	0.0	0.0	4.696353435516357	0.0	4.365813732147217	0.0	0.0	0.0	0.0	4.57598876953125	0.0	3.7255661487579346	0.0	0.0	0.0	0.0	0.0	0.0	0.0	0.0	0.0	0.0	0.0	0.0	0.0	0.0	0.0	0.0	6.484950542449951	5.354452133178711	4.493166923522949	5.256167888641357	5.498725891113281	0.0	6.182818412780762	5.474832534790039	5.138076305389404	6.022716522216797	0.0	0.0	0.0	5.697765350341797	0.0	0.0	0.0	0.0	0.0	5.21769380569458	0.0	0.0	0.0	5.190848350524902	0.0	0.0
4.374619483947754	0.0	0.0	6.2137274742126465	6.603567600250244	0.0	6.918272495269775	0.0	0.0	0.0	0.0	0.0	4.6688971519470215	0.0	4.345836162567139	0.0	0.0	0.0	0.0	4.551892280578613	0.0	3.7178268432617188	0.0	0.0	0.0	0.0	0.0	0.0	0.0	0.0	0.0	0.0	0.0	0.0	0.0	0.0	0.0	0.0	6.450188636779785	5.334496021270752	4.473351955413818	5.230771064758301	5.472344398498535	0.0	6.157526969909668	5.446671009063721	5.116495132446289	6.00859260559082	0.0	0.0	0.0	5.68080997467041	0.0	0.0	0.0	0.0	0.0	5.204202175140381	0.0	0.0	0.0	5.168443202972412	0.0	0.0
4.7120747566223145	0.0	0.0	6.596374034881592	7.01899528503418	0.0	7.365690231323242	0.0	0.0	0.0	0.0	0.0	5.006253242492676	0.0	4.666567325592041	0.0	0.0	0.0	0.0	4.884271144866943	0.0	3.9918689727783203	0.0	0.0	0.0	0.0	0.0	0.0	0.0	0.0	0.0	0.0	0.0	0.0	0.0	0.0	0.0	0.0	6.881131172180176	5.697083950042725	4.764346122741699	5.584659099578857	5.851251602172852	0.0	6.587853908538818	5.817476272583008	5.493097305297852	6.3725810050964355	0.0	0.0	0.0	6.053769111633301	0.0	0.0	0.0	0.0	0.0	5.559080123901367	0.0	0.0	0.0	5.5328593254089355	0.0	0.0
4.274723052978516	0.0	0.0	6.088129997253418	6.472298622131348	0.0	6.77784538269043	0.0	0.0	0.0	0.0	0.0	4.56697940826416	0.0	4.243906497955322	0.0	0.0	0.0	0.0	4.444489002227783	0.0	3.6154816150665283	0.0	0.0	0.0	0.0	0.0	0.0	0.0	0.0	0.0	0.0	0.0	0.0	0.0	0.0	0.0	0.0	6.323380947113037	5.223924160003662	4.383470058441162	5.117738723754883	5.364328861236572	0.0	6.025996685028076	5.339726448059082	4.999945640563965	5.893770694732666	0.0	0.0	0.0	5.562099933624268	0.0	0.0	0.0	0.0	0.0	5.089838981628418	0.0	0.0	0.0	5.062862396240234	0.0	0.0
4.5309858322143555	0.0	0.0	6.377479553222656	6.776188373565674	0.0	7.112446308135986	0.0	0.0	0.0	0.0	0.0	4.8220648765563965	0.0	4.502391338348389	0.0	0.0	0.0	0.0	4.692160129547119	0.0	3.8472816944122314	0.0	0.0	0.0	0.0	0.0	0.0	0.0	0.0	0.0	0.0	0.0	0.0	0.0	0.0	0.0	0.0	6.647422790527344	5.497235298156738	4.595059871673584	5.397307872772217	5.645516872406006	0.0	6.340134620666504	5.616272926330566	5.276631832122803	6.168288230895996	0.0	0.0	0.0	5.846451282501221	0.0	0.0	0.0	0.0	0.0	5.371915817260742	0.0	0.0	0.0	5.341341018676758	0.0	0.0
4.259723663330078	0.0	0.0	6.070528984069824	6.458620548248291	0.0	6.762853622436523	0.0	0.0	0.0	0.0	0.0	4.560329914093018	0.0	4.234440326690674	0.0	0.0	0.0	0.0	4.436600208282471	0.0	3.6094212532043457	0.0	0.0	0.0	0.0	0.0	0.0	0.0	0.0	0.0	0.0	0.0	0.0	0.0	0.0	0.0	0.0	6.310141086578369	5.202765464782715	4.382088661193848	5.105104446411133	5.347771167755127	0.0	6.0129170417785645	5.324690818786621	4.9927239418029785	5.87419319152832	0.0	0.0	0.0	5.545243263244629	0.0	0.0	0.0	0.0	0.0	5.079401016235352	0.0	0.0	0.0	5.051119327545166	0.0	0.0
4.275667667388916	0.0	0.0	6.086709022521973	6.474204063415527	0.0	6.785007476806641	0.0	0.0	0.0	0.0	0.0	4.573164939880371	0.0	4.249902248382568	0.0	0.0	0.0	0.0	4.450924873352051	0.0	3.6269636154174805	0.0	0.0	0.0	0.0	0.0	0.0	0.0	0.0	0.0	0.0	0.0	0.0	0.0	0.0	0.0	0.0	6.331782817840576	5.224475383758545	4.388368606567383	5.125755310058594	5.369410991668701	0.0	6.033571720123291	5.345776557922363	5.009782314300537	5.890425205230713	0.0	0.0	0.0	5.566608905792236	0.0	0.0	0.0	0.0	0.0	5.093156814575195	0.0	0.0	0.0	5.0706706047058105	0.0	0.0
4.26582670211792	0.0	0.0	6.082156658172607	6.471305847167969	0.0	6.776657581329346	0.0	0.0	0.0	0.0	0.0	4.564499378204346	0.0	4.238797187805176	0.0	0.0	0.0	0.0	4.44674825668335	0.0	3.6164324283599854	0.0	0.0	0.0	0.0	0.0	0.0	0.0	0.0	0.0	0.0	0.0	0.0	0.0	0.0	0.0	0.0	6.322360038757324	5.218384265899658	4.3811774253845215	5.115631580352783	5.3598222732543945	0.0	6.02300500869751	5.3370041847229	4.999838352203369	5.888208389282227	0.0	0.0	0.0	5.558554649353027	0.0	0.0	0.0	0.0	0.0	5.084898948669434	0.0	0.0	0.0	5.059494972229004	0.0	0.0
4.311656475067139	0.0	0.0	6.139674663543701	6.523713111877441	0.0	6.835136890411377	0.0	0.0	0.0	0.0	0.0	4.608516216278076	0.0	4.282444477081299	0.0	0.0	0.0	0.0	4.488357067108154	0.0	3.651167631149292	0.0	0.0	0.0	0.0	0.0	0.0	0.0	0.0	0.0	0.0	0.0	0.0	0.0	0.0	0.0	0.0	6.378621578216553	5.266948223114014	4.420750617980957	5.162680625915527	5.407786846160889	0.0	6.077230930328369	5.3848557472229	5.047305107116699	5.936270713806152	0.0	0.0	0.0	5.607433795928955	0.0	0.0	0.0	0.0	0.0	5.133274078369141	0.0	0.0	0.0	5.1063947677612305	0.0	0.0
4.285533905029297	0.0	0.0	6.100715637207031	6.487181186676025	0.0	6.79987907409668	0.0	0.0	0.0	0.0	0.0	4.582118511199951	0.0	4.2576518058776855	0.0	0.0	0.0	0.0	4.458297252655029	0.0	3.6248507499694824	0.0	0.0	0.0	0.0	0.0	0.0	0.0	0.0	0.0	0.0	0.0	0.0	0.0	0.0	0.0	0.0	6.340742588043213	5.2367987632751465	4.396820545196533	5.132691383361816	5.381017684936523	0.0	6.046297550201416	5.352931976318359	5.016564846038818	5.9071736335754395	0.0	0.0	0.0	5.5792927742004395	0.0	0.0	0.0	0.0	0.0	5.105648994445801	0.0	0.0	0.0	5.078557014465332	0.0	0.0
4.552961349487305	0.0	0.0	6.4179887771606445	6.820970058441162	0.0	7.152146339416504	0.0	0.0	0.0	0.0	0.0	4.84715461730957	0.0	4.533174514770508	0.0	0.0	0.0	0.0	4.714487552642822	0.0	3.86659836769104	0.0	0.0	0.0	0.0	0.0	0.0	0.0	0.0	0.0	0.0	0.0	0.0	0.0	0.0	0.0	0.0	6.677150249481201	5.529229640960693	4.6181817054748535	5.4212422370910645	5.674796104431152	0.0	6.37888240814209	5.642258644104004	5.300160884857178	6.200336456298828	0.0	0.0	0.0	5.879912376403809	0.0	0.0	0.0	0.0	0.0	5.397971153259277	0.0	0.0	0.0	5.365274429321289	0.0	0.0
4.3646464347839355	0.0	0.0	6.200597763061523	6.592231750488281	0.0	6.907202243804932	0.0	0.0	0.0	0.0	0.0	4.660262584686279	0.0	4.332009792327881	0.0	0.0	0.0	0.0	4.540612697601318	0.0	3.694735527038574	0.0	0.0	0.0	0.0	0.0	0.0	0.0	0.0	0.0	0.0	0.0	0.0	0.0	0.0	0.0	0.0	6.445931911468506	5.318000316619873	4.466667175292969	5.218542098999023	5.469509601593018	0.0	6.1457743644714355	5.4405436515808105	5.107152938842773	5.99538516998291	0.0	0.0	0.0	5.666942596435547	0.0	0.0	0.0	0.0	0.0	5.188172817230225	0.0	0.0	0.0	5.17036247253418	0.0	0.0
4.258726119995117	0.0	0.0	6.050771236419678	6.437678813934326	0.0	6.745452404022217	0.0	0.0	0.0	0.0	0.0	4.548733711242676	0.0	4.225661277770996	0.0	0.0	0.0	0.0	4.429925441741943	0.0	3.5978448390960693	0.0	0.0	0.0	0.0	0.0	0.0	0.0	0.0	0.0	0.0	0.0	0.0	0.0	0.0	0.0	0.0	6.296654224395752	5.199784755706787	4.358593463897705	5.103672981262207	5.343932151794434	0.0	6.002793312072754	5.317628383636475	4.982450008392334	5.8596367835998535	0.0	0.0	0.0	5.535241603851318	0.0	0.0	0.0	0.0	0.0	5.064621448516846	0.0	0.0	0.0	5.045062065124512	0.0	0.0
4.574678897857666	0.0	0.0	6.442622661590576	6.85259485244751	0.0	7.1863789558410645	0.0	0.0	0.0	0.0	0.0	4.8975725173950195	0.0	4.533435344696045	0.0	0.0	0.0	0.0	4.785961151123047	0.0	3.894035816192627	0.0	0.0	0.0	0.0	0.0	0.0	0.0	0.0	0.0	0.0	0.0	0.0	0.0	0.0	0.0	0.0	6.725185871124268	5.547698497772217	4.679838180541992	5.457683563232422	5.713456153869629	0.0	6.42694091796875	5.675130367279053	5.360208511352539	6.222792625427246	0.0	0.0	0.0	5.907553195953369	0.0	0.0	0.0	0.0	0.0	5.41910982131958	0.0	0.0	0.0	5.405323505401611	0.0	0.0
4.288121223449707	0.0	0.0	6.107367992401123	6.491620063781738	0.0	6.805926322937012	0.0	0.0	0.0	0.0	0.0	4.5853095054626465	0.0	4.258537292480469	0.0	0.0	0.0	0.0	4.460200309753418	0.0	3.632721424102783	0.0	0.0	0.0	0.0	0.0	0.0	0.0	0.0	0.0	0.0	0.0	0.0	0.0	0.0	0.0	0.0	6.34788179397583	5.239943504333496	4.396080493927002	5.138732433319092	5.381975173950195	0.0	6.0478410720825195	5.359618663787842	5.022308349609375	5.906672954559326	0.0	0.0	0.0	5.580520153045654	0.0	0.0	0.0	0.0	0.0	5.105634689331055	0.0	0.0	0.0	5.08364725112915	0.0	0.0
4.253856658935547	0.0	0.0	6.0662760734558105	6.4494781494140625	0.0	6.756056308746338	0.0	0.0	0.0	0.0	0.0	4.550908088684082	0.0	4.21992826461792	0.0	0.0	0.0	0.0	4.4385809898376465	0.0	3.598067283630371	0.0	0.0	0.0	0.0	0.0	0.0	0.0	0.0	0.0	0.0	0.0	0.0	0.0	0.0	0.0	0.0	6.299919128417969	5.200629234313965	4.3731584548950195	5.099308013916016	5.346555709838867	0.0	6.008179664611816	5.319239616394043	4.985318183898926	5.867032527923584	0.0	0.0	0.0	5.540170192718506	0.0	0.0	0.0	0.0	0.0	5.067399978637695	0.0	0.0	0.0	5.044203281402588	0.0	0.0
4.44791841506958	0.0	0.0	6.267195224761963	6.668415069580078	0.0	6.995163440704346	0.0	0.0	0.0	0.0	0.0	4.750006675720215	0.0	4.422267436981201	0.0	0.0	0.0	0.0	4.616629123687744	0.0	3.7771658897399902	0.0	0.0	0.0	0.0	0.0	0.0	0.0	0.0	0.0	0.0	0.0	0.0	0.0	0.0	0.0	0.0	6.546608924865723	5.41644287109375	4.523486137390137	5.307885646820068	5.559303283691406	0.0	6.241266250610352	5.530673027038574	5.188577651977539	6.07218074798584	0.0	0.0	0.0	5.763016700744629	0.0	0.0	0.0	0.0	0.0	5.287107467651367	0.0	0.0	0.0	5.260039806365967	0.0	0.0
4.402369499206543	0.0	0.0	6.230571746826172	6.624751091003418	0.0	6.943366527557373	0.0	0.0	0.0	0.0	0.0	4.690941333770752	0.0	4.371676445007324	0.0	0.0	0.0	0.0	4.569004535675049	0.0	3.7319931983947754	0.0	0.0	0.0	0.0	0.0	0.0	0.0	0.0	0.0	0.0	0.0	0.0	0.0	0.0	0.0	0.0	6.487265110015869	5.355766773223877	4.487030982971191	5.255051136016846	5.497547149658203	0.0	6.191019058227539	5.473991870880127	5.14011287689209	6.029382705688477	0.0	0.0	0.0	5.7014360427856445	0.0	0.0	0.0	0.0	0.0	5.22604513168335	0.0	0.0	0.0	5.196624755859375	0.0	0.0
4.407929420471191	0.0	0.0	6.228150367736816	6.623852729797363	0.0	6.946226119995117	0.0	0.0	0.0	0.0	0.0	4.7036356925964355	0.0	4.379321575164795	0.0	0.0	0.0	0.0	4.574313640594482	0.0	3.7395849227905273	0.0	0.0	0.0	0.0	0.0	0.0	0.0	0.0	0.0	0.0	0.0	0.0	0.0	0.0	0.0	0.0	6.492241382598877	5.363349914550781	4.491753101348877	5.257224082946777	5.509435176849365	0.0	6.190023899078369	5.478957653045654	5.144779205322266	6.02932596206665	0.0	0.0	0.0	5.707403659820557	0.0	0.0	0.0	0.0	0.0	5.23555326461792	0.0	0.0	0.0	5.20397424697876	0.0	0.0
4.301924705505371	0.0	0.0	6.120713233947754	6.509708404541016	0.0	6.821109294891357	0.0	0.0	0.0	0.0	0.0	4.598893642425537	0.0	4.269967555999756	0.0	0.0	0.0	0.0	4.475324630737305	0.0	3.6462578773498535	0.0	0.0	0.0	0.0	0.0	0.0	0.0	0.0	0.0	0.0	0.0	0.0	0.0	0.0	0.0	0.0	6.360631942749023	5.2528181076049805	4.410764694213867	5.151976585388184	5.396522521972656	0.0	6.064533710479736	5.370637893676758	5.0340256690979	5.923355579376221	0.0	0.0	0.0	5.591264724731445	0.0	0.0	0.0	0.0	0.0	5.12033748626709	0.0	0.0	0.0	5.092134952545166	0.0	0.0
4.329475402832031	0.0	0.0	6.127615451812744	6.524772644042969	0.0	6.841732025146484	0.0	0.0	0.0	0.0	0.0	4.624233245849609	0.0	4.302632808685303	0.0	0.0	0.0	0.0	4.496616363525391	0.0	3.662665843963623	0.0	0.0	0.0	0.0	0.0	0.0	0.0	0.0	0.0	0.0	0.0	0.0	0.0	0.0	0.0	0.0	6.387795925140381	5.278939247131348	4.4243011474609375	5.182170867919922	5.4232354164123535	0.0	6.096207141876221	5.396920680999756	5.05736780166626	5.940577507019043	0.0	0.0	0.0	5.6193318367004395	0.0	0.0	0.0	0.0	0.0	5.1460957527160645	0.0	0.0	0.0	5.123917102813721	0.0	0.0
4.327276229858398	0.0	0.0	6.155301094055176	6.543832302093506	0.0	6.861816883087158	0.0	0.0	0.0	0.0	0.0	4.627206325531006	0.0	4.294751167297363	0.0	0.0	0.0	0.0	4.5037407875061035	0.0	3.673753261566162	0.0	0.0	0.0	0.0	0.0	0.0	0.0	0.0	0.0	0.0	0.0	0.0	0.0	0.0	0.0	0.0	6.390529155731201	5.282100677490234	4.4367828369140625	5.185024738311768	5.420986175537109	0.0	6.104107856750488	5.39296817779541	5.065520286560059	5.951214790344238	0.0	0.0	0.0	5.625027656555176	0.0	0.0	0.0	0.0	0.0	5.147822856903076	0.0	0.0	0.0	5.118940830230713	0.0	0.0
4.267175197601318	0.0	0.0	6.080942153930664	6.466767311096191	0.0	6.774158477783203	0.0	0.0	0.0	0.0	0.0	4.564985275268555	0.0	4.235841274261475	0.0	0.0	0.0	0.0	4.440256595611572	0.0	3.6136057376861572	0.0	0.0	0.0	0.0	0.0	0.0	0.0	0.0	0.0	0.0	0.0	0.0	0.0	0.0	0.0	0.0	6.315622806549072	5.21427583694458	4.379793167114258	5.11370325088501	5.355682373046875	0.0	6.024319648742676	5.3335700035095215	4.9972944259643555	5.885897159576416	0.0	0.0	0.0	5.553302764892578	0.0	0.0	0.0	0.0	0.0	5.078400611877441	0.0	0.0	0.0	5.055399417877197	0.0	0.0
4.262836456298828	0.0	0.0	6.074023246765137	6.455568313598633	0.0	6.7573723793029785	0.0	0.0	0.0	0.0	0.0	4.5528998374938965	0.0	4.230072021484375	0.0	0.0	0.0	0.0	4.436591625213623	0.0	3.603851318359375	0.0	0.0	0.0	0.0	0.0	0.0	0.0	0.0	0.0	0.0	0.0	0.0	0.0	0.0	0.0	0.0	6.307992935180664	5.205132961273193	4.375381946563721	5.104596138000488	5.3539228439331055	0.0	6.012666702270508	5.3271260261535645	4.988540172576904	5.877089977264404	0.0	0.0	0.0	5.5459370613098145	0.0	0.0	0.0	0.0	0.0	5.0734100341796875	0.0	0.0	0.0	5.051541328430176	0.0	0.0
4.3990702629089355	0.0	0.0	6.2279953956604	6.6272501945495605	0.0	6.949647426605225	0.0	0.0	0.0	0.0	0.0	4.695369243621826	0.0	4.364896774291992	0.0	0.0	0.0	0.0	4.578501224517822	0.0	3.7191238403320312	0.0	0.0	0.0	0.0	0.0	0.0	0.0	0.0	0.0	0.0	0.0	0.0	0.0	0.0	0.0	0.0	6.49255895614624	5.361653804779053	4.495029449462891	5.24882698059082	5.510368347167969	0.0	6.19198751449585	5.484184741973877	5.145604610443115	6.02907133102417	0.0	0.0	0.0	5.704232215881348	0.0	0.0	0.0	0.0	0.0	5.22507905960083	0.0	0.0	0.0	5.203258514404297	0.0	0.0
4.362750053405762	0.0	0.0	6.195415019989014	6.591085910797119	0.0	6.9055633544921875	0.0	0.0	0.0	0.0	0.0	4.661621570587158	0.0	4.337102890014648	0.0	0.0	0.0	0.0	4.538941383361816	0.0	3.701232433319092	0.0	0.0	0.0	0.0	0.0	0.0	0.0	0.0	0.0	0.0	0.0	0.0	0.0	0.0	0.0	0.0	6.445528984069824	5.327517032623291	4.464332580566406	5.217833042144775	5.468029975891113	0.0	6.146174430847168	5.445541858673096	5.103463649749756	5.996333122253418	0.0	0.0	0.0	5.664773464202881	0.0	0.0	0.0	0.0	0.0	5.190252304077148	0.0	0.0	0.0	5.1665802001953125	0.0	0.0
4.284368515014648	0.0	0.0	6.0853495597839355	6.469211578369141	0.0	6.780792236328125	0.0	0.0	0.0	0.0	0.0	4.57681131362915	0.0	4.250894069671631	0.0	0.0	0.0	0.0	4.453063488006592	0.0	3.6246941089630127	0.0	0.0	0.0	0.0	0.0	0.0	0.0	0.0	0.0	0.0	0.0	0.0	0.0	0.0	0.0	0.0	6.336648464202881	5.230681896209717	4.384251594543457	5.126158237457275	5.371444225311279	0.0	6.0354323387146	5.346973419189453	5.010997772216797	5.8961615562438965	0.0	0.0	0.0	5.570302486419678	0.0	0.0	0.0	0.0	0.0	5.0958967208862305	0.0	0.0	0.0	5.074878215789795	0.0	0.0
4.3408522605896	0.0	0.0	6.171370506286621	6.562888145446777	0.0	6.876332759857178	0.0	0.0	0.0	0.0	0.0	4.649033069610596	0.0	4.310014724731445	0.0	0.0	0.0	0.0	4.540888786315918	0.0	3.6779391765594482	0.0	0.0	0.0	0.0	0.0	0.0	0.0	0.0	0.0	0.0	0.0	0.0	0.0	0.0	0.0	0.0	6.419178009033203	5.293891906738281	4.466860294342041	5.202837944030762	5.448404788970947	0.0	6.128922462463379	5.422413349151611	5.095114707946777	5.9704060554504395	0.0	0.0	0.0	5.644083023071289	0.0	0.0	0.0	0.0	0.0	5.162689208984375	0.0	0.0	0.0	5.146798133850098	0.0	0.0
4.615914821624756	0.0	0.0	6.4849534034729	6.903314590454102	0.0	7.249565601348877	0.0	0.0	0.0	0.0	0.0	4.922913551330566	0.0	4.583385467529297	0.0	0.0	0.0	0.0	4.7905426025390625	0.0	3.945600748062134	0.0	0.0	0.0	0.0	0.0	0.0	0.0	0.0	0.0	0.0	0.0	0.0	0.0	0.0	0.0	0.0	6.761476993560791	5.590647220611572	4.681725025177002	5.493209362030029	5.736137866973877	0.0	6.469019889831543	5.702477931976318	5.38358211517334	6.264209747314453	0.0	0.0	0.0	5.943069934844971	0.0	0.0	0.0	0.0	0.0	5.4669413566589355	0.0	0.0	0.0	5.424015045166016	0.0	0.0
4.571895599365234	0.0	0.0	6.431699275970459	6.824652671813965	0.0	7.1616973876953125	0.0	0.0	0.0	0.0	0.0	4.881459712982178	0.0	4.563055992126465	0.0	0.0	0.0	0.0	4.726382732391357	0.0	3.9082415103912354	0.0	0.0	0.0	0.0	0.0	0.0	0.0	0.0	0.0	0.0	0.0	0.0	0.0	0.0	0.0	0.0	6.686715126037598	5.5733208656311035	4.618629455566406	5.456876277923584	5.693706035614014	0.0	6.375074863433838	5.657641410827637	5.310084819793701	6.2350897789001465	0.0	0.0	0.0	5.904047012329102	0.0	0.0	0.0	0.0	0.0	5.433401107788086	0.0	0.0	0.0	5.39472770690918	0.0	0.0
4.291125774383545	0.0	0.0	6.116481304168701	6.505788326263428	0.0	6.81208610534668	0.0	0.0	0.0	0.0	0.0	4.591177940368652	0.0	4.26143217086792	0.0	0.0	0.0	0.0	4.471333026885986	0.0	3.636723756790161	0.0	0.0	0.0	0.0	0.0	0.0	0.0	0.0	0.0	0.0	0.0	0.0	0.0	0.0	0.0	0.0	6.355220317840576	5.247629165649414	4.405159950256348	5.143866062164307	5.389614582061768	0.0	6.058259010314941	5.363431453704834	5.0243425369262695	5.918848514556885	0.0	0.0	0.0	5.59072208404541	0.0	0.0	0.0	0.0	0.0	5.109869003295898	0.0	0.0	0.0	5.088457107543945	0.0	0.0
4.717535495758057	0.0	0.0	6.548089027404785	6.974003791809082	0.0	7.31649923324585	0.0	0.0	0.0	0.0	0.0	5.0088043212890625	0.0	4.689940929412842	0.0	0.0	0.0	0.0	4.857939720153809	0.0	4.01936149597168	0.0	0.0	0.0	0.0	0.0	0.0	0.0	0.0	0.0	0.0	0.0	0.0	0.0	0.0	0.0	0.0	6.850889682769775	5.689538478851318	4.7411956787109375	5.581307411193848	5.831420421600342	0.0	6.558436393737793	5.78811502456665	5.463230133056641	6.339448928833008	0.0	0.0	0.0	6.034669399261475	0.0	0.0	0.0	0.0	0.0	5.577712535858154	0.0	0.0	0.0	5.530221939086914	0.0	0.0
4.275110244750977	0.0	0.0	6.079108715057373	6.465989112854004	0.0	6.769162178039551	0.0	0.0	0.0	0.0	0.0	4.568284511566162	0.0	4.243138790130615	0.0	0.0	0.0	0.0	4.44589376449585	0.0	3.618407964706421	0.0	0.0	0.0	0.0	0.0	0.0	0.0	0.0	0.0	0.0	0.0	0.0	0.0	0.0	0.0	0.0	6.320829391479492	5.217328071594238	4.380359172821045	5.118505477905273	5.3632025718688965	0.0	6.026641368865967	5.335886001586914	5.000473976135254	5.886138439178467	0.0	0.0	0.0	5.55673360824585	0.0	0.0	0.0	0.0	0.0	5.084835052490234	0.0	0.0	0.0	5.061500549316406	0.0	0.0
4.464301586151123	0.0	0.0	6.316654205322266	6.6973795890808105	0.0	7.013166904449463	0.0	0.0	0.0	0.0	0.0	4.763121128082275	0.0	4.467034816741943	0.0	0.0	0.0	0.0	4.6192779541015625	0.0	3.8181674480438232	0.0	0.0	0.0	0.0	0.0	0.0	0.0	0.0	0.0	0.0	0.0	0.0	0.0	0.0	0.0	0.0	6.563312530517578	5.458372116088867	4.524445533752441	5.351870059967041	5.572078704833984	0.0	6.236521244049072	5.532098293304443	5.196709156036377	6.117198944091797	0.0	0.0	0.0	5.782910346984863	0.0	0.0	0.0	0.0	0.0	5.313197135925293	0.0	0.0	0.0	5.277496337890625	0.0	0.0
4.300578594207764	0.0	0.0	6.122195720672607	6.498072624206543	0.0	6.807309150695801	0.0	0.0	0.0	0.0	0.0	4.596227169036865	0.0	4.283478736877441	0.0	0.0	0.0	0.0	4.466547012329102	0.0	3.6487514972686768	0.0	0.0	0.0	0.0	0.0	0.0	0.0	0.0	0.0	0.0	0.0	0.0	0.0	0.0	0.0	0.0	6.352522850036621	5.259695053100586	4.399139881134033	5.153446197509766	5.395110607147217	0.0	6.055891513824463	5.368948936462402	5.02733039855957	5.9241623878479	0.0	0.0	0.0	5.590831756591797	0.0	0.0	0.0	0.0	0.0	5.128276824951172	0.0	0.0	0.0	5.0982747077941895	0.0	0.0
4.279587268829346	0.0	0.0	6.084595680236816	6.475597381591797	0.0	6.786116600036621	0.0	0.0	0.0	0.0	0.0	4.573726654052734	0.0	4.24849271774292	0.0	0.0	0.0	0.0	4.454004764556885	0.0	3.6211938858032227	0.0	0.0	0.0	0.0	0.0	0.0	0.0	0.0	0.0	0.0	0.0	0.0	0.0	0.0	0.0	0.0	6.333239555358887	5.2284255027771	4.387906551361084	5.129746913909912	5.37573766708374	0.0	6.038817882537842	5.345953464508057	5.009182929992676	5.897593021392822	0.0	0.0	0.0	5.57275390625	0.0	0.0	0.0	0.0	0.0	5.093489170074463	0.0	0.0	0.0	5.074966907501221	0.0	0.0
4.309477806091309	0.0	0.0	6.1335225105285645	6.519516944885254	0.0	6.833472728729248	0.0	0.0	0.0	0.0	0.0	4.604192733764648	0.0	4.283283233642578	0.0	0.0	0.0	0.0	4.485363006591797	0.0	3.652188777923584	0.0	0.0	0.0	0.0	0.0	0.0	0.0	0.0	0.0	0.0	0.0	0.0	0.0	0.0	0.0	0.0	6.371613502502441	5.259099960327148	4.421602725982666	5.157373428344727	5.398009777069092	0.0	6.075045585632324	5.376113414764404	5.0382537841796875	5.931228160858154	0.0	0.0	0.0	5.604015350341797	0.0	0.0	0.0	0.0	0.0	5.12841796875	0.0	0.0	0.0	5.100667476654053	0.0	0.0
4.2756805419921875	0.0	0.0	6.092764854431152	6.476912021636963	0.0	6.7863874435424805	0.0	0.0	0.0	0.0	0.0	4.570487022399902	0.0	4.245808124542236	0.0	0.0	0.0	0.0	4.4505085945129395	0.0	3.6226959228515625	0.0	0.0	0.0	0.0	0.0	0.0	0.0	0.0	0.0	0.0	0.0	0.0	0.0	0.0	0.0	0.0	6.326976776123047	5.222482681274414	4.389138221740723	5.121246337890625	5.365209579467773	0.0	6.032965183258057	5.341928005218506	5.006296634674072	5.89412260055542	0.0	0.0	0.0	5.564294338226318	0.0	0.0	0.0	0.0	0.0	5.092487812042236	0.0	0.0	0.0	5.067558288574219	0.0	0.0
4.2938923835754395	0.0	0.0	6.105746269226074	6.490544319152832	0.0	6.8015241622924805	0.0	0.0	0.0	0.0	0.0	4.589393138885498	0.0	4.267374038696289	0.0	0.0	0.0	0.0	4.464319229125977	0.0	3.6391537189483643	0.0	0.0	0.0	0.0	0.0	0.0	0.0	0.0	0.0	0.0	0.0	0.0	0.0	0.0	0.0	0.0	6.347758769989014	5.242198467254639	4.398007869720459	5.141440391540527	5.389554500579834	0.0	6.054532051086426	5.365283966064453	5.025359630584717	5.912089824676514	0.0	0.0	0.0	5.5839033126831055	0.0	0.0	0.0	0.0	0.0	5.107082366943359	0.0	0.0	0.0	5.08759069442749	0.0	0.0
4.388148307800293	0.0	0.0	6.2015604972839355	6.599870204925537	0.0	6.921963214874268	0.0	0.0	0.0	0.0	0.0	4.679501533508301	0.0	4.356509685516357	0.0	0.0	0.0	0.0	4.558204174041748	0.0	3.724264621734619	0.0	0.0	0.0	0.0	0.0	0.0	0.0	0.0	0.0	0.0	0.0	0.0	0.0	0.0	0.0	0.0	6.464169979095459	5.346552848815918	4.472681999206543	5.23749303817749	5.482579231262207	0.0	6.166508197784424	5.457538604736328	5.130293846130371	6.004599094390869	0.0	0.0	0.0	5.684528827667236	0.0	0.0	0.0	0.0	0.0	5.213265419006348	0.0	0.0	0.0	5.1855549812316895	0.0	0.0
4.263199329376221	0.0	0.0	6.069752216339111	6.458268642425537	0.0	6.7624053955078125	0.0	0.0	0.0	0.0	0.0	4.556187629699707	0.0	4.2317352294921875	0.0	0.0	0.0	0.0	4.437058448791504	0.0	3.6055383682250977	0.0	0.0	0.0	0.0	0.0	0.0	0.0	0.0	0.0	0.0	0.0	0.0	0.0	0.0	0.0	0.0	6.311516284942627	5.208684921264648	4.374414443969727	5.107514381408691	5.354442119598389	0.0	6.016116619110107	5.328497886657715	4.991544723510742	5.875401496887207	0.0	0.0	0.0	5.546591758728027	0.0	0.0	0.0	0.0	0.0	5.076230525970459	0.0	0.0	0.0	5.05089807510376	0.0	0.0
4.4387030601501465	0.0	0.0	6.28212833404541	6.677228927612305	0.0	7.0036468505859375	0.0	0.0	0.0	0.0	0.0	4.7228264808654785	0.0	4.408466815948486	0.0	0.0	0.0	0.0	4.616395950317383	0.0	3.7564339637756348	0.0	0.0	0.0	0.0	0.0	0.0	0.0	0.0	0.0	0.0	0.0	0.0	0.0	0.0	0.0	0.0	6.536741733551025	5.39737606048584	4.53503942489624	5.295436382293701	5.552218914031982	0.0	6.243312835693359	5.522058963775635	5.181703090667725	6.0707478523254395	0.0	0.0	0.0	5.74434232711792	0.0	0.0	0.0	0.0	0.0	5.276421546936035	0.0	0.0	0.0	5.242674350738525	0.0	0.0
4.6699042320251465	0.0	0.0	6.534955024719238	6.946852207183838	0.0	7.301571846008301	0.0	0.0	0.0	0.0	0.0	4.971973419189453	0.0	4.640250205993652	0.0	0.0	0.0	0.0	4.845626354217529	0.0	3.9476497173309326	0.0	0.0	0.0	0.0	0.0	0.0	0.0	0.0	0.0	0.0	0.0	0.0	0.0	0.0	0.0	0.0	6.823476314544678	5.650725841522217	4.722598075866699	5.536405563354492	5.813946723937988	0.0	6.5307416915893555	5.780859470367432	5.436973571777344	6.337650775909424	0.0	0.0	0.0	6.00959587097168	0.0	0.0	0.0	0.0	0.0	5.513757228851318	0.0	0.0	0.0	5.496620178222656	0.0	0.0
4.241125583648682	0.0	0.0	6.049756050109863	6.434072494506836	0.0	6.738133907318115	0.0	0.0	0.0	0.0	0.0	4.536275863647461	0.0	4.216020107269287	0.0	0.0	0.0	0.0	4.4172234535217285	0.0	3.5900816917419434	0.0	0.0	0.0	0.0	0.0	0.0	0.0	0.0	0.0	0.0	0.0	0.0	0.0	0.0	0.0	0.0	6.287270545959473	5.190343856811523	4.356782913208008	5.087310791015625	5.331414222717285	0.0	5.987664699554443	5.306970119476318	4.96713399887085	5.856459617614746	0.0	0.0	0.0	5.524833679199219	0.0	0.0	0.0	0.0	0.0	5.0538249015808105	0.0	0.0	0.0	5.033102512359619	0.0	0.0
4.6143574714660645	0.0	0.0	6.437924861907959	6.861712455749512	0.0	7.195772171020508	0.0	0.0	0.0	0.0	0.0	4.905521392822266	0.0	4.587087631225586	0.0	0.0	0.0	0.0	4.767364978790283	0.0	3.920625686645508	0.0	0.0	0.0	0.0	0.0	0.0	0.0	0.0	0.0	0.0	0.0	0.0	0.0	0.0	0.0	0.0	6.738725185394287	5.586167812347412	4.656671047210693	5.479024410247803	5.729957103729248	0.0	6.431510925292969	5.680493354797363	5.353884220123291	6.235645771026611	0.0	0.0	0.0	5.926176071166992	0.0	0.0	0.0	0.0	0.0	5.45289421081543	0.0	0.0	0.0	5.421960353851318	0.0	0.0
4.329406261444092	0.0	0.0	6.158822059631348	6.547611236572266	0.0	6.858541965484619	0.0	0.0	0.0	0.0	0.0	4.6253275871276855	0.0	4.303657531738281	0.0	0.0	0.0	0.0	4.504569053649902	0.0	3.671675443649292	0.0	0.0	0.0	0.0	0.0	0.0	0.0	0.0	0.0	0.0	0.0	0.0	0.0	0.0	0.0	0.0	6.399530410766602	5.285646915435791	4.432916641235352	5.187466144561768	5.432160377502441	0.0	6.1011738777160645	5.403885364532471	5.062751770019531	5.9589314460754395	0.0	0.0	0.0	5.625748157501221	0.0	0.0	0.0	0.0	0.0	5.153173446655273	0.0	0.0	0.0	5.127213954925537	0.0	0.0
4.461175918579102	0.0	0.0	6.312859535217285	6.716497898101807	0.0	7.027467250823975	0.0	0.0	0.0	0.0	0.0	4.765101909637451	0.0	4.442655563354492	0.0	0.0	0.0	0.0	4.637777805328369	0.0	3.7901928424835205	0.0	0.0	0.0	0.0	0.0	0.0	0.0	0.0	0.0	0.0	0.0	0.0	0.0	0.0	0.0	0.0	6.569300174713135	5.443362712860107	4.553481578826904	5.33654260635376	5.588499069213867	0.0	6.259989261627197	5.549893856048584	5.210439205169678	6.107180118560791	0.0	0.0	0.0	5.791328430175781	0.0	0.0	0.0	0.0	0.0	5.310997486114502	0.0	0.0	0.0	5.271097660064697	0.0	0.0
4.256914138793945	0.0	0.0	6.067166328430176	6.452177047729492	0.0	6.756757736206055	0.0	0.0	0.0	0.0	0.0	4.551293849945068	0.0	4.223727703094482	0.0	0.0	0.0	0.0	4.432504177093506	0.0	3.6043431758880615	0.0	0.0	0.0	0.0	0.0	0.0	0.0	0.0	0.0	0.0	0.0	0.0	0.0	0.0	0.0	0.0	6.3024139404296875	5.204073905944824	4.371238708496094	5.10076904296875	5.346513271331787	0.0	6.009683132171631	5.323212623596191	4.984099864959717	5.871389389038086	0.0	0.0	0.0	5.5419697761535645	0.0	0.0	0.0	0.0	0.0	5.066811561584473	0.0	0.0	0.0	5.0432820320129395	0.0	0.0
4.3031792640686035	0.0	0.0	6.135680198669434	6.508563995361328	0.0	6.818748950958252	0.0	0.0	0.0	0.0	0.0	4.603200912475586	0.0	4.301409721374512	0.0	0.0	0.0	0.0	4.469084739685059	0.0	3.6564998626708984	0.0	0.0	0.0	0.0	0.0	0.0	0.0	0.0	0.0	0.0	0.0	0.0	0.0	0.0	0.0	0.0	6.369204044342041	5.28287935256958	4.3999738693237305	5.172081470489502	5.40535306930542	0.0	6.0529937744140625	5.368696689605713	5.030830383300781	5.940190315246582	0.0	0.0	0.0	5.602079391479492	0.0	0.0	0.0	0.0	0.0	5.1358561515808105	0.0	0.0	0.0	5.109699726104736	0.0	0.0
4.446186542510986	0.0	0.0	6.290426254272461	6.692563056945801	0.0	7.014143943786621	0.0	0.0	0.0	0.0	0.0	4.74879789352417	0.0	4.419194221496582	0.0	0.0	0.0	0.0	4.641668319702148	0.0	3.7697763442993164	0.0	0.0	0.0	0.0	0.0	0.0	0.0	0.0	0.0	0.0	0.0	0.0	0.0	0.0	0.0	0.0	6.551441669464111	5.417487621307373	4.5475687980651855	5.311325550079346	5.560649871826172	0.0	6.255009174346924	5.539663314819336	5.197511672973633	6.085620403289795	0.0	0.0	0.0	5.77460241317749	0.0	0.0	0.0	0.0	0.0	5.2819719314575195	0.0	0.0	0.0	5.257985591888428	0.0	0.0
4.508918762207031	0.0	0.0	6.369390964508057	6.772220134735107	0.0	7.104674339294434	0.0	0.0	0.0	0.0	0.0	4.810296535491943	0.0	4.474707126617432	0.0	0.0	0.0	0.0	4.665988922119141	0.0	3.8449642658233643	0.0	0.0	0.0	0.0	0.0	0.0	0.0	0.0	0.0	0.0	0.0	0.0	0.0	0.0	0.0	0.0	6.621199131011963	5.468227386474609	4.598071098327637	5.371015548706055	5.615621089935303	0.0	6.327588081359863	5.5854315757751465	5.268906116485596	6.151287078857422	0.0	0.0	0.0	5.829593181610107	0.0	0.0	0.0	0.0	0.0	5.343729496002197	0.0	0.0	0.0	5.305355072021484	0.0	0.0
4.30881929397583	0.0	0.0	6.116592884063721	6.50551176071167	0.0	6.823584079742432	0.0	0.0	0.0	0.0	0.0	4.610989093780518	0.0	4.280094623565674	0.0	0.0	0.0	0.0	4.4867844581604	0.0	3.6493470668792725	0.0	0.0	0.0	0.0	0.0	0.0	0.0	0.0	0.0	0.0	0.0	0.0	0.0	0.0	0.0	0.0	6.371097564697266	5.259933948516846	4.4079909324646	5.160399436950684	5.403759956359863	0.0	6.075858116149902	5.382542133331299	5.043554306030273	5.92890739440918	0.0	0.0	0.0	5.606734275817871	0.0	0.0	0.0	0.0	0.0	5.1296515464782715	0.0	0.0	0.0	5.10621976852417	0.0	0.0
4.370211601257324	0.0	0.0	6.205150127410889	6.598371982574463	0.0	6.914712429046631	0.0	0.0	0.0	0.0	0.0	4.665462017059326	0.0	4.3367695808410645	0.0	0.0	0.0	0.0	4.54753303527832	0.0	3.705275058746338	0.0	0.0	0.0	0.0	0.0	0.0	0.0	0.0	0.0	0.0	0.0	0.0	0.0	0.0	0.0	0.0	6.449950218200684	5.330370903015137	4.472503662109375	5.227547645568848	5.474325656890869	0.0	6.157455921173096	5.441521167755127	5.10994815826416	6.003920555114746	0.0	0.0	0.0	5.674901008605957	0.0	0.0	0.0	0.0	0.0	5.19551420211792	0.0	0.0	0.0	5.165292263031006	0.0	0.0
4.186246871948242	0.0	0.0	5.982144355773926	6.359801769256592	0.0	6.657780647277832	0.0	0.0	0.0	0.0	0.0	4.480219841003418	0.0	4.165755748748779	0.0	0.0	0.0	0.0	4.357283592224121	0.0	3.5441408157348633	0.0	0.0	0.0	0.0	0.0	0.0	0.0	0.0	0.0	0.0	0.0	0.0	0.0	0.0	0.0	0.0	6.213603496551514	5.1290059089660645	4.300467491149902	5.029086112976074	5.266226768493652	0.0	5.912665843963623	5.241800308227539	4.902565956115723	5.793259620666504	0.0	0.0	0.0	5.460426330566406	0.0	0.0	0.0	0.0	0.0	4.994906902313232	0.0	0.0	0.0	4.970615386962891	0.0	0.0
4.373802661895752	0.0	0.0	6.178584098815918	6.5787811279296875	0.0	6.8991923332214355	0.0	0.0	0.0	0.0	0.0	4.670925617218018	0.0	4.3454108238220215	0.0	0.0	0.0	0.0	4.54010534286499	0.0	3.7074544429779053	0.0	0.0	0.0	0.0	0.0	0.0	0.0	0.0	0.0	0.0	0.0	0.0	0.0	0.0	0.0	0.0	6.448462963104248	5.328211307525635	4.4603800773620605	5.224621295928955	5.4749860763549805	0.0	6.145484447479248	5.443725109100342	5.10994815826416	5.987514019012451	0.0	0.0	0.0	5.669086456298828	0.0	0.0	0.0	0.0	0.0	5.1965837478637695	0.0	0.0	0.0	5.174623966217041	0.0	0.0
4.353480339050293	0.0	0.0	6.179953098297119	6.570041656494141	0.0	6.887914657592773	0.0	0.0	0.0	0.0	0.0	4.653770446777344	0.0	4.325976371765137	0.0	0.0	0.0	0.0	4.530219554901123	0.0	3.6901798248291016	0.0	0.0	0.0	0.0	0.0	0.0	0.0	0.0	0.0	0.0	0.0	0.0	0.0	0.0	0.0	0.0	6.427170276641846	5.31168794631958	4.45677375793457	5.209966659545898	5.457277297973633	0.0	6.134772300720215	5.4324140548706055	5.093970775604248	5.9825358390808105	0.0	0.0	0.0	5.653110027313232	0.0	0.0	0.0	0.0	0.0	5.180813789367676	0.0	0.0	0.0	5.156559467315674	0.0	0.0
4.260571002960205	0.0	0.0	6.063549041748047	6.451661586761475	0.0	6.757464408874512	0.0	0.0	0.0	0.0	0.0	4.55650520324707	0.0	4.227668762207031	0.0	0.0	0.0	0.0	4.432779788970947	0.0	3.6028385162353516	0.0	0.0	0.0	0.0	0.0	0.0	0.0	0.0	0.0	0.0	0.0	0.0	0.0	0.0	0.0	0.0	6.306467056274414	5.205609321594238	4.367705821990967	5.106462001800537	5.348469257354736	0.0	6.0080485343933105	5.3203840255737305	4.984592914581299	5.869985580444336	0.0	0.0	0.0	5.545901298522949	0.0	0.0	0.0	0.0	0.0	5.072587013244629	0.0	0.0	0.0	5.047176361083984	0.0	0.0
4.313934803009033	0.0	0.0	6.133897304534912	6.5193681716918945	0.0	6.831856727600098	0.0	0.0	0.0	0.0	0.0	4.605698585510254	0.0	4.2808756828308105	0.0	0.0	0.0	0.0	4.484415531158447	0.0	3.656209945678711	0.0	0.0	0.0	0.0	0.0	0.0	0.0	0.0	0.0	0.0	0.0	0.0	0.0	0.0	0.0	0.0	6.369569778442383	5.260364532470703	4.418755054473877	5.159402370452881	5.401282787322998	0.0	6.080122947692871	5.375979423522949	5.045650959014893	5.931167125701904	0.0	0.0	0.0	5.603844165802002	0.0	0.0	0.0	0.0	0.0	5.131207466125488	0.0	0.0	0.0	5.104425430297852	0.0	0.0
4.227532386779785	0.0	0.0	6.027336597442627	6.4086503982543945	0.0	6.711356163024902	0.0	0.0	0.0	0.0	0.0	4.518442153930664	0.0	4.195590019226074	0.0	0.0	0.0	0.0	4.401296138763428	0.0	3.571760892868042	0.0	0.0	0.0	0.0	0.0	0.0	0.0	0.0	0.0	0.0	0.0	0.0	0.0	0.0	0.0	0.0	6.263016223907471	5.168983459472656	4.337646961212158	5.066987037658691	5.3094868659973145	0.0	5.967979907989502	5.287905693054199	4.948987007141113	5.833468914031982	0.0	0.0	0.0	5.506223678588867	0.0	0.0	0.0	0.0	0.0	5.036546230316162	0.0	0.0	0.0	5.013486385345459	0.0	0.0
4.307576656341553	0.0	0.0	6.133462429046631	6.523258209228516	0.0	6.832715034484863	0.0	0.0	0.0	0.0	0.0	4.604494094848633	0.0	4.281255722045898	0.0	0.0	0.0	0.0	4.484646797180176	0.0	3.6542582511901855	0.0	0.0	0.0	0.0	0.0	0.0	0.0	0.0	0.0	0.0	0.0	0.0	0.0	0.0	0.0	0.0	6.373053073883057	5.263228416442871	4.417719841003418	5.162055015563965	5.405508995056152	0.0	6.0775065422058105	5.3838210105896	5.045459747314453	5.933491230010986	0.0	0.0	0.0	5.604244709014893	0.0	0.0	0.0	0.0	0.0	5.132948398590088	0.0	0.0	0.0	5.10279655456543	0.0	0.0
4.19000244140625	0.0	0.0	5.980989456176758	6.3603196144104	0.0	6.661945819854736	0.0	0.0	0.0	0.0	0.0	4.480596542358398	0.0	4.160508155822754	0.0	0.0	0.0	0.0	4.362726211547852	0.0	3.54317569732666	0.0	0.0	0.0	0.0	0.0	0.0	0.0	0.0	0.0	0.0	0.0	0.0	0.0	0.0	0.0	0.0	6.213166236877441	5.12856388092041	4.30340576171875	5.027040958404541	5.267639636993408	0.0	5.9183669090271	5.243973255157471	4.905886173248291	5.790002822875977	0.0	0.0	0.0	5.46211051940918	0.0	0.0	0.0	0.0	0.0	4.993458271026611	0.0	0.0	0.0	4.971237659454346	0.0	0.0
4.635433197021484	0.0	0.0	6.482552528381348	6.891016006469727	0.0	7.236978530883789	0.0	0.0	0.0	0.0	0.0	4.9265594482421875	0.0	4.616484642028809	0.0	0.0	0.0	0.0	4.792222499847412	0.0	3.9609484672546387	0.0	0.0	0.0	0.0	0.0	0.0	0.0	0.0	0.0	0.0	0.0	0.0	0.0	0.0	0.0	0.0	6.771464824676514	5.622427463531494	4.669253349304199	5.504953861236572	5.755959987640381	0.0	6.464292049407959	5.717340469360352	5.390858173370361	6.27055025100708	0.0	0.0	0.0	5.959482669830322	0.0	0.0	0.0	0.0	0.0	5.484795093536377	0.0	0.0	0.0	5.449865341186523	0.0	0.0
4.188086032867432	0.0	0.0	5.9846882820129395	6.359714031219482	0.0	6.658330917358398	0.0	0.0	0.0	0.0	0.0	4.477848529815674	0.0	4.162910461425781	0.0	0.0	0.0	0.0	4.357087135314941	0.0	3.543213367462158	0.0	0.0	0.0	0.0	0.0	0.0	0.0	0.0	0.0	0.0	0.0	0.0	0.0	0.0	0.0	0.0	6.214416980743408	5.131834506988525	4.299724578857422	5.0263991355896	5.2670793533325195	0.0	5.916261196136475	5.246031284332275	4.905879497528076	5.793370723724365	0.0	0.0	0.0	5.4617156982421875	0.0	0.0	0.0	0.0	0.0	4.995776176452637	0.0	0.0	0.0	4.971412181854248	0.0	0.0
4.313192367553711	0.0	0.0	6.132174015045166	6.519711017608643	0.0	6.8297576904296875	0.0	0.0	0.0	0.0	0.0	4.607371807098389	0.0	4.285618305206299	0.0	0.0	0.0	0.0	4.491318702697754	0.0	3.649872303009033	0.0	0.0	0.0	0.0	0.0	0.0	0.0	0.0	0.0	0.0	0.0	0.0	0.0	0.0	0.0	0.0	6.376959323883057	5.2673187255859375	4.413560390472412	5.165196418762207	5.413084983825684	0.0	6.080283164978027	5.390010833740234	5.0462446212768555	5.936280727386475	0.0	0.0	0.0	5.611144065856934	0.0	0.0	0.0	0.0	0.0	5.131043434143066	0.0	0.0	0.0	5.110755443572998	0.0	0.0
4.382277965545654	0.0	0.0	6.220815658569336	6.621323108673096	0.0	6.937929153442383	0.0	0.0	0.0	0.0	0.0	4.678276062011719	0.0	4.3593974113464355	0.0	0.0	0.0	0.0	4.572660446166992	0.0	3.714599847793579	0.0	0.0	0.0	0.0	0.0	0.0	0.0	0.0	0.0	0.0	0.0	0.0	0.0	0.0	0.0	0.0	6.474333763122559	5.349643707275391	4.490333557128906	5.249196529388428	5.494011402130127	0.0	6.18330192565918	5.470322132110596	5.134731292724609	6.019027233123779	0.0	0.0	0.0	5.694642543792725	0.0	0.0	0.0	0.0	0.0	5.2187042236328125	0.0	0.0	0.0	5.192140579223633	0.0	0.0
4.319925785064697	0.0	0.0	6.12568998336792	6.5197601318359375	0.0	6.832365989685059	0.0	0.0	0.0	0.0	0.0	4.619263648986816	0.0	4.290882110595703	0.0	0.0	0.0	0.0	4.494136333465576	0.0	3.6603918075561523	0.0	0.0	0.0	0.0	0.0	0.0	0.0	0.0	0.0	0.0	0.0	0.0	0.0	0.0	0.0	0.0	6.381025791168213	5.275312900543213	4.421400547027588	5.172698497772217	5.41566801071167	0.0	6.085035800933838	5.3867621421813965	5.053317070007324	5.936988830566406	0.0	0.0	0.0	5.6171088218688965	0.0	0.0	0.0	0.0	0.0	5.138614177703857	0.0	0.0	0.0	5.113000392913818	0.0	0.0
4.243344306945801	0.0	0.0	6.049655914306641	6.434719562530518	0.0	6.739313125610352	0.0	0.0	0.0	0.0	0.0	4.5356125831604	0.0	4.21499490737915	0.0	0.0	0.0	0.0	4.418586254119873	0.0	3.589001178741455	0.0	0.0	0.0	0.0	0.0	0.0	0.0	0.0	0.0	0.0	0.0	0.0	0.0	0.0	0.0	0.0	6.288787841796875	5.191746234893799	4.35666036605835	5.090621471405029	5.329914569854736	0.0	5.994889259338379	5.311053276062012	4.971644878387451	5.859042167663574	0.0	0.0	0.0	5.528904914855957	0.0	0.0	0.0	0.0	0.0	5.057170867919922	0.0	0.0	0.0	5.032688617706299	0.0	0.0
4.292592525482178	0.0	0.0	6.115302562713623	6.503122806549072	0.0	6.811108112335205	0.0	0.0	0.0	0.0	0.0	4.592381000518799	0.0	4.262294769287109	0.0	0.0	0.0	0.0	4.470527648925781	0.0	3.6390511989593506	0.0	0.0	0.0	0.0	0.0	0.0	0.0	0.0	0.0	0.0	0.0	0.0	0.0	0.0	0.0	0.0	6.357245445251465	5.247179985046387	4.403687477111816	5.14674711227417	5.39132022857666	0.0	6.059857368469238	5.368149757385254	5.032148361206055	5.914767265319824	0.0	0.0	0.0	5.589221954345703	0.0	0.0	0.0	0.0	0.0	5.115938663482666	0.0	0.0	0.0	5.085092067718506	0.0	0.0
4.482490062713623	0.0	0.0	6.3441057205200195	6.730533599853516	0.0	7.046177387237549	0.0	0.0	0.0	0.0	0.0	4.789246082305908	0.0	4.486364364624023	0.0	0.0	0.0	0.0	4.641665935516357	0.0	3.8285462856292725	0.0	0.0	0.0	0.0	0.0	0.0	0.0	0.0	0.0	0.0	0.0	0.0	0.0	0.0	0.0	0.0	6.593994140625	5.4768805503845215	4.544826984405518	5.370782375335693	5.601040840148926	0.0	6.271242141723633	5.556581974029541	5.220892429351807	6.1422119140625	0.0	0.0	0.0	5.806640625	0.0	0.0	0.0	0.0	0.0	5.338928699493408	0.0	0.0	0.0	5.31010627746582	0.0	0.0
4.463114261627197	0.0	0.0	6.307854652404785	6.706727027893066	0.0	7.031772613525391	0.0	0.0	0.0	0.0	0.0	4.756631851196289	0.0	4.426845550537109	0.0	0.0	0.0	0.0	4.635210037231445	0.0	3.7801663875579834	0.0	0.0	0.0	0.0	0.0	0.0	0.0	0.0	0.0	0.0	0.0	0.0	0.0	0.0	0.0	0.0	6.569883346557617	5.422366619110107	4.555473804473877	5.319012641906738	5.576938152313232	0.0	6.272493839263916	5.544210433959961	5.213078498840332	6.098620414733887	0.0	0.0	0.0	5.776236057281494	0.0	0.0	0.0	0.0	0.0	5.295952796936035	0.0	0.0	0.0	5.26660680770874	0.0	0.0
4.32410192489624	0.0	0.0	6.142974376678467	6.539517879486084	0.0	6.848596572875977	0.0	0.0	0.0	0.0	0.0	4.621443271636963	0.0	4.290972709655762	0.0	0.0	0.0	0.0	4.494718074798584	0.0	3.662984848022461	0.0	0.0	0.0	0.0	0.0	0.0	0.0	0.0	0.0	0.0	0.0	0.0	0.0	0.0	0.0	0.0	6.391810417175293	5.281322956085205	4.430023670196533	5.177182197570801	5.4208502769470215	0.0	6.096388816833496	5.393899440765381	5.058965682983398	5.946842670440674	0.0	0.0	0.0	5.6202311515808105	0.0	0.0	0.0	0.0	0.0	5.140456676483154	0.0	0.0	0.0	5.121073246002197	0.0	0.0
4.319897174835205	0.0	0.0	6.139488697052002	6.53192663192749	0.0	6.842189788818359	0.0	0.0	0.0	0.0	0.0	4.6164374351501465	0.0	4.287095069885254	0.0	0.0	0.0	0.0	4.492359161376953	0.0	3.6553916931152344	0.0	0.0	0.0	0.0	0.0	0.0	0.0	0.0	0.0	0.0	0.0	0.0	0.0	0.0	0.0	0.0	6.38829231262207	5.276213645935059	4.425992012023926	5.169068336486816	5.4172210693359375	0.0	6.089489459991455	5.389907360076904	5.053144931793213	5.942007541656494	0.0	0.0	0.0	5.609615325927734	0.0	0.0	0.0	0.0	0.0	5.134644508361816	0.0	0.0	0.0	5.114190578460693	0.0	0.0
4.265685081481934	0.0	0.0	6.07561731338501	6.464653015136719	0.0	6.771579742431641	0.0	0.0	0.0	0.0	0.0	4.561049938201904	0.0	4.234141826629639	0.0	0.0	0.0	0.0	4.436635971069336	0.0	3.6136257648468018	0.0	0.0	0.0	0.0	0.0	0.0	0.0	0.0	0.0	0.0	0.0	0.0	0.0	0.0	0.0	0.0	6.313124656677246	5.212515830993652	4.376227378845215	5.108983993530273	5.355114936828613	0.0	6.018316268920898	5.33060884475708	4.991794586181641	5.879927635192871	0.0	0.0	0.0	5.5529069900512695	0.0	0.0	0.0	0.0	0.0	5.078567028045654	0.0	0.0	0.0	5.056032180786133	0.0	0.0
4.277174472808838	0.0	0.0	6.092828750610352	6.476044654846191	0.0	6.785238265991211	0.0	0.0	0.0	0.0	0.0	4.5722551345825195	0.0	4.251248359680176	0.0	0.0	0.0	0.0	4.454501628875732	0.0	3.6190855503082275	0.0	0.0	0.0	0.0	0.0	0.0	0.0	0.0	0.0	0.0	0.0	0.0	0.0	0.0	0.0	0.0	6.332581996917725	5.2261505126953125	4.387960910797119	5.123475074768066	5.372466087341309	0.0	6.032906532287598	5.345538139343262	5.0114426612854	5.891967296600342	0.0	0.0	0.0	5.5643696784973145	0.0	0.0	0.0	0.0	0.0	5.09525203704834	0.0	0.0	0.0	5.069375991821289	0.0	0.0
4.298303127288818	0.0	0.0	6.108537673950195	6.494126319885254	0.0	6.808463096618652	0.0	0.0	0.0	0.0	0.0	4.590038299560547	0.0	4.2658820152282715	0.0	0.0	0.0	0.0	4.4685893058776855	0.0	3.63553786277771	0.0	0.0	0.0	0.0	0.0	0.0	0.0	0.0	0.0	0.0	0.0	0.0	0.0	0.0	0.0	0.0	6.3513312339782715	5.245471477508545	4.400395393371582	5.143161296844482	5.391424179077148	0.0	6.05529260635376	5.364137649536133	5.025727272033691	5.913471221923828	0.0	0.0	0.0	5.585338592529297	0.0	0.0	0.0	0.0	0.0	5.111887454986572	0.0	0.0	0.0	5.092088222503662	0.0	0.0
4.274731159210205	0.0	0.0	6.085906982421875	6.473249435424805	0.0	6.7800703048706055	0.0	0.0	0.0	0.0	0.0	4.568078517913818	0.0	4.246712684631348	0.0	0.0	0.0	0.0	4.447617053985596	0.0	3.6182987689971924	0.0	0.0	0.0	0.0	0.0	0.0	0.0	0.0	0.0	0.0	0.0	0.0	0.0	0.0	0.0	0.0	6.32745885848999	5.225515365600586	4.385873794555664	5.120523929595947	5.366983413696289	0.0	6.027400493621826	5.34060525894165	5.00184965133667	5.889627456665039	0.0	0.0	0.0	5.5608229637146	0.0	0.0	0.0	0.0	0.0	5.092506408691406	0.0	0.0	0.0	5.0648393630981445	0.0	0.0
4.3582282066345215	0.0	0.0	6.18032693862915	6.57038688659668	0.0	6.8911614418029785	0.0	0.0	0.0	0.0	0.0	4.652655601501465	0.0	4.318063735961914	0.0	0.0	0.0	0.0	4.536147117614746	0.0	3.687316656112671	0.0	0.0	0.0	0.0	0.0	0.0	0.0	0.0	0.0	0.0	0.0	0.0	0.0	0.0	0.0	0.0	6.430836200714111	5.303930759429932	4.4601969718933105	5.2025604248046875	5.4487714767456055	0.0	6.140691757202148	5.4318389892578125	5.095638751983643	5.975112438201904	0.0	0.0	0.0	5.653560638427734	0.0	0.0	0.0	0.0	0.0	5.16666316986084	0.0	0.0	0.0	5.148825645446777	0.0	0.0
4.469226837158203	0.0	0.0	6.328896522521973	6.7375359535217285	0.0	7.049640655517578	0.0	0.0	0.0	0.0	0.0	4.791591644287109	0.0	4.436336994171143	0.0	0.0	0.0	0.0	4.6983723640441895	0.0	3.7982027530670166	0.0	0.0	0.0	0.0	0.0	0.0	0.0	0.0	0.0	0.0	0.0	0.0	0.0	0.0	0.0	0.0	6.586664199829102	5.440300941467285	4.590316295623779	5.345579624176025	5.613574028015137	0.0	6.302539825439453	5.585908889770508	5.246730804443359	6.1152496337890625	0.0	0.0	0.0	5.8143181800842285	0.0	0.0	0.0	0.0	0.0	5.312623977661133	0.0	0.0	0.0	5.300727844238281	0.0	0.0
4.325610637664795	0.0	0.0	6.137845516204834	6.534194469451904	0.0	6.850013732910156	0.0	0.0	0.0	0.0	0.0	4.623970031738281	0.0	4.300660610198975	0.0	0.0	0.0	0.0	4.498356342315674	0.0	3.665092706680298	0.0	0.0	0.0	0.0	0.0	0.0	0.0	0.0	0.0	0.0	0.0	0.0	0.0	0.0	0.0	0.0	6.394162178039551	5.280752658843994	4.429352760314941	5.182132720947266	5.431336402893066	0.0	6.094699382781982	5.4014997482299805	5.061150550842285	5.942921161651611	0.0	0.0	0.0	5.624749660491943	0.0	0.0	0.0	0.0	0.0	5.146839618682861	0.0	0.0	0.0	5.1259446144104	0.0	0.0
4.554073333740234	0.0	0.0	6.384900093078613	6.789035320281982	0.0	7.134936332702637	0.0	0.0	0.0	0.0	0.0	4.839672088623047	0.0	4.521645545959473	0.0	0.0	0.0	0.0	4.712231159210205	0.0	3.8735568523406982	0.0	0.0	0.0	0.0	0.0	0.0	0.0	0.0	0.0	0.0	0.0	0.0	0.0	0.0	0.0	0.0	6.661505699157715	5.5133376121521	4.60152530670166	5.403205394744873	5.650331497192383	0.0	6.369836330413818	5.625281810760498	5.306031227111816	6.170547962188721	0.0	0.0	0.0	5.860990524291992	0.0	0.0	0.0	0.0	0.0	5.383049011230469	0.0	0.0	0.0	5.349421501159668	0.0	0.0
4.290130615234375	0.0	0.0	6.111027717590332	6.4927873611450195	0.0	6.802781581878662	0.0	0.0	0.0	0.0	0.0	4.585625171661377	0.0	4.266005516052246	0.0	0.0	0.0	0.0	4.469653129577637	0.0	3.6357152462005615	0.0	0.0	0.0	0.0	0.0	0.0	0.0	0.0	0.0	0.0	0.0	0.0	0.0	0.0	0.0	0.0	6.348024845123291	5.243464946746826	4.397610187530518	5.142376899719238	5.386930465698242	0.0	6.049117565155029	5.360293865203857	5.023510456085205	5.907330513000488	0.0	0.0	0.0	5.579165935516357	0.0	0.0	0.0	0.0	0.0	5.11044979095459	0.0	0.0	0.0	5.087425231933594	0.0	0.0
4.276011943817139	0.0	0.0	6.067231178283691	6.461423397064209	0.0	6.7719621658325195	0.0	0.0	0.0	0.0	0.0	4.5709404945373535	0.0	4.2454938888549805	0.0	0.0	0.0	0.0	4.448320388793945	0.0	3.6184310913085938	0.0	0.0	0.0	0.0	0.0	0.0	0.0	0.0	0.0	0.0	0.0	0.0	0.0	0.0	0.0	0.0	6.322556018829346	5.224871635437012	4.380875110626221	5.125657558441162	5.365424633026123	0.0	6.028511047363281	5.337909698486328	5.000274658203125	5.881966590881348	0.0	0.0	0.0	5.561142921447754	0.0	0.0	0.0	0.0	0.0	5.08560848236084	0.0	0.0	0.0	5.0667195320129395	0.0	0.0
4.240451335906982	0.0	0.0	6.043871879577637	6.42657470703125	0.0	6.730663299560547	0.0	0.0	0.0	0.0	0.0	4.534123420715332	0.0	4.212762355804443	0.0	0.0	0.0	0.0	4.4114789962768555	0.0	3.5890183448791504	0.0	0.0	0.0	0.0	0.0	0.0	0.0	0.0	0.0	0.0	0.0	0.0	0.0	0.0	0.0	0.0	6.280782699584961	5.184450626373291	4.35276460647583	5.081671714782715	5.326171875	0.0	5.986546516418457	5.3044304847717285	4.9634690284729	5.848506450653076	0.0	0.0	0.0	5.520697593688965	0.0	0.0	0.0	0.0	0.0	5.051245212554932	0.0	0.0	0.0	5.026422500610352	0.0	0.0
4.236140727996826	0.0	0.0	6.041187763214111	6.4215240478515625	0.0	6.724147319793701	0.0	0.0	0.0	0.0	0.0	4.530422687530518	0.0	4.209856033325195	0.0	0.0	0.0	0.0	4.409248352050781	0.0	3.585132360458374	0.0	0.0	0.0	0.0	0.0	0.0	0.0	0.0	0.0	0.0	0.0	0.0	0.0	0.0	0.0	0.0	6.274524211883545	5.180423736572266	4.348730087280273	5.0805439949035645	5.32444953918457	0.0	5.983255386352539	5.297563076019287	4.96163272857666	5.847175121307373	0.0	0.0	0.0	5.517540454864502	0.0	0.0	0.0	0.0	0.0	5.047794342041016	0.0	0.0	0.0	5.023097038269043	0.0	0.0
4.317255020141602	0.0	0.0	6.140434265136719	6.529228210449219	0.0	6.837738513946533	0.0	0.0	0.0	0.0	0.0	4.613460063934326	0.0	4.288900375366211	0.0	0.0	0.0	0.0	4.4902825355529785	0.0	3.6595582962036133	0.0	0.0	0.0	0.0	0.0	0.0	0.0	0.0	0.0	0.0	0.0	0.0	0.0	0.0	0.0	0.0	6.380399703979492	5.270373344421387	4.421009540557861	5.167181968688965	5.4147562980651855	0.0	6.07929801940918	5.384551525115967	5.051781177520752	5.9417548179626465	0.0	0.0	0.0	5.616069793701172	0.0	0.0	0.0	0.0	0.0	5.140427589416504	0.0	0.0	0.0	5.1111602783203125	0.0	0.0
4.248106002807617	0.0	0.0	6.057139873504639	6.440965175628662	0.0	6.747262477874756	0.0	0.0	0.0	0.0	0.0	4.542940139770508	0.0	4.2196807861328125	0.0	0.0	0.0	0.0	4.428786754608154	0.0	3.596072196960449	0.0	0.0	0.0	0.0	0.0	0.0	0.0	0.0	0.0	0.0	0.0	0.0	0.0	0.0	0.0	0.0	6.297689914703369	5.195877552032471	4.364790916442871	5.093061447143555	5.338915824890137	0.0	5.996367931365967	5.3135151863098145	4.978145599365234	5.862755298614502	0.0	0.0	0.0	5.534196853637695	0.0	0.0	0.0	0.0	0.0	5.061227321624756	0.0	0.0	0.0	5.038767337799072	0.0	0.0
4.258247375488281	0.0	0.0	6.055567264556885	6.443553924560547	0.0	6.752101421356201	0.0	0.0	0.0	0.0	0.0	4.554544448852539	0.0	4.231292724609375	0.0	0.0	0.0	0.0	4.429509162902832	0.0	3.6038575172424316	0.0	0.0	0.0	0.0	0.0	0.0	0.0	0.0	0.0	0.0	0.0	0.0	0.0	0.0	0.0	0.0	6.300482749938965	5.20628547668457	4.366456508636475	5.106249809265137	5.347947120666504	0.0	6.008535861968994	5.3213348388671875	4.985010147094727	5.868086814880371	0.0	0.0	0.0	5.541048049926758	0.0	0.0	0.0	0.0	0.0	5.067772388458252	0.0	0.0	0.0	5.050330638885498	0.0	0.0
4.42276668548584	0.0	0.0	6.237927436828613	6.6371049880981445	0.0	6.9610490798950195	0.0	0.0	0.0	0.0	0.0	4.71074104309082	0.0	4.392448425292969	0.0	0.0	0.0	0.0	4.586672782897949	0.0	3.7520835399627686	0.0	0.0	0.0	0.0	0.0	0.0	0.0	0.0	0.0	0.0	0.0	0.0	0.0	0.0	0.0	0.0	6.5058770179748535	5.372926235198975	4.5035929679870605	5.277227401733398	5.519964694976807	0.0	6.205176830291748	5.4882707595825195	5.159280776977539	6.03234338760376	0.0	0.0	0.0	5.713564395904541	0.0	0.0	0.0	0.0	0.0	5.249801158905029	0.0	0.0	0.0	5.216862678527832	0.0	0.0
4.298090934753418	0.0	0.0	6.108183860778809	6.495645999908447	0.0	6.811074733734131	0.0	0.0	0.0	0.0	0.0	4.592541694641113	0.0	4.2643914222717285	0.0	0.0	0.0	0.0	4.466609001159668	0.0	3.6346206665039062	0.0	0.0	0.0	0.0	0.0	0.0	0.0	0.0	0.0	0.0	0.0	0.0	0.0	0.0	0.0	0.0	6.353694438934326	5.247239112854004	4.401758670806885	5.144989490509033	5.3940582275390625	0.0	6.0596137046813965	5.365550518035889	5.0307793617248535	5.914664268493652	0.0	0.0	0.0	5.585414886474609	0.0	0.0	0.0	0.0	0.0	5.113440990447998	0.0	0.0	0.0	5.089155197143555	0.0	0.0
4.647465229034424	0.0	0.0	6.477916240692139	6.891698360443115	0.0	7.248013973236084	0.0	0.0	0.0	0.0	0.0	4.932953357696533	0.0	4.610130310058594	0.0	0.0	0.0	0.0	4.800319671630859	0.0	3.9424421787261963	0.0	0.0	0.0	0.0	0.0	0.0	0.0	0.0	0.0	0.0	0.0	0.0	0.0	0.0	0.0	0.0	6.788134574890137	5.6128926277160645	4.6875996589660645	5.510075092315674	5.7604169845581055	0.0	6.4837846755981445	5.72998571395874	5.405811309814453	6.2777533531188965	0.0	0.0	0.0	5.974852561950684	0.0	0.0	0.0	0.0	0.0	5.478453159332275	0.0	0.0	0.0	5.453968048095703	0.0	0.0
4.246494293212891	0.0	0.0	6.053205490112305	6.439651012420654	0.0	6.747242450714111	0.0	0.0	0.0	0.0	0.0	4.541316509246826	0.0	4.217278480529785	0.0	0.0	0.0	0.0	4.423312664031982	0.0	3.593618154525757	0.0	0.0	0.0	0.0	0.0	0.0	0.0	0.0	0.0	0.0	0.0	0.0	0.0	0.0	0.0	0.0	6.292715549468994	5.189614772796631	4.359225749969482	5.087860107421875	5.331534385681152	0.0	5.997395038604736	5.308750629425049	4.972761631011963	5.857905864715576	0.0	0.0	0.0	5.5318603515625	0.0	0.0	0.0	0.0	0.0	5.057127952575684	0.0	0.0	0.0	5.034056186676025	0.0	0.0
4.284379482269287	0.0	0.0	6.102272987365723	6.488703727722168	0.0	6.79768180847168	0.0	0.0	0.0	0.0	0.0	4.584294319152832	0.0	4.256809234619141	0.0	0.0	0.0	0.0	4.458830833435059	0.0	3.6296615600585938	0.0	0.0	0.0	0.0	0.0	0.0	0.0	0.0	0.0	0.0	0.0	0.0	0.0	0.0	0.0	0.0	6.340337753295898	5.23460578918457	4.392042636871338	5.13561487197876	5.3752923011779785	0.0	6.045562267303467	5.351157188415527	5.017320156097412	5.905523777008057	0.0	0.0	0.0	5.57526159286499	0.0	0.0	0.0	0.0	0.0	5.102609157562256	0.0	0.0	0.0	5.075877666473389	0.0	0.0
4.153431415557861	0.0	0.0	5.936391830444336	6.313454627990723	0.0	6.607054233551025	0.0	0.0	0.0	0.0	0.0	4.443012237548828	0.0	4.126764297485352	0.0	0.0	0.0	0.0	4.337433815002441	0.0	3.507459878921509	0.0	0.0	0.0	0.0	0.0	0.0	0.0	0.0	0.0	0.0	0.0	0.0	0.0	0.0	0.0	0.0	6.1708245277404785	5.0849995613098145	4.2760796546936035	4.985225677490234	5.228427886962891	0.0	5.872134685516357	5.206049919128418	4.871049880981445	5.7393951416015625	0.0	0.0	0.0	5.4169087409973145	0.0	0.0	0.0	0.0	0.0	4.956291675567627	0.0	0.0	0.0	4.932042598724365	0.0	0.0
4.25614595413208	0.0	0.0	6.060157775878906	6.445573329925537	0.0	6.750030517578125	0.0	0.0	0.0	0.0	0.0	4.549915790557861	0.0	4.2227091789245605	0.0	0.0	0.0	0.0	4.430097579956055	0.0	3.5991830825805664	0.0	0.0	0.0	0.0	0.0	0.0	0.0	0.0	0.0	0.0	0.0	0.0	0.0	0.0	0.0	0.0	6.299346923828125	5.198486328125	4.365377902984619	5.100793838500977	5.345097541809082	0.0	6.004509449005127	5.3210577964782715	4.982335090637207	5.867721080780029	0.0	0.0	0.0	5.538941383361816	0.0	0.0	0.0	0.0	0.0	5.065184593200684	0.0	0.0	0.0	5.046463966369629	0.0	0.0
4.247409343719482	0.0	0.0	6.0600481033325195	6.443073272705078	0.0	6.747293472290039	0.0	0.0	0.0	0.0	0.0	4.54394006729126	0.0	4.216653347015381	0.0	0.0	0.0	0.0	4.424631595611572	0.0	3.5945284366607666	0.0	0.0	0.0	0.0	0.0	0.0	0.0	0.0	0.0	0.0	0.0	0.0	0.0	0.0	0.0	0.0	6.291034698486328	5.192861080169678	4.364420413970947	5.094581604003906	5.335712432861328	0.0	5.99880313873291	5.313243865966797	4.976563453674316	5.861979007720947	0.0	0.0	0.0	5.532792568206787	0.0	0.0	0.0	0.0	0.0	5.059815406799316	0.0	0.0	0.0	5.037787437438965	0.0	0.0
4.289535045623779	0.0	0.0	6.1028971672058105	6.487272262573242	0.0	6.800163745880127	0.0	0.0	0.0	0.0	0.0	4.583548069000244	0.0	4.259848594665527	0.0	0.0	0.0	0.0	4.462220668792725	0.0	3.6309661865234375	0.0	0.0	0.0	0.0	0.0	0.0	0.0	0.0	0.0	0.0	0.0	0.0	0.0	0.0	0.0	0.0	6.343311786651611	5.23677396774292	4.393558979034424	5.135852336883545	5.3781938552856445	0.0	6.045273303985596	5.356217861175537	5.015493392944336	5.90831184387207	0.0	0.0	0.0	5.578234672546387	0.0	0.0	0.0	0.0	0.0	5.10219669342041	0.0	0.0	0.0	5.079128265380859	0.0	0.0
4.408844470977783	0.0	0.0	6.242740631103516	6.640844345092773	0.0	6.958770751953125	0.0	0.0	0.0	0.0	0.0	4.705156326293945	0.0	4.370826721191406	0.0	0.0	0.0	0.0	4.580048561096191	0.0	3.7322912216186523	0.0	0.0	0.0	0.0	0.0	0.0	0.0	0.0	0.0	0.0	0.0	0.0	0.0	0.0	0.0	0.0	6.50076961517334	5.365853309631348	4.501644134521484	5.26629114151001	5.520054340362549	0.0	6.202199459075928	5.490784645080566	5.150933265686035	6.045052528381348	0.0	0.0	0.0	5.714240074157715	0.0	0.0	0.0	0.0	0.0	5.232381343841553	0.0	0.0	0.0	5.216344356536865	0.0	0.0
4.258753299713135	0.0	0.0	6.065513610839844	6.451794624328613	0.0	6.761231899261475	0.0	0.0	0.0	0.0	0.0	4.555986404418945	0.0	4.23293924331665	0.0	0.0	0.0	0.0	4.435620307922363	0.0	3.608363151550293	0.0	0.0	0.0	0.0	0.0	0.0	0.0	0.0	0.0	0.0	0.0	0.0	0.0	0.0	0.0	0.0	6.307767868041992	5.206945419311523	4.373069763183594	5.106326103210449	5.349564075469971	0.0	6.015802383422852	5.324599742889404	4.988536834716797	5.870253562927246	0.0	0.0	0.0	5.54058837890625	0.0	0.0	0.0	0.0	0.0	5.07614803314209	0.0	0.0	0.0	5.0498433113098145	0.0	0.0
4.303473949432373	0.0	0.0	6.130117893218994	6.518775463104248	0.0	6.824363708496094	0.0	0.0	0.0	0.0	0.0	4.605535507202148	0.0	4.27759313583374	0.0	0.0	0.0	0.0	4.477936267852783	0.0	3.649315595626831	0.0	0.0	0.0	0.0	0.0	0.0	0.0	0.0	0.0	0.0	0.0	0.0	0.0	0.0	0.0	0.0	6.371450424194336	5.263334274291992	4.416118144989014	5.158379554748535	5.402400493621826	0.0	6.074146747589111	5.376852512359619	5.039103031158447	5.930962085723877	0.0	0.0	0.0	5.606051445007324	0.0	0.0	0.0	0.0	0.0	5.127890586853027	0.0	0.0	0.0	5.101850509643555	0.0	0.0
4.230859279632568	0.0	0.0	6.031961441040039	6.411416530609131	0.0	6.712990760803223	0.0	0.0	0.0	0.0	0.0	4.521478652954102	0.0	4.207272052764893	0.0	0.0	0.0	0.0	4.396524429321289	0.0	3.581557035446167	0.0	0.0	0.0	0.0	0.0	0.0	0.0	0.0	0.0	0.0	0.0	0.0	0.0	0.0	0.0	0.0	6.266679286956787	5.175048828125	4.3341240882873535	5.072475433349609	5.313336372375488	0.0	5.965615749359131	5.285221576690674	4.9465765953063965	5.8416290283203125	0.0	0.0	0.0	5.5070085525512695	0.0	0.0	0.0	0.0	0.0	5.043426513671875	0.0	0.0	0.0	5.019484996795654	0.0	0.0
4.287931442260742	0.0	0.0	6.116883277893066	6.5039520263671875	0.0	6.807512283325195	0.0	0.0	0.0	0.0	0.0	4.589309215545654	0.0	4.261818885803223	0.0	0.0	0.0	0.0	4.475099563598633	0.0	3.6272470951080322	0.0	0.0	0.0	0.0	0.0	0.0	0.0	0.0	0.0	0.0	0.0	0.0	0.0	0.0	0.0	0.0	6.347360134124756	5.241250991821289	4.40477991104126	5.141600608825684	5.393786430358887	0.0	6.0511651039123535	5.366362571716309	5.0282673835754395	5.911678314208984	0.0	0.0	0.0	5.59088659286499	0.0	0.0	0.0	0.0	0.0	5.115063667297363	0.0	0.0	0.0	5.087639331817627	0.0	0.0
4.324818134307861	0.0	0.0	6.15335750579834	6.542995929718018	0.0	6.853031635284424	0.0	0.0	0.0	0.0	0.0	4.623726844787598	0.0	4.298764705657959	0.0	0.0	0.0	0.0	4.498983383178711	0.0	3.665018081665039	0.0	0.0	0.0	0.0	0.0	0.0	0.0	0.0	0.0	0.0	0.0	0.0	0.0	0.0	0.0	0.0	6.391237258911133	5.286116123199463	4.428096771240234	5.177483081817627	5.424844264984131	0.0	6.0954060554504395	5.3962016105651855	5.061345100402832	5.950283527374268	0.0	0.0	0.0	5.621653079986572	0.0	0.0	0.0	0.0	0.0	5.144664287567139	0.0	0.0	0.0	5.123219966888428	0.0	0.0
4.304478645324707	0.0	0.0	6.1149797439575195	6.502148151397705	0.0	6.82018518447876	0.0	0.0	0.0	0.0	0.0	4.596142292022705	0.0	4.271862983703613	0.0	0.0	0.0	0.0	4.475932598114014	0.0	3.6465506553649902	0.0	0.0	0.0	0.0	0.0	0.0	0.0	0.0	0.0	0.0	0.0	0.0	0.0	0.0	0.0	0.0	6.361690044403076	5.250861167907715	4.403571605682373	5.149685859680176	5.3933916091918945	0.0	6.060439586639404	5.370904445648193	5.033562660217285	5.91450309753418	0.0	0.0	0.0	5.592799186706543	0.0	0.0	0.0	0.0	0.0	5.12083625793457	0.0	0.0	0.0	5.0947089195251465	0.0	0.0
4.306366920471191	0.0	0.0	6.130788326263428	6.522527694702148	0.0	6.831573009490967	0.0	0.0	0.0	0.0	0.0	4.60247278213501	0.0	4.28340482711792	0.0	0.0	0.0	0.0	4.48753023147583	0.0	3.649742603302002	0.0	0.0	0.0	0.0	0.0	0.0	0.0	0.0	0.0	0.0	0.0	0.0	0.0	0.0	0.0	0.0	6.3750128746032715	5.262829303741455	4.417903423309326	5.160822868347168	5.410398006439209	0.0	6.076960563659668	5.382373809814453	5.041767120361328	5.9334893226623535	0.0	0.0	0.0	5.602611064910889	0.0	0.0	0.0	0.0	0.0	5.13060998916626	0.0	0.0	0.0	5.103714466094971	0.0	0.0
4.2947587966918945	0.0	0.0	6.116541862487793	6.500303745269775	0.0	6.809145450592041	0.0	0.0	0.0	0.0	0.0	4.592114448547363	0.0	4.267058849334717	0.0	0.0	0.0	0.0	4.4706525802612305	0.0	3.640048027038574	0.0	0.0	0.0	0.0	0.0	0.0	0.0	0.0	0.0	0.0	0.0	0.0	0.0	0.0	0.0	0.0	6.355780124664307	5.248439311981201	4.405774116516113	5.148396968841553	5.391360282897949	0.0	6.056145668029785	5.365973949432373	5.026547431945801	5.920200347900391	0.0	0.0	0.0	5.586515426635742	0.0	0.0	0.0	0.0	0.0	5.115475177764893	0.0	0.0	0.0	5.088737487792969	0.0	0.0
4.257837772369385	0.0	0.0	6.066727161407471	6.451749324798584	0.0	6.758497714996338	0.0	0.0	0.0	0.0	0.0	4.5524797439575195	0.0	4.227967262268066	0.0	0.0	0.0	0.0	4.435388088226318	0.0	3.60306978225708	0.0	0.0	0.0	0.0	0.0	0.0	0.0	0.0	0.0	0.0	0.0	0.0	0.0	0.0	0.0	0.0	6.309637546539307	5.206249713897705	4.372689247131348	5.103912353515625	5.3487772941589355	0.0	6.01071834564209	5.322947978973389	4.984810829162598	5.87235689163208	0.0	0.0	0.0	5.545503616333008	0.0	0.0	0.0	0.0	0.0	5.070729732513428	0.0	0.0	0.0	5.0493083000183105	0.0	0.0
4.316862106323242	0.0	0.0	6.134530544281006	6.521883964538574	0.0	6.830467700958252	0.0	0.0	0.0	0.0	0.0	4.6105875968933105	0.0	4.28257942199707	0.0	0.0	0.0	0.0	4.486436367034912	0.0	3.650794506072998	0.0	0.0	0.0	0.0	0.0	0.0	0.0	0.0	0.0	0.0	0.0	0.0	0.0	0.0	0.0	0.0	6.378426551818848	5.264825344085693	4.419455051422119	5.162330627441406	5.410951137542725	0.0	6.0826735496521	5.383772850036621	5.049831867218018	5.940296649932861	0.0	0.0	0.0	5.60600471496582	0.0	0.0	0.0	0.0	0.0	5.133389949798584	0.0	0.0	0.0	5.108155727386475	0.0	0.0
4.470439910888672	0.0	0.0	6.316278457641602	6.710366725921631	0.0	7.0356645584106445	0.0	0.0	0.0	0.0	0.0	4.771514415740967	0.0	4.445916652679443	0.0	0.0	0.0	0.0	4.628157138824463	0.0	3.805440664291382	0.0	0.0	0.0	0.0	0.0	0.0	0.0	0.0	0.0	0.0	0.0	0.0	0.0	0.0	0.0	0.0	6.573153018951416	5.441640377044678	4.5507636070251465	5.338046550750732	5.572404861450195	0.0	6.2707929611206055	5.551408290863037	5.215037822723389	6.1117167472839355	0.0	0.0	0.0	5.783328533172607	0.0	0.0	0.0	0.0	0.0	5.308660507202148	0.0	0.0	0.0	5.27504825592041	0.0	0.0
4.2858076095581055	0.0	0.0	6.098029136657715	6.48483943939209	0.0	6.792027473449707	0.0	0.0	0.0	0.0	0.0	4.580541133880615	0.0	4.252799987792969	0.0	0.0	0.0	0.0	4.463213920593262	0.0	3.6233150959014893	0.0	0.0	0.0	0.0	0.0	0.0	0.0	0.0	0.0	0.0	0.0	0.0	0.0	0.0	0.0	0.0	6.342054843902588	5.235403537750244	4.392718315124512	5.132429122924805	5.379923343658447	0.0	6.047271728515625	5.356834888458252	5.015577793121338	5.898752212524414	0.0	0.0	0.0	5.575420379638672	0.0	0.0	0.0	0.0	0.0	5.099379539489746	0.0	0.0	0.0	5.079635143280029	0.0	0.0
4.369570255279541	0.0	0.0	6.2008185386657715	6.593230724334717	0.0	6.913048267364502	0.0	0.0	0.0	0.0	0.0	4.659109115600586	0.0	4.336578845977783	0.0	0.0	0.0	0.0	4.542745590209961	0.0	3.699273109436035	0.0	0.0	0.0	0.0	0.0	0.0	0.0	0.0	0.0	0.0	0.0	0.0	0.0	0.0	0.0	0.0	6.448172092437744	5.325303554534912	4.471094131469727	5.221912384033203	5.469588279724121	0.0	6.154693126678467	5.442886829376221	5.106149673461914	5.99683952331543	0.0	0.0	0.0	5.665640354156494	0.0	0.0	0.0	0.0	0.0	5.190462589263916	0.0	0.0	0.0	5.163463592529297	0.0	0.0
4.2832112312316895	0.0	0.0	6.098787307739258	6.488397598266602	0.0	6.795701026916504	0.0	0.0	0.0	0.0	0.0	4.578624248504639	0.0	4.253025531768799	0.0	0.0	0.0	0.0	4.457797050476074	0.0	3.6269690990448	0.0	0.0	0.0	0.0	0.0	0.0	0.0	0.0	0.0	0.0	0.0	0.0	0.0	0.0	0.0	0.0	6.337012767791748	5.232924461364746	4.397494792938232	5.13090181350708	5.377570152282715	0.0	6.042210578918457	5.352269172668457	5.01509428024292	5.90122652053833	0.0	0.0	0.0	5.569240570068359	0.0	0.0	0.0	0.0	0.0	5.1007537841796875	0.0	0.0	0.0	5.073915481567383	0.0	0.0
4.309176921844482	0.0	0.0	6.1377434730529785	6.527359485626221	0.0	6.839664459228516	0.0	0.0	0.0	0.0	0.0	4.610264301300049	0.0	4.280509948730469	0.0	0.0	0.0	0.0	4.488915920257568	0.0	3.6530513763427734	0.0	0.0	0.0	0.0	0.0	0.0	0.0	0.0	0.0	0.0	0.0	0.0	0.0	0.0	0.0	0.0	6.377498149871826	5.2667236328125	4.421304702758789	5.164315223693848	5.4107747077941895	0.0	6.089183807373047	5.389899730682373	5.051834583282471	5.937107086181641	0.0	0.0	0.0	5.609653472900391	0.0	0.0	0.0	0.0	0.0	5.130113124847412	0.0	0.0	0.0	5.1060004234313965	0.0	0.0
4.305181980133057	0.0	0.0	6.132994174957275	6.5205159187316895	0.0	6.825787544250488	0.0	0.0	0.0	0.0	0.0	4.604402542114258	0.0	4.279282569885254	0.0	0.0	0.0	0.0	4.485566139221191	0.0	3.6476080417633057	0.0	0.0	0.0	0.0	0.0	0.0	0.0	0.0	0.0	0.0	0.0	0.0	0.0	0.0	0.0	0.0	6.3708815574646	5.260836124420166	4.417979717254639	5.158903121948242	5.4070258140563965	0.0	6.0731682777404785	5.381240367889404	5.040551662445068	5.933019161224365	0.0	0.0	0.0	5.602872371673584	0.0	0.0	0.0	0.0	0.0	5.129797458648682	0.0	0.0	0.0	5.101086616516113	0.0	0.0
4.406866073608398	0.0	0.0	6.244964599609375	6.641819477081299	0.0	6.9601874351501465	0.0	0.0	0.0	0.0	0.0	4.699457168579102	0.0	4.3799848556518555	0.0	0.0	0.0	0.0	4.582192420959473	0.0	3.7310333251953125	0.0	0.0	0.0	0.0	0.0	0.0	0.0	0.0	0.0	0.0	0.0	0.0	0.0	0.0	0.0	0.0	6.498091220855713	5.369113445281982	4.504348278045654	5.263739109039307	5.5100884437561035	0.0	6.204697132110596	5.489798545837402	5.152688980102539	6.0305328369140625	0.0	0.0	0.0	5.709815979003906	0.0	0.0	0.0	0.0	0.0	5.240980625152588	0.0	0.0	0.0	5.210882186889648	0.0	0.0
4.397747993469238	0.0	0.0	6.2346367835998535	6.62589693069458	0.0	6.952418327331543	0.0	0.0	0.0	0.0	0.0	4.693023204803467	0.0	4.368813514709473	0.0	0.0	0.0	0.0	4.574888229370117	0.0	3.732262372970581	0.0	0.0	0.0	0.0	0.0	0.0	0.0	0.0	0.0	0.0	0.0	0.0	0.0	0.0	0.0	0.0	6.488655090332031	5.360448360443115	4.494042873382568	5.255745887756348	5.50277042388916	0.0	6.185586929321289	5.477400779724121	5.141082763671875	6.032571315765381	0.0	0.0	0.0	5.708374977111816	0.0	0.0	0.0	0.0	0.0	5.227719306945801	0.0	0.0	0.0	5.196129322052002	0.0	0.0
4.258691787719727	0.0	0.0	6.044278621673584	6.437254428863525	0.0	6.746120929718018	0.0	0.0	0.0	0.0	0.0	4.552001476287842	0.0	4.22634220123291	0.0	0.0	0.0	0.0	4.427159786224365	0.0	3.601696491241455	0.0	0.0	0.0	0.0	0.0	0.0	0.0	0.0	0.0	0.0	0.0	0.0	0.0	0.0	0.0	0.0	6.299147129058838	5.201338768005371	4.362182140350342	5.104454040527344	5.344293117523193	0.0	6.002047061920166	5.31665563583374	4.980109214782715	5.862502574920654	0.0	0.0	0.0	5.5365118980407715	0.0	0.0	0.0	0.0	0.0	5.068281650543213	0.0	0.0	0.0	5.047433853149414	0.0	0.0
4.129636287689209	0.0	0.0	5.898312091827393	6.273369312286377	0.0	6.570045471191406	0.0	0.0	0.0	0.0	0.0	4.413705825805664	0.0	4.0981597900390625	0.0	0.0	0.0	0.0	4.299923419952393	0.0	3.491797924041748	0.0	0.0	0.0	0.0	0.0	0.0	0.0	0.0	0.0	0.0	0.0	0.0	0.0	0.0	0.0	0.0	6.12746000289917	5.056058406829834	4.244107723236084	4.953798770904541	5.1903767585754395	0.0	5.837645530700684	5.170082092285156	4.838579177856445	5.711677074432373	0.0	0.0	0.0	5.382585048675537	0.0	0.0	0.0	0.0	0.0	4.920849323272705	0.0	0.0	0.0	4.899074077606201	0.0	0.0
4.272785186767578	0.0	0.0	6.088513374328613	6.471240997314453	0.0	6.779046535491943	0.0	0.0	0.0	0.0	0.0	4.566858768463135	0.0	4.245753765106201	0.0	0.0	0.0	0.0	4.4485182762146	0.0	3.619288682937622	0.0	0.0	0.0	0.0	0.0	0.0	0.0	0.0	0.0	0.0	0.0	0.0	0.0	0.0	0.0	0.0	6.325045585632324	5.223864555358887	4.385505199432373	5.1207709312438965	5.365877151489258	0.0	6.029130935668945	5.339814186096191	5.003500938415527	5.888836860656738	0.0	0.0	0.0	5.561305999755859	0.0	0.0	0.0	0.0	0.0	5.0906453132629395	0.0	0.0	0.0	5.0653910636901855	0.0	0.0
4.083305358886719	0.0	0.0	5.841301918029785	6.212306022644043	0.0	6.5021257400512695	0.0	0.0	0.0	0.0	0.0	4.3683576583862305	0.0	4.052934646606445	0.0	0.0	0.0	0.0	4.254663467407227	0.0	3.4495327472686768	0.0	0.0	0.0	0.0	0.0	0.0	0.0	0.0	0.0	0.0	0.0	0.0	0.0	0.0	0.0	0.0	6.067575454711914	5.002593994140625	4.201096534729004	4.90248441696167	5.138164520263672	0.0	5.777771949768066	5.118056774139404	4.786894798278809	5.655002593994141	0.0	0.0	0.0	5.329753398895264	0.0	0.0	0.0	0.0	0.0	4.871095657348633	0.0	0.0	0.0	4.8464741706848145	0.0	0.0
4.899930477142334	0.0	0.0	6.815062522888184	7.1841511726379395	0.0	7.525376796722412	0.0	0.0	0.0	0.0	0.0	5.205760955810547	0.0	4.947381973266602	0.0	0.0	0.0	0.0	5.021804332733154	0.0	4.238191604614258	0.0	0.0	0.0	0.0	0.0	0.0	0.0	0.0	0.0	0.0	0.0	0.0	0.0	0.0	0.0	0.0	7.074419021606445	5.959470748901367	4.856181621551514	5.8498921394348145	6.04793643951416	0.0	6.727529048919678	5.976222991943359	5.625539779663086	6.616155624389648	0.0	0.0	0.0	6.264225482940674	0.0	0.0	0.0	0.0	0.0	5.821094512939453	0.0	0.0	0.0	5.755769729614258	0.0	0.0
4.350714206695557	0.0	0.0	6.179600715637207	6.570138931274414	0.0	6.8896870613098145	0.0	0.0	0.0	0.0	0.0	4.648669242858887	0.0	4.321052074432373	0.0	0.0	0.0	0.0	4.530191421508789	0.0	3.6869609355926514	0.0	0.0	0.0	0.0	0.0	0.0	0.0	0.0	0.0	0.0	0.0	0.0	0.0	0.0	0.0	0.0	6.431026458740234	5.311303615570068	4.4544901847839355	5.208944797515869	5.4544196128845215	0.0	6.129255771636963	5.429293155670166	5.090179443359375	5.977229595184326	0.0	0.0	0.0	5.65134859085083	0.0	0.0	0.0	0.0	0.0	5.176807403564453	0.0	0.0	0.0	5.153458595275879	0.0	0.0
4.312584400177002	0.0	0.0	6.1130571365356445	6.504794597625732	0.0	6.819358825683594	0.0	0.0	0.0	0.0	0.0	4.60272216796875	0.0	4.284799575805664	0.0	0.0	0.0	0.0	4.480504035949707	0.0	3.650038719177246	0.0	0.0	0.0	0.0	0.0	0.0	0.0	0.0	0.0	0.0	0.0	0.0	0.0	0.0	0.0	0.0	6.368058204650879	5.258316516876221	4.407466888427734	5.15833044052124	5.4060187339782715	0.0	6.074989318847656	5.383652210235596	5.040339946746826	5.920483112335205	0.0	0.0	0.0	5.5996413230896	0.0	0.0	0.0	0.0	0.0	5.125857353210449	0.0	0.0	0.0	5.103460788726807	0.0	0.0
4.405903339385986	0.0	0.0	6.233280658721924	6.628752708435059	0.0	6.95138692855835	0.0	0.0	0.0	0.0	0.0	4.689250946044922	0.0	4.379292011260986	0.0	0.0	0.0	0.0	4.576316833496094	0.0	3.7293055057525635	0.0	0.0	0.0	0.0	0.0	0.0	0.0	0.0	0.0	0.0	0.0	0.0	0.0	0.0	0.0	0.0	6.4966206550598145	5.360787868499756	4.49313497543335	5.259521961212158	5.510342121124268	0.0	6.189001083374023	5.481210231781006	5.146708011627197	6.027491092681885	0.0	0.0	0.0	5.705872058868408	0.0	0.0	0.0	0.0	0.0	5.2301106452941895	0.0	0.0	0.0	5.202785968780518	0.0	0.0
4.288356781005859	0.0	0.0	6.094942569732666	6.482151031494141	0.0	6.795135498046875	0.0	0.0	0.0	0.0	0.0	4.581091403961182	0.0	4.259713172912598	0.0	0.0	0.0	0.0	4.460916519165039	0.0	3.6282713413238525	0.0	0.0	0.0	0.0	0.0	0.0	0.0	0.0	0.0	0.0	0.0	0.0	0.0	0.0	0.0	0.0	6.33966064453125	5.236633777618408	4.389373302459717	5.130885124206543	5.378981113433838	0.0	6.046280860900879	5.357913494110107	5.018197059631348	5.902587413787842	0.0	0.0	0.0	5.573696136474609	0.0	0.0	0.0	0.0	0.0	5.09938907623291	0.0	0.0	0.0	5.081301689147949	0.0	0.0
4.2732439041137695	0.0	0.0	6.09575891494751	6.463993549346924	0.0	6.764261722564697	0.0	0.0	0.0	0.0	0.0	4.568654537200928	0.0	4.273919582366943	0.0	0.0	0.0	0.0	4.4388957023620605	0.0	3.632939577102661	0.0	0.0	0.0	0.0	0.0	0.0	0.0	0.0	0.0	0.0	0.0	0.0	0.0	0.0	0.0	0.0	6.320511341094971	5.241969585418701	4.362953186035156	5.132715702056885	5.365718364715576	0.0	6.013159275054932	5.330687522888184	4.98922061920166	5.894217014312744	0.0	0.0	0.0	5.5606369972229	0.0	0.0	0.0	0.0	0.0	5.100621700286865	0.0	0.0	0.0	5.0788254737854	0.0	0.0
4.502448081970215	0.0	0.0	6.3329854011535645	6.745955467224121	0.0	7.084744930267334	0.0	0.0	0.0	0.0	0.0	4.802051067352295	0.0	4.468055248260498	0.0	0.0	0.0	0.0	4.673717021942139	0.0	3.818256139755249	0.0	0.0	0.0	0.0	0.0	0.0	0.0	0.0	0.0	0.0	0.0	0.0	0.0	0.0	0.0	0.0	6.62306547164917	5.4813456535339355	4.5767412185668945	5.375951290130615	5.630042552947998	0.0	6.324821472167969	5.600099563598633	5.261565685272217	6.142555236816406	0.0	0.0	0.0	5.817330837249756	0.0	0.0	0.0	0.0	0.0	5.339334487915039	0.0	0.0	0.0	5.3171491622924805	0.0	0.0
4.800516128540039	0.0	0.0	6.716114521026611	7.138854503631592	0.0	7.483922481536865	0.0	0.0	0.0	0.0	0.0	5.1064772605896	0.0	4.760705471038818	0.0	0.0	0.0	0.0	5.001230239868164	0.0	4.0877790451049805	0.0	0.0	0.0	0.0	0.0	0.0	0.0	0.0	0.0	0.0	0.0	0.0	0.0	0.0	0.0	0.0	7.0115885734558105	5.794157981872559	4.866281032562256	5.702483654022217	5.967532157897949	0.0	6.704288482666016	5.9148101806640625	5.5900115966796875	6.4858717918396	0.0	0.0	0.0	6.16581916809082	0.0	0.0	0.0	0.0	0.0	5.677676200866699	0.0	0.0	0.0	5.646056175231934	0.0	0.0
4.343319416046143	0.0	0.0	6.177433490753174	6.579364776611328	0.0	6.877042770385742	0.0	0.0	0.0	0.0	0.0	4.647510051727295	0.0	4.310938358306885	0.0	0.0	0.0	0.0	4.536937236785889	0.0	3.6743087768554688	0.0	0.0	0.0	0.0	0.0	0.0	0.0	0.0	0.0	0.0	0.0	0.0	0.0	0.0	0.0	0.0	6.421281337738037	5.300785541534424	4.459105968475342	5.199808120727539	5.4611663818359375	0.0	6.130127429962158	5.434586524963379	5.094386577606201	5.980877876281738	0.0	0.0	0.0	5.653367519378662	0.0	0.0	0.0	0.0	0.0	5.174123764038086	0.0	0.0	0.0	5.149653911590576	0.0	0.0
4.381677627563477	0.0	0.0	6.21758508682251	6.61061429977417	0.0	6.927643299102783	0.0	0.0	0.0	0.0	0.0	4.680706977844238	0.0	4.347497940063477	0.0	0.0	0.0	0.0	4.546653747558594	0.0	3.7198636531829834	0.0	0.0	0.0	0.0	0.0	0.0	0.0	0.0	0.0	0.0	0.0	0.0	0.0	0.0	0.0	0.0	6.4613213539123535	5.338752746582031	4.484585285186768	5.239257335662842	5.4792351722717285	0.0	6.169538497924805	5.453481197357178	5.12570333480835	6.014583587646484	0.0	0.0	0.0	5.682969570159912	0.0	0.0	0.0	0.0	0.0	5.206009387969971	0.0	0.0	0.0	5.175078868865967	0.0	0.0
4.294014930725098	0.0	0.0	6.11015510559082	6.5034379959106445	0.0	6.806696891784668	0.0	0.0	0.0	0.0	0.0	4.590870380401611	0.0	4.257660865783691	0.0	0.0	0.0	0.0	4.466747283935547	0.0	3.641343355178833	0.0	0.0	0.0	0.0	0.0	0.0	0.0	0.0	0.0	0.0	0.0	0.0	0.0	0.0	0.0	0.0	6.35070276260376	5.236546516418457	4.406845569610596	5.141290187835693	5.385220527648926	0.0	6.063197135925293	5.35744047164917	5.029272079467773	5.913064479827881	0.0	0.0	0.0	5.5878448486328125	0.0	0.0	0.0	0.0	0.0	5.108333110809326	0.0	0.0	0.0	5.082723617553711	0.0	0.0
4.221280574798584	0.0	0.0	6.0287251472473145	6.411913871765137	0.0	6.715106010437012	0.0	0.0	0.0	0.0	0.0	4.515735149383545	0.0	4.195908069610596	0.0	0.0	0.0	0.0	4.401277542114258	0.0	3.573742628097534	0.0	0.0	0.0	0.0	0.0	0.0	0.0	0.0	0.0	0.0	0.0	0.0	0.0	0.0	0.0	0.0	6.265109539031982	5.167168617248535	4.341723918914795	5.0654401779174805	5.31102991104126	0.0	5.9700727462768555	5.2882080078125	4.953873634338379	5.831101894378662	0.0	0.0	0.0	5.505156517028809	0.0	0.0	0.0	0.0	0.0	5.031410217285156	0.0	0.0	0.0	5.014074325561523	0.0	0.0
4.904753684997559	0.0	0.0	6.813012599945068	7.246374130249023	0.0	7.621047019958496	0.0	0.0	0.0	0.0	0.0	5.209618091583252	0.0	4.880197048187256	0.0	0.0	0.0	0.0	5.077603816986084	0.0	4.192047595977783	0.0	0.0	0.0	0.0	0.0	0.0	0.0	0.0	0.0	0.0	0.0	0.0	0.0	0.0	0.0	0.0	7.138911247253418	5.907088756561279	4.950460433959961	5.804718017578125	6.054827690124512	0.0	6.8423662185668945	6.0220537185668945	5.704314708709717	6.57887077331543	0.0	0.0	0.0	6.279155731201172	0.0	0.0	0.0	0.0	0.0	5.787237644195557	0.0	0.0	0.0	5.737859725952148	0.0	0.0
4.327468395233154	0.0	0.0	6.148921489715576	6.537557125091553	0.0	6.848422050476074	0.0	0.0	0.0	0.0	0.0	4.6191325187683105	0.0	4.295836448669434	0.0	0.0	0.0	0.0	4.501690864562988	0.0	3.6588997840881348	0.0	0.0	0.0	0.0	0.0	0.0	0.0	0.0	0.0	0.0	0.0	0.0	0.0	0.0	0.0	0.0	6.392244338989258	5.281628131866455	4.43104887008667	5.178157806396484	5.4263081550598145	0.0	6.090352535247803	5.399527072906494	5.06003475189209	5.95151424407959	0.0	0.0	0.0	5.6222453117370605	0.0	0.0	0.0	0.0	0.0	5.1483154296875	0.0	0.0	0.0	5.120121479034424	0.0	0.0
5.068942070007324	0.0	0.0	6.95532751083374	7.373863220214844	0.0	7.7480597496032715	0.0	0.0	0.0	0.0	0.0	5.363664627075195	0.0	5.070400238037109	0.0	0.0	0.0	0.0	5.189603805541992	0.0	4.369147777557373	0.0	0.0	0.0	0.0	0.0	0.0	0.0	0.0	0.0	0.0	0.0	0.0	0.0	0.0	0.0	0.0	7.272090435028076	6.090017318725586	5.020846843719482	5.96564245223999	6.209406852722168	0.0	6.9708404541015625	6.143985748291016	5.815540790557861	6.729331970214844	0.0	0.0	0.0	6.4224982261657715	0.0	0.0	0.0	0.0	0.0	5.968169689178467	0.0	0.0	0.0	5.907689094543457	0.0	0.0
4.173501014709473	0.0	0.0	5.9669952392578125	6.344304084777832	0.0	6.643557071685791	0.0	0.0	0.0	0.0	0.0	4.4682087898254395	0.0	4.14652156829834	0.0	0.0	0.0	0.0	4.34904670715332	0.0	3.5318000316619873	0.0	0.0	0.0	0.0	0.0	0.0	0.0	0.0	0.0	0.0	0.0	0.0	0.0	0.0	0.0	0.0	6.197398662567139	5.11298942565918	4.294190406799316	5.0140838623046875	5.251891136169434	0.0	5.904489040374756	5.228981971740723	4.895331382751465	5.774512767791748	0.0	0.0	0.0	5.44739294052124	0.0	0.0	0.0	0.0	0.0	4.979346752166748	0.0	0.0	0.0	4.9533305168151855	0.0	0.0
4.222982883453369	0.0	0.0	6.023062229156494	6.405450820922852	0.0	6.708103656768799	0.0	0.0	0.0	0.0	0.0	4.513917446136475	0.0	4.196484088897705	0.0	0.0	0.0	0.0	4.393762588500977	0.0	3.571730375289917	0.0	0.0	0.0	0.0	0.0	0.0	0.0	0.0	0.0	0.0	0.0	0.0	0.0	0.0	0.0	0.0	6.258512496948242	5.168548107147217	4.334604263305664	5.0641984939575195	5.306939125061035	0.0	5.963521957397461	5.280240535736084	4.942900657653809	5.830362319946289	0.0	0.0	0.0	5.4983954429626465	0.0	0.0	0.0	0.0	0.0	5.030094146728516	0.0	0.0	0.0	5.007480144500732	0.0	0.0
4.279484272003174	0.0	0.0	6.096745491027832	6.483219623565674	0.0	6.7903265953063965	0.0	0.0	0.0	0.0	0.0	4.57535457611084	0.0	4.250752925872803	0.0	0.0	0.0	0.0	4.4587836265563965	0.0	3.6246562004089355	0.0	0.0	0.0	0.0	0.0	0.0	0.0	0.0	0.0	0.0	0.0	0.0	0.0	0.0	0.0	0.0	6.334939956665039	5.2299113273620605	4.391335964202881	5.127458095550537	5.3731489181518555	0.0	6.040868759155273	5.348456859588623	5.010684013366699	5.898995399475098	0.0	0.0	0.0	5.574350833892822	0.0	0.0	0.0	0.0	0.0	5.095104217529297	0.0	0.0	0.0	5.074803829193115	0.0	0.0
4.340843677520752	0.0	0.0	6.1745076179504395	6.569706916809082	0.0	6.879652500152588	0.0	0.0	0.0	0.0	0.0	4.6422271728515625	0.0	4.309279441833496	0.0	0.0	0.0	0.0	4.529189109802246	0.0	3.6804795265197754	0.0	0.0	0.0	0.0	0.0	0.0	0.0	0.0	0.0	0.0	0.0	0.0	0.0	0.0	0.0	0.0	6.4215850830078125	5.3004679679870605	4.454758167266846	5.200811386108398	5.452020168304443	0.0	6.123687267303467	5.42642068862915	5.086272716522217	5.973335266113281	0.0	0.0	0.0	5.6460957527160645	0.0	0.0	0.0	0.0	0.0	5.164535999298096	0.0	0.0	0.0	5.140620708465576	0.0	0.0
4.299474716186523	0.0	0.0	6.123400688171387	6.505640029907227	0.0	6.81925630569458	0.0	0.0	0.0	0.0	0.0	4.5930328369140625	0.0	4.26797342300415	0.0	0.0	0.0	0.0	4.475392818450928	0.0	3.648622989654541	0.0	0.0	0.0	0.0	0.0	0.0	0.0	0.0	0.0	0.0	0.0	0.0	0.0	0.0	0.0	0.0	6.355678558349609	5.249423503875732	4.4105401039123535	5.146630764007568	5.387387275695801	0.0	6.063995361328125	5.364224433898926	5.031827449798584	5.924803256988525	0.0	0.0	0.0	5.590014457702637	0.0	0.0	0.0	0.0	0.0	5.114041328430176	0.0	0.0	0.0	5.086487293243408	0.0	0.0
4.298162937164307	0.0	0.0	6.116805076599121	6.504624366760254	0.0	6.819246292114258	0.0	0.0	0.0	0.0	0.0	4.593214511871338	0.0	4.270842552185059	0.0	0.0	0.0	0.0	4.472392559051514	0.0	3.639843463897705	0.0	0.0	0.0	0.0	0.0	0.0	0.0	0.0	0.0	0.0	0.0	0.0	0.0	0.0	0.0	0.0	6.356984615325928	5.24858283996582	4.40342903137207	5.144744396209717	5.390085220336914	0.0	6.060929775238037	5.366259574890137	5.028322219848633	5.918591499328613	0.0	0.0	0.0	5.590815544128418	0.0	0.0	0.0	0.0	0.0	5.116400241851807	0.0	0.0	0.0	5.088926792144775	0.0	0.0
4.2999701499938965	0.0	0.0	6.117055892944336	6.495944976806641	0.0	6.800304412841797	0.0	0.0	0.0	0.0	0.0	4.593951225280762	0.0	4.282968521118164	0.0	0.0	0.0	0.0	4.461716175079346	0.0	3.6538283824920654	0.0	0.0	0.0	0.0	0.0	0.0	0.0	0.0	0.0	0.0	0.0	0.0	0.0	0.0	0.0	0.0	6.345986366271973	5.257967948913574	4.386218547821045	5.15228796005249	5.390050888061523	0.0	6.045229434967041	5.360642910003662	5.015786647796631	5.9247331619262695	0.0	0.0	0.0	5.58983039855957	0.0	0.0	0.0	0.0	0.0	5.127748966217041	0.0	0.0	0.0	5.095280170440674	0.0	0.0
4.283677577972412	0.0	0.0	6.09766960144043	6.479463577270508	0.0	6.79171085357666	0.0	0.0	0.0	0.0	0.0	4.5774006843566895	0.0	4.254227161407471	0.0	0.0	0.0	0.0	4.46057653427124	0.0	3.630474805831909	0.0	0.0	0.0	0.0	0.0	0.0	0.0	0.0	0.0	0.0	0.0	0.0	0.0	0.0	0.0	0.0	6.338525772094727	5.233029842376709	4.391683101654053	5.128481864929199	5.376986980438232	0.0	6.040261268615723	5.348135948181152	5.0159196853637695	5.900433540344238	0.0	0.0	0.0	5.570868015289307	0.0	0.0	0.0	0.0	0.0	5.097675323486328	0.0	0.0	0.0	5.0743794441223145	0.0	0.0
4.417623043060303	0.0	0.0	6.2465128898620605	6.640354633331299	0.0	6.969526767730713	0.0	0.0	0.0	0.0	0.0	4.7106733322143555	0.0	4.388763427734375	0.0	0.0	0.0	0.0	4.597507953643799	0.0	3.738757371902466	0.0	0.0	0.0	0.0	0.0	0.0	0.0	0.0	0.0	0.0	0.0	0.0	0.0	0.0	0.0	0.0	6.5091023445129395	5.379098892211914	4.511205196380615	5.270027160644531	5.51682710647583	0.0	6.2162909507751465	5.500406742095947	5.161740303039551	6.043959140777588	0.0	0.0	0.0	5.726140022277832	0.0	0.0	0.0	0.0	0.0	5.240981578826904	0.0	0.0	0.0	5.221070289611816	0.0	0.0
4.329893112182617	0.0	0.0	6.163059234619141	6.55125617980957	0.0	6.863880634307861	0.0	0.0	0.0	0.0	0.0	4.629894256591797	0.0	4.298007488250732	0.0	0.0	0.0	0.0	4.508598327636719	0.0	3.6707303524017334	0.0	0.0	0.0	0.0	0.0	0.0	0.0	0.0	0.0	0.0	0.0	0.0	0.0	0.0	0.0	0.0	6.403923511505127	5.2903618812561035	4.441516876220703	5.190800189971924	5.433896541595459	0.0	6.104718208312988	5.40975284576416	5.069629192352295	5.964438438415527	0.0	0.0	0.0	5.632595062255859	0.0	0.0	0.0	0.0	0.0	5.15688419342041	0.0	0.0	0.0	5.129996299743652	0.0	0.0
4.385438919067383	0.0	0.0	6.214547634124756	6.61037540435791	0.0	6.930158615112305	0.0	0.0	0.0	0.0	0.0	4.681019306182861	0.0	4.355050563812256	0.0	0.0	0.0	0.0	4.560117721557617	0.0	3.7139644622802734	0.0	0.0	0.0	0.0	0.0	0.0	0.0	0.0	0.0	0.0	0.0	0.0	0.0	0.0	0.0	0.0	6.469593048095703	5.344177722930908	4.476983547210693	5.239046573638916	5.484598159790039	0.0	6.172832489013672	5.467823028564453	5.122848987579346	6.019408226013184	0.0	0.0	0.0	5.687889099121094	0.0	0.0	0.0	0.0	0.0	5.208578586578369	0.0	0.0	0.0	5.181237697601318	0.0	0.0
4.214494705200195	0.0	0.0	6.017454147338867	6.394730567932129	0.0	6.69748067855835	0.0	0.0	0.0	0.0	0.0	4.505046844482422	0.0	4.185335636138916	0.0	0.0	0.0	0.0	4.38859224319458	0.0	3.563325881958008	0.0	0.0	0.0	0.0	0.0	0.0	0.0	0.0	0.0	0.0	0.0	0.0	0.0	0.0	0.0	0.0	6.246834754943848	5.156131267547607	4.328186511993408	5.055417060852051	5.297333240509033	0.0	5.952510356903076	5.273936748504639	4.935769557952881	5.819964408874512	0.0	0.0	0.0	5.493484020233154	0.0	0.0	0.0	0.0	0.0	5.022949695587158	0.0	0.0	0.0	5.000489234924316	0.0	0.0
4.402320384979248	0.0	0.0	6.254859447479248	6.653567314147949	0.0	6.970898628234863	0.0	0.0	0.0	0.0	0.0	4.705594539642334	0.0	4.371140480041504	0.0	0.0	0.0	0.0	4.594413757324219	0.0	3.7308125495910645	0.0	0.0	0.0	0.0	0.0	0.0	0.0	0.0	0.0	0.0	0.0	0.0	0.0	0.0	0.0	0.0	6.503121852874756	5.366924285888672	4.5155839920043945	5.269659996032715	5.524014472961426	0.0	6.215768814086914	5.50048828125	5.155432224273682	6.054357528686523	0.0	0.0	0.0	5.720240592956543	0.0	0.0	0.0	0.0	0.0	5.238735675811768	0.0	0.0	0.0	5.214476108551025	0.0	0.0
4.312090873718262	0.0	0.0	6.1373395919799805	6.527976989746094	0.0	6.841433048248291	0.0	0.0	0.0	0.0	0.0	4.608771324157715	0.0	4.285423755645752	0.0	0.0	0.0	0.0	4.491061210632324	0.0	3.653939723968506	0.0	0.0	0.0	0.0	0.0	0.0	0.0	0.0	0.0	0.0	0.0	0.0	0.0	0.0	0.0	0.0	6.381956577301025	5.269411087036133	4.4220967292785645	5.165633201599121	5.408094882965088	0.0	6.085179328918457	5.389648914337158	5.051212310791016	5.942070484161377	0.0	0.0	0.0	5.607492923736572	0.0	0.0	0.0	0.0	0.0	5.133444786071777	0.0	0.0	0.0	5.111190319061279	0.0	0.0
4.2241902351379395	0.0	0.0	6.026839256286621	6.407873630523682	0.0	6.711458683013916	0.0	0.0	0.0	0.0	0.0	4.518511772155762	0.0	4.199202060699463	0.0	0.0	0.0	0.0	4.3987250328063965	0.0	3.575362205505371	0.0	0.0	0.0	0.0	0.0	0.0	0.0	0.0	0.0	0.0	0.0	0.0	0.0	0.0	0.0	0.0	6.261197090148926	5.166162967681885	4.338333606719971	5.06669807434082	5.309299945831299	0.0	5.962834358215332	5.284360885620117	4.949037551879883	5.835565090179443	0.0	0.0	0.0	5.5054192543029785	0.0	0.0	0.0	0.0	0.0	5.032376766204834	0.0	0.0	0.0	5.010079860687256	0.0	0.0
4.889925003051758	0.0	0.0	6.815090656280518	7.2390360832214355	0.0	7.587191104888916	0.0	0.0	0.0	0.0	0.0	5.238064765930176	0.0	4.8522491455078125	0.0	0.0	0.0	0.0	5.131834983825684	0.0	4.207486629486084	0.0	0.0	0.0	0.0	0.0	0.0	0.0	0.0	0.0	0.0	0.0	0.0	0.0	0.0	0.0	0.0	7.120989799499512	5.873396396636963	4.9839677810668945	5.801055908203125	6.063621997833252	0.0	6.829569339752197	6.011266231536865	5.729224681854248	6.558821678161621	0.0	0.0	0.0	6.268096923828125	0.0	0.0	0.0	0.0	0.0	5.764861583709717	0.0	0.0	0.0	5.755852222442627	0.0	0.0
4.293674468994141	0.0	0.0	6.112615585327148	6.503323078155518	0.0	6.80881404876709	0.0	0.0	0.0	0.0	0.0	4.58863639831543	0.0	4.265101909637451	0.0	0.0	0.0	0.0	4.471164226531982	0.0	3.6359169483184814	0.0	0.0	0.0	0.0	0.0	0.0	0.0	0.0	0.0	0.0	0.0	0.0	0.0	0.0	0.0	0.0	6.352696418762207	5.2436604499816895	4.407481670379639	5.142318248748779	5.392800807952881	0.0	6.055850505828857	5.367190361022949	5.029191493988037	5.918156623840332	0.0	0.0	0.0	5.589609146118164	0.0	0.0	0.0	0.0	0.0	5.112174987792969	0.0	0.0	0.0	5.0840044021606445	0.0	0.0
4.218791961669922	0.0	0.0	6.023038387298584	6.4000420570373535	0.0	6.7027974128723145	0.0	0.0	0.0	0.0	0.0	4.512495040893555	0.0	4.191622257232666	0.0	0.0	0.0	0.0	4.391485691070557	0.0	3.5722908973693848	0.0	0.0	0.0	0.0	0.0	0.0	0.0	0.0	0.0	0.0	0.0	0.0	0.0	0.0	0.0	0.0	6.255560874938965	5.164348602294922	4.333227634429932	5.061358451843262	5.301843643188477	0.0	5.9597487449646	5.278592586517334	4.941112518310547	5.8295183181762695	0.0	0.0	0.0	5.498558044433594	0.0	0.0	0.0	0.0	0.0	5.028689861297607	0.0	0.0	0.0	5.005150318145752	0.0	0.0
4.302090644836426	0.0	0.0	6.118556976318359	6.4968438148498535	0.0	6.811316967010498	0.0	0.0	0.0	0.0	0.0	4.597407341003418	0.0	4.290349006652832	0.0	0.0	0.0	0.0	4.4644083976745605	0.0	3.6493797302246094	0.0	0.0	0.0	0.0	0.0	0.0	0.0	0.0	0.0	0.0	0.0	0.0	0.0	0.0	0.0	0.0	6.359186172485352	5.269093036651611	4.398095607757568	5.164802551269531	5.399260997772217	0.0	6.053317546844482	5.364349842071533	5.027350902557373	5.930243968963623	0.0	0.0	0.0	5.591483116149902	0.0	0.0	0.0	0.0	0.0	5.127109527587891	0.0	0.0	0.0	5.106120586395264	0.0	0.0
4.371949672698975	0.0	0.0	6.212333679199219	6.608774662017822	0.0	6.92488956451416	0.0	0.0	0.0	0.0	0.0	4.676973342895508	0.0	4.351141452789307	0.0	0.0	0.0	0.0	4.547116279602051	0.0	3.7156362533569336	0.0	0.0	0.0	0.0	0.0	0.0	0.0	0.0	0.0	0.0	0.0	0.0	0.0	0.0	0.0	0.0	6.4574480056762695	5.342666149139404	4.476638317108154	5.235261917114258	5.483860492706299	0.0	6.162163257598877	5.451834201812744	5.1179046630859375	6.004862308502197	0.0	0.0	0.0	5.680731773376465	0.0	0.0	0.0	0.0	0.0	5.208948612213135	0.0	0.0	0.0	5.180117607116699	0.0	0.0
4.314302444458008	0.0	0.0	6.139621734619141	6.528682708740234	0.0	6.837423324584961	0.0	0.0	0.0	0.0	0.0	4.609113693237305	0.0	4.287261486053467	0.0	0.0	0.0	0.0	4.493311405181885	0.0	3.6602542400360107	0.0	0.0	0.0	0.0	0.0	0.0	0.0	0.0	0.0	0.0	0.0	0.0	0.0	0.0	0.0	0.0	6.3847575187683105	5.270572185516357	4.422428131103516	5.168124198913574	5.416723728179932	0.0	6.0844526290893555	5.389599800109863	5.0512375831604	5.9398193359375	0.0	0.0	0.0	5.609976768493652	0.0	0.0	0.0	0.0	0.0	5.1366987228393555	0.0	0.0	0.0	5.112218856811523	0.0	0.0
4.4604716300964355	0.0	0.0	6.295587539672852	6.70794153213501	0.0	7.0265703201293945	0.0	0.0	0.0	0.0	0.0	4.7558979988098145	0.0	4.430551052093506	0.0	0.0	0.0	0.0	4.625968933105469	0.0	3.781344175338745	0.0	0.0	0.0	0.0	0.0	0.0	0.0	0.0	0.0	0.0	0.0	0.0	0.0	0.0	0.0	0.0	6.570937156677246	5.431190490722656	4.5420122146606445	5.316265106201172	5.573132038116455	0.0	6.260284900665283	5.546694755554199	5.201632022857666	6.094120025634766	0.0	0.0	0.0	5.769193172454834	0.0	0.0	0.0	0.0	0.0	5.288257122039795	0.0	0.0	0.0	5.267838001251221	0.0	0.0
4.282130718231201	0.0	0.0	6.101476192474365	6.484062194824219	0.0	6.793306350708008	0.0	0.0	0.0	0.0	0.0	4.575077056884766	0.0	4.252114772796631	0.0	0.0	0.0	0.0	4.457406997680664	0.0	3.626648187637329	0.0	0.0	0.0	0.0	0.0	0.0	0.0	0.0	0.0	0.0	0.0	0.0	0.0	0.0	0.0	0.0	6.338187217712402	5.23073148727417	4.395281791687012	5.127822399139404	5.374173641204834	0.0	6.041681289672852	5.345367431640625	5.015710353851318	5.901907444000244	0.0	0.0	0.0	5.573324680328369	0.0	0.0	0.0	0.0	0.0	5.097814559936523	0.0	0.0	0.0	5.072439193725586	0.0	0.0
4.2557373046875	0.0	0.0	6.062080383300781	6.446707248687744	0.0	6.749954700469971	0.0	0.0	0.0	0.0	0.0	4.547939777374268	0.0	4.2272562980651855	0.0	0.0	0.0	0.0	4.426731109619141	0.0	3.5999045372009277	0.0	0.0	0.0	0.0	0.0	0.0	0.0	0.0	0.0	0.0	0.0	0.0	0.0	0.0	0.0	0.0	6.297986030578613	5.203292369842529	4.366783618927002	5.101080894470215	5.346241474151611	0.0	6.002725601196289	5.318109035491943	4.979098796844482	5.871661186218262	0.0	0.0	0.0	5.541435718536377	0.0	0.0	0.0	0.0	0.0	5.066992282867432	0.0	0.0	0.0	5.047521591186523	0.0	0.0
4.249443054199219	0.0	0.0	6.060580730438232	6.444511890411377	0.0	6.748749732971191	0.0	0.0	0.0	0.0	0.0	4.544687271118164	0.0	4.224212169647217	0.0	0.0	0.0	0.0	4.427472114562988	0.0	3.59619140625	0.0	0.0	0.0	0.0	0.0	0.0	0.0	0.0	0.0	0.0	0.0	0.0	0.0	0.0	0.0	0.0	6.297163486480713	5.199777126312256	4.368224143981934	5.099187850952148	5.339793682098389	0.0	6.001189708709717	5.317808628082275	4.9785075187683105	5.866337299346924	0.0	0.0	0.0	5.5384931564331055	0.0	0.0	0.0	0.0	0.0	5.065810203552246	0.0	0.0	0.0	5.042393684387207	0.0	0.0
4.268013000488281	0.0	0.0	6.074955940246582	6.466042995452881	0.0	6.76996374130249	0.0	0.0	0.0	0.0	0.0	4.562738418579102	0.0	4.239094257354736	0.0	0.0	0.0	0.0	4.440759181976318	0.0	3.6128623485565186	0.0	0.0	0.0	0.0	0.0	0.0	0.0	0.0	0.0	0.0	0.0	0.0	0.0	0.0	0.0	0.0	6.316838264465332	5.215606689453125	4.377527713775635	5.113038539886475	5.359313011169434	0.0	6.022459983825684	5.330965042114258	4.995963096618652	5.8818440437316895	0.0	0.0	0.0	5.553679943084717	0.0	0.0	0.0	0.0	0.0	5.081396102905273	0.0	0.0	0.0	5.0581955909729	0.0	0.0
4.198005199432373	0.0	0.0	5.990748882293701	6.372706413269043	0.0	6.674526691436768	0.0	0.0	0.0	0.0	0.0	4.4900102615356445	0.0	4.171477794647217	0.0	0.0	0.0	0.0	4.3759541511535645	0.0	3.5550413131713867	0.0	0.0	0.0	0.0	0.0	0.0	0.0	0.0	0.0	0.0	0.0	0.0	0.0	0.0	0.0	0.0	6.226426124572754	5.13875150680542	4.316451072692871	5.037781715393066	5.275787353515625	0.0	5.935338973999023	5.258599281311035	4.924215793609619	5.79409122467041	0.0	0.0	0.0	5.472649574279785	0.0	0.0	0.0	0.0	0.0	5.012876987457275	0.0	0.0	0.0	4.979785442352295	0.0	0.0
