3.7403244972229004	0.0	3.352168083190918	0.0	0.0	3.4397521018981934	3.5368380546569824	1.8862038850784302	0.0	0.0	2.992525815963745	2.597923755645752	3.4170007705688477	0.0	0.0	0.0	0.0	3.5538222789764404	3.0426242351531982	2.4479377269744873	0.0	0.0	0.0	3.7274017333984375	0.0	0.0	0.0	0.0	0.0	4.98902702331543	6.888328552246094	2.755471706390381	0.0	0.0	0.0	0.0	0.0	0.0	0.0	5.6300153732299805	0.0	2.415348768234253	0.0	0.0	7.911229133605957	0.0	4.758819580078125	3.070214033126831	2.1677122116088867	1.998153567314148	0.0	0.0	0.0	2.4185400009155273	2.7674946784973145	0.0	3.525543689727783	0.0	0.0	3.6687800884246826	0.0	0.0	0.0	0.0	0.0	0.0	0.0	0.0	0.0	0.0	2.9140443801879883	4.053048133850098	0.0	0.0	0.0	0.0	0.0	0.0	1.3254685401916504	0.0	0.0	2.974930763244629	3.3531336784362793	0.0	2.4419829845428467	1.1860755681991577	0.0	0.0	3.0355796813964844	2.624708414077759	4.798458099365234	0.0	2.6316006183624268	0.0	2.4796321392059326	0.0	0.0	0.0	3.8799028396606445	0.0	0.0	0.0	0.0	0.0	0.0	0.0	2.1383140087127686	4.028348445892334	0.0	0.0	0.0	0.0	0.0	0.0	2.0665252208709717	0.0	0.0	0.0	4.135741233825684	0.0	4.516975402832031	0.0	3.339808464050293	0.0	1.6838629245758057	0.0	0.0	0.0
3.3781723976135254	0.0	3.301212787628174	0.0	0.0	3.5578596591949463	3.472688674926758	1.9029972553253174	0.0	0.0	2.7038025856018066	2.2818264961242676	3.665632486343384	0.0	0.0	0.0	0.0	4.049685955047607	2.9179115295410156	2.529492139816284	0.0	0.0	0.0	3.199801206588745	0.0	0.0	0.0	0.0	0.0	4.732697010040283	6.388430118560791	2.456660032272339	0.0	0.0	0.0	0.0	0.0	0.0	0.0	6.305356025695801	0.0	2.567697763442993	0.0	0.0	7.706297397613525	0.0	4.470843315124512	3.477078437805176	2.218132972717285	2.489884614944458	0.0	0.0	0.0	1.8614393472671509	2.004495620727539	0.0	3.1435720920562744	0.0	0.0	3.692131757736206	0.0	0.0	0.0	0.0	0.0	0.0	0.0	0.0	0.0	0.0	3.3174123764038086	4.265753746032715	0.0	0.0	0.0	0.0	0.0	0.0	1.553816556930542	0.0	0.0	3.142098903656006	3.5756454467773438	0.0	2.176835775375366	0.8858118057250977	0.0	0.0	2.8000717163085938	2.8264143466949463	5.062392711639404	0.0	1.3173264265060425	0.0	2.4143402576446533	0.0	0.0	0.0	3.561694860458374	0.0	0.0	0.0	0.0	0.0	0.0	0.0	2.780477523803711	3.7316629886627197	0.0	0.0	0.0	0.0	0.0	0.0	2.227810859680176	0.0	0.0	0.0	4.832229137420654	0.0	4.94295072555542	0.0	2.9240615367889404	0.0	2.0527963638305664	0.0	0.0	0.0
3.7867698669433594	0.0	3.1329987049102783	0.0	0.0	3.5825788974761963	3.379607915878296	1.8229994773864746	0.0	0.0	2.657928228378296	2.4775917530059814	3.9064877033233643	0.0	0.0	0.0	0.0	3.7210795879364014	3.2710046768188477	2.4960813522338867	0.0	0.0	0.0	3.6803224086761475	0.0	0.0	0.0	0.0	0.0	4.916682720184326	6.657788276672363	2.7993485927581787	0.0	0.0	0.0	0.0	0.0	0.0	0.0	5.819068908691406	0.0	2.4537453651428223	0.0	0.0	7.9168009757995605	0.0	4.411067962646484	3.030794143676758	2.794893741607666	1.9889225959777832	0.0	0.0	0.0	1.8407628536224365	2.2627639770507812	0.0	3.544102907180786	0.0	0.0	3.375319719314575	0.0	0.0	0.0	0.0	0.0	0.0	0.0	0.0	0.0	0.0	2.9484689235687256	4.164428234100342	0.0	0.0	0.0	0.0	0.0	0.0	0.961420476436615	0.0	0.0	3.3659143447875977	3.4697980880737305	0.0	2.438746929168701	0.8324596285820007	0.0	0.0	2.671755790710449	2.789029121398926	5.1437602043151855	0.0	2.4366562366485596	0.0	2.308098316192627	0.0	0.0	0.0	3.614041328430176	0.0	0.0	0.0	0.0	0.0	0.0	0.0	2.6698906421661377	4.077495098114014	0.0	0.0	0.0	0.0	0.0	0.0	2.050687313079834	0.0	0.0	0.0	4.222165584564209	0.0	4.586774826049805	0.0	2.9089725017547607	0.0	1.8097776174545288	0.0	0.0	0.0
3.418480634689331	0.0	2.731259822845459	0.0	0.0	3.5277297496795654	3.915820360183716	2.049240827560425	0.0	0.0	2.6500861644744873	2.741774320602417	4.987783432006836	0.0	0.0	0.0	0.0	3.7671873569488525	3.677513360977173	2.266986608505249	0.0	0.0	0.0	3.6069588661193848	0.0	0.0	0.0	0.0	0.0	5.021076679229736	6.04536247253418	2.7349483966827393	0.0	0.0	0.0	0.0	0.0	0.0	0.0	5.894872665405273	0.0	2.507359266281128	0.0	0.0	7.47027063369751	0.0	4.190507888793945	3.2084438800811768	2.8623554706573486	2.5786991119384766	0.0	0.0	0.0	1.1737785339355469	2.4481377601623535	0.0	3.706108570098877	0.0	0.0	3.574547052383423	0.0	0.0	0.0	0.0	0.0	0.0	0.0	0.0	0.0	0.0	2.8698337078094482	4.147009372711182	0.0	0.0	0.0	0.0	0.0	0.0	0.7934561371803284	0.0	0.0	3.594050884246826	3.6650140285491943	0.0	2.8574984073638916	0.46532952785491943	0.0	0.0	2.69252872467041	3.222302198410034	5.419197082519531	0.0	2.795642852783203	0.0	1.9668420553207397	0.0	0.0	0.0	2.9853768348693848	0.0	0.0	0.0	0.0	0.0	0.0	0.0	3.077484369277954	4.195930004119873	0.0	0.0	0.0	0.0	0.0	0.0	2.630568742752075	0.0	0.0	0.0	4.891575336456299	0.0	4.962552070617676	0.0	2.451930046081543	0.0	2.4393036365509033	0.0	0.0	0.0
3.6086626052856445	0.0	3.7587692737579346	0.0	0.0	3.519331932067871	3.498922109603882	1.6483979225158691	0.0	0.0	2.876063346862793	2.601853609085083	3.246993064880371	0.0	0.0	0.0	0.0	3.879446506500244	2.9645893573760986	2.495156764984131	0.0	0.0	0.0	3.6654043197631836	0.0	0.0	0.0	0.0	0.0	4.951153755187988	6.864933013916016	2.4896419048309326	0.0	0.0	0.0	0.0	0.0	0.0	0.0	5.701420783996582	0.0	2.4641480445861816	0.0	0.0	8.145297050476074	0.0	4.799797058105469	3.1811447143554688	2.0475871562957764	1.813538908958435	0.0	0.0	0.0	2.245131492614746	2.6694509983062744	0.0	3.4967408180236816	0.0	0.0	3.754708766937256	0.0	0.0	0.0	0.0	0.0	0.0	0.0	0.0	0.0	0.0	2.9776718616485596	4.183689594268799	0.0	0.0	0.0	0.0	0.0	0.0	1.4586560726165771	0.0	0.0	3.091360092163086	3.221391201019287	0.0	2.4836583137512207	1.3619636297225952	0.0	0.0	2.74623441696167	2.607686996459961	4.867625713348389	0.0	2.806807041168213	0.0	2.6047468185424805	0.0	0.0	0.0	3.776411533355713	0.0	0.0	0.0	0.0	0.0	0.0	0.0	2.2619247436523438	3.955012798309326	0.0	0.0	0.0	0.0	0.0	0.0	2.0570859909057617	0.0	0.0	0.0	4.217281818389893	0.0	4.9039306640625	0.0	3.496500253677368	0.0	1.6402037143707275	0.0	0.0	0.0
3.3714325428009033	0.0	3.7283663749694824	0.0	0.0	3.43554425239563	3.8579137325286865	1.3379125595092773	0.0	0.0	2.4354772567749023	2.7494330406188965	2.6844494342803955	0.0	0.0	0.0	0.0	3.5733025074005127	3.1404571533203125	1.9890955686569214	0.0	0.0	0.0	3.624001979827881	0.0	0.0	0.0	0.0	0.0	4.862981796264648	6.601797580718994	2.9590365886688232	0.0	0.0	0.0	0.0	0.0	0.0	0.0	5.167303085327148	0.0	2.5888092517852783	0.0	0.0	7.500214099884033	0.0	4.859588146209717	3.0444414615631104	1.7370119094848633	1.3857512474060059	0.0	0.0	0.0	2.369274377822876	2.820711612701416	0.0	3.9177541732788086	0.0	0.0	3.7476181983947754	0.0	0.0	0.0	0.0	0.0	0.0	0.0	0.0	0.0	0.0	3.081350564956665	4.3437180519104	0.0	0.0	0.0	0.0	0.0	0.0	1.8065396547317505	0.0	0.0	3.318814516067505	3.0706210136413574	0.0	2.7516658306121826	1.4826980829238892	0.0	0.0	2.961331844329834	2.6060984134674072	4.467196464538574	0.0	3.6516635417938232	0.0	2.448707342147827	0.0	0.0	0.0	3.6887505054473877	0.0	0.0	0.0	0.0	0.0	0.0	0.0	2.1085293292999268	3.7534055709838867	0.0	0.0	0.0	0.0	0.0	0.0	1.7597229480743408	0.0	0.0	0.0	4.350335121154785	0.0	4.98524808883667	0.0	4.118359565734863	0.0	0.8289618492126465	0.0	0.0	0.0
3.815523624420166	0.0	3.48008131980896	0.0	0.0	3.3543808460235596	3.1888539791107178	1.7590042352676392	0.0	0.0	2.810438632965088	2.4436745643615723	3.485628128051758	0.0	0.0	0.0	0.0	3.462984561920166	2.6858973503112793	2.669119119644165	0.0	0.0	0.0	3.6313297748565674	0.0	0.0	0.0	0.0	0.0	4.799078941345215	6.845139980316162	2.4070332050323486	0.0	0.0	0.0	0.0	0.0	0.0	0.0	5.618683338165283	0.0	2.41225528717041	0.0	0.0	7.937781810760498	0.0	4.520658493041992	3.075788736343384	2.2653770446777344	1.5842857360839844	0.0	0.0	0.0	2.2004761695861816	2.6928348541259766	0.0	3.0970802307128906	0.0	0.0	3.4872918128967285	0.0	0.0	0.0	0.0	0.0	0.0	0.0	0.0	0.0	0.0	3.13551664352417	3.9322800636291504	0.0	0.0	0.0	0.0	0.0	0.0	1.006097674369812	0.0	0.0	2.9225575923919678	3.2148590087890625	0.0	2.1215202808380127	1.1961524486541748	0.0	0.0	2.86037540435791	2.6535911560058594	4.801922798156738	0.0	2.139765977859497	0.0	2.6048452854156494	0.0	0.0	0.0	3.9252467155456543	0.0	0.0	0.0	0.0	0.0	0.0	0.0	2.2597718238830566	3.8158152103424072	0.0	0.0	0.0	0.0	0.0	0.0	2.059934616088867	0.0	0.0	0.0	3.92057466506958	0.0	4.502599716186523	0.0	3.0306284427642822	0.0	1.9115501642227173	0.0	0.0	0.0
3.5676026344299316	0.0	3.539821147918701	0.0	0.0	3.2816483974456787	3.537130117416382	1.739892840385437	0.0	0.0	2.8927156925201416	2.454618453979492	3.4774928092956543	0.0	0.0	0.0	0.0	3.5120861530303955	2.8240890502929688	2.474414825439453	0.0	0.0	0.0	3.6040163040161133	0.0	0.0	0.0	0.0	0.0	4.893257141113281	6.650110244750977	2.8525619506835938	0.0	0.0	0.0	0.0	0.0	0.0	0.0	5.479617595672607	0.0	2.473193645477295	0.0	0.0	7.730088233947754	0.0	4.5428032875061035	3.0636425018310547	2.036409616470337	1.770735502243042	0.0	0.0	0.0	2.0931625366210938	2.4649548530578613	0.0	3.541855573654175	0.0	0.0	3.463992118835449	0.0	0.0	0.0	0.0	0.0	0.0	0.0	0.0	0.0	0.0	3.046081304550171	4.1715922355651855	0.0	0.0	0.0	0.0	0.0	0.0	1.2497626543045044	0.0	0.0	3.139646053314209	3.387195110321045	0.0	2.3554847240448	1.008379340171814	0.0	0.0	3.0147290229797363	2.674102306365967	4.780328273773193	0.0	2.7073092460632324	0.0	2.526245355606079	0.0	0.0	0.0	3.6907272338867188	0.0	0.0	0.0	0.0	0.0	0.0	0.0	2.3565874099731445	3.885206699371338	0.0	0.0	0.0	0.0	0.0	0.0	1.9158236980438232	0.0	0.0	0.0	4.212451457977295	0.0	4.6845784187316895	0.0	3.5148937702178955	0.0	1.4985294342041016	0.0	0.0	0.0
3.949333429336548	0.0	3.3105950355529785	0.0	0.0	3.1344504356384277	2.9772682189941406	1.6402841806411743	0.0	0.0	2.6549618244171143	2.524807929992676	3.3008623123168945	0.0	0.0	0.0	0.0	3.1681134700775146	2.87320876121521	2.294618844985962	0.0	0.0	0.0	3.6516289710998535	0.0	0.0	0.0	0.0	0.0	4.855892658233643	6.926192283630371	2.480731964111328	0.0	0.0	0.0	0.0	0.0	0.0	0.0	5.60654354095459	0.0	3.0771379470825195	0.0	0.0	7.86946439743042	0.0	4.503571033477783	2.992457866668701	2.4678874015808105	1.821998953819275	0.0	0.0	0.0	2.353672981262207	2.869823455810547	0.0	3.314361810684204	0.0	0.0	3.354217767715454	0.0	0.0	0.0	0.0	0.0	0.0	0.0	0.0	0.0	0.0	3.3603169918060303	4.089582920074463	0.0	0.0	0.0	0.0	0.0	0.0	1.037846326828003	0.0	0.0	2.9887635707855225	3.1458232402801514	0.0	2.1982309818267822	1.164029836654663	0.0	0.0	3.1532509326934814	2.7806200981140137	4.778695106506348	0.0	2.4970383644104004	0.0	2.3976144790649414	0.0	0.0	0.0	3.783803939819336	0.0	0.0	0.0	0.0	0.0	0.0	0.0	1.8831385374069214	3.9298574924468994	0.0	0.0	0.0	0.0	0.0	0.0	2.233254909515381	0.0	0.0	0.0	3.7985594272613525	0.0	4.725694179534912	0.0	3.683461904525757	0.0	1.8105617761611938	0.0	0.0	0.0
3.051548957824707	0.0	3.790039539337158	0.0	0.0	3.631016492843628	2.8751914501190186	0.8604780435562134	0.0	0.0	1.9960078001022339	2.925445556640625	1.430945873260498	0.0	0.0	0.0	0.0	4.182361602783203	3.5980989933013916	0.0	0.0	0.0	0.0	3.4849233627319336	0.0	0.0	0.0	0.0	0.0	4.782187461853027	6.861583232879639	2.5662965774536133	0.0	0.0	0.0	0.0	0.0	0.0	0.0	5.6136345863342285	0.0	4.252398490905762	0.0	0.0	7.017205238342285	0.0	5.6301469802856445	4.369385719299316	1.7123926877975464	2.6615192890167236	0.0	0.0	0.0	2.7076785564422607	2.5735020637512207	0.0	3.849928379058838	0.0	0.0	4.079502582550049	0.0	0.0	0.0	0.0	0.0	0.0	0.0	0.0	0.0	0.0	4.229938507080078	5.122887134552002	0.0	0.0	0.0	0.0	0.0	0.0	3.465359687805176	0.0	0.0	3.2449305057525635	2.7543742656707764	0.0	2.8132715225219727	1.760696530342102	0.0	0.0	3.1790270805358887	3.415943145751953	4.430150032043457	0.0	3.2810306549072266	0.0	1.580972671508789	0.0	0.0	0.0	3.800179958343506	0.0	0.0	0.0	0.0	0.0	0.0	0.0	0.5788071751594543	3.152284860610962	0.0	0.0	0.0	0.0	0.0	0.0	2.56258225440979	0.0	0.0	0.0	5.216981887817383	0.0	6.478639602661133	0.0	7.150139331817627	0.0	0.0	0.0	0.0	0.0
3.273020029067993	0.0	3.8033931255340576	0.0	0.0	3.5914032459259033	3.924243927001953	1.2427412271499634	0.0	0.0	2.3534085750579834	2.6930911540985107	2.487666606903076	0.0	0.0	0.0	0.0	3.4589641094207764	3.0093228816986084	1.6626768112182617	0.0	0.0	0.0	3.603268623352051	0.0	0.0	0.0	0.0	0.0	4.804383277893066	6.650081157684326	3.065387725830078	0.0	0.0	0.0	0.0	0.0	0.0	0.0	5.112760543823242	0.0	2.693751573562622	0.0	0.0	7.261249542236328	0.0	4.870553493499756	3.014223337173462	1.6919831037521362	1.3496160507202148	0.0	0.0	0.0	2.2390310764312744	2.6678056716918945	0.0	4.0009894371032715	0.0	0.0	3.5998620986938477	0.0	0.0	0.0	0.0	0.0	0.0	0.0	0.0	0.0	0.0	3.2379825115203857	4.446527481079102	0.0	0.0	0.0	0.0	0.0	0.0	1.9293595552444458	0.0	0.0	3.41652250289917	2.862020254135132	0.0	2.738833427429199	1.4280487298965454	0.0	0.0	2.996321678161621	2.747906446456909	4.466693878173828	0.0	3.684706449508667	0.0	2.3693606853485107	0.0	0.0	0.0	3.669050455093384	0.0	0.0	0.0	0.0	0.0	0.0	0.0	2.243129014968872	3.5682499408721924	0.0	0.0	0.0	0.0	0.0	0.0	1.6387138366699219	0.0	0.0	0.0	4.405709266662598	0.0	4.9799981117248535	0.0	4.301366806030273	0.0	0.6896561980247498	0.0	0.0	0.0
3.5682156085968018	0.0	3.1606180667877197	0.0	0.0	2.781848430633545	3.7752583026885986	1.515346884727478	0.0	0.0	2.891974687576294	2.424893856048584	3.7638802528381348	0.0	0.0	0.0	0.0	3.0122873783111572	2.769707202911377	2.6860883235931396	0.0	0.0	0.0	3.3844075202941895	0.0	0.0	0.0	0.0	0.0	5.0452680587768555	5.94584846496582	3.3371267318725586	0.0	0.0	0.0	0.0	0.0	0.0	0.0	4.9893059730529785	0.0	2.210955858230591	0.0	0.0	7.189329624176025	0.0	4.166621208190918	2.8416481018066406	2.0707242488861084	1.8280245065689087	0.0	0.0	0.0	2.318014144897461	2.9248807430267334	0.0	3.890627861022949	0.0	0.0	3.4366261959075928	0.0	0.0	0.0	0.0	0.0	0.0	0.0	0.0	0.0	0.0	2.753131866455078	4.186760425567627	0.0	0.0	0.0	0.0	0.0	0.0	1.240599513053894	0.0	0.0	3.0910089015960693	3.869135618209839	0.0	2.383932590484619	1.0130810737609863	0.0	0.0	3.3460519313812256	1.9645057916641235	4.269785404205322	0.0	3.096832513809204	0.0	2.599989175796509	0.0	0.0	0.0	3.699460506439209	0.0	0.0	0.0	0.0	0.0	0.0	0.0	2.1213901042938232	4.033539295196533	0.0	0.0	0.0	0.0	0.0	0.0	1.7320375442504883	0.0	0.0	0.0	3.9364867210388184	0.0	4.0991692543029785	0.0	2.6320111751556396	0.0	1.8329415321350098	0.0	0.0	0.0
3.0689477920532227	0.0	3.849830389022827	0.0	0.0	3.5717437267303467	3.72613263130188	1.1855888366699219	0.0	0.0	2.2188174724578857	2.4298958778381348	2.7150957584381104	0.0	0.0	0.0	0.0	4.363119125366211	3.124450922012329	1.8529548645019531	0.0	0.0	0.0	3.052600860595703	0.0	0.0	0.0	0.0	0.0	4.6012654304504395	6.3920722007751465	2.8879144191741943	0.0	0.0	0.0	0.0	0.0	0.0	0.0	6.273412227630615	0.0	3.0396289825439453	0.0	0.0	7.524996757507324	0.0	5.010769844055176	3.8607711791992188	1.4986275434494019	2.4287140369415283	0.0	0.0	0.0	2.184913158416748	2.2732605934143066	0.0	3.545586109161377	0.0	0.0	3.8118836879730225	0.0	0.0	0.0	0.0	0.0	0.0	0.0	0.0	0.0	0.0	3.63215970993042	4.823224067687988	0.0	0.0	0.0	0.0	0.0	0.0	2.3993771076202393	0.0	0.0	3.1345162391662598	3.6305153369903564	0.0	2.60170841217041	1.0514037609100342	0.0	0.0	2.901780605316162	3.1551833152770996	4.772356986999512	0.0	2.2241854667663574	0.0	2.3864128589630127	0.0	0.0	0.0	3.7188544273376465	0.0	0.0	0.0	0.0	0.0	0.0	0.0	2.4313716888427734	3.7556874752044678	0.0	0.0	0.0	0.0	0.0	0.0	2.0937767028808594	0.0	0.0	0.0	5.251112461090088	0.0	5.696624279022217	0.0	4.521880149841309	0.0	0.9136499166488647	0.0	0.0	0.0
3.092554807662964	0.0	3.853403329849243	0.0	0.0	3.6204445362091064	3.9135704040527344	1.1107755899429321	0.0	0.0	2.347334384918213	2.768264055252075	2.408057451248169	0.0	0.0	0.0	0.0	3.5978903770446777	3.261828899383545	1.4677348136901855	0.0	0.0	0.0	3.7783703804016113	0.0	0.0	0.0	0.0	0.0	4.733353614807129	6.768895149230957	2.820753574371338	0.0	0.0	0.0	0.0	0.0	0.0	0.0	4.966274738311768	0.0	2.81086802482605	0.0	0.0	7.251801013946533	0.0	5.062938690185547	3.174354314804077	1.7959821224212646	1.5762466192245483	0.0	0.0	0.0	2.3540468215942383	2.900540590286255	0.0	4.073119640350342	0.0	0.0	3.9009599685668945	0.0	0.0	0.0	0.0	0.0	0.0	0.0	0.0	0.0	0.0	3.2325332164764404	4.489910125732422	0.0	0.0	0.0	0.0	0.0	0.0	2.18149733543396	0.0	0.0	3.4187581539154053	2.8346951007843018	0.0	3.0291190147399902	1.5832970142364502	0.0	0.0	2.812934637069702	2.748985528945923	4.364810943603516	0.0	4.068684101104736	0.0	2.246880292892456	0.0	0.0	0.0	3.6660592555999756	0.0	0.0	0.0	0.0	0.0	0.0	0.0	1.9685633182525635	3.6514742374420166	0.0	0.0	0.0	0.0	0.0	0.0	1.830987811088562	0.0	0.0	0.0	4.553531169891357	0.0	5.317063808441162	0.0	4.731853008270264	0.0	0.5793828368186951	0.0	0.0	0.0
3.6319355964660645	0.0	3.8361313343048096	0.0	0.0	3.4922783374786377	3.5158143043518066	1.6058207750320435	0.0	0.0	2.680208444595337	2.646016836166382	3.000589370727539	0.0	0.0	0.0	0.0	3.7782132625579834	3.0697643756866455	1.7372580766677856	0.0	0.0	0.0	3.6431148052215576	0.0	0.0	0.0	0.0	0.0	5.079298973083496	6.934220314025879	2.9550695419311523	0.0	0.0	0.0	0.0	0.0	0.0	0.0	5.6265740394592285	0.0	2.744507312774658	0.0	0.0	7.773962497711182	0.0	4.9888763427734375	3.3521578311920166	2.30421781539917	1.8676878213882446	0.0	0.0	0.0	2.3603475093841553	2.299741744995117	0.0	3.6368160247802734	0.0	0.0	3.7682361602783203	0.0	0.0	0.0	0.0	0.0	0.0	0.0	0.0	0.0	0.0	3.4862730503082275	4.35950231552124	0.0	0.0	0.0	0.0	0.0	0.0	1.982316493988037	0.0	0.0	3.3075015544891357	3.1056602001190186	0.0	2.530270576477051	1.4997493028640747	0.0	0.0	3.2387852668762207	3.039663553237915	4.835283279418945	0.0	3.044382095336914	0.0	2.3311350345611572	0.0	0.0	0.0	3.704580307006836	0.0	0.0	0.0	0.0	0.0	0.0	0.0	2.1293904781341553	3.7439684867858887	0.0	0.0	0.0	0.0	0.0	0.0	2.039344310760498	0.0	0.0	0.0	4.552353858947754	0.0	5.153352737426758	0.0	4.324972152709961	0.0	1.097221851348877	0.0	0.0	0.0
4.463072776794434	0.0	3.6689536571502686	0.0	0.0	3.5518641471862793	2.5113024711608887	2.3191750049591064	0.0	0.0	2.875398874282837	2.7581093311309814	2.995764970779419	0.0	0.0	0.0	0.0	3.2544262409210205	2.2032976150512695	1.8246732950210571	0.0	0.0	0.0	3.9044296741485596	0.0	0.0	0.0	0.0	0.0	4.736244201660156	7.228636741638184	1.9567902088165283	0.0	0.0	0.0	0.0	0.0	0.0	0.0	5.849262714385986	0.0	3.1263749599456787	0.0	0.0	8.428147315979004	0.0	4.654835224151611	2.880483865737915	2.147848606109619	1.2632660865783691	0.0	0.0	0.0	2.3905739784240723	3.1268014907836914	0.0	2.79436993598938	0.0	0.0	3.461956262588501	0.0	0.0	0.0	0.0	0.0	0.0	0.0	0.0	0.0	0.0	3.829225540161133	3.812960147857666	0.0	0.0	0.0	0.0	0.0	0.0	0.7362701296806335	0.0	0.0	2.574892044067383	2.7348406314849854	0.0	1.6861915588378906	1.6054316759109497	0.0	0.0	3.4384841918945312	2.823978900909424	5.110312461853027	0.0	1.5899226665496826	0.0	2.9525041580200195	0.0	0.0	0.0	4.437933921813965	0.0	0.0	0.0	0.0	0.0	0.0	0.0	1.6504088640213013	3.240582227706909	0.0	0.0	0.0	0.0	0.0	0.0	2.4038095474243164	0.0	0.0	0.0	3.6259615421295166	0.0	4.561898708343506	0.0	3.4788787364959717	0.0	1.7500135898590088	0.0	0.0	0.0
3.559091091156006	0.0	3.4658873081207275	0.0	0.0	3.3883090019226074	3.5901806354522705	1.655975341796875	0.0	0.0	2.6797590255737305	2.520569324493408	3.3230183124542236	0.0	0.0	0.0	0.0	3.545966863632202	3.0709309577941895	2.078031539916992	0.0	0.0	0.0	3.5660483837127686	0.0	0.0	0.0	0.0	0.0	4.88986873626709	6.696261882781982	2.76851487159729	0.0	0.0	0.0	0.0	0.0	0.0	0.0	5.477614879608154	0.0	2.7384228706359863	0.0	0.0	7.5720696449279785	0.0	4.790125370025635	3.3157801628112793	1.9832483530044556	2.0763795375823975	0.0	0.0	0.0	2.2910778522491455	2.5994551181793213	0.0	3.634138345718384	0.0	0.0	3.665428400039673	0.0	0.0	0.0	0.0	0.0	0.0	0.0	0.0	0.0	0.0	3.0523428916931152	4.38260555267334	0.0	0.0	0.0	0.0	0.0	0.0	1.4391015768051147	0.0	0.0	3.060657024383545	3.3280575275421143	0.0	2.526780843734741	1.114906907081604	0.0	0.0	3.0218489170074463	2.6759438514709473	4.748971462249756	0.0	2.771435499191284	0.0	2.3019378185272217	0.0	0.0	0.0	3.693551540374756	0.0	0.0	0.0	0.0	0.0	0.0	0.0	2.0820186138153076	3.768481492996216	0.0	0.0	0.0	0.0	0.0	0.0	2.1519877910614014	0.0	0.0	0.0	4.354081630706787	0.0	4.9520087242126465	0.0	3.925020933151245	0.0	1.448407769203186	0.0	0.0	0.0
3.8190367221832275	0.0	3.3829281330108643	0.0	0.0	3.1559195518493652	3.289640188217163	1.6685714721679688	0.0	0.0	2.9544575214385986	2.3903262615203857	3.494741916656494	0.0	0.0	0.0	0.0	3.3997745513916016	2.655048131942749	2.6647605895996094	0.0	0.0	0.0	3.6004230976104736	0.0	0.0	0.0	0.0	0.0	4.84438943862915	6.629403114318848	2.4942407608032227	0.0	0.0	0.0	0.0	0.0	0.0	0.0	5.460732936859131	0.0	2.3784334659576416	0.0	0.0	7.952213287353516	0.0	4.358936786651611	2.8481812477111816	1.9402447938919067	1.7295697927474976	0.0	0.0	0.0	2.2753868103027344	2.7883341312408447	0.0	3.409247398376465	0.0	0.0	3.4355504512786865	0.0	0.0	0.0	0.0	0.0	0.0	0.0	0.0	0.0	0.0	2.7483696937561035	4.081599712371826	0.0	0.0	0.0	0.0	0.0	0.0	0.8744162321090698	0.0	0.0	2.792839288711548	3.3681516647338867	0.0	2.24385142326355	0.9504311680793762	0.0	0.0	2.809736728668213	2.2988083362579346	4.8427205085754395	0.0	2.5192291736602783	0.0	2.6171514987945557	0.0	0.0	0.0	3.747598886489868	0.0	0.0	0.0	0.0	0.0	0.0	0.0	2.0715644359588623	3.8299925327301025	0.0	0.0	0.0	0.0	0.0	0.0	2.029758930206299	0.0	0.0	0.0	3.93194842338562	0.0	4.381805896759033	0.0	3.0725388526916504	0.0	1.7469600439071655	0.0	0.0	0.0
3.5829689502716064	0.0	3.465311288833618	0.0	0.0	3.4849324226379395	3.522921562194824	1.8417361974716187	0.0	0.0	2.931551694869995	2.403465986251831	3.3820011615753174	0.0	0.0	0.0	0.0	3.7130236625671387	2.9405131340026855	2.5941343307495117	0.0	0.0	0.0	3.583991527557373	0.0	0.0	0.0	0.0	0.0	4.884675979614258	6.775082588195801	2.8223907947540283	0.0	0.0	0.0	0.0	0.0	0.0	0.0	5.681587219238281	0.0	2.2839057445526123	0.0	0.0	7.839904308319092	0.0	4.484838008880615	2.9913554191589355	2.110412120819092	1.7552158832550049	0.0	0.0	0.0	2.287036180496216	2.3073606491088867	0.0	3.4387917518615723	0.0	0.0	3.5977494716644287	0.0	0.0	0.0	0.0	0.0	0.0	0.0	0.0	0.0	0.0	2.9271442890167236	4.060408592224121	0.0	0.0	0.0	0.0	0.0	0.0	1.4658929109573364	0.0	0.0	3.093066692352295	3.4509031772613525	0.0	2.316610336303711	1.0458134412765503	0.0	0.0	2.962592124938965	2.5766308307647705	4.746808052062988	0.0	2.4563608169555664	0.0	2.5337743759155273	0.0	0.0	0.0	3.753207206726074	0.0	0.0	0.0	0.0	0.0	0.0	0.0	2.4953012466430664	3.9206528663635254	0.0	0.0	0.0	0.0	0.0	0.0	1.8946492671966553	0.0	0.0	0.0	4.286343097686768	0.0	4.670194149017334	0.0	3.210834264755249	0.0	1.5814262628555298	0.0	0.0	0.0
4.230764389038086	0.0	3.447950601577759	0.0	0.0	2.965034246444702	2.8467352390289307	1.8238506317138672	0.0	0.0	2.8057312965393066	2.615964412689209	3.302431106567383	0.0	0.0	0.0	0.0	3.2916009426116943	2.6509804725646973	2.154386281967163	0.0	0.0	0.0	3.8224000930786133	0.0	0.0	0.0	0.0	0.0	4.91755485534668	6.835306167602539	2.482083320617676	0.0	0.0	0.0	0.0	0.0	0.0	0.0	5.406921863555908	0.0	2.648707866668701	0.0	0.0	8.270828247070312	0.0	4.584935188293457	2.963169813156128	2.6615099906921387	1.3747501373291016	0.0	0.0	0.0	2.347748041152954	2.7704546451568604	0.0	3.110003709793091	0.0	0.0	3.491520881652832	0.0	0.0	0.0	0.0	0.0	0.0	0.0	0.0	0.0	0.0	3.262697458267212	3.706071376800537	0.0	0.0	0.0	0.0	0.0	0.0	0.776332437992096	0.0	0.0	2.78690767288208	2.9791605472564697	0.0	2.112229824066162	1.5395641326904297	0.0	0.0	3.2886593341827393	2.975574493408203	4.917507171630859	0.0	2.4678287506103516	0.0	2.5432229042053223	0.0	0.0	0.0	3.8561131954193115	0.0	0.0	0.0	0.0	0.0	0.0	0.0	1.624306082725525	3.816075563430786	0.0	0.0	0.0	0.0	0.0	0.0	2.0508527755737305	0.0	0.0	0.0	3.5336153507232666	0.0	4.501232624053955	0.0	3.211242198944092	0.0	1.6625779867172241	0.0	0.0	0.0
2.2876100540161133	0.0	3.7041537761688232	0.0	0.0	5.109035491943359	2.02958607673645	2.4591617584228516	0.0	0.0	3.7535853385925293	2.230506658554077	1.62493097782135	0.0	0.0	0.0	0.0	6.45943546295166	3.300633192062378	1.0329523086547852	0.0	0.0	0.0	3.4999639987945557	0.0	0.0	0.0	0.0	0.0	4.8238983154296875	8.278329849243164	0.7959020137786865	0.0	0.0	0.0	0.0	0.0	0.0	0.0	7.70982027053833	0.0	3.49183988571167	0.0	0.0	9.413023948669434	0.0	5.575676918029785	5.086818695068359	0.8003285527229309	5.406351566314697	0.0	0.0	0.0	2.7110912799835205	1.506141185760498	0.0	3.0874974727630615	0.0	0.0	5.2727742195129395	0.0	0.0	0.0	0.0	0.0	0.0	0.0	0.0	0.0	0.0	3.582857131958008	5.420938014984131	0.0	0.0	0.0	0.0	0.0	0.0	4.172338485717773	0.0	0.0	2.6086008548736572	3.722656011581421	0.0	2.212651252746582	1.832800269126892	0.0	0.0	1.4870837926864624	1.977135419845581	5.729089736938477	0.0	0.7607580423355103	0.0	1.8448753356933594	0.0	0.0	0.0	4.110434055328369	0.0	0.0	0.0	0.0	0.0	0.0	0.0	0.20911771059036255	2.12652325630188	0.0	0.0	0.0	0.0	0.0	0.0	3.386033296585083	0.0	0.0	0.0	6.204323768615723	0.0	6.713201522827148	0.0	6.519680500030518	0.0	0.8171529769897461	0.0	0.0	0.0
3.4897007942199707	0.0	3.3468494415283203	0.0	0.0	3.2106120586395264	3.5608901977539062	1.7303431034088135	0.0	0.0	2.7727086544036865	2.46530818939209	3.6011385917663574	0.0	0.0	0.0	0.0	3.4774253368377686	2.9669392108917236	2.4060513973236084	0.0	0.0	0.0	3.532369375228882	0.0	0.0	0.0	0.0	0.0	4.841952323913574	6.587361812591553	2.8695931434631348	0.0	0.0	0.0	0.0	0.0	0.0	0.0	5.65653133392334	0.0	2.4842965602874756	0.0	0.0	7.673141956329346	0.0	4.473533630371094	2.9831905364990234	2.1175220012664795	2.0082316398620605	0.0	0.0	0.0	2.2559967041015625	2.304891347885132	0.0	3.382962226867676	0.0	0.0	3.304833173751831	0.0	0.0	0.0	0.0	0.0	0.0	0.0	0.0	0.0	0.0	3.116198778152466	4.12348747253418	0.0	0.0	0.0	0.0	0.0	0.0	1.1363584995269775	0.0	0.0	3.170313596725464	3.5022127628326416	0.0	2.419401168823242	0.8423363566398621	0.0	0.0	2.9610249996185303	2.6147022247314453	4.853679180145264	0.0	2.2333590984344482	0.0	2.477208375930786	0.0	0.0	0.0	3.6707375049591064	0.0	0.0	0.0	0.0	0.0	0.0	0.0	2.417774200439453	3.9869017601013184	0.0	0.0	0.0	0.0	0.0	0.0	2.0160231590270996	0.0	0.0	0.0	4.322484970092773	0.0	4.628994941711426	0.0	3.443981409072876	0.0	1.487044334411621	0.0	0.0	0.0
3.6764659881591797	0.0	3.407356023788452	0.0	0.0	3.3023111820220947	3.4176244735717773	1.613747239112854	0.0	0.0	2.8613438606262207	2.5090086460113525	3.412024736404419	0.0	0.0	0.0	0.0	3.535492181777954	2.8900701999664307	2.3146491050720215	0.0	0.0	0.0	3.5925068855285645	0.0	0.0	0.0	0.0	0.0	4.877579689025879	6.7239837646484375	2.681668281555176	0.0	0.0	0.0	0.0	0.0	0.0	0.0	5.473036766052246	0.0	2.519369602203369	0.0	0.0	7.76920747756958	0.0	4.599820137023926	3.153501033782959	2.2103559970855713	1.8366096019744873	0.0	0.0	0.0	2.205406665802002	2.465299367904663	0.0	3.3905699253082275	0.0	0.0	3.521268367767334	0.0	0.0	0.0	0.0	0.0	0.0	0.0	0.0	0.0	0.0	3.008678436279297	4.145846366882324	0.0	0.0	0.0	0.0	0.0	0.0	1.2375911474227905	0.0	0.0	3.0465736389160156	3.285235643386841	0.0	2.366907835006714	1.1338202953338623	0.0	0.0	2.900012731552124	2.6037914752960205	4.757845878601074	0.0	2.594278335571289	0.0	2.342047929763794	0.0	0.0	0.0	3.6663355827331543	0.0	0.0	0.0	0.0	0.0	0.0	0.0	2.1788270473480225	3.8366079330444336	0.0	0.0	0.0	0.0	0.0	0.0	1.947145938873291	0.0	0.0	0.0	4.116138458251953	0.0	4.734322547912598	0.0	3.630060911178589	0.0	1.550140380859375	0.0	0.0	0.0
3.5314218997955322	0.0	3.4314682483673096	0.0	0.0	3.291898727416992	3.347994804382324	1.6733372211456299	0.0	0.0	2.895315170288086	2.387817621231079	3.4934940338134766	0.0	0.0	0.0	0.0	3.55926775932312	2.764969825744629	2.362337589263916	0.0	0.0	0.0	3.631826400756836	0.0	0.0	0.0	0.0	0.0	4.875465393066406	6.699281692504883	2.652348518371582	0.0	0.0	0.0	0.0	0.0	0.0	0.0	5.622737884521484	0.0	2.4770188331604004	0.0	0.0	7.84046745300293	0.0	4.507688522338867	3.0723273754119873	2.1481454372406006	1.9616522789001465	0.0	0.0	0.0	2.2454540729522705	2.513262987136841	0.0	3.3273043632507324	0.0	0.0	3.5758490562438965	0.0	0.0	0.0	0.0	0.0	0.0	0.0	0.0	0.0	0.0	3.1271283626556396	4.119760036468506	0.0	0.0	0.0	0.0	0.0	0.0	1.4057425260543823	0.0	0.0	2.966102361679077	3.379659652709961	0.0	2.318420886993408	1.0568996667861938	0.0	0.0	3.015233039855957	2.6178293228149414	4.820531368255615	0.0	2.4428153038024902	0.0	2.4098763465881348	0.0	0.0	0.0	3.7475435733795166	0.0	0.0	0.0	0.0	0.0	0.0	0.0	2.1319940090179443	3.7638494968414307	0.0	0.0	0.0	0.0	0.0	0.0	2.0056991577148438	0.0	0.0	0.0	4.23550271987915	0.0	4.642085075378418	0.0	3.4486083984375	0.0	1.5347543954849243	0.0	0.0	0.0
3.4343056678771973	0.0	3.3436732292175293	0.0	0.0	3.1303415298461914	3.440955877304077	1.254084825515747	0.0	0.0	2.6926326751708984	2.355801820755005	3.4854788780212402	0.0	0.0	0.0	0.0	3.733656644821167	3.057598114013672	2.65140438079834	0.0	0.0	0.0	3.4104220867156982	0.0	0.0	0.0	0.0	0.0	4.725926876068115	6.43317985534668	2.9520516395568848	0.0	0.0	0.0	0.0	0.0	0.0	0.0	5.76086950302124	0.0	2.563260078430176	0.0	0.0	7.68901252746582	0.0	4.420708656311035	3.1197686195373535	1.9414241313934326	1.9750782251358032	0.0	0.0	0.0	2.284794330596924	2.5530405044555664	0.0	3.5596396923065186	0.0	0.0	3.388786554336548	0.0	0.0	0.0	0.0	0.0	0.0	0.0	0.0	0.0	0.0	3.1561896800994873	4.2026166915893555	0.0	0.0	0.0	0.0	0.0	0.0	1.409485936164856	0.0	0.0	3.031313896179199	3.6954989433288574	0.0	2.4431440830230713	0.752981424331665	0.0	0.0	2.8119845390319824	2.67580509185791	4.781456470489502	0.0	2.498760461807251	0.0	2.470755100250244	0.0	0.0	0.0	3.7548131942749023	0.0	0.0	0.0	0.0	0.0	0.0	0.0	2.4047112464904785	4.180169582366943	0.0	0.0	0.0	0.0	0.0	0.0	1.9719822406768799	0.0	0.0	0.0	4.378681182861328	0.0	4.851954460144043	0.0	3.6693854331970215	0.0	1.3866081237792969	0.0	0.0	0.0
3.3567585945129395	0.0	3.866448163986206	0.0	0.0	3.491516590118408	3.903186559677124	1.0592938661575317	0.0	0.0	2.2859652042388916	2.621005058288574	2.654930591583252	0.0	0.0	0.0	0.0	3.829094171524048	3.2613070011138916	2.011634349822998	0.0	0.0	0.0	3.668684959411621	0.0	0.0	0.0	0.0	0.0	4.794796943664551	6.629491329193115	2.9599201679229736	0.0	0.0	0.0	0.0	0.0	0.0	0.0	5.18702507019043	0.0	2.67415189743042	0.0	0.0	7.446409225463867	0.0	4.92564582824707	3.1591122150421143	1.7490371465682983	1.3976316452026367	0.0	0.0	0.0	2.367990016937256	2.829648971557617	0.0	4.139670372009277	0.0	0.0	3.758114814758301	0.0	0.0	0.0	0.0	0.0	0.0	0.0	0.0	0.0	0.0	3.0412118434906006	4.532979488372803	0.0	0.0	0.0	0.0	0.0	0.0	1.7609986066818237	0.0	0.0	3.359161138534546	3.1592586040496826	0.0	2.9511916637420654	1.5118004083633423	0.0	0.0	2.802778720855713	2.8545632362365723	4.539402008056641	0.0	4.015295505523682	0.0	2.4542791843414307	0.0	0.0	0.0	3.683887004852295	0.0	0.0	0.0	0.0	0.0	0.0	0.0	2.081705093383789	3.8807554244995117	0.0	0.0	0.0	0.0	0.0	0.0	1.7196162939071655	0.0	0.0	0.0	4.449314117431641	0.0	5.184733867645264	0.0	4.252747535705566	0.0	0.7251521348953247	0.0	0.0	0.0
3.6131088733673096	0.0	3.489189386367798	0.0	0.0	3.214871644973755	3.4124271869659424	1.5846915245056152	0.0	0.0	2.686659574508667	2.5233564376831055	3.5998401641845703	0.0	0.0	0.0	0.0	3.4804062843322754	2.845458745956421	2.327087640762329	0.0	0.0	0.0	3.637899875640869	0.0	0.0	0.0	0.0	0.0	4.890172958374023	6.619185447692871	2.7426798343658447	0.0	0.0	0.0	0.0	0.0	0.0	0.0	5.57748556137085	0.0	2.6863415241241455	0.0	0.0	7.7622480392456055	0.0	4.490777492523193	3.0783748626708984	2.285693645477295	1.9327495098114014	0.0	0.0	0.0	2.287421703338623	2.450813055038452	0.0	3.539335012435913	0.0	0.0	3.446723461151123	0.0	0.0	0.0	0.0	0.0	0.0	0.0	0.0	0.0	0.0	3.1955082416534424	4.247522354125977	0.0	0.0	0.0	0.0	0.0	0.0	1.2802883386611938	0.0	0.0	3.1510236263275146	3.46073055267334	0.0	2.500586986541748	0.8920853734016418	0.0	0.0	3.014819622039795	2.799431085586548	4.935499668121338	0.0	2.626842975616455	0.0	2.600111722946167	0.0	0.0	0.0	3.5476253032684326	0.0	0.0	0.0	0.0	0.0	0.0	0.0	2.0967729091644287	4.034409999847412	0.0	0.0	0.0	0.0	0.0	0.0	1.9482040405273438	0.0	0.0	0.0	4.3605475425720215	0.0	4.597660541534424	0.0	3.5929338932037354	0.0	1.6150743961334229	0.0	0.0	0.0
3.410515785217285	0.0	3.903010606765747	0.0	0.0	3.496502637863159	3.7360117435455322	1.4198731184005737	0.0	0.0	2.483818531036377	2.8424291610717773	2.583362102508545	0.0	0.0	0.0	0.0	3.736921787261963	3.2783679962158203	1.709125280380249	0.0	0.0	0.0	3.7388243675231934	0.0	0.0	0.0	0.0	0.0	4.928318977355957	6.861189365386963	2.7135918140411377	0.0	0.0	0.0	0.0	0.0	0.0	0.0	5.083833694458008	0.0	2.551581859588623	0.0	0.0	7.608180046081543	0.0	5.036077499389648	3.282952070236206	1.9818066358566284	1.6107031106948853	0.0	0.0	0.0	2.179567813873291	2.8731589317321777	0.0	3.849459648132324	0.0	0.0	3.9709646701812744	0.0	0.0	0.0	0.0	0.0	0.0	0.0	0.0	0.0	0.0	2.876096487045288	4.393710613250732	0.0	0.0	0.0	0.0	0.0	0.0	2.04300856590271	0.0	0.0	3.426539182662964	2.8942983150482178	0.0	2.8613195419311523	1.7427276372909546	0.0	0.0	2.7813053131103516	2.4226129055023193	4.281835556030273	0.0	3.9316227436065674	0.0	2.2376763820648193	0.0	0.0	0.0	3.5994765758514404	0.0	0.0	0.0	0.0	0.0	0.0	0.0	1.8896394968032837	3.6409499645233154	0.0	0.0	0.0	0.0	0.0	0.0	1.9035530090332031	0.0	0.0	0.0	4.357052803039551	0.0	5.183496475219727	0.0	4.513040542602539	0.0	0.816296398639679	0.0	0.0	0.0
3.3126964569091797	0.0	3.701047420501709	0.0	0.0	3.4095067977905273	3.811678886413574	1.349855899810791	0.0	0.0	2.440469980239868	2.574781656265259	2.9488778114318848	0.0	0.0	0.0	0.0	3.5449624061584473	2.9484150409698486	2.104492664337158	0.0	0.0	0.0	3.590894937515259	0.0	0.0	0.0	0.0	0.0	4.928338527679443	6.65645170211792	2.885326385498047	0.0	0.0	0.0	0.0	0.0	0.0	0.0	5.472318172454834	0.0	2.577969789505005	0.0	0.0	7.518210411071777	0.0	4.7992472648620605	3.0931553840637207	1.9203705787658691	1.6539762020111084	0.0	0.0	0.0	2.246340751647949	2.702711343765259	0.0	3.6982717514038086	0.0	0.0	3.733264923095703	0.0	0.0	0.0	0.0	0.0	0.0	0.0	0.0	0.0	0.0	3.0723979473114014	4.3792643547058105	0.0	0.0	0.0	0.0	0.0	0.0	1.9172124862670898	0.0	0.0	3.300773859024048	3.12750506401062	0.0	2.6237258911132812	1.3438115119934082	0.0	0.0	2.920168399810791	2.6335465908050537	4.470724582672119	0.0	3.223449468612671	0.0	2.3888704776763916	0.0	0.0	0.0	3.5987510681152344	0.0	0.0	0.0	0.0	0.0	0.0	0.0	2.243421792984009	3.745478868484497	0.0	0.0	0.0	0.0	0.0	0.0	1.7881118059158325	0.0	0.0	0.0	4.431817054748535	0.0	4.8750529289245605	0.0	3.993155002593994	0.0	1.1674261093139648	0.0	0.0	0.0
3.5375070571899414	0.0	3.5496814250946045	0.0	0.0	3.444094657897949	3.7077972888946533	1.732374906539917	0.0	0.0	2.8338639736175537	2.524975538253784	3.305788278579712	0.0	0.0	0.0	0.0	3.429004192352295	2.978482723236084	2.3110008239746094	0.0	0.0	0.0	3.4557807445526123	0.0	0.0	0.0	0.0	0.0	5.09359884262085	6.7310357093811035	3.0701334476470947	0.0	0.0	0.0	0.0	0.0	0.0	0.0	5.4635186195373535	0.0	2.466371536254883	0.0	0.0	7.555065155029297	0.0	4.779475688934326	3.250305414199829	1.9502747058868408	1.7168575525283813	0.0	0.0	0.0	2.2906334400177	2.457136631011963	0.0	3.5493807792663574	0.0	0.0	3.4588370323181152	0.0	0.0	0.0	0.0	0.0	0.0	0.0	0.0	0.0	0.0	3.0929203033447266	4.2841644287109375	0.0	0.0	0.0	0.0	0.0	0.0	1.2936818599700928	0.0	0.0	3.1805970668792725	3.2472801208496094	0.0	2.4236981868743896	1.1554702520370483	0.0	0.0	3.1083030700683594	2.492527723312378	4.614424705505371	0.0	2.556321144104004	0.0	2.4325602054595947	0.0	0.0	0.0	3.826967239379883	0.0	0.0	0.0	0.0	0.0	0.0	0.0	2.3590214252471924	3.8448140621185303	0.0	0.0	0.0	0.0	0.0	0.0	1.886459469795227	0.0	0.0	0.0	4.1525044441223145	0.0	4.676301002502441	0.0	3.4961562156677246	0.0	1.5024847984313965	0.0	0.0	0.0
3.757417917251587	0.0	3.1868934631347656	0.0	0.0	3.228736400604248	3.340871810913086	1.5741260051727295	0.0	0.0	2.7800304889678955	2.376945734024048	3.547053813934326	0.0	0.0	0.0	0.0	3.2981348037719727	2.9658055305480957	2.655360698699951	0.0	0.0	0.0	3.5881667137145996	0.0	0.0	0.0	0.0	0.0	4.806726932525635	6.660943031311035	2.663048505783081	0.0	0.0	0.0	0.0	0.0	0.0	0.0	5.331183433532715	0.0	2.441174268722534	0.0	0.0	7.703319072723389	0.0	4.434079647064209	2.9122016429901123	2.405123233795166	1.5798561573028564	0.0	0.0	0.0	2.2881674766540527	2.680835247039795	0.0	3.452089786529541	0.0	0.0	3.388305187225342	0.0	0.0	0.0	0.0	0.0	0.0	0.0	0.0	0.0	0.0	2.83075213432312	3.8990283012390137	0.0	0.0	0.0	0.0	0.0	0.0	0.7809978127479553	0.0	0.0	2.968834400177002	3.2535812854766846	0.0	2.280170440673828	0.9941986203193665	0.0	0.0	2.892505168914795	2.570857524871826	4.6410322189331055	0.0	2.582224130630493	0.0	2.3759143352508545	0.0	0.0	0.0	3.690892457962036	0.0	0.0	0.0	0.0	0.0	0.0	0.0	2.1307895183563232	4.019159317016602	0.0	0.0	0.0	0.0	0.0	0.0	1.903777837753296	0.0	0.0	0.0	3.7882044315338135	0.0	4.409547805786133	0.0	3.006876230239868	0.0	1.8115442991256714	0.0	0.0	0.0
3.8710193634033203	0.0	3.5638418197631836	0.0	0.0	3.2210426330566406	3.3896827697753906	1.6179673671722412	0.0	0.0	2.7838549613952637	2.5453975200653076	3.34975004196167	0.0	0.0	0.0	0.0	3.49477481842041	2.980696678161621	2.3769240379333496	0.0	0.0	0.0	3.5842862129211426	0.0	0.0	0.0	0.0	0.0	4.97226619720459	6.852235317230225	2.7123680114746094	0.0	0.0	0.0	0.0	0.0	0.0	0.0	5.487583160400391	0.0	2.3938331604003906	0.0	0.0	7.856739044189453	0.0	4.657355785369873	3.166810989379883	2.3237578868865967	1.714599847793579	0.0	0.0	0.0	2.2872977256774902	2.4516396522521973	0.0	3.3138179779052734	0.0	0.0	3.4374184608459473	0.0	0.0	0.0	0.0	0.0	0.0	0.0	0.0	0.0	0.0	2.9368629455566406	4.007950305938721	0.0	0.0	0.0	0.0	0.0	0.0	1.022018313407898	0.0	0.0	3.031374454498291	3.2043075561523438	0.0	2.4361276626586914	1.2869688272476196	0.0	0.0	2.926176071166992	2.636387586593628	4.778399467468262	0.0	2.5783531665802	0.0	2.469181537628174	0.0	0.0	0.0	3.6060397624969482	0.0	0.0	0.0	0.0	0.0	0.0	0.0	2.112239122390747	3.934565782546997	0.0	0.0	0.0	0.0	0.0	0.0	1.931760549545288	0.0	0.0	0.0	3.8889451026916504	0.0	4.6255693435668945	0.0	3.419207811355591	0.0	1.6239736080169678	0.0	0.0	0.0
3.4537863731384277	0.0	3.804126501083374	0.0	0.0	3.8217875957489014	3.6463427543640137	1.5194295644760132	0.0	0.0	2.7933523654937744	2.311035394668579	3.1794803142547607	0.0	0.0	0.0	0.0	4.4358344078063965	2.963487386703491	2.785724401473999	0.0	0.0	0.0	3.6054065227508545	0.0	0.0	0.0	0.0	0.0	4.863286972045898	6.941745758056641	2.6468639373779297	0.0	0.0	0.0	0.0	0.0	0.0	0.0	6.033311367034912	0.0	2.3847763538360596	0.0	0.0	8.115547180175781	0.0	4.971294403076172	3.611497402191162	2.1956536769866943	1.8500770330429077	0.0	0.0	0.0	2.1925675868988037	2.0184848308563232	0.0	3.558176279067993	0.0	0.0	4.067044734954834	0.0	0.0	0.0	0.0	0.0	0.0	0.0	0.0	0.0	0.0	3.159392833709717	4.543431758880615	0.0	0.0	0.0	0.0	0.0	0.0	2.2892208099365234	0.0	0.0	3.4731342792510986	3.428375244140625	0.0	2.527106761932373	1.4812419414520264	0.0	0.0	2.661898374557495	2.9216630458831787	5.021632671356201	0.0	2.9273080825805664	0.0	2.4813661575317383	0.0	0.0	0.0	3.729511022567749	0.0	0.0	0.0	0.0	0.0	0.0	0.0	2.6864914894104004	3.7633345127105713	0.0	0.0	0.0	0.0	0.0	0.0	1.9876768589019775	0.0	0.0	0.0	4.85513973236084	0.0	5.385622024536133	0.0	3.994558095932007	0.0	1.333627462387085	0.0	0.0	0.0
2.917915105819702	0.0	3.178334951400757	0.0	0.0	4.522674083709717	2.7873318195343018	1.9839539527893066	0.0	0.0	2.8793113231658936	2.700979471206665	2.184149742126465	0.0	0.0	0.0	0.0	4.9558000564575195	3.676637649536133	0.8444049954414368	0.0	0.0	0.0	3.534085750579834	0.0	0.0	0.0	0.0	0.0	4.825222492218018	7.550650119781494	1.572574257850647	0.0	0.0	0.0	0.0	0.0	0.0	0.0	6.809726715087891	0.0	3.8950541019439697	0.0	0.0	8.002269744873047	0.0	5.5039215087890625	4.636247158050537	1.5528373718261719	4.319399833679199	0.0	0.0	0.0	2.688232421875	2.3837153911590576	0.0	3.3668551445007324	0.0	0.0	4.637099742889404	0.0	0.0	0.0	0.0	0.0	0.0	0.0	0.0	0.0	0.0	3.6303212642669678	5.130754470825195	0.0	0.0	0.0	0.0	0.0	0.0	3.2537498474121094	0.0	0.0	2.860531806945801	3.3511838912963867	0.0	2.454907178878784	1.4712773561477661	0.0	0.0	2.4133615493774414	2.5137875080108643	5.134063720703125	0.0	1.1399149894714355	0.0	1.635008454322815	0.0	0.0	0.0	4.091504096984863	0.0	0.0	0.0	0.0	0.0	0.0	0.0	1.027540922164917	2.993762969970703	0.0	0.0	0.0	0.0	0.0	0.0	3.271062135696411	0.0	0.0	0.0	5.521904468536377	0.0	6.310484409332275	0.0	6.092160701751709	0.0	1.2677249908447266	0.0	0.0	0.0
3.7987170219421387	0.0	3.527667999267578	0.0	0.0	3.3228344917297363	3.530087471008301	1.584651231765747	0.0	0.0	2.7481038570404053	2.5353198051452637	3.384326934814453	0.0	0.0	0.0	0.0	3.461400032043457	2.9894466400146484	2.3240725994110107	0.0	0.0	0.0	3.6598846912384033	0.0	0.0	0.0	0.0	0.0	5.021323204040527	6.884179592132568	2.736804485321045	0.0	0.0	0.0	0.0	0.0	0.0	0.0	5.54071044921875	0.0	2.5801990032196045	0.0	0.0	7.733921051025391	0.0	4.687438011169434	3.162689208984375	2.3025712966918945	1.6846543550491333	0.0	0.0	0.0	2.3902101516723633	2.434445858001709	0.0	3.3275673389434814	0.0	0.0	3.497849941253662	0.0	0.0	0.0	0.0	0.0	0.0	0.0	0.0	0.0	0.0	3.0952610969543457	4.155473709106445	0.0	0.0	0.0	0.0	0.0	0.0	1.2596771717071533	0.0	0.0	3.1269869804382324	3.2684295177459717	0.0	2.494868278503418	1.1464102268218994	0.0	0.0	3.0007832050323486	2.821148157119751	4.819087028503418	0.0	2.6137731075286865	0.0	2.4282424449920654	0.0	0.0	0.0	3.657538890838623	0.0	0.0	0.0	0.0	0.0	0.0	0.0	2.203953981399536	3.937405586242676	0.0	0.0	0.0	0.0	0.0	0.0	1.9624899625778198	0.0	0.0	0.0	4.123676776885986	0.0	4.719013690948486	0.0	3.5782876014709473	0.0	1.5924718379974365	0.0	0.0	0.0
3.421875238418579	0.0	3.6681742668151855	0.0	0.0	3.3461692333221436	3.881653070449829	1.3723275661468506	0.0	0.0	2.512030839920044	2.5613393783569336	2.9439070224761963	0.0	0.0	0.0	0.0	3.5211234092712402	3.154940605163574	2.246366024017334	0.0	0.0	0.0	3.5805118083953857	0.0	0.0	0.0	0.0	0.0	4.862730979919434	6.659510612487793	2.948746681213379	0.0	0.0	0.0	0.0	0.0	0.0	0.0	5.407379627227783	0.0	2.617983341217041	0.0	0.0	7.604238033294678	0.0	4.81043004989624	3.1223931312561035	1.907875418663025	1.7267751693725586	0.0	0.0	0.0	2.3676350116729736	2.6389408111572266	0.0	3.8398072719573975	0.0	0.0	3.6025454998016357	0.0	0.0	0.0	0.0	0.0	0.0	0.0	0.0	0.0	0.0	3.0935823917388916	4.358303070068359	0.0	0.0	0.0	0.0	0.0	0.0	1.5703328847885132	0.0	0.0	3.266239881515503	3.2418315410614014	0.0	2.7606611251831055	1.1765873432159424	0.0	0.0	2.946861982345581	2.701263666152954	4.590704917907715	0.0	3.1787562370300293	0.0	2.4771344661712646	0.0	0.0	0.0	3.6860251426696777	0.0	0.0	0.0	0.0	0.0	0.0	0.0	2.1892642974853516	4.012309551239014	0.0	0.0	0.0	0.0	0.0	0.0	1.743962049484253	0.0	0.0	0.0	4.295477867126465	0.0	4.988997936248779	0.0	3.8564624786376953	0.0	1.1251850128173828	0.0	0.0	0.0
5.889397621154785	0.0	4.561490535736084	0.0	0.0	3.2828962802886963	1.7233479022979736	2.1396024227142334	0.0	0.0	2.4726216793060303	3.5993263721466064	2.1668431758880615	0.0	0.0	0.0	0.0	3.1772475242614746	1.784003734588623	0.617289662361145	0.0	0.0	0.0	4.377674579620361	0.0	0.0	0.0	0.0	0.0	5.192920684814453	7.465603828430176	2.1348557472229004	0.0	0.0	0.0	0.0	0.0	0.0	0.0	5.794714450836182	0.0	3.867150068283081	0.0	0.0	9.214651107788086	0.0	5.617680072784424	2.966655731201172	3.439175844192505	0.0	0.0	0.0	0.0	2.7980704307556152	3.59637451171875	0.0	2.737454891204834	0.0	0.0	3.6718249320983887	0.0	0.0	0.0	0.0	0.0	0.0	0.0	0.0	0.0	0.0	5.049320697784424	3.239560127258301	0.0	0.0	0.0	0.0	0.0	0.0	0.9919452667236328	0.0	0.0	2.535979747772217	1.8797752857208252	0.0	1.5683149099349976	2.893845796585083	0.0	0.0	4.563932418823242	4.339623928070068	5.219638824462891	0.0	2.368898630142212	0.0	3.3758020401000977	0.0	0.0	0.0	4.952894687652588	0.0	0.0	0.0	0.0	0.0	0.0	0.0	0.8655169606208801	3.51361346244812	0.0	0.0	0.0	0.0	0.0	0.0	2.3037168979644775	0.0	0.0	0.0	3.2397358417510986	0.0	4.922454833984375	0.0	4.533351898193359	0.0	1.186373233795166	0.0	0.0	0.0
3.69030499458313	0.0	3.516087055206299	0.0	0.0	3.3344154357910156	3.3773951530456543	1.6947046518325806	0.0	0.0	2.896176338195801	2.3829329013824463	3.27813720703125	0.0	0.0	0.0	0.0	3.5948426723480225	2.8139705657958984	2.5320355892181396	0.0	0.0	0.0	3.61822509765625	0.0	0.0	0.0	0.0	0.0	4.951775550842285	6.776587963104248	2.79771089553833	0.0	0.0	0.0	0.0	0.0	0.0	0.0	5.525266170501709	0.0	2.300382137298584	0.0	0.0	7.915514945983887	0.0	4.555842876434326	2.887578248977661	2.1120376586914062	1.6178048849105835	0.0	0.0	0.0	2.2552971839904785	2.4318692684173584	0.0	3.460888624191284	0.0	0.0	3.4504263401031494	0.0	0.0	0.0	0.0	0.0	0.0	0.0	0.0	0.0	0.0	2.874434471130371	4.128530502319336	0.0	0.0	0.0	0.0	0.0	0.0	1.2124046087265015	0.0	0.0	3.0346415042877197	3.3361709117889404	0.0	2.3281092643737793	1.121207356452942	0.0	0.0	2.892756700515747	2.536653518676758	4.843409061431885	0.0	2.8535475730895996	0.0	2.5140457153320312	0.0	0.0	0.0	3.719144105911255	0.0	0.0	0.0	0.0	0.0	0.0	0.0	2.170685291290283	3.806830883026123	0.0	0.0	0.0	0.0	0.0	0.0	1.8548301458358765	0.0	0.0	0.0	3.9875552654266357	0.0	4.471927165985107	0.0	3.3777334690093994	0.0	1.3386662006378174	0.0	0.0	0.0
4.250056266784668	0.0	3.9809255599975586	0.0	0.0	3.175999641418457	3.346715211868286	1.8181817531585693	0.0	0.0	3.1217191219329834	2.7274961471557617	3.0660061836242676	0.0	0.0	0.0	0.0	3.726057767868042	2.6380598545074463	2.766087055206299	0.0	0.0	0.0	3.637202024459839	0.0	0.0	0.0	0.0	0.0	5.193991184234619	7.040285587310791	2.736844062805176	0.0	0.0	0.0	0.0	0.0	0.0	0.0	5.768202781677246	0.0	2.344010591506958	0.0	0.0	8.62409782409668	0.0	4.6849260330200195	2.779752731323242	1.3459739685058594	1.3797951936721802	0.0	0.0	0.0	2.3073973655700684	3.032254219055176	0.0	3.1315808296203613	0.0	0.0	3.2987446784973145	0.0	0.0	0.0	0.0	0.0	0.0	0.0	0.0	0.0	0.0	2.6425817012786865	4.096459865570068	0.0	0.0	0.0	0.0	0.0	0.0	0.7216018438339233	0.0	0.0	2.856940746307373	3.384929895401001	0.0	2.2164864540100098	1.1677755117416382	0.0	0.0	2.844460964202881	2.3938002586364746	5.078246593475342	0.0	2.9369513988494873	0.0	2.8964684009552	0.0	0.0	0.0	4.029390811920166	0.0	0.0	0.0	0.0	0.0	0.0	0.0	2.2129151821136475	3.927372455596924	0.0	0.0	0.0	0.0	0.0	0.0	2.041893482208252	0.0	0.0	0.0	3.547238826751709	0.0	4.671388626098633	0.0	3.56571364402771	0.0	1.1777201890945435	0.0	0.0	0.0
3.5527684688568115	0.0	3.502018451690674	0.0	0.0	3.1925370693206787	3.427539825439453	1.6483075618743896	0.0	0.0	2.847430944442749	2.409782886505127	3.673922300338745	0.0	0.0	0.0	0.0	3.692824363708496	2.9415462017059326	2.8032209873199463	0.0	0.0	0.0	3.567780017852783	0.0	0.0	0.0	0.0	0.0	4.7881083488464355	6.572364807128906	2.770346164703369	0.0	0.0	0.0	0.0	0.0	0.0	0.0	5.619410514831543	0.0	2.3106014728546143	0.0	0.0	7.920523166656494	0.0	4.343188285827637	3.009047746658325	2.072148323059082	1.9020627737045288	0.0	0.0	0.0	2.1481752395629883	2.459223985671997	0.0	3.343655824661255	0.0	0.0	3.4209706783294678	0.0	0.0	0.0	0.0	0.0	0.0	0.0	0.0	0.0	0.0	2.990089178085327	4.040314197540283	0.0	0.0	0.0	0.0	0.0	0.0	1.1529921293258667	0.0	0.0	3.1666359901428223	3.540769100189209	0.0	2.422487735748291	0.8370416760444641	0.0	0.0	2.8312294483184814	2.516348361968994	4.834716796875	0.0	2.6179254055023193	0.0	2.514364719390869	0.0	0.0	0.0	3.6377663612365723	0.0	0.0	0.0	0.0	0.0	0.0	0.0	2.5034210681915283	4.05787992477417	0.0	0.0	0.0	0.0	0.0	0.0	2.0608112812042236	0.0	0.0	0.0	4.14904260635376	0.0	4.6781110763549805	0.0	3.174377202987671	0.0	1.597900390625	0.0	0.0	0.0
3.6346986293792725	0.0	3.463752269744873	0.0	0.0	3.395857095718384	3.45504093170166	1.8843467235565186	0.0	0.0	2.8929409980773926	2.4034998416900635	3.632659912109375	0.0	0.0	0.0	0.0	3.668970823287964	2.9057445526123047	2.5189342498779297	0.0	0.0	0.0	3.29227614402771	0.0	0.0	0.0	0.0	0.0	5.019272804260254	6.818345069885254	2.769953966140747	0.0	0.0	0.0	0.0	0.0	0.0	0.0	5.879598140716553	0.0	2.337160587310791	0.0	0.0	7.803820610046387	0.0	4.557211399078369	3.373853921890259	2.2613797187805176	1.9466241598129272	0.0	0.0	0.0	2.068849563598633	2.284613847732544	0.0	3.3021597862243652	0.0	0.0	3.6656694412231445	0.0	0.0	0.0	0.0	0.0	0.0	0.0	0.0	0.0	0.0	2.995349168777466	4.122090816497803	0.0	0.0	0.0	0.0	0.0	0.0	1.3097004890441895	0.0	0.0	3.0522854328155518	3.395962953567505	0.0	2.2117648124694824	1.2395203113555908	0.0	0.0	2.9173367023468018	2.425570249557495	4.8371195793151855	0.0	2.0883190631866455	0.0	2.3374552726745605	0.0	0.0	0.0	3.5881433486938477	0.0	0.0	0.0	0.0	0.0	0.0	0.0	2.587826728820801	3.7013723850250244	0.0	0.0	0.0	0.0	0.0	0.0	2.0663537979125977	0.0	0.0	0.0	4.364776611328125	0.0	4.686082363128662	0.0	3.065189838409424	0.0	2.088322401046753	0.0	0.0	0.0
3.5922205448150635	0.0	3.420379638671875	0.0	0.0	3.5632095336914062	3.6747007369995117	1.2342251539230347	0.0	0.0	2.8932933807373047	2.2854645252227783	3.6827170848846436	0.0	0.0	0.0	0.0	3.6505019664764404	2.9387993812561035	3.3693885803222656	0.0	0.0	0.0	3.7322909832000732	0.0	0.0	0.0	0.0	0.0	4.8181962966918945	6.790434837341309	2.8915979862213135	0.0	0.0	0.0	0.0	0.0	0.0	0.0	5.614489555358887	0.0	2.3132967948913574	0.0	0.0	8.026335716247559	0.0	4.55195426940918	3.0019452571868896	2.762953758239746	1.5952913761138916	0.0	0.0	0.0	2.46770977973938	2.39060640335083	0.0	3.7493467330932617	0.0	0.0	3.5707380771636963	0.0	0.0	0.0	0.0	0.0	0.0	0.0	0.0	0.0	0.0	2.936011791229248	4.166435241699219	0.0	0.0	0.0	0.0	0.0	0.0	1.4336029291152954	0.0	0.0	3.2995641231536865	3.3902430534362793	0.0	2.5072028636932373	0.8367725014686584	0.0	0.0	2.5775320529937744	2.590289831161499	4.991701126098633	0.0	2.8439388275146484	0.0	2.551640272140503	0.0	0.0	0.0	3.718709707260132	0.0	0.0	0.0	0.0	0.0	0.0	0.0	2.794126272201538	4.4905900955200195	0.0	0.0	0.0	0.0	0.0	0.0	1.708673357963562	0.0	0.0	0.0	4.395173072814941	0.0	4.338922500610352	0.0	3.141280174255371	0.0	1.8913284540176392	0.0	0.0	0.0
4.015881061553955	0.0	3.510221481323242	0.0	0.0	3.2782890796661377	2.9668080806732178	1.8784323930740356	0.0	0.0	2.827186107635498	2.628373384475708	3.067509651184082	0.0	0.0	0.0	0.0	3.2825191020965576	2.6443018913269043	2.084298849105835	0.0	0.0	0.0	3.687737464904785	0.0	0.0	0.0	0.0	0.0	4.843564033508301	6.876684188842773	2.3524985313415527	0.0	0.0	0.0	0.0	0.0	0.0	0.0	5.485245227813721	0.0	2.7080540657043457	0.0	0.0	7.974865913391113	0.0	4.6601481437683105	2.9650280475616455	2.1127166748046875	1.457275629043579	0.0	0.0	0.0	2.3684608936309814	2.7149055004119873	0.0	3.10209584236145	0.0	0.0	3.3659496307373047	0.0	0.0	0.0	0.0	0.0	0.0	0.0	0.0	0.0	0.0	3.2785980701446533	3.9061343669891357	0.0	0.0	0.0	0.0	0.0	0.0	0.8558412194252014	0.0	0.0	2.7734031677246094	2.94963002204895	0.0	2.0686898231506348	1.411555528640747	0.0	0.0	3.0983710289001465	2.6300415992736816	4.827535629272461	0.0	2.1676485538482666	0.0	2.6149582862854004	0.0	0.0	0.0	3.9395883083343506	0.0	0.0	0.0	0.0	0.0	0.0	0.0	1.8814760446548462	3.642418622970581	0.0	0.0	0.0	0.0	0.0	0.0	2.0858631134033203	0.0	0.0	0.0	3.631920576095581	0.0	4.503051280975342	0.0	3.4545586109161377	0.0	1.6052480936050415	0.0	0.0	0.0
4.69806432723999	0.0	3.7489006519317627	0.0	0.0	3.395658016204834	2.60019850730896	2.2215511798858643	0.0	0.0	2.3445069789886475	3.1642637252807617	2.7347562313079834	0.0	0.0	0.0	0.0	2.8766119480133057	2.512486219406128	0.6841853857040405	0.0	0.0	0.0	3.939568281173706	0.0	0.0	0.0	0.0	0.0	4.824730396270752	7.207944393157959	1.9743765592575073	0.0	0.0	0.0	0.0	0.0	0.0	0.0	5.683566093444824	0.0	3.9411377906799316	0.0	0.0	7.924079418182373	0.0	5.312007427215576	3.4058284759521484	2.8018012046813965	1.1743754148483276	0.0	0.0	0.0	2.6752617359161377	3.338369607925415	0.0	2.907416820526123	0.0	0.0	3.669567823410034	0.0	0.0	0.0	0.0	0.0	0.0	0.0	0.0	0.0	0.0	4.733779430389404	3.823014736175537	0.0	0.0	0.0	0.0	0.0	0.0	1.0924299955368042	0.0	0.0	2.6650390625	2.4120538234710693	0.0	1.9059778451919556	2.0719521045684814	0.0	0.0	4.105391502380371	3.8291192054748535	4.830956935882568	0.0	1.4542224407196045	0.0	2.812398910522461	0.0	0.0	0.0	4.3524909019470215	0.0	0.0	0.0	0.0	0.0	0.0	0.0	1.1239439249038696	3.3430166244506836	0.0	0.0	0.0	0.0	0.0	0.0	2.442579507827759	0.0	0.0	0.0	3.803570032119751	0.0	5.2609710693359375	0.0	4.435492992401123	0.0	1.743450403213501	0.0	0.0	0.0
2.0906972885131836	0.0	4.084812641143799	0.0	0.0	4.14882755279541	3.9994101524353027	1.1495144367218018	0.0	0.0	1.2055025100708008	2.4624104499816895	2.151732921600342	0.0	0.0	0.0	0.0	5.040559768676758	3.4141929149627686	0.6855900883674622	0.0	0.0	0.0	2.147556781768799	0.0	0.0	0.0	0.0	0.0	4.372098445892334	5.91301965713501	2.9785823822021484	0.0	0.0	0.0	0.0	0.0	0.0	0.0	7.607190132141113	0.0	3.9713408946990967	0.0	0.0	6.878296375274658	0.0	5.535421848297119	4.706743240356445	1.4609808921813965	3.4347896575927734	0.0	0.0	0.0	1.7759817838668823	1.6410795450210571	0.0	3.3404898643493652	0.0	0.0	4.428940296173096	0.0	0.0	0.0	0.0	0.0	0.0	0.0	0.0	0.0	0.0	4.856363773345947	5.365108013153076	0.0	0.0	0.0	0.0	0.0	0.0	4.314921855926514	0.0	0.0	3.3578004837036133	3.6431562900543213	0.0	2.4967477321624756	1.3168984651565552	0.0	0.0	3.3750648498535156	4.211082458496094	4.660568714141846	0.0	0.6184819340705872	0.0	2.2354822158813477	0.0	0.0	0.0	3.681180953979492	0.0	0.0	0.0	0.0	0.0	0.0	0.0	3.2968904972076416	3.6535210609436035	0.0	0.0	0.0	0.0	0.0	0.0	2.364875078201294	0.0	0.0	0.0	6.763384819030762	0.0	6.791860580444336	0.0	5.0726776123046875	0.0	0.9936936497688293	0.0	0.0	0.0
3.3529858589172363	0.0	3.6183125972747803	0.0	0.0	3.2605950832366943	3.628690719604492	0.7707445025444031	0.0	0.0	2.3353793621063232	2.601998805999756	3.225391149520874	0.0	0.0	0.0	0.0	3.785383462905884	2.9961965084075928	1.6566444635391235	0.0	0.0	0.0	3.268411159515381	0.0	0.0	0.0	0.0	0.0	4.611993312835693	6.314134120941162	3.140850305557251	0.0	0.0	0.0	0.0	0.0	0.0	0.0	5.797612190246582	0.0	3.250859260559082	0.0	0.0	7.070146083831787	0.0	4.845065593719482	3.6978464126586914	1.7589906454086304	2.327207088470459	0.0	0.0	0.0	2.448162794113159	2.510739326477051	0.0	3.796570301055908	0.0	0.0	3.574410915374756	0.0	0.0	0.0	0.0	0.0	0.0	0.0	0.0	0.0	0.0	3.613311767578125	4.672377586364746	0.0	0.0	0.0	0.0	0.0	0.0	2.1259734630584717	0.0	0.0	3.2881669998168945	3.5433027744293213	0.0	2.811915159225464	0.5640072822570801	0.0	0.0	3.1391663551330566	3.1628127098083496	4.81740665435791	0.0	2.5754103660583496	0.0	2.256472110748291	0.0	0.0	0.0	3.738722562789917	0.0	0.0	0.0	0.0	0.0	0.0	0.0	2.050889253616333	3.8984620571136475	0.0	0.0	0.0	0.0	0.0	0.0	2.1531999111175537	0.0	0.0	0.0	5.265671253204346	0.0	5.591626167297363	0.0	5.268167972564697	0.0	0.8473275303840637	0.0	0.0	0.0
3.4985196590423584	0.0	3.6210007667541504	0.0	0.0	3.286271333694458	3.6604368686676025	1.2281579971313477	0.0	0.0	2.652811050415039	2.4874491691589355	3.076983690261841	0.0	0.0	0.0	0.0	3.752370595932007	2.9780287742614746	2.2803759574890137	0.0	0.0	0.0	3.339345693588257	0.0	0.0	0.0	0.0	0.0	4.807360649108887	6.5999369621276855	3.0255420207977295	0.0	0.0	0.0	0.0	0.0	0.0	0.0	5.646510601043701	0.0	2.9372735023498535	0.0	0.0	7.541123867034912	0.0	4.8087382316589355	3.466994285583496	1.6893999576568604	2.086792230606079	0.0	0.0	0.0	2.4454245567321777	2.482436418533325	0.0	3.6107735633850098	0.0	0.0	3.5138068199157715	0.0	0.0	0.0	0.0	0.0	0.0	0.0	0.0	0.0	0.0	3.191265106201172	4.635120868682861	0.0	0.0	0.0	0.0	0.0	0.0	1.6151453256607056	0.0	0.0	3.1314148902893066	3.5421016216278076	0.0	2.5908381938934326	0.8383098244667053	0.0	0.0	2.9984216690063477	2.805448293685913	4.874912738800049	0.0	2.7326972484588623	0.0	2.425886631011963	0.0	0.0	0.0	3.65742826461792	0.0	0.0	0.0	0.0	0.0	0.0	0.0	2.0964903831481934	3.9850914478302	0.0	0.0	0.0	0.0	0.0	0.0	2.04241681098938	0.0	0.0	0.0	4.6018195152282715	0.0	5.108334541320801	0.0	4.383890151977539	0.0	1.1866123676300049	0.0	0.0	0.0
4.274162292480469	0.0	3.5105905532836914	0.0	0.0	2.843878746032715	2.7652413845062256	1.4377315044403076	0.0	0.0	2.7038309574127197	2.7150936126708984	3.226909875869751	0.0	0.0	0.0	0.0	3.272016763687134	2.826486110687256	2.1393985748291016	0.0	0.0	0.0	3.9064385890960693	0.0	0.0	0.0	0.0	0.0	5.041170120239258	6.676654815673828	2.6538097858428955	0.0	0.0	0.0	0.0	0.0	0.0	0.0	5.271961212158203	0.0	2.7677061557769775	0.0	0.0	8.175232887268066	0.0	4.58319091796875	2.9932973384857178	3.1443278789520264	1.1206481456756592	0.0	0.0	0.0	2.37337327003479	2.775493860244751	0.0	3.365067720413208	0.0	0.0	3.5123322010040283	0.0	0.0	0.0	0.0	0.0	0.0	0.0	0.0	0.0	0.0	3.3486111164093018	3.563173770904541	0.0	0.0	0.0	0.0	0.0	0.0	1.0844448804855347	0.0	0.0	2.9344637393951416	2.839846134185791	0.0	2.1894640922546387	1.5987794399261475	0.0	0.0	3.348269462585449	3.148383855819702	4.54112434387207	0.0	2.960425853729248	0.0	2.3756191730499268	0.0	0.0	0.0	3.6771867275238037	0.0	0.0	0.0	0.0	0.0	0.0	0.0	1.5469383001327515	4.050106048583984	0.0	0.0	0.0	0.0	0.0	0.0	1.8224937915802002	0.0	0.0	0.0	3.538790225982666	0.0	4.597365856170654	0.0	3.511676073074341	0.0	1.5469129085540771	0.0	0.0	0.0
3.7075905799865723	0.0	3.491225481033325	0.0	0.0	3.4231209754943848	3.445802688598633	1.8780994415283203	0.0	0.0	2.9137353897094727	2.567915201187134	3.500481128692627	0.0	0.0	0.0	0.0	3.4830424785614014	2.760834217071533	2.70950984954834	0.0	0.0	0.0	3.5699312686920166	0.0	0.0	0.0	0.0	0.0	4.877200603485107	6.7604289054870605	2.6862874031066895	0.0	0.0	0.0	0.0	0.0	0.0	0.0	5.588818550109863	0.0	2.4224750995635986	0.0	0.0	8.01181411743164	0.0	4.484968185424805	2.941382646560669	2.0494840145111084	1.7031970024108887	0.0	0.0	0.0	2.143599510192871	2.6165783405303955	0.0	3.3589346408843994	0.0	0.0	3.4962871074676514	0.0	0.0	0.0	0.0	0.0	0.0	0.0	0.0	0.0	0.0	2.932152509689331	4.082416534423828	0.0	0.0	0.0	0.0	0.0	0.0	1.0266801118850708	0.0	0.0	2.989604949951172	3.375657558441162	0.0	2.20987606048584	0.9790144562721252	0.0	0.0	2.9081757068634033	2.4032506942749023	4.820187091827393	0.0	2.5326337814331055	0.0	2.620331287384033	0.0	0.0	0.0	3.8164467811584473	0.0	0.0	0.0	0.0	0.0	0.0	0.0	2.5007123947143555	3.9803807735443115	0.0	0.0	0.0	0.0	0.0	0.0	1.9849451780319214	0.0	0.0	0.0	3.9664244651794434	0.0	4.483114242553711	0.0	3.039950370788574	0.0	1.7355148792266846	0.0	0.0	0.0
3.5985567569732666	0.0	3.6481130123138428	0.0	0.0	3.2261617183685303	3.7728278636932373	1.404374361038208	0.0	0.0	2.789560317993164	2.5179896354675293	3.3713605403900146	0.0	0.0	0.0	0.0	3.4134740829467773	2.907984972000122	2.456882953643799	0.0	0.0	0.0	3.6934213638305664	0.0	0.0	0.0	0.0	0.0	5.070274829864502	6.637650489807129	3.0341875553131104	0.0	0.0	0.0	0.0	0.0	0.0	0.0	5.365180969238281	0.0	2.3223259449005127	0.0	0.0	7.585916519165039	0.0	4.589878082275391	2.9283578395843506	1.9535185098648071	1.7123053073883057	0.0	0.0	0.0	2.2785580158233643	2.634887456893921	0.0	3.6497788429260254	0.0	0.0	3.47043776512146	0.0	0.0	0.0	0.0	0.0	0.0	0.0	0.0	0.0	0.0	2.898228645324707	4.278159141540527	0.0	0.0	0.0	0.0	0.0	0.0	1.4711297750473022	0.0	0.0	3.2079169750213623	3.387852430343628	0.0	2.682090997695923	1.096552848815918	0.0	0.0	3.0315310955047607	2.505486249923706	4.628961086273193	0.0	3.145167827606201	0.0	2.5375308990478516	0.0	0.0	0.0	3.727876663208008	0.0	0.0	0.0	0.0	0.0	0.0	0.0	2.326627492904663	3.966665744781494	0.0	0.0	0.0	0.0	0.0	0.0	1.7920483350753784	0.0	0.0	0.0	4.168735504150391	0.0	4.679516792297363	0.0	3.6548266410827637	0.0	1.3088698387145996	0.0	0.0	0.0
3.70947265625	0.0	3.395981788635254	0.0	0.0	3.1876137256622314	3.1771395206451416	1.4986742734909058	0.0	0.0	2.8431003093719482	2.3641128540039062	3.5121612548828125	0.0	0.0	0.0	0.0	3.4567513465881348	2.811479330062866	2.5931878089904785	0.0	0.0	0.0	3.6458821296691895	0.0	0.0	0.0	0.0	0.0	4.816405296325684	6.607207775115967	2.6173179149627686	0.0	0.0	0.0	0.0	0.0	0.0	0.0	5.4678778648376465	0.0	2.4281373023986816	0.0	0.0	7.904937744140625	0.0	4.427079677581787	2.950772523880005	2.2949609756469727	1.704635500907898	0.0	0.0	0.0	2.3601627349853516	2.555490732192993	0.0	3.43919038772583	0.0	0.0	3.4159650802612305	0.0	0.0	0.0	0.0	0.0	0.0	0.0	0.0	0.0	0.0	2.877507209777832	4.03195333480835	0.0	0.0	0.0	0.0	0.0	0.0	1.185400128364563	0.0	0.0	2.935590982437134	3.3908820152282715	0.0	2.3781521320343018	0.9771770238876343	0.0	0.0	2.7765767574310303	2.50747013092041	4.79248571395874	0.0	2.666656970977783	0.0	2.4918453693389893	0.0	0.0	0.0	3.679291248321533	0.0	0.0	0.0	0.0	0.0	0.0	0.0	2.038576126098633	3.949439287185669	0.0	0.0	0.0	0.0	0.0	0.0	1.926666021347046	0.0	0.0	0.0	4.04960298538208	0.0	4.4453887939453125	0.0	3.414346694946289	0.0	1.5748264789581299	0.0	0.0	0.0
3.6769776344299316	0.0	3.2551798820495605	0.0	0.0	3.3808717727661133	3.4490315914154053	1.7949179410934448	0.0	0.0	2.879023551940918	2.5023739337921143	3.647372007369995	0.0	0.0	0.0	0.0	3.647887706756592	3.0730373859405518	2.4352376461029053	0.0	0.0	0.0	3.5980184078216553	0.0	0.0	0.0	0.0	0.0	4.925044059753418	6.716495037078857	2.506471633911133	0.0	0.0	0.0	0.0	0.0	0.0	0.0	5.600600719451904	0.0	2.4785540103912354	0.0	0.0	7.822108268737793	0.0	4.582618713378906	3.1671388149261475	2.3272922039031982	1.9035671949386597	0.0	0.0	0.0	2.2302682399749756	2.4534881114959717	0.0	3.4904561042785645	0.0	0.0	3.6195576190948486	0.0	0.0	0.0	0.0	0.0	0.0	0.0	0.0	0.0	0.0	2.8730833530426025	4.113454341888428	0.0	0.0	0.0	0.0	0.0	0.0	1.0951831340789795	0.0	0.0	3.1148364543914795	3.2873923778533936	0.0	2.3952126502990723	1.1492180824279785	0.0	0.0	2.8651063442230225	2.5965449810028076	4.81264591217041	0.0	2.4253435134887695	0.0	2.3290557861328125	0.0	0.0	0.0	3.5455164909362793	0.0	0.0	0.0	0.0	0.0	0.0	0.0	2.2840890884399414	3.9221396446228027	0.0	0.0	0.0	0.0	0.0	0.0	1.9996299743652344	0.0	0.0	0.0	4.155295372009277	0.0	4.703273296356201	0.0	3.214036226272583	0.0	1.8054487705230713	0.0	0.0	0.0
3.8123292922973633	0.0	3.4589390754699707	0.0	0.0	3.1649527549743652	3.3781049251556396	1.5013355016708374	0.0	0.0	2.775066375732422	2.488203287124634	3.3659698963165283	0.0	0.0	0.0	0.0	3.4991934299468994	2.8316237926483154	2.5224225521087646	0.0	0.0	0.0	3.6223230361938477	0.0	0.0	0.0	0.0	0.0	4.803316593170166	6.500499725341797	2.613861322402954	0.0	0.0	0.0	0.0	0.0	0.0	0.0	5.379369735717773	0.0	2.458289384841919	0.0	0.0	7.870176315307617	0.0	4.424684047698975	2.9283640384674072	2.27382493019104	1.5616170167922974	0.0	0.0	0.0	2.2458174228668213	2.602102518081665	0.0	3.4605331420898438	0.0	0.0	3.569178581237793	0.0	0.0	0.0	0.0	0.0	0.0	0.0	0.0	0.0	0.0	2.7871806621551514	3.969599723815918	0.0	0.0	0.0	0.0	0.0	0.0	1.1717194318771362	0.0	0.0	2.9675028324127197	3.225336790084839	0.0	2.396700859069824	1.1456385850906372	0.0	0.0	2.902024030685425	2.6140780448913574	4.746623516082764	0.0	2.903996467590332	0.0	2.4950613975524902	0.0	0.0	0.0	3.5233447551727295	0.0	0.0	0.0	0.0	0.0	0.0	0.0	2.056007146835327	3.968714475631714	0.0	0.0	0.0	0.0	0.0	0.0	1.9306223392486572	0.0	0.0	0.0	3.9929213523864746	0.0	4.550768852233887	0.0	3.2805867195129395	0.0	1.5663632154464722	0.0	0.0	0.0
3.585706949234009	0.0	3.662713050842285	0.0	0.0	3.3082618713378906	3.743807077407837	1.4071530103683472	0.0	0.0	2.7292871475219727	2.5507442951202393	3.3574488162994385	0.0	0.0	0.0	0.0	3.4264259338378906	2.8680660724639893	2.296320915222168	0.0	0.0	0.0	3.7600717544555664	0.0	0.0	0.0	0.0	0.0	4.874877452850342	6.66883659362793	2.9212214946746826	0.0	0.0	0.0	0.0	0.0	0.0	0.0	5.2412543296813965	0.0	2.4873580932617188	0.0	0.0	7.566030025482178	0.0	4.650896072387695	3.0788631439208984	2.120511054992676	1.565368890762329	0.0	0.0	0.0	2.3767025470733643	2.79954195022583	0.0	3.7534050941467285	0.0	0.0	3.576744318008423	0.0	0.0	0.0	0.0	0.0	0.0	0.0	0.0	0.0	0.0	3.1245696544647217	4.1404314041137695	0.0	0.0	0.0	0.0	0.0	0.0	1.4910376071929932	0.0	0.0	3.1860461235046387	3.321434497833252	0.0	2.680026054382324	1.19253408908844	0.0	0.0	3.037346839904785	2.6995463371276855	4.653802394866943	0.0	3.2043745517730713	0.0	2.527113199234009	0.0	0.0	0.0	3.7033567428588867	0.0	0.0	0.0	0.0	0.0	0.0	0.0	2.2561521530151367	3.92846941947937	0.0	0.0	0.0	0.0	0.0	0.0	1.804512619972229	0.0	0.0	0.0	4.302762985229492	0.0	4.792083740234375	0.0	3.683628797531128	0.0	1.3787482976913452	0.0	0.0	0.0
3.5685794353485107	0.0	3.4443066120147705	0.0	0.0	3.1571247577667236	3.4282023906707764	1.5231447219848633	0.0	0.0	2.670328140258789	2.456308126449585	3.538971185684204	0.0	0.0	0.0	0.0	3.4858932495117188	2.995347023010254	2.4495959281921387	0.0	0.0	0.0	3.670409917831421	0.0	0.0	0.0	0.0	0.0	4.880526065826416	6.569828033447266	2.7926807403564453	0.0	0.0	0.0	0.0	0.0	0.0	0.0	5.614884376525879	0.0	2.4638822078704834	0.0	0.0	7.7536749839782715	0.0	4.496767997741699	3.1214723587036133	2.3609468936920166	1.9867892265319824	0.0	0.0	0.0	2.1601662635803223	2.335604429244995	0.0	3.416656732559204	0.0	0.0	3.386977434158325	0.0	0.0	0.0	0.0	0.0	0.0	0.0	0.0	0.0	0.0	3.024899959564209	4.141149044036865	0.0	0.0	0.0	0.0	0.0	0.0	1.3058182001113892	0.0	0.0	3.2125461101531982	3.3670835494995117	0.0	2.529398202896118	0.9258695840835571	0.0	0.0	2.78621506690979	2.6858770847320557	4.856810092926025	0.0	2.568004846572876	0.0	2.4070088863372803	0.0	0.0	0.0	3.4720585346221924	0.0	0.0	0.0	0.0	0.0	0.0	0.0	2.1545827388763428	3.9573850631713867	0.0	0.0	0.0	0.0	0.0	0.0	1.921022653579712	0.0	0.0	0.0	4.261038780212402	0.0	4.629899978637695	0.0	3.607556104660034	0.0	1.5562000274658203	0.0	0.0	0.0
4.418781757354736	0.0	4.137998104095459	0.0	0.0	3.551882028579712	2.6990928649902344	2.2235658168792725	0.0	0.0	2.9783926010131836	2.7223458290100098	2.742753505706787	0.0	0.0	0.0	0.0	3.7554638385772705	2.2517974376678467	2.302732229232788	0.0	0.0	0.0	3.72405743598938	0.0	0.0	0.0	0.0	0.0	4.921830654144287	7.23879861831665	2.0928378105163574	0.0	0.0	0.0	0.0	0.0	0.0	0.0	5.9268598556518555	0.0	2.8190269470214844	0.0	0.0	8.868340492248535	0.0	4.784406661987305	2.965698719024658	1.601704716682434	1.2112700939178467	0.0	0.0	0.0	2.15444278717041	3.0691630840301514	0.0	2.824702024459839	0.0	0.0	3.4908463954925537	0.0	0.0	0.0	0.0	0.0	0.0	0.0	0.0	0.0	0.0	3.249748706817627	3.9301204681396484	0.0	0.0	0.0	0.0	0.0	0.0	0.7019045948982239	0.0	0.0	2.64363956451416	2.9083096981048584	0.0	1.7291767597198486	1.535132884979248	0.0	0.0	2.997967004776001	2.6867105960845947	5.162661075592041	0.0	2.1136093139648438	0.0	3.083073616027832	0.0	0.0	0.0	4.327389240264893	0.0	0.0	0.0	0.0	0.0	0.0	0.0	1.9556963443756104	3.463474988937378	0.0	0.0	0.0	0.0	0.0	0.0	2.2533915042877197	0.0	0.0	0.0	3.441594362258911	0.0	4.685144901275635	0.0	3.4071505069732666	0.0	1.4788206815719604	0.0	0.0	0.0
3.3116164207458496	0.0	3.7093911170959473	0.0	0.0	3.5546391010284424	3.8575196266174316	1.3601220846176147	0.0	0.0	2.3095993995666504	2.8302693367004395	2.4904937744140625	0.0	0.0	0.0	0.0	3.613412857055664	3.324338436126709	1.5174930095672607	0.0	0.0	0.0	3.811269760131836	0.0	0.0	0.0	0.0	0.0	4.814253807067871	6.658209323883057	2.7228798866271973	0.0	0.0	0.0	0.0	0.0	0.0	0.0	5.085144519805908	0.0	2.7838404178619385	0.0	0.0	7.312314510345459	0.0	4.917762756347656	3.073091506958008	1.867857575416565	1.5544934272766113	0.0	0.0	0.0	2.226978302001953	2.904972553253174	0.0	3.9972403049468994	0.0	0.0	3.8418304920196533	0.0	0.0	0.0	0.0	0.0	0.0	0.0	0.0	0.0	0.0	3.093268632888794	4.466598033905029	0.0	0.0	0.0	0.0	0.0	0.0	2.06892728805542	0.0	0.0	3.343386650085449	2.8944928646087646	0.0	2.883481740951538	1.5626366138458252	0.0	0.0	2.886941432952881	2.700519561767578	4.332621097564697	0.0	3.9892590045928955	0.0	2.195106029510498	0.0	0.0	0.0	3.640166997909546	0.0	0.0	0.0	0.0	0.0	0.0	0.0	1.9252523183822632	3.6200973987579346	0.0	0.0	0.0	0.0	0.0	0.0	1.9310686588287354	0.0	0.0	0.0	4.416020393371582	0.0	5.140542030334473	0.0	4.601472854614258	0.0	0.7028903961181641	0.0	0.0	0.0
3.560814380645752	0.0	3.4965343475341797	0.0	0.0	3.2653446197509766	3.5063934326171875	1.670275330543518	0.0	0.0	2.6117680072784424	2.611180067062378	3.3353688716888428	0.0	0.0	0.0	0.0	3.5331387519836426	3.0186767578125	2.4139766693115234	0.0	0.0	0.0	3.4521331787109375	0.0	0.0	0.0	0.0	0.0	4.871089935302734	6.61315393447876	2.835160255432129	0.0	0.0	0.0	0.0	0.0	0.0	0.0	5.5970258712768555	0.0	2.604308843612671	0.0	0.0	7.785797119140625	0.0	4.534806728363037	3.1078593730926514	2.1361658573150635	1.6327216625213623	0.0	0.0	0.0	2.2189507484436035	2.592118263244629	0.0	3.4092276096343994	0.0	0.0	3.5197811126708984	0.0	0.0	0.0	0.0	0.0	0.0	0.0	0.0	0.0	0.0	3.2605817317962646	4.113483428955078	0.0	0.0	0.0	0.0	0.0	0.0	1.2652682065963745	0.0	0.0	3.22102427482605	3.332200765609741	0.0	2.3842227458953857	1.134710669517517	0.0	0.0	3.1001458168029785	2.81380295753479	4.707608699798584	0.0	2.6595938205718994	0.0	2.461663246154785	0.0	0.0	0.0	3.5700700283050537	0.0	0.0	0.0	0.0	0.0	0.0	0.0	2.416411876678467	3.8953323364257812	0.0	0.0	0.0	0.0	0.0	0.0	1.9844852685928345	0.0	0.0	0.0	4.200795650482178	0.0	4.8793134689331055	0.0	3.213345766067505	0.0	1.5048929452896118	0.0	0.0	0.0
3.3211705684661865	0.0	3.1951682567596436	0.0	0.0	3.5875473022460938	3.746657609939575	1.7687220573425293	0.0	0.0	2.4690074920654297	2.580183744430542	5.242803573608398	0.0	0.0	0.0	0.0	4.1841816902160645	3.6486752033233643	2.554533004760742	0.0	0.0	0.0	3.7536797523498535	0.0	0.0	0.0	0.0	0.0	4.783992290496826	5.8424882888793945	2.8285791873931885	0.0	0.0	0.0	0.0	0.0	0.0	0.0	6.358954429626465	0.0	2.8301854133605957	0.0	0.0	8.01036262512207	0.0	3.8890175819396973	3.135136604309082	3.6762893199920654	3.293794870376587	0.0	0.0	0.0	0.8188833594322205	1.8290514945983887	0.0	3.957968235015869	0.0	0.0	3.445050001144409	0.0	0.0	0.0	0.0	0.0	0.0	0.0	0.0	0.0	0.0	3.056826114654541	4.2471113204956055	0.0	0.0	0.0	0.0	0.0	0.0	1.1659108400344849	0.0	0.0	3.873589277267456	3.8982341289520264	0.0	3.0822718143463135	0.0	0.0	0.0	2.0964438915252686	3.6463210582733154	6.102344989776611	0.0	2.700840711593628	0.0	2.21915602684021	0.0	0.0	0.0	2.71010684967041	0.0	0.0	0.0	0.0	0.0	0.0	0.0	3.398042917251587	4.747076988220215	0.0	0.0	0.0	0.0	0.0	0.0	2.5553300380706787	0.0	0.0	0.0	5.729920864105225	0.0	4.676508903503418	0.0	2.837756395339966	0.0	2.3315231800079346	0.0	0.0	0.0
3.7800304889678955	0.0	3.647538423538208	0.0	0.0	3.259819507598877	3.5608484745025635	1.3948320150375366	0.0	0.0	2.711228847503662	2.5142900943756104	3.232213258743286	0.0	0.0	0.0	0.0	3.5564441680908203	2.992802143096924	2.314197540283203	0.0	0.0	0.0	3.600515127182007	0.0	0.0	0.0	0.0	0.0	4.965420246124268	6.773505210876465	2.8965296745300293	0.0	0.0	0.0	0.0	0.0	0.0	0.0	5.5245280265808105	0.0	2.6504876613616943	0.0	0.0	7.6880693435668945	0.0	4.7940778732299805	3.3457281589508057	1.986377477645874	1.773329734802246	0.0	0.0	0.0	2.4076120853424072	2.505539655685425	0.0	3.492298126220703	0.0	0.0	3.520824670791626	0.0	0.0	0.0	0.0	0.0	0.0	0.0	0.0	0.0	0.0	2.970280170440674	4.365786552429199	0.0	0.0	0.0	0.0	0.0	0.0	1.395096778869629	0.0	0.0	3.143636465072632	3.3086347579956055	0.0	2.549259901046753	1.012401819229126	0.0	0.0	2.9759035110473633	2.6640520095825195	4.811966896057129	0.0	3.0019941329956055	0.0	2.3318941593170166	0.0	0.0	0.0	3.666170358657837	0.0	0.0	0.0	0.0	0.0	0.0	0.0	1.9885450601577759	3.849137783050537	0.0	0.0	0.0	0.0	0.0	0.0	2.0336077213287354	0.0	0.0	0.0	4.188634872436523	0.0	4.81167459487915	0.0	4.1014227867126465	0.0	1.3206713199615479	0.0	0.0	0.0
3.6141037940979004	0.0	3.085709571838379	0.0	0.0	2.600940227508545	3.68082594871521	1.3080025911331177	0.0	0.0	2.782780170440674	2.57181715965271	3.6862354278564453	0.0	0.0	0.0	0.0	3.0919036865234375	2.9388957023620605	2.7891130447387695	0.0	0.0	0.0	3.405522346496582	0.0	0.0	0.0	0.0	0.0	4.925396919250488	5.847909450531006	3.2869672775268555	0.0	0.0	0.0	0.0	0.0	0.0	0.0	5.173336982727051	0.0	2.2924435138702393	0.0	0.0	7.078054904937744	0.0	4.118044853210449	2.88523006439209	1.8633806705474854	1.9445714950561523	0.0	0.0	0.0	2.3529975414276123	3.059579372406006	0.0	3.7992069721221924	0.0	0.0	3.3657889366149902	0.0	0.0	0.0	0.0	0.0	0.0	0.0	0.0	0.0	0.0	2.8996999263763428	4.188165187835693	0.0	0.0	0.0	0.0	0.0	0.0	1.3271961212158203	0.0	0.0	3.037233829498291	3.805837869644165	0.0	2.6991379261016846	0.7741070985794067	0.0	0.0	3.1769800186157227	2.214747428894043	4.466181755065918	0.0	3.0090932846069336	0.0	2.5128540992736816	0.0	0.0	0.0	3.6031627655029297	0.0	0.0	0.0	0.0	0.0	0.0	0.0	2.3208141326904297	4.259509086608887	0.0	0.0	0.0	0.0	0.0	0.0	2.0819642543792725	0.0	0.0	0.0	4.2187042236328125	0.0	4.407272815704346	0.0	2.746387481689453	0.0	1.7847806215286255	0.0	0.0	0.0
2.569786310195923	0.0	3.57511830329895	0.0	0.0	4.033422470092773	3.58347225189209	1.7601032257080078	0.0	0.0	2.2258176803588867	2.2799437046051025	2.7951107025146484	0.0	0.0	0.0	0.0	4.767815589904785	3.1850509643554688	2.085266351699829	0.0	0.0	0.0	3.0186386108398438	0.0	0.0	0.0	0.0	0.0	4.448459625244141	6.533421516418457	2.5841715335845947	0.0	0.0	0.0	0.0	0.0	0.0	0.0	6.797463417053223	0.0	2.989779472351074	0.0	0.0	7.997603416442871	0.0	4.89595890045166	3.960357666015625	2.0441176891326904	2.7847704887390137	0.0	0.0	0.0	2.0954346656799316	1.7743802070617676	0.0	3.265212297439575	0.0	0.0	4.454809188842773	0.0	0.0	0.0	0.0	0.0	0.0	0.0	0.0	0.0	0.0	3.649561643600464	4.591695785522461	0.0	0.0	0.0	0.0	0.0	0.0	3.253927230834961	0.0	0.0	3.090754270553589	3.7488667964935303	0.0	2.3058507442474365	1.2920689582824707	0.0	0.0	2.9128053188323975	3.1830050945281982	4.770439147949219	0.0	1.4116498231887817	0.0	2.3187625408172607	0.0	0.0	0.0	3.6213393211364746	0.0	0.0	0.0	0.0	0.0	0.0	0.0	2.683910608291626	3.7279019355773926	0.0	0.0	0.0	0.0	0.0	0.0	2.1494553089141846	0.0	0.0	0.0	5.65614128112793	0.0	5.641170501708984	0.0	3.849231004714966	0.0	1.4596810340881348	0.0	0.0	0.0
4.78638219833374	0.0	4.485447883605957	0.0	0.0	4.0326666831970215	2.2855963706970215	1.943165898323059	0.0	0.0	2.718451976776123	3.522737979888916	0.7859230637550354	0.0	0.0	0.0	0.0	3.9742205142974854	2.73215651512146	0.0	0.0	0.0	0.0	4.698868274688721	0.0	0.0	0.0	0.0	0.0	5.972283363342285	8.819659233093262	2.2458250522613525	0.0	0.0	0.0	0.0	0.0	0.0	0.0	6.285315036773682	0.0	4.048325061798096	0.0	0.0	8.422719955444336	0.0	6.839993476867676	3.9884231090545654	1.5428075790405273	2.475177526473999	0.0	0.0	0.0	3.4427130222320557	2.5954833030700684	0.0	2.6901464462280273	0.0	0.0	3.78412127494812	0.0	0.0	0.0	0.0	0.0	0.0	0.0	0.0	0.0	0.0	4.967526435852051	5.214860439300537	0.0	0.0	0.0	0.0	0.0	0.0	2.6859066486358643	0.0	0.0	2.964815616607666	2.1522293090820312	0.0	2.6063201427459717	3.0685765743255615	0.0	0.0	3.8381412029266357	3.337797164916992	5.741020679473877	0.0	2.4379143714904785	0.0	2.239342451095581	0.0	0.0	0.0	5.294336318969727	0.0	0.0	0.0	0.0	0.0	0.0	0.0	0.0	2.4703149795532227	0.0	0.0	0.0	0.0	0.0	0.0	3.370344638824463	0.0	0.0	0.0	4.259041786193848	0.0	6.108155727386475	0.0	8.140243530273438	0.0	0.0	0.0	0.0	0.0
3.137171506881714	0.0	3.8541908264160156	0.0	0.0	3.3742053508758545	3.9022433757781982	1.1297414302825928	0.0	0.0	2.2725696563720703	2.584829568862915	2.7563445568084717	0.0	0.0	0.0	0.0	3.5761029720306396	2.970945119857788	1.6284208297729492	0.0	0.0	0.0	3.618195056915283	0.0	0.0	0.0	0.0	0.0	4.776919841766357	6.583678245544434	2.951486349105835	0.0	0.0	0.0	0.0	0.0	0.0	0.0	5.295600414276123	0.0	2.942890167236328	0.0	0.0	7.381727695465088	0.0	5.042829990386963	3.389439105987549	1.5746577978134155	1.8185707330703735	0.0	0.0	0.0	2.4338204860687256	2.9793038368225098	0.0	3.989516019821167	0.0	0.0	3.7631142139434814	0.0	0.0	0.0	0.0	0.0	0.0	0.0	0.0	0.0	0.0	3.4899327754974365	4.5982255935668945	0.0	0.0	0.0	0.0	0.0	0.0	2.1032304763793945	0.0	0.0	3.1852004528045654	3.201361894607544	0.0	2.8265905380249023	1.2378870248794556	0.0	0.0	3.1591391563415527	2.9896769523620605	4.496537208557129	0.0	3.355570077896118	0.0	2.4436001777648926	0.0	0.0	0.0	3.8001527786254883	0.0	0.0	0.0	0.0	0.0	0.0	0.0	2.0024051666259766	3.8107826709747314	0.0	0.0	0.0	0.0	0.0	0.0	1.8198949098587036	0.0	0.0	0.0	4.695619583129883	0.0	5.209202289581299	0.0	4.51657247543335	0.0	0.738640308380127	0.0	0.0	0.0
3.9377567768096924	0.0	3.5005693435668945	0.0	0.0	3.1944568157196045	3.421400308609009	1.4498118162155151	0.0	0.0	2.703291177749634	2.5626003742218018	3.3843908309936523	0.0	0.0	0.0	0.0	3.2501137256622314	2.877551794052124	2.336069107055664	0.0	0.0	0.0	3.7070224285125732	0.0	0.0	0.0	0.0	0.0	4.928702354431152	6.707839488983154	2.929485559463501	0.0	0.0	0.0	0.0	0.0	0.0	0.0	5.354214668273926	0.0	2.662066698074341	0.0	0.0	7.794215202331543	0.0	4.605020999908447	3.006809949874878	2.4176583290100098	1.4817789793014526	0.0	0.0	0.0	2.4690358638763428	2.806917667388916	0.0	3.4798614978790283	0.0	0.0	3.4823055267333984	0.0	0.0	0.0	0.0	0.0	0.0	0.0	0.0	0.0	0.0	3.20534610748291	3.9540109634399414	0.0	0.0	0.0	0.0	0.0	0.0	1.1676760911941528	0.0	0.0	3.035412549972534	3.2513179779052734	0.0	2.416994094848633	1.1990900039672852	0.0	0.0	3.2302346229553223	2.841017484664917	4.78333044052124	0.0	2.827491044998169	0.0	2.4560654163360596	0.0	0.0	0.0	3.856710195541382	0.0	0.0	0.0	0.0	0.0	0.0	0.0	2.063676595687866	4.01015043258667	0.0	0.0	0.0	0.0	0.0	0.0	1.974528431892395	0.0	0.0	0.0	3.9754388332366943	0.0	4.683280944824219	0.0	3.5334410667419434	0.0	1.5100324153900146	0.0	0.0	0.0
1.8781217336654663	0.0	3.85774302482605	0.0	0.0	4.354056358337402	3.7689595222473145	1.2327208518981934	0.0	0.0	1.175408124923706	2.5250210762023926	2.2949681282043457	0.0	0.0	0.0	0.0	5.5320658683776855	3.8764536380767822	0.6635321378707886	0.0	0.0	0.0	2.1926374435424805	0.0	0.0	0.0	0.0	0.0	4.017359256744385	5.780090808868408	2.30863618850708	0.0	0.0	0.0	0.0	0.0	0.0	0.0	7.75426721572876	0.0	4.275764465332031	0.0	0.0	6.887674331665039	0.0	5.438979148864746	5.130181789398193	1.5275626182556152	4.063243389129639	0.0	0.0	0.0	1.7700315713882446	1.6416583061218262	0.0	3.3596339225769043	0.0	0.0	4.729994773864746	0.0	0.0	0.0	0.0	0.0	0.0	0.0	0.0	0.0	0.0	4.697612762451172	5.389560699462891	0.0	0.0	0.0	0.0	0.0	0.0	4.528066158294678	0.0	0.0	3.2889907360076904	3.700662612915039	0.0	2.5973060131073	1.050521731376648	0.0	0.0	2.945216178894043	4.099183559417725	4.599132537841797	0.0	0.2279135137796402	0.0	2.0461246967315674	0.0	0.0	0.0	3.3348023891448975	0.0	0.0	0.0	0.0	0.0	0.0	0.0	2.9936141967773438	3.7495739459991455	0.0	0.0	0.0	0.0	0.0	0.0	2.733118772506714	0.0	0.0	0.0	7.123600006103516	0.0	7.27853536605835	0.0	5.627804279327393	0.0	1.2796635627746582	0.0	0.0	0.0
3.777437686920166	0.0	3.2688796520233154	0.0	0.0	3.1831226348876953	3.246166467666626	1.448616623878479	0.0	0.0	2.8019635677337646	2.438819646835327	3.3879456520080566	0.0	0.0	0.0	0.0	3.6081924438476562	2.8855395317077637	2.512843370437622	0.0	0.0	0.0	3.631484031677246	0.0	0.0	0.0	0.0	0.0	4.695143222808838	6.572420120239258	2.736088991165161	0.0	0.0	0.0	0.0	0.0	0.0	0.0	5.46734619140625	0.0	2.6569929122924805	0.0	0.0	7.769900321960449	0.0	4.496373653411865	3.0163142681121826	2.451140880584717	1.6227188110351562	0.0	0.0	0.0	2.3383395671844482	2.553020715713501	0.0	3.4931256771087646	0.0	0.0	3.452336072921753	0.0	0.0	0.0	0.0	0.0	0.0	0.0	0.0	0.0	0.0	3.1565372943878174	4.013191223144531	0.0	0.0	0.0	0.0	0.0	0.0	1.1633563041687012	0.0	0.0	2.986874580383301	3.295961856842041	0.0	2.306668758392334	1.0398446321487427	0.0	0.0	3.064455270767212	2.8312039375305176	4.777454376220703	0.0	2.6230618953704834	0.0	2.420828104019165	0.0	0.0	0.0	3.7686870098114014	0.0	0.0	0.0	0.0	0.0	0.0	0.0	2.0300967693328857	4.0617899894714355	0.0	0.0	0.0	0.0	0.0	0.0	1.888388752937317	0.0	0.0	0.0	4.008225440979004	0.0	4.640166282653809	0.0	3.5905380249023438	0.0	1.4398332834243774	0.0	0.0	0.0
2.8174846172332764	0.0	3.4999353885650635	0.0	0.0	4.774996280670166	2.119434118270874	2.3408477306365967	0.0	0.0	3.196363687515259	2.805872678756714	1.5530139207839966	0.0	0.0	0.0	0.0	5.797604560852051	3.387681007385254	0.0	0.0	0.0	0.0	3.8018484115600586	0.0	0.0	0.0	0.0	0.0	4.991039752960205	7.815691947937012	1.1477805376052856	0.0	0.0	0.0	0.0	0.0	0.0	0.0	7.647970676422119	0.0	4.237172603607178	0.0	0.0	8.365483283996582	0.0	5.920733451843262	4.952052593231201	0.8034891486167908	5.44119119644165	0.0	0.0	0.0	2.7164950370788574	1.8822637796401978	0.0	3.0998692512512207	0.0	0.0	4.746804237365723	0.0	0.0	0.0	0.0	0.0	0.0	0.0	0.0	0.0	0.0	4.736623764038086	5.680668830871582	0.0	0.0	0.0	0.0	0.0	0.0	4.159651756286621	0.0	0.0	2.776108980178833	3.578953266143799	0.0	2.5315425395965576	1.7567377090454102	0.0	0.0	2.5770983695983887	2.7426578998565674	5.91973876953125	0.0	0.5391682386398315	0.0	1.7778749465942383	0.0	0.0	0.0	4.588762283325195	0.0	0.0	0.0	0.0	0.0	0.0	0.0	0.06031690537929535	2.171612024307251	0.0	0.0	0.0	0.0	0.0	0.0	3.912719249725342	0.0	0.0	0.0	6.276543140411377	0.0	7.0197930335998535	0.0	7.616024017333984	0.0	0.3083438277244568	0.0	0.0	0.0
3.408597707748413	0.0	3.50850510597229	0.0	0.0	3.266183853149414	3.398674488067627	1.0973083972930908	0.0	0.0	2.3057303428649902	2.5468709468841553	3.2085764408111572	0.0	0.0	0.0	0.0	3.7484586238861084	3.009695529937744	1.9744465351104736	0.0	0.0	0.0	3.166349411010742	0.0	0.0	0.0	0.0	0.0	4.5756707191467285	6.264017105102539	2.967313528060913	0.0	0.0	0.0	0.0	0.0	0.0	0.0	5.757730484008789	0.0	3.1861815452575684	0.0	0.0	7.327330112457275	0.0	4.548360824584961	3.4791533946990967	1.9228689670562744	2.1204721927642822	0.0	0.0	0.0	2.2147879600524902	2.588373899459839	0.0	3.5600473880767822	0.0	0.0	3.549769878387451	0.0	0.0	0.0	0.0	0.0	0.0	0.0	0.0	0.0	0.0	3.506199836730957	4.382582187652588	0.0	0.0	0.0	0.0	0.0	0.0	1.7487633228302002	0.0	0.0	3.0494472980499268	3.417552947998047	0.0	2.4344637393951416	0.6971858143806458	0.0	0.0	3.0893256664276123	3.006336212158203	4.730134010314941	0.0	2.4020280838012695	0.0	2.219459295272827	0.0	0.0	0.0	3.7399487495422363	0.0	0.0	0.0	0.0	0.0	0.0	0.0	2.2951648235321045	3.9339213371276855	0.0	0.0	0.0	0.0	0.0	0.0	2.2678475379943848	0.0	0.0	0.0	4.778569221496582	0.0	5.228616714477539	0.0	4.288486957550049	0.0	1.2430087327957153	0.0	0.0	0.0
3.91860032081604	0.0	3.3264999389648438	0.0	0.0	3.3030903339385986	3.07971453666687	1.7960107326507568	0.0	0.0	2.747709035873413	2.50944447517395	3.3680527210235596	0.0	0.0	0.0	0.0	3.4142982959747314	2.7758610248565674	2.2964603900909424	0.0	0.0	0.0	3.5816736221313477	0.0	0.0	0.0	0.0	0.0	4.795355796813965	6.715693950653076	2.421922445297241	0.0	0.0	0.0	0.0	0.0	0.0	0.0	5.648616790771484	0.0	2.655648708343506	0.0	0.0	7.863593578338623	0.0	4.477511882781982	3.0095889568328857	2.189419746398926	1.7102066278457642	0.0	0.0	0.0	2.2347795963287354	2.6742827892303467	0.0	3.13814640045166	0.0	0.0	3.4328293800354004	0.0	0.0	0.0	0.0	0.0	0.0	0.0	0.0	0.0	0.0	3.116546392440796	4.0110764503479	0.0	0.0	0.0	0.0	0.0	0.0	0.9173817038536072	0.0	0.0	2.931480646133423	3.1252152919769287	0.0	2.173198938369751	1.0801119804382324	0.0	0.0	3.0006651878356934	2.623758316040039	4.899439334869385	0.0	2.1858811378479004	0.0	2.468512773513794	0.0	0.0	0.0	3.757277250289917	0.0	0.0	0.0	0.0	0.0	0.0	0.0	2.0318593978881836	3.751883029937744	0.0	0.0	0.0	0.0	0.0	0.0	2.1729114055633545	0.0	0.0	0.0	3.9740562438964844	0.0	4.673017978668213	0.0	3.2308807373046875	0.0	1.704802393913269	0.0	0.0	0.0
4.122829437255859	0.0	3.525660753250122	0.0	0.0	3.139124870300293	3.1185007095336914	1.4060852527618408	0.0	0.0	2.6540520191192627	2.704840660095215	3.0488693714141846	0.0	0.0	0.0	0.0	3.622347831726074	3.007371187210083	2.0491602420806885	0.0	0.0	0.0	4.058961868286133	0.0	0.0	0.0	0.0	0.0	4.831766605377197	6.6494574546813965	2.3555057048797607	0.0	0.0	0.0	0.0	0.0	0.0	0.0	5.210352420806885	0.0	2.649737596511841	0.0	0.0	7.919356822967529	0.0	4.76735782623291	3.077638864517212	2.82177996635437	1.3149020671844482	0.0	0.0	0.0	2.3864846229553223	2.696390390396118	0.0	3.469897508621216	0.0	0.0	3.7342422008514404	0.0	0.0	0.0	0.0	0.0	0.0	0.0	0.0	0.0	0.0	3.3024425506591797	3.8442723751068115	0.0	0.0	0.0	0.0	0.0	0.0	1.5400744676589966	0.0	0.0	2.982218027114868	3.008593797683716	0.0	2.520596981048584	1.7193523645401	0.0	0.0	3.033308982849121	3.153228282928467	4.717000961303711	0.0	3.1987247467041016	0.0	2.4227938652038574	0.0	0.0	0.0	3.7425074577331543	0.0	0.0	0.0	0.0	0.0	0.0	0.0	1.7857956886291504	4.100564002990723	0.0	0.0	0.0	0.0	0.0	0.0	2.026562213897705	0.0	0.0	0.0	3.8537001609802246	0.0	5.024128437042236	0.0	3.781339645385742	0.0	1.4650070667266846	0.0	0.0	0.0
3.5654122829437256	0.0	3.4533729553222656	0.0	0.0	3.2107467651367188	3.8651857376098633	1.3398754596710205	0.0	0.0	2.0321805477142334	2.3554513454437256	4.656007289886475	0.0	0.0	0.0	0.0	4.033875942230225	3.2240984439849854	1.2324728965759277	0.0	0.0	0.0	2.3637683391571045	0.0	0.0	0.0	0.0	0.0	4.538188457489014	5.626065254211426	3.3344130516052246	0.0	0.0	0.0	0.0	0.0	0.0	0.0	7.304254055023193	0.0	3.6392974853515625	0.0	0.0	6.177567958831787	0.0	4.7174882888793945	4.3396148681640625	2.361607551574707	3.5860657691955566	0.0	0.0	0.0	1.2748221158981323	0.8047435283660889	0.0	3.154320001602173	0.0	0.0	2.8676419258117676	0.0	0.0	0.0	0.0	0.0	0.0	0.0	0.0	0.0	0.0	4.368948459625244	4.967060089111328	0.0	0.0	0.0	0.0	0.0	0.0	1.6097267866134644	0.0	0.0	4.082264423370361	3.9321632385253906	0.0	2.718346118927002	0.0	0.0	0.0	3.633941888809204	4.14825439453125	5.638294219970703	0.0	0.0689861848950386	0.0	2.1999361515045166	0.0	0.0	0.0	3.321974277496338	0.0	0.0	0.0	0.0	0.0	0.0	0.0	3.6190221309661865	4.059988975524902	0.0	0.0	0.0	0.0	0.0	0.0	2.658644676208496	0.0	0.0	0.0	6.233423709869385	0.0	6.167826175689697	0.0	5.22181510925293	0.0	1.6718802452087402	0.0	0.0	0.0
4.1725921630859375	0.0	3.9413628578186035	0.0	0.0	3.7060768604278564	2.85654354095459	2.141568183898926	0.0	0.0	3.2459912300109863	2.6838254928588867	2.715519905090332	0.0	0.0	0.0	0.0	3.8176400661468506	2.347996473312378	2.1669657230377197	0.0	0.0	0.0	4.027408599853516	0.0	0.0	0.0	0.0	0.0	5.074203968048096	7.391395568847656	2.1010642051696777	0.0	0.0	0.0	0.0	0.0	0.0	0.0	5.760765075683594	0.0	2.37184476852417	0.0	0.0	8.680126190185547	0.0	4.833014488220215	2.901369571685791	1.7673226594924927	1.407173752784729	0.0	0.0	0.0	2.429363489151001	2.6114327907562256	0.0	2.970299005508423	0.0	0.0	3.602876901626587	0.0	0.0	0.0	0.0	0.0	0.0	0.0	0.0	0.0	0.0	3.0910325050354004	3.9147861003875732	0.0	0.0	0.0	0.0	0.0	0.0	1.1923285722732544	0.0	0.0	2.6946568489074707	2.9179227352142334	0.0	2.0291624069213867	1.7338048219680786	0.0	0.0	2.73530650138855	2.3193602561950684	5.074421405792236	0.0	2.368140459060669	0.0	2.838299036026001	0.0	0.0	0.0	4.240212440490723	0.0	0.0	0.0	0.0	0.0	0.0	0.0	1.7255420684814453	3.2741665840148926	0.0	0.0	0.0	0.0	0.0	0.0	2.0796756744384766	0.0	0.0	0.0	3.7454745769500732	0.0	4.535923004150391	0.0	3.799804210662842	0.0	1.2300572395324707	0.0	0.0	0.0
3.7344634532928467	0.0	3.6342639923095703	0.0	0.0	3.399949550628662	4.047467231750488	1.8071980476379395	0.0	0.0	2.7934794425964355	2.2974085807800293	3.3158650398254395	0.0	0.0	0.0	0.0	3.2394964694976807	2.5235774517059326	2.7825121879577637	0.0	0.0	0.0	3.333014726638794	0.0	0.0	0.0	0.0	0.0	5.250802516937256	6.786473274230957	3.1606688499450684	0.0	0.0	0.0	0.0	0.0	0.0	0.0	5.826648712158203	0.0	2.1790452003479004	0.0	0.0	7.815035343170166	0.0	4.414329528808594	2.6220223903656006	2.2519803047180176	1.440603256225586	0.0	0.0	0.0	2.106523036956787	2.2945711612701416	0.0	3.2235193252563477	0.0	0.0	3.7629406452178955	0.0	0.0	0.0	0.0	0.0	0.0	0.0	0.0	0.0	0.0	2.431601047515869	4.376153469085693	0.0	0.0	0.0	0.0	0.0	0.0	1.9309123754501343	0.0	0.0	3.21976900100708	3.3666176795959473	0.0	2.166290760040283	1.2136684656143188	0.0	0.0	3.2692415714263916	2.300842523574829	4.506018161773682	0.0	2.5366756916046143	0.0	2.7884938716888428	0.0	0.0	0.0	3.4141035079956055	0.0	0.0	0.0	0.0	0.0	0.0	0.0	2.958766222000122	4.026153564453125	0.0	0.0	0.0	0.0	0.0	0.0	1.5142349004745483	0.0	0.0	0.0	4.389110088348389	0.0	4.0835371017456055	0.0	2.8743107318878174	0.0	1.6880674362182617	0.0	0.0	0.0
3.5789616107940674	0.0	3.604001998901367	0.0	0.0	3.2886524200439453	3.78377366065979	1.4142560958862305	0.0	0.0	2.5300467014312744	2.522690534591675	3.205897331237793	0.0	0.0	0.0	0.0	3.4093525409698486	2.926940679550171	2.2193355560302734	0.0	0.0	0.0	3.539638042449951	0.0	0.0	0.0	0.0	0.0	4.839170932769775	6.63907527923584	2.9123013019561768	0.0	0.0	0.0	0.0	0.0	0.0	0.0	5.377609729766846	0.0	2.652898073196411	0.0	0.0	7.576122283935547	0.0	4.733750343322754	3.1761581897735596	2.066509962081909	1.6201750040054321	0.0	0.0	0.0	2.2347261905670166	2.668139696121216	0.0	3.643115997314453	0.0	0.0	3.613542079925537	0.0	0.0	0.0	0.0	0.0	0.0	0.0	0.0	0.0	0.0	3.0262949466705322	4.285095691680908	0.0	0.0	0.0	0.0	0.0	0.0	1.4497696161270142	0.0	0.0	3.2191102504730225	3.1971678733825684	0.0	2.6101584434509277	1.1399277448654175	0.0	0.0	2.989327907562256	2.8094258308410645	4.688285827636719	0.0	3.0079712867736816	0.0	2.39908766746521	0.0	0.0	0.0	3.525468111038208	0.0	0.0	0.0	0.0	0.0	0.0	0.0	2.260394334793091	3.8536038398742676	0.0	0.0	0.0	0.0	0.0	0.0	1.8285011053085327	0.0	0.0	0.0	4.296715259552002	0.0	4.850396156311035	0.0	3.7494242191314697	0.0	1.3820664882659912	0.0	0.0	0.0
3.659482717514038	0.0	3.399181604385376	0.0	0.0	3.23244309425354	3.371718168258667	1.5158615112304688	0.0	0.0	2.755721092224121	2.3763160705566406	3.4212839603424072	0.0	0.0	0.0	0.0	3.3170437812805176	2.905951499938965	2.5213429927825928	0.0	0.0	0.0	3.642360210418701	0.0	0.0	0.0	0.0	0.0	4.913193225860596	6.7877197265625	2.7949178218841553	0.0	0.0	0.0	0.0	0.0	0.0	0.0	5.367608547210693	0.0	2.4928524494171143	0.0	0.0	7.8756256103515625	0.0	4.499416828155518	2.992380380630493	2.244652509689331	1.7638568878173828	0.0	0.0	0.0	2.4892094135284424	2.518447160720825	0.0	3.5790343284606934	0.0	0.0	3.5544753074645996	0.0	0.0	0.0	0.0	0.0	0.0	0.0	0.0	0.0	0.0	2.9024062156677246	4.196753978729248	0.0	0.0	0.0	0.0	0.0	0.0	1.2632255554199219	0.0	0.0	3.135070562362671	3.344613552093506	0.0	2.553255558013916	1.034511923789978	0.0	0.0	2.90199875831604	2.5450191497802734	4.861451625823975	0.0	2.820406913757324	0.0	2.5939300060272217	0.0	0.0	0.0	3.58864688873291	0.0	0.0	0.0	0.0	0.0	0.0	0.0	2.0155816078186035	3.9479947090148926	0.0	0.0	0.0	0.0	0.0	0.0	1.876583456993103	0.0	0.0	0.0	4.238701343536377	0.0	4.525081634521484	0.0	3.4303388595581055	0.0	1.516798973083496	0.0	0.0	0.0
4.063503742218018	0.0	3.294833183288574	0.0	0.0	3.332918643951416	2.6309926509857178	1.864097237586975	0.0	0.0	2.7553510665893555	2.5921754837036133	3.0655670166015625	0.0	0.0	0.0	0.0	3.4096710681915283	2.6857821941375732	2.0648996829986572	0.0	0.0	0.0	3.736147403717041	0.0	0.0	0.0	0.0	0.0	4.78460693359375	6.918323516845703	2.186279535293579	0.0	0.0	0.0	0.0	0.0	0.0	0.0	5.777801036834717	0.0	2.8801372051239014	0.0	0.0	8.06033992767334	0.0	4.666138172149658	3.0999538898468018	2.4446115493774414	1.805565357208252	0.0	0.0	0.0	2.343174934387207	2.809061288833618	0.0	3.0297791957855225	0.0	0.0	3.4774749279022217	0.0	0.0	0.0	0.0	0.0	0.0	0.0	0.0	0.0	0.0	3.4376730918884277	3.8809962272644043	0.0	0.0	0.0	0.0	0.0	0.0	1.0127135515213013	0.0	0.0	2.779496431350708	3.0017504692077637	0.0	1.971829891204834	1.3861991167068481	0.0	0.0	3.064404249191284	2.675562858581543	4.876780033111572	0.0	1.8009161949157715	0.0	2.511808156967163	0.0	0.0	0.0	4.089794158935547	0.0	0.0	0.0	0.0	0.0	0.0	0.0	1.5222806930541992	3.6113157272338867	0.0	0.0	0.0	0.0	0.0	0.0	2.307565212249756	0.0	0.0	0.0	3.7554361820220947	0.0	4.548999309539795	0.0	3.5139963626861572	0.0	1.746138572692871	0.0	0.0	0.0
3.333716869354248	0.0	3.7854294776916504	0.0	0.0	3.5328564643859863	3.8735713958740234	1.3240669965744019	0.0	0.0	2.344107151031494	2.8083996772766113	2.6038107872009277	0.0	0.0	0.0	0.0	3.5522189140319824	3.186540126800537	1.5964423418045044	0.0	0.0	0.0	3.7795310020446777	0.0	0.0	0.0	0.0	0.0	4.87148380279541	6.626529216766357	2.822615146636963	0.0	0.0	0.0	0.0	0.0	0.0	0.0	5.11884880065918	0.0	2.597668170928955	0.0	0.0	7.308376312255859	0.0	4.8992486000061035	3.130338668823242	1.8849197626113892	1.4209624528884888	0.0	0.0	0.0	2.1489760875701904	2.928159713745117	0.0	3.8506526947021484	0.0	0.0	3.87741756439209	0.0	0.0	0.0	0.0	0.0	0.0	0.0	0.0	0.0	0.0	3.0505857467651367	4.327852725982666	0.0	0.0	0.0	0.0	0.0	0.0	2.142575740814209	0.0	0.0	3.3977153301239014	2.8570029735565186	0.0	2.8204269409179688	1.6156048774719238	0.0	0.0	2.9192304611206055	2.5872204303741455	4.227522850036621	0.0	3.7170662879943848	0.0	2.223808526992798	0.0	0.0	0.0	3.6904728412628174	0.0	0.0	0.0	0.0	0.0	0.0	0.0	2.1048243045806885	3.5198583602905273	0.0	0.0	0.0	0.0	0.0	0.0	1.8656022548675537	0.0	0.0	0.0	4.442056179046631	0.0	5.186382293701172	0.0	4.438694953918457	0.0	0.7556357979774475	0.0	0.0	0.0
3.6767737865448	0.0	3.624826669692993	0.0	0.0	3.2907025814056396	3.3494863510131836	1.2517939805984497	0.0	0.0	2.4905483722686768	2.648163318634033	2.768141746520996	0.0	0.0	0.0	0.0	3.571672201156616	3.085134267807007	1.6178566217422485	0.0	0.0	0.0	3.771733283996582	0.0	0.0	0.0	0.0	0.0	4.97214412689209	6.6203155517578125	2.799664258956909	0.0	0.0	0.0	0.0	0.0	0.0	0.0	5.399703025817871	0.0	2.7162134647369385	0.0	0.0	7.4488019943237305	0.0	4.986471176147461	3.1419599056243896	2.242067337036133	1.5682352781295776	0.0	0.0	0.0	2.2565550804138184	2.6313509941101074	0.0	3.58054518699646	0.0	0.0	3.6027610301971436	0.0	0.0	0.0	0.0	0.0	0.0	0.0	0.0	0.0	0.0	3.319626569747925	4.330806732177734	0.0	0.0	0.0	0.0	0.0	0.0	1.9351625442504883	0.0	0.0	3.23850679397583	3.0390241146087646	0.0	2.5644562244415283	1.402363657951355	0.0	0.0	3.0438735485076904	2.8583853244781494	4.582106113433838	0.0	3.3897857666015625	0.0	2.186133861541748	0.0	0.0	0.0	3.9424259662628174	0.0	0.0	0.0	0.0	0.0	0.0	0.0	1.5805290937423706	3.60589599609375	0.0	0.0	0.0	0.0	0.0	0.0	2.075850486755371	0.0	0.0	0.0	4.278980255126953	0.0	5.008066654205322	0.0	4.633275508880615	0.0	0.8514278531074524	0.0	0.0	0.0
3.140784502029419	0.0	3.0360851287841797	0.0	0.0	4.240105152130127	4.614977836608887	2.2140471935272217	0.0	0.0	3.1240217685699463	2.689173460006714	4.453052997589111	0.0	0.0	0.0	0.0	4.3490753173828125	3.9466536045074463	3.533576488494873	0.0	0.0	0.0	3.351637125015259	0.0	0.0	0.0	0.0	0.0	5.555359363555908	7.373412132263184	3.263396739959717	0.0	0.0	0.0	0.0	0.0	0.0	0.0	5.811641216278076	0.0	1.7644298076629639	0.0	0.0	7.8790812492370605	0.0	4.646571636199951	3.9161860942840576	2.7372803688049316	2.42414927482605	0.0	0.0	0.0	2.0122296810150146	2.368849754333496	0.0	3.966604709625244	0.0	0.0	4.287257194519043	0.0	0.0	0.0	0.0	0.0	0.0	0.0	0.0	0.0	0.0	2.251979112625122	4.412420749664307	0.0	0.0	0.0	0.0	0.0	0.0	1.337342381477356	0.0	0.0	3.7742440700531006	3.875030279159546	0.0	2.56508207321167	1.1372787952423096	0.0	0.0	2.8626489639282227	2.3734021186828613	4.621160984039307	0.0	2.7482986450195312	0.0	1.9311314821243286	0.0	0.0	0.0	3.3723230361938477	0.0	0.0	0.0	0.0	0.0	0.0	0.0	3.470280170440674	4.29668664932251	0.0	0.0	0.0	0.0	0.0	0.0	2.0828604698181152	0.0	0.0	0.0	4.609485149383545	0.0	5.19970178604126	0.0	1.8081824779510498	0.0	2.776885986328125	0.0	0.0	0.0
3.294541358947754	0.0	4.090856075286865	0.0	0.0	3.625913619995117	3.858595132827759	1.1495954990386963	0.0	0.0	2.0138304233551025	3.0597758293151855	2.8764264583587646	0.0	0.0	0.0	0.0	3.4710094928741455	3.2602901458740234	0.0	0.0	0.0	0.0	3.089815139770508	0.0	0.0	0.0	0.0	0.0	5.2753190994262695	7.244256496429443	3.5007376670837402	0.0	0.0	0.0	0.0	0.0	0.0	0.0	6.229874134063721	0.0	4.2517924308776855	0.0	0.0	6.828812122344971	0.0	5.743103981018066	4.672461032867432	2.243828773498535	3.1583025455474854	0.0	0.0	0.0	2.7662699222564697	1.7395247220993042	0.0	3.5129575729370117	0.0	0.0	3.639169692993164	0.0	0.0	0.0	0.0	0.0	0.0	0.0	0.0	0.0	0.0	4.573664665222168	5.2210235595703125	0.0	0.0	0.0	0.0	0.0	0.0	2.9536454677581787	0.0	0.0	3.9099504947662354	2.894406318664551	0.0	3.119208335876465	0.9672880172729492	0.0	0.0	3.956718683242798	3.7753279209136963	4.915956497192383	0.0	1.8359792232513428	0.0	1.9391329288482666	0.0	0.0	0.0	3.4055283069610596	0.0	0.0	0.0	0.0	0.0	0.0	0.0	1.750669002532959	3.5874171257019043	0.0	0.0	0.0	0.0	0.0	0.0	2.117269277572632	0.0	0.0	0.0	6.06082820892334	0.0	6.239096641540527	0.0	6.964444637298584	0.0	0.5876410603523254	0.0	0.0	0.0
3.45637583732605	0.0	3.757129192352295	0.0	0.0	3.40281081199646	3.685335874557495	1.4418675899505615	0.0	0.0	2.7076776027679443	2.539429187774658	3.086045026779175	0.0	0.0	0.0	0.0	3.4997735023498535	2.907970905303955	2.2217957973480225	0.0	0.0	0.0	3.640979528427124	0.0	0.0	0.0	0.0	0.0	4.9018754959106445	6.681183338165283	2.989469051361084	0.0	0.0	0.0	0.0	0.0	0.0	0.0	5.287382125854492	0.0	2.5539538860321045	0.0	0.0	7.626764297485352	0.0	4.696854114532471	3.0561397075653076	1.870984673500061	1.5527044534683228	0.0	0.0	0.0	2.2649991512298584	2.7962350845336914	0.0	3.672410011291504	0.0	0.0	3.567781925201416	0.0	0.0	0.0	0.0	0.0	0.0	0.0	0.0	0.0	0.0	3.0328264236450195	4.173922061920166	0.0	0.0	0.0	0.0	0.0	0.0	1.5351210832595825	0.0	0.0	3.213484525680542	3.194650650024414	0.0	2.6109278202056885	1.278854489326477	0.0	0.0	2.9996144771575928	2.6547064781188965	4.61012601852417	0.0	3.2758467197418213	0.0	2.484646797180176	0.0	0.0	0.0	3.775111198425293	0.0	0.0	0.0	0.0	0.0	0.0	0.0	2.219350814819336	3.7909154891967773	0.0	0.0	0.0	0.0	0.0	0.0	1.8440580368041992	0.0	0.0	0.0	4.144443511962891	0.0	4.787291526794434	0.0	3.771475315093994	0.0	1.1213289499282837	0.0	0.0	0.0
3.506065607070923	0.0	3.683417797088623	0.0	0.0	3.5276525020599365	3.5920403003692627	1.4096873998641968	0.0	0.0	2.297264814376831	2.703573226928711	2.636066436767578	0.0	0.0	0.0	0.0	3.781158924102783	3.3101425170898438	1.4826531410217285	0.0	0.0	0.0	3.6201348304748535	0.0	0.0	0.0	0.0	0.0	4.866696834564209	6.7560014724731445	2.56156325340271	0.0	0.0	0.0	0.0	0.0	0.0	0.0	5.538209438323975	0.0	2.8901631832122803	0.0	0.0	7.372190475463867	0.0	5.055678367614746	3.395541191101074	1.986674189567566	1.8498374223709106	0.0	0.0	0.0	2.278228998184204	2.683608293533325	0.0	3.599977731704712	0.0	0.0	3.747213363647461	0.0	0.0	0.0	0.0	0.0	0.0	0.0	0.0	0.0	0.0	3.2903389930725098	4.65347146987915	0.0	0.0	0.0	0.0	0.0	0.0	1.931996464729309	0.0	0.0	3.3197848796844482	3.0255932807922363	0.0	2.6278436183929443	1.5033185482025146	0.0	0.0	2.934394121170044	2.7811121940612793	4.53189754486084	0.0	3.087707757949829	0.0	2.188166856765747	0.0	0.0	0.0	3.747241497039795	0.0	0.0	0.0	0.0	0.0	0.0	0.0	1.8991570472717285	3.546278476715088	0.0	0.0	0.0	0.0	0.0	0.0	2.2244532108306885	0.0	0.0	0.0	4.448274612426758	0.0	5.351804733276367	0.0	4.634829521179199	0.0	1.0377750396728516	0.0	0.0	0.0
3.8696510791778564	0.0	3.4913647174835205	0.0	0.0	3.1309409141540527	3.4097650051116943	1.3388763666152954	0.0	0.0	2.7729361057281494	2.551591634750366	3.3519039154052734	0.0	0.0	0.0	0.0	3.459759473800659	2.9003794193267822	2.433072805404663	0.0	0.0	0.0	3.684237241744995	0.0	0.0	0.0	0.0	0.0	4.945348262786865	6.53387975692749	2.8398985862731934	0.0	0.0	0.0	0.0	0.0	0.0	0.0	5.372151851654053	0.0	2.4684135913848877	0.0	0.0	7.689004898071289	0.0	4.410781383514404	2.9161136150360107	2.0671024322509766	1.5485838651657104	0.0	0.0	0.0	2.3835132122039795	2.6835246086120605	0.0	3.5184240341186523	0.0	0.0	3.4884684085845947	0.0	0.0	0.0	0.0	0.0	0.0	0.0	0.0	0.0	0.0	2.9177889823913574	4.029819011688232	0.0	0.0	0.0	0.0	0.0	0.0	1.377091646194458	0.0	0.0	3.106511116027832	3.29761004447937	0.0	2.5520870685577393	1.1494311094284058	0.0	0.0	2.9718496799468994	2.643699884414673	4.730896472930908	0.0	3.111687421798706	0.0	2.470118284225464	0.0	0.0	0.0	3.697338581085205	0.0	0.0	0.0	0.0	0.0	0.0	0.0	2.0585670471191406	3.9469151496887207	0.0	0.0	0.0	0.0	0.0	0.0	2.0051512718200684	0.0	0.0	0.0	4.19516658782959	0.0	4.7304558753967285	0.0	3.6213793754577637	0.0	1.325743556022644	0.0	0.0	0.0
3.1073415279388428	0.0	3.792599678039551	0.0	0.0	3.5766966342926025	3.842532157897949	1.2639961242675781	0.0	0.0	2.2217533588409424	2.6763181686401367	2.4395947456359863	0.0	0.0	0.0	0.0	3.651395797729492	3.211972236633301	1.4646931886672974	0.0	0.0	0.0	3.7101385593414307	0.0	0.0	0.0	0.0	0.0	4.754615783691406	6.666869163513184	2.858427047729492	0.0	0.0	0.0	0.0	0.0	0.0	0.0	5.194713115692139	0.0	2.7097911834716797	0.0	0.0	7.228269577026367	0.0	4.986475467681885	3.0677733421325684	1.797263741493225	1.627447247505188	0.0	0.0	0.0	2.252872943878174	2.6995811462402344	0.0	4.021267414093018	0.0	0.0	3.7591469287872314	0.0	0.0	0.0	0.0	0.0	0.0	0.0	0.0	0.0	0.0	3.32808256149292	4.498498439788818	0.0	0.0	0.0	0.0	0.0	0.0	2.246077537536621	0.0	0.0	3.468705177307129	2.9373507499694824	0.0	2.91683292388916	1.5592044591903687	0.0	0.0	2.8881995677948	2.752544403076172	4.354316711425781	0.0	3.7723841667175293	0.0	2.2688701152801514	0.0	0.0	0.0	3.6723670959472656	0.0	0.0	0.0	0.0	0.0	0.0	0.0	2.0880069732666016	3.563896894454956	0.0	0.0	0.0	0.0	0.0	0.0	1.7017475366592407	0.0	0.0	0.0	4.561012268066406	0.0	5.228537559509277	0.0	4.660768985748291	0.0	0.4702318608760834	0.0	0.0	0.0
4.364593982696533	0.0	3.9296648502349854	0.0	0.0	3.7463226318359375	2.7209932804107666	2.3194756507873535	0.0	0.0	3.1221845149993896	2.6263997554779053	3.0727286338806152	0.0	0.0	0.0	0.0	3.596583366394043	2.0987603664398193	2.5228593349456787	0.0	0.0	0.0	3.83062744140625	0.0	0.0	0.0	0.0	0.0	4.847377300262451	7.289087772369385	2.1448147296905518	0.0	0.0	0.0	0.0	0.0	0.0	0.0	5.901922702789307	0.0	2.4836223125457764	0.0	0.0	8.918254852294922	0.0	4.65762996673584	2.6523492336273193	1.924405813217163	1.2053685188293457	0.0	0.0	0.0	2.1832051277160645	2.9131033420562744	0.0	2.929361581802368	0.0	0.0	3.540583372116089	0.0	0.0	0.0	0.0	0.0	0.0	0.0	0.0	0.0	0.0	3.10262393951416	3.8015148639678955	0.0	0.0	0.0	0.0	0.0	0.0	0.7050581574440002	0.0	0.0	2.6339151859283447	2.9327661991119385	0.0	1.6896085739135742	1.3993914127349854	0.0	0.0	2.901099443435669	2.4587433338165283	5.301272869110107	0.0	1.997758388519287	0.0	3.158355236053467	0.0	0.0	0.0	4.421027660369873	0.0	0.0	0.0	0.0	0.0	0.0	0.0	2.188170909881592	3.4520039558410645	0.0	0.0	0.0	0.0	0.0	0.0	2.1278433799743652	0.0	0.0	0.0	3.6124446392059326	0.0	4.198477268218994	0.0	3.024868965148926	0.0	1.676302194595337	0.0	0.0	0.0
3.4220876693725586	0.0	3.8241772651672363	0.0	0.0	3.39668607711792	3.7320499420166016	1.133686900138855	0.0	0.0	2.4526875019073486	2.6876842975616455	2.663857936859131	0.0	0.0	0.0	0.0	3.7930240631103516	3.2291154861450195	1.8858462572097778	0.0	0.0	0.0	3.622436761856079	0.0	0.0	0.0	0.0	0.0	4.870195388793945	6.651492118835449	2.8316800594329834	0.0	0.0	0.0	0.0	0.0	0.0	0.0	5.140223503112793	0.0	2.6799774169921875	0.0	0.0	7.508126258850098	0.0	4.966253757476807	3.2383291721343994	1.842775583267212	1.5147831439971924	0.0	0.0	0.0	2.3734285831451416	2.7656123638153076	0.0	3.8916244506835938	0.0	0.0	3.73683500289917	0.0	0.0	0.0	0.0	0.0	0.0	0.0	0.0	0.0	0.0	3.1485517024993896	4.364220142364502	0.0	0.0	0.0	0.0	0.0	0.0	1.7655189037322998	0.0	0.0	3.2328805923461914	3.0330793857574463	0.0	2.9007816314697266	1.5332077741622925	0.0	0.0	2.8617260456085205	2.84956431388855	4.487098217010498	0.0	3.791830539703369	0.0	2.345975160598755	0.0	0.0	0.0	3.6491591930389404	0.0	0.0	0.0	0.0	0.0	0.0	0.0	1.9529398679733276	3.8458142280578613	0.0	0.0	0.0	0.0	0.0	0.0	1.8003337383270264	0.0	0.0	0.0	4.290249824523926	0.0	5.324751377105713	0.0	4.2668681144714355	0.0	0.868598461151123	0.0	0.0	0.0
2.9902234077453613	0.0	3.7786993980407715	0.0	0.0	3.5910770893096924	3.797933578491211	0.9828153252601624	0.0	0.0	1.9726824760437012	2.5502285957336426	2.376190423965454	0.0	0.0	0.0	0.0	4.148951530456543	3.207808494567871	1.5117058753967285	0.0	0.0	0.0	2.9429032802581787	0.0	0.0	0.0	0.0	0.0	4.573912143707275	6.350017070770264	3.161165475845337	0.0	0.0	0.0	0.0	0.0	0.0	0.0	6.287933826446533	0.0	3.288292169570923	0.0	0.0	7.103662967681885	0.0	5.248015880584717	3.841599702835083	1.5692229270935059	2.323056221008301	0.0	0.0	0.0	2.326937198638916	2.483334541320801	0.0	3.658540964126587	0.0	0.0	3.817457675933838	0.0	0.0	0.0	0.0	0.0	0.0	0.0	0.0	0.0	0.0	4.120848655700684	4.6745686531066895	0.0	0.0	0.0	0.0	0.0	0.0	2.7458527088165283	0.0	0.0	3.100536584854126	3.4537100791931152	0.0	2.5204055309295654	1.2389122247695923	0.0	0.0	3.287470579147339	3.611860513687134	4.523452281951904	0.0	2.0308926105499268	0.0	2.3232734203338623	0.0	0.0	0.0	3.957995891571045	0.0	0.0	0.0	0.0	0.0	0.0	0.0	2.523983955383301	3.8612096309661865	0.0	0.0	0.0	0.0	0.0	0.0	2.0179266929626465	0.0	0.0	0.0	5.197283744812012	0.0	5.842352867126465	0.0	4.735219955444336	0.0	0.8055027723312378	0.0	0.0	0.0
2.5893115997314453	0.0	1.945528268814087	0.0	0.0	2.6249029636383057	8.177567481994629	3.100660562515259	0.0	0.0	3.9889824390411377	2.8053369522094727	7.140947341918945	0.0	0.0	0.0	0.0	0.0	3.7421813011169434	2.95044207572937	0.0	0.0	0.0	3.9966540336608887	0.0	0.0	0.0	0.0	0.0	7.739361763000488	8.141927719116211	6.42266321182251	0.0	0.0	0.0	0.0	0.0	0.0	0.0	4.636435031890869	0.0	1.9427490234375	0.0	0.0	5.513848304748535	0.0	4.525026321411133	2.018907308578491	2.7366137504577637	2.5606234073638916	0.0	0.0	0.0	2.2638187408447266	3.841615915298462	0.0	5.6645283699035645	0.0	0.0	3.4824676513671875	0.0	0.0	0.0	0.0	0.0	0.0	0.0	0.0	0.0	0.0	3.152265787124634	6.4305100440979	0.0	0.0	0.0	0.0	0.0	0.0	1.158205509185791	0.0	0.0	4.651456832885742	5.5574469566345215	0.0	3.6155407428741455	0.0	0.0	0.0	6.023008823394775	2.156548261642456	4.315932750701904	0.0	4.4036455154418945	0.0	2.066533088684082	0.0	0.0	0.0	3.27082896232605	0.0	0.0	0.0	0.0	0.0	0.0	0.0	5.005063533782959	5.588194370269775	0.0	0.0	0.0	0.0	0.0	0.0	1.6979748010635376	0.0	0.0	0.0	5.636778831481934	0.0	3.231809377670288	0.0	1.6283841133117676	0.0	3.903332233428955	0.0	0.0	0.0
3.516179084777832	0.0	3.4639949798583984	0.0	0.0	3.3211750984191895	3.6293275356292725	1.5758168697357178	0.0	0.0	2.8769919872283936	2.4789745807647705	3.4129533767700195	0.0	0.0	0.0	0.0	3.5002355575561523	3.0149829387664795	2.6726930141448975	0.0	0.0	0.0	3.448014736175537	0.0	0.0	0.0	0.0	0.0	4.943603038787842	6.791621208190918	2.9752166271209717	0.0	0.0	0.0	0.0	0.0	0.0	0.0	5.60058069229126	0.0	2.3777077198028564	0.0	0.0	7.706472873687744	0.0	4.696381568908691	3.136810064315796	2.130676031112671	1.804145097732544	0.0	0.0	0.0	2.1849353313446045	2.6601924896240234	0.0	3.4744818210601807	0.0	0.0	3.550156593322754	0.0	0.0	0.0	0.0	0.0	0.0	0.0	0.0	0.0	0.0	2.9716296195983887	4.109969139099121	0.0	0.0	0.0	0.0	0.0	0.0	1.2613575458526611	0.0	0.0	3.025848150253296	3.380915641784668	0.0	2.335448980331421	1.0619994401931763	0.0	0.0	2.9616682529449463	2.6071696281433105	4.582793712615967	0.0	2.5419235229492188	0.0	2.364884376525879	0.0	0.0	0.0	3.8791704177856445	0.0	0.0	0.0	0.0	0.0	0.0	0.0	2.4626588821411133	4.091118812561035	0.0	0.0	0.0	0.0	0.0	0.0	1.9896472692489624	0.0	0.0	0.0	4.101278781890869	0.0	4.69881534576416	0.0	3.334541082382202	0.0	1.7256332635879517	0.0	0.0	0.0
3.951683282852173	0.0	3.3473455905914307	0.0	0.0	3.2377309799194336	3.131648063659668	1.6693651676177979	0.0	0.0	2.872588872909546	2.518845558166504	3.258894205093384	0.0	0.0	0.0	0.0	3.319427490234375	2.7015085220336914	2.373345375061035	0.0	0.0	0.0	3.5962963104248047	0.0	0.0	0.0	0.0	0.0	4.7347564697265625	6.635471820831299	2.541557550430298	0.0	0.0	0.0	0.0	0.0	0.0	0.0	5.36388635635376	0.0	2.565276861190796	0.0	0.0	7.809187889099121	0.0	4.441364765167236	2.9333317279815674	2.204949140548706	1.5201396942138672	0.0	0.0	0.0	2.3271141052246094	2.625783920288086	0.0	3.3036820888519287	0.0	0.0	3.432704210281372	0.0	0.0	0.0	0.0	0.0	0.0	0.0	0.0	0.0	0.0	2.9409496784210205	3.911243438720703	0.0	0.0	0.0	0.0	0.0	0.0	1.0188137292861938	0.0	0.0	2.8123397827148438	3.113997459411621	0.0	2.185857057571411	1.1050320863723755	0.0	0.0	2.996040105819702	2.556554079055786	4.785786151885986	0.0	2.4609169960021973	0.0	2.5156497955322266	0.0	0.0	0.0	3.757401466369629	0.0	0.0	0.0	0.0	0.0	0.0	0.0	1.9569166898727417	3.7979278564453125	0.0	0.0	0.0	0.0	0.0	0.0	2.00284481048584	0.0	0.0	0.0	3.8257081508636475	0.0	4.540630340576172	0.0	3.3285865783691406	0.0	1.6119388341903687	0.0	0.0	0.0
3.5166430473327637	0.0	3.7817890644073486	0.0	0.0	3.2389333248138428	3.7637243270874023	1.0681095123291016	0.0	0.0	2.3848745822906494	2.95794677734375	2.641343355178833	0.0	0.0	0.0	0.0	3.305255651473999	3.3331868648529053	1.4014462232589722	0.0	0.0	0.0	3.8727855682373047	0.0	0.0	0.0	0.0	0.0	4.899868011474609	6.587809085845947	2.9018938541412354	0.0	0.0	0.0	0.0	0.0	0.0	0.0	4.67813777923584	0.0	2.5672192573547363	0.0	0.0	7.152716159820557	0.0	4.941061973571777	3.0027716159820557	2.0242440700531006	1.5437060594558716	0.0	0.0	0.0	2.404738187789917	3.138551950454712	0.0	4.035946846008301	0.0	0.0	3.791895866394043	0.0	0.0	0.0	0.0	0.0	0.0	0.0	0.0	0.0	0.0	2.961162567138672	4.303426265716553	0.0	0.0	0.0	0.0	0.0	0.0	1.911452293395996	0.0	0.0	3.3186023235321045	2.869920492172241	0.0	3.0858700275421143	1.6502565145492554	0.0	0.0	2.8692405223846436	2.447715997695923	4.250758171081543	0.0	4.469819068908691	0.0	2.1783292293548584	0.0	0.0	0.0	3.5827317237854004	0.0	0.0	0.0	0.0	0.0	0.0	0.0	1.6166480779647827	3.642225742340088	0.0	0.0	0.0	0.0	0.0	0.0	2.050095558166504	0.0	0.0	0.0	4.281307697296143	0.0	5.029359340667725	0.0	4.556110858917236	0.0	0.8046998381614685	0.0	0.0	0.0
3.0602569580078125	0.0	3.2850120067596436	0.0	0.0	3.312039852142334	3.49453067779541	1.702819585800171	0.0	0.0	2.1402194499969482	2.422409772872925	3.956162452697754	0.0	0.0	0.0	0.0	3.9801785945892334	3.689340591430664	2.294938564300537	0.0	0.0	0.0	2.7764408588409424	0.0	0.0	0.0	0.0	0.0	4.724013328552246	6.383233070373535	2.5037550926208496	0.0	0.0	0.0	0.0	0.0	0.0	0.0	6.50506067276001	0.0	2.888279676437378	0.0	0.0	7.486718654632568	0.0	4.523280620574951	3.7071139812469482	2.2607662677764893	2.512362241744995	0.0	0.0	0.0	1.6334576606750488	1.8583911657333374	0.0	3.157135009765625	0.0	0.0	3.3854563236236572	0.0	0.0	0.0	0.0	0.0	0.0	0.0	0.0	0.0	0.0	3.8031351566314697	4.654367446899414	0.0	0.0	0.0	0.0	0.0	0.0	1.2042999267578125	0.0	0.0	3.6004345417022705	3.549826145172119	0.0	2.2462685108184814	0.6627995371818542	0.0	0.0	2.702658176422119	3.138533592224121	4.689795017242432	0.0	1.2067937850952148	0.0	2.0107569694519043	0.0	0.0	0.0	3.18380069732666	0.0	0.0	0.0	0.0	0.0	0.0	0.0	3.7185370922088623	4.149707317352295	0.0	0.0	0.0	0.0	0.0	0.0	2.1273317337036133	0.0	0.0	0.0	4.948071479797363	0.0	5.500786781311035	0.0	3.2195277214050293	0.0	2.0059821605682373	0.0	0.0	0.0
3.5480759143829346	0.0	3.1857292652130127	0.0	0.0	2.9586386680603027	4.310246467590332	1.8571467399597168	0.0	0.0	2.965280771255493	2.2608563899993896	4.657480716705322	0.0	0.0	0.0	0.0	2.8228824138641357	3.043713092803955	2.385071277618408	0.0	0.0	0.0	3.55226993560791	0.0	0.0	0.0	0.0	0.0	5.068218231201172	6.574711322784424	3.080869436264038	0.0	0.0	0.0	0.0	0.0	0.0	0.0	5.550929069519043	0.0	2.374093770980835	0.0	0.0	7.209312915802002	0.0	4.684898376464844	3.3586437702178955	2.10315203666687	2.641646385192871	0.0	0.0	0.0	1.9389287233352661	2.5956532955169678	0.0	3.699690341949463	0.0	0.0	3.36092209815979	0.0	0.0	0.0	0.0	0.0	0.0	0.0	0.0	0.0	0.0	2.734257459640503	4.48294734954834	0.0	0.0	0.0	0.0	0.0	0.0	0.680558443069458	0.0	0.0	3.3774681091308594	3.57087779045105	0.0	2.7168736457824707	0.2215380072593689	0.0	0.0	3.3157615661621094	2.4837863445281982	4.707572937011719	0.0	2.071925163269043	0.0	2.2647366523742676	0.0	0.0	0.0	3.541400909423828	0.0	0.0	0.0	0.0	0.0	0.0	0.0	2.4248158931732178	4.071199417114258	0.0	0.0	0.0	0.0	0.0	0.0	1.8117091655731201	0.0	0.0	0.0	4.62807035446167	0.0	4.305724143981934	0.0	3.670397996902466	0.0	1.9377336502075195	0.0	0.0	0.0
3.233457326889038	0.0	3.8879494667053223	0.0	0.0	3.6324784755706787	4.09915828704834	1.215315818786621	0.0	0.0	2.2635326385498047	2.7547740936279297	2.609745740890503	0.0	0.0	0.0	0.0	3.4957528114318848	3.1916468143463135	1.702523112297058	0.0	0.0	0.0	3.669940233230591	0.0	0.0	0.0	0.0	0.0	4.879644393920898	6.752594470977783	3.044123411178589	0.0	0.0	0.0	0.0	0.0	0.0	0.0	5.152029037475586	0.0	2.8197484016418457	0.0	0.0	7.250761985778809	0.0	5.007544994354248	3.1936705112457275	1.8904772996902466	1.35518217086792	0.0	0.0	0.0	2.267686367034912	2.8268425464630127	0.0	3.9712131023406982	0.0	0.0	3.737766981124878	0.0	0.0	0.0	0.0	0.0	0.0	0.0	0.0	0.0	0.0	3.3326191902160645	4.470833778381348	0.0	0.0	0.0	0.0	0.0	0.0	2.0604193210601807	0.0	0.0	3.4630327224731445	2.844313859939575	0.0	2.8880615234375	1.512482762336731	0.0	0.0	3.100205183029175	2.940110683441162	4.273581504821777	0.0	3.746800184249878	0.0	2.260606288909912	0.0	0.0	0.0	3.7328860759735107	0.0	0.0	0.0	0.0	0.0	0.0	0.0	2.282965660095215	3.7876381874084473	0.0	0.0	0.0	0.0	0.0	0.0	1.641837239265442	0.0	0.0	0.0	4.495157718658447	0.0	5.252476692199707	0.0	4.503537178039551	0.0	0.7156733870506287	0.0	0.0	0.0
3.645186424255371	0.0	3.6539485454559326	0.0	0.0	3.0559098720550537	3.729581832885742	0.5468511581420898	0.0	0.0	2.4125099182128906	2.6319234371185303	3.2329225540161133	0.0	0.0	0.0	0.0	3.76169490814209	3.100752353668213	1.9769244194030762	0.0	0.0	0.0	3.276923179626465	0.0	0.0	0.0	0.0	0.0	4.479776382446289	6.139561176300049	3.2709479331970215	0.0	0.0	0.0	0.0	0.0	0.0	0.0	5.459578037261963	0.0	3.101590871810913	0.0	0.0	7.072786808013916	0.0	4.825119972229004	3.438056468963623	1.8270870447158813	2.08589506149292	0.0	0.0	0.0	2.560948371887207	2.5458297729492188	0.0	3.9363787174224854	0.0	0.0	3.2509825229644775	0.0	0.0	0.0	0.0	0.0	0.0	0.0	0.0	0.0	0.0	3.65220046043396	4.488593101501465	0.0	0.0	0.0	0.0	0.0	0.0	1.6100214719772339	0.0	0.0	3.3316657543182373	3.6267852783203125	0.0	2.987086772918701	0.5564993619918823	0.0	0.0	3.0655670166015625	3.1333837509155273	4.931146144866943	0.0	3.0472986698150635	0.0	2.476213216781616	0.0	0.0	0.0	3.7949776649475098	0.0	0.0	0.0	0.0	0.0	0.0	0.0	2.1703550815582275	4.3115644454956055	0.0	0.0	0.0	0.0	0.0	0.0	2.0455451011657715	0.0	0.0	0.0	4.876176834106445	0.0	5.464909076690674	0.0	5.016819000244141	0.0	0.7528298497200012	0.0	0.0	0.0
3.734117031097412	0.0	3.515650749206543	0.0	0.0	2.947812795639038	3.7225377559661865	1.4049108028411865	0.0	0.0	2.5575602054595947	2.5861146450042725	3.849184989929199	0.0	0.0	0.0	0.0	3.1894521713256836	2.8870081901550293	1.880197525024414	0.0	0.0	0.0	3.3873345851898193	0.0	0.0	0.0	0.0	0.0	4.6826982498168945	6.353822708129883	3.07674241065979	0.0	0.0	0.0	0.0	0.0	0.0	0.0	5.643186569213867	0.0	2.955461263656616	0.0	0.0	7.210611343383789	0.0	4.750631332397461	3.2888050079345703	2.1310667991638184	2.3092265129089355	0.0	0.0	0.0	2.626690149307251	2.256220579147339	0.0	3.617933988571167	0.0	0.0	3.111579179763794	0.0	0.0	0.0	0.0	0.0	0.0	0.0	0.0	0.0	0.0	3.332826852798462	4.303413391113281	0.0	0.0	0.0	0.0	0.0	0.0	1.1974555253982544	0.0	0.0	3.200099229812622	3.611300468444824	0.0	2.8788702487945557	0.4744248390197754	0.0	0.0	3.283550977706909	3.055285692214966	5.020657539367676	0.0	2.3208866119384766	0.0	2.6331777572631836	0.0	0.0	0.0	3.4675378799438477	0.0	0.0	0.0	0.0	0.0	0.0	0.0	1.945439338684082	4.234526634216309	0.0	0.0	0.0	0.0	0.0	0.0	2.012911558151245	0.0	0.0	0.0	4.769501686096191	0.0	4.784294128417969	0.0	4.785122394561768	0.0	1.298697829246521	0.0	0.0	0.0
4.117432594299316	0.0	3.668419599533081	0.0	0.0	3.5087509155273438	3.3023581504821777	2.10859751701355	0.0	0.0	3.288769483566284	2.727381467819214	3.3432345390319824	0.0	0.0	0.0	0.0	3.212796926498413	2.1940433979034424	2.326726198196411	0.0	0.0	0.0	3.8029818534851074	0.0	0.0	0.0	0.0	0.0	5.176445484161377	7.342605113983154	2.5238230228424072	0.0	0.0	0.0	0.0	0.0	0.0	0.0	5.68239164352417	0.0	2.4159131050109863	0.0	0.0	8.215937614440918	0.0	4.620129585266113	2.6674036979675293	1.720887541770935	1.5469611883163452	0.0	0.0	0.0	2.4190380573272705	2.6758041381835938	0.0	3.0527191162109375	0.0	0.0	3.334801435470581	0.0	0.0	0.0	0.0	0.0	0.0	0.0	0.0	0.0	0.0	2.950336456298828	4.061984062194824	0.0	0.0	0.0	0.0	0.0	0.0	0.7660133242607117	0.0	0.0	2.6977999210357666	3.1491916179656982	0.0	2.0694899559020996	1.1882250308990479	0.0	0.0	2.9832451343536377	2.1631877422332764	5.048770427703857	0.0	2.0627150535583496	0.0	2.941901445388794	0.0	0.0	0.0	4.042107582092285	0.0	0.0	0.0	0.0	0.0	0.0	0.0	2.1024372577667236	3.6049396991729736	0.0	0.0	0.0	0.0	0.0	0.0	1.980146050453186	0.0	0.0	0.0	3.836360454559326	0.0	4.239566326141357	0.0	3.3759307861328125	0.0	1.68132746219635	0.0	0.0	0.0
3.6560115814208984	0.0	3.1338229179382324	0.0	0.0	3.328721523284912	3.627642869949341	1.2529590129852295	0.0	0.0	2.5916318893432617	2.6807940006256104	3.5576226711273193	0.0	0.0	0.0	0.0	3.7090373039245605	3.118030071258545	2.941535234451294	0.0	0.0	0.0	3.7155773639678955	0.0	0.0	0.0	0.0	0.0	4.745737075805664	6.303751468658447	2.829835891723633	0.0	0.0	0.0	0.0	0.0	0.0	0.0	5.435591220855713	0.0	2.7248423099517822	0.0	0.0	7.840119361877441	0.0	4.694075107574463	3.1030845642089844	2.6596906185150146	1.2571730613708496	0.0	0.0	0.0	2.59540057182312	2.3218700885772705	0.0	3.94565486907959	0.0	0.0	3.6237385272979736	0.0	0.0	0.0	0.0	0.0	0.0	0.0	0.0	0.0	0.0	2.833366632461548	4.46069860458374	0.0	0.0	0.0	0.0	0.0	0.0	1.2211333513259888	0.0	0.0	3.237510919570923	3.247797966003418	0.0	2.6385557651519775	0.8443534970283508	0.0	0.0	2.8979244232177734	2.506558656692505	5.021078109741211	0.0	3.131784439086914	0.0	2.4795687198638916	0.0	0.0	0.0	3.3834636211395264	0.0	0.0	0.0	0.0	0.0	0.0	0.0	1.9322816133499146	4.559689998626709	0.0	0.0	0.0	0.0	0.0	0.0	1.730592131614685	0.0	0.0	0.0	4.13559103012085	0.0	4.415882110595703	0.0	3.642390251159668	0.0	1.6412047147750854	0.0	0.0	0.0
3.6965792179107666	0.0	3.1524770259857178	0.0	0.0	3.0957157611846924	3.4252610206604004	1.6252658367156982	0.0	0.0	2.770462989807129	2.5374796390533447	3.679978132247925	0.0	0.0	0.0	0.0	3.457341432571411	3.1461033821105957	2.3639228343963623	0.0	0.0	0.0	3.5429177284240723	0.0	0.0	0.0	0.0	0.0	4.829933166503906	6.46994686126709	2.834475040435791	0.0	0.0	0.0	0.0	0.0	0.0	0.0	5.7121381759643555	0.0	2.822213888168335	0.0	0.0	7.601877689361572	0.0	4.440929889678955	3.1498525142669678	2.3304903507232666	2.06440806388855	0.0	0.0	0.0	2.251460313796997	2.5181260108947754	0.0	3.5094597339630127	0.0	0.0	3.4388580322265625	0.0	0.0	0.0	0.0	0.0	0.0	0.0	0.0	0.0	0.0	3.187385320663452	4.236183166503906	0.0	0.0	0.0	0.0	0.0	0.0	1.2117574214935303	0.0	0.0	3.052867889404297	3.517328977584839	0.0	2.394212007522583	0.7452899813652039	0.0	0.0	3.113957166671753	2.7982122898101807	4.842805862426758	0.0	2.2733333110809326	0.0	2.3578288555145264	0.0	0.0	0.0	3.627399206161499	0.0	0.0	0.0	0.0	0.0	0.0	0.0	2.283676862716675	4.117169380187988	0.0	0.0	0.0	0.0	0.0	0.0	2.1537373065948486	0.0	0.0	0.0	4.381793975830078	0.0	4.749598979949951	0.0	3.68326735496521	0.0	1.7045880556106567	0.0	0.0	0.0
3.9589879512786865	0.0	3.4162256717681885	0.0	0.0	3.2762858867645264	3.3090529441833496	2.1245458126068115	0.0	0.0	2.666030168533325	2.86504864692688	3.5112509727478027	0.0	0.0	0.0	0.0	2.894172430038452	2.5078001022338867	1.5107626914978027	0.0	0.0	0.0	3.576779365539551	0.0	0.0	0.0	0.0	0.0	5.007363796234131	7.059800624847412	2.29059100151062	0.0	0.0	0.0	0.0	0.0	0.0	0.0	5.664883136749268	0.0	3.323577880859375	0.0	0.0	7.7338337898254395	0.0	4.825433731079102	3.348921775817871	2.2043449878692627	2.0618042945861816	0.0	0.0	0.0	2.37388277053833	3.0573232173919678	0.0	3.114976644515991	0.0	0.0	3.659287214279175	0.0	0.0	0.0	0.0	0.0	0.0	0.0	0.0	0.0	0.0	3.5093538761138916	4.386375904083252	0.0	0.0	0.0	0.0	0.0	0.0	0.9948073625564575	0.0	0.0	2.7358815670013428	2.984010934829712	0.0	2.0962612628936768	1.107551097869873	0.0	0.0	3.593151569366455	2.7511417865753174	4.844770908355713	0.0	1.4773050546646118	0.0	2.60969614982605	0.0	0.0	0.0	3.8276429176330566	0.0	0.0	0.0	0.0	0.0	0.0	0.0	1.7017685174942017	3.5923030376434326	0.0	0.0	0.0	0.0	0.0	0.0	2.37215518951416	0.0	0.0	0.0	4.158899784088135	0.0	4.723996639251709	0.0	3.771756172180176	0.0	2.0985267162323	0.0	0.0	0.0
3.1257734298706055	0.0	4.0869526863098145	0.0	0.0	3.898895025253296	3.4839940071105957	1.5301462411880493	0.0	0.0	2.7334039211273193	1.3352456092834473	3.7438292503356934	0.0	0.0	0.0	0.0	4.758855819702148	2.5640265941619873	3.7833688259124756	0.0	0.0	0.0	3.89812970161438	0.0	0.0	0.0	0.0	0.0	5.052249431610107	6.612624168395996	2.7102692127227783	0.0	0.0	0.0	0.0	0.0	0.0	0.0	6.965701580047607	0.0	2.0054774284362793	0.0	0.0	8.866517066955566	0.0	3.9751148223876953	2.6715145111083984	3.1336114406585693	1.638781189918518	0.0	0.0	0.0	1.2329583168029785	1.2438499927520752	0.0	3.214198112487793	0.0	0.0	4.531078338623047	0.0	0.0	0.0	0.0	0.0	0.0	0.0	0.0	0.0	0.0	2.647155523300171	4.448558807373047	0.0	0.0	0.0	0.0	0.0	0.0	3.4413082599639893	0.0	0.0	3.7640557289123535	3.483832597732544	0.0	2.030263900756836	1.2451168298721313	0.0	0.0	2.3923819065093994	2.974567174911499	5.489017486572266	0.0	2.719367027282715	0.0	2.5980591773986816	0.0	0.0	0.0	3.6554276943206787	0.0	0.0	0.0	0.0	0.0	0.0	0.0	3.676098108291626	3.848491907119751	0.0	0.0	0.0	0.0	0.0	0.0	1.9181798696517944	0.0	0.0	0.0	5.7287702560424805	0.0	4.639529705047607	0.0	2.5169849395751953	0.0	1.5600436925888062	0.0	0.0	0.0
3.548391342163086	0.0	3.5315377712249756	0.0	0.0	3.365140676498413	3.6824870109558105	1.6119146347045898	0.0	0.0	2.6687684059143066	2.535278558731079	3.14235782623291	0.0	0.0	0.0	0.0	3.372004747390747	2.9424960613250732	2.051356077194214	0.0	0.0	0.0	3.464970350265503	0.0	0.0	0.0	0.0	0.0	4.944314956665039	6.651996612548828	2.8560397624969482	0.0	0.0	0.0	0.0	0.0	0.0	0.0	5.392812252044678	0.0	2.561096668243408	0.0	0.0	7.480803489685059	0.0	4.690367221832275	3.1453781127929688	1.8949213027954102	1.7763433456420898	0.0	0.0	0.0	2.325731039047241	2.700037956237793	0.0	3.597135305404663	0.0	0.0	3.65340256690979	0.0	0.0	0.0	0.0	0.0	0.0	0.0	0.0	0.0	0.0	3.0537545680999756	4.2274065017700195	0.0	0.0	0.0	0.0	0.0	0.0	1.4422842264175415	0.0	0.0	3.06833553314209	3.168524742126465	0.0	2.4607930183410645	1.247506022453308	0.0	0.0	3.142782211303711	2.5558106899261475	4.488699436187744	0.0	2.751272678375244	0.0	2.3784804344177246	0.0	0.0	0.0	3.677639961242676	0.0	0.0	0.0	0.0	0.0	0.0	0.0	2.199632167816162	3.7326793670654297	0.0	0.0	0.0	0.0	0.0	0.0	1.8301594257354736	0.0	0.0	0.0	4.2225213050842285	0.0	4.835878372192383	0.0	3.544890880584717	0.0	1.3902552127838135	0.0	0.0	0.0
3.6665544509887695	0.0	3.3604679107666016	0.0	0.0	3.1682345867156982	3.3288633823394775	1.5986593961715698	0.0	0.0	2.7123122215270996	2.5007758140563965	3.4417076110839844	0.0	0.0	0.0	0.0	3.4521536827087402	2.9601027965545654	2.155639171600342	0.0	0.0	0.0	3.659514904022217	0.0	0.0	0.0	0.0	0.0	4.871772289276123	6.57509708404541	2.9404847621917725	0.0	0.0	0.0	0.0	0.0	0.0	0.0	5.668703556060791	0.0	2.697850465774536	0.0	0.0	7.581475734710693	0.0	4.582030773162842	3.1054656505584717	2.355220079421997	2.010606288909912	0.0	0.0	0.0	2.2950501441955566	2.2283523082733154	0.0	3.384617328643799	0.0	0.0	3.3088197708129883	0.0	0.0	0.0	0.0	0.0	0.0	0.0	0.0	0.0	0.0	3.307389736175537	4.244356632232666	0.0	0.0	0.0	0.0	0.0	0.0	1.335116982460022	0.0	0.0	3.208301305770874	3.3528213500976562	0.0	2.4174342155456543	0.9010525941848755	0.0	0.0	3.1651980876922607	2.772718667984009	4.8736724853515625	0.0	2.335527181625366	0.0	2.3878426551818848	0.0	0.0	0.0	3.7072348594665527	0.0	0.0	0.0	0.0	0.0	0.0	0.0	2.0190937519073486	3.915161371231079	0.0	0.0	0.0	0.0	0.0	0.0	1.9725428819656372	0.0	0.0	0.0	4.347533226013184	0.0	4.619790554046631	0.0	3.9156763553619385	0.0	1.2962373495101929	0.0	0.0	0.0
3.454974889755249	0.0	3.690105676651001	0.0	0.0	3.343325138092041	3.5381813049316406	1.529792070388794	0.0	0.0	2.348881721496582	2.4085159301757812	3.207717180252075	0.0	0.0	0.0	0.0	4.022730827331543	2.8954355716705322	2.261685371398926	0.0	0.0	0.0	3.036128044128418	0.0	0.0	0.0	0.0	0.0	4.714122772216797	6.347465991973877	2.8274574279785156	0.0	0.0	0.0	0.0	0.0	0.0	0.0	6.321343421936035	0.0	2.79725980758667	0.0	0.0	7.691380977630615	0.0	4.65502405166626	3.5333023071289062	1.970680832862854	2.2192320823669434	0.0	0.0	0.0	2.038391351699829	2.281216621398926	0.0	3.229971408843994	0.0	0.0	3.6834805011749268	0.0	0.0	0.0	0.0	0.0	0.0	0.0	0.0	0.0	0.0	3.5761187076568604	4.387834548950195	0.0	0.0	0.0	0.0	0.0	0.0	1.9201031923294067	0.0	0.0	3.0385608673095703	3.5750763416290283	0.0	2.314091920852661	1.0206800699234009	0.0	0.0	3.094780921936035	3.097644090652466	4.863955497741699	0.0	1.7652491331100464	0.0	2.560917615890503	0.0	0.0	0.0	3.616361618041992	0.0	0.0	0.0	0.0	0.0	0.0	0.0	2.6522109508514404	3.9129788875579834	0.0	0.0	0.0	0.0	0.0	0.0	2.1329963207244873	0.0	0.0	0.0	4.8267412185668945	0.0	5.174197196960449	0.0	3.485372543334961	0.0	1.6324479579925537	0.0	0.0	0.0
3.8149526119232178	0.0	3.4790828227996826	0.0	0.0	3.4439921379089355	3.5025076866149902	1.3280689716339111	0.0	0.0	2.64272403717041	2.273151397705078	3.471947193145752	0.0	0.0	0.0	0.0	3.9335176944732666	2.730123519897461	3.084045171737671	0.0	0.0	0.0	3.6375722885131836	0.0	0.0	0.0	0.0	0.0	4.78424596786499	6.248929500579834	2.847541570663452	0.0	0.0	0.0	0.0	0.0	0.0	0.0	5.989600658416748	0.0	2.5105888843536377	0.0	0.0	7.929640293121338	0.0	4.31574821472168	2.835754871368408	2.8285093307495117	1.508811354637146	0.0	0.0	0.0	2.0700888633728027	2.116682767868042	0.0	3.4459939002990723	0.0	0.0	3.6186704635620117	0.0	0.0	0.0	0.0	0.0	0.0	0.0	0.0	0.0	0.0	3.1014487743377686	4.135478973388672	0.0	0.0	0.0	0.0	0.0	0.0	1.7760024070739746	0.0	0.0	3.2977793216705322	3.369320869445801	0.0	2.227853298187256	0.9612039923667908	0.0	0.0	2.9806363582611084	2.8578286170959473	5.045992851257324	0.0	2.5663790702819824	0.0	2.576465606689453	0.0	0.0	0.0	3.658900499343872	0.0	0.0	0.0	0.0	0.0	0.0	0.0	2.7298471927642822	4.161679267883301	0.0	0.0	0.0	0.0	0.0	0.0	1.9286304712295532	0.0	0.0	0.0	4.494884014129639	0.0	4.569936752319336	0.0	3.137781858444214	0.0	1.6405194997787476	0.0	0.0	0.0
3.5061721801757812	0.0	3.5260369777679443	0.0	0.0	3.164748191833496	3.921842098236084	1.543513298034668	0.0	0.0	2.712911605834961	2.5761430263519287	3.3700361251831055	0.0	0.0	0.0	0.0	3.205091714859009	2.9689693450927734	2.170557737350464	0.0	0.0	0.0	3.569493293762207	0.0	0.0	0.0	0.0	0.0	4.94249153137207	6.654767990112305	3.075289487838745	0.0	0.0	0.0	0.0	0.0	0.0	0.0	5.210115432739258	0.0	2.5513598918914795	0.0	0.0	7.460793495178223	0.0	4.625262260437012	3.0076584815979004	1.7998090982437134	1.7714452743530273	0.0	0.0	0.0	2.386702299118042	2.756681442260742	0.0	3.8016715049743652	0.0	0.0	3.4357714653015137	0.0	0.0	0.0	0.0	0.0	0.0	0.0	0.0	0.0	0.0	2.9928317070007324	4.3166351318359375	0.0	0.0	0.0	0.0	0.0	0.0	1.186099886894226	0.0	0.0	3.0976004600524902	3.370574951171875	0.0	2.699802875518799	0.9893358945846558	0.0	0.0	3.199544668197632	2.613938331604004	4.716405391693115	0.0	3.0100457668304443	0.0	2.500870943069458	0.0	0.0	0.0	3.6239140033721924	0.0	0.0	0.0	0.0	0.0	0.0	0.0	2.2334461212158203	4.003599643707275	0.0	0.0	0.0	0.0	0.0	0.0	1.78983473777771	0.0	0.0	0.0	4.213435173034668	0.0	4.6366167068481445	0.0	3.535071611404419	0.0	1.356980800628662	0.0	0.0	0.0
3.7915945053100586	0.0	3.5150091648101807	0.0	0.0	3.217122793197632	3.1665313243865967	1.5566946268081665	0.0	0.0	2.850276470184326	2.4745633602142334	3.321021556854248	0.0	0.0	0.0	0.0	3.4311487674713135	2.643754005432129	2.6533892154693604	0.0	0.0	0.0	3.608250141143799	0.0	0.0	0.0	0.0	0.0	4.7765889167785645	6.626578330993652	2.621260404586792	0.0	0.0	0.0	0.0	0.0	0.0	0.0	5.437240123748779	0.0	2.3990728855133057	0.0	0.0	8.00139331817627	0.0	4.398894786834717	2.851348638534546	2.281161308288574	1.3651450872421265	0.0	0.0	0.0	2.305346727371216	2.570858955383301	0.0	3.3036744594573975	0.0	0.0	3.421527147293091	0.0	0.0	0.0	0.0	0.0	0.0	0.0	0.0	0.0	0.0	2.9319825172424316	3.8291022777557373	0.0	0.0	0.0	0.0	0.0	0.0	1.0242736339569092	0.0	0.0	2.9022912979125977	3.1676409244537354	0.0	2.22611141204834	1.1328049898147583	0.0	0.0	2.7971436977386475	2.4506750106811523	4.758633613586426	0.0	2.640298366546631	0.0	2.611743688583374	0.0	0.0	0.0	3.747774362564087	0.0	0.0	0.0	0.0	0.0	0.0	0.0	2.112818956375122	3.8981499671936035	0.0	0.0	0.0	0.0	0.0	0.0	1.8552144765853882	0.0	0.0	0.0	3.856215715408325	0.0	4.286458969116211	0.0	3.1456925868988037	0.0	1.616738200187683	0.0	0.0	0.0
3.6808664798736572	0.0	3.3155455589294434	0.0	0.0	3.332745313644409	3.451979875564575	1.7572698593139648	0.0	0.0	2.887070655822754	2.4775543212890625	3.6766860485076904	0.0	0.0	0.0	0.0	3.506115198135376	3.042973518371582	2.688351631164551	0.0	0.0	0.0	3.6429879665374756	0.0	0.0	0.0	0.0	0.0	5.046531677246094	6.871598243713379	2.8566734790802	0.0	0.0	0.0	0.0	0.0	0.0	0.0	5.673757553100586	0.0	2.4695115089416504	0.0	0.0	7.903599739074707	0.0	4.478400707244873	3.2308475971221924	2.3853447437286377	1.859013557434082	0.0	0.0	0.0	2.2151215076446533	2.4942665100097656	0.0	3.4027414321899414	0.0	0.0	3.4880831241607666	0.0	0.0	0.0	0.0	0.0	0.0	0.0	0.0	0.0	0.0	2.902766227722168	4.164255619049072	0.0	0.0	0.0	0.0	0.0	0.0	1.109338402748108	0.0	0.0	3.2175891399383545	3.344200372695923	0.0	2.2691540718078613	0.9209398627281189	0.0	0.0	2.9613444805145264	2.4686942100524902	4.772463321685791	0.0	2.4868245124816895	0.0	2.303765058517456	0.0	0.0	0.0	3.6633987426757812	0.0	0.0	0.0	0.0	0.0	0.0	0.0	2.292257785797119	3.948791027069092	0.0	0.0	0.0	0.0	0.0	0.0	2.0814995765686035	0.0	0.0	0.0	4.139894008636475	0.0	4.520655155181885	0.0	3.3371713161468506	0.0	1.798235535621643	0.0	0.0	0.0
3.737595319747925	0.0	3.1145730018615723	0.0	0.0	2.340170383453369	3.678598642349243	1.4909323453903198	0.0	0.0	2.5352120399475098	2.701948642730713	5.126317977905273	0.0	0.0	0.0	0.0	3.252816915512085	3.1040661334991455	1.7360899448394775	0.0	0.0	0.0	3.4645204544067383	0.0	0.0	0.0	0.0	0.0	4.886869430541992	5.700720310211182	3.1368932723999023	0.0	0.0	0.0	0.0	0.0	0.0	0.0	6.366374492645264	0.0	3.5961451530456543	0.0	0.0	7.213522911071777	0.0	4.310738563537598	3.7290616035461426	2.1038501262664795	3.803394079208374	0.0	0.0	0.0	1.794204592704773	2.93253493309021	0.0	3.481128454208374	0.0	0.0	3.1600213050842285	0.0	0.0	0.0	0.0	0.0	0.0	0.0	0.0	0.0	0.0	3.256812334060669	4.64965295791626	0.0	0.0	0.0	0.0	0.0	0.0	0.8169389367103577	0.0	0.0	3.2563908100128174	4.038780212402344	0.0	2.8497745990753174	0.0	0.0	0.0	3.468655586242676	2.801664352416992	5.385526657104492	0.0	1.3209878206253052	0.0	2.219564914703369	0.0	0.0	0.0	3.4374561309814453	0.0	0.0	0.0	0.0	0.0	0.0	0.0	1.5896098613739014	4.177162170410156	0.0	0.0	0.0	0.0	0.0	0.0	2.8345720767974854	0.0	0.0	0.0	5.497096061706543	0.0	4.867234230041504	0.0	5.2427239418029785	0.0	1.6580469608306885	0.0	0.0	0.0
3.61279296875	0.0	3.7097387313842773	0.0	0.0	2.8122613430023193	3.3384499549865723	0.17510707676410675	0.0	0.0	2.3346312046051025	2.3860416412353516	3.118114948272705	0.0	0.0	0.0	0.0	3.465930461883545	2.500617265701294	1.964456558227539	0.0	0.0	0.0	3.4062788486480713	0.0	0.0	0.0	0.0	0.0	4.385230541229248	6.175831317901611	3.505718469619751	0.0	0.0	0.0	0.0	0.0	0.0	0.0	5.614899635314941	0.0	3.259235143661499	0.0	0.0	7.1599836349487305	0.0	4.679621696472168	3.366240978240967	1.83620285987854	1.9972740411758423	0.0	0.0	0.0	2.579310178756714	2.6306960582733154	0.0	3.612370014190674	0.0	0.0	3.2311291694641113	0.0	0.0	0.0	0.0	0.0	0.0	0.0	0.0	0.0	0.0	3.7021632194519043	4.349119663238525	0.0	0.0	0.0	0.0	0.0	0.0	2.160101890563965	0.0	0.0	3.110848903656006	3.6288609504699707	0.0	2.7499585151672363	0.37843215465545654	0.0	0.0	3.202838659286499	3.153303861618042	4.787809371948242	0.0	2.858689546585083	0.0	2.394352436065674	0.0	0.0	0.0	4.059411525726318	0.0	0.0	0.0	0.0	0.0	0.0	0.0	1.8052819967269897	4.059964656829834	0.0	0.0	0.0	0.0	0.0	0.0	1.935060977935791	0.0	0.0	0.0	4.956284046173096	0.0	5.094232559204102	0.0	5.590348720550537	0.0	0.3413376212120056	0.0	0.0	0.0
1.8823410272598267	0.0	3.846606492996216	0.0	0.0	5.096147537231445	2.513962507247925	1.7593166828155518	0.0	0.0	3.1060898303985596	2.07259464263916	1.6961960792541504	0.0	0.0	0.0	0.0	6.561677932739258	3.3857531547546387	1.3421646356582642	0.0	0.0	0.0	3.169353723526001	0.0	0.0	0.0	0.0	0.0	4.5393452644348145	7.782844066619873	1.124448537826538	0.0	0.0	0.0	0.0	0.0	0.0	0.0	7.575782299041748	0.0	3.4446182250976562	0.0	0.0	9.05512809753418	0.0	5.688140392303467	5.209238052368164	1.192995548248291	5.0633225440979	0.0	0.0	0.0	2.444288492202759	1.4826079607009888	0.0	3.5782630443573	0.0	0.0	5.523928642272949	0.0	0.0	0.0	0.0	0.0	0.0	0.0	0.0	0.0	0.0	3.6339809894561768	5.65615701675415	0.0	0.0	0.0	0.0	0.0	0.0	4.771245002746582	0.0	0.0	2.940652370452881	3.965143918991089	0.0	2.4655070304870605	1.616783618927002	0.0	0.0	1.5043537616729736	2.3561081886291504	5.24070930480957	0.0	1.205959677696228	0.0	2.0431854724884033	0.0	0.0	0.0	4.005289554595947	0.0	0.0	0.0	0.0	0.0	0.0	0.0	0.763858437538147	2.6388444900512695	0.0	0.0	0.0	0.0	0.0	0.0	2.8878982067108154	0.0	0.0	0.0	6.794956684112549	0.0	6.8869404792785645	0.0	6.480413436889648	0.0	0.8106447458267212	0.0	0.0	0.0
3.451268434524536	0.0	3.700167179107666	0.0	0.0	3.2348597049713135	3.150892734527588	0.9497210383415222	0.0	0.0	2.1633269786834717	2.8170061111450195	2.2575197219848633	0.0	0.0	0.0	0.0	3.5020644664764404	3.3986098766326904	0.5501227378845215	0.0	0.0	0.0	3.647585868835449	0.0	0.0	0.0	0.0	0.0	4.8348708152771	6.627009868621826	2.988929033279419	0.0	0.0	0.0	0.0	0.0	0.0	0.0	5.344144344329834	0.0	3.780858039855957	0.0	0.0	6.958888053894043	0.0	5.234474182128906	3.7720017433166504	2.0451221466064453	2.262223482131958	0.0	0.0	0.0	2.448394775390625	2.754812479019165	0.0	3.8509464263916016	0.0	0.0	3.7058842182159424	0.0	0.0	0.0	0.0	0.0	0.0	0.0	0.0	0.0	0.0	3.9320690631866455	4.830539703369141	0.0	0.0	0.0	0.0	0.0	0.0	2.515737771987915	0.0	0.0	3.3620970249176025	2.9051883220672607	0.0	2.8365118503570557	1.3442338705062866	0.0	0.0	3.361337423324585	3.341827154159546	4.6084184646606445	0.0	3.4409420490264893	0.0	1.9029806852340698	0.0	0.0	0.0	3.7637054920196533	0.0	0.0	0.0	0.0	0.0	0.0	0.0	1.107313632965088	3.548044204711914	0.0	0.0	0.0	0.0	0.0	0.0	2.392162561416626	0.0	0.0	0.0	4.841438293457031	0.0	5.736199855804443	0.0	6.023869514465332	0.0	0.43164604902267456	0.0	0.0	0.0
4.731468677520752	0.0	4.2648844718933105	0.0	0.0	3.9462532997131348	2.5683703422546387	2.276818037033081	0.0	0.0	2.457609176635742	3.014904260635376	2.7545862197875977	0.0	0.0	0.0	0.0	3.40816593170166	1.8904656171798706	0.8135015368461609	0.0	0.0	0.0	3.7621378898620605	0.0	0.0	0.0	0.0	0.0	4.841941833496094	7.376841068267822	2.095790386199951	0.0	0.0	0.0	0.0	0.0	0.0	0.0	6.4185261726379395	0.0	3.95611834526062	0.0	0.0	8.256770133972168	0.0	5.4029645919799805	3.433164596557617	2.0613856315612793	1.3055894374847412	0.0	0.0	0.0	2.6490912437438965	2.70048189163208	0.0	2.7434399127960205	0.0	0.0	3.5065805912017822	0.0	0.0	0.0	0.0	0.0	0.0	0.0	0.0	0.0	0.0	4.91288948059082	4.131770610809326	0.0	0.0	0.0	0.0	0.0	0.0	1.4230855703353882	0.0	0.0	2.8870978355407715	2.6110036373138428	0.0	1.895086646080017	1.752528429031372	0.0	0.0	4.04088020324707	3.9480268955230713	5.657351016998291	0.0	1.2240965366363525	0.0	3.3546645641326904	0.0	0.0	0.0	4.689144134521484	0.0	0.0	0.0	0.0	0.0	0.0	0.0	1.5038105249404907	3.1219780445098877	0.0	0.0	0.0	0.0	0.0	0.0	2.5205109119415283	0.0	0.0	0.0	4.473705768585205	0.0	5.399622440338135	0.0	4.793976783752441	0.0	1.3324474096298218	0.0	0.0	0.0
3.3580665588378906	0.0	3.488731622695923	0.0	0.0	3.1450400352478027	3.4052343368530273	1.6081457138061523	0.0	0.0	2.656994342803955	2.4626564979553223	3.632521867752075	0.0	0.0	0.0	0.0	3.628403425216675	2.8647682666778564	2.5616228580474854	0.0	0.0	0.0	3.3163540363311768	0.0	0.0	0.0	0.0	0.0	4.8206305503845215	6.434299945831299	2.7468643188476562	0.0	0.0	0.0	0.0	0.0	0.0	0.0	5.86567497253418	0.0	2.4464991092681885	0.0	0.0	7.7889628410339355	0.0	4.342467308044434	3.112619400024414	1.940852165222168	2.178328514099121	0.0	0.0	0.0	1.9861739873886108	2.370408296585083	0.0	3.259459972381592	0.0	0.0	3.387526273727417	0.0	0.0	0.0	0.0	0.0	0.0	0.0	0.0	0.0	0.0	3.2194905281066895	4.206517696380615	0.0	0.0	0.0	0.0	0.0	0.0	1.3367691040039062	0.0	0.0	3.1318328380584717	3.5338735580444336	0.0	2.3174209594726562	0.7819719314575195	0.0	0.0	2.796116590499878	2.625999689102173	4.851663589477539	0.0	2.152153491973877	0.0	2.4523959159851074	0.0	0.0	0.0	3.532032012939453	0.0	0.0	0.0	0.0	0.0	0.0	0.0	2.6267783641815186	3.9481232166290283	0.0	0.0	0.0	0.0	0.0	0.0	2.0637974739074707	0.0	0.0	0.0	4.407878875732422	0.0	4.755906105041504	0.0	3.1404387950897217	0.0	1.6555181741714478	0.0	0.0	0.0
3.9777958393096924	0.0	3.685701847076416	0.0	0.0	3.7104413509368896	2.8947620391845703	2.1707751750946045	0.0	0.0	3.0818166732788086	2.6385912895202637	2.808300495147705	0.0	0.0	0.0	0.0	3.6656107902526855	2.419905185699463	1.831739902496338	0.0	0.0	0.0	3.7387630939483643	0.0	0.0	0.0	0.0	0.0	4.912039756774902	7.114727020263672	2.2262122631073	0.0	0.0	0.0	0.0	0.0	0.0	0.0	5.7381463050842285	0.0	2.510960340499878	0.0	0.0	8.252120971679688	0.0	4.814930438995361	3.0180230140686035	1.918454885482788	1.5397700071334839	0.0	0.0	0.0	2.448704481124878	2.3337175846099854	0.0	3.0244712829589844	0.0	0.0	3.6412951946258545	0.0	0.0	0.0	0.0	0.0	0.0	0.0	0.0	0.0	0.0	3.348701238632202	3.8982656002044678	0.0	0.0	0.0	0.0	0.0	0.0	1.4461523294448853	0.0	0.0	2.7318334579467773	2.933112382888794	0.0	2.08964467048645	1.7298734188079834	0.0	0.0	3.0235705375671387	2.63653826713562	5.065343856811523	0.0	2.182480573654175	0.0	2.674022674560547	0.0	0.0	0.0	4.059349536895752	0.0	0.0	0.0	0.0	0.0	0.0	0.0	1.7790583372116089	3.2029337882995605	0.0	0.0	0.0	0.0	0.0	0.0	2.117898464202881	0.0	0.0	0.0	4.039517402648926	0.0	4.741219997406006	0.0	3.6725432872772217	0.0	1.2985479831695557	0.0	0.0	0.0
3.796834945678711	0.0	3.3222436904907227	0.0	0.0	3.516430377960205	3.462449312210083	1.9340338706970215	0.0	0.0	3.0206243991851807	2.3990492820739746	3.369396209716797	0.0	0.0	0.0	0.0	3.397490978240967	2.9176673889160156	2.6551215648651123	0.0	0.0	0.0	3.6720879077911377	0.0	0.0	0.0	0.0	0.0	4.907983303070068	7.021941661834717	2.663827896118164	0.0	0.0	0.0	0.0	0.0	0.0	0.0	5.642568111419678	0.0	2.4570882320404053	0.0	0.0	7.85007381439209	0.0	4.693897724151611	2.908247232437134	2.2262496948242188	1.4459983110427856	0.0	0.0	0.0	2.468698501586914	2.7757647037506104	0.0	3.4086062908172607	0.0	0.0	3.5406579971313477	0.0	0.0	0.0	0.0	0.0	0.0	0.0	0.0	0.0	0.0	3.0118744373321533	4.075109481811523	0.0	0.0	0.0	0.0	0.0	0.0	1.0564079284667969	0.0	0.0	2.8878424167633057	3.3721556663513184	0.0	2.0973689556121826	1.2432501316070557	0.0	0.0	3.001929759979248	2.5391547679901123	4.869077682495117	0.0	2.2585365772247314	0.0	2.5941946506500244	0.0	0.0	0.0	4.12698221206665	0.0	0.0	0.0	0.0	0.0	0.0	0.0	2.39241886138916	3.8710644245147705	0.0	0.0	0.0	0.0	0.0	0.0	2.0048673152923584	0.0	0.0	0.0	3.939181327819824	0.0	4.452211380004883	0.0	3.1693994998931885	0.0	1.815665364265442	0.0	0.0	0.0
3.502617597579956	0.0	3.4505527019500732	0.0	0.0	3.3231136798858643	3.631208658218384	1.5530548095703125	0.0	0.0	2.6695454120635986	2.4887945652008057	3.275722026824951	0.0	0.0	0.0	0.0	3.5397849082946777	3.074266195297241	2.4348249435424805	0.0	0.0	0.0	3.5390727519989014	0.0	0.0	0.0	0.0	0.0	4.82512903213501	6.637906074523926	2.7780511379241943	0.0	0.0	0.0	0.0	0.0	0.0	0.0	5.401961326599121	0.0	2.4402105808258057	0.0	0.0	7.560489654541016	0.0	4.573882579803467	3.1469175815582275	1.9748470783233643	1.7646340131759644	0.0	0.0	0.0	2.1674423217773438	2.616250514984131	0.0	3.469609498977661	0.0	0.0	3.4788119792938232	0.0	0.0	0.0	0.0	0.0	0.0	0.0	0.0	0.0	0.0	2.8832125663757324	4.139046669006348	0.0	0.0	0.0	0.0	0.0	0.0	1.1697624921798706	0.0	0.0	3.0578296184539795	3.22041392326355	0.0	2.4308419227600098	1.036041498184204	0.0	0.0	2.8968698978424072	2.5813889503479004	4.582579135894775	0.0	2.6653592586517334	0.0	2.360137701034546	0.0	0.0	0.0	3.639902353286743	0.0	0.0	0.0	0.0	0.0	0.0	0.0	2.258331060409546	3.924983501434326	0.0	0.0	0.0	0.0	0.0	0.0	1.9425415992736816	0.0	0.0	0.0	4.053415298461914	0.0	4.781822681427002	0.0	3.4258980751037598	0.0	1.5391987562179565	0.0	0.0	0.0
3.546996831893921	0.0	3.2229127883911133	0.0	0.0	3.000732660293579	3.4132421016693115	1.2285248041152954	0.0	0.0	2.572974443435669	2.61253023147583	3.6479995250701904	0.0	0.0	0.0	0.0	3.339772939682007	2.941066265106201	2.1800951957702637	0.0	0.0	0.0	3.455808639526367	0.0	0.0	0.0	0.0	0.0	4.751223087310791	6.140861988067627	2.8320653438568115	0.0	0.0	0.0	0.0	0.0	0.0	0.0	5.287585735321045	0.0	2.5250232219696045	0.0	0.0	7.247519016265869	0.0	4.243170738220215	3.0928475856781006	2.2043662071228027	1.8609037399291992	0.0	0.0	0.0	2.0177061557769775	2.4774508476257324	0.0	3.363375425338745	0.0	0.0	3.252283811569214	0.0	0.0	0.0	0.0	0.0	0.0	0.0	0.0	0.0	0.0	2.878255605697632	3.960146427154541	0.0	0.0	0.0	0.0	0.0	0.0	1.0745540857315063	0.0	0.0	3.143104076385498	3.2317841053009033	0.0	2.498124361038208	0.7717790603637695	0.0	0.0	2.887842893600464	2.6378962993621826	4.6323137283325195	0.0	2.534364938735962	0.0	2.1947309970855713	0.0	0.0	0.0	3.3898236751556396	0.0	0.0	0.0	0.0	0.0	0.0	0.0	2.0466253757476807	3.8900763988494873	0.0	0.0	0.0	0.0	0.0	0.0	2.0128870010375977	0.0	0.0	0.0	4.200802803039551	0.0	4.749172687530518	0.0	3.5705838203430176	0.0	1.4377776384353638	0.0	0.0	0.0
2.6310160160064697	0.0	3.1149590015411377	0.0	0.0	4.41628360748291	2.674207925796509	2.04414701461792	0.0	0.0	2.5739874839782715	2.6451618671417236	1.9287681579589844	0.0	0.0	0.0	0.0	5.128631591796875	3.8158624172210693	0.5516987442970276	0.0	0.0	0.0	3.495319366455078	0.0	0.0	0.0	0.0	0.0	4.491737365722656	7.187280178070068	1.2909793853759766	0.0	0.0	0.0	0.0	0.0	0.0	0.0	6.830936908721924	0.0	4.115506172180176	0.0	0.0	7.786566734313965	0.0	5.473936080932617	4.651736736297607	1.5400875806808472	4.2091240882873535	0.0	0.0	0.0	2.267699718475342	2.50418758392334	0.0	3.367155075073242	0.0	0.0	4.845760345458984	0.0	0.0	0.0	0.0	0.0	0.0	0.0	0.0	0.0	0.0	3.924269437789917	5.019188404083252	0.0	0.0	0.0	0.0	0.0	0.0	3.455812454223633	0.0	0.0	2.8535451889038086	3.2634716033935547	0.0	2.3009183406829834	1.652547001838684	0.0	0.0	2.468992233276367	2.9753315448760986	4.917213439941406	0.0	1.029821753501892	0.0	1.6552518606185913	0.0	0.0	0.0	4.045989036560059	0.0	0.0	0.0	0.0	0.0	0.0	0.0	0.8628018498420715	2.9783287048339844	0.0	0.0	0.0	0.0	0.0	0.0	3.3632044792175293	0.0	0.0	0.0	5.668184280395508	0.0	6.753880500793457	0.0	5.870825290679932	0.0	1.2061703205108643	0.0	0.0	0.0
3.491368532180786	0.0	3.705794334411621	0.0	0.0	3.4586997032165527	3.937481641769409	1.4710216522216797	0.0	0.0	2.5506398677825928	2.600661277770996	3.0677692890167236	0.0	0.0	0.0	0.0	3.3894553184509277	2.973940372467041	2.0175561904907227	0.0	0.0	0.0	3.677251100540161	0.0	0.0	0.0	0.0	0.0	4.968216896057129	6.646876811981201	2.9932591915130615	0.0	0.0	0.0	0.0	0.0	0.0	0.0	5.324499130249023	0.0	2.700209379196167	0.0	0.0	7.4305925369262695	0.0	4.794858455657959	3.0651726722717285	1.9952728748321533	1.5723462104797363	0.0	0.0	0.0	2.2805142402648926	2.756477117538452	0.0	3.709125280380249	0.0	0.0	3.6204609870910645	0.0	0.0	0.0	0.0	0.0	0.0	0.0	0.0	0.0	0.0	3.0639777183532715	4.331363201141357	0.0	0.0	0.0	0.0	0.0	0.0	1.6866867542266846	0.0	0.0	3.3815743923187256	3.0780937671661377	0.0	2.656451463699341	1.2842347621917725	0.0	0.0	3.19864821434021	2.635178804397583	4.493814468383789	0.0	3.24259352684021	0.0	2.4294543266296387	0.0	0.0	0.0	3.7424187660217285	0.0	0.0	0.0	0.0	0.0	0.0	0.0	2.1467907428741455	3.84214186668396	0.0	0.0	0.0	0.0	0.0	0.0	1.8017373085021973	0.0	0.0	0.0	4.315342903137207	0.0	4.737242221832275	0.0	3.988582134246826	0.0	1.1103143692016602	0.0	0.0	0.0
3.7158291339874268	0.0	3.690674066543579	0.0	0.0	3.1280007362365723	3.5460736751556396	1.4684542417526245	0.0	0.0	2.7782886028289795	2.551624298095703	3.2759850025177	0.0	0.0	0.0	0.0	3.4238977432250977	2.8809654712677	2.1401641368865967	0.0	0.0	0.0	3.6238815784454346	0.0	0.0	0.0	0.0	0.0	5.097278118133545	6.799194812774658	2.957028388977051	0.0	0.0	0.0	0.0	0.0	0.0	0.0	5.522392749786377	0.0	2.67482852935791	0.0	0.0	7.681817054748535	0.0	4.743928909301758	3.2191591262817383	1.9927752017974854	1.8831748962402344	0.0	0.0	0.0	2.39766788482666	2.5241799354553223	0.0	3.468797445297241	0.0	0.0	3.4360320568084717	0.0	0.0	0.0	0.0	0.0	0.0	0.0	0.0	0.0	0.0	3.232093572616577	4.415002346038818	0.0	0.0	0.0	0.0	0.0	0.0	1.4550303220748901	0.0	0.0	3.151634693145752	3.3265864849090576	0.0	2.6161298751831055	1.0694255828857422	0.0	0.0	3.1675820350646973	2.735360860824585	4.822556495666504	0.0	2.943154811859131	0.0	2.476410150527954	0.0	0.0	0.0	3.6556777954101562	0.0	0.0	0.0	0.0	0.0	0.0	0.0	1.9980815649032593	3.8663923740386963	0.0	0.0	0.0	0.0	0.0	0.0	2.0345466136932373	0.0	0.0	0.0	4.310701847076416	0.0	4.794679164886475	0.0	4.027827262878418	0.0	1.3574566841125488	0.0	0.0	0.0
3.7614195346832275	0.0	3.5310311317443848	0.0	0.0	2.7673938274383545	3.9287593364715576	1.6817567348480225	0.0	0.0	2.8497941493988037	2.489999771118164	4.121904373168945	0.0	0.0	0.0	0.0	3.0374319553375244	2.6754097938537598	2.119647264480591	0.0	0.0	0.0	3.712329387664795	0.0	0.0	0.0	0.0	0.0	4.896123886108398	6.193244934082031	3.042353391647339	0.0	0.0	0.0	0.0	0.0	0.0	0.0	5.560035228729248	0.0	2.456799030303955	0.0	0.0	7.629971027374268	0.0	4.507260799407959	2.956843614578247	1.9841996431350708	2.3578128814697266	0.0	0.0	0.0	2.0971598625183105	2.822972059249878	0.0	3.7612860202789307	0.0	0.0	3.50614333152771	0.0	0.0	0.0	0.0	0.0	0.0	0.0	0.0	0.0	0.0	2.9045066833496094	4.243578910827637	0.0	0.0	0.0	0.0	0.0	0.0	1.124900460243225	0.0	0.0	3.010951519012451	3.7188587188720703	0.0	2.8795793056488037	0.6334083080291748	0.0	0.0	3.2459497451782227	2.4628584384918213	5.012902736663818	0.0	2.705578565597534	0.0	2.629244565963745	0.0	0.0	0.0	3.586665153503418	0.0	0.0	0.0	0.0	0.0	0.0	0.0	1.9040170907974243	3.903709888458252	0.0	0.0	0.0	0.0	0.0	0.0	1.9174526929855347	0.0	0.0	0.0	4.631337642669678	0.0	4.210046768188477	0.0	3.758882522583008	0.0	1.6502925157546997	0.0	0.0	0.0
2.484860897064209	0.0	3.61295747756958	0.0	0.0	4.024744033813477	3.2713510990142822	1.5320470333099365	0.0	0.0	1.9714300632476807	2.5601625442504883	2.5814568996429443	0.0	0.0	0.0	0.0	4.785329341888428	3.4193074703216553	1.4100617170333862	0.0	0.0	0.0	2.9385464191436768	0.0	0.0	0.0	0.0	0.0	4.227573871612549	6.293091297149658	2.2729544639587402	0.0	0.0	0.0	0.0	0.0	0.0	0.0	6.641485214233398	0.0	3.451582908630371	0.0	0.0	7.577167510986328	0.0	5.0401177406311035	4.223636627197266	1.63808274269104	3.1569957733154297	0.0	0.0	0.0	2.028271198272705	2.35695743560791	0.0	3.4764347076416016	0.0	0.0	4.328402042388916	0.0	0.0	0.0	0.0	0.0	0.0	0.0	0.0	0.0	0.0	3.848034143447876	4.6578288078308105	0.0	0.0	0.0	0.0	0.0	0.0	3.063795804977417	0.0	0.0	2.9121179580688477	3.5869808197021484	0.0	2.347615957260132	1.1266590356826782	0.0	0.0	2.6497297286987305	3.236567735671997	4.514786720275879	0.0	1.4208301305770874	0.0	2.208148956298828	0.0	0.0	0.0	3.7041361331939697	0.0	0.0	0.0	0.0	0.0	0.0	0.0	2.267102003097534	3.5761687755584717	0.0	0.0	0.0	0.0	0.0	0.0	2.3916208744049072	0.0	0.0	0.0	5.694779396057129	0.0	6.072973251342773	0.0	4.841965198516846	0.0	1.2366751432418823	0.0	0.0	0.0
4.121431827545166	0.0	3.0063862800598145	0.0	0.0	2.6505513191223145	3.9015893936157227	0.0	0.0	0.0	2.636176347732544	1.9022459983825684	3.7723066806793213	0.0	0.0	0.0	0.0	4.5994157791137695	3.893200635910034	5.158122539520264	0.0	0.0	0.0	4.000836372375488	0.0	0.0	0.0	0.0	0.0	4.316696643829346	6.768248081207275	2.679713249206543	0.0	0.0	0.0	0.0	0.0	0.0	0.0	5.610439300537109	0.0	2.586348533630371	0.0	0.0	8.906580924987793	0.0	4.659055233001709	2.768000364303589	3.5213162899017334	1.3356684446334839	0.0	0.0	0.0	3.6318047046661377	2.670682668685913	0.0	4.557287216186523	0.0	0.0	3.1052749156951904	0.0	0.0	0.0	0.0	0.0	0.0	0.0	0.0	0.0	0.0	2.1929028034210205	4.38206148147583	0.0	0.0	0.0	0.0	0.0	0.0	0.0	0.0	0.0	3.244166612625122	4.2408318519592285	0.0	3.300583839416504	0.6810550093650818	0.0	0.0	1.6804986000061035	2.805119514465332	5.566239356994629	0.0	4.581297397613525	0.0	2.8542733192443848	0.0	0.0	0.0	3.6197338104248047	0.0	0.0	0.0	0.0	0.0	0.0	0.0	2.2796926498413086	6.239454746246338	0.0	0.0	0.0	0.0	0.0	0.0	1.4205175638198853	0.0	0.0	0.0	3.6019816398620605	0.0	4.299173355102539	0.0	3.320819616317749	0.0	2.0647149085998535	0.0	0.0	0.0
3.6281914710998535	0.0	3.4129552841186523	0.0	0.0	3.454657554626465	3.703221559524536	1.7481433153152466	0.0	0.0	2.8414077758789062	2.4598076343536377	3.5643763542175293	0.0	0.0	0.0	0.0	3.375284433364868	2.9242095947265625	2.5458498001098633	0.0	0.0	0.0	3.540144920349121	0.0	0.0	0.0	0.0	0.0	4.900764465332031	6.784773349761963	2.9000515937805176	0.0	0.0	0.0	0.0	0.0	0.0	0.0	5.537915229797363	0.0	2.3987715244293213	0.0	0.0	7.587007522583008	0.0	4.651418209075928	3.1130166053771973	2.321223020553589	1.7276811599731445	0.0	0.0	0.0	2.278470516204834	2.471848249435425	0.0	3.4968185424804688	0.0	0.0	3.5499894618988037	0.0	0.0	0.0	0.0	0.0	0.0	0.0	0.0	0.0	0.0	3.0731849670410156	4.196877479553223	0.0	0.0	0.0	0.0	0.0	0.0	1.2243801355361938	0.0	0.0	3.1422367095947266	3.3208844661712646	0.0	2.3626527786254883	1.0372483730316162	0.0	0.0	3.096370220184326	2.566997528076172	4.6768059730529785	0.0	2.433359146118164	0.0	2.5027363300323486	0.0	0.0	0.0	3.809598445892334	0.0	0.0	0.0	0.0	0.0	0.0	0.0	2.451258659362793	3.99406361579895	0.0	0.0	0.0	0.0	0.0	0.0	1.9095189571380615	0.0	0.0	0.0	4.178420066833496	0.0	4.535861492156982	0.0	3.2261698246002197	0.0	1.8280930519104004	0.0	0.0	0.0
3.8661842346191406	0.0	3.6263201236724854	0.0	0.0	3.556962251663208	2.983926296234131	1.7622318267822266	0.0	0.0	2.817535400390625	2.6312785148620605	2.646045684814453	0.0	0.0	0.0	0.0	3.589669704437256	2.4761993885040283	1.708604097366333	0.0	0.0	0.0	3.651930332183838	0.0	0.0	0.0	0.0	0.0	4.865479946136475	6.901910305023193	2.4311540126800537	0.0	0.0	0.0	0.0	0.0	0.0	0.0	5.686837196350098	0.0	2.547734022140503	0.0	0.0	7.905951499938965	0.0	4.953549385070801	2.9821367263793945	2.0481553077697754	1.5738543272018433	0.0	0.0	0.0	2.5261495113372803	2.3627519607543945	0.0	3.1755032539367676	0.0	0.0	3.56186842918396	0.0	0.0	0.0	0.0	0.0	0.0	0.0	0.0	0.0	0.0	3.360736846923828	3.907280683517456	0.0	0.0	0.0	0.0	0.0	0.0	1.6478787660598755	0.0	0.0	2.7555296421051025	2.9475505352020264	0.0	2.2008938789367676	1.6067173480987549	0.0	0.0	3.0429317951202393	2.6849629878997803	4.75681209564209	0.0	2.273745059967041	0.0	2.596595525741577	0.0	0.0	0.0	4.0302629470825195	0.0	0.0	0.0	0.0	0.0	0.0	0.0	1.6785025596618652	3.4308223724365234	0.0	0.0	0.0	0.0	0.0	0.0	1.9231960773468018	0.0	0.0	0.0	4.086541652679443	0.0	4.668545246124268	0.0	4.106973648071289	0.0	1.0918711423873901	0.0	0.0	0.0
3.695492744445801	0.0	3.4466745853424072	0.0	0.0	2.9854302406311035	3.297149658203125	1.483433723449707	0.0	0.0	2.716249704360962	2.4269766807556152	3.4269845485687256	0.0	0.0	0.0	0.0	3.601609945297241	2.915456533432007	2.619831085205078	0.0	0.0	0.0	3.435406446456909	0.0	0.0	0.0	0.0	0.0	4.822021007537842	6.508574962615967	2.7143473625183105	0.0	0.0	0.0	0.0	0.0	0.0	0.0	5.721587181091309	0.0	2.4592723846435547	0.0	0.0	7.836291790008545	0.0	4.421067237854004	3.053485155105591	2.047330856323242	1.8996914625167847	0.0	0.0	0.0	2.1981148719787598	2.517468214035034	0.0	3.3464784622192383	0.0	0.0	3.337899923324585	0.0	0.0	0.0	0.0	0.0	0.0	0.0	0.0	0.0	0.0	3.0286247730255127	4.125764846801758	0.0	0.0	0.0	0.0	0.0	0.0	1.1310248374938965	0.0	0.0	3.0965490341186523	3.468696117401123	0.0	2.3634045124053955	0.8531754612922668	0.0	0.0	2.8476181030273438	2.6438796520233154	4.804802894592285	0.0	2.404021978378296	0.0	2.519270896911621	0.0	0.0	0.0	3.5862343311309814	0.0	0.0	0.0	0.0	0.0	0.0	0.0	2.105027437210083	4.02280330657959	0.0	0.0	0.0	0.0	0.0	0.0	1.9293208122253418	0.0	0.0	0.0	4.1224164962768555	0.0	4.677557945251465	0.0	3.4298295974731445	0.0	1.5018850564956665	0.0	0.0	0.0
3.8235745429992676	0.0	3.441960096359253	0.0	0.0	3.2776033878326416	3.5739426612854004	1.271942138671875	0.0	0.0	3.039524555206299	2.359344005584717	3.60257625579834	0.0	0.0	0.0	0.0	3.666229724884033	3.136188507080078	3.2530713081359863	0.0	0.0	0.0	3.6522374153137207	0.0	0.0	0.0	0.0	0.0	4.900848865509033	6.717092990875244	2.8821940422058105	0.0	0.0	0.0	0.0	0.0	0.0	0.0	5.348869800567627	0.0	2.3714869022369385	0.0	0.0	8.073209762573242	0.0	4.362749099731445	3.0212275981903076	2.4070663452148438	1.6083223819732666	0.0	0.0	0.0	2.606379508972168	2.4282474517822266	0.0	3.791398286819458	0.0	0.0	3.490643262863159	0.0	0.0	0.0	0.0	0.0	0.0	0.0	0.0	0.0	0.0	2.6885974407196045	4.162883758544922	0.0	0.0	0.0	0.0	0.0	0.0	0.9939184188842773	0.0	0.0	3.17142653465271	3.583893299102783	0.0	2.6185147762298584	0.784046471118927	0.0	0.0	2.526099920272827	2.4804294109344482	4.989018440246582	0.0	3.082751512527466	0.0	2.564423084259033	0.0	0.0	0.0	3.4814178943634033	0.0	0.0	0.0	0.0	0.0	0.0	0.0	2.368406057357788	4.444295406341553	0.0	0.0	0.0	0.0	0.0	0.0	1.7477328777313232	0.0	0.0	0.0	4.212061882019043	0.0	4.347790718078613	0.0	3.2857139110565186	0.0	1.7376465797424316	0.0	0.0	0.0
3.8752026557922363	0.0	3.3464369773864746	0.0	0.0	3.280177116394043	3.475109338760376	1.7248929738998413	0.0	0.0	2.7689321041107178	2.5371222496032715	3.3956313133239746	0.0	0.0	0.0	0.0	3.3585097789764404	2.9624297618865967	2.3023171424865723	0.0	0.0	0.0	3.6366994380950928	0.0	0.0	0.0	0.0	0.0	4.960773468017578	6.706343650817871	2.94051194190979	0.0	0.0	0.0	0.0	0.0	0.0	0.0	5.50140905380249	0.0	2.5474653244018555	0.0	0.0	7.739282608032227	0.0	4.602447032928467	2.9521923065185547	2.376469373703003	1.6402374505996704	0.0	0.0	0.0	2.324090003967285	2.402946710586548	0.0	3.460327625274658	0.0	0.0	3.392418146133423	0.0	0.0	0.0	0.0	0.0	0.0	0.0	0.0	0.0	0.0	2.9795477390289307	4.111573696136475	0.0	0.0	0.0	0.0	0.0	0.0	1.080458402633667	0.0	0.0	3.076383590698242	3.292994260787964	0.0	2.406367778778076	1.0518757104873657	0.0	0.0	3.1032986640930176	2.785496473312378	4.962798595428467	0.0	2.627669095993042	0.0	2.4647061824798584	0.0	0.0	0.0	3.6295580863952637	0.0	0.0	0.0	0.0	0.0	0.0	0.0	2.1526620388031006	3.9690868854522705	0.0	0.0	0.0	0.0	0.0	0.0	1.939055323600769	0.0	0.0	0.0	4.0648674964904785	0.0	4.514477729797363	0.0	3.397944688796997	0.0	1.5097558498382568	0.0	0.0	0.0
3.7124783992767334	0.0	3.3302135467529297	0.0	0.0	2.9715049266815186	3.355851888656616	1.621140718460083	0.0	0.0	2.6621909141540527	2.500138282775879	3.7850840091705322	0.0	0.0	0.0	0.0	3.3711602687835693	2.936474084854126	2.3201327323913574	0.0	0.0	0.0	3.6240530014038086	0.0	0.0	0.0	0.0	0.0	4.790138244628906	6.440337657928467	2.6927952766418457	0.0	0.0	0.0	0.0	0.0	0.0	0.0	5.71611213684082	0.0	2.7490291595458984	0.0	0.0	7.7245988845825195	0.0	4.493342399597168	3.1173460483551025	2.3793869018554688	2.1988823413848877	0.0	0.0	0.0	2.0976247787475586	2.6361896991729736	0.0	3.384972333908081	0.0	0.0	3.4022676944732666	0.0	0.0	0.0	0.0	0.0	0.0	0.0	0.0	0.0	0.0	3.1513278484344482	4.191792011260986	0.0	0.0	0.0	0.0	0.0	0.0	1.0885509252548218	0.0	0.0	3.098950147628784	3.5011439323425293	0.0	2.4549717903137207	0.734308660030365	0.0	0.0	3.013355255126953	2.6999638080596924	4.905755996704102	0.0	2.3277716636657715	0.0	2.4456958770751953	0.0	0.0	0.0	3.55473256111145	0.0	0.0	0.0	0.0	0.0	0.0	0.0	2.008401870727539	3.9595906734466553	0.0	0.0	0.0	0.0	0.0	0.0	2.117708921432495	0.0	0.0	0.0	4.274930953979492	0.0	4.608840465545654	0.0	3.6846492290496826	0.0	1.6857986450195312	0.0	0.0	0.0
2.935542106628418	0.0	3.4665706157684326	0.0	0.0	3.934173107147217	2.9014134407043457	0.7748550176620483	0.0	0.0	2.351146936416626	2.7042951583862305	1.7769416570663452	0.0	0.0	0.0	0.0	4.3898725509643555	3.6606345176696777	0.06720728427171707	0.0	0.0	0.0	3.2589328289031982	0.0	0.0	0.0	0.0	0.0	4.696756839752197	6.744176864624023	2.535982847213745	0.0	0.0	0.0	0.0	0.0	0.0	0.0	6.15485143661499	0.0	4.1253461837768555	0.0	0.0	6.737004280090332	0.0	5.425003528594971	4.309253215789795	1.2036775350570679	3.676966428756714	0.0	0.0	0.0	2.7873640060424805	2.351288080215454	0.0	3.6754143238067627	0.0	0.0	3.8823204040527344	0.0	0.0	0.0	0.0	0.0	0.0	0.0	0.0	0.0	0.0	3.8600099086761475	5.261172771453857	0.0	0.0	0.0	0.0	0.0	0.0	3.4137725830078125	0.0	0.0	3.097022533416748	3.2211756706237793	0.0	2.700019598007202	0.9761401414871216	0.0	0.0	2.7430155277252197	2.972367763519287	4.67497444152832	0.0	2.3667945861816406	0.0	1.5023671388626099	0.0	0.0	0.0	3.977569341659546	0.0	0.0	0.0	0.0	0.0	0.0	0.0	0.974789559841156	3.0801987648010254	0.0	0.0	0.0	0.0	0.0	0.0	2.9251346588134766	0.0	0.0	0.0	5.643548965454102	0.0	6.324119567871094	0.0	7.183720588684082	0.0	0.1235773116350174	0.0	0.0	0.0
3.6790733337402344	0.0	3.7379558086395264	0.0	0.0	3.3546459674835205	3.671975612640381	1.3075120449066162	0.0	0.0	2.6945042610168457	2.449185848236084	3.2232322692871094	0.0	0.0	0.0	0.0	3.1305031776428223	2.5565907955169678	1.8419570922851562	0.0	0.0	0.0	3.5258283615112305	0.0	0.0	0.0	0.0	0.0	4.677184104919434	6.74507474899292	3.2040956020355225	0.0	0.0	0.0	0.0	0.0	0.0	0.0	5.48703145980835	0.0	2.8285293579101562	0.0	0.0	7.193710803985596	0.0	5.01185417175293	3.1356546878814697	2.0767903327941895	1.6281752586364746	0.0	0.0	0.0	2.374542236328125	2.1141161918640137	0.0	3.4922635555267334	0.0	0.0	3.0957579612731934	0.0	0.0	0.0	0.0	0.0	0.0	0.0	0.0	0.0	0.0	3.7961740493774414	4.1856231689453125	0.0	0.0	0.0	0.0	0.0	0.0	1.5088295936584473	0.0	0.0	3.2599353790283203	3.268296718597412	0.0	2.639648199081421	0.8184954524040222	0.0	0.0	3.385218858718872	3.4448471069335938	4.963894367218018	0.0	2.415057420730591	0.0	2.6685309410095215	0.0	0.0	0.0	3.820067882537842	0.0	0.0	0.0	0.0	0.0	0.0	0.0	2.3280768394470215	3.9210762977600098	0.0	0.0	0.0	0.0	0.0	0.0	1.5886985063552856	0.0	0.0	0.0	4.443734169006348	0.0	5.028484344482422	0.0	4.641176700592041	0.0	0.824001133441925	0.0	0.0	0.0
3.50227689743042	0.0	3.47739839553833	0.0	0.0	3.1299667358398438	3.740691900253296	1.5361790657043457	0.0	0.0	2.8237016201019287	2.4534382820129395	3.483588218688965	0.0	0.0	0.0	0.0	3.1922242641448975	2.8429441452026367	2.211143970489502	0.0	0.0	0.0	3.6106534004211426	0.0	0.0	0.0	0.0	0.0	5.011909484863281	6.704047203063965	3.24940824508667	0.0	0.0	0.0	0.0	0.0	0.0	0.0	5.170968532562256	0.0	2.5143628120422363	0.0	0.0	7.431253910064697	0.0	4.656064510345459	3.122790813446045	2.260598659515381	1.6248644590377808	0.0	0.0	0.0	2.25165057182312	2.2956724166870117	0.0	3.6922788619995117	0.0	0.0	3.4334144592285156	0.0	0.0	0.0	0.0	0.0	0.0	0.0	0.0	0.0	0.0	3.255009651184082	4.339621543884277	0.0	0.0	0.0	0.0	0.0	0.0	1.3782377243041992	0.0	0.0	3.3184125423431396	3.351468086242676	0.0	2.514291524887085	0.938350260257721	0.0	0.0	3.394636392593384	2.737316846847534	4.672457218170166	0.0	3.0252113342285156	0.0	2.337677240371704	0.0	0.0	0.0	3.643219470977783	0.0	0.0	0.0	0.0	0.0	0.0	0.0	2.285414457321167	3.897522449493408	0.0	0.0	0.0	0.0	0.0	0.0	1.753529667854309	0.0	0.0	0.0	4.23591947555542	0.0	4.60943078994751	0.0	3.8428823947906494	0.0	1.336336612701416	0.0	0.0	0.0
3.4393200874328613	0.0	3.543478488922119	0.0	0.0	3.321432590484619	3.7355010509490967	1.2130253314971924	0.0	0.0	2.541501998901367	2.601370334625244	3.2372491359710693	0.0	0.0	0.0	0.0	3.7265679836273193	3.182480812072754	2.391369342803955	0.0	0.0	0.0	3.6455864906311035	0.0	0.0	0.0	0.0	0.0	4.803096771240234	6.490846633911133	2.8908278942108154	0.0	0.0	0.0	0.0	0.0	0.0	0.0	5.325760364532471	0.0	2.522876262664795	0.0	0.0	7.607668399810791	0.0	4.533490180969238	3.0667741298675537	1.951609492301941	1.7743068933486938	0.0	0.0	0.0	2.265704870223999	2.890251636505127	0.0	3.862574815750122	0.0	0.0	3.6675236225128174	0.0	0.0	0.0	0.0	0.0	0.0	0.0	0.0	0.0	0.0	2.8647658824920654	4.216055870056152	0.0	0.0	0.0	0.0	0.0	0.0	1.5244261026382446	0.0	0.0	3.256669282913208	3.3318517208099365	0.0	2.806896448135376	1.1837173700332642	0.0	0.0	2.8036437034606934	2.639040946960449	4.6248979568481445	0.0	3.5292701721191406	0.0	2.360044240951538	0.0	0.0	0.0	3.6459004878997803	0.0	0.0	0.0	0.0	0.0	0.0	0.0	2.2171666622161865	3.9634392261505127	0.0	0.0	0.0	0.0	0.0	0.0	1.975748896598816	0.0	0.0	0.0	4.3807549476623535	0.0	4.988389015197754	0.0	3.7124276161193848	0.0	1.1803735494613647	0.0	0.0	0.0
3.39601731300354	0.0	3.3636677265167236	0.0	0.0	3.271444320678711	3.5547380447387695	1.5461794137954712	0.0	0.0	2.7750930786132812	2.3931915760040283	3.797800064086914	0.0	0.0	0.0	0.0	3.7294695377349854	3.157153606414795	2.550492286682129	0.0	0.0	0.0	3.450664758682251	0.0	0.0	0.0	0.0	0.0	4.874666690826416	6.475625038146973	2.9157488346099854	0.0	0.0	0.0	0.0	0.0	0.0	0.0	5.84813117980957	0.0	2.4010794162750244	0.0	0.0	7.627264022827148	0.0	4.350088119506836	3.162461042404175	2.0053844451904297	2.1289989948272705	0.0	0.0	0.0	2.0460307598114014	2.3464715480804443	0.0	3.388119697570801	0.0	0.0	3.5049166679382324	0.0	0.0	0.0	0.0	0.0	0.0	0.0	0.0	0.0	0.0	3.1822803020477295	4.254354000091553	0.0	0.0	0.0	0.0	0.0	0.0	1.4171440601348877	0.0	0.0	3.2839596271514893	3.6517512798309326	0.0	2.460758686065674	0.7760699987411499	0.0	0.0	2.839348316192627	2.7051167488098145	4.8733811378479	0.0	2.417344570159912	0.0	2.359724283218384	0.0	0.0	0.0	3.5568525791168213	0.0	0.0	0.0	0.0	0.0	0.0	0.0	2.6913235187530518	3.95497465133667	0.0	0.0	0.0	0.0	0.0	0.0	2.1118886470794678	0.0	0.0	0.0	4.569652557373047	0.0	4.925897121429443	0.0	3.302039384841919	0.0	1.5503463745117188	0.0	0.0	0.0
3.5511090755462646	0.0	3.3930654525756836	0.0	0.0	3.3189809322357178	3.8122079372406006	1.6358237266540527	0.0	0.0	2.8022372722625732	2.5088512897491455	3.7822515964508057	0.0	0.0	0.0	0.0	3.4580161571502686	3.1033859252929688	2.5113277435302734	0.0	0.0	0.0	3.587134838104248	0.0	0.0	0.0	0.0	0.0	4.992880821228027	6.615051746368408	2.995725631713867	0.0	0.0	0.0	0.0	0.0	0.0	0.0	5.480138301849365	0.0	2.495279550552368	0.0	0.0	7.545809745788574	0.0	4.5854878425598145	3.320192337036133	2.1897456645965576	2.051461696624756	0.0	0.0	0.0	2.289424180984497	2.526742696762085	0.0	3.701364040374756	0.0	0.0	3.6068458557128906	0.0	0.0	0.0	0.0	0.0	0.0	0.0	0.0	0.0	0.0	2.9931302070617676	4.349382400512695	0.0	0.0	0.0	0.0	0.0	0.0	1.314605474472046	0.0	0.0	3.2590057849884033	3.566314697265625	0.0	2.6330740451812744	0.9064440131187439	0.0	0.0	3.081266164779663	2.603959321975708	4.77802848815918	0.0	2.654865026473999	0.0	2.50104022026062	0.0	0.0	0.0	3.6398825645446777	0.0	0.0	0.0	0.0	0.0	0.0	0.0	2.3857581615448	4.074124336242676	0.0	0.0	0.0	0.0	0.0	0.0	2.0014145374298096	0.0	0.0	0.0	4.447493553161621	0.0	4.746407985687256	0.0	3.3531908988952637	0.0	1.809746503829956	0.0	0.0	0.0
3.637047052383423	0.0	3.362074136734009	0.0	0.0	3.1205899715423584	3.4658267498016357	1.4927932024002075	0.0	0.0	2.7234866619110107	2.4655377864837646	3.3468539714813232	0.0	0.0	0.0	0.0	3.4310660362243652	2.933352470397949	2.545419692993164	0.0	0.0	0.0	3.449195146560669	0.0	0.0	0.0	0.0	0.0	4.664103984832764	6.519478797912598	2.54028058052063	0.0	0.0	0.0	0.0	0.0	0.0	0.0	5.339300155639648	0.0	2.660956859588623	0.0	0.0	7.587064266204834	0.0	4.455181121826172	3.2499771118164062	1.9789437055587769	1.7806634902954102	0.0	0.0	0.0	2.1845836639404297	2.7068495750427246	0.0	3.4598147869110107	0.0	0.0	3.522914409637451	0.0	0.0	0.0	0.0	0.0	0.0	0.0	0.0	0.0	0.0	2.8332221508026123	4.22379207611084	0.0	0.0	0.0	0.0	0.0	0.0	1.0238683223724365	0.0	0.0	2.9927754402160645	3.3042919635772705	0.0	2.387990951538086	0.9173328876495361	0.0	0.0	2.809453248977661	2.5265300273895264	4.681215286254883	0.0	2.488558530807495	0.0	2.468343496322632	0.0	0.0	0.0	3.496206283569336	0.0	0.0	0.0	0.0	0.0	0.0	0.0	2.134066104888916	3.9682581424713135	0.0	0.0	0.0	0.0	0.0	0.0	2.0352180004119873	0.0	0.0	0.0	4.055126667022705	0.0	4.6659016609191895	0.0	3.332005739212036	0.0	1.7927477359771729	0.0	0.0	0.0
3.670506000518799	0.0	3.279461145401001	0.0	0.0	3.0972366333007812	3.275655746459961	1.775315761566162	0.0	0.0	2.7647392749786377	2.3936827182769775	3.598567485809326	0.0	0.0	0.0	0.0	3.4289519786834717	2.7992782592773438	2.3781697750091553	0.0	0.0	0.0	3.566366672515869	0.0	0.0	0.0	0.0	0.0	4.812888145446777	6.427407264709473	2.679272413253784	0.0	0.0	0.0	0.0	0.0	0.0	0.0	5.576284408569336	0.0	2.521095037460327	0.0	0.0	7.735243320465088	0.0	4.328956127166748	3.042865753173828	2.304762840270996	1.9264776706695557	0.0	0.0	0.0	2.07438325881958	2.343674421310425	0.0	3.3308095932006836	0.0	0.0	3.399885416030884	0.0	0.0	0.0	0.0	0.0	0.0	0.0	0.0	0.0	0.0	2.995314359664917	4.003786087036133	0.0	0.0	0.0	0.0	0.0	0.0	1.0336439609527588	0.0	0.0	3.076319932937622	3.2824137210845947	0.0	2.258993625640869	0.9352328181266785	0.0	0.0	2.954713821411133	2.5504608154296875	4.837432861328125	0.0	2.3090240955352783	0.0	2.385525941848755	0.0	0.0	0.0	3.532114028930664	0.0	0.0	0.0	0.0	0.0	0.0	0.0	2.029071092605591	3.7365665435791016	0.0	0.0	0.0	0.0	0.0	0.0	2.0170750617980957	0.0	0.0	0.0	4.155994892120361	0.0	4.4133124351501465	0.0	3.350844621658325	0.0	1.5935745239257812	0.0	0.0	0.0
5.491847038269043	0.0	3.692558526992798	0.0	0.0	3.2887635231018066	1.7214707136154175	2.111417770385742	0.0	0.0	2.2546756267547607	3.284616231918335	2.6737139225006104	0.0	0.0	0.0	0.0	2.9863393306732178	2.3744335174560547	0.5388934016227722	0.0	0.0	0.0	4.414432525634766	0.0	0.0	0.0	0.0	0.0	5.122964382171631	7.404839992523193	1.9209043979644775	0.0	0.0	0.0	0.0	0.0	0.0	0.0	5.702470302581787	0.0	3.6802897453308105	0.0	0.0	8.457528114318848	0.0	5.559443950653076	3.2825894355773926	3.3793811798095703	0.701117992401123	0.0	0.0	0.0	3.0920348167419434	3.246656656265259	0.0	2.563568115234375	0.0	0.0	3.3109757900238037	0.0	0.0	0.0	0.0	0.0	0.0	0.0	0.0	0.0	0.0	4.956937313079834	3.466428279876709	0.0	0.0	0.0	0.0	0.0	0.0	0.6174558401107788	0.0	0.0	2.5584678649902344	2.2541325092315674	0.0	1.8652769327163696	2.483502149581909	0.0	0.0	4.124974727630615	3.8198251724243164	5.264969825744629	0.0	1.490251064300537	0.0	2.8919410705566406	0.0	0.0	0.0	5.177974700927734	0.0	0.0	0.0	0.0	0.0	0.0	0.0	0.5259113311767578	3.4741852283477783	0.0	0.0	0.0	0.0	0.0	0.0	2.7216053009033203	0.0	0.0	0.0	3.2529890537261963	0.0	4.746212482452393	0.0	4.606909275054932	0.0	1.4201172590255737	0.0	0.0	0.0
3.387387990951538	0.0	2.278090000152588	0.0	0.0	2.025353193283081	5.90388298034668	2.6352970600128174	0.0	0.0	3.6490190029144287	3.0178909301757812	5.770029067993164	0.0	0.0	0.0	0.0	1.3497560024261475	3.7171075344085693	3.0787932872772217	0.0	0.0	0.0	3.530416965484619	0.0	0.0	0.0	0.0	0.0	6.839249134063721	5.896397590637207	5.444824695587158	0.0	0.0	0.0	0.0	0.0	0.0	0.0	3.7854321002960205	0.0	1.4583933353424072	0.0	0.0	6.083714008331299	0.0	4.226715087890625	3.115389347076416	1.400162935256958	2.406902313232422	0.0	0.0	0.0	2.813020944595337	5.215321063995361	0.0	5.374421119689941	0.0	0.0	4.260285377502441	0.0	0.0	0.0	0.0	0.0	0.0	0.0	0.0	0.0	0.0	2.7570314407348633	5.10301399230957	0.0	0.0	0.0	0.0	0.0	0.0	0.9477702975273132	0.0	0.0	3.787872791290283	5.531271457672119	0.0	2.952434539794922	0.8502027988433838	0.0	0.0	5.73634672164917	0.7646260261535645	3.020141839981079	0.0	5.049407482147217	0.0	2.6013104915618896	0.0	0.0	0.0	3.9001247882843018	0.0	0.0	0.0	0.0	0.0	0.0	0.0	1.9103511571884155	4.5219197273254395	0.0	0.0	0.0	0.0	0.0	0.0	2.0978872776031494	0.0	0.0	0.0	3.9432661533355713	0.0	3.6820645332336426	0.0	0.6499121785163879	0.0	3.3403964042663574	0.0	0.0	0.0
3.740427017211914	0.0	3.5621578693389893	0.0	0.0	3.417086362838745	3.499993324279785	1.8052717447280884	0.0	0.0	2.942185640335083	2.4242613315582275	3.418069839477539	0.0	0.0	0.0	0.0	3.5648891925811768	2.6547868251800537	2.4566538333892822	0.0	0.0	0.0	3.6942105293273926	0.0	0.0	0.0	0.0	0.0	4.9913787841796875	6.924393653869629	2.4867892265319824	0.0	0.0	0.0	0.0	0.0	0.0	0.0	5.663390636444092	0.0	2.3870396614074707	0.0	0.0	8.018468856811523	0.0	4.566784381866455	2.96268892288208	1.7979766130447388	1.9569004774093628	0.0	0.0	0.0	2.3562746047973633	2.511340618133545	0.0	3.359497547149658	0.0	0.0	3.521807909011841	0.0	0.0	0.0	0.0	0.0	0.0	0.0	0.0	0.0	0.0	2.932950019836426	4.332711696624756	0.0	0.0	0.0	0.0	0.0	0.0	1.2214998006820679	0.0	0.0	3.05121111869812	3.3504703044891357	0.0	2.504838228225708	1.1008083820343018	0.0	0.0	2.905829429626465	2.406440496444702	5.020503997802734	0.0	2.5476136207580566	0.0	2.6368846893310547	0.0	0.0	0.0	3.7081594467163086	0.0	0.0	0.0	0.0	0.0	0.0	0.0	2.1646993160247803	3.7212917804718018	0.0	0.0	0.0	0.0	0.0	0.0	2.0187275409698486	0.0	0.0	0.0	4.257455825805664	0.0	4.667307376861572	0.0	3.418687582015991	0.0	1.4947923421859741	0.0	0.0	0.0
3.524101972579956	0.0	3.156759023666382	0.0	0.0	3.783243417739868	4.425762176513672	2.3682286739349365	0.0	0.0	2.4732272624969482	2.8645668029785156	4.8853020668029785	0.0	0.0	0.0	0.0	4.300319671630859	4.065725326538086	1.9267666339874268	0.0	0.0	0.0	2.1187291145324707	0.0	0.0	0.0	0.0	0.0	5.1265764236450195	6.1848955154418945	2.7649199962615967	0.0	0.0	0.0	0.0	0.0	0.0	0.0	6.682160377502441	0.0	2.61627197265625	0.0	0.0	6.910154342651367	0.0	4.8242974281311035	4.64573860168457	2.403913736343384	3.701425552368164	0.0	0.0	0.0	1.2735097408294678	1.6344667673110962	0.0	3.3766117095947266	0.0	0.0	3.67983078956604	0.0	0.0	0.0	0.0	0.0	0.0	0.0	0.0	0.0	0.0	2.9095654487609863	4.667402267456055	0.0	0.0	0.0	0.0	0.0	0.0	0.39747312664985657	0.0	0.0	3.6887059211730957	3.512686014175415	0.0	2.66982364654541	0.641261875629425	0.0	0.0	2.8922693729400635	2.8440780639648438	5.090534210205078	0.0	0.5833005905151367	0.0	1.9204051494598389	0.0	0.0	0.0	2.572657585144043	0.0	0.0	0.0	0.0	0.0	0.0	0.0	3.649749279022217	4.161350250244141	0.0	0.0	0.0	0.0	0.0	0.0	2.3143091201782227	0.0	0.0	0.0	5.2581868171691895	0.0	5.5891499519348145	0.0	2.661768674850464	0.0	3.2538444995880127	0.0	0.0	0.0
4.160485744476318	0.0	3.7242369651794434	0.0	0.0	4.030315399169922	2.555070638656616	2.532278537750244	0.0	0.0	3.5508973598480225	2.3758411407470703	2.9867138862609863	0.0	0.0	0.0	0.0	4.136123180389404	2.0301501750946045	2.5716443061828613	0.0	0.0	0.0	4.039177894592285	0.0	0.0	0.0	0.0	0.0	4.847999572753906	7.5643510818481445	1.6486303806304932	0.0	0.0	0.0	0.0	0.0	0.0	0.0	6.093073844909668	0.0	2.238964557647705	0.0	0.0	9.005362510681152	0.0	4.647412300109863	2.983051300048828	1.8948845863342285	1.5388482809066772	0.0	0.0	0.0	2.3457179069519043	2.366837978363037	0.0	2.7764244079589844	0.0	0.0	3.88145112991333	0.0	0.0	0.0	0.0	0.0	0.0	0.0	0.0	0.0	0.0	3.2333309650421143	3.781419277191162	0.0	0.0	0.0	0.0	0.0	0.0	1.3268122673034668	0.0	0.0	2.5744826793670654	2.992555856704712	0.0	1.7189552783966064	1.8283132314682007	0.0	0.0	2.692981481552124	2.3538687229156494	5.433512210845947	0.0	1.6795361042022705	0.0	2.9402806758880615	0.0	0.0	0.0	4.442646026611328	0.0	0.0	0.0	0.0	0.0	0.0	0.0	1.8750091791152954	2.9465935230255127	0.0	0.0	0.0	0.0	0.0	0.0	2.277134418487549	0.0	0.0	0.0	3.9807372093200684	0.0	4.5413289070129395	0.0	3.264744758605957	0.0	1.6590381860733032	0.0	0.0	0.0
4.451253890991211	0.0	5.057267665863037	0.0	0.0	5.042814254760742	1.862757921218872	2.649106979370117	0.0	0.0	3.9396889209747314	2.6611852645874023	0.8962987065315247	0.0	0.0	0.0	0.0	5.917674541473389	2.131615161895752	1.2837690114974976	0.0	0.0	0.0	3.8609097003936768	0.0	0.0	0.0	0.0	0.0	5.629090309143066	9.499500274658203	1.2695773839950562	0.0	0.0	0.0	0.0	0.0	0.0	0.0	7.667691230773926	0.0	3.010061025619507	0.0	0.0	10.530561447143555	0.0	6.272802352905273	4.130849361419678	0.20578926801681519	3.282658815383911	0.0	0.0	0.0	3.2103917598724365	2.141892433166504	0.0	2.316392183303833	0.0	0.0	4.3065505027771	0.0	0.0	0.0	0.0	0.0	0.0	0.0	0.0	0.0	0.0	3.663428783416748	5.202339172363281	0.0	0.0	0.0	0.0	0.0	0.0	2.33718204498291	0.0	0.0	2.269623041152954	3.1420631408691406	0.0	1.8546510934829712	2.6482245922088623	0.0	0.0	2.151000499725342	2.165811538696289	6.500847339630127	0.0	1.4857311248779297	0.0	3.007044553756714	0.0	0.0	0.0	5.5068488121032715	0.0	0.0	0.0	0.0	0.0	0.0	0.0	0.5816919207572937	1.9408456087112427	0.0	0.0	0.0	0.0	0.0	0.0	3.1899850368499756	0.0	0.0	0.0	4.534597873687744	0.0	6.000393867492676	0.0	6.3777689933776855	0.0	0.22885115444660187	0.0	0.0	0.0
3.214914083480835	0.0	2.8757576942443848	0.0	0.0	2.952692985534668	4.2685418128967285	2.073282241821289	0.0	0.0	2.5372769832611084	2.462207078933716	6.0302042961120605	0.0	0.0	0.0	0.0	3.7826685905456543	3.863193988800049	2.057955503463745	0.0	0.0	0.0	3.8754842281341553	0.0	0.0	0.0	0.0	0.0	4.457953453063965	6.161560535430908	2.937046766281128	0.0	0.0	0.0	0.0	0.0	0.0	0.0	5.995629787445068	0.0	3.3354196548461914	0.0	0.0	7.112879753112793	0.0	4.109457969665527	4.220832824707031	2.8702902793884277	4.227649688720703	0.0	0.0	0.0	1.4759925603866577	2.0212409496307373	0.0	3.474355459213257	0.0	0.0	3.4967586994171143	0.0	0.0	0.0	0.0	0.0	0.0	0.0	0.0	0.0	0.0	2.9036478996276855	4.484302520751953	0.0	0.0	0.0	0.0	0.0	0.0	0.5774751901626587	0.0	0.0	3.7700576782226562	3.922398328781128	0.0	2.956090211868286	0.0	0.0	0.0	3.3920652866363525	3.4371840953826904	5.310372829437256	0.0	1.3008484840393066	0.0	1.950207233428955	0.0	0.0	0.0	2.6087806224823	0.0	0.0	0.0	0.0	0.0	0.0	0.0	2.3484323024749756	4.662294864654541	0.0	0.0	0.0	0.0	0.0	0.0	2.767158031463623	0.0	0.0	0.0	5.627584934234619	0.0	5.230733394622803	0.0	4.7437944412231445	0.0	1.8765723705291748	0.0	0.0	0.0
3.3399853706359863	0.0	3.2904181480407715	0.0	0.0	3.7569901943206787	4.0017499923706055	2.069694995880127	0.0	0.0	2.647681474685669	2.3699686527252197	4.265139102935791	0.0	0.0	0.0	0.0	3.7870237827301025	3.5724031925201416	2.484170436859131	0.0	0.0	0.0	3.0973703861236572	0.0	0.0	0.0	0.0	0.0	5.067651271820068	6.944186687469482	2.7211179733276367	0.0	0.0	0.0	0.0	0.0	0.0	0.0	6.185305118560791	0.0	2.4106855392456055	0.0	0.0	7.431270599365234	0.0	4.58773946762085	3.598038911819458	2.7743935585021973	2.491806745529175	0.0	0.0	0.0	1.8499294519424438	1.8273260593414307	0.0	3.4139137268066406	0.0	0.0	3.669323444366455	0.0	0.0	0.0	0.0	0.0	0.0	0.0	0.0	0.0	0.0	2.807177782058716	4.581783294677734	0.0	0.0	0.0	0.0	0.0	0.0	1.266968846321106	0.0	0.0	3.655533790588379	3.2909202575683594	0.0	2.4205129146575928	0.8627766966819763	0.0	0.0	2.8311049938201904	2.581766366958618	4.675812721252441	0.0	1.6234922409057617	0.0	2.1626675128936768	0.0	0.0	0.0	3.061532497406006	0.0	0.0	0.0	0.0	0.0	0.0	0.0	3.287238597869873	4.241251468658447	0.0	0.0	0.0	0.0	0.0	0.0	1.9019883871078491	0.0	0.0	0.0	4.796661376953125	0.0	4.692451000213623	0.0	2.981924533843994	0.0	2.490152359008789	0.0	0.0	0.0
3.974194288253784	0.0	3.395122766494751	0.0	0.0	3.202536106109619	3.193110227584839	1.7156277894973755	0.0	0.0	2.79815673828125	2.6210057735443115	3.2157139778137207	0.0	0.0	0.0	0.0	3.399444341659546	2.927487850189209	2.058487892150879	0.0	0.0	0.0	3.6854002475738525	0.0	0.0	0.0	0.0	0.0	4.947181701660156	6.798145771026611	2.700108528137207	0.0	0.0	0.0	0.0	0.0	0.0	0.0	5.45528507232666	0.0	2.6869702339172363	0.0	0.0	7.799690246582031	0.0	4.738837242126465	3.1239283084869385	2.33654522895813	1.6023284196853638	0.0	0.0	0.0	2.443372964859009	2.6737239360809326	0.0	3.400007724761963	0.0	0.0	3.4460270404815674	0.0	0.0	0.0	0.0	0.0	0.0	0.0	0.0	0.0	0.0	3.290853977203369	4.009219169616699	0.0	0.0	0.0	0.0	0.0	0.0	1.13069486618042	0.0	0.0	2.944469451904297	3.1371004581451416	0.0	2.306259870529175	1.3620586395263672	0.0	0.0	3.2891101837158203	2.9171719551086426	4.783390998840332	0.0	2.550995111465454	0.0	2.4394943714141846	0.0	0.0	0.0	3.873197078704834	0.0	0.0	0.0	0.0	0.0	0.0	0.0	1.8697913885116577	3.866084098815918	0.0	0.0	0.0	0.0	0.0	0.0	2.0395689010620117	0.0	0.0	0.0	3.9199209213256836	0.0	4.7173051834106445	0.0	3.6004979610443115	0.0	1.4912385940551758	0.0	0.0	0.0
3.032116174697876	0.0	3.8482794761657715	0.0	0.0	3.518763542175293	3.7349002361297607	0.862221896648407	0.0	0.0	2.2548975944519043	2.5988898277282715	2.159499168395996	0.0	0.0	0.0	0.0	3.837151050567627	3.164954662322998	0.8798570036888123	0.0	0.0	0.0	3.3375656604766846	0.0	0.0	0.0	0.0	0.0	4.290293216705322	6.346833229064941	2.653501033782959	0.0	0.0	0.0	0.0	0.0	0.0	0.0	5.244792938232422	0.0	3.7058937549591064	0.0	0.0	6.607959270477295	0.0	5.079785346984863	3.813288450241089	1.0392793416976929	2.4093620777130127	0.0	0.0	0.0	2.6453375816345215	2.5879628658294678	0.0	3.840177059173584	0.0	0.0	3.561570405960083	0.0	0.0	0.0	0.0	0.0	0.0	0.0	0.0	0.0	0.0	3.726661205291748	4.824094772338867	0.0	0.0	0.0	0.0	0.0	0.0	2.414783239364624	0.0	0.0	3.0432076454162598	3.167126178741455	0.0	2.8977062702178955	0.9954203963279724	0.0	0.0	3.0467333793640137	3.338545560836792	4.69384241104126	0.0	2.992340326309204	0.0	2.237043857574463	0.0	0.0	0.0	3.5693230628967285	0.0	0.0	0.0	0.0	0.0	0.0	0.0	1.591543436050415	3.583934783935547	0.0	0.0	0.0	0.0	0.0	0.0	2.2083961963653564	0.0	0.0	0.0	4.980483531951904	0.0	5.924911022186279	0.0	5.897843837738037	0.0	0.3651582598686218	0.0	0.0	0.0
3.5459184646606445	0.0	3.6613800525665283	0.0	0.0	3.453977108001709	3.708951950073242	1.4694076776504517	0.0	0.0	2.770936965942383	2.52720308303833	3.2377614974975586	0.0	0.0	0.0	0.0	3.6284897327423096	2.9671192169189453	2.5301826000213623	0.0	0.0	0.0	3.6625542640686035	0.0	0.0	0.0	0.0	0.0	4.881221771240234	6.666881084442139	2.9010276794433594	0.0	0.0	0.0	0.0	0.0	0.0	0.0	5.366602420806885	0.0	2.345945358276367	0.0	0.0	7.756281852722168	0.0	4.531976222991943	2.8786208629608154	2.0195717811584473	1.5259313583374023	0.0	0.0	0.0	2.2516629695892334	2.464156150817871	0.0	3.682295560836792	0.0	0.0	3.522148370742798	0.0	0.0	0.0	0.0	0.0	0.0	0.0	0.0	0.0	0.0	2.794139862060547	4.177921772003174	0.0	0.0	0.0	0.0	0.0	0.0	1.425654649734497	0.0	0.0	3.2311465740203857	3.217583656311035	0.0	2.6258974075317383	1.1825135946273804	0.0	0.0	2.7646210193634033	2.473984956741333	4.739120006561279	0.0	3.2113730907440186	0.0	2.5211782455444336	0.0	0.0	0.0	3.60558819770813	0.0	0.0	0.0	0.0	0.0	0.0	0.0	2.381894111633301	3.9535903930664062	0.0	0.0	0.0	0.0	0.0	0.0	1.7540801763534546	0.0	0.0	0.0	4.275358200073242	0.0	4.6841020584106445	0.0	3.5319433212280273	0.0	1.2369678020477295	0.0	0.0	0.0
3.964221239089966	0.0	3.4870669841766357	0.0	0.0	3.3785979747772217	2.70794415473938	1.7985150814056396	0.0	0.0	2.5324950218200684	2.7453832626342773	2.644355058670044	0.0	0.0	0.0	0.0	3.4556961059570312	2.8151307106018066	1.3736677169799805	0.0	0.0	0.0	3.921661138534546	0.0	0.0	0.0	0.0	0.0	4.712986946105957	6.791388034820557	2.233952283859253	0.0	0.0	0.0	0.0	0.0	0.0	0.0	5.364641189575195	0.0	3.020728826522827	0.0	0.0	7.963586807250977	0.0	4.927945137023926	3.1576077938079834	2.8056626319885254	1.2810654640197754	0.0	0.0	0.0	2.421375274658203	2.913182258605957	0.0	3.2266743183135986	0.0	0.0	3.7779481410980225	0.0	0.0	0.0	0.0	0.0	0.0	0.0	0.0	0.0	0.0	3.8329527378082275	3.6453909873962402	0.0	0.0	0.0	0.0	0.0	0.0	1.462852120399475	0.0	0.0	2.7955853939056396	2.5861644744873047	0.0	2.070268154144287	2.0212385654449463	0.0	0.0	3.3470404148101807	3.2274043560028076	4.580935955047607	0.0	2.3796958923339844	0.0	2.361459970474243	0.0	0.0	0.0	4.119405746459961	0.0	0.0	0.0	0.0	0.0	0.0	0.0	1.3414145708084106	3.4379048347473145	0.0	0.0	0.0	0.0	0.0	0.0	1.9546602964401245	0.0	0.0	0.0	3.8025636672973633	0.0	4.911001205444336	0.0	3.856821060180664	0.0	1.229292631149292	0.0	0.0	0.0
3.337106466293335	0.0	3.8381905555725098	0.0	0.0	3.572758674621582	3.8183798789978027	1.215281367301941	0.0	0.0	2.306020736694336	2.628326654434204	2.574653148651123	0.0	0.0	0.0	0.0	3.5880489349365234	3.197138786315918	1.9137681722640991	0.0	0.0	0.0	3.705528497695923	0.0	0.0	0.0	0.0	0.0	4.823207855224609	6.753394603729248	2.8314568996429443	0.0	0.0	0.0	0.0	0.0	0.0	0.0	5.211847305297852	0.0	2.773940324783325	0.0	0.0	7.5409321784973145	0.0	4.842207908630371	3.139267683029175	1.8357948064804077	1.5041981935501099	0.0	0.0	0.0	2.2379496097564697	2.8523173332214355	0.0	3.969632387161255	0.0	0.0	3.8179664611816406	0.0	0.0	0.0	0.0	0.0	0.0	0.0	0.0	0.0	0.0	3.03230357170105	4.526147842407227	0.0	0.0	0.0	0.0	0.0	0.0	2.006932497024536	0.0	0.0	3.4655680656433105	2.940394639968872	0.0	2.8199753761291504	1.4864261150360107	0.0	0.0	2.725635051727295	2.6106173992156982	4.428822040557861	0.0	3.758991241455078	0.0	2.3362834453582764	0.0	0.0	0.0	3.603376865386963	0.0	0.0	0.0	0.0	0.0	0.0	0.0	2.2244210243225098	3.6557812690734863	0.0	0.0	0.0	0.0	0.0	0.0	1.7316631078720093	0.0	0.0	0.0	4.463276386260986	0.0	5.1075053215026855	0.0	4.524412155151367	0.0	0.7752381563186646	0.0	0.0	0.0
3.5701334476470947	0.0	3.5622665882110596	0.0	0.0	3.0219497680664062	3.523698568344116	0.9002522230148315	0.0	0.0	2.55889630317688	2.4936444759368896	3.2739946842193604	0.0	0.0	0.0	0.0	3.811854124069214	2.932086229324341	1.9210788011550903	0.0	0.0	0.0	3.317690372467041	0.0	0.0	0.0	0.0	0.0	4.649482727050781	6.352951526641846	3.293666362762451	0.0	0.0	0.0	0.0	0.0	0.0	0.0	5.6937785148620605	0.0	2.8566067218780518	0.0	0.0	7.153234004974365	0.0	4.790902614593506	3.5567567348480225	1.656065583229065	2.2700822353363037	0.0	0.0	0.0	2.3588430881500244	2.349355459213257	0.0	3.6966116428375244	0.0	0.0	3.3086512088775635	0.0	0.0	0.0	0.0	0.0	0.0	0.0	0.0	0.0	0.0	3.6303646564483643	4.508481502532959	0.0	0.0	0.0	0.0	0.0	0.0	1.6424369812011719	0.0	0.0	3.1884984970092773	3.6630074977874756	0.0	2.5818185806274414	0.5626708269119263	0.0	0.0	3.267026901245117	3.1096394062042236	4.98198938369751	0.0	2.5942583084106445	0.0	2.37332820892334	0.0	0.0	0.0	3.9325153827667236	0.0	0.0	0.0	0.0	0.0	0.0	0.0	1.9525954723358154	3.905647039413452	0.0	0.0	0.0	0.0	0.0	0.0	2.1506335735321045	0.0	0.0	0.0	4.763263702392578	0.0	5.3468708992004395	0.0	4.76285457611084	0.0	0.8158631920814514	0.0	0.0	0.0
3.9997220039367676	0.0	3.5123214721679688	0.0	0.0	3.4586071968078613	3.7025392055511475	1.8236244916915894	0.0	0.0	2.909108877182007	2.556567907333374	3.812145471572876	0.0	0.0	0.0	0.0	3.1526124477386475	2.6782360076904297	2.4482247829437256	0.0	0.0	0.0	3.7575221061706543	0.0	0.0	0.0	0.0	0.0	5.057236194610596	6.987322807312012	2.8025522232055664	0.0	0.0	0.0	0.0	0.0	0.0	0.0	5.697160720825195	0.0	2.7211759090423584	0.0	0.0	8.056455612182617	0.0	4.561032295227051	3.069779872894287	2.4001615047454834	1.90272057056427	0.0	0.0	0.0	2.2699594497680664	2.627225875854492	0.0	3.3401753902435303	0.0	0.0	3.498215436935425	0.0	0.0	0.0	0.0	0.0	0.0	0.0	0.0	0.0	0.0	2.7716805934906006	4.1969828605651855	0.0	0.0	0.0	0.0	0.0	0.0	0.9635657072067261	0.0	0.0	3.1705663204193115	3.1409337520599365	0.0	2.43619441986084	0.8066135048866272	0.0	0.0	3.079227924346924	2.5803496837615967	5.021676540374756	0.0	2.259467840194702	0.0	2.5579051971435547	0.0	0.0	0.0	3.6465682983398438	0.0	0.0	0.0	0.0	0.0	0.0	0.0	2.234501600265503	3.879903554916382	0.0	0.0	0.0	0.0	0.0	0.0	2.025083065032959	0.0	0.0	0.0	4.296076774597168	0.0	4.347970008850098	0.0	3.552117109298706	0.0	1.8075764179229736	0.0	0.0	0.0
5.479316711425781	0.0	4.188472747802734	0.0	0.0	3.875262975692749	1.8708326816558838	2.7789547443389893	0.0	0.0	2.423560857772827	3.324451446533203	2.3418867588043213	0.0	0.0	0.0	0.0	2.788330078125	1.662870168685913	0.29819393157958984	0.0	0.0	0.0	4.358119010925293	0.0	0.0	0.0	0.0	0.0	5.07832670211792	7.953540325164795	1.8175770044326782	0.0	0.0	0.0	0.0	0.0	0.0	0.0	6.300272464752197	0.0	4.280961990356445	0.0	0.0	8.871148109436035	0.0	5.5292863845825195	3.005932569503784	3.1924054622650146	0.6465228796005249	0.0	0.0	0.0	2.7949037551879883	3.543966293334961	0.0	2.5074899196624756	0.0	0.0	3.644535541534424	0.0	0.0	0.0	0.0	0.0	0.0	0.0	0.0	0.0	0.0	5.506707668304443	3.55169677734375	0.0	0.0	0.0	0.0	0.0	0.0	1.1154139041900635	0.0	0.0	2.574456214904785	1.9343377351760864	0.0	1.3658442497253418	2.585054636001587	0.0	0.0	4.710181713104248	4.084160804748535	5.4013237953186035	0.0	0.940579891204834	0.0	3.4258108139038086	0.0	0.0	0.0	5.28770112991333	0.0	0.0	0.0	0.0	0.0	0.0	0.0	1.0179065465927124	2.9734368324279785	0.0	0.0	0.0	0.0	0.0	0.0	2.590956211090088	0.0	0.0	0.0	3.5425643920898438	0.0	4.806623458862305	0.0	4.504750728607178	0.0	1.5305184125900269	0.0	0.0	0.0
3.1610748767852783	0.0	3.896287679672241	0.0	0.0	3.5788040161132812	3.792557716369629	1.3544323444366455	0.0	0.0	2.560816526412964	2.494945526123047	2.8987443447113037	0.0	0.0	0.0	0.0	3.823209524154663	2.886258125305176	1.6751117706298828	0.0	0.0	0.0	3.1730778217315674	0.0	0.0	0.0	0.0	0.0	4.5138959884643555	6.414771556854248	2.918376922607422	0.0	0.0	0.0	0.0	0.0	0.0	0.0	5.541889190673828	0.0	3.168804168701172	0.0	0.0	7.165398597717285	0.0	4.859236240386963	3.6314947605133057	1.1692508459091187	2.1863911151885986	0.0	0.0	0.0	2.452777862548828	2.2888405323028564	0.0	3.7180213928222656	0.0	0.0	3.5923237800598145	0.0	0.0	0.0	0.0	0.0	0.0	0.0	0.0	0.0	0.0	3.594071626663208	4.596238136291504	0.0	0.0	0.0	0.0	0.0	0.0	2.0244641304016113	0.0	0.0	3.0385830402374268	3.511488437652588	0.0	2.7190444469451904	0.7867459058761597	0.0	0.0	3.1596202850341797	3.2824230194091797	4.859395503997803	0.0	2.7059788703918457	0.0	2.587447166442871	0.0	0.0	0.0	3.535848379135132	0.0	0.0	0.0	0.0	0.0	0.0	0.0	2.2589449882507324	3.821009397506714	0.0	0.0	0.0	0.0	0.0	0.0	2.0193514823913574	0.0	0.0	0.0	4.954732418060303	0.0	5.593461990356445	0.0	4.571888446807861	0.0	0.925081729888916	0.0	0.0	0.0
3.7398407459259033	0.0	3.3700664043426514	0.0	0.0	3.540334463119507	3.6983020305633545	1.4265297651290894	0.0	0.0	2.8344359397888184	2.445047378540039	3.894986152648926	0.0	0.0	0.0	0.0	3.6072561740875244	3.1075522899627686	2.9212472438812256	0.0	0.0	0.0	3.609149217605591	0.0	0.0	0.0	0.0	0.0	4.938427925109863	6.692835807800293	2.8388428688049316	0.0	0.0	0.0	0.0	0.0	0.0	0.0	5.588367938995361	0.0	2.271859884262085	0.0	0.0	7.677877426147461	0.0	4.42708683013916	3.216216564178467	2.498885154724121	1.805435299873352	0.0	0.0	0.0	2.0824999809265137	2.385829448699951	0.0	3.522404909133911	0.0	0.0	3.6698074340820312	0.0	0.0	0.0	0.0	0.0	0.0	0.0	0.0	0.0	0.0	2.8425071239471436	4.2040300369262695	0.0	0.0	0.0	0.0	0.0	0.0	1.4087857007980347	0.0	0.0	3.3448963165283203	3.407168388366699	0.0	2.5444211959838867	0.7833747267723083	0.0	0.0	2.754410982131958	2.6273458003997803	4.828821182250977	0.0	2.6603610515594482	0.0	2.3256025314331055	0.0	0.0	0.0	3.503704786300659	0.0	0.0	0.0	0.0	0.0	0.0	0.0	2.8660881519317627	4.191053867340088	0.0	0.0	0.0	0.0	0.0	0.0	2.0016446113586426	0.0	0.0	0.0	4.433610439300537	0.0	4.782890319824219	0.0	3.07267165184021	0.0	2.0015885829925537	0.0	0.0	0.0
3.1120245456695557	0.0	3.6901628971099854	0.0	0.0	3.465122938156128	3.494947910308838	1.3335840702056885	0.0	0.0	2.195993423461914	2.3375961780548096	3.3769378662109375	0.0	0.0	0.0	0.0	4.473748683929443	3.222193479537964	2.502495527267456	0.0	0.0	0.0	2.952591896057129	0.0	0.0	0.0	0.0	0.0	4.563366889953613	6.057642459869385	2.892414093017578	0.0	0.0	0.0	0.0	0.0	0.0	0.0	6.685148239135742	0.0	2.8773138523101807	0.0	0.0	7.688661575317383	0.0	4.433019638061523	3.563310384750366	2.217452049255371	2.590083360671997	0.0	0.0	0.0	1.6972737312316895	1.9430791139602661	0.0	3.235001802444458	0.0	0.0	3.835634231567383	0.0	0.0	0.0	0.0	0.0	0.0	0.0	0.0	0.0	0.0	3.5446598529815674	4.405717849731445	0.0	0.0	0.0	0.0	0.0	0.0	2.279148817062378	0.0	0.0	3.2483134269714355	3.737880229949951	0.0	2.2768568992614746	0.8510679602622986	0.0	0.0	2.7019498348236084	3.2140982151031494	5.004018306732178	0.0	1.5928798913955688	0.0	2.442333936691284	0.0	0.0	0.0	3.4629716873168945	0.0	0.0	0.0	0.0	0.0	0.0	0.0	3.2769734859466553	4.142946243286133	0.0	0.0	0.0	0.0	0.0	0.0	2.3142454624176025	0.0	0.0	0.0	5.284246921539307	0.0	5.34094762802124	0.0	3.267880916595459	0.0	1.7344433069229126	0.0	0.0	0.0
3.5542023181915283	0.0	3.254794120788574	0.0	0.0	3.392073154449463	3.7998414039611816	1.8180454969406128	0.0	0.0	2.777061939239502	2.3551230430603027	3.700780153274536	0.0	0.0	0.0	0.0	3.138193368911743	2.959184408187866	2.4404382705688477	0.0	0.0	0.0	3.362933397293091	0.0	0.0	0.0	0.0	0.0	5.081381797790527	6.4069132804870605	2.8095717430114746	0.0	0.0	0.0	0.0	0.0	0.0	0.0	5.567242622375488	0.0	2.7750468254089355	0.0	0.0	7.539875030517578	0.0	4.537057399749756	3.28656268119812	2.203505516052246	2.1169521808624268	0.0	0.0	0.0	2.1629772186279297	2.707685947418213	0.0	3.5092923641204834	0.0	0.0	3.7611072063446045	0.0	0.0	0.0	0.0	0.0	0.0	0.0	0.0	0.0	0.0	2.8692665100097656	4.4002766609191895	0.0	0.0	0.0	0.0	0.0	0.0	1.2035655975341797	0.0	0.0	2.972050428390503	3.3314576148986816	0.0	2.3004794120788574	0.7161216139793396	0.0	0.0	3.2576701641082764	2.3967483043670654	4.541405200958252	0.0	2.2956314086914062	0.0	2.3498125076293945	0.0	0.0	0.0	3.4821765422821045	0.0	0.0	0.0	0.0	0.0	0.0	0.0	1.9604500532150269	3.7325387001037598	0.0	0.0	0.0	0.0	0.0	0.0	2.096647024154663	0.0	0.0	0.0	4.3314666748046875	0.0	4.456947326660156	0.0	3.200455904006958	0.0	2.039623737335205	0.0	0.0	0.0
3.7216405868530273	0.0	3.6060636043548584	0.0	0.0	3.113196849822998	3.3705971240997314	1.4338914155960083	0.0	0.0	2.7050747871398926	2.4986701011657715	3.3019232749938965	0.0	0.0	0.0	0.0	3.3336613178253174	2.7908263206481934	2.355402946472168	0.0	0.0	0.0	3.6416196823120117	0.0	0.0	0.0	0.0	0.0	4.878302574157715	6.746169567108154	2.8170113563537598	0.0	0.0	0.0	0.0	0.0	0.0	0.0	5.471136569976807	0.0	2.5565237998962402	0.0	0.0	7.780318737030029	0.0	4.527398586273193	2.9516210556030273	2.17166805267334	1.6533122062683105	0.0	0.0	0.0	2.3316709995269775	2.5198354721069336	0.0	3.3925955295562744	0.0	0.0	3.3638768196105957	0.0	0.0	0.0	0.0	0.0	0.0	0.0	0.0	0.0	0.0	3.2071380615234375	4.082812786102295	0.0	0.0	0.0	0.0	0.0	0.0	1.2968883514404297	0.0	0.0	3.17958664894104	3.1725881099700928	0.0	2.466050624847412	1.150328278541565	0.0	0.0	3.0121054649353027	2.6653692722320557	4.8222246170043945	0.0	2.8298511505126953	0.0	2.490882635116577	0.0	0.0	0.0	3.600074052810669	0.0	0.0	0.0	0.0	0.0	0.0	0.0	2.115938186645508	3.8487472534179688	0.0	0.0	0.0	0.0	0.0	0.0	1.9018371105194092	0.0	0.0	0.0	4.085611343383789	0.0	4.679692268371582	0.0	3.7954084873199463	0.0	1.3388280868530273	0.0	0.0	0.0
3.4910898208618164	0.0	3.5047552585601807	0.0	0.0	3.3657474517822266	3.4639036655426025	1.618128776550293	0.0	0.0	2.6528561115264893	2.580615282058716	3.1176657676696777	0.0	0.0	0.0	0.0	3.7393832206726074	3.23017954826355	2.067615270614624	0.0	0.0	0.0	3.6267952919006348	0.0	0.0	0.0	0.0	0.0	4.79836368560791	6.65792179107666	2.740750312805176	0.0	0.0	0.0	0.0	0.0	0.0	0.0	5.646144390106201	0.0	2.7439451217651367	0.0	0.0	7.6363205909729	0.0	4.755472660064697	3.2981462478637695	1.9840494394302368	2.0188491344451904	0.0	0.0	0.0	2.3122754096984863	2.4970743656158447	0.0	3.5842125415802	0.0	0.0	3.5517005920410156	0.0	0.0	0.0	0.0	0.0	0.0	0.0	0.0	0.0	0.0	3.294189214706421	4.293469429016113	0.0	0.0	0.0	0.0	0.0	0.0	1.6485698223114014	0.0	0.0	3.154722213745117	3.4071226119995117	0.0	2.5461907386779785	1.108622431755066	0.0	0.0	2.9198663234710693	2.9041974544525146	4.778533458709717	0.0	2.6831181049346924	0.0	2.404822826385498	0.0	0.0	0.0	3.695863962173462	0.0	0.0	0.0	0.0	0.0	0.0	0.0	2.10886812210083	3.8784639835357666	0.0	0.0	0.0	0.0	0.0	0.0	2.115199327468872	0.0	0.0	0.0	4.461989402770996	0.0	5.132319450378418	0.0	4.101863861083984	0.0	1.260907530784607	0.0	0.0	0.0
3.6765151023864746	0.0	3.512606620788574	0.0	0.0	3.2436068058013916	3.5834686756134033	0.9939789772033691	0.0	0.0	2.6649763584136963	2.320948600769043	3.453420877456665	0.0	0.0	0.0	0.0	3.415726900100708	2.7414603233337402	3.0795719623565674	0.0	0.0	0.0	3.662443161010742	0.0	0.0	0.0	0.0	0.0	4.688800811767578	6.390290260314941	2.792431116104126	0.0	0.0	0.0	0.0	0.0	0.0	0.0	5.362545490264893	0.0	2.342674493789673	0.0	0.0	7.649631500244141	0.0	4.198789596557617	2.761647939682007	2.468477964401245	1.3769301176071167	0.0	0.0	0.0	2.3268086910247803	2.3716304302215576	0.0	3.444577693939209	0.0	0.0	3.4169185161590576	0.0	0.0	0.0	0.0	0.0	0.0	0.0	0.0	0.0	0.0	2.704350233078003	4.056136131286621	0.0	0.0	0.0	0.0	0.0	0.0	1.425531268119812	0.0	0.0	3.1554744243621826	3.2524828910827637	0.0	2.5031089782714844	0.7582561373710632	0.0	0.0	2.5940873622894287	2.5173051357269287	4.743656635284424	0.0	2.8706138134002686	0.0	2.4952056407928467	0.0	0.0	0.0	3.4613986015319824	0.0	0.0	0.0	0.0	0.0	0.0	0.0	2.5493321418762207	4.298867225646973	0.0	0.0	0.0	0.0	0.0	0.0	1.7195876836776733	0.0	0.0	0.0	4.320540428161621	0.0	4.375601768493652	0.0	3.225114107131958	0.0	1.6038782596588135	0.0	0.0	0.0
3.5635035037994385	0.0	3.479527473449707	0.0	0.0	3.408118963241577	3.6431169509887695	1.7065966129302979	0.0	0.0	2.7140941619873047	2.437549352645874	3.5151560306549072	0.0	0.0	0.0	0.0	3.5509886741638184	3.030303716659546	2.4788122177124023	0.0	0.0	0.0	3.432816505432129	0.0	0.0	0.0	0.0	0.0	5.046072006225586	6.811548233032227	2.8981082439422607	0.0	0.0	0.0	0.0	0.0	0.0	0.0	5.806772708892822	0.0	2.4979395866394043	0.0	0.0	7.7390828132629395	0.0	4.599661827087402	3.1278092861175537	2.401381731033325	1.8570537567138672	0.0	0.0	0.0	2.106464147567749	2.279566764831543	0.0	3.4157910346984863	0.0	0.0	3.571467876434326	0.0	0.0	0.0	0.0	0.0	0.0	0.0	0.0	0.0	0.0	3.052567481994629	4.344334602355957	0.0	0.0	0.0	0.0	0.0	0.0	1.4499857425689697	0.0	0.0	3.2737793922424316	3.4204094409942627	0.0	2.3607451915740967	1.0605049133300781	0.0	0.0	2.977224349975586	2.7159621715545654	4.743508338928223	0.0	2.4599015712738037	0.0	2.3852405548095703	0.0	0.0	0.0	3.562891960144043	0.0	0.0	0.0	0.0	0.0	0.0	0.0	2.6483354568481445	3.9973223209381104	0.0	0.0	0.0	0.0	0.0	0.0	1.8064537048339844	0.0	0.0	0.0	4.358264923095703	0.0	4.598435401916504	0.0	3.3113577365875244	0.0	1.7651557922363281	0.0	0.0	0.0
3.5806384086608887	0.0	3.570781707763672	0.0	0.0	3.230476140975952	3.734694719314575	1.58879816532135	0.0	0.0	2.7284457683563232	2.5156636238098145	3.308736562728882	0.0	0.0	0.0	0.0	3.412325143814087	3.005708694458008	2.1608216762542725	0.0	0.0	0.0	3.641680955886841	0.0	0.0	0.0	0.0	0.0	4.945101261138916	6.605869293212891	2.9071855545043945	0.0	0.0	0.0	0.0	0.0	0.0	0.0	5.39355993270874	0.0	2.5554239749908447	0.0	0.0	7.474514007568359	0.0	4.658916473388672	3.069214105606079	2.0705149173736572	1.7227890491485596	0.0	0.0	0.0	2.2690744400024414	2.526270627975464	0.0	3.531708240509033	0.0	0.0	3.510880947113037	0.0	0.0	0.0	0.0	0.0	0.0	0.0	0.0	0.0	0.0	3.0917928218841553	4.25255012512207	0.0	0.0	0.0	0.0	0.0	0.0	1.4716954231262207	0.0	0.0	3.1836540699005127	3.2972607612609863	0.0	2.544764995574951	1.1509736776351929	0.0	0.0	3.172539472579956	2.7241785526275635	4.618335247039795	0.0	2.8823256492614746	0.0	2.3879213333129883	0.0	0.0	0.0	3.6123673915863037	0.0	0.0	0.0	0.0	0.0	0.0	0.0	2.2294201850891113	3.847782611846924	0.0	0.0	0.0	0.0	0.0	0.0	1.8692492246627808	0.0	0.0	0.0	4.223901271820068	0.0	4.823434829711914	0.0	3.7850732803344727	0.0	1.3035531044006348	0.0	0.0	0.0
3.764853000640869	0.0	3.3882219791412354	0.0	0.0	3.1518056392669678	3.4514684677124023	1.5329439640045166	0.0	0.0	2.6992008686065674	2.5474636554718018	3.381011724472046	0.0	0.0	0.0	0.0	3.2921900749206543	2.987551689147949	2.3738880157470703	0.0	0.0	0.0	3.6290512084960938	0.0	0.0	0.0	0.0	0.0	4.951411724090576	6.59161376953125	2.8147637844085693	0.0	0.0	0.0	0.0	0.0	0.0	0.0	5.352895736694336	0.0	2.425638437271118	0.0	0.0	7.68494987487793	0.0	4.626220703125	3.0527572631835938	2.3442623615264893	1.5442298650741577	0.0	0.0	0.0	2.357816696166992	2.5900838375091553	0.0	3.442070245742798	0.0	0.0	3.4630866050720215	0.0	0.0	0.0	0.0	0.0	0.0	0.0	0.0	0.0	0.0	2.906355619430542	3.9555511474609375	0.0	0.0	0.0	0.0	0.0	0.0	1.1790469884872437	0.0	0.0	3.0941109657287598	3.222841739654541	0.0	2.4755663871765137	1.1587105989456177	0.0	0.0	3.032585859298706	2.6871540546417236	4.5334014892578125	0.0	2.7119569778442383	0.0	2.431168556213379	0.0	0.0	0.0	3.6199440956115723	0.0	0.0	0.0	0.0	0.0	0.0	0.0	2.0730857849121094	4.029191970825195	0.0	0.0	0.0	0.0	0.0	0.0	1.7995039224624634	0.0	0.0	0.0	3.9850192070007324	0.0	4.608668327331543	0.0	3.464402437210083	0.0	1.5075756311416626	0.0	0.0	0.0
3.304610013961792	0.0	3.7049100399017334	0.0	0.0	3.1714789867401123	3.66709041595459	0.9736389517784119	0.0	0.0	2.1774861812591553	2.7339534759521484	2.1658642292022705	0.0	0.0	0.0	0.0	3.2741751670837402	2.979336977005005	1.1066675186157227	0.0	0.0	0.0	3.438011884689331	0.0	0.0	0.0	0.0	0.0	4.618227481842041	6.080532073974609	2.934485912322998	0.0	0.0	0.0	0.0	0.0	0.0	0.0	4.652612209320068	0.0	2.7134714126586914	0.0	0.0	6.609030246734619	0.0	4.894778251647949	3.0230252742767334	1.5478583574295044	1.3291898965835571	0.0	0.0	0.0	2.415808916091919	2.6283371448516846	0.0	3.86672306060791	0.0	0.0	3.4893062114715576	0.0	0.0	0.0	0.0	0.0	0.0	0.0	0.0	0.0	0.0	3.1488001346588135	4.260408401489258	0.0	0.0	0.0	0.0	0.0	0.0	2.045408010482788	0.0	0.0	3.2672572135925293	2.7927451133728027	0.0	2.8331429958343506	1.5479483604431152	0.0	0.0	3.075099229812622	2.78605318069458	4.086681365966797	0.0	3.948108434677124	0.0	2.216944932937622	0.0	0.0	0.0	3.4788475036621094	0.0	0.0	0.0	0.0	0.0	0.0	0.0	1.5605592727661133	3.394697666168213	0.0	0.0	0.0	0.0	0.0	0.0	1.6034070253372192	0.0	0.0	0.0	4.277437210083008	0.0	5.124678134918213	0.0	4.743581771850586	0.0	0.2510988712310791	0.0	0.0	0.0
3.4881231784820557	0.0	3.419745922088623	0.0	0.0	3.7972371578216553	3.698819875717163	1.455833911895752	0.0	0.0	2.731065511703491	2.19368052482605	3.6884100437164307	0.0	0.0	0.0	0.0	3.939174175262451	2.9024436473846436	3.1946561336517334	0.0	0.0	0.0	3.723646879196167	0.0	0.0	0.0	0.0	0.0	4.7725510597229	6.695871353149414	2.7188961505889893	0.0	0.0	0.0	0.0	0.0	0.0	0.0	6.065308094024658	0.0	2.350959300994873	0.0	0.0	8.118694305419922	0.0	4.481544494628906	2.819650173187256	2.8052239418029785	1.752130389213562	0.0	0.0	0.0	2.1081717014312744	2.0117335319519043	0.0	3.5590779781341553	0.0	0.0	3.600212335586548	0.0	0.0	0.0	0.0	0.0	0.0	0.0	0.0	0.0	0.0	2.960306406021118	4.3237223625183105	0.0	0.0	0.0	0.0	0.0	0.0	1.5521173477172852	0.0	0.0	3.3316965103149414	3.4523375034332275	0.0	2.4516093730926514	0.8265444040298462	0.0	0.0	2.477111577987671	2.7745954990386963	5.249975681304932	0.0	2.442422866821289	0.0	2.5202932357788086	0.0	0.0	0.0	3.7396364212036133	0.0	0.0	0.0	0.0	0.0	0.0	0.0	3.1494946479797363	4.394400596618652	0.0	0.0	0.0	0.0	0.0	0.0	1.7657583951950073	0.0	0.0	0.0	4.630453586578369	0.0	4.486713409423828	0.0	3.1467151641845703	0.0	1.7300257682800293	0.0	0.0	0.0
2.90487003326416	0.0	3.5175814628601074	0.0	0.0	3.498450517654419	3.4700958728790283	1.4973803758621216	0.0	0.0	2.031764268875122	2.2755632400512695	3.515723943710327	0.0	0.0	0.0	0.0	4.717151165008545	3.3142025470733643	2.5195047855377197	0.0	0.0	0.0	2.9329209327697754	0.0	0.0	0.0	0.0	0.0	4.458869934082031	5.940334796905518	2.4735071659088135	0.0	0.0	0.0	0.0	0.0	0.0	0.0	7.084630012512207	0.0	3.0409393310546875	0.0	0.0	7.691917896270752	0.0	4.457631587982178	3.918858766555786	2.0757899284362793	2.989790201187134	0.0	0.0	0.0	1.703040599822998	1.8194293975830078	0.0	2.965085983276367	0.0	0.0	3.9201579093933105	0.0	0.0	0.0	0.0	0.0	0.0	0.0	0.0	0.0	0.0	3.7973849773406982	4.644092559814453	0.0	0.0	0.0	0.0	0.0	0.0	2.4970433712005615	0.0	0.0	3.26763653755188	4.042825222015381	0.0	2.3163788318634033	0.6886499524116516	0.0	0.0	2.806584596633911	3.3908822536468506	4.962838172912598	0.0	0.8547219038009644	0.0	2.4921789169311523	0.0	0.0	0.0	3.4477245807647705	0.0	0.0	0.0	0.0	0.0	0.0	0.0	3.178954601287842	4.226729393005371	0.0	0.0	0.0	0.0	0.0	0.0	2.456078290939331	0.0	0.0	0.0	5.5605669021606445	0.0	5.776533126831055	0.0	3.427891254425049	0.0	1.870522379875183	0.0	0.0	0.0
3.7172813415527344	0.0	3.4169766902923584	0.0	0.0	3.149411201477051	3.558704137802124	1.355081558227539	0.0	0.0	2.822831153869629	2.4299874305725098	3.5467755794525146	0.0	0.0	0.0	0.0	3.479867696762085	3.002601146697998	2.7562434673309326	0.0	0.0	0.0	3.6409027576446533	0.0	0.0	0.0	0.0	0.0	4.864608287811279	6.614668846130371	2.9025259017944336	0.0	0.0	0.0	0.0	0.0	0.0	0.0	5.494605541229248	0.0	2.4317593574523926	0.0	0.0	7.742676258087158	0.0	4.428522109985352	2.9930059909820557	2.3628487586975098	1.79787015914917	0.0	0.0	0.0	2.3607068061828613	2.4526867866516113	0.0	3.5845255851745605	0.0	0.0	3.326359987258911	0.0	0.0	0.0	0.0	0.0	0.0	0.0	0.0	0.0	0.0	2.9938580989837646	4.184547424316406	0.0	0.0	0.0	0.0	0.0	0.0	1.134179711341858	0.0	0.0	3.1988401412963867	3.4567434787750244	0.0	2.559680223464966	0.8045060634613037	0.0	0.0	2.794452428817749	2.5821571350097656	4.9132399559021	0.0	2.7799885272979736	0.0	2.4893946647644043	0.0	0.0	0.0	3.579619884490967	0.0	0.0	0.0	0.0	0.0	0.0	0.0	2.270620822906494	4.208098888397217	0.0	0.0	0.0	0.0	0.0	0.0	1.8509619235992432	0.0	0.0	0.0	4.194391250610352	0.0	4.5027384757995605	0.0	3.423409938812256	0.0	1.6283153295516968	0.0	0.0	0.0
3.2100741863250732	0.0	3.930370569229126	0.0	0.0	3.5320048332214355	3.6729018688201904	1.308858871459961	0.0	0.0	2.278040885925293	2.5737156867980957	2.7272770404815674	0.0	0.0	0.0	0.0	4.130701065063477	3.1235928535461426	1.7491611242294312	0.0	0.0	0.0	3.1881103515625	0.0	0.0	0.0	0.0	0.0	4.581663608551025	6.48061466217041	2.8474555015563965	0.0	0.0	0.0	0.0	0.0	0.0	0.0	6.042007923126221	0.0	3.234734535217285	0.0	0.0	7.368298053741455	0.0	5.0656843185424805	3.6701443195343018	1.2449731826782227	2.270879030227661	0.0	0.0	0.0	2.3634426593780518	2.7186412811279297	0.0	3.608567237854004	0.0	0.0	3.633388042449951	0.0	0.0	0.0	0.0	0.0	0.0	0.0	0.0	0.0	0.0	3.725346326828003	4.630247592926025	0.0	0.0	0.0	0.0	0.0	0.0	1.997172474861145	0.0	0.0	3.0434556007385254	3.4978153705596924	0.0	2.566378355026245	1.083109736442566	0.0	0.0	3.087782382965088	3.345083475112915	4.778406620025635	0.0	2.436490535736084	0.0	2.5278475284576416	0.0	0.0	0.0	3.967128276824951	0.0	0.0	0.0	0.0	0.0	0.0	0.0	2.3141510486602783	3.8328089714050293	0.0	0.0	0.0	0.0	0.0	0.0	2.1743483543395996	0.0	0.0	0.0	4.9014363288879395	0.0	5.637436866760254	0.0	4.404721260070801	0.0	0.9261023998260498	0.0	0.0	0.0
3.215508222579956	0.0	3.844866991043091	0.0	0.0	3.7035892009735107	3.7402937412261963	1.267366647720337	0.0	0.0	2.4076437950134277	2.547315835952759	2.695582866668701	0.0	0.0	0.0	0.0	3.917874336242676	3.213325023651123	1.6544427871704102	0.0	0.0	0.0	3.714792490005493	0.0	0.0	0.0	0.0	0.0	4.742793083190918	6.7767558097839355	2.6960959434509277	0.0	0.0	0.0	0.0	0.0	0.0	0.0	5.245266914367676	0.0	2.6962108612060547	0.0	0.0	7.550539970397949	0.0	4.959954738616943	3.2649614810943604	1.838365912437439	1.7687982320785522	0.0	0.0	0.0	2.185936450958252	2.7509570121765137	0.0	4.053472995758057	0.0	0.0	3.8163037300109863	0.0	0.0	0.0	0.0	0.0	0.0	0.0	0.0	0.0	0.0	3.1570024490356445	4.525086402893066	0.0	0.0	0.0	0.0	0.0	0.0	1.960785150527954	0.0	0.0	3.3067610263824463	3.0486223697662354	0.0	2.8964078426361084	1.4383444786071777	0.0	0.0	2.675905227661133	2.8169238567352295	4.61916446685791	0.0	3.824500560760498	0.0	2.300903558731079	0.0	0.0	0.0	3.63272762298584	0.0	0.0	0.0	0.0	0.0	0.0	0.0	1.99550199508667	3.5583677291870117	0.0	0.0	0.0	0.0	0.0	0.0	1.773617148399353	0.0	0.0	0.0	4.5975542068481445	0.0	5.250397682189941	0.0	4.531073093414307	0.0	0.6644111275672913	0.0	0.0	0.0
2.687710762023926	0.0	2.86208176612854	0.0	0.0	4.406324863433838	2.7259597778320312	1.926581621170044	0.0	0.0	3.059265375137329	2.3736042976379395	2.6310245990753174	0.0	0.0	0.0	0.0	4.908585548400879	3.6747004985809326	1.7773902416229248	0.0	0.0	0.0	3.537524938583374	0.0	0.0	0.0	0.0	0.0	4.428437232971191	7.06766939163208	1.4355366230010986	0.0	0.0	0.0	0.0	0.0	0.0	0.0	6.413114547729492	0.0	3.2588071823120117	0.0	0.0	7.980906963348389	0.0	4.955347537994385	4.093945503234863	1.8668099641799927	3.807837724685669	0.0	0.0	0.0	2.379274368286133	2.423157215118408	0.0	3.4022409915924072	0.0	0.0	4.557322978973389	0.0	0.0	0.0	0.0	0.0	0.0	0.0	0.0	0.0	0.0	3.1404852867126465	4.5237603187561035	0.0	0.0	0.0	0.0	0.0	0.0	2.717949390411377	0.0	0.0	2.6661853790283203	3.473878860473633	0.0	2.145597457885742	1.1288154125213623	0.0	0.0	1.991986870765686	2.302389621734619	4.717641353607178	0.0	1.3100910186767578	0.0	1.7279669046401978	0.0	0.0	0.0	3.9457294940948486	0.0	0.0	0.0	0.0	0.0	0.0	0.0	1.4130029678344727	3.343553304672241	0.0	0.0	0.0	0.0	0.0	0.0	2.862363576889038	0.0	0.0	0.0	5.078910827636719	0.0	5.730267524719238	0.0	4.809511184692383	0.0	1.6463335752487183	0.0	0.0	0.0
3.8882482051849365	0.0	3.8416402339935303	0.0	0.0	3.50395131111145	2.8136441707611084	1.9953017234802246	0.0	0.0	3.0407586097717285	2.6410396099090576	2.945981025695801	0.0	0.0	0.0	0.0	3.74625825881958	2.5157172679901123	2.056297779083252	0.0	0.0	0.0	3.7960588932037354	0.0	0.0	0.0	0.0	0.0	4.9465012550354	7.100486755371094	2.129159450531006	0.0	0.0	0.0	0.0	0.0	0.0	0.0	5.8062567710876465	0.0	2.7459051609039307	0.0	0.0	8.412220001220703	0.0	4.6382060050964355	3.206270456314087	1.9523377418518066	1.6533405780792236	0.0	0.0	0.0	2.270049571990967	2.521641969680786	0.0	3.026775598526001	0.0	0.0	3.718230962753296	0.0	0.0	0.0	0.0	0.0	0.0	0.0	0.0	0.0	0.0	3.369835376739502	3.9220566749572754	0.0	0.0	0.0	0.0	0.0	0.0	1.5520012378692627	0.0	0.0	2.835641384124756	2.9364755153656006	0.0	2.1181085109710693	1.592928171157837	0.0	0.0	2.8922295570373535	2.639000415802002	4.933434009552002	0.0	2.306047201156616	0.0	2.5958657264709473	0.0	0.0	0.0	3.830209970474243	0.0	0.0	0.0	0.0	0.0	0.0	0.0	1.7459696531295776	3.3722150325775146	0.0	0.0	0.0	0.0	0.0	0.0	2.20999813079834	0.0	0.0	0.0	4.04292106628418	0.0	4.95463228225708	0.0	3.8496155738830566	0.0	1.430877923965454	0.0	0.0	0.0
3.916924476623535	0.0	3.680891752243042	0.0	0.0	3.4442355632781982	3.4144184589385986	0.6083826422691345	0.0	0.0	2.8473870754241943	2.2990801334381104	3.5976483821868896	0.0	0.0	0.0	0.0	3.9085447788238525	2.8424134254455566	3.4989843368530273	0.0	0.0	0.0	3.8735110759735107	0.0	0.0	0.0	0.0	0.0	4.5302205085754395	6.635192394256592	2.71714186668396	0.0	0.0	0.0	0.0	0.0	0.0	0.0	5.438978672027588	0.0	2.4219202995300293	0.0	0.0	8.323058128356934	0.0	4.263801097869873	2.8856804370880127	3.139194965362549	1.3646327257156372	0.0	0.0	0.0	2.458383560180664	2.3156065940856934	0.0	3.855131149291992	0.0	0.0	3.5304672718048096	0.0	0.0	0.0	0.0	0.0	0.0	0.0	0.0	0.0	0.0	2.9997634887695312	3.9904990196228027	0.0	0.0	0.0	0.0	0.0	0.0	1.5129142999649048	0.0	0.0	3.406015396118164	3.308366537094116	0.0	2.791670083999634	0.7973657846450806	0.0	0.0	2.1001222133636475	2.843296527862549	5.378739356994629	0.0	3.4004967212677	0.0	2.5409116744995117	0.0	0.0	0.0	3.525005578994751	0.0	0.0	0.0	0.0	0.0	0.0	0.0	2.791715621948242	4.650782108306885	0.0	0.0	0.0	0.0	0.0	0.0	1.6665868759155273	0.0	0.0	0.0	4.705241680145264	0.0	4.412306308746338	0.0	3.395275831222534	0.0	1.633723497390747	0.0	0.0	0.0
3.5319135189056396	0.0	3.7761073112487793	0.0	0.0	3.314129114151001	3.621492385864258	1.0895757675170898	0.0	0.0	2.351539134979248	2.7606313228607178	2.66694974899292	0.0	0.0	0.0	0.0	3.3176815509796143	3.118762493133545	1.348997712135315	0.0	0.0	0.0	3.706092596054077	0.0	0.0	0.0	0.0	0.0	4.8371710777282715	6.7775068283081055	2.8633816242218018	0.0	0.0	0.0	0.0	0.0	0.0	0.0	5.183653354644775	0.0	3.2267138957977295	0.0	0.0	7.099306106567383	0.0	4.986814975738525	3.330385446548462	1.7112400531768799	1.8412134647369385	0.0	0.0	0.0	2.606743574142456	2.9084994792938232	0.0	3.70621657371521	0.0	0.0	3.570254325866699	0.0	0.0	0.0	0.0	0.0	0.0	0.0	0.0	0.0	0.0	3.4675774574279785	4.6384782791137695	0.0	0.0	0.0	0.0	0.0	0.0	1.9947302341461182	0.0	0.0	3.2560622692108154	3.051034927368164	0.0	2.769578218460083	1.2869282960891724	0.0	0.0	3.19677996635437	2.9565041065216064	4.6026153564453125	0.0	3.3637137413024902	0.0	2.3395915031433105	0.0	0.0	0.0	3.7289884090423584	0.0	0.0	0.0	0.0	0.0	0.0	0.0	1.6560341119766235	3.7874324321746826	0.0	0.0	0.0	0.0	0.0	0.0	2.1908657550811768	0.0	0.0	0.0	4.479053020477295	0.0	5.359249114990234	0.0	5.06146764755249	0.0	0.8569299578666687	0.0	0.0	0.0
6.082775592803955	0.0	4.707068920135498	0.0	0.0	4.221438884735107	1.510310173034668	3.5953500270843506	0.0	0.0	2.48006534576416	3.907071590423584	2.419905662536621	0.0	0.0	0.0	0.0	3.2764933109283447	1.9343838691711426	0.0	0.0	0.0	0.0	4.418395519256592	0.0	0.0	0.0	0.0	0.0	5.417788505554199	8.658352851867676	1.2461750507354736	0.0	0.0	0.0	0.0	0.0	0.0	0.0	7.269104480743408	0.0	5.013645648956299	0.0	0.0	9.728915214538574	0.0	6.138974189758301	3.7127740383148193	2.7431135177612305	1.1883275508880615	0.0	0.0	0.0	2.634610891342163	4.041863441467285	0.0	2.0350451469421387	0.0	0.0	3.868962287902832	0.0	0.0	0.0	0.0	0.0	0.0	0.0	0.0	0.0	0.0	6.1045308113098145	3.8986034393310547	0.0	0.0	0.0	0.0	0.0	0.0	0.6650573015213013	0.0	0.0	2.6383237838745117	1.8715314865112305	0.0	1.1833497285842896	2.867072105407715	0.0	0.0	4.726005554199219	4.1789021492004395	6.171494960784912	0.0	0.04796111211180687	0.0	3.6051371097564697	0.0	0.0	0.0	5.941868782043457	0.0	0.0	0.0	0.0	0.0	0.0	0.0	1.0946440696716309	2.8195502758026123	0.0	0.0	0.0	0.0	0.0	0.0	3.815655469894409	0.0	0.0	0.0	3.6886868476867676	0.0	5.694081783294678	0.0	5.148963928222656	0.0	2.1381170749664307	0.0	0.0	0.0
3.2983977794647217	0.0	3.8606109619140625	0.0	0.0	3.2662625312805176	3.8163022994995117	0.9411836862564087	0.0	0.0	1.8726468086242676	2.3793601989746094	3.3859589099884033	0.0	0.0	0.0	0.0	4.496495723724365	3.083801507949829	1.4856657981872559	0.0	0.0	0.0	2.252688407897949	0.0	0.0	0.0	0.0	0.0	4.49228572845459	5.748697280883789	3.5076069831848145	0.0	0.0	0.0	0.0	0.0	0.0	0.0	7.1137776374816895	0.0	3.362039089202881	0.0	0.0	6.673559665679932	0.0	4.858217716217041	4.197235107421875	1.7213469743728638	2.9573190212249756	0.0	0.0	0.0	1.856755018234253	1.2930984497070312	0.0	3.213481903076172	0.0	0.0	3.3303098678588867	0.0	0.0	0.0	0.0	0.0	0.0	0.0	0.0	0.0	0.0	4.358026504516602	4.889152526855469	0.0	0.0	0.0	0.0	0.0	0.0	2.4449257850646973	0.0	0.0	3.588942766189575	3.9668283462524414	0.0	2.6367483139038086	0.4286222755908966	0.0	0.0	3.5191116333007812	4.066244602203369	5.2578020095825195	0.0	1.0835336446762085	0.0	2.3556699752807617	0.0	0.0	0.0	3.412148952484131	0.0	0.0	0.0	0.0	0.0	0.0	0.0	3.292484998703003	3.997206926345825	0.0	0.0	0.0	0.0	0.0	0.0	2.4395058155059814	0.0	0.0	0.0	6.036440372467041	0.0	6.267751216888428	0.0	4.649289608001709	0.0	1.1014162302017212	0.0	0.0	0.0
3.3023252487182617	0.0	3.7713403701782227	0.0	0.0	3.469111204147339	3.755521535873413	1.1134669780731201	0.0	0.0	2.340269088745117	2.6112313270568848	2.637924909591675	0.0	0.0	0.0	0.0	3.850606918334961	3.270969867706299	1.8431568145751953	0.0	0.0	0.0	3.645042657852173	0.0	0.0	0.0	0.0	0.0	4.777113914489746	6.569668769836426	2.8281090259552	0.0	0.0	0.0	0.0	0.0	0.0	0.0	5.215217590332031	0.0	2.8019444942474365	0.0	0.0	7.563832759857178	0.0	4.9035539627075195	3.2156994342803955	1.9201991558074951	1.6623635292053223	0.0	0.0	0.0	2.2147021293640137	2.8455817699432373	0.0	4.075868129730225	0.0	0.0	3.9067611694335938	0.0	0.0	0.0	0.0	0.0	0.0	0.0	0.0	0.0	0.0	3.010263204574585	4.540410041809082	0.0	0.0	0.0	0.0	0.0	0.0	2.0473737716674805	0.0	0.0	3.4276678562164307	3.083265542984009	0.0	2.9379937648773193	1.5108715295791626	0.0	0.0	2.691570997238159	2.693946361541748	4.464563369750977	0.0	4.131098747253418	0.0	2.241628408432007	0.0	0.0	0.0	3.5446581840515137	0.0	0.0	0.0	0.0	0.0	0.0	0.0	1.8436253070831299	3.685296058654785	0.0	0.0	0.0	0.0	0.0	0.0	1.7791247367858887	0.0	0.0	0.0	4.540047645568848	0.0	5.221008777618408	0.0	4.552759647369385	0.0	0.6936185956001282	0.0	0.0	0.0
2.7470033168792725	0.0	3.4934325218200684	0.0	0.0	3.5830111503601074	3.527005434036255	1.3601877689361572	0.0	0.0	2.072188138961792	2.30479097366333	3.2994801998138428	0.0	0.0	0.0	0.0	4.514101505279541	3.173400402069092	2.39121675491333	0.0	0.0	0.0	2.8520889282226562	0.0	0.0	0.0	0.0	0.0	4.472179412841797	6.122284889221191	2.6305346488952637	0.0	0.0	0.0	0.0	0.0	0.0	0.0	6.736999988555908	0.0	3.143198251724243	0.0	0.0	7.872329235076904	0.0	4.597482681274414	4.014739513397217	2.055755138397217	2.7560360431671143	0.0	0.0	0.0	1.8011137247085571	2.222219228744507	0.0	3.218796491622925	0.0	0.0	4.428490161895752	0.0	0.0	0.0	0.0	0.0	0.0	0.0	0.0	0.0	0.0	3.6701393127441406	4.595808982849121	0.0	0.0	0.0	0.0	0.0	0.0	2.898689031600952	0.0	0.0	3.2478206157684326	3.7716450691223145	0.0	2.2495486736297607	1.041643500328064	0.0	0.0	2.892688035964966	3.1084001064300537	4.795772075653076	0.0	1.4626038074493408	0.0	2.257582426071167	0.0	0.0	0.0	3.508897542953491	0.0	0.0	0.0	0.0	0.0	0.0	0.0	2.7907156944274902	3.8972671031951904	0.0	0.0	0.0	0.0	0.0	0.0	2.336460828781128	0.0	0.0	0.0	5.670656204223633	0.0	5.70608377456665	0.0	3.5745506286621094	0.0	1.6850600242614746	0.0	0.0	0.0
3.0972843170166016	0.0	3.7797060012817383	0.0	0.0	3.3993592262268066	3.7381012439727783	1.0406752824783325	0.0	0.0	2.1821231842041016	2.798809051513672	2.3122410774230957	0.0	0.0	0.0	0.0	3.4572086334228516	3.109684705734253	1.3031011819839478	0.0	0.0	0.0	3.649068593978882	0.0	0.0	0.0	0.0	0.0	4.646989345550537	6.55419921875	2.796295642852783	0.0	0.0	0.0	0.0	0.0	0.0	0.0	4.9271159172058105	0.0	2.9466335773468018	0.0	0.0	7.095719337463379	0.0	4.8771443367004395	3.133673906326294	1.6406643390655518	1.5326331853866577	0.0	0.0	0.0	2.2613532543182373	3.0823333263397217	0.0	3.9982166290283203	0.0	0.0	3.7654311656951904	0.0	0.0	0.0	0.0	0.0	0.0	0.0	0.0	0.0	0.0	3.341292142868042	4.368326663970947	0.0	0.0	0.0	0.0	0.0	0.0	2.197031259536743	0.0	0.0	3.254160165786743	2.7699742317199707	0.0	2.8561532497406006	1.5820467472076416	0.0	0.0	2.9613089561462402	2.81592059135437	4.1657562255859375	0.0	3.942246913909912	0.0	2.1943936347961426	0.0	0.0	0.0	3.627241611480713	0.0	0.0	0.0	0.0	0.0	0.0	0.0	1.7379868030548096	3.539069175720215	0.0	0.0	0.0	0.0	0.0	0.0	1.811885118484497	0.0	0.0	0.0	4.393902778625488	0.0	5.255125522613525	0.0	4.761165618896484	0.0	0.5018628239631653	0.0	0.0	0.0
3.66363263130188	0.0	3.6438543796539307	0.0	0.0	3.3704845905303955	3.638000965118408	1.3742382526397705	0.0	0.0	2.832158088684082	2.4511327743530273	3.3377411365509033	0.0	0.0	0.0	0.0	3.756415367126465	3.0423262119293213	2.595090389251709	0.0	0.0	0.0	3.4764857292175293	0.0	0.0	0.0	0.0	0.0	5.035475730895996	6.76091194152832	3.047492504119873	0.0	0.0	0.0	0.0	0.0	0.0	0.0	5.645121097564697	0.0	2.397878646850586	0.0	0.0	7.907135009765625	0.0	4.639164447784424	3.1209704875946045	2.3108856678009033	1.8221487998962402	0.0	0.0	0.0	2.381067991256714	2.311748504638672	0.0	3.5375113487243652	0.0	0.0	3.537515878677368	0.0	0.0	0.0	0.0	0.0	0.0	0.0	0.0	0.0	0.0	2.8654534816741943	4.1610565185546875	0.0	0.0	0.0	0.0	0.0	0.0	1.3609338998794556	0.0	0.0	3.1127474308013916	3.425358295440674	0.0	2.5649375915527344	1.0508438348770142	0.0	0.0	2.8482666015625	2.6472222805023193	4.908234119415283	0.0	2.7743184566497803	0.0	2.508751153945923	0.0	0.0	0.0	3.5577640533447266	0.0	0.0	0.0	0.0	0.0	0.0	0.0	2.2416858673095703	4.174626350402832	0.0	0.0	0.0	0.0	0.0	0.0	1.776010274887085	0.0	0.0	0.0	4.289321422576904	0.0	4.631994724273682	0.0	3.5301594734191895	0.0	1.4285143613815308	0.0	0.0	0.0
3.5742745399475098	0.0	3.596871852874756	0.0	0.0	3.427830457687378	3.8589859008789062	1.586351990699768	0.0	0.0	2.8375654220581055	2.599316358566284	3.497544050216675	0.0	0.0	0.0	0.0	3.654304027557373	3.167484760284424	2.3460493087768555	0.0	0.0	0.0	3.665926694869995	0.0	0.0	0.0	0.0	0.0	5.165337085723877	6.852072715759277	2.861692428588867	0.0	0.0	0.0	0.0	0.0	0.0	0.0	5.667520999908447	0.0	2.623164653778076	0.0	0.0	7.690710544586182	0.0	4.905810356140137	3.357759714126587	2.0904669761657715	2.1730146408081055	0.0	0.0	0.0	2.4369921684265137	2.4053008556365967	0.0	3.6700010299682617	0.0	0.0	3.6042380332946777	0.0	0.0	0.0	0.0	0.0	0.0	0.0	0.0	0.0	0.0	3.0779428482055664	4.608079433441162	0.0	0.0	0.0	0.0	0.0	0.0	1.5067859888076782	0.0	0.0	3.249011993408203	3.5455498695373535	0.0	2.7583377361297607	0.9899864792823792	0.0	0.0	2.8964250087738037	2.6885766983032227	4.900396347045898	0.0	2.817064046859741	0.0	2.4537482261657715	0.0	0.0	0.0	3.608590602874756	0.0	0.0	0.0	0.0	0.0	0.0	0.0	2.2162790298461914	4.130063056945801	0.0	0.0	0.0	0.0	0.0	0.0	2.018043041229248	0.0	0.0	0.0	4.534796237945557	0.0	4.942331314086914	0.0	3.952143907546997	0.0	1.6091059446334839	0.0	0.0	0.0
3.5554115772247314	0.0	3.2471821308135986	0.0	0.0	3.3249399662017822	3.5537452697753906	1.7174092531204224	0.0	0.0	2.9471309185028076	2.3259267807006836	3.6324398517608643	0.0	0.0	0.0	0.0	3.506033182144165	2.933283567428589	2.752980947494507	0.0	0.0	0.0	3.502948045730591	0.0	0.0	0.0	0.0	0.0	4.908965110778809	6.81272554397583	2.810335874557495	0.0	0.0	0.0	0.0	0.0	0.0	0.0	5.649180889129639	0.0	2.227119207382202	0.0	0.0	7.835702419281006	0.0	4.48155403137207	3.004455327987671	2.1625940799713135	1.9265111684799194	0.0	0.0	0.0	2.212872266769409	2.4579620361328125	0.0	3.488611936569214	0.0	0.0	3.5080978870391846	0.0	0.0	0.0	0.0	0.0	0.0	0.0	0.0	0.0	0.0	2.7886812686920166	4.09637975692749	0.0	0.0	0.0	0.0	0.0	0.0	1.2151765823364258	0.0	0.0	3.1017096042633057	3.4823644161224365	0.0	2.3256328105926514	0.993216872215271	0.0	0.0	2.834350347518921	2.3614721298217773	4.661707401275635	0.0	2.3832943439483643	0.0	2.4066693782806396	0.0	0.0	0.0	3.7446775436401367	0.0	0.0	0.0	0.0	0.0	0.0	0.0	2.5711255073547363	3.9754884243011475	0.0	0.0	0.0	0.0	0.0	0.0	1.8812048435211182	0.0	0.0	0.0	4.124483585357666	0.0	4.570487022399902	0.0	3.165954351425171	0.0	1.782015085220337	0.0	0.0	0.0
4.275043487548828	0.0	3.336071252822876	0.0	0.0	3.7486557960510254	4.350384712219238	1.4742305278778076	0.0	0.0	2.75688099861145	2.4749128818511963	6.414211273193359	0.0	0.0	0.0	0.0	3.784952402114868	3.757261276245117	3.2025492191314697	0.0	0.0	0.0	4.175939559936523	0.0	0.0	0.0	0.0	0.0	5.09658145904541	6.813868045806885	3.4093992710113525	0.0	0.0	0.0	0.0	0.0	0.0	0.0	5.9069437980651855	0.0	1.785699486732483	0.0	0.0	7.300337791442871	0.0	4.0621795654296875	3.2991461753845215	4.1959228515625	2.732140064239502	0.0	0.0	0.0	1.091775894165039	1.9307714700698853	0.0	3.652515411376953	0.0	0.0	3.4804608821868896	0.0	0.0	0.0	0.0	0.0	0.0	0.0	0.0	0.0	0.0	2.466865301132202	3.9503726959228516	0.0	0.0	0.0	0.0	0.0	0.0	0.704122006893158	0.0	0.0	4.22292947769165	3.899261713027954	0.0	3.0637266635894775	0.0	0.0	0.0	2.785193920135498	3.358771800994873	5.296530246734619	0.0	2.782572031021118	0.0	2.093431234359741	0.0	0.0	0.0	3.3059396743774414	0.0	0.0	0.0	0.0	0.0	0.0	0.0	4.370583534240723	5.125133991241455	0.0	0.0	0.0	0.0	0.0	0.0	2.2636630535125732	0.0	0.0	0.0	4.783467769622803	0.0	4.879550457000732	0.0	3.05053448677063	0.0	2.8046324253082275	0.0	0.0	0.0
3.397522449493408	0.0	3.67606520652771	0.0	0.0	3.4502909183502197	3.8369863033294678	1.4727599620819092	0.0	0.0	2.6050941944122314	2.4703540802001953	2.9157967567443848	0.0	0.0	0.0	0.0	3.666463851928711	3.097432851791382	2.135349750518799	0.0	0.0	0.0	3.638356924057007	0.0	0.0	0.0	0.0	0.0	4.8857550621032715	6.617892742156982	2.991013526916504	0.0	0.0	0.0	0.0	0.0	0.0	0.0	5.359527111053467	0.0	2.470355749130249	0.0	0.0	7.563496112823486	0.0	4.643071174621582	2.9143474102020264	1.9765160083770752	1.5766710042953491	0.0	0.0	0.0	2.270707845687866	2.4739644527435303	0.0	3.8260886669158936	0.0	0.0	3.5717904567718506	0.0	0.0	0.0	0.0	0.0	0.0	0.0	0.0	0.0	0.0	2.9347243309020996	4.263082027435303	0.0	0.0	0.0	0.0	0.0	0.0	1.6393810510635376	0.0	0.0	3.3074417114257812	3.250364303588867	0.0	2.69468355178833	1.2664824724197388	0.0	0.0	2.8960678577423096	2.7253057956695557	4.630280017852783	0.0	3.413950204849243	0.0	2.4484410285949707	0.0	0.0	0.0	3.6097970008850098	0.0	0.0	0.0	0.0	0.0	0.0	0.0	2.2915024757385254	3.785534143447876	0.0	0.0	0.0	0.0	0.0	0.0	1.6649432182312012	0.0	0.0	0.0	4.422763824462891	0.0	4.840325832366943	0.0	3.730816125869751	0.0	0.9310159087181091	0.0	0.0	0.0
3.519190788269043	0.0	3.6686878204345703	0.0	0.0	3.4189908504486084	3.382103681564331	1.5289851427078247	0.0	0.0	2.7915852069854736	2.4227561950683594	3.2917275428771973	0.0	0.0	0.0	0.0	3.750678539276123	2.8609774112701416	2.533363103866577	0.0	0.0	0.0	3.477379322052002	0.0	0.0	0.0	0.0	0.0	4.965067386627197	6.7258124351501465	2.802264451980591	0.0	0.0	0.0	0.0	0.0	0.0	0.0	5.815190315246582	0.0	2.3550453186035156	0.0	0.0	7.948984146118164	0.0	4.557972431182861	3.0847973823547363	2.0558793544769287	1.917258858680725	0.0	0.0	0.0	2.2401926517486572	2.3357555866241455	0.0	3.3047823905944824	0.0	0.0	3.4929728507995605	0.0	0.0	0.0	0.0	0.0	0.0	0.0	0.0	0.0	0.0	2.9766623973846436	4.073305606842041	0.0	0.0	0.0	0.0	0.0	0.0	1.4777029752731323	0.0	0.0	3.068605661392212	3.3712198734283447	0.0	2.377633571624756	1.1083734035491943	0.0	0.0	2.671706438064575	2.4848899841308594	4.78955078125	0.0	2.495624542236328	0.0	2.4618382453918457	0.0	0.0	0.0	3.6841211318969727	0.0	0.0	0.0	0.0	0.0	0.0	0.0	2.350026845932007	3.909705638885498	0.0	0.0	0.0	0.0	0.0	0.0	1.8991533517837524	0.0	0.0	0.0	4.27147912979126	0.0	4.558890342712402	0.0	3.4217898845672607	0.0	1.4619845151901245	0.0	0.0	0.0
4.781606197357178	0.0	3.4756293296813965	0.0	0.0	3.8984174728393555	1.7553696632385254	2.252288341522217	0.0	0.0	2.585177421569824	3.177630662918091	2.1845834255218506	0.0	0.0	0.0	0.0	3.839228630065918	2.6922175884246826	0.05910174176096916	0.0	0.0	0.0	4.5028252601623535	0.0	0.0	0.0	0.0	0.0	5.316756248474121	7.9940266609191895	1.5326071977615356	0.0	0.0	0.0	0.0	0.0	0.0	0.0	6.555084228515625	0.0	3.8556389808654785	0.0	0.0	8.481156349182129	0.0	5.940365791320801	3.8128185272216797	2.449136972427368	2.5533459186553955	0.0	0.0	0.0	3.0887575149536133	2.8402442932128906	0.0	2.4940080642700195	0.0	0.0	3.6640658378601074	0.0	0.0	0.0	0.0	0.0	0.0	0.0	0.0	0.0	0.0	4.7991437911987305	4.401466369628906	0.0	0.0	0.0	0.0	0.0	0.0	1.7125948667526245	0.0	0.0	2.703500270843506	2.4552741050720215	0.0	2.1181724071502686	2.4585819244384766	0.0	0.0	3.501314640045166	3.118717908859253	5.740000247955322	0.0	0.9418388605117798	0.0	2.4033043384552	0.0	0.0	0.0	5.218569755554199	0.0	0.0	0.0	0.0	0.0	0.0	0.0	0.29471635818481445	2.8842458724975586	0.0	0.0	0.0	0.0	0.0	0.0	3.579967975616455	0.0	0.0	0.0	4.045337677001953	0.0	5.432031631469727	0.0	6.194143295288086	0.0	1.0491036176681519	0.0	0.0	0.0
4.4093194007873535	0.0	3.9401800632476807	0.0	0.0	3.41559100151062	4.0120463371276855	2.335606813430786	0.0	0.0	2.7054941654205322	3.0218210220336914	4.313967227935791	0.0	0.0	0.0	0.0	4.005460739135742	3.6960647106170654	4.075218677520752	0.0	0.0	0.0	4.189432144165039	0.0	0.0	0.0	0.0	0.0	5.154275894165039	7.5762104988098145	3.2102553844451904	0.0	0.0	0.0	0.0	0.0	0.0	0.0	6.563533306121826	0.0	2.4248342514038086	0.0	0.0	9.689056396484375	0.0	5.046769142150879	3.1201415061950684	2.81899094581604	1.4899017810821533	0.0	0.0	0.0	2.5004758834838867	3.0951244831085205	0.0	4.510021686553955	0.0	0.0	4.012331962585449	0.0	0.0	0.0	0.0	0.0	0.0	0.0	0.0	0.0	0.0	2.854133129119873	4.8615007400512695	0.0	0.0	0.0	0.0	0.0	0.0	0.026351727545261383	0.0	0.0	3.3958308696746826	4.2591552734375	0.0	2.47434401512146	0.49567678570747375	0.0	0.0	2.8664817810058594	2.6759696006774902	5.936442852020264	0.0	2.219557523727417	0.0	3.764261245727539	0.0	0.0	0.0	4.381833553314209	0.0	0.0	0.0	0.0	0.0	0.0	0.0	2.7739601135253906	5.881783485412598	0.0	0.0	0.0	0.0	0.0	0.0	1.970113754272461	0.0	0.0	0.0	4.742640495300293	0.0	4.005435466766357	0.0	2.8442931175231934	0.0	2.7378547191619873	0.0	0.0	0.0
3.6028354167938232	0.0	3.6363401412963867	0.0	0.0	3.4125044345855713	3.556485414505005	1.6869454383850098	0.0	0.0	3.2912468910217285	2.387223243713379	3.4847896099090576	0.0	0.0	0.0	0.0	3.8720951080322266	2.774132490158081	2.8275389671325684	0.0	0.0	0.0	3.709566354751587	0.0	0.0	0.0	0.0	0.0	5.053471565246582	7.016220569610596	2.588597297668457	0.0	0.0	0.0	0.0	0.0	0.0	0.0	5.657236099243164	0.0	2.0396220684051514	0.0	0.0	8.224708557128906	0.0	4.547760009765625	3.1481399536132812	1.741671085357666	2.0670270919799805	0.0	0.0	0.0	2.45538592338562	2.2577829360961914	0.0	3.2621335983276367	0.0	0.0	3.5302116870880127	0.0	0.0	0.0	0.0	0.0	0.0	0.0	0.0	0.0	0.0	2.664656639099121	4.159005165100098	0.0	0.0	0.0	0.0	0.0	0.0	1.3656951189041138	0.0	0.0	2.9928438663482666	3.58693528175354	0.0	2.6244044303894043	1.0252825021743774	0.0	0.0	2.550544261932373	2.2538795471191406	5.040641784667969	0.0	2.7211496829986572	0.0	2.5279228687286377	0.0	0.0	0.0	3.6725356578826904	0.0	0.0	0.0	0.0	0.0	0.0	0.0	2.0557003021240234	3.863783836364746	0.0	0.0	0.0	0.0	0.0	0.0	1.9472496509552002	0.0	0.0	0.0	4.2377028465271	0.0	4.784977436065674	0.0	3.5080525875091553	0.0	1.4426398277282715	0.0	0.0	0.0
4.122320652008057	0.0	4.216207027435303	0.0	0.0	3.7306878566741943	2.4958786964416504	1.9976747035980225	0.0	0.0	3.1377158164978027	2.6480472087860107	2.66886043548584	0.0	0.0	0.0	0.0	4.180254936218262	2.186168909072876	2.395170211791992	0.0	0.0	0.0	3.7169792652130127	0.0	0.0	0.0	0.0	0.0	4.906130790710449	7.399200916290283	1.950126051902771	0.0	0.0	0.0	0.0	0.0	0.0	0.0	6.001776218414307	0.0	2.627871036529541	0.0	0.0	9.163455963134766	0.0	4.830868244171143	3.331056833267212	1.9548331499099731	1.3999464511871338	0.0	0.0	0.0	2.403029680252075	2.633636951446533	0.0	2.927534341812134	0.0	0.0	3.884505271911621	0.0	0.0	0.0	0.0	0.0	0.0	0.0	0.0	0.0	0.0	3.437221050262451	3.8698391914367676	0.0	0.0	0.0	0.0	0.0	0.0	1.3845726251602173	0.0	0.0	2.668224573135376	2.8930439949035645	0.0	1.9005045890808105	1.9392591714859009	0.0	0.0	2.633335590362549	2.5570425987243652	5.150687217712402	0.0	2.281583786010742	0.0	2.9483261108398438	0.0	0.0	0.0	4.124086380004883	0.0	0.0	0.0	0.0	0.0	0.0	0.0	1.5971368551254272	3.163349151611328	0.0	0.0	0.0	0.0	0.0	0.0	2.0470473766326904	0.0	0.0	0.0	3.9581189155578613	0.0	4.760475158691406	0.0	3.7145469188690186	0.0	1.408136248588562	0.0	0.0	0.0
4.439934253692627	0.0	3.682182788848877	0.0	0.0	3.2263753414154053	2.5774424076080322	2.0325076580047607	0.0	0.0	2.9097845554351807	2.7444777488708496	3.211087226867676	0.0	0.0	0.0	0.0	3.2971436977386475	2.3715271949768066	2.126192092895508	0.0	0.0	0.0	3.8348937034606934	0.0	0.0	0.0	0.0	0.0	4.894505977630615	7.073957920074463	2.322897434234619	0.0	0.0	0.0	0.0	0.0	0.0	0.0	5.648756980895996	0.0	2.8232181072235107	0.0	0.0	8.58255386352539	0.0	4.578107833862305	2.8971149921417236	2.6905548572540283	1.0929471254348755	0.0	0.0	0.0	2.4168825149536133	2.924642562866211	0.0	2.9377694129943848	0.0	0.0	3.4660048484802246	0.0	0.0	0.0	0.0	0.0	0.0	0.0	0.0	0.0	0.0	3.5978047847747803	3.518709421157837	0.0	0.0	0.0	0.0	0.0	0.0	0.7431092262268066	0.0	0.0	2.6558189392089844	2.8397088050842285	0.0	1.8061542510986328	1.638980746269226	0.0	0.0	3.41328763961792	2.9695425033569336	4.877128601074219	0.0	2.1118011474609375	0.0	2.793672561645508	0.0	0.0	0.0	4.0720062255859375	0.0	0.0	0.0	0.0	0.0	0.0	0.0	1.7458349466323853	3.6975107192993164	0.0	0.0	0.0	0.0	0.0	0.0	1.9917492866516113	0.0	0.0	0.0	3.504460573196411	0.0	4.404027462005615	0.0	3.1983048915863037	0.0	1.7451956272125244	0.0	0.0	0.0
3.6444008350372314	0.0	3.6015567779541016	0.0	0.0	3.2054789066314697	3.3278989791870117	1.4839680194854736	0.0	0.0	2.723215341567993	2.4166440963745117	3.290006637573242	0.0	0.0	0.0	0.0	3.3813414573669434	2.7095117568969727	2.2623512744903564	0.0	0.0	0.0	3.6260616779327393	0.0	0.0	0.0	0.0	0.0	4.81784200668335	6.7720160484313965	2.725956678390503	0.0	0.0	0.0	0.0	0.0	0.0	0.0	5.314449787139893	0.0	2.5222792625427246	0.0	0.0	7.749180316925049	0.0	4.620545864105225	3.067095994949341	2.3127641677856445	1.451648235321045	0.0	0.0	0.0	2.330986499786377	2.3582448959350586	0.0	3.4563639163970947	0.0	0.0	3.506516456604004	0.0	0.0	0.0	0.0	0.0	0.0	0.0	0.0	0.0	0.0	3.1323437690734863	4.055446624755859	0.0	0.0	0.0	0.0	0.0	0.0	1.4226889610290527	0.0	0.0	3.152411937713623	3.135491132736206	0.0	2.4067070484161377	1.2369211912155151	0.0	0.0	3.004624843597412	2.813974380493164	4.757239818572998	0.0	2.948284387588501	0.0	2.465826988220215	0.0	0.0	0.0	3.5582008361816406	0.0	0.0	0.0	0.0	0.0	0.0	0.0	1.9641977548599243	3.7806167602539062	0.0	0.0	0.0	0.0	0.0	0.0	1.766457200050354	0.0	0.0	0.0	4.125596523284912	0.0	4.686830997467041	0.0	3.7420265674591064	0.0	1.3307147026062012	0.0	0.0	0.0
3.817894458770752	0.0	3.4219093322753906	0.0	0.0	3.326414108276367	3.2393476963043213	1.4907984733581543	0.0	0.0	2.726876735687256	2.4474644660949707	3.2849230766296387	0.0	0.0	0.0	0.0	3.5316905975341797	2.8868565559387207	2.52756404876709	0.0	0.0	0.0	3.5742993354797363	0.0	0.0	0.0	0.0	0.0	4.83720588684082	6.648674964904785	2.8051741123199463	0.0	0.0	0.0	0.0	0.0	0.0	0.0	5.605675220489502	0.0	2.5404369831085205	0.0	0.0	7.883173942565918	0.0	4.583334445953369	2.963200807571411	2.3255209922790527	1.5697559118270874	0.0	0.0	0.0	2.3955698013305664	2.68745756149292	0.0	3.464664936065674	0.0	0.0	3.504032611846924	0.0	0.0	0.0	0.0	0.0	0.0	0.0	0.0	0.0	0.0	3.019421100616455	3.933927297592163	0.0	0.0	0.0	0.0	0.0	0.0	1.1896212100982666	0.0	0.0	2.9788107872009277	3.2924728393554688	0.0	2.273437976837158	1.074989676475525	0.0	0.0	2.906458854675293	2.6246070861816406	4.759004592895508	0.0	2.600539445877075	0.0	2.50300931930542	0.0	0.0	0.0	3.8920586109161377	0.0	0.0	0.0	0.0	0.0	0.0	0.0	2.1320393085479736	3.9212746620178223	0.0	0.0	0.0	0.0	0.0	0.0	1.9495617151260376	0.0	0.0	0.0	4.012825965881348	0.0	4.532182216644287	0.0	3.4429943561553955	0.0	1.4850428104400635	0.0	0.0	0.0
3.207127571105957	0.0	3.7554876804351807	0.0	0.0	3.6723954677581787	3.8537192344665527	1.0835704803466797	0.0	0.0	2.134157180786133	2.908226728439331	2.268263578414917	0.0	0.0	0.0	0.0	3.6786293983459473	3.464492082595825	1.2483631372451782	0.0	0.0	0.0	3.6906919479370117	0.0	0.0	0.0	0.0	0.0	4.746409893035889	6.684999465942383	2.820598840713501	0.0	0.0	0.0	0.0	0.0	0.0	0.0	4.973364353179932	0.0	2.9168224334716797	0.0	0.0	7.127376556396484	0.0	5.088344097137451	3.2068538665771484	2.0574381351470947	1.3932421207427979	0.0	0.0	0.0	2.2486448287963867	2.944439649581909	0.0	4.05366325378418	0.0	0.0	3.9498770236968994	0.0	0.0	0.0	0.0	0.0	0.0	0.0	0.0	0.0	0.0	3.2256429195404053	4.387934684753418	0.0	0.0	0.0	0.0	0.0	0.0	2.2587242126464844	0.0	0.0	3.456138849258423	2.6897928714752197	0.0	2.8894708156585693	1.7973562479019165	0.0	0.0	2.9270761013031006	2.8758046627044678	4.15347146987915	0.0	4.0986127853393555	0.0	2.072150707244873	0.0	0.0	0.0	3.619823694229126	0.0	0.0	0.0	0.0	0.0	0.0	0.0	1.8981242179870605	3.6198174953460693	0.0	0.0	0.0	0.0	0.0	0.0	1.8280894756317139	0.0	0.0	0.0	4.439178466796875	0.0	5.374983310699463	0.0	4.798958778381348	0.0	0.5814177393913269	0.0	0.0	0.0
3.7510647773742676	0.0	3.403806686401367	0.0	0.0	3.1990113258361816	3.3209125995635986	1.6881251335144043	0.0	0.0	2.780522584915161	2.509023427963257	3.3706798553466797	0.0	0.0	0.0	0.0	3.294711112976074	2.7119243144989014	2.412689447402954	0.0	0.0	0.0	3.491933822631836	0.0	0.0	0.0	0.0	0.0	4.809272766113281	6.579301357269287	2.639869213104248	0.0	0.0	0.0	0.0	0.0	0.0	0.0	5.4018073081970215	0.0	2.449821710586548	0.0	0.0	7.790534496307373	0.0	4.4673309326171875	2.9298760890960693	2.158590316772461	1.6230173110961914	0.0	0.0	0.0	2.2669219970703125	2.508735179901123	0.0	3.3206024169921875	0.0	0.0	3.3895065784454346	0.0	0.0	0.0	0.0	0.0	0.0	0.0	0.0	0.0	0.0	2.953697919845581	3.9390742778778076	0.0	0.0	0.0	0.0	0.0	0.0	0.9522653818130493	0.0	0.0	2.8983306884765625	3.1912171840667725	0.0	2.240673303604126	0.9851282835006714	0.0	0.0	2.9628753662109375	2.5720772743225098	4.729207992553711	0.0	2.371281862258911	0.0	2.52736496925354	0.0	0.0	0.0	3.5822556018829346	0.0	0.0	0.0	0.0	0.0	0.0	0.0	2.078917980194092	3.8428847789764404	0.0	0.0	0.0	0.0	0.0	0.0	1.8591053485870361	0.0	0.0	0.0	3.893169641494751	0.0	4.467202663421631	0.0	3.258068323135376	0.0	1.6260281801223755	0.0	0.0	0.0
3.137958288192749	0.0	3.6843738555908203	0.0	0.0	3.026528835296631	3.4561243057250977	0.7603504657745361	0.0	0.0	2.2059481143951416	2.5650925636291504	2.877692461013794	0.0	0.0	0.0	0.0	3.852144956588745	3.0974748134613037	1.6726104021072388	0.0	0.0	0.0	3.1440179347991943	0.0	0.0	0.0	0.0	0.0	4.526294708251953	6.1852240562438965	3.2006304264068604	0.0	0.0	0.0	0.0	0.0	0.0	0.0	5.6881632804870605	0.0	3.3148388862609863	0.0	0.0	7.22553014755249	0.0	4.7609782218933105	3.7691233158111572	1.5116032361984253	2.504452705383301	0.0	0.0	0.0	2.3003697395324707	2.7488601207733154	0.0	3.859987258911133	0.0	0.0	3.647479772567749	0.0	0.0	0.0	0.0	0.0	0.0	0.0	0.0	0.0	0.0	3.645171642303467	4.6851325035095215	0.0	0.0	0.0	0.0	0.0	0.0	2.2338342666625977	0.0	0.0	3.1214685440063477	3.6907341480255127	0.0	2.625352621078491	0.6542174816131592	0.0	0.0	3.0768063068389893	3.0377814769744873	4.626708030700684	0.0	2.72552490234375	0.0	2.2979319095611572	0.0	0.0	0.0	3.7967262268066406	0.0	0.0	0.0	0.0	0.0	0.0	0.0	1.9087666273117065	3.924574613571167	0.0	0.0	0.0	0.0	0.0	0.0	2.2297933101654053	0.0	0.0	0.0	5.046403884887695	0.0	5.518998622894287	0.0	5.088529586791992	0.0	0.7382522821426392	0.0	0.0	0.0
3.757068395614624	0.0	3.5254673957824707	0.0	0.0	3.0974974632263184	3.4223172664642334	1.2598609924316406	0.0	0.0	2.6233861446380615	2.5902340412139893	3.0812344551086426	0.0	0.0	0.0	0.0	3.4402592182159424	2.907914876937866	2.100857973098755	0.0	0.0	0.0	3.5091497898101807	0.0	0.0	0.0	0.0	0.0	4.771339416503906	6.528791427612305	2.865253448486328	0.0	0.0	0.0	0.0	0.0	0.0	0.0	5.315990447998047	0.0	2.7920563220977783	0.0	0.0	7.492315292358398	0.0	4.6469902992248535	3.025228500366211	1.863807201385498	1.5118961334228516	0.0	0.0	0.0	2.4333622455596924	2.71878719329834	0.0	3.584867477416992	0.0	0.0	3.3722646236419678	0.0	0.0	0.0	0.0	0.0	0.0	0.0	0.0	0.0	0.0	3.1267154216766357	4.17368221282959	0.0	0.0	0.0	0.0	0.0	0.0	1.2780526876449585	0.0	0.0	2.991281270980835	3.2680602073669434	0.0	2.5539660453796387	1.0406724214553833	0.0	0.0	3.085381031036377	2.8663926124572754	4.768522262573242	0.0	3.1112916469573975	0.0	2.423923969268799	0.0	0.0	0.0	3.7454986572265625	0.0	0.0	0.0	0.0	0.0	0.0	0.0	1.8953886032104492	3.9490251541137695	0.0	0.0	0.0	0.0	0.0	0.0	2.0233511924743652	0.0	0.0	0.0	4.126531600952148	0.0	4.925354480743408	0.0	4.009709358215332	0.0	1.1397101879119873	0.0	0.0	0.0
3.544008731842041	0.0	3.9814231395721436	0.0	0.0	3.4355125427246094	3.653085708618164	0.6869555115699768	0.0	0.0	2.0898258686065674	2.7401106357574463	2.1660566329956055	0.0	0.0	0.0	0.0	3.407592296600342	2.9909541606903076	0.7677288055419922	0.0	0.0	0.0	3.4235610961914062	0.0	0.0	0.0	0.0	0.0	4.756174564361572	6.686583995819092	3.3785862922668457	0.0	0.0	0.0	0.0	0.0	0.0	0.0	5.27741003036499	0.0	3.4869861602783203	0.0	0.0	6.906103610992432	0.0	5.361526966094971	3.5923573970794678	1.8079544305801392	1.6187477111816406	0.0	0.0	0.0	2.800464630126953	2.6255240440368652	0.0	3.959808111190796	0.0	0.0	3.6082584857940674	0.0	0.0	0.0	0.0	0.0	0.0	0.0	0.0	0.0	0.0	3.9497127532958984	4.660950183868408	0.0	0.0	0.0	0.0	0.0	0.0	2.531355619430542	0.0	0.0	3.3593575954437256	2.917656421661377	0.0	2.8994410037994385	1.421290636062622	0.0	0.0	3.4216134548187256	3.450035333633423	4.608237266540527	0.0	3.6201303005218506	0.0	2.089141607284546	0.0	0.0	0.0	3.8955740928649902	0.0	0.0	0.0	0.0	0.0	0.0	0.0	1.5674690008163452	3.428924322128296	0.0	0.0	0.0	0.0	0.0	0.0	1.8865207433700562	0.0	0.0	0.0	4.961427211761475	0.0	5.733053207397461	0.0	5.914444446563721	0.0	0.11507690697908401	0.0	0.0	0.0
3.573464870452881	0.0	3.698237180709839	0.0	0.0	3.455626964569092	3.418515205383301	1.949698805809021	0.0	0.0	3.22682785987854	2.273550510406494	3.57658314704895	0.0	0.0	0.0	0.0	3.837801218032837	2.9495034217834473	3.2308197021484375	0.0	0.0	0.0	3.5929198265075684	0.0	0.0	0.0	0.0	0.0	5.199240684509277	7.352996349334717	2.8616600036621094	0.0	0.0	0.0	0.0	0.0	0.0	0.0	5.963073253631592	0.0	2.116818904876709	0.0	0.0	8.485193252563477	0.0	4.602346420288086	3.224189519882202	2.216623544692993	1.8895856142044067	0.0	0.0	0.0	2.1843230724334717	2.1198720932006836	0.0	3.4204025268554688	0.0	0.0	3.5952160358428955	0.0	0.0	0.0	0.0	0.0	0.0	0.0	0.0	0.0	0.0	2.8029427528381348	4.49229097366333	0.0	0.0	0.0	0.0	0.0	0.0	1.3068937063217163	0.0	0.0	3.291353940963745	3.5492634773254395	0.0	2.2096850872039795	1.0832254886627197	0.0	0.0	2.6562182903289795	2.094547748565674	4.907031536102295	0.0	2.5203187465667725	0.0	2.5716612339019775	0.0	0.0	0.0	3.5896918773651123	0.0	0.0	0.0	0.0	0.0	0.0	0.0	2.640249252319336	4.008216857910156	0.0	0.0	0.0	0.0	0.0	0.0	1.7883223295211792	0.0	0.0	0.0	4.126131057739258	0.0	4.475513935089111	0.0	3.418816566467285	0.0	1.879806637763977	0.0	0.0	0.0
3.4370627403259277	0.0	3.734307050704956	0.0	0.0	3.4785239696502686	3.8032357692718506	1.3986278772354126	0.0	0.0	2.680490016937256	2.5812220573425293	3.081573486328125	0.0	0.0	0.0	0.0	3.5213875770568848	2.8316869735717773	2.2024004459381104	0.0	0.0	0.0	3.512503147125244	0.0	0.0	0.0	0.0	0.0	4.940377712249756	6.7070536613464355	3.0137574672698975	0.0	0.0	0.0	0.0	0.0	0.0	0.0	5.362061023712158	0.0	2.442530870437622	0.0	0.0	7.581071853637695	0.0	4.713930130004883	3.012444257736206	1.9309101104736328	1.6209715604782104	0.0	0.0	0.0	2.2575454711914062	2.6346933841705322	0.0	3.758460283279419	0.0	0.0	3.6528754234313965	0.0	0.0	0.0	0.0	0.0	0.0	0.0	0.0	0.0	0.0	2.9291346073150635	4.258739948272705	0.0	0.0	0.0	0.0	0.0	0.0	1.6840709447860718	0.0	0.0	3.17460298538208	3.176290988922119	0.0	2.5830752849578857	1.2061913013458252	0.0	0.0	2.9232537746429443	2.563319444656372	4.599067687988281	0.0	3.276362180709839	0.0	2.471860885620117	0.0	0.0	0.0	3.6700069904327393	0.0	0.0	0.0	0.0	0.0	0.0	0.0	2.357530117034912	3.7896170616149902	0.0	0.0	0.0	0.0	0.0	0.0	1.7915040254592896	0.0	0.0	0.0	4.385395526885986	0.0	4.690505027770996	0.0	3.761929988861084	0.0	1.1762139797210693	0.0	0.0	0.0
4.376731872558594	0.0	3.8236441612243652	0.0	0.0	3.8328311443328857	2.8835506439208984	2.435877799987793	0.0	0.0	3.195939302444458	2.871833324432373	3.1341989040374756	0.0	0.0	0.0	0.0	3.196765661239624	2.0671980381011963	1.9068886041641235	0.0	0.0	0.0	3.822925329208374	0.0	0.0	0.0	0.0	0.0	5.158253192901611	7.590607643127441	2.1352150440216064	0.0	0.0	0.0	0.0	0.0	0.0	0.0	6.0760602951049805	0.0	2.9940106868743896	0.0	0.0	8.637613296508789	0.0	4.726006031036377	2.904139518737793	1.8297927379608154	1.8088034391403198	0.0	0.0	0.0	2.491872787475586	2.6032843589782715	0.0	2.6106936931610107	0.0	0.0	3.5047922134399414	0.0	0.0	0.0	0.0	0.0	0.0	0.0	0.0	0.0	0.0	3.34671950340271	4.011762619018555	0.0	0.0	0.0	0.0	0.0	0.0	0.9636337161064148	0.0	0.0	2.6994736194610596	2.781973361968994	0.0	1.9450417757034302	1.4387434720993042	0.0	0.0	3.1804988384246826	2.449639320373535	5.40907621383667	0.0	1.3674163818359375	0.0	2.964015245437622	0.0	0.0	0.0	4.093786239624023	0.0	0.0	0.0	0.0	0.0	0.0	0.0	1.9203718900680542	3.278858184814453	0.0	0.0	0.0	0.0	0.0	0.0	2.367302179336548	0.0	0.0	0.0	3.9796674251556396	0.0	4.463403701782227	0.0	3.7374143600463867	0.0	1.7483726739883423	0.0	0.0	0.0
3.7315850257873535	0.0	3.40622878074646	0.0	0.0	3.3901069164276123	3.725250244140625	1.5647149085998535	0.0	0.0	2.722036838531494	2.2975218296051025	3.6431045532226562	0.0	0.0	0.0	0.0	3.5115885734558105	2.7990658283233643	2.815885305404663	0.0	0.0	0.0	3.5792717933654785	0.0	0.0	0.0	0.0	0.0	4.932287693023682	6.498786926269531	2.879038095474243	0.0	0.0	0.0	0.0	0.0	0.0	0.0	5.612341403961182	0.0	2.2974350452423096	0.0	0.0	7.7969183921813965	0.0	4.425718784332275	3.0744926929473877	2.492455005645752	1.6961497068405151	0.0	0.0	0.0	2.0157644748687744	2.18525767326355	0.0	3.500581741333008	0.0	0.0	3.6775619983673096	0.0	0.0	0.0	0.0	0.0	0.0	0.0	0.0	0.0	0.0	2.6229798793792725	4.148351192474365	0.0	0.0	0.0	0.0	0.0	0.0	1.4986048936843872	0.0	0.0	3.1663241386413574	3.312514066696167	0.0	2.417239189147949	0.9614981412887573	0.0	0.0	2.7374496459960938	2.627246618270874	4.97005033493042	0.0	2.6529769897460938	0.0	2.2730934619903564	0.0	0.0	0.0	3.4845211505889893	0.0	0.0	0.0	0.0	0.0	0.0	0.0	2.6245856285095215	3.861527681350708	0.0	0.0	0.0	0.0	0.0	0.0	1.8931082487106323	0.0	0.0	0.0	4.461792945861816	0.0	4.556168556213379	0.0	3.047654151916504	0.0	1.8275774717330933	0.0	0.0	0.0
3.806790590286255	0.0	3.426867961883545	0.0	0.0	3.5234522819519043	3.10542893409729	1.824887990951538	0.0	0.0	2.903494119644165	2.429323196411133	3.2808682918548584	0.0	0.0	0.0	0.0	3.691267251968384	2.8050267696380615	2.4180736541748047	0.0	0.0	0.0	3.713358163833618	0.0	0.0	0.0	0.0	0.0	4.8787102699279785	6.9826531410217285	2.505380153656006	0.0	0.0	0.0	0.0	0.0	0.0	0.0	5.793790340423584	0.0	2.4492642879486084	0.0	0.0	8.143905639648438	0.0	4.671927452087402	2.9698245525360107	2.249842882156372	1.856823205947876	0.0	0.0	0.0	2.3857016563415527	2.4756839275360107	0.0	3.3377935886383057	0.0	0.0	3.438932418823242	0.0	0.0	0.0	0.0	0.0	0.0	0.0	0.0	0.0	0.0	3.174297332763672	4.0166521072387695	0.0	0.0	0.0	0.0	0.0	0.0	1.0936634540557861	0.0	0.0	2.8655922412872314	3.338932991027832	0.0	2.262214183807373	1.1922087669372559	0.0	0.0	2.7439887523651123	2.627026319503784	5.024744033813477	0.0	2.2268078327178955	0.0	2.6426029205322266	0.0	0.0	0.0	4.044622898101807	0.0	0.0	0.0	0.0	0.0	0.0	0.0	2.1620659828186035	3.851155996322632	0.0	0.0	0.0	0.0	0.0	0.0	2.0190374851226807	0.0	0.0	0.0	4.031389236450195	0.0	4.399411678314209	0.0	3.363538980484009	0.0	1.583531379699707	0.0	0.0	0.0
3.8835489749908447	0.0	3.3144662380218506	0.0	0.0	3.1756668090820312	3.324009418487549	1.4265220165252686	0.0	0.0	2.852587938308716	2.5642640590667725	3.437321424484253	0.0	0.0	0.0	0.0	3.4229514598846436	3.1248619556427	2.423367500305176	0.0	0.0	0.0	3.8249475955963135	0.0	0.0	0.0	0.0	0.0	4.944803714752197	6.703383922576904	2.7666146755218506	0.0	0.0	0.0	0.0	0.0	0.0	0.0	5.384219169616699	0.0	2.5941176414489746	0.0	0.0	7.87487268447876	0.0	4.555576324462891	2.971011161804199	2.5955309867858887	1.4034533500671387	0.0	0.0	0.0	2.4043822288513184	2.9065165519714355	0.0	3.514000654220581	0.0	0.0	3.400799036026001	0.0	0.0	0.0	0.0	0.0	0.0	0.0	0.0	0.0	0.0	3.192728042602539	3.878176689147949	0.0	0.0	0.0	0.0	0.0	0.0	1.087838888168335	0.0	0.0	3.0623857975006104	3.2943105697631836	0.0	2.413865327835083	1.1147613525390625	0.0	0.0	3.001371383666992	2.728041410446167	4.746487140655518	0.0	2.8179869651794434	0.0	2.38629150390625	0.0	0.0	0.0	3.945239305496216	0.0	0.0	0.0	0.0	0.0	0.0	0.0	2.1944830417633057	4.104341506958008	0.0	0.0	0.0	0.0	0.0	0.0	1.9343048334121704	0.0	0.0	0.0	3.8567144870758057	0.0	4.788076877593994	0.0	3.6583054065704346	0.0	1.5122102499008179	0.0	0.0	0.0
3.4796621799468994	0.0	3.232264518737793	0.0	0.0	3.505727767944336	3.679839611053467	1.9354723691940308	0.0	0.0	2.9213244915008545	2.4360594749450684	3.7121124267578125	0.0	0.0	0.0	0.0	3.5321204662323	3.090111494064331	2.690117120742798	0.0	0.0	0.0	3.3153412342071533	0.0	0.0	0.0	0.0	0.0	4.978743553161621	6.812199592590332	2.661698579788208	0.0	0.0	0.0	0.0	0.0	0.0	0.0	5.601274013519287	0.0	2.2899422645568848	0.0	0.0	7.677068710327148	0.0	4.559381008148193	3.217655897140503	2.0441839694976807	1.9374947547912598	0.0	0.0	0.0	2.0193114280700684	2.424269914627075	0.0	3.3634469509124756	0.0	0.0	3.557319402694702	0.0	0.0	0.0	0.0	0.0	0.0	0.0	0.0	0.0	0.0	2.7338995933532715	4.17776346206665	0.0	0.0	0.0	0.0	0.0	0.0	0.8807307481765747	0.0	0.0	3.090909719467163	3.356203079223633	0.0	2.2285525798797607	0.9736071825027466	0.0	0.0	2.804556131362915	2.410794258117676	4.70703649520874	0.0	2.2402632236480713	0.0	2.2688910961151123	0.0	0.0	0.0	3.5462446212768555	0.0	0.0	0.0	0.0	0.0	0.0	0.0	2.815141201019287	3.943699359893799	0.0	0.0	0.0	0.0	0.0	0.0	1.9589684009552002	0.0	0.0	0.0	4.024021625518799	0.0	4.617610931396484	0.0	2.734893798828125	0.0	2.0631613731384277	0.0	0.0	0.0
2.8067450523376465	0.0	3.5070152282714844	0.0	0.0	3.6725502014160156	3.6244680881500244	1.3846584558486938	0.0	0.0	1.8974953889846802	2.628692626953125	2.5373570919036865	0.0	0.0	0.0	0.0	4.1186981201171875	3.3365840911865234	1.658551573753357	0.0	0.0	0.0	2.8222312927246094	0.0	0.0	0.0	0.0	0.0	4.401406288146973	6.258129596710205	2.7604269981384277	0.0	0.0	0.0	0.0	0.0	0.0	0.0	6.202754020690918	0.0	3.292163372039795	0.0	0.0	7.368818759918213	0.0	4.980960845947266	3.895069122314453	1.7666469812393188	2.393958568572998	0.0	0.0	0.0	2.120511054992676	2.468982458114624	0.0	3.5223963260650635	0.0	0.0	4.1276679039001465	0.0	0.0	0.0	0.0	0.0	0.0	0.0	0.0	0.0	0.0	3.683134078979492	4.568639278411865	0.0	0.0	0.0	0.0	0.0	0.0	2.595838785171509	0.0	0.0	3.0415868759155273	3.4766366481781006	0.0	2.3736047744750977	1.1775002479553223	0.0	0.0	2.9684841632843018	3.206285238265991	4.424274921417236	0.0	1.8563979864120483	0.0	2.146090507507324	0.0	0.0	0.0	3.6090595722198486	0.0	0.0	0.0	0.0	0.0	0.0	0.0	2.549257755279541	3.7333359718322754	0.0	0.0	0.0	0.0	0.0	0.0	2.1560020446777344	0.0	0.0	0.0	5.203249454498291	0.0	5.767789840698242	0.0	4.159378528594971	0.0	1.262305736541748	0.0	0.0	0.0
3.6269783973693848	0.0	3.861359119415283	0.0	0.0	2.7657675743103027	3.786149501800537	0.4549518823623657	0.0	0.0	2.343808889389038	2.347794532775879	4.471586227416992	0.0	0.0	0.0	0.0	3.417968988418579	2.65270733833313	2.222081184387207	0.0	0.0	0.0	3.628984212875366	0.0	0.0	0.0	0.0	0.0	4.410679340362549	5.824783802032471	3.6569862365722656	0.0	0.0	0.0	0.0	0.0	0.0	0.0	6.061339855194092	0.0	3.123835325241089	0.0	0.0	7.2599358558654785	0.0	4.424510478973389	3.42438006401062	3.0465774536132812	2.937802791595459	0.0	0.0	0.0	1.7341557741165161	1.9347230195999146	0.0	3.6115570068359375	0.0	0.0	2.918381452560425	0.0	0.0	0.0	0.0	0.0	0.0	0.0	0.0	0.0	0.0	3.5466389656066895	4.2277679443359375	0.0	0.0	0.0	0.0	0.0	0.0	1.705618143081665	0.0	0.0	3.616022825241089	3.795767307281494	0.0	3.0936896800994873	0.0	0.0	0.0	2.9229021072387695	3.438127040863037	5.330746650695801	0.0	1.875065565109253	0.0	2.4493281841278076	0.0	0.0	0.0	3.6312482357025146	0.0	0.0	0.0	0.0	0.0	0.0	0.0	2.5407795906066895	4.58355188369751	0.0	0.0	0.0	0.0	0.0	0.0	1.8573801517486572	0.0	0.0	0.0	5.488771438598633	0.0	4.6360063552856445	0.0	5.518488883972168	0.0	1.0377819538116455	0.0	0.0	0.0
3.732964277267456	0.0	3.4953460693359375	0.0	0.0	3.3772172927856445	3.336127519607544	1.6158913373947144	0.0	0.0	2.9142298698425293	2.411667585372925	3.286112070083618	0.0	0.0	0.0	0.0	3.5254344940185547	2.771791934967041	2.5330095291137695	0.0	0.0	0.0	3.553537607192993	0.0	0.0	0.0	0.0	0.0	4.836776256561279	6.71588134765625	2.5947394371032715	0.0	0.0	0.0	0.0	0.0	0.0	0.0	5.40883207321167	0.0	2.244908332824707	0.0	0.0	7.904386520385742	0.0	4.525979042053223	2.900897264480591	2.1526989936828613	1.579663634300232	0.0	0.0	0.0	2.3109607696533203	2.4537713527679443	0.0	3.3977270126342773	0.0	0.0	3.423718214035034	0.0	0.0	0.0	0.0	0.0	0.0	0.0	0.0	0.0	0.0	2.8156423568725586	3.9172706604003906	0.0	0.0	0.0	0.0	0.0	0.0	1.0226531028747559	0.0	0.0	2.881427526473999	3.2878901958465576	0.0	2.3644521236419678	1.1368037462234497	0.0	0.0	2.6896069049835205	2.4182322025299072	4.781432628631592	0.0	2.5461983680725098	0.0	2.5792417526245117	0.0	0.0	0.0	3.7106645107269287	0.0	0.0	0.0	0.0	0.0	0.0	0.0	2.1340701580047607	3.833465814590454	0.0	0.0	0.0	0.0	0.0	0.0	1.7634422779083252	0.0	0.0	0.0	3.9797048568725586	0.0	4.4285054206848145	0.0	3.2782962322235107	0.0	1.4986486434936523	0.0	0.0	0.0
3.6850345134735107	0.0	3.4024906158447266	0.0	0.0	3.3193321228027344	3.3906869888305664	1.614980697631836	0.0	0.0	2.895514488220215	2.4235355854034424	3.5226657390594482	0.0	0.0	0.0	0.0	3.5981357097625732	2.9608817100524902	2.521998643875122	0.0	0.0	0.0	3.677476167678833	0.0	0.0	0.0	0.0	0.0	4.869520664215088	6.773974895477295	2.673994779586792	0.0	0.0	0.0	0.0	0.0	0.0	0.0	5.6160125732421875	0.0	2.5158865451812744	0.0	0.0	7.7693657875061035	0.0	4.552358627319336	3.180750608444214	2.2183303833007812	1.9118082523345947	0.0	0.0	0.0	2.4593212604522705	2.4723331928253174	0.0	3.385084629058838	0.0	0.0	3.472303628921509	0.0	0.0	0.0	0.0	0.0	0.0	0.0	0.0	0.0	0.0	3.092179775238037	4.075444221496582	0.0	0.0	0.0	0.0	0.0	0.0	1.2710545063018799	0.0	0.0	3.01092529296875	3.444408893585205	0.0	2.3824708461761475	1.019639492034912	0.0	0.0	2.928239107131958	2.732012987136841	4.842287540435791	0.0	2.380300283432007	0.0	2.420348644256592	0.0	0.0	0.0	3.7688000202178955	0.0	0.0	0.0	0.0	0.0	0.0	0.0	2.1822729110717773	3.971149206161499	0.0	0.0	0.0	0.0	0.0	0.0	2.0376806259155273	0.0	0.0	0.0	4.133510112762451	0.0	4.741402626037598	0.0	3.495192050933838	0.0	1.7026106119155884	0.0	0.0	0.0
3.3783090114593506	0.0	3.754897117614746	0.0	0.0	3.5261480808258057	3.879120349884033	1.2592157125473022	0.0	0.0	2.3181867599487305	2.7307214736938477	2.656205177307129	0.0	0.0	0.0	0.0	3.518946886062622	3.1049067974090576	1.7873326539993286	0.0	0.0	0.0	3.660454750061035	0.0	0.0	0.0	0.0	0.0	4.797481060028076	6.565790176391602	2.7919342517852783	0.0	0.0	0.0	0.0	0.0	0.0	0.0	5.093939304351807	0.0	2.6600418090820312	0.0	0.0	7.32008171081543	0.0	4.898198127746582	3.0947582721710205	1.846071481704712	1.5349117517471313	0.0	0.0	0.0	2.2687692642211914	2.9186625480651855	0.0	3.850489854812622	0.0	0.0	3.7662839889526367	0.0	0.0	0.0	0.0	0.0	0.0	0.0	0.0	0.0	0.0	3.006133556365967	4.342227458953857	0.0	0.0	0.0	0.0	0.0	0.0	1.8628774881362915	0.0	0.0	3.3013267517089844	2.9241297245025635	0.0	2.7844769954681396	1.480324149131775	0.0	0.0	2.875175952911377	2.626396656036377	4.376658916473389	0.0	3.6174235343933105	0.0	2.359891414642334	0.0	0.0	0.0	3.6202070713043213	0.0	0.0	0.0	0.0	0.0	0.0	0.0	1.9843615293502808	3.684450149536133	0.0	0.0	0.0	0.0	0.0	0.0	1.830137014389038	0.0	0.0	0.0	4.354121208190918	0.0	5.090307712554932	0.0	4.237239837646484	0.0	0.9175264239311218	0.0	0.0	0.0
3.675713539123535	0.0	3.413846731185913	0.0	0.0	3.1267552375793457	3.5609567165374756	1.2044847011566162	0.0	0.0	2.9238781929016113	2.4984512329101562	3.9693567752838135	0.0	0.0	0.0	0.0	3.3747353553771973	2.872030019760132	2.9020254611968994	0.0	0.0	0.0	3.6669042110443115	0.0	0.0	0.0	0.0	0.0	4.941274642944336	6.7444329261779785	2.5635385513305664	0.0	0.0	0.0	0.0	0.0	0.0	0.0	5.189021110534668	0.0	2.252397298812866	0.0	0.0	7.760034561157227	0.0	4.457401752471924	3.212099075317383	2.308056354522705	1.9250658750534058	0.0	0.0	0.0	2.318561553955078	2.84506893157959	0.0	3.5330138206481934	0.0	0.0	3.562747001647949	0.0	0.0	0.0	0.0	0.0	0.0	0.0	0.0	0.0	0.0	2.766179084777832	4.1766862869262695	0.0	0.0	0.0	0.0	0.0	0.0	1.1022815704345703	0.0	0.0	3.2187328338623047	3.459764242172241	0.0	2.745128870010376	0.7228691577911377	0.0	0.0	2.7292697429656982	2.471585750579834	4.69459867477417	0.0	2.880751132965088	0.0	2.5831902027130127	0.0	0.0	0.0	3.436044216156006	0.0	0.0	0.0	0.0	0.0	0.0	0.0	2.2094476222991943	4.352273941040039	0.0	0.0	0.0	0.0	0.0	0.0	1.9828050136566162	0.0	0.0	0.0	4.229820251464844	0.0	4.622339248657227	0.0	3.3474152088165283	0.0	2.0530827045440674	0.0	0.0	0.0
4.0974297523498535	0.0	3.5214898586273193	0.0	0.0	3.8453152179718018	2.5047965049743652	2.334040880203247	0.0	0.0	3.0862064361572266	2.5722217559814453	3.0507256984710693	0.0	0.0	0.0	0.0	3.7433602809906006	2.4141335487365723	2.1191368103027344	0.0	0.0	0.0	3.8464195728302	0.0	0.0	0.0	0.0	0.0	4.7579851150512695	7.310037136077881	1.8771125078201294	0.0	0.0	0.0	0.0	0.0	0.0	0.0	5.977687358856201	0.0	2.6954185962677	0.0	0.0	8.568160057067871	0.0	4.716574668884277	3.0887808799743652	2.2083945274353027	1.6244783401489258	0.0	0.0	0.0	2.4111852645874023	2.6809728145599365	0.0	2.926693916320801	0.0	0.0	3.734102487564087	0.0	0.0	0.0	0.0	0.0	0.0	0.0	0.0	0.0	0.0	3.6108384132385254	3.7995378971099854	0.0	0.0	0.0	0.0	0.0	0.0	1.1770349740982056	0.0	0.0	2.6851248741149902	2.8611459732055664	0.0	1.770887851715088	1.7155799865722656	0.0	0.0	2.9142775535583496	2.6141271591186523	5.174185276031494	0.0	1.6189343929290771	0.0	2.6825408935546875	0.0	0.0	0.0	4.352570056915283	0.0	0.0	0.0	0.0	0.0	0.0	0.0	1.8669074773788452	3.1663577556610107	0.0	0.0	0.0	0.0	0.0	0.0	2.283116102218628	0.0	0.0	0.0	3.9253835678100586	0.0	4.692310333251953	0.0	3.369462251663208	0.0	1.7250922918319702	0.0	0.0	0.0
3.4623918533325195	0.0	3.7227280139923096	0.0	0.0	3.3224620819091797	3.676750659942627	1.5214893817901611	0.0	0.0	2.639547109603882	2.557374954223633	3.1601269245147705	0.0	0.0	0.0	0.0	3.7136893272399902	3.0368847846984863	2.163248300552368	0.0	0.0	0.0	3.5057263374328613	0.0	0.0	0.0	0.0	0.0	4.943398475646973	6.6780805587768555	2.9123384952545166	0.0	0.0	0.0	0.0	0.0	0.0	0.0	5.568365097045898	0.0	2.6471896171569824	0.0	0.0	7.715958118438721	0.0	4.7079691886901855	3.177844762802124	1.9691879749298096	1.885773777961731	0.0	0.0	0.0	2.1720216274261475	2.5051159858703613	0.0	3.690363645553589	0.0	0.0	3.5890395641326904	0.0	0.0	0.0	0.0	0.0	0.0	0.0	0.0	0.0	0.0	3.1981756687164307	4.440621376037598	0.0	0.0	0.0	0.0	0.0	0.0	1.6257736682891846	0.0	0.0	3.3339743614196777	3.400275707244873	0.0	2.6067261695861816	1.1008566617965698	0.0	0.0	2.972177743911743	2.7828214168548584	4.753653526306152	0.0	3.0064454078674316	0.0	2.4808411598205566	0.0	0.0	0.0	3.4957940578460693	0.0	0.0	0.0	0.0	0.0	0.0	0.0	2.2816643714904785	3.9347879886627197	0.0	0.0	0.0	0.0	0.0	0.0	1.8537105321884155	0.0	0.0	0.0	4.514896392822266	0.0	4.986086845397949	0.0	3.936748743057251	0.0	1.2188156843185425	0.0	0.0	0.0
4.288321018218994	0.0	3.618678569793701	0.0	0.0	3.17820143699646	2.47883677482605	1.8231927156448364	0.0	0.0	2.984992265701294	2.717324733734131	2.9706923961639404	0.0	0.0	0.0	0.0	3.5233099460601807	2.645887851715088	1.8993451595306396	0.0	0.0	0.0	3.9327855110168457	0.0	0.0	0.0	0.0	0.0	5.0616888999938965	7.070409774780273	2.4015471935272217	0.0	0.0	0.0	0.0	0.0	0.0	0.0	5.462921619415283	0.0	2.66856050491333	0.0	0.0	8.481982231140137	0.0	4.674420356750488	3.0377421379089355	2.6585774421691895	1.3110980987548828	0.0	0.0	0.0	2.419069766998291	2.6851325035095215	0.0	3.0856940746307373	0.0	0.0	3.588528633117676	0.0	0.0	0.0	0.0	0.0	0.0	0.0	0.0	0.0	0.0	3.271146535873413	3.6585299968719482	0.0	0.0	0.0	0.0	0.0	0.0	1.0915701389312744	0.0	0.0	2.800870656967163	2.8395752906799316	0.0	2.079030752182007	1.7731902599334717	0.0	0.0	3.143826484680176	2.732631206512451	4.893576145172119	0.0	2.698068380355835	0.0	2.4243431091308594	0.0	0.0	0.0	3.944761276245117	0.0	0.0	0.0	0.0	0.0	0.0	0.0	1.2438563108444214	3.537010431289673	0.0	0.0	0.0	0.0	0.0	0.0	2.1507248878479004	0.0	0.0	0.0	3.5703208446502686	0.0	4.575985431671143	0.0	3.711639642715454	0.0	1.3572429418563843	0.0	0.0	0.0
3.683396577835083	0.0	3.4929304122924805	0.0	0.0	3.3686134815216064	3.386472702026367	1.414034366607666	0.0	0.0	2.790926218032837	2.3876161575317383	3.3116455078125	0.0	0.0	0.0	0.0	3.77193021774292	2.9754467010498047	2.5841712951660156	0.0	0.0	0.0	3.569504499435425	0.0	0.0	0.0	0.0	0.0	4.829158782958984	6.640218734741211	2.724484920501709	0.0	0.0	0.0	0.0	0.0	0.0	0.0	5.666781902313232	0.0	2.522128105163574	0.0	0.0	7.795382499694824	0.0	4.581019401550293	3.088301658630371	2.1983139514923096	1.7796043157577515	0.0	0.0	0.0	2.4062750339508057	2.371584177017212	0.0	3.4450325965881348	0.0	0.0	3.568124771118164	0.0	0.0	0.0	0.0	0.0	0.0	0.0	0.0	0.0	0.0	3.013575553894043	4.115776062011719	0.0	0.0	0.0	0.0	0.0	0.0	1.4926661252975464	0.0	0.0	3.036288022994995	3.4038708209991455	0.0	2.456972599029541	1.013124942779541	0.0	0.0	2.8659441471099854	2.8234260082244873	4.849682331085205	0.0	2.6659207344055176	0.0	2.4722630977630615	0.0	0.0	0.0	3.6602771282196045	0.0	0.0	0.0	0.0	0.0	0.0	0.0	2.2521934509277344	4.067329406738281	0.0	0.0	0.0	0.0	0.0	0.0	2.002314805984497	0.0	0.0	0.0	4.347382068634033	0.0	4.823099136352539	0.0	3.6050970554351807	0.0	1.4416848421096802	0.0	0.0	0.0
3.5543301105499268	0.0	3.412203550338745	0.0	0.0	3.2091164588928223	4.097700595855713	1.6455186605453491	0.0	0.0	2.766418933868408	2.666175603866577	3.3667452335357666	0.0	0.0	0.0	0.0	3.1042823791503906	2.973712921142578	2.208397626876831	0.0	0.0	0.0	3.4558229446411133	0.0	0.0	0.0	0.0	0.0	5.176187992095947	6.625241279602051	3.4789464473724365	0.0	0.0	0.0	0.0	0.0	0.0	0.0	5.371339797973633	0.0	2.3683722019195557	0.0	0.0	7.307429790496826	0.0	4.668522834777832	2.941108465194702	1.899382472038269	1.7924054861068726	0.0	0.0	0.0	2.4319369792938232	2.7789077758789062	0.0	3.906273126602173	0.0	0.0	3.72188663482666	0.0	0.0	0.0	0.0	0.0	0.0	0.0	0.0	0.0	0.0	3.1805965900421143	4.535523414611816	0.0	0.0	0.0	0.0	0.0	0.0	1.705235481262207	0.0	0.0	3.1956939697265625	3.68023419380188	0.0	2.550725221633911	1.0502840280532837	0.0	0.0	3.4301109313964844	2.311145305633545	4.441572189331055	0.0	2.9932570457458496	0.0	2.6366145610809326	0.0	0.0	0.0	3.7792258262634277	0.0	0.0	0.0	0.0	0.0	0.0	0.0	2.6299479007720947	4.00997257232666	0.0	0.0	0.0	0.0	0.0	0.0	1.7400977611541748	0.0	0.0	0.0	4.4521379470825195	0.0	4.688870429992676	0.0	3.2910807132720947	0.0	1.496098518371582	0.0	0.0	0.0
2.519530773162842	0.0	3.7522103786468506	0.0	0.0	3.570723056793213	3.507389545440674	0.7963470816612244	0.0	0.0	1.6238315105438232	2.7006993293762207	2.2408950328826904	0.0	0.0	0.0	0.0	4.384516716003418	3.402228832244873	0.6952002644538879	0.0	0.0	0.0	2.886517286300659	0.0	0.0	0.0	0.0	0.0	4.232665061950684	5.995532035827637	2.7996034622192383	0.0	0.0	0.0	0.0	0.0	0.0	0.0	6.298425197601318	0.0	3.9050869941711426	0.0	0.0	6.992025852203369	0.0	5.157538414001465	4.212825298309326	1.1114710569381714	2.9801321029663086	0.0	0.0	0.0	2.183330774307251	2.7014875411987305	0.0	3.777670383453369	0.0	0.0	4.038102149963379	0.0	0.0	0.0	0.0	0.0	0.0	0.0	0.0	0.0	0.0	4.364652156829834	4.9259257316589355	0.0	0.0	0.0	0.0	0.0	0.0	3.1606850624084473	0.0	0.0	3.0947892665863037	3.5171163082122803	0.0	2.7776873111724854	1.072433590888977	0.0	0.0	2.9923601150512695	3.639585494995117	4.588978290557861	0.0	2.105030059814453	0.0	2.0243191719055176	0.0	0.0	0.0	3.7470130920410156	0.0	0.0	0.0	0.0	0.0	0.0	0.0	2.1465036869049072	3.446178436279297	0.0	0.0	0.0	0.0	0.0	0.0	2.495048761367798	0.0	0.0	0.0	5.837860107421875	0.0	6.537018299102783	0.0	5.644351005554199	0.0	0.40183207392692566	0.0	0.0	0.0
3.433415412902832	0.0	3.5680439472198486	0.0	0.0	3.506392478942871	3.9510998725891113	1.6985009908676147	0.0	0.0	2.846511125564575	2.4844162464141846	3.519397735595703	0.0	0.0	0.0	0.0	3.752610921859741	3.138960123062134	2.54884934425354	0.0	0.0	0.0	3.6874070167541504	0.0	0.0	0.0	0.0	0.0	4.893646240234375	6.752222061157227	2.6837472915649414	0.0	0.0	0.0	0.0	0.0	0.0	0.0	5.5725998878479	0.0	2.481877565383911	0.0	0.0	7.780062675476074	0.0	4.5958027839660645	3.1838252544403076	1.9930336475372314	1.9071422815322876	0.0	0.0	0.0	2.1756069660186768	2.5729410648345947	0.0	3.7134387493133545	0.0	0.0	3.705122709274292	0.0	0.0	0.0	0.0	0.0	0.0	0.0	0.0	0.0	0.0	2.9390857219696045	4.442434787750244	0.0	0.0	0.0	0.0	0.0	0.0	1.4372409582138062	0.0	0.0	3.2315566539764404	3.45070219039917	0.0	2.7024314403533936	1.0066293478012085	0.0	0.0	2.8666651248931885	2.6058599948883057	4.868612766265869	0.0	2.923759698867798	0.0	2.4901511669158936	0.0	0.0	0.0	3.5472829341888428	0.0	0.0	0.0	0.0	0.0	0.0	0.0	2.5522568225860596	4.0551910400390625	0.0	0.0	0.0	0.0	0.0	0.0	1.8427363634109497	0.0	0.0	0.0	4.441482067108154	0.0	4.911618709564209	0.0	3.491074800491333	0.0	1.5908390283584595	0.0	0.0	0.0
3.4343245029449463	0.0	3.6680312156677246	0.0	0.0	3.3864333629608154	3.7014222145080566	1.2589128017425537	0.0	0.0	2.478631019592285	2.5622763633728027	2.9285309314727783	0.0	0.0	0.0	0.0	3.5958006381988525	2.9236977100372314	2.086155652999878	0.0	0.0	0.0	3.513183832168579	0.0	0.0	0.0	0.0	0.0	4.768863201141357	6.455799102783203	2.830251693725586	0.0	0.0	0.0	0.0	0.0	0.0	0.0	5.311161994934082	0.0	2.608464479446411	0.0	0.0	7.473059177398682	0.0	4.711997032165527	3.1472527980804443	1.855047345161438	1.6440023183822632	0.0	0.0	0.0	2.1974077224731445	2.7910332679748535	0.0	3.730072259902954	0.0	0.0	3.6676156520843506	0.0	0.0	0.0	0.0	0.0	0.0	0.0	0.0	0.0	0.0	3.0614442825317383	4.314099311828613	0.0	0.0	0.0	0.0	0.0	0.0	1.6467821598052979	0.0	0.0	3.2210662364959717	3.0800132751464844	0.0	2.656186103820801	1.3363844156265259	0.0	0.0	2.923734426498413	2.698272228240967	4.602077960968018	0.0	3.233635902404785	0.0	2.4159343242645264	0.0	0.0	0.0	3.651646614074707	0.0	0.0	0.0	0.0	0.0	0.0	0.0	2.1778502464294434	3.7497479915618896	0.0	0.0	0.0	0.0	0.0	0.0	1.871942162513733	0.0	0.0	0.0	4.429564476013184	0.0	4.924091815948486	0.0	3.8382227420806885	0.0	1.1101597547531128	0.0	0.0	0.0
3.6279635429382324	0.0	3.6224966049194336	0.0	0.0	3.455587863922119	4.394077777862549	1.7914420366287231	0.0	0.0	2.7146105766296387	2.606478691101074	4.990082740783691	0.0	0.0	0.0	0.0	3.2406158447265625	3.2238895893096924	0.8035435080528259	0.0	0.0	0.0	2.965796947479248	0.0	0.0	0.0	0.0	0.0	4.952341079711914	6.50753927230835	3.3983261585235596	0.0	0.0	0.0	0.0	0.0	0.0	0.0	6.016758918762207	0.0	3.733111619949341	0.0	0.0	6.47805118560791	0.0	5.244726181030273	4.693604946136475	2.4488513469696045	3.8075172901153564	0.0	0.0	0.0	1.9607597589492798	1.08675217628479	0.0	3.266545057296753	0.0	0.0	3.1062488555908203	0.0	0.0	0.0	0.0	0.0	0.0	0.0	0.0	0.0	0.0	3.7019569873809814	4.9795966148376465	0.0	0.0	0.0	0.0	0.0	0.0	0.7842293977737427	0.0	0.0	3.873295783996582	3.3379321098327637	0.0	3.15610671043396	0.0	0.0	0.0	3.754178524017334	3.302142381668091	5.490726470947266	0.0	0.6165748238563538	0.0	2.05429744720459	0.0	0.0	0.0	3.043109655380249	0.0	0.0	0.0	0.0	0.0	0.0	0.0	2.3727688789367676	4.013360023498535	0.0	0.0	0.0	0.0	0.0	0.0	2.2869865894317627	0.0	0.0	0.0	5.718954563140869	0.0	5.45958137512207	0.0	5.916483402252197	0.0	1.7968195676803589	0.0	0.0	0.0
3.6152613162994385	0.0	3.490727424621582	0.0	0.0	3.2695631980895996	3.4721415042877197	1.469580054283142	0.0	0.0	2.7568087577819824	2.5538573265075684	3.4578659534454346	0.0	0.0	0.0	0.0	3.6794393062591553	2.9425947666168213	2.207364797592163	0.0	0.0	0.0	3.3401589393615723	0.0	0.0	0.0	0.0	0.0	4.703652381896973	6.433685779571533	2.768296718597412	0.0	0.0	0.0	0.0	0.0	0.0	0.0	5.753108978271484	0.0	2.732086658477783	0.0	0.0	7.570566177368164	0.0	4.691623687744141	3.361135959625244	2.0954833030700684	2.2192015647888184	0.0	0.0	0.0	2.400012731552124	2.1893904209136963	0.0	3.443031072616577	0.0	0.0	3.4390058517456055	0.0	0.0	0.0	0.0	0.0	0.0	0.0	0.0	0.0	0.0	3.1646177768707275	4.139461517333984	0.0	0.0	0.0	0.0	0.0	0.0	1.390649437904358	0.0	0.0	2.9551517963409424	3.502899169921875	0.0	2.542555809020996	0.797970712184906	0.0	0.0	2.9117579460144043	2.8972861766815186	4.880223751068115	0.0	2.081584930419922	0.0	2.4983975887298584	0.0	0.0	0.0	3.508688449859619	0.0	0.0	0.0	0.0	0.0	0.0	0.0	2.1347529888153076	4.085255146026611	0.0	0.0	0.0	0.0	0.0	0.0	1.9457216262817383	0.0	0.0	0.0	4.58575963973999	0.0	4.925960063934326	0.0	4.0832414627075195	0.0	1.4584710597991943	0.0	0.0	0.0
3.658724784851074	0.0	3.5725433826446533	0.0	0.0	3.3519210815429688	3.6012256145477295	1.5211145877838135	0.0	0.0	2.880023717880249	2.408809185028076	3.175574779510498	0.0	0.0	0.0	0.0	3.507516384124756	2.928449869155884	2.3356027603149414	0.0	0.0	0.0	3.6053295135498047	0.0	0.0	0.0	0.0	0.0	4.999446392059326	6.806763648986816	2.8486969470977783	0.0	0.0	0.0	0.0	0.0	0.0	0.0	5.456943511962891	0.0	2.4637298583984375	0.0	0.0	7.713810443878174	0.0	4.70508337020874	3.0519418716430664	2.073955774307251	1.6399657726287842	0.0	0.0	0.0	2.3395793437957764	2.576674461364746	0.0	3.6195151805877686	0.0	0.0	3.541928768157959	0.0	0.0	0.0	0.0	0.0	0.0	0.0	0.0	0.0	0.0	3.0021541118621826	4.2005696296691895	0.0	0.0	0.0	0.0	0.0	0.0	1.4218961000442505	0.0	0.0	3.0477306842803955	3.289919376373291	0.0	2.478217124938965	1.2346042394638062	0.0	0.0	2.9433250427246094	2.6282684803009033	4.76856803894043	0.0	2.887826919555664	0.0	2.4324731826782227	0.0	0.0	0.0	3.7923195362091064	0.0	0.0	0.0	0.0	0.0	0.0	0.0	2.282766819000244	3.8213205337524414	0.0	0.0	0.0	0.0	0.0	0.0	1.8269693851470947	0.0	0.0	0.0	4.206786632537842	0.0	4.703327655792236	0.0	3.6806607246398926	0.0	1.3799382448196411	0.0	0.0	0.0
3.613189935684204	0.0	3.4646520614624023	0.0	0.0	3.9103446006774902	2.6995902061462402	1.64124596118927	0.0	0.0	2.6771724224090576	2.6878321170806885	2.0933640003204346	0.0	0.0	0.0	0.0	4.07520866394043	3.0890650749206543	0.6441196799278259	0.0	0.0	0.0	3.955244779586792	0.0	0.0	0.0	0.0	0.0	5.032057762145996	7.530418395996094	2.3223674297332764	0.0	0.0	0.0	0.0	0.0	0.0	0.0	6.365185260772705	0.0	3.5546042919158936	0.0	0.0	7.719577789306641	0.0	5.470600605010986	3.5889387130737305	1.5359083414077759	2.95758318901062	0.0	0.0	0.0	2.7797343730926514	2.647010564804077	0.0	3.3378381729125977	0.0	0.0	3.6832761764526367	0.0	0.0	0.0	0.0	0.0	0.0	0.0	0.0	0.0	0.0	4.114114761352539	4.932086944580078	0.0	0.0	0.0	0.0	0.0	0.0	2.3923192024230957	0.0	0.0	3.0225839614868164	3.086602210998535	0.0	2.4281747341156006	1.6076101064682007	0.0	0.0	3.0076773166656494	2.7112348079681396	5.330890655517578	0.0	1.8834632635116577	0.0	2.2123045921325684	0.0	0.0	0.0	4.665885925292969	0.0	0.0	0.0	0.0	0.0	0.0	0.0	1.1175713539123535	3.0702812671661377	0.0	0.0	0.0	0.0	0.0	0.0	2.9759681224823	0.0	0.0	0.0	4.783610820770264	0.0	5.465950012207031	0.0	6.113715171813965	0.0	0.5514001846313477	0.0	0.0	0.0
2.320200204849243	0.0	2.5931179523468018	0.0	0.0	3.5346755981445312	6.286064624786377	3.308798313140869	0.0	0.0	2.787430763244629	2.2765004634857178	5.932606220245361	0.0	0.0	0.0	0.0	2.5556039810180664	4.351583957672119	2.4155466556549072	0.0	0.0	0.0	3.2723894119262695	0.0	0.0	0.0	0.0	0.0	6.234845161437988	6.504985809326172	4.772160530090332	0.0	0.0	0.0	0.0	0.0	0.0	0.0	5.997372150421143	0.0	2.5856881141662598	0.0	0.0	5.954688549041748	0.0	4.644814968109131	3.678813934326172	2.8203485012054443	3.426375150680542	0.0	0.0	0.0	0.9206510186195374	2.457777738571167	0.0	4.397340774536133	0.0	0.0	4.145002365112305	0.0	0.0	0.0	0.0	0.0	0.0	0.0	0.0	0.0	0.0	3.975771903991699	5.960457801818848	0.0	0.0	0.0	0.0	0.0	0.0	2.168503999710083	0.0	0.0	4.999935150146484	4.744366645812988	0.0	2.2797343730926514	0.22904416918754578	0.0	0.0	5.256648063659668	2.718536615371704	3.9184494018554688	0.0	2.2388057708740234	0.0	1.792356252670288	0.0	0.0	0.0	3.3073232173919678	0.0	0.0	0.0	0.0	0.0	0.0	0.0	4.616212368011475	4.254860877990723	0.0	0.0	0.0	0.0	0.0	0.0	2.096722364425659	0.0	0.0	0.0	5.809091567993164	0.0	4.900515079498291	0.0	2.4636871814727783	0.0	2.973365545272827	0.0	0.0	0.0
3.6631641387939453	0.0	3.9850869178771973	0.0	0.0	3.250929355621338	3.191795825958252	0.9736891388893127	0.0	0.0	2.3969976902008057	2.85025954246521	2.140017032623291	0.0	0.0	0.0	0.0	3.923736333847046	3.149587392807007	0.5754328966140747	0.0	0.0	0.0	3.386751174926758	0.0	0.0	0.0	0.0	0.0	4.72228479385376	6.419353485107422	2.9175448417663574	0.0	0.0	0.0	0.0	0.0	0.0	0.0	5.534339427947998	0.0	3.5739219188690186	0.0	0.0	6.897082328796387	0.0	5.305105686187744	3.8440401554107666	1.2969526052474976	2.1870040893554688	0.0	0.0	0.0	2.854962110519409	2.0631070137023926	0.0	3.6320128440856934	0.0	0.0	3.488903045654297	0.0	0.0	0.0	0.0	0.0	0.0	0.0	0.0	0.0	0.0	3.9579880237579346	4.6689534187316895	0.0	0.0	0.0	0.0	0.0	0.0	2.6475629806518555	0.0	0.0	3.144949197769165	3.212162971496582	0.0	2.9006121158599854	1.3199856281280518	0.0	0.0	3.3487966060638428	3.564063787460327	5.059626579284668	0.0	3.111421823501587	0.0	2.3036065101623535	0.0	0.0	0.0	3.6474266052246094	0.0	0.0	0.0	0.0	0.0	0.0	0.0	1.2860645055770874	3.560216188430786	0.0	0.0	0.0	0.0	0.0	0.0	2.5875985622406006	0.0	0.0	0.0	5.088797092437744	0.0	6.210677146911621	0.0	6.3587541580200195	0.0	0.09472813457250595	0.0	0.0	0.0
3.8497989177703857	0.0	3.2521631717681885	0.0	0.0	3.0992181301116943	3.9251890182495117	1.8392558097839355	0.0	0.0	2.6840271949768066	2.553868055343628	3.7403361797332764	0.0	0.0	0.0	0.0	2.871558427810669	3.000628709793091	2.301436424255371	0.0	0.0	0.0	3.710883140563965	0.0	0.0	0.0	0.0	0.0	5.2058587074279785	6.855424880981445	2.8425745964050293	0.0	0.0	0.0	0.0	0.0	0.0	0.0	5.41389274597168	0.0	2.3681936264038086	0.0	0.0	7.5086822509765625	0.0	4.7487077713012695	3.0337960720062256	2.337642192840576	1.8617348670959473	0.0	0.0	0.0	2.4316043853759766	3.063598394393921	0.0	3.66679310798645	0.0	0.0	3.606748104095459	0.0	0.0	0.0	0.0	0.0	0.0	0.0	0.0	0.0	0.0	2.799083948135376	4.2024712562561035	0.0	0.0	0.0	0.0	0.0	0.0	1.1375844478607178	0.0	0.0	3.0474014282226562	3.1723148822784424	0.0	2.5659472942352295	0.950395405292511	0.0	0.0	3.3606815338134766	2.52659010887146	4.510578155517578	0.0	2.7223918437957764	0.0	2.3583486080169678	0.0	0.0	0.0	3.593430995941162	0.0	0.0	0.0	0.0	0.0	0.0	0.0	2.025068521499634	4.030894756317139	0.0	0.0	0.0	0.0	0.0	0.0	1.9575350284576416	0.0	0.0	0.0	4.1043009757995605	0.0	4.153570175170898	0.0	3.1164960861206055	0.0	1.9777801036834717	0.0	0.0	0.0
3.8994882106781006	0.0	3.35845947265625	0.0	0.0	3.1902413368225098	2.8636512756347656	1.6325159072875977	0.0	0.0	2.514650583267212	2.7555065155029297	2.8945586681365967	0.0	0.0	0.0	0.0	3.3795855045318604	2.903496026992798	1.7266197204589844	0.0	0.0	0.0	3.780778646469116	0.0	0.0	0.0	0.0	0.0	4.680938243865967	6.642554759979248	2.169501781463623	0.0	0.0	0.0	0.0	0.0	0.0	0.0	5.270282745361328	0.0	3.0003552436828613	0.0	0.0	7.895442962646484	0.0	4.677631855010986	3.0855467319488525	2.66725492477417	1.3942664861679077	0.0	0.0	0.0	2.2718605995178223	2.9532856941223145	0.0	3.3212523460388184	0.0	0.0	3.738164186477661	0.0	0.0	0.0	0.0	0.0	0.0	0.0	0.0	0.0	0.0	3.4126546382904053	3.7903895378112793	0.0	0.0	0.0	0.0	0.0	0.0	1.287739634513855	0.0	0.0	2.879369020462036	2.763094186782837	0.0	2.2301509380340576	1.6167954206466675	0.0	0.0	3.184929847717285	2.982994556427002	4.451120853424072	0.0	2.650984048843384	0.0	2.306572914123535	0.0	0.0	0.0	3.7152392864227295	0.0	0.0	0.0	0.0	0.0	0.0	0.0	1.429800271987915	3.6912639141082764	0.0	0.0	0.0	0.0	0.0	0.0	1.979688048362732	0.0	0.0	0.0	3.800405979156494	0.0	4.885134220123291	0.0	3.7426469326019287	0.0	1.4395997524261475	0.0	0.0	0.0
3.3635714054107666	0.0	3.817925214767456	0.0	0.0	3.399995803833008	3.658501386642456	1.2663507461547852	0.0	0.0	2.3663980960845947	2.6223418712615967	2.8466415405273438	0.0	0.0	0.0	0.0	3.676873207092285	3.049879789352417	1.7139204740524292	0.0	0.0	0.0	3.6288578510284424	0.0	0.0	0.0	0.0	0.0	4.7018723487854	6.539379596710205	2.8740878105163574	0.0	0.0	0.0	0.0	0.0	0.0	0.0	5.4577741622924805	0.0	2.985250473022461	0.0	0.0	7.451585292816162	0.0	4.841428756713867	3.2300379276275635	1.7265855073928833	1.8097829818725586	0.0	0.0	0.0	2.3193118572235107	2.805109739303589	0.0	3.8554508686065674	0.0	0.0	3.583895683288574	0.0	0.0	0.0	0.0	0.0	0.0	0.0	0.0	0.0	0.0	3.4326937198638916	4.370548725128174	0.0	0.0	0.0	0.0	0.0	0.0	1.815943956375122	0.0	0.0	3.221308946609497	3.225268602371216	0.0	2.77099871635437	1.2459125518798828	0.0	0.0	3.0721590518951416	3.021196126937866	4.653933048248291	0.0	3.2416844367980957	0.0	2.469449996948242	0.0	0.0	0.0	3.755709171295166	0.0	0.0	0.0	0.0	0.0	0.0	0.0	2.034367084503174	3.7889480590820312	0.0	0.0	0.0	0.0	0.0	0.0	1.907658576965332	0.0	0.0	0.0	4.546679973602295	0.0	5.222973346710205	0.0	4.388259410858154	0.0	0.7901057004928589	0.0	0.0	0.0
3.754664897918701	0.0	3.439964771270752	0.0	0.0	2.9265992641448975	3.6627931594848633	1.47356116771698	0.0	0.0	2.7540013790130615	2.550307512283325	3.9220869541168213	0.0	0.0	0.0	0.0	3.228308916091919	2.808286428451538	2.3766896724700928	0.0	0.0	0.0	3.5605008602142334	0.0	0.0	0.0	0.0	0.0	4.937338829040527	6.426419258117676	3.0699639320373535	0.0	0.0	0.0	0.0	0.0	0.0	0.0	5.587283134460449	0.0	2.65482759475708	0.0	0.0	7.548974990844727	0.0	4.525373935699463	3.145059108734131	2.212026357650757	2.1142773628234863	0.0	0.0	0.0	2.3032279014587402	2.6494758129119873	0.0	3.531913995742798	0.0	0.0	3.2992188930511475	0.0	0.0	0.0	0.0	0.0	0.0	0.0	0.0	0.0	0.0	3.121506690979004	4.160408973693848	0.0	0.0	0.0	0.0	0.0	0.0	1.0555813312530518	0.0	0.0	3.1630969047546387	3.6709771156311035	0.0	2.6296987533569336	0.6361385583877563	0.0	0.0	3.229702949523926	2.769176721572876	4.878238677978516	0.0	2.377206802368164	0.0	2.580603837966919	0.0	0.0	0.0	3.638720989227295	0.0	0.0	0.0	0.0	0.0	0.0	0.0	2.1528427600860596	4.159561634063721	0.0	0.0	0.0	0.0	0.0	0.0	1.9706926345825195	0.0	0.0	0.0	4.3956475257873535	0.0	4.603045463562012	0.0	3.789031982421875	0.0	1.5534768104553223	0.0	0.0	0.0
3.620063543319702	0.0	3.631657838821411	0.0	0.0	3.277557611465454	3.7576065063476562	1.3997446298599243	0.0	0.0	2.722883701324463	2.568610668182373	3.082796335220337	0.0	0.0	0.0	0.0	3.5404741764068604	3.0521771907806396	2.228417158126831	0.0	0.0	0.0	3.6319146156311035	0.0	0.0	0.0	0.0	0.0	5.009537220001221	6.649861812591553	2.974128484725952	0.0	0.0	0.0	0.0	0.0	0.0	0.0	5.20726203918457	0.0	2.347482919692993	0.0	0.0	7.51248025894165	0.0	4.781512260437012	3.0965726375579834	2.0249524116516113	1.5191489458084106	0.0	0.0	0.0	2.248173952102661	2.6034040451049805	0.0	3.7642650604248047	0.0	0.0	3.5440316200256348	0.0	0.0	0.0	0.0	0.0	0.0	0.0	0.0	0.0	0.0	2.9229114055633545	4.285404682159424	0.0	0.0	0.0	0.0	0.0	0.0	1.512143850326538	0.0	0.0	3.2732620239257812	3.2055113315582275	0.0	2.7037265300750732	1.3338196277618408	0.0	0.0	2.982048273086548	2.655975341796875	4.588479042053223	0.0	3.491466522216797	0.0	2.3661746978759766	0.0	0.0	0.0	3.6721596717834473	0.0	0.0	0.0	0.0	0.0	0.0	0.0	2.1712589263916016	3.8134775161743164	0.0	0.0	0.0	0.0	0.0	0.0	1.8111088275909424	0.0	0.0	0.0	4.21962833404541	0.0	4.854527950286865	0.0	3.921376943588257	0.0	1.1375117301940918	0.0	0.0	0.0
3.703212022781372	0.0	3.4196560382843018	0.0	0.0	3.1378684043884277	3.4201831817626953	1.3564015626907349	0.0	0.0	2.6722657680511475	2.4751598834991455	3.3637895584106445	0.0	0.0	0.0	0.0	3.336470365524292	2.896136999130249	2.3889248371124268	0.0	0.0	0.0	3.611485719680786	0.0	0.0	0.0	0.0	0.0	4.765807151794434	6.490157127380371	2.7993314266204834	0.0	0.0	0.0	0.0	0.0	0.0	0.0	5.2903642654418945	0.0	2.453517436981201	0.0	0.0	7.615520477294922	0.0	4.434231281280518	2.8958585262298584	2.19901704788208	1.5931092500686646	0.0	0.0	0.0	2.319643259048462	2.620413064956665	0.0	3.5472922325134277	0.0	0.0	3.4002444744110107	0.0	0.0	0.0	0.0	0.0	0.0	0.0	0.0	0.0	0.0	2.8933463096618652	3.974149465560913	0.0	0.0	0.0	0.0	0.0	0.0	1.1643019914627075	0.0	0.0	3.0077080726623535	3.2554500102996826	0.0	2.5062735080718994	0.9906747341156006	0.0	0.0	2.8823494911193848	2.604252815246582	4.684527397155762	0.0	2.92755126953125	0.0	2.421781539916992	0.0	0.0	0.0	3.589029312133789	0.0	0.0	0.0	0.0	0.0	0.0	0.0	2.0737531185150146	3.9391050338745117	0.0	0.0	0.0	0.0	0.0	0.0	1.8421368598937988	0.0	0.0	0.0	4.059578895568848	0.0	4.563180923461914	0.0	3.487339496612549	0.0	1.4116846323013306	0.0	0.0	0.0
4.439570903778076	0.0	3.2959249019622803	0.0	0.0	3.353005886077881	2.5794780254364014	2.1655447483062744	0.0	0.0	2.6180379390716553	2.7960259914398193	3.010103702545166	0.0	0.0	0.0	0.0	3.346364736557007	2.620655059814453	1.5930758714675903	0.0	0.0	0.0	3.8185982704162598	0.0	0.0	0.0	0.0	0.0	4.571744441986084	7.0219902992248535	1.9619240760803223	0.0	0.0	0.0	0.0	0.0	0.0	0.0	5.7526164054870605	0.0	3.26582670211792	0.0	0.0	8.2158784866333	0.0	4.938928604125977	3.179046154022217	2.963085889816284	1.3079229593276978	0.0	0.0	0.0	2.554264783859253	3.063868522644043	0.0	3.0010838508605957	0.0	0.0	3.7827510833740234	0.0	0.0	0.0	0.0	0.0	0.0	0.0	0.0	0.0	0.0	4.180332660675049	3.58174467086792	0.0	0.0	0.0	0.0	0.0	0.0	1.0034204721450806	0.0	0.0	2.613759756088257	2.754338264465332	0.0	1.8500821590423584	1.9251431226730347	0.0	0.0	3.8032052516937256	3.581221580505371	4.841788291931152	0.0	1.6388235092163086	0.0	2.620112657546997	0.0	0.0	0.0	4.280595779418945	0.0	0.0	0.0	0.0	0.0	0.0	0.0	1.4247288703918457	3.587193012237549	0.0	0.0	0.0	0.0	0.0	0.0	2.139293670654297	0.0	0.0	0.0	3.6555795669555664	0.0	5.002629280090332	0.0	3.3443710803985596	0.0	1.8437796831130981	0.0	0.0	0.0
4.176009654998779	0.0	3.6650431156158447	0.0	0.0	3.4467172622680664	2.906276226043701	2.0266261100769043	0.0	0.0	2.986255645751953	2.5895707607269287	3.1215333938598633	0.0	0.0	0.0	0.0	3.5470616817474365	2.5279271602630615	2.413712739944458	0.0	0.0	0.0	3.729663372039795	0.0	0.0	0.0	0.0	0.0	4.837135314941406	6.977015018463135	2.3025243282318115	0.0	0.0	0.0	0.0	0.0	0.0	0.0	5.637761116027832	0.0	2.612264633178711	0.0	0.0	8.447964668273926	0.0	4.743697643280029	2.9909868240356445	2.3486523628234863	1.2192641496658325	0.0	0.0	0.0	2.310469388961792	2.7721731662750244	0.0	3.1454994678497314	0.0	0.0	3.571077823638916	0.0	0.0	0.0	0.0	0.0	0.0	0.0	0.0	0.0	0.0	3.218008279800415	3.7703702449798584	0.0	0.0	0.0	0.0	0.0	0.0	0.8899915218353271	0.0	0.0	2.7009496688842773	2.978792667388916	0.0	1.9070836305618286	1.437696099281311	0.0	0.0	3.077244758605957	2.761272430419922	4.888965129852295	0.0	2.141711473464966	0.0	2.825517416000366	0.0	0.0	0.0	4.012099742889404	0.0	0.0	0.0	0.0	0.0	0.0	0.0	1.905999779701233	3.7732224464416504	0.0	0.0	0.0	0.0	0.0	0.0	1.8412474393844604	0.0	0.0	0.0	3.6490230560302734	0.0	4.456695079803467	0.0	3.267235279083252	0.0	1.6812896728515625	0.0	0.0	0.0
3.8732826709747314	0.0	3.522644519805908	0.0	0.0	3.3245620727539062	3.267611026763916	1.5853304862976074	0.0	0.0	2.8617208003997803	2.4611432552337646	3.3520941734313965	0.0	0.0	0.0	0.0	3.421313524246216	2.713210344314575	2.5019259452819824	0.0	0.0	0.0	3.6556954383850098	0.0	0.0	0.0	0.0	0.0	4.927591800689697	6.816893577575684	2.6445794105529785	0.0	0.0	0.0	0.0	0.0	0.0	0.0	5.475747585296631	0.0	2.455913782119751	0.0	0.0	7.970755100250244	0.0	4.532583236694336	3.0003480911254883	2.1440911293029785	1.5687323808670044	0.0	0.0	0.0	2.4213035106658936	2.6086208820343018	0.0	3.3416662216186523	0.0	0.0	3.4974770545959473	0.0	0.0	0.0	0.0	0.0	0.0	0.0	0.0	0.0	0.0	2.968545913696289	3.9510324001312256	0.0	0.0	0.0	0.0	0.0	0.0	1.1990346908569336	0.0	0.0	2.9857337474823	3.177957057952881	0.0	2.312371015548706	1.2300598621368408	0.0	0.0	2.9240007400512695	2.5893988609313965	4.795529842376709	0.0	2.5914649963378906	0.0	2.534061908721924	0.0	0.0	0.0	3.792921781539917	0.0	0.0	0.0	0.0	0.0	0.0	0.0	2.1401069164276123	3.8476767539978027	0.0	0.0	0.0	0.0	0.0	0.0	1.9277266263961792	0.0	0.0	0.0	3.9756085872650146	0.0	4.553215026855469	0.0	3.3657190799713135	0.0	1.5185023546218872	0.0	0.0	0.0
3.39591121673584	0.0	3.390986680984497	0.0	0.0	3.3050224781036377	3.6877024173736572	1.6632450819015503	0.0	0.0	2.580587387084961	2.4263107776641846	3.71425199508667	0.0	0.0	0.0	0.0	3.720867872238159	3.0563430786132812	2.4881646633148193	0.0	0.0	0.0	3.2475130558013916	0.0	0.0	0.0	0.0	0.0	4.836483001708984	6.332901954650879	2.7691991329193115	0.0	0.0	0.0	0.0	0.0	0.0	0.0	5.912817478179932	0.0	2.543419122695923	0.0	0.0	7.491952419281006	0.0	4.513010025024414	3.374539613723755	2.0781524181365967	2.1434104442596436	0.0	0.0	0.0	1.9102706909179688	2.4028215408325195	0.0	3.340970754623413	0.0	0.0	3.6594438552856445	0.0	0.0	0.0	0.0	0.0	0.0	0.0	0.0	0.0	0.0	3.124279260635376	4.320582866668701	0.0	0.0	0.0	0.0	0.0	0.0	1.5070972442626953	0.0	0.0	3.1949291229248047	3.5304276943206787	0.0	2.3747644424438477	0.8407847285270691	0.0	0.0	3.009260654449463	2.7918732166290283	4.654067516326904	0.0	2.136009931564331	0.0	2.3458092212677	0.0	0.0	0.0	3.449549436569214	0.0	0.0	0.0	0.0	0.0	0.0	0.0	2.6946182250976562	3.9397783279418945	0.0	0.0	0.0	0.0	0.0	0.0	2.0793776512145996	0.0	0.0	0.0	4.610552787780762	0.0	4.980538845062256	0.0	3.151837110519409	0.0	1.9015345573425293	0.0	0.0	0.0
2.8155062198638916	0.0	4.046633243560791	0.0	0.0	3.644850492477417	3.9765231609344482	1.0461939573287964	0.0	0.0	1.9276829957962036	2.298583984375	2.8051047325134277	0.0	0.0	0.0	0.0	4.9145636558532715	3.1430325508117676	1.8989307880401611	0.0	0.0	0.0	2.538098096847534	0.0	0.0	0.0	0.0	0.0	4.585714817047119	6.001769542694092	3.306914806365967	0.0	0.0	0.0	0.0	0.0	0.0	0.0	7.043509483337402	0.0	2.8988428115844727	0.0	0.0	7.154877185821533	0.0	4.990450859069824	4.019052028656006	1.4095872640609741	2.5274133682250977	0.0	0.0	0.0	1.7160861492156982	1.7782095670700073	0.0	3.4220502376556396	0.0	0.0	4.033111095428467	0.0	0.0	0.0	0.0	0.0	0.0	0.0	0.0	0.0	0.0	4.120551586151123	4.934006690979004	0.0	0.0	0.0	0.0	0.0	0.0	3.176853656768799	0.0	0.0	3.4170408248901367	3.8976922035217285	0.0	2.313394546508789	1.0041029453277588	0.0	0.0	3.3113656044006348	3.778810739517212	4.820888519287109	0.0	1.5444650650024414	0.0	2.5974643230438232	0.0	0.0	0.0	3.814539909362793	0.0	0.0	0.0	0.0	0.0	0.0	0.0	3.4702565670013428	3.856423854827881	0.0	0.0	0.0	0.0	0.0	0.0	2.122420072555542	0.0	0.0	0.0	5.961112976074219	0.0	6.140203952789307	0.0	4.143965721130371	0.0	0.986653208732605	0.0	0.0	0.0
2.7810757160186768	0.0	3.375619649887085	0.0	0.0	3.4240729808807373	3.695448160171509	1.622802972793579	0.0	0.0	1.8492401838302612	2.538051128387451	3.1555731296539307	0.0	0.0	0.0	0.0	4.426184177398682	3.5795798301696777	1.8077197074890137	0.0	0.0	0.0	2.737518310546875	0.0	0.0	0.0	0.0	0.0	4.426154613494873	5.8892035484313965	2.77555251121521	0.0	0.0	0.0	0.0	0.0	0.0	0.0	6.91203498840332	0.0	3.431670904159546	0.0	0.0	7.275842666625977	0.0	4.656736850738525	4.022871494293213	1.838146448135376	2.971182346343994	0.0	0.0	0.0	1.7310703992843628	2.210665225982666	0.0	3.196208953857422	0.0	0.0	3.946087121963501	0.0	0.0	0.0	0.0	0.0	0.0	0.0	0.0	0.0	0.0	4.0460405349731445	4.734945297241211	0.0	0.0	0.0	0.0	0.0	0.0	2.414464235305786	0.0	0.0	3.175672769546509	3.847714424133301	0.0	2.298084020614624	0.8759045004844666	0.0	0.0	3.2539620399475098	3.469656467437744	4.681032180786133	0.0	0.8560332655906677	0.0	2.342484712600708	0.0	0.0	0.0	3.5484611988067627	0.0	0.0	0.0	0.0	0.0	0.0	0.0	2.9712026119232178	4.012248992919922	0.0	0.0	0.0	0.0	0.0	0.0	2.566309690475464	0.0	0.0	0.0	5.541792869567871	0.0	5.8870930671691895	0.0	3.750507354736328	0.0	1.6814868450164795	0.0	0.0	0.0
3.502890110015869	0.0	3.45255970954895	0.0	0.0	3.451608896255493	3.482820510864258	2.1026692390441895	0.0	0.0	2.980530023574829	2.4944400787353516	3.7434139251708984	0.0	0.0	0.0	0.0	3.6822752952575684	2.8683993816375732	2.369795322418213	0.0	0.0	0.0	3.4480154514312744	0.0	0.0	0.0	0.0	0.0	4.900815963745117	6.674739837646484	2.6648099422454834	0.0	0.0	0.0	0.0	0.0	0.0	0.0	5.8818278312683105	0.0	2.4591498374938965	0.0	0.0	7.875824451446533	0.0	4.576242446899414	3.2622148990631104	2.07888126373291	2.2940874099731445	0.0	0.0	0.0	1.9546613693237305	2.275010585784912	0.0	3.408900499343872	0.0	0.0	3.610781192779541	0.0	0.0	0.0	0.0	0.0	0.0	0.0	0.0	0.0	0.0	3.181572437286377	4.361212730407715	0.0	0.0	0.0	0.0	0.0	0.0	1.3047664165496826	0.0	0.0	3.140577554702759	3.589898109436035	0.0	2.36301326751709	0.8808925747871399	0.0	0.0	2.9267079830169678	2.598729133605957	5.094031810760498	0.0	2.044902801513672	0.0	2.591597080230713	0.0	0.0	0.0	3.5799765586853027	0.0	0.0	0.0	0.0	0.0	0.0	0.0	2.5311052799224854	3.7903895378112793	0.0	0.0	0.0	0.0	0.0	0.0	2.102125406265259	0.0	0.0	0.0	4.600824356079102	0.0	4.703392028808594	0.0	3.1865336894989014	0.0	1.8795759677886963	0.0	0.0	0.0
3.1497368812561035	0.0	3.4901082515716553	0.0	0.0	3.3137500286102295	3.7625064849853516	0.9094622731208801	0.0	0.0	2.365917921066284	2.4195480346679688	3.1148736476898193	0.0	0.0	0.0	0.0	3.9265639781951904	3.11956524848938	2.194862127304077	0.0	0.0	0.0	3.1027064323425293	0.0	0.0	0.0	0.0	0.0	4.704577445983887	6.249588489532471	3.4017348289489746	0.0	0.0	0.0	0.0	0.0	0.0	0.0	5.927199363708496	0.0	2.844334602355957	0.0	0.0	7.301662445068359	0.0	4.71328067779541	3.5586912631988525	1.8861936330795288	2.310214042663574	0.0	0.0	0.0	2.2480714321136475	2.460794448852539	0.0	3.7474091053009033	0.0	0.0	3.7277400493621826	0.0	0.0	0.0	0.0	0.0	0.0	0.0	0.0	0.0	0.0	3.469101905822754	4.407792568206787	0.0	0.0	0.0	0.0	0.0	0.0	2.171645402908325	0.0	0.0	3.1428048610687256	3.6159496307373047	0.0	2.4765429496765137	0.7954848408699036	0.0	0.0	3.101558208465576	3.0135436058044434	4.683998107910156	0.0	2.373948812484741	0.0	2.206040620803833	0.0	0.0	0.0	3.8534669876098633	0.0	0.0	0.0	0.0	0.0	0.0	0.0	2.5045039653778076	4.016015529632568	0.0	0.0	0.0	0.0	0.0	0.0	2.0712952613830566	0.0	0.0	0.0	4.979520797729492	0.0	5.241926193237305	0.0	4.153270721435547	0.0	1.1612099409103394	0.0	0.0	0.0
3.6326863765716553	0.0	3.399902105331421	0.0	0.0	3.0828545093536377	3.6527442932128906	1.6320075988769531	0.0	0.0	2.8616795539855957	2.63248872756958	3.672149896621704	0.0	0.0	0.0	0.0	3.092212438583374	2.7254605293273926	2.2978830337524414	0.0	0.0	0.0	3.5150232315063477	0.0	0.0	0.0	0.0	0.0	5.113974094390869	6.773460388183594	2.946946620941162	0.0	0.0	0.0	0.0	0.0	0.0	0.0	5.436757564544678	0.0	2.639087200164795	0.0	0.0	7.494567394256592	0.0	4.440674781799316	2.943243980407715	2.0263118743896484	1.8604605197906494	0.0	0.0	0.0	2.3116707801818848	2.8276560306549072	0.0	3.4812018871307373	0.0	0.0	3.444687843322754	0.0	0.0	0.0	0.0	0.0	0.0	0.0	0.0	0.0	0.0	3.18571138381958	4.3618597984313965	0.0	0.0	0.0	0.0	0.0	0.0	1.2740416526794434	0.0	0.0	3.0465307235717773	3.4802207946777344	0.0	2.361570119857788	0.8197846412658691	0.0	0.0	3.313774585723877	2.4257848262786865	4.706800937652588	0.0	2.570453643798828	0.0	2.537804126739502	0.0	0.0	0.0	3.710589647293091	0.0	0.0	0.0	0.0	0.0	0.0	0.0	2.322307825088501	3.9875802993774414	0.0	0.0	0.0	0.0	0.0	0.0	2.106696367263794	0.0	0.0	0.0	4.200226783752441	0.0	4.707603931427002	0.0	3.4787075519561768	0.0	1.7879023551940918	0.0	0.0	0.0
3.7569210529327393	0.0	3.668569326400757	0.0	0.0	3.1482994556427	4.16746187210083	1.4916398525238037	0.0	0.0	2.9418935775756836	2.592771530151367	3.832923650741577	0.0	0.0	0.0	0.0	2.809607744216919	2.6348538398742676	2.1957333087921143	0.0	0.0	0.0	3.8050966262817383	0.0	0.0	0.0	0.0	0.0	5.244869709014893	6.910615921020508	3.1603035926818848	0.0	0.0	0.0	0.0	0.0	0.0	0.0	5.394898414611816	0.0	2.6626999378204346	0.0	0.0	7.451321601867676	0.0	4.73483419418335	3.2028613090515137	2.0137336254119873	2.1288187503814697	0.0	0.0	0.0	2.455599069595337	2.1845779418945312	0.0	3.3490653038024902	0.0	0.0	3.3695456981658936	0.0	0.0	0.0	0.0	0.0	0.0	0.0	0.0	0.0	0.0	2.7551074028015137	4.506992340087891	0.0	0.0	0.0	0.0	0.0	0.0	1.3303794860839844	0.0	0.0	3.291353225708008	3.325997829437256	0.0	2.948887825012207	0.6112633347511292	0.0	0.0	3.08842396736145	2.414881467819214	4.919776916503906	0.0	2.444481134414673	0.0	2.4984309673309326	0.0	0.0	0.0	3.443589448928833	0.0	0.0	0.0	0.0	0.0	0.0	0.0	2.127993106842041	4.003385543823242	0.0	0.0	0.0	0.0	0.0	0.0	1.7419589757919312	0.0	0.0	0.0	4.568188667297363	0.0	4.296746730804443	0.0	4.290467262268066	0.0	1.5240974426269531	0.0	0.0	0.0
3.9973318576812744	0.0	3.7420477867126465	0.0	0.0	3.7824902534484863	2.8942320346832275	2.1097493171691895	0.0	0.0	3.206702470779419	2.560176372528076	2.906113862991333	0.0	0.0	0.0	0.0	3.7632105350494385	2.2819321155548096	2.1815104484558105	0.0	0.0	0.0	3.815479278564453	0.0	0.0	0.0	0.0	0.0	4.945184230804443	7.239758014678955	2.207808017730713	0.0	0.0	0.0	0.0	0.0	0.0	0.0	5.789538383483887	0.0	2.3143227100372314	0.0	0.0	8.528722763061523	0.0	4.721897602081299	2.8869874477386475	1.9827278852462769	1.4866359233856201	0.0	0.0	0.0	2.440455198287964	2.3327465057373047	0.0	3.025728940963745	0.0	0.0	3.637941598892212	0.0	0.0	0.0	0.0	0.0	0.0	0.0	0.0	0.0	0.0	3.1706135272979736	3.858368158340454	0.0	0.0	0.0	0.0	0.0	0.0	1.3825541734695435	0.0	0.0	2.721055507659912	2.965074062347412	0.0	2.0400407314300537	1.610036849975586	0.0	0.0	2.8477118015289307	2.4356067180633545	5.062615871429443	0.0	2.1863012313842773	0.0	2.773517608642578	0.0	0.0	0.0	4.084454536437988	0.0	0.0	0.0	0.0	0.0	0.0	0.0	1.9512319564819336	3.2687249183654785	0.0	0.0	0.0	0.0	0.0	0.0	1.9405841827392578	0.0	0.0	0.0	3.992675542831421	0.0	4.495635032653809	0.0	3.544654607772827	0.0	1.3336373567581177	0.0	0.0	0.0
4.011641025543213	0.0	3.389338970184326	0.0	0.0	3.0540502071380615	2.886551856994629	1.6362627744674683	0.0	0.0	2.7569756507873535	2.548344850540161	3.179436445236206	0.0	0.0	0.0	0.0	3.3365652561187744	2.677394151687622	2.208639621734619	0.0	0.0	0.0	3.7381222248077393	0.0	0.0	0.0	0.0	0.0	4.985636234283447	6.782724857330322	2.617232322692871	0.0	0.0	0.0	0.0	0.0	0.0	0.0	5.431049823760986	0.0	2.4856929779052734	0.0	0.0	8.126198768615723	0.0	4.49398946762085	2.863304376602173	2.462423801422119	1.5325311422348022	0.0	0.0	0.0	2.3040027618408203	2.548159122467041	0.0	3.2207252979278564	0.0	0.0	3.3659603595733643	0.0	0.0	0.0	0.0	0.0	0.0	0.0	0.0	0.0	0.0	3.098329782485962	3.888460636138916	0.0	0.0	0.0	0.0	0.0	0.0	1.0340574979782104	0.0	0.0	2.9950263500213623	2.9934744834899902	0.0	2.1707825660705566	1.3416212797164917	0.0	0.0	3.04569411277771	2.572100877761841	4.900880813598633	0.0	2.682025671005249	0.0	2.3969600200653076	0.0	0.0	0.0	3.7901101112365723	0.0	0.0	0.0	0.0	0.0	0.0	0.0	1.7511744499206543	3.654553174972534	0.0	0.0	0.0	0.0	0.0	0.0	2.0790512561798096	0.0	0.0	0.0	3.6953954696655273	0.0	4.4255781173706055	0.0	3.431800603866577	0.0	1.4335317611694336	0.0	0.0	0.0
3.5858187675476074	0.0	3.7063114643096924	0.0	0.0	3.4652602672576904	3.8122293949127197	1.3493088483810425	0.0	0.0	2.9229626655578613	2.3687071800231934	3.2880587577819824	0.0	0.0	0.0	0.0	3.9105992317199707	3.066962480545044	2.6843833923339844	0.0	0.0	0.0	3.5141611099243164	0.0	0.0	0.0	0.0	0.0	5.086035251617432	6.850061893463135	3.0755183696746826	0.0	0.0	0.0	0.0	0.0	0.0	0.0	5.713353633880615	0.0	2.374605417251587	0.0	0.0	7.882801532745361	0.0	4.8218207359313965	3.312440872192383	2.053129196166992	1.9469423294067383	0.0	0.0	0.0	2.527965545654297	2.100985050201416	0.0	3.582484245300293	0.0	0.0	3.598526954650879	0.0	0.0	0.0	0.0	0.0	0.0	0.0	0.0	0.0	0.0	2.8047893047332764	4.435898780822754	0.0	0.0	0.0	0.0	0.0	0.0	1.6782705783843994	0.0	0.0	3.3316187858581543	3.5632519721984863	0.0	2.7583634853363037	1.0393511056900024	0.0	0.0	2.7628047466278076	2.5392889976501465	4.965585708618164	0.0	3.0115151405334473	0.0	2.471874713897705	0.0	0.0	0.0	3.6269638538360596	0.0	0.0	0.0	0.0	0.0	0.0	0.0	2.2372565269470215	4.021137237548828	0.0	0.0	0.0	0.0	0.0	0.0	1.8224921226501465	0.0	0.0	0.0	4.593208312988281	0.0	4.875367641448975	0.0	4.0860185623168945	0.0	1.231661081314087	0.0	0.0	0.0
3.5319371223449707	0.0	3.3218002319335938	0.0	0.0	2.77864670753479	3.782827615737915	1.336309790611267	0.0	0.0	2.9827048778533936	2.445546865463257	3.7330403327941895	0.0	0.0	0.0	0.0	3.06147837638855	2.6098573207855225	2.6926162242889404	0.0	0.0	0.0	3.3845503330230713	0.0	0.0	0.0	0.0	0.0	5.031679153442383	6.329345703125	3.2157182693481445	0.0	0.0	0.0	0.0	0.0	0.0	0.0	5.122935771942139	0.0	2.2287793159484863	0.0	0.0	7.412679195404053	0.0	4.223773002624512	2.8313605785369873	1.8623201847076416	1.739195466041565	0.0	0.0	0.0	2.335080862045288	2.81868839263916	0.0	3.722557544708252	0.0	0.0	3.3349108695983887	0.0	0.0	0.0	0.0	0.0	0.0	0.0	0.0	0.0	0.0	2.744760513305664	4.295389175415039	0.0	0.0	0.0	0.0	0.0	0.0	1.1729459762573242	0.0	0.0	2.9242429733276367	3.7775161266326904	0.0	2.50703501701355	0.6879843473434448	0.0	0.0	3.1135330200195312	2.0919721126556396	4.616119384765625	0.0	2.9440581798553467	0.0	2.5391738414764404	0.0	0.0	0.0	3.607705593109131	0.0	0.0	0.0	0.0	0.0	0.0	0.0	2.2437522411346436	4.1186418533325195	0.0	0.0	0.0	0.0	0.0	0.0	1.797383427619934	0.0	0.0	0.0	4.113248348236084	0.0	4.237191677093506	0.0	3.1304659843444824	0.0	1.7397257089614868	0.0	0.0	0.0
3.695413589477539	0.0	3.686420202255249	0.0	0.0	3.3962860107421875	3.334110975265503	1.0770522356033325	0.0	0.0	2.010289430618286	2.5736405849456787	3.665750741958618	0.0	0.0	0.0	0.0	4.517940044403076	4.082417964935303	2.35153865814209	0.0	0.0	0.0	3.822984218597412	0.0	0.0	0.0	0.0	0.0	4.865525722503662	7.1894307136535645	2.0022997856140137	0.0	0.0	0.0	0.0	0.0	0.0	0.0	5.987623691558838	0.0	3.3797008991241455	0.0	0.0	8.253599166870117	0.0	5.459012031555176	4.514030933380127	3.458906412124634	2.1296613216400146	0.0	0.0	0.0	2.091887950897217	2.325868844985962	0.0	3.6696970462799072	0.0	0.0	4.057572364807129	0.0	0.0	0.0	0.0	0.0	0.0	0.0	0.0	0.0	0.0	3.752086639404297	5.000753402709961	0.0	0.0	0.0	0.0	0.0	0.0	1.0243842601776123	0.0	0.0	4.060877323150635	2.876694440841675	0.0	2.806894302368164	1.7285754680633545	0.0	0.0	2.4444408416748047	3.169433832168579	5.355877876281738	0.0	2.784558057785034	0.0	1.9045355319976807	0.0	0.0	0.0	3.5674185752868652	0.0	0.0	0.0	0.0	0.0	0.0	0.0	1.887776494026184	4.29562520980835	0.0	0.0	0.0	0.0	0.0	0.0	2.658971071243286	0.0	0.0	0.0	4.526127815246582	0.0	6.1115217208862305	0.0	4.435575485229492	0.0	2.19024658203125	0.0	0.0	0.0
4.155957221984863	0.0	3.932393789291382	0.0	0.0	3.6604318618774414	2.8208506107330322	2.075735330581665	0.0	0.0	3.2809784412384033	2.6473453044891357	2.860525131225586	0.0	0.0	0.0	0.0	3.819432258605957	2.226390838623047	2.299405097961426	0.0	0.0	0.0	3.8169870376586914	0.0	0.0	0.0	0.0	0.0	4.979025363922119	7.338105201721191	2.214367151260376	0.0	0.0	0.0	0.0	0.0	0.0	0.0	5.78981876373291	0.0	2.3245909214019775	0.0	0.0	8.716167449951172	0.0	4.593067646026611	2.8980884552001953	1.7641836404800415	1.446845531463623	0.0	0.0	0.0	2.466933488845825	2.392516851425171	0.0	2.8963255882263184	0.0	0.0	3.6281113624572754	0.0	0.0	0.0	0.0	0.0	0.0	0.0	0.0	0.0	0.0	3.131664752960205	3.8872900009155273	0.0	0.0	0.0	0.0	0.0	0.0	1.3304224014282227	0.0	0.0	2.6167685985565186	2.9581894874572754	0.0	1.9331363439559937	1.6337761878967285	0.0	0.0	2.837998151779175	2.3447859287261963	5.219645977020264	0.0	2.299980878829956	0.0	2.7949297428131104	0.0	0.0	0.0	4.080850124359131	0.0	0.0	0.0	0.0	0.0	0.0	0.0	1.9934632778167725	3.2869253158569336	0.0	0.0	0.0	0.0	0.0	0.0	2.16640305519104	0.0	0.0	0.0	3.8703513145446777	0.0	4.51120662689209	0.0	3.5584468841552734	0.0	1.4356049299240112	0.0	0.0	0.0
5.6534318923950195	0.0	3.88655686378479	0.0	0.0	3.381910800933838	1.5262035131454468	2.1972708702087402	0.0	0.0	2.1718928813934326	3.3991782665252686	2.600088119506836	0.0	0.0	0.0	0.0	3.03242826461792	2.227147340774536	0.6455429196357727	0.0	0.0	0.0	4.410406112670898	0.0	0.0	0.0	0.0	0.0	5.013942241668701	7.649113178253174	1.7011713981628418	0.0	0.0	0.0	0.0	0.0	0.0	0.0	6.105952262878418	0.0	4.0344085693359375	0.0	0.0	8.825556755065918	0.0	5.600164890289307	3.4267730712890625	3.4568843841552734	0.7602218389511108	0.0	0.0	0.0	2.9615261554718018	3.6291677951812744	0.0	2.3520214557647705	0.0	0.0	3.550262451171875	0.0	0.0	0.0	0.0	0.0	0.0	0.0	0.0	0.0	0.0	5.403727054595947	3.516735553741455	0.0	0.0	0.0	0.0	0.0	0.0	0.8167530298233032	0.0	0.0	2.5985097885131836	2.2037477493286133	0.0	1.688773274421692	2.5590271949768066	0.0	0.0	4.215561389923096	3.9628443717956543	5.361685276031494	0.0	1.1856987476348877	0.0	3.049567222595215	0.0	0.0	0.0	5.449792385101318	0.0	0.0	0.0	0.0	0.0	0.0	0.0	0.631182849407196	3.4620749950408936	0.0	0.0	0.0	0.0	0.0	0.0	2.9848079681396484	0.0	0.0	0.0	3.3658597469329834	0.0	5.09246301651001	0.0	4.659597873687744	0.0	1.6966626644134521	0.0	0.0	0.0
3.688279628753662	0.0	3.556922197341919	0.0	0.0	3.1032488346099854	3.359330415725708	0.9554709196090698	0.0	0.0	2.5168776512145996	2.819827079772949	2.826354503631592	0.0	0.0	0.0	0.0	3.774545431137085	3.375657796859741	1.0197659730911255	0.0	0.0	0.0	3.7456839084625244	0.0	0.0	0.0	0.0	0.0	4.994412899017334	6.6033525466918945	3.119001865386963	0.0	0.0	0.0	0.0	0.0	0.0	0.0	5.4889397621154785	0.0	3.3027119636535645	0.0	0.0	7.080265045166016	0.0	5.136361598968506	3.5742874145507812	2.1458208560943604	2.6069819927215576	0.0	0.0	0.0	2.5584716796875	2.1529462337493896	0.0	3.679015874862671	0.0	0.0	3.4721250534057617	0.0	0.0	0.0	0.0	0.0	0.0	0.0	0.0	0.0	0.0	3.5779008865356445	4.830620288848877	0.0	0.0	0.0	0.0	0.0	0.0	2.156514883041382	0.0	0.0	3.5180740356445312	3.3254332542419434	0.0	3.033935785293579	1.0472031831741333	0.0	0.0	3.2526423931121826	2.983353853225708	5.082826137542725	0.0	3.237034559249878	0.0	1.9968743324279785	0.0	0.0	0.0	3.659466028213501	0.0	0.0	0.0	0.0	0.0	0.0	0.0	1.1484153270721436	3.7940845489501953	0.0	0.0	0.0	0.0	0.0	0.0	2.4828271865844727	0.0	0.0	0.0	4.896900177001953	0.0	5.617487907409668	0.0	6.026488304138184	0.0	0.37134137749671936	0.0	0.0	0.0
3.939946413040161	0.0	3.452488660812378	0.0	0.0	3.2483086585998535	3.3629746437072754	1.6604455709457397	0.0	0.0	2.774082660675049	2.6205906867980957	3.536897897720337	0.0	0.0	0.0	0.0	3.364992141723633	2.930994987487793	2.3414981365203857	0.0	0.0	0.0	3.625530958175659	0.0	0.0	0.0	0.0	0.0	4.977336883544922	6.7583723068237305	2.6832547187805176	0.0	0.0	0.0	0.0	0.0	0.0	0.0	5.442875385284424	0.0	2.5776617527008057	0.0	0.0	7.900301933288574	0.0	4.580610275268555	3.183919668197632	2.2444519996643066	1.639280080795288	0.0	0.0	0.0	2.3501741886138916	2.8048388957977295	0.0	3.4353713989257812	0.0	0.0	3.5707433223724365	0.0	0.0	0.0	0.0	0.0	0.0	0.0	0.0	0.0	0.0	3.0725858211517334	4.0375494956970215	0.0	0.0	0.0	0.0	0.0	0.0	0.9739166498184204	0.0	0.0	3.036004066467285	3.1868913173675537	0.0	2.42779278755188	1.2590992450714111	0.0	0.0	3.0759971141815186	2.6247498989105225	4.826509952545166	0.0	2.668891429901123	0.0	2.435046434402466	0.0	0.0	0.0	3.7376582622528076	0.0	0.0	0.0	0.0	0.0	0.0	0.0	2.0182807445526123	3.8165769577026367	0.0	0.0	0.0	0.0	0.0	0.0	2.1075026988983154	0.0	0.0	0.0	4.015389919281006	0.0	4.767874240875244	0.0	3.402993679046631	0.0	1.712104082107544	0.0	0.0	0.0
3.265000581741333	0.0	3.9164962768554688	0.0	0.0	3.631667137145996	3.931300163269043	1.2873810529708862	0.0	0.0	2.2540268898010254	2.6778671741485596	2.4805305004119873	0.0	0.0	0.0	0.0	3.772691249847412	3.117020606994629	1.6688629388809204	0.0	0.0	0.0	3.5471608638763428	0.0	0.0	0.0	0.0	0.0	4.731228828430176	6.540287971496582	2.945638656616211	0.0	0.0	0.0	0.0	0.0	0.0	0.0	5.365268230438232	0.0	2.803338050842285	0.0	0.0	7.421073913574219	0.0	5.0153045654296875	3.1508383750915527	1.5943938493728638	1.5216944217681885	0.0	0.0	0.0	2.2853822708129883	2.730654001235962	0.0	3.9970240592956543	0.0	0.0	3.7371437549591064	0.0	0.0	0.0	0.0	0.0	0.0	0.0	0.0	0.0	0.0	3.2486157417297363	4.38791561126709	0.0	0.0	0.0	0.0	0.0	0.0	1.8924472332000732	0.0	0.0	3.2671058177948	2.9427506923675537	0.0	2.8572003841400146	1.5531948804855347	0.0	0.0	2.9596633911132812	2.9790596961975098	4.607414245605469	0.0	3.623112440109253	0.0	2.4694631099700928	0.0	0.0	0.0	3.692124605178833	0.0	0.0	0.0	0.0	0.0	0.0	0.0	2.1108579635620117	3.6891326904296875	0.0	0.0	0.0	0.0	0.0	0.0	1.7226788997650146	0.0	0.0	0.0	4.525454998016357	0.0	5.180157661437988	0.0	4.241547584533691	0.0	0.6267990469932556	0.0	0.0	0.0
4.486105918884277	0.0	3.899864673614502	0.0	0.0	3.7268929481506348	2.7542359828948975	2.316894292831421	0.0	0.0	3.02903151512146	2.7086570262908936	3.0541000366210938	0.0	0.0	0.0	0.0	3.5760316848754883	2.108405828475952	2.586066961288452	0.0	0.0	0.0	3.8078761100769043	0.0	0.0	0.0	0.0	0.0	4.844781398773193	7.200518608093262	2.0772011280059814	0.0	0.0	0.0	0.0	0.0	0.0	0.0	5.927512168884277	0.0	2.4597597122192383	0.0	0.0	8.84749698638916	0.0	4.698539733886719	2.675401210784912	1.8499321937561035	1.0796327590942383	0.0	0.0	0.0	2.263652801513672	3.024289608001709	0.0	2.808948040008545	0.0	0.0	3.466047525405884	0.0	0.0	0.0	0.0	0.0	0.0	0.0	0.0	0.0	0.0	3.124619483947754	3.718224287033081	0.0	0.0	0.0	0.0	0.0	0.0	0.5800085067749023	0.0	0.0	2.5784637928009033	2.9239633083343506	0.0	1.6293240785598755	1.3626593351364136	0.0	0.0	2.927846908569336	2.4059362411499023	5.1903204917907715	0.0	1.7374587059020996	0.0	3.2405128479003906	0.0	0.0	0.0	4.548104286193848	0.0	0.0	0.0	0.0	0.0	0.0	0.0	2.2635674476623535	3.540336847305298	0.0	0.0	0.0	0.0	0.0	0.0	2.0911619663238525	0.0	0.0	0.0	3.538804054260254	0.0	4.1549553871154785	0.0	3.024373769760132	0.0	1.723668098449707	0.0	0.0	0.0
3.7284843921661377	0.0	3.810239791870117	0.0	0.0	3.152198076248169	3.4810855388641357	0.9610930681228638	0.0	0.0	2.2453222274780273	2.8366658687591553	2.8500983715057373	0.0	0.0	0.0	0.0	3.534184455871582	3.1522228717803955	0.9729432463645935	0.0	0.0	0.0	3.8157100677490234	0.0	0.0	0.0	0.0	0.0	4.721129894256592	6.518404960632324	2.956568717956543	0.0	0.0	0.0	0.0	0.0	0.0	0.0	5.396406650543213	0.0	3.3684022426605225	0.0	0.0	7.382721424102783	0.0	5.170565605163574	3.4868063926696777	2.304190158843994	2.207017660140991	0.0	0.0	0.0	2.497849225997925	2.8994381427764893	0.0	3.8663523197174072	0.0	0.0	3.848949909210205	0.0	0.0	0.0	0.0	0.0	0.0	0.0	0.0	0.0	0.0	3.496878147125244	4.508540630340576	0.0	0.0	0.0	0.0	0.0	0.0	2.13857364654541	0.0	0.0	3.311432361602783	3.080989360809326	0.0	3.1051218509674072	1.2191441059112549	0.0	0.0	3.1870858669281006	2.9147374629974365	4.753133296966553	0.0	3.547116756439209	0.0	2.137059211730957	0.0	0.0	0.0	3.867866039276123	0.0	0.0	0.0	0.0	0.0	0.0	0.0	1.085170865058899	3.6473548412323	0.0	0.0	0.0	0.0	0.0	0.0	2.232581615447998	0.0	0.0	0.0	4.967575550079346	0.0	5.301353931427002	0.0	5.881444454193115	0.0	0.5085275769233704	0.0	0.0	0.0
3.6300785541534424	0.0	3.6343085765838623	0.0	0.0	3.2034549713134766	3.974144697189331	1.7472622394561768	0.0	0.0	3.1254401206970215	2.404576301574707	4.088411331176758	0.0	0.0	0.0	0.0	3.3473870754241943	2.751340389251709	2.896256685256958	0.0	0.0	0.0	3.6685478687286377	0.0	0.0	0.0	0.0	0.0	5.17623233795166	6.87551736831665	3.1166977882385254	0.0	0.0	0.0	0.0	0.0	0.0	0.0	5.704567909240723	0.0	2.2600626945495605	0.0	0.0	7.895538806915283	0.0	4.505736351013184	3.17071270942688	2.105085849761963	1.9323030710220337	0.0	0.0	0.0	2.1087396144866943	2.453815221786499	0.0	3.467816114425659	0.0	0.0	3.6242122650146484	0.0	0.0	0.0	0.0	0.0	0.0	0.0	0.0	0.0	0.0	2.6779119968414307	4.359086036682129	0.0	0.0	0.0	0.0	0.0	0.0	1.3445369005203247	0.0	0.0	3.198373556137085	3.64923095703125	0.0	2.473673105239868	0.7313168048858643	0.0	0.0	3.085789203643799	2.3047831058502197	4.8085103034973145	0.0	2.6345720291137695	0.0	2.502776622772217	0.0	0.0	0.0	3.644749402999878	0.0	0.0	0.0	0.0	0.0	0.0	0.0	2.6303353309631348	4.071147918701172	0.0	0.0	0.0	0.0	0.0	0.0	1.8584891557693481	0.0	0.0	0.0	4.400854110717773	0.0	4.336796283721924	0.0	3.42056941986084	0.0	1.8766523599624634	0.0	0.0	0.0
3.638352394104004	0.0	3.401968479156494	0.0	0.0	3.3923540115356445	3.538688898086548	1.6537576913833618	0.0	0.0	2.917673110961914	2.34997820854187	3.4358291625976562	0.0	0.0	0.0	0.0	3.5439910888671875	2.806877613067627	2.5161826610565186	0.0	0.0	0.0	3.695416212081909	0.0	0.0	0.0	0.0	0.0	4.965505599975586	6.79006814956665	2.7509231567382812	0.0	0.0	0.0	0.0	0.0	0.0	0.0	5.582839488983154	0.0	2.283017635345459	0.0	0.0	7.841423511505127	0.0	4.512271881103516	2.862586259841919	2.331024169921875	1.7904590368270874	0.0	0.0	0.0	2.2949509620666504	2.4100441932678223	0.0	3.453723430633545	0.0	0.0	3.5415611267089844	0.0	0.0	0.0	0.0	0.0	0.0	0.0	0.0	0.0	0.0	2.9711084365844727	4.096621513366699	0.0	0.0	0.0	0.0	0.0	0.0	1.4250004291534424	0.0	0.0	3.0883891582489014	3.388554096221924	0.0	2.3815062046051025	1.1642998456954956	0.0	0.0	2.8956918716430664	2.625793695449829	4.8457560539245605	0.0	2.745295524597168	0.0	2.487576723098755	0.0	0.0	0.0	3.7196412086486816	0.0	0.0	0.0	0.0	0.0	0.0	0.0	2.3179614543914795	3.8601772785186768	0.0	0.0	0.0	0.0	0.0	0.0	1.8552830219268799	0.0	0.0	0.0	4.230990409851074	0.0	4.472095489501953	0.0	3.2777671813964844	0.0	1.5480432510375977	0.0	0.0	0.0
3.630218982696533	0.0	3.4367194175720215	0.0	0.0	3.1850039958953857	3.6722018718719482	1.5681605339050293	0.0	0.0	2.8138864040374756	2.4259684085845947	3.43733549118042	0.0	0.0	0.0	0.0	3.2233762741088867	2.889941453933716	2.3340468406677246	0.0	0.0	0.0	3.492980718612671	0.0	0.0	0.0	0.0	0.0	5.021665573120117	6.558200359344482	2.953026294708252	0.0	0.0	0.0	0.0	0.0	0.0	0.0	5.26674222946167	0.0	2.3422694206237793	0.0	0.0	7.451771259307861	0.0	4.636768817901611	3.110856771469116	2.0298714637756348	1.6696770191192627	0.0	0.0	0.0	2.3671741485595703	2.572382926940918	0.0	3.5429892539978027	0.0	0.0	3.5019121170043945	0.0	0.0	0.0	0.0	0.0	0.0	0.0	0.0	0.0	0.0	3.0806663036346436	4.304580211639404	0.0	0.0	0.0	0.0	0.0	0.0	1.1933043003082275	0.0	0.0	3.049880027770996	3.338893175125122	0.0	2.4183127880096436	1.01179838180542	0.0	0.0	3.0957231521606445	2.4602160453796387	4.659599781036377	0.0	2.774988889694214	0.0	2.367493152618408	0.0	0.0	0.0	3.5500423908233643	0.0	0.0	0.0	0.0	0.0	0.0	0.0	2.141256809234619	3.7456390857696533	0.0	0.0	0.0	0.0	0.0	0.0	1.8007670640945435	0.0	0.0	0.0	4.142743110656738	0.0	4.492883682250977	0.0	3.3720524311065674	0.0	1.6897320747375488	0.0	0.0	0.0
3.800830364227295	0.0	3.57405424118042	0.0	0.0	3.249070167541504	3.5364911556243896	1.5407860279083252	0.0	0.0	2.8848822116851807	2.429837226867676	3.6205546855926514	0.0	0.0	0.0	0.0	3.6302261352539062	2.850041389465332	2.752558946609497	0.0	0.0	0.0	3.6801464557647705	0.0	0.0	0.0	0.0	0.0	4.962093353271484	6.6643476486206055	2.78190279006958	0.0	0.0	0.0	0.0	0.0	0.0	0.0	5.558074951171875	0.0	2.4099159240722656	0.0	0.0	7.9907708168029785	0.0	4.482083320617676	3.113553047180176	2.2285215854644775	1.7786153554916382	0.0	0.0	0.0	2.333004951477051	2.4647276401519775	0.0	3.4771780967712402	0.0	0.0	3.549427032470703	0.0	0.0	0.0	0.0	0.0	0.0	0.0	0.0	0.0	0.0	2.8788607120513916	4.249500751495361	0.0	0.0	0.0	0.0	0.0	0.0	1.3822640180587769	0.0	0.0	3.235004425048828	3.4993810653686523	0.0	2.4559245109558105	0.9255358576774597	0.0	0.0	2.882476806640625	2.517011880874634	4.977431774139404	0.0	2.719520092010498	0.0	2.5991170406341553	0.0	0.0	0.0	3.587987184524536	0.0	0.0	0.0	0.0	0.0	0.0	0.0	2.3371193408966064	4.061086177825928	0.0	0.0	0.0	0.0	0.0	0.0	1.9761009216308594	0.0	0.0	0.0	4.294652462005615	0.0	4.612075328826904	0.0	3.4139466285705566	0.0	1.6482423543930054	0.0	0.0	0.0
3.795332193374634	0.0	3.6363093852996826	0.0	0.0	3.317636251449585	2.877004384994507	1.2194746732711792	0.0	0.0	2.476619243621826	2.451934576034546	3.0174903869628906	0.0	0.0	0.0	0.0	3.7664992809295654	2.7901840209960938	1.538483738899231	0.0	0.0	0.0	3.775373697280884	0.0	0.0	0.0	0.0	0.0	4.760415077209473	6.7956156730651855	2.6938281059265137	0.0	0.0	0.0	0.0	0.0	0.0	0.0	6.366740703582764	0.0	3.57871150970459	0.0	0.0	7.452386856079102	0.0	5.128808975219727	3.6971099376678467	2.045506477355957	2.5506465435028076	0.0	0.0	0.0	2.6185340881347656	2.5949177742004395	0.0	3.163043737411499	0.0	0.0	3.307779312133789	0.0	0.0	0.0	0.0	0.0	0.0	0.0	0.0	0.0	0.0	4.324853897094727	4.704835414886475	0.0	0.0	0.0	0.0	0.0	0.0	1.996948003768921	0.0	0.0	3.114102840423584	3.469331979751587	0.0	2.3846638202667236	0.9995004534721375	0.0	0.0	3.324262857437134	3.165785789489746	5.3383026123046875	0.0	1.5627954006195068	0.0	2.5408577919006348	0.0	0.0	0.0	4.528210163116455	0.0	0.0	0.0	0.0	0.0	0.0	0.0	1.4748287200927734	3.7117502689361572	0.0	0.0	0.0	0.0	0.0	0.0	2.6900975704193115	0.0	0.0	0.0	4.74212121963501	0.0	5.219472885131836	0.0	5.490355968475342	0.0	1.0904288291931152	0.0	0.0	0.0
3.5728352069854736	0.0	3.521024227142334	0.0	0.0	3.3095173835754395	3.8662238121032715	1.5354379415512085	0.0	0.0	2.669517993927002	2.571756601333618	3.340654134750366	0.0	0.0	0.0	0.0	3.6077752113342285	3.1388063430786133	2.421877384185791	0.0	0.0	0.0	3.6582839488983154	0.0	0.0	0.0	0.0	0.0	4.901819705963135	6.626614570617676	2.9413881301879883	0.0	0.0	0.0	0.0	0.0	0.0	0.0	5.435956954956055	0.0	2.465017557144165	0.0	0.0	7.622969627380371	0.0	4.686135292053223	3.121591806411743	2.1480274200439453	1.7934532165527344	0.0	0.0	0.0	2.307290554046631	2.525847911834717	0.0	3.8070497512817383	0.0	0.0	3.6412672996520996	0.0	0.0	0.0	0.0	0.0	0.0	0.0	0.0	0.0	0.0	2.8639872074127197	4.316756725311279	0.0	0.0	0.0	0.0	0.0	0.0	1.3921592235565186	0.0	0.0	3.2735636234283447	3.412935495376587	0.0	2.7079029083251953	1.0991134643554688	0.0	0.0	2.89370059967041	2.6554858684539795	4.730473518371582	0.0	3.061387777328491	0.0	2.5293288230895996	0.0	0.0	0.0	3.610283136367798	0.0	0.0	0.0	0.0	0.0	0.0	0.0	2.2347447872161865	4.037259101867676	0.0	0.0	0.0	0.0	0.0	0.0	1.8138149976730347	0.0	0.0	0.0	4.39711856842041	0.0	4.748386859893799	0.0	3.6813294887542725	0.0	1.3709992170333862	0.0	0.0	0.0
3.3990354537963867	0.0	3.2309603691101074	0.0	0.0	2.9938902854919434	3.5764124393463135	1.818483591079712	0.0	0.0	2.6704323291778564	2.4826292991638184	4.124685287475586	0.0	0.0	0.0	0.0	3.766193151473999	3.1242787837982178	2.3320722579956055	0.0	0.0	0.0	3.530269145965576	0.0	0.0	0.0	0.0	0.0	4.629466533660889	6.122167587280273	2.614719867706299	0.0	0.0	0.0	0.0	0.0	0.0	0.0	5.954142093658447	0.0	2.795828342437744	0.0	0.0	7.7647271156311035	0.0	4.210165977478027	3.3230037689208984	2.110936403274536	2.7870748043060303	0.0	0.0	0.0	1.9266941547393799	2.367213726043701	0.0	3.4588558673858643	0.0	0.0	3.5171477794647217	0.0	0.0	0.0	0.0	0.0	0.0	0.0	0.0	0.0	0.0	3.0348823070526123	4.3343963623046875	0.0	0.0	0.0	0.0	0.0	0.0	1.1457653045654297	0.0	0.0	3.1875078678131104	3.8326632976531982	0.0	2.601111888885498	0.46405333280563354	0.0	0.0	2.8400039672851562	2.7144787311553955	5.246109962463379	0.0	1.990795373916626	0.0	2.476393699645996	0.0	0.0	0.0	3.2978098392486572	0.0	0.0	0.0	0.0	0.0	0.0	0.0	2.181535243988037	4.051004409790039	0.0	0.0	0.0	0.0	0.0	0.0	2.444169759750366	0.0	0.0	0.0	4.768061637878418	0.0	4.759271621704102	0.0	3.542695999145508	0.0	1.8001755475997925	0.0	0.0	0.0
3.62963604927063	0.0	3.451186418533325	0.0	0.0	3.6119589805603027	3.6068954467773438	1.6576505899429321	0.0	0.0	2.9182863235473633	2.190406084060669	3.401322364807129	0.0	0.0	0.0	0.0	3.7563798427581787	3.0242180824279785	2.7748000621795654	0.0	0.0	0.0	3.3129849433898926	0.0	0.0	0.0	0.0	0.0	4.910590648651123	6.909712314605713	2.512092113494873	0.0	0.0	0.0	0.0	0.0	0.0	0.0	5.887650012969971	0.0	2.4469945430755615	0.0	0.0	7.75469446182251	0.0	4.612774848937988	3.22160005569458	2.362459897994995	1.9491002559661865	0.0	0.0	0.0	2.321164131164551	2.1826438903808594	0.0	3.3466763496398926	0.0	0.0	3.6702823638916016	0.0	0.0	0.0	0.0	0.0	0.0	0.0	0.0	0.0	0.0	2.761880874633789	4.340203285217285	0.0	0.0	0.0	0.0	0.0	0.0	1.5290980339050293	0.0	0.0	2.9792885780334473	3.3527164459228516	0.0	2.2427549362182617	1.023482084274292	0.0	0.0	2.7408223152160645	2.583220958709717	4.671844482421875	0.0	2.0588572025299072	0.0	2.4610188007354736	0.0	0.0	0.0	3.470951795578003	0.0	0.0	0.0	0.0	0.0	0.0	0.0	2.6661272048950195	4.088263988494873	0.0	0.0	0.0	0.0	0.0	0.0	1.855323076248169	0.0	0.0	0.0	4.319387435913086	0.0	4.587230682373047	0.0	3.30255126953125	0.0	2.0293238162994385	0.0	0.0	0.0
5.219212532043457	0.0	4.418564796447754	0.0	0.0	3.4254631996154785	1.6135679483413696	1.9488202333450317	0.0	0.0	2.531512498855591	3.579979658126831	1.5796964168548584	0.0	0.0	0.0	0.0	3.283329725265503	2.13730525970459	0.31814438104629517	0.0	0.0	0.0	4.29569149017334	0.0	0.0	0.0	0.0	0.0	5.426608085632324	7.919078826904297	2.3134264945983887	0.0	0.0	0.0	0.0	0.0	0.0	0.0	5.986806869506836	0.0	3.6914222240448	0.0	0.0	9.170144081115723	0.0	5.638698101043701	3.008795738220215	2.3913426399230957	0.8627078533172607	0.0	0.0	0.0	3.079892873764038	3.4474666118621826	0.0	2.645841121673584	0.0	0.0	3.5002806186676025	0.0	0.0	0.0	0.0	0.0	0.0	0.0	0.0	0.0	0.0	4.834685325622559	3.665194511413574	0.0	0.0	0.0	0.0	0.0	0.0	1.4345744848251343	0.0	0.0	2.664017915725708	2.0696685314178467	0.0	1.8737622499465942	2.796910285949707	0.0	0.0	3.8553121089935303	3.137289047241211	5.326799392700195	0.0	2.4301507472991943	0.0	2.9164681434631348	0.0	0.0	0.0	5.254872798919678	0.0	0.0	0.0	0.0	0.0	0.0	0.0	0.45114752650260925	2.9304680824279785	0.0	0.0	0.0	0.0	0.0	0.0	2.8122105598449707	0.0	0.0	0.0	3.3952395915985107	0.0	5.049217224121094	0.0	5.465151786804199	0.0	0.463711678981781	0.0	0.0	0.0
3.965160608291626	0.0	3.535938262939453	0.0	0.0	3.4698824882507324	2.676151990890503	1.9031888246536255	0.0	0.0	2.8893792629241943	2.5423858165740967	2.8997063636779785	0.0	0.0	0.0	0.0	3.70925235748291	2.577808141708374	1.9571568965911865	0.0	0.0	0.0	3.825655937194824	0.0	0.0	0.0	0.0	0.0	4.935449123382568	6.943803787231445	2.32426381111145	0.0	0.0	0.0	0.0	0.0	0.0	0.0	5.651882171630859	0.0	2.4260237216949463	0.0	0.0	8.311378479003906	0.0	4.780220985412598	2.9608349800109863	2.519340753555298	1.49069344997406	0.0	0.0	0.0	2.385533571243286	2.429337501525879	0.0	3.1658599376678467	0.0	0.0	3.579803943634033	0.0	0.0	0.0	0.0	0.0	0.0	0.0	0.0	0.0	0.0	3.3394765853881836	3.6895806789398193	0.0	0.0	0.0	0.0	0.0	0.0	1.3230165243148804	0.0	0.0	2.7786645889282227	2.92702054977417	0.0	2.097414970397949	1.7470543384552002	0.0	0.0	2.9749772548675537	2.7654075622558594	4.827751159667969	0.0	2.270616054534912	0.0	2.566896915435791	0.0	0.0	0.0	4.056384563446045	0.0	0.0	0.0	0.0	0.0	0.0	0.0	1.633772373199463	3.509683609008789	0.0	0.0	0.0	0.0	0.0	0.0	1.8175575733184814	0.0	0.0	0.0	3.8401057720184326	0.0	4.45011568069458	0.0	3.5679893493652344	0.0	1.2578248977661133	0.0	0.0	0.0
5.474478721618652	0.0	4.490728378295898	0.0	0.0	3.7699949741363525	1.6394046545028687	2.4902074337005615	0.0	0.0	2.5066945552825928	3.6053762435913086	1.7512425184249878	0.0	0.0	0.0	0.0	3.376413345336914	2.038128137588501	0.4388689398765564	0.0	0.0	0.0	4.407245635986328	0.0	0.0	0.0	0.0	0.0	5.284531116485596	7.969544887542725	1.8753154277801514	0.0	0.0	0.0	0.0	0.0	0.0	0.0	6.423336982727051	0.0	4.002965927124023	0.0	0.0	9.30700969696045	0.0	5.657605171203613	2.825545072555542	2.17826509475708	0.7378429174423218	0.0	0.0	0.0	3.0362160205841064	3.7234106063842773	0.0	2.5035617351531982	0.0	0.0	3.3285529613494873	0.0	0.0	0.0	0.0	0.0	0.0	0.0	0.0	0.0	0.0	5.074622631072998	3.6540141105651855	0.0	0.0	0.0	0.0	0.0	0.0	0.906629204750061	0.0	0.0	2.567718744277954	2.070253610610962	0.0	1.6518830060958862	2.620917558670044	0.0	0.0	3.9994499683380127	3.254417896270752	5.582697868347168	0.0	1.6645039319992065	0.0	3.443908214569092	0.0	0.0	0.0	5.551163673400879	0.0	0.0	0.0	0.0	0.0	0.0	0.0	0.8397899270057678	3.087799072265625	0.0	0.0	0.0	0.0	0.0	0.0	3.0411198139190674	0.0	0.0	0.0	3.2573630809783936	0.0	4.962521553039551	0.0	5.143987655639648	0.0	0.8465253710746765	0.0	0.0	0.0
3.8990936279296875	0.0	3.4583566188812256	0.0	0.0	3.277578115463257	3.1328864097595215	1.7919917106628418	0.0	0.0	2.89640474319458	2.6018598079681396	3.1645312309265137	0.0	0.0	0.0	0.0	3.453094959259033	2.6119604110717773	2.3949897289276123	0.0	0.0	0.0	3.7142627239227295	0.0	0.0	0.0	0.0	0.0	4.823139190673828	6.683627128601074	2.4791386127471924	0.0	0.0	0.0	0.0	0.0	0.0	0.0	5.398798942565918	0.0	2.3749587535858154	0.0	0.0	8.078118324279785	0.0	4.503793239593506	2.8191077709198	2.2424826622009277	1.3371785879135132	0.0	0.0	0.0	2.330033540725708	2.524876356124878	0.0	3.1990535259246826	0.0	0.0	3.4471611976623535	0.0	0.0	0.0	0.0	0.0	0.0	0.0	0.0	0.0	0.0	2.9205987453460693	3.8069770336151123	0.0	0.0	0.0	0.0	0.0	0.0	1.03241765499115	0.0	0.0	2.823660135269165	3.0505402088165283	0.0	2.174489736557007	1.2781628370285034	0.0	0.0	2.982316493988037	2.511122941970825	4.729141712188721	0.0	2.521984100341797	0.0	2.601947546005249	0.0	0.0	0.0	3.691370964050293	0.0	0.0	0.0	0.0	0.0	0.0	0.0	1.9580776691436768	3.792793035507202	0.0	0.0	0.0	0.0	0.0	0.0	1.8113187551498413	0.0	0.0	0.0	3.716116189956665	0.0	4.368536949157715	0.0	3.2866997718811035	0.0	1.4706783294677734	0.0	0.0	0.0
3.3233044147491455	0.0	3.3684513568878174	0.0	0.0	3.277097463607788	3.6472091674804688	1.4923524856567383	0.0	0.0	2.5526881217956543	2.4670045375823975	3.4014575481414795	0.0	0.0	0.0	0.0	3.691943883895874	3.080726146697998	2.185248374938965	0.0	0.0	0.0	3.3232717514038086	0.0	0.0	0.0	0.0	0.0	4.719180107116699	6.478891372680664	2.988084316253662	0.0	0.0	0.0	0.0	0.0	0.0	0.0	5.79583215713501	0.0	2.7907676696777344	0.0	0.0	7.463972091674805	0.0	4.552992820739746	3.3757030963897705	1.9909582138061523	2.212568759918213	0.0	0.0	0.0	2.060528039932251	2.5492985248565674	0.0	3.520986795425415	0.0	0.0	3.614126205444336	0.0	0.0	0.0	0.0	0.0	0.0	0.0	0.0	0.0	0.0	3.383347511291504	4.396821975708008	0.0	0.0	0.0	0.0	0.0	0.0	1.6770216226577759	0.0	0.0	3.2086524963378906	3.5189387798309326	0.0	2.419288158416748	0.8563116192817688	0.0	0.0	3.158090829849243	2.913280963897705	4.741850852966309	0.0	2.3366928100585938	0.0	2.3044729232788086	0.0	0.0	0.0	3.620900869369507	0.0	0.0	0.0	0.0	0.0	0.0	0.0	2.554795503616333	3.9404077529907227	0.0	0.0	0.0	0.0	0.0	0.0	2.121479034423828	0.0	0.0	0.0	4.653196334838867	0.0	5.027695655822754	0.0	3.6718239784240723	0.0	1.4331485033035278	0.0	0.0	0.0
3.4159011840820312	0.0	3.7761433124542236	0.0	0.0	3.542146921157837	3.8774771690368652	1.4992479085922241	0.0	0.0	2.818103075027466	2.4585466384887695	3.37190580368042	0.0	0.0	0.0	0.0	3.89805006980896	2.9263854026794434	2.456948757171631	0.0	0.0	0.0	3.508761405944824	0.0	0.0	0.0	0.0	0.0	4.909668445587158	6.798792839050293	2.742130994796753	0.0	0.0	0.0	0.0	0.0	0.0	0.0	5.652016639709473	0.0	2.392056465148926	0.0	0.0	7.7209649085998535	0.0	4.737797737121582	3.400073289871216	1.7028834819793701	2.12389874458313	0.0	0.0	0.0	2.2811472415924072	2.4209301471710205	0.0	3.602532148361206	0.0	0.0	3.7371826171875	0.0	0.0	0.0	0.0	0.0	0.0	0.0	0.0	0.0	0.0	3.003570556640625	4.4614338874816895	0.0	0.0	0.0	0.0	0.0	0.0	1.6717644929885864	0.0	0.0	3.242417335510254	3.432331085205078	0.0	2.750082015991211	1.1276154518127441	0.0	0.0	2.7759835720062256	2.5983405113220215	4.91490364074707	0.0	2.9741573333740234	0.0	2.4338760375976562	0.0	0.0	0.0	3.5883560180664062	0.0	0.0	0.0	0.0	0.0	0.0	0.0	2.3292601108551025	3.7450921535491943	0.0	0.0	0.0	0.0	0.0	0.0	1.999803066253662	0.0	0.0	0.0	4.624768257141113	0.0	5.137343883514404	0.0	3.91512131690979	0.0	1.4116402864456177	0.0	0.0	0.0
3.848705768585205	0.0	3.560602903366089	0.0	0.0	3.135448932647705	3.2152416706085205	1.499945044517517	0.0	0.0	2.7793478965759277	2.534705400466919	3.4053564071655273	0.0	0.0	0.0	0.0	3.370910882949829	2.8530149459838867	2.3668367862701416	0.0	0.0	0.0	3.6806392669677734	0.0	0.0	0.0	0.0	0.0	4.860317230224609	6.677055835723877	2.6842715740203857	0.0	0.0	0.0	0.0	0.0	0.0	0.0	5.409893035888672	0.0	2.633883237838745	0.0	0.0	7.88894510269165	0.0	4.50238561630249	3.0455434322357178	2.3209853172302246	1.7351797819137573	0.0	0.0	0.0	2.3571465015411377	2.718275547027588	0.0	3.3654487133026123	0.0	0.0	3.463870048522949	0.0	0.0	0.0	0.0	0.0	0.0	0.0	0.0	0.0	0.0	3.038846969604492	3.925686836242676	0.0	0.0	0.0	0.0	0.0	0.0	1.1029019355773926	0.0	0.0	2.9908645153045654	3.192101001739502	0.0	2.4268016815185547	1.134382724761963	0.0	0.0	2.946254253387451	2.660130262374878	4.817986965179443	0.0	2.8505139350891113	0.0	2.4863059520721436	0.0	0.0	0.0	3.601698875427246	0.0	0.0	0.0	0.0	0.0	0.0	0.0	1.8847512006759644	3.9756438732147217	0.0	0.0	0.0	0.0	0.0	0.0	2.024759531021118	0.0	0.0	0.0	3.9140496253967285	0.0	4.5328369140625	0.0	3.423496961593628	0.0	1.604171633720398	0.0	0.0	0.0
3.432344913482666	0.0	3.2598509788513184	0.0	0.0	3.2357232570648193	3.6020925045013428	1.8760348558425903	0.0	0.0	2.7704367637634277	2.5494470596313477	3.9125943183898926	0.0	0.0	0.0	0.0	3.527733564376831	3.0958168506622314	2.3043832778930664	0.0	0.0	0.0	3.5524306297302246	0.0	0.0	0.0	0.0	0.0	4.818475246429443	6.408642292022705	2.6428911685943604	0.0	0.0	0.0	0.0	0.0	0.0	0.0	5.665533542633057	0.0	2.6889169216156006	0.0	0.0	7.570723533630371	0.0	4.377511024475098	3.3294413089752197	2.132507801055908	2.3945183753967285	0.0	0.0	0.0	2.067441701889038	2.2181005477905273	0.0	3.3271327018737793	0.0	0.0	3.4376397132873535	0.0	0.0	0.0	0.0	0.0	0.0	0.0	0.0	0.0	0.0	3.009167194366455	4.139845848083496	0.0	0.0	0.0	0.0	0.0	0.0	1.0301944017410278	0.0	0.0	3.1944186687469482	3.4729397296905518	0.0	2.4885916709899902	0.6530908942222595	0.0	0.0	2.91498064994812	2.622004747390747	4.9229960441589355	0.0	1.958235502243042	0.0	2.357140064239502	0.0	0.0	0.0	3.369675874710083	0.0	0.0	0.0	0.0	0.0	0.0	0.0	2.238321542739868	3.947934627532959	0.0	0.0	0.0	0.0	0.0	0.0	2.2213752269744873	0.0	0.0	0.0	4.490279197692871	0.0	4.8142571449279785	0.0	3.6008448600769043	0.0	1.8028372526168823	0.0	0.0	0.0
2.025177240371704	0.0	3.18155574798584	0.0	0.0	4.767462253570557	3.1251327991485596	1.7277518510818481	0.0	0.0	2.444395065307617	2.330443859100342	2.159890651702881	0.0	0.0	0.0	0.0	5.585999965667725	3.7434580326080322	1.1799432039260864	0.0	0.0	0.0	2.753679037094116	0.0	0.0	0.0	0.0	0.0	4.049842357635498	6.561523914337158	1.852726936340332	0.0	0.0	0.0	0.0	0.0	0.0	0.0	6.9934821128845215	0.0	3.764930486679077	0.0	0.0	7.7074432373046875	0.0	5.261792182922363	4.785984039306641	1.7064982652664185	4.024951457977295	0.0	0.0	0.0	2.281773567199707	1.9536666870117188	0.0	3.740739583969116	0.0	0.0	5.276961326599121	0.0	0.0	0.0	0.0	0.0	0.0	0.0	0.0	0.0	0.0	3.845771551132202	4.77708625793457	0.0	0.0	0.0	0.0	0.0	0.0	4.398740768432617	0.0	0.0	2.729745388031006	3.7736079692840576	0.0	2.255887269973755	1.2603079080581665	0.0	0.0	2.543325185775757	3.242443799972534	4.622725486755371	0.0	1.015841007232666	0.0	1.7469409704208374	0.0	0.0	0.0	3.7650625705718994	0.0	0.0	0.0	0.0	0.0	0.0	0.0	1.8875759840011597	3.28952956199646	0.0	0.0	0.0	0.0	0.0	0.0	2.7479889392852783	0.0	0.0	0.0	6.476867198944092	0.0	6.7253875732421875	0.0	5.345606327056885	0.0	1.280233383178711	0.0	0.0	0.0
3.5966055393218994	0.0	3.4881722927093506	0.0	0.0	3.2760353088378906	3.5638816356658936	1.5924164056777954	0.0	0.0	2.7971692085266113	2.632969379425049	3.3933942317962646	0.0	0.0	0.0	0.0	3.4035940170288086	3.1489462852478027	2.03676176071167	0.0	0.0	0.0	3.729363441467285	0.0	0.0	0.0	0.0	0.0	5.137885093688965	6.863226413726807	2.9420053958892822	0.0	0.0	0.0	0.0	0.0	0.0	0.0	5.462468147277832	0.0	2.766636610031128	0.0	0.0	7.653207302093506	0.0	4.728023529052734	3.248072385787964	2.1602587699890137	2.090543270111084	0.0	0.0	0.0	2.3810784816741943	2.7025833129882812	0.0	3.626275062561035	0.0	0.0	3.5267131328582764	0.0	0.0	0.0	0.0	0.0	0.0	0.0	0.0	0.0	0.0	3.169238328933716	4.488811016082764	0.0	0.0	0.0	0.0	0.0	0.0	1.4418838024139404	0.0	0.0	3.3061680793762207	3.312544345855713	0.0	2.6063146591186523	0.9888067841529846	0.0	0.0	3.153869867324829	2.631701707839966	4.7799296379089355	0.0	2.993335485458374	0.0	2.3448898792266846	0.0	0.0	0.0	3.6196951866149902	0.0	0.0	0.0	0.0	0.0	0.0	0.0	1.956771969795227	3.9076180458068848	0.0	0.0	0.0	0.0	0.0	0.0	2.045836925506592	0.0	0.0	0.0	4.40194845199585	0.0	4.786831855773926	0.0	4.034003734588623	0.0	1.3743194341659546	0.0	0.0	0.0
2.1613669395446777	0.0	3.6010844707489014	0.0	0.0	3.8886404037475586	3.6767258644104004	1.262382984161377	0.0	0.0	1.5364422798156738	2.321506977081299	2.6137425899505615	0.0	0.0	0.0	0.0	5.033875465393066	3.4973528385162354	1.5732777118682861	0.0	0.0	0.0	2.2893919944763184	0.0	0.0	0.0	0.0	0.0	4.084417343139648	5.7195563316345215	2.586393117904663	0.0	0.0	0.0	0.0	0.0	0.0	0.0	7.081325531005859	0.0	3.5020275115966797	0.0	0.0	7.263818740844727	0.0	4.9241485595703125	4.4977126121521	1.5977134704589844	3.220034599304199	0.0	0.0	0.0	1.7529349327087402	1.9091055393218994	0.0	3.36032772064209	0.0	0.0	4.550490379333496	0.0	0.0	0.0	0.0	0.0	0.0	0.0	0.0	0.0	0.0	4.014674186706543	4.835721969604492	0.0	0.0	0.0	0.0	0.0	0.0	3.612752676010132	0.0	0.0	3.029792547225952	3.8776471614837646	0.0	2.3373825550079346	1.0641156435012817	0.0	0.0	2.8540241718292236	3.5858876705169678	4.471400260925293	0.0	0.9277889728546143	0.0	2.1306631565093994	0.0	0.0	0.0	3.3622255325317383	0.0	0.0	0.0	0.0	0.0	0.0	0.0	2.925309181213379	3.762903928756714	0.0	0.0	0.0	0.0	0.0	0.0	2.3960132598876953	0.0	0.0	0.0	6.277058124542236	0.0	6.3787736892700195	0.0	4.206820011138916	0.0	1.42769193649292	0.0	0.0	0.0
4.016709804534912	0.0	3.564750909805298	0.0	0.0	3.429008722305298	3.034026861190796	1.8996981382369995	0.0	0.0	2.5400404930114746	2.888615369796753	2.6632704734802246	0.0	0.0	0.0	0.0	3.3260385990142822	2.744826555252075	1.1551200151443481	0.0	0.0	0.0	3.7733571529388428	0.0	0.0	0.0	0.0	0.0	4.805585861206055	6.750794887542725	2.2505853176116943	0.0	0.0	0.0	0.0	0.0	0.0	0.0	5.281455993652344	0.0	3.048487663269043	0.0	0.0	7.622163772583008	0.0	5.060522079467773	3.2563891410827637	2.307692289352417	1.4371072053909302	0.0	0.0	0.0	2.514188766479492	2.7108373641967773	0.0	3.2273292541503906	0.0	0.0	3.6008293628692627	0.0	0.0	0.0	0.0	0.0	0.0	0.0	0.0	0.0	0.0	3.694037437438965	3.8784568309783936	0.0	0.0	0.0	0.0	0.0	0.0	1.39603590965271	0.0	0.0	2.8212270736694336	2.7115962505340576	0.0	2.334153413772583	1.7838218212127686	0.0	0.0	3.3850033283233643	3.1173017024993896	4.651546955108643	0.0	2.3348004817962646	0.0	2.5355679988861084	0.0	0.0	0.0	3.8961994647979736	0.0	0.0	0.0	0.0	0.0	0.0	0.0	1.4033498764038086	3.442722797393799	0.0	0.0	0.0	0.0	0.0	0.0	2.049293041229248	0.0	0.0	0.0	3.945941209793091	0.0	4.952974319458008	0.0	4.158628463745117	0.0	1.240329623222351	0.0	0.0	0.0
2.6891703605651855	0.0	3.290498733520508	0.0	0.0	3.699765205383301	3.302537202835083	1.4429559707641602	0.0	0.0	2.0394206047058105	2.456526756286621	2.8926498889923096	0.0	0.0	0.0	0.0	4.395256996154785	3.355766534805298	1.6821411848068237	0.0	0.0	0.0	2.8290252685546875	0.0	0.0	0.0	0.0	0.0	4.200409412384033	6.228100299835205	2.485889196395874	0.0	0.0	0.0	0.0	0.0	0.0	0.0	6.537832260131836	0.0	3.6399037837982178	0.0	0.0	7.452851295471191	0.0	4.821194648742676	4.193617343902588	1.7917673587799072	3.0776515007019043	0.0	0.0	0.0	2.213433027267456	2.3771774768829346	0.0	3.441087245941162	0.0	0.0	4.259026050567627	0.0	0.0	0.0	0.0	0.0	0.0	0.0	0.0	0.0	0.0	3.824262857437134	4.70272970199585	0.0	0.0	0.0	0.0	0.0	0.0	2.8138303756713867	0.0	0.0	2.920930862426758	3.7334985733032227	0.0	2.2964327335357666	0.8883669972419739	0.0	0.0	2.953073501586914	3.140139579772949	4.678524971008301	0.0	1.2585004568099976	0.0	2.08109188079834	0.0	0.0	0.0	3.68036150932312	0.0	0.0	0.0	0.0	0.0	0.0	0.0	2.2200353145599365	3.726519823074341	0.0	0.0	0.0	0.0	0.0	0.0	2.5091025829315186	0.0	0.0	0.0	5.621652126312256	0.0	5.926848888397217	0.0	4.60776948928833	0.0	1.4452680349349976	0.0	0.0	0.0
3.3407065868377686	0.0	3.679645299911499	0.0	0.0	2.618966579437256	3.771336555480957	1.1481190919876099	0.0	0.0	1.9713232517242432	2.927276849746704	3.905529022216797	0.0	0.0	0.0	0.0	3.4716079235076904	3.032123565673828	1.0630050897598267	0.0	0.0	0.0	3.2176902294158936	0.0	0.0	0.0	0.0	0.0	4.543766021728516	5.695899963378906	3.0980522632598877	0.0	0.0	0.0	0.0	0.0	0.0	0.0	5.919522285461426	0.0	3.8063430786132812	0.0	0.0	6.943469047546387	0.0	4.8596673011779785	3.984955310821533	1.8467158079147339	2.9842469692230225	0.0	0.0	0.0	2.0701181888580322	2.6707546710968018	0.0	3.627511978149414	0.0	0.0	3.3797361850738525	0.0	0.0	0.0	0.0	0.0	0.0	0.0	0.0	0.0	0.0	4.076202869415283	4.568215370178223	0.0	0.0	0.0	0.0	0.0	0.0	1.4957112073898315	0.0	0.0	3.298640251159668	3.661517381668091	0.0	3.119155168533325	0.36759915947914124	0.0	0.0	3.596652030944824	3.6876320838928223	5.218222141265869	0.0	1.8481253385543823	0.0	2.4889678955078125	0.0	0.0	0.0	3.30619740486145	0.0	0.0	0.0	0.0	0.0	0.0	0.0	1.717185616493225	4.143510818481445	0.0	0.0	0.0	0.0	0.0	0.0	2.6139779090881348	0.0	0.0	0.0	5.490957736968994	0.0	5.753515243530273	0.0	5.301596641540527	0.0	1.2081899642944336	0.0	0.0	0.0
4.107754230499268	0.0	3.3054428100585938	0.0	0.0	3.3054757118225098	3.1622347831726074	1.3789045810699463	0.0	0.0	2.982762575149536	2.401315450668335	3.717721939086914	0.0	0.0	0.0	0.0	3.494741916656494	2.7805633544921875	2.9938552379608154	0.0	0.0	0.0	4.016135215759277	0.0	0.0	0.0	0.0	0.0	4.852989673614502	6.718010425567627	2.6522786617279053	0.0	0.0	0.0	0.0	0.0	0.0	0.0	5.424281597137451	0.0	2.228679656982422	0.0	0.0	8.142657279968262	0.0	4.2950873374938965	2.8508591651916504	2.635939359664917	1.2061103582382202	0.0	0.0	0.0	2.442046880722046	2.7561888694763184	0.0	3.371229887008667	0.0	0.0	3.6329360008239746	0.0	0.0	0.0	0.0	0.0	0.0	0.0	0.0	0.0	0.0	2.704822540283203	3.6243035793304443	0.0	0.0	0.0	0.0	0.0	0.0	1.138825535774231	0.0	0.0	2.9938716888427734	3.266469717025757	0.0	2.287604808807373	1.0734933614730835	0.0	0.0	2.790916681289673	2.5640599727630615	4.830106735229492	0.0	2.823507308959961	0.0	2.420672655105591	0.0	0.0	0.0	3.9105396270751953	0.0	0.0	0.0	0.0	0.0	0.0	0.0	2.1980392932891846	3.967059373855591	0.0	0.0	0.0	0.0	0.0	0.0	1.967202067375183	0.0	0.0	0.0	3.8622303009033203	0.0	4.581689834594727	0.0	3.110048770904541	0.0	1.6593451499938965	0.0	0.0	0.0
3.3117988109588623	0.0	3.35353422164917	0.0	0.0	4.201608657836914	4.209580898284912	1.6330021619796753	0.0	0.0	2.373243808746338	2.1763756275177	4.666200160980225	0.0	0.0	0.0	0.0	5.056793212890625	3.8355319499969482	3.172494649887085	0.0	0.0	0.0	3.3748393058776855	0.0	0.0	0.0	0.0	0.0	4.988675594329834	6.684138298034668	2.6816444396972656	0.0	0.0	0.0	0.0	0.0	0.0	0.0	7.480681419372559	0.0	2.1704657077789307	0.0	0.0	7.9745402336120605	0.0	4.531048774719238	3.8842968940734863	3.695986747741699	3.2602570056915283	0.0	0.0	0.0	1.552463173866272	1.0346531867980957	0.0	3.032367706298828	0.0	0.0	4.083987236022949	0.0	0.0	0.0	0.0	0.0	0.0	0.0	0.0	0.0	0.0	3.2234256267547607	4.77743673324585	0.0	0.0	0.0	0.0	0.0	0.0	2.280050039291382	0.0	0.0	4.15669059753418	3.6420645713806152	0.0	2.50862193107605	0.4761830270290375	0.0	0.0	2.385753631591797	3.154940128326416	5.576868534088135	0.0	0.7285417914390564	0.0	2.23582124710083	0.0	0.0	0.0	3.045220136642456	0.0	0.0	0.0	0.0	0.0	0.0	0.0	4.18980598449707	4.711353778839111	0.0	0.0	0.0	0.0	0.0	0.0	2.320673942565918	0.0	0.0	0.0	6.143860816955566	0.0	5.141151428222656	0.0	2.8486886024475098	0.0	2.6336076259613037	0.0	0.0	0.0
3.506549835205078	0.0	3.248831033706665	0.0	0.0	3.2753679752349854	3.639220952987671	1.633795976638794	0.0	0.0	2.8006489276885986	2.443922519683838	3.6748428344726562	0.0	0.0	0.0	0.0	3.4933018684387207	2.997129201889038	2.6888577938079834	0.0	0.0	0.0	3.4990246295928955	0.0	0.0	0.0	0.0	0.0	4.827515125274658	6.561130523681641	2.88334059715271	0.0	0.0	0.0	0.0	0.0	0.0	0.0	5.643452167510986	0.0	2.3979156017303467	0.0	0.0	7.57573938369751	0.0	4.455179691314697	3.0815958976745605	2.298677682876587	1.850174903869629	0.0	0.0	0.0	2.0666568279266357	2.369138240814209	0.0	3.400496006011963	0.0	0.0	3.4145689010620117	0.0	0.0	0.0	0.0	0.0	0.0	0.0	0.0	0.0	0.0	3.0250654220581055	4.133650302886963	0.0	0.0	0.0	0.0	0.0	0.0	1.2280458211898804	0.0	0.0	3.193295955657959	3.400275707244873	0.0	2.3853862285614014	0.8084254264831543	0.0	0.0	2.951568126678467	2.6140506267547607	4.701263427734375	0.0	2.329023838043213	0.0	2.384772539138794	0.0	0.0	0.0	3.6629254817962646	0.0	0.0	0.0	0.0	0.0	0.0	0.0	2.5585403442382812	4.134299278259277	0.0	0.0	0.0	0.0	0.0	0.0	1.9288119077682495	0.0	0.0	0.0	4.264595985412598	0.0	4.551392555236816	0.0	3.2213473320007324	0.0	1.752791166305542	0.0	0.0	0.0
3.3965420722961426	0.0	3.1893556118011475	0.0	0.0	3.6694860458374023	3.875861644744873	2.0339813232421875	0.0	0.0	2.8188581466674805	2.5287201404571533	3.6685943603515625	0.0	0.0	0.0	0.0	3.6235671043395996	3.2881619930267334	2.2826054096221924	0.0	0.0	0.0	3.288675546646118	0.0	0.0	0.0	0.0	0.0	5.1046624183654785	7.025611400604248	2.801377773284912	0.0	0.0	0.0	0.0	0.0	0.0	0.0	6.009889602661133	0.0	2.6036996841430664	0.0	0.0	7.544630527496338	0.0	4.868935585021973	3.601685047149658	2.1776504516601562	2.441357374191284	0.0	0.0	0.0	2.243708848953247	2.2368998527526855	0.0	3.3666014671325684	0.0	0.0	3.682687520980835	0.0	0.0	0.0	0.0	0.0	0.0	0.0	0.0	0.0	0.0	3.0622739791870117	4.4701361656188965	0.0	0.0	0.0	0.0	0.0	0.0	1.3512027263641357	0.0	0.0	3.2626848220825195	3.411656618118286	0.0	2.361144781112671	0.9496102333068848	0.0	0.0	3.139173984527588	2.574861764907837	4.7313971519470215	0.0	1.6738775968551636	0.0	2.1177051067352295	0.0	0.0	0.0	3.6617939472198486	0.0	0.0	0.0	0.0	0.0	0.0	0.0	2.5609488487243652	3.9645965099334717	0.0	0.0	0.0	0.0	0.0	0.0	2.0975613594055176	0.0	0.0	0.0	4.579120635986328	0.0	4.878244876861572	0.0	3.503227949142456	0.0	1.991064429283142	0.0	0.0	0.0
3.7310996055603027	0.0	3.5783700942993164	0.0	0.0	3.316763401031494	3.2227532863616943	1.5918760299682617	0.0	0.0	3.007643938064575	2.43097186088562	3.257744312286377	0.0	0.0	0.0	0.0	3.649732828140259	2.666334390640259	2.640855073928833	0.0	0.0	0.0	3.5952706336975098	0.0	0.0	0.0	0.0	0.0	4.8655924797058105	6.6463847160339355	2.615354061126709	0.0	0.0	0.0	0.0	0.0	0.0	0.0	5.559368133544922	0.0	2.3037970066070557	0.0	0.0	8.055015563964844	0.0	4.428278923034668	2.8445630073547363	1.9244415760040283	1.5526995658874512	0.0	0.0	0.0	2.2129926681518555	2.395545244216919	0.0	3.261598825454712	0.0	0.0	3.336765766143799	0.0	0.0	0.0	0.0	0.0	0.0	0.0	0.0	0.0	0.0	2.7068300247192383	3.9615204334259033	0.0	0.0	0.0	0.0	0.0	0.0	1.0226877927780151	0.0	0.0	2.8639745712280273	3.2931323051452637	0.0	2.2962658405303955	1.0324839353561401	0.0	0.0	2.6457769870758057	2.3391027450561523	4.916012287139893	0.0	2.6142194271087646	0.0	2.571293354034424	0.0	0.0	0.0	3.7141826152801514	0.0	0.0	0.0	0.0	0.0	0.0	0.0	2.104971170425415	3.8241913318634033	0.0	0.0	0.0	0.0	0.0	0.0	1.8977036476135254	0.0	0.0	0.0	3.92919921875	0.0	4.399801731109619	0.0	3.3676185607910156	0.0	1.3869298696517944	0.0	0.0	0.0
4.852672576904297	0.0	3.786768913269043	0.0	0.0	3.365997791290283	2.0811305046081543	2.1454827785491943	0.0	0.0	2.2780816555023193	3.0824804306030273	2.4807400703430176	0.0	0.0	0.0	0.0	3.2144739627838135	2.3215816020965576	0.656343936920166	0.0	0.0	0.0	4.155263423919678	0.0	0.0	0.0	0.0	0.0	4.851385593414307	7.038207530975342	2.1524434089660645	0.0	0.0	0.0	0.0	0.0	0.0	0.0	5.9291839599609375	0.0	3.7605948448181152	0.0	0.0	8.292550086975098	0.0	5.233991622924805	3.0656015872955322	3.372762680053711	0.75432288646698	0.0	0.0	0.0	2.5189273357391357	3.1856274604797363	0.0	2.8882787227630615	0.0	0.0	3.6633336544036865	0.0	0.0	0.0	0.0	0.0	0.0	0.0	0.0	0.0	0.0	5.025330066680908	3.4869794845581055	0.0	0.0	0.0	0.0	0.0	0.0	1.4820321798324585	0.0	0.0	2.6518073081970215	2.2520949840545654	0.0	1.5928678512573242	2.4519968032836914	0.0	0.0	4.299350261688232	4.193452835083008	4.876086235046387	0.0	1.7748197317123413	0.0	2.7593283653259277	0.0	0.0	0.0	4.776525020599365	0.0	0.0	0.0	0.0	0.0	0.0	0.0	1.1322882175445557	3.2418482303619385	0.0	0.0	0.0	0.0	0.0	0.0	2.2710680961608887	0.0	0.0	0.0	3.709904432296753	0.0	4.994212627410889	0.0	4.1998209953308105	0.0	1.2841395139694214	0.0	0.0	0.0
3.788321018218994	0.0	3.492992401123047	0.0	0.0	3.232572317123413	3.3737728595733643	1.7267436981201172	0.0	0.0	2.7908520698547363	2.551966905593872	3.5324923992156982	0.0	0.0	0.0	0.0	3.552424669265747	2.898226261138916	2.573640823364258	0.0	0.0	0.0	3.7492387294769287	0.0	0.0	0.0	0.0	0.0	4.989636421203613	6.762784004211426	2.6097192764282227	0.0	0.0	0.0	0.0	0.0	0.0	0.0	5.603260517120361	0.0	2.5254275798797607	0.0	0.0	8.083794593811035	0.0	4.522080421447754	3.067560911178589	2.190216302871704	1.741524577140808	0.0	0.0	0.0	2.23045015335083	2.6249217987060547	0.0	3.4188334941864014	0.0	0.0	3.5758602619171143	0.0	0.0	0.0	0.0	0.0	0.0	0.0	0.0	0.0	0.0	3.0798704624176025	4.124441146850586	0.0	0.0	0.0	0.0	0.0	0.0	1.0573084354400635	0.0	0.0	3.170056104660034	3.23004150390625	0.0	2.399336099624634	1.1379562616348267	0.0	0.0	2.9339852333068848	2.5823121070861816	4.928727149963379	0.0	2.791722059249878	0.0	2.4480838775634766	0.0	0.0	0.0	3.684450387954712	0.0	0.0	0.0	0.0	0.0	0.0	0.0	2.077773094177246	3.8413188457489014	0.0	0.0	0.0	0.0	0.0	0.0	2.096808910369873	0.0	0.0	0.0	4.074155330657959	0.0	4.704490661621094	0.0	3.3395040035247803	0.0	1.663055181503296	0.0	0.0	0.0
3.3310036659240723	0.0	3.7034687995910645	0.0	0.0	3.3214714527130127	3.773993730545044	1.3222068548202515	0.0	0.0	2.5039713382720947	2.547231435775757	2.82499623298645	0.0	0.0	0.0	0.0	3.4064085483551025	2.81555438041687	1.73723566532135	0.0	0.0	0.0	3.2855637073516846	0.0	0.0	0.0	0.0	0.0	4.667112827301025	6.427033424377441	3.095982313156128	0.0	0.0	0.0	0.0	0.0	0.0	0.0	5.272414684295654	0.0	2.9354910850524902	0.0	0.0	7.112512111663818	0.0	4.777540683746338	3.2768237590789795	1.5812404155731201	1.8559372425079346	0.0	0.0	0.0	2.496769428253174	2.2581207752227783	0.0	3.632499933242798	0.0	0.0	3.3140265941619873	0.0	0.0	0.0	0.0	0.0	0.0	0.0	0.0	0.0	0.0	3.38496994972229	4.34608268737793	0.0	0.0	0.0	0.0	0.0	0.0	1.7071363925933838	0.0	0.0	3.0558834075927734	3.291435480117798	0.0	2.6478445529937744	0.8857881426811218	0.0	0.0	3.2183268070220947	2.998380184173584	4.642182350158691	0.0	2.786729574203491	0.0	2.504005193710327	0.0	0.0	0.0	3.473043918609619	0.0	0.0	0.0	0.0	0.0	0.0	0.0	2.013890266418457	3.839210033416748	0.0	0.0	0.0	0.0	0.0	0.0	1.7647405862808228	0.0	0.0	0.0	4.481651306152344	0.0	5.057519435882568	0.0	4.334598064422607	0.0	0.8670803308486938	0.0	0.0	0.0
3.4610257148742676	0.0	3.7257678508758545	0.0	0.0	3.4565999507904053	3.8105056285858154	1.2341374158859253	0.0	0.0	2.2013189792633057	2.343705177307129	3.641864538192749	0.0	0.0	0.0	0.0	4.382058143615723	3.1670401096343994	2.3809070587158203	0.0	0.0	0.0	3.0860238075256348	0.0	0.0	0.0	0.0	0.0	4.8742899894714355	6.209708213806152	3.1760263442993164	0.0	0.0	0.0	0.0	0.0	0.0	0.0	7.0237860679626465	0.0	2.8155362606048584	0.0	0.0	7.423118591308594	0.0	4.564859867095947	3.4958243370056152	2.5354013442993164	2.644243001937866	0.0	0.0	0.0	1.707905650138855	1.5351933240890503	0.0	3.170499324798584	0.0	0.0	3.5040180683135986	0.0	0.0	0.0	0.0	0.0	0.0	0.0	0.0	0.0	0.0	3.8427207469940186	4.646600246429443	0.0	0.0	0.0	0.0	0.0	0.0	2.511706829071045	0.0	0.0	3.77195143699646	3.9188523292541504	0.0	2.597994327545166	0.5952625274658203	0.0	0.0	3.1044700145721436	3.663790702819824	5.261738300323486	0.0	1.7145050764083862	0.0	2.4911367893218994	0.0	0.0	0.0	3.463118076324463	0.0	0.0	0.0	0.0	0.0	0.0	0.0	3.5437510013580322	4.232191562652588	0.0	0.0	0.0	0.0	0.0	0.0	2.3190579414367676	0.0	0.0	0.0	5.621878623962402	0.0	5.559410572052002	0.0	3.863095760345459	0.0	1.4020841121673584	0.0	0.0	0.0
3.750478506088257	0.0	4.381889820098877	0.0	0.0	5.286742210388184	2.0680980682373047	2.5724124908447266	0.0	0.0	3.4426374435424805	2.845720052719116	0.8637461066246033	0.0	0.0	0.0	0.0	5.3079118728637695	2.1773202419281006	0.23531167209148407	0.0	0.0	0.0	3.7100720405578613	0.0	0.0	0.0	0.0	0.0	5.080995082855225	8.67822265625	1.4453794956207275	0.0	0.0	0.0	0.0	0.0	0.0	0.0	7.246279716491699	0.0	3.3649964332580566	0.0	0.0	9.188187599182129	0.0	6.153452396392822	3.9191973209381104	0.9013574123382568	3.0059993267059326	0.0	0.0	0.0	3.0866775512695312	1.974418044090271	0.0	2.7178823947906494	0.0	0.0	4.456541538238525	0.0	0.0	0.0	0.0	0.0	0.0	0.0	0.0	0.0	0.0	4.49411153793335	4.752891540527344	0.0	0.0	0.0	0.0	0.0	0.0	3.4531147480010986	0.0	0.0	2.4185385704040527	2.841001033782959	0.0	1.7943419218063354	2.558182954788208	0.0	0.0	2.7798469066619873	2.7542288303375244	5.682667255401611	0.0	1.1320267915725708	0.0	2.725956916809082	0.0	0.0	0.0	5.339687347412109	0.0	0.0	0.0	0.0	0.0	0.0	0.0	1.07432222366333	2.039531946182251	0.0	0.0	0.0	0.0	0.0	0.0	2.7554104328155518	0.0	0.0	0.0	5.085672378540039	0.0	6.029082775115967	0.0	6.461811065673828	0.0	0.09538412094116211	0.0	0.0	0.0
3.235858201980591	0.0	3.3713669776916504	0.0	0.0	3.3123276233673096	3.377114772796631	1.450628638267517	0.0	0.0	2.364292621612549	2.466181993484497	3.7509922981262207	0.0	0.0	0.0	0.0	4.222910404205322	3.005272388458252	2.146022081375122	0.0	0.0	0.0	2.987311601638794	0.0	0.0	0.0	0.0	0.0	4.164318084716797	5.9640727043151855	2.4519479274749756	0.0	0.0	0.0	0.0	0.0	0.0	0.0	6.316451549530029	0.0	3.2828290462493896	0.0	0.0	7.442587852478027	0.0	4.630871295928955	3.9953970909118652	1.992319941520691	2.952456474304199	0.0	0.0	0.0	1.9766414165496826	2.044487714767456	0.0	3.305755615234375	0.0	0.0	3.7007575035095215	0.0	0.0	0.0	0.0	0.0	0.0	0.0	0.0	0.0	0.0	3.5585734844207764	4.2872090339660645	0.0	0.0	0.0	0.0	0.0	0.0	1.735831618309021	0.0	0.0	2.9372754096984863	3.827183961868286	0.0	2.5645406246185303	0.41133517026901245	0.0	0.0	2.84485125541687	3.338948965072632	5.071005821228027	0.0	1.1671291589736938	0.0	2.409177541732788	0.0	0.0	0.0	3.4354798793792725	0.0	0.0	0.0	0.0	0.0	0.0	0.0	2.455580234527588	4.09882116317749	0.0	0.0	0.0	0.0	0.0	0.0	2.387007713317871	0.0	0.0	0.0	5.2741217613220215	0.0	5.563136577606201	0.0	4.435786724090576	0.0	1.6550288200378418	0.0	0.0	0.0
3.663119316101074	0.0	3.264806032180786	0.0	0.0	3.428471565246582	3.522148847579956	1.8043652772903442	0.0	0.0	2.771724224090576	2.5475282669067383	3.8573458194732666	0.0	0.0	0.0	0.0	3.45300030708313	3.0259876251220703	2.3881876468658447	0.0	0.0	0.0	3.3254125118255615	0.0	0.0	0.0	0.0	0.0	4.881798267364502	6.664942264556885	2.654930353164673	0.0	0.0	0.0	0.0	0.0	0.0	0.0	5.541665554046631	0.0	2.5155961513519287	0.0	0.0	7.6184282302856445	0.0	4.443859577178955	3.3162078857421875	2.185171604156494	2.0834901332855225	0.0	0.0	0.0	2.0051703453063965	2.5248591899871826	0.0	3.3427720069885254	0.0	0.0	3.5338311195373535	0.0	0.0	0.0	0.0	0.0	0.0	0.0	0.0	0.0	0.0	2.8472366333007812	4.125536918640137	0.0	0.0	0.0	0.0	0.0	0.0	0.8391033411026001	0.0	0.0	3.134895086288452	3.2435531616210938	0.0	2.3264195919036865	0.8605723977088928	0.0	0.0	2.9143500328063965	2.5283000469207764	4.807164669036865	0.0	2.1724014282226562	0.0	2.254741907119751	0.0	0.0	0.0	3.5122241973876953	0.0	0.0	0.0	0.0	0.0	0.0	0.0	2.532749652862549	3.8074607849121094	0.0	0.0	0.0	0.0	0.0	0.0	2.16087007522583	0.0	0.0	0.0	4.188949108123779	0.0	4.68075704574585	0.0	2.9817817211151123	0.0	2.012399911880493	0.0	0.0	0.0
5.773160934448242	0.0	5.06605339050293	0.0	0.0	4.701806545257568	1.7518868446350098	3.6731622219085693	0.0	0.0	3.1466033458709717	3.6640684604644775	1.603791356086731	0.0	0.0	0.0	0.0	3.596468925476074	1.4606877565383911	0.5232300758361816	0.0	0.0	0.0	4.376121997833252	0.0	0.0	0.0	0.0	0.0	6.133365631103516	9.555132865905762	1.5618358850479126	0.0	0.0	0.0	0.0	0.0	0.0	0.0	7.352620601654053	0.0	3.8099324703216553	0.0	0.0	10.400439262390137	0.0	6.164815425872803	3.087836980819702	0.9964978098869324	1.4772922992706299	0.0	0.0	0.0	3.024104118347168	3.6151249408721924	0.0	1.7528438568115234	0.0	0.0	3.4941656589508057	0.0	0.0	0.0	0.0	0.0	0.0	0.0	0.0	0.0	0.0	4.783245086669922	4.499622821807861	0.0	0.0	0.0	0.0	0.0	0.0	0.6610441207885742	0.0	0.0	2.5550355911254883	2.0083119869232178	0.0	1.1491782665252686	2.711705207824707	0.0	0.0	3.733821392059326	2.605621576309204	6.687080383300781	0.0	0.4181651771068573	0.0	3.8107118606567383	0.0	0.0	0.0	6.154065132141113	0.0	0.0	0.0	0.0	0.0	0.0	0.0	1.4097771644592285	2.385498523712158	0.0	0.0	0.0	0.0	0.0	0.0	3.736119031906128	0.0	0.0	0.0	3.4049510955810547	0.0	5.0462565422058105	0.0	5.005490303039551	0.0	1.3343610763549805	0.0	0.0	0.0
3.2612733840942383	0.0	3.829791784286499	0.0	0.0	3.5774450302124023	3.884291648864746	1.2663915157318115	0.0	0.0	2.3359053134918213	2.840773820877075	2.543658494949341	0.0	0.0	0.0	0.0	3.5030295848846436	3.3063504695892334	1.6523973941802979	0.0	0.0	0.0	3.8467209339141846	0.0	0.0	0.0	0.0	0.0	4.858314037322998	6.757585525512695	2.7155051231384277	0.0	0.0	0.0	0.0	0.0	0.0	0.0	4.933026313781738	0.0	2.621732711791992	0.0	0.0	7.2826104164123535	0.0	4.900559902191162	3.075007200241089	1.8556561470031738	1.4869483709335327	0.0	0.0	0.0	2.273587942123413	3.0630345344543457	0.0	3.941312789916992	0.0	0.0	3.7965686321258545	0.0	0.0	0.0	0.0	0.0	0.0	0.0	0.0	0.0	0.0	3.0445456504821777	4.352295398712158	0.0	0.0	0.0	0.0	0.0	0.0	2.0984606742858887	0.0	0.0	3.423682451248169	2.8239355087280273	0.0	2.9092845916748047	1.6063857078552246	0.0	0.0	2.7843003273010254	2.580155372619629	4.202663421630859	0.0	4.0112528800964355	0.0	2.234882354736328	0.0	0.0	0.0	3.6734619140625	0.0	0.0	0.0	0.0	0.0	0.0	0.0	2.1018903255462646	3.6989285945892334	0.0	0.0	0.0	0.0	0.0	0.0	1.8557054996490479	0.0	0.0	0.0	4.3385138511657715	0.0	5.207021713256836	0.0	4.420173645019531	0.0	0.7952116131782532	0.0	0.0	0.0
5.208881855010986	0.0	4.954113006591797	0.0	0.0	4.571489334106445	1.3234496116638184	2.9069149494171143	0.0	0.0	3.539449691772461	3.574847936630249	1.095094084739685	0.0	0.0	0.0	0.0	4.33425760269165	1.9489461183547974	0.0	0.0	0.0	0.0	4.935308933258057	0.0	0.0	0.0	0.0	0.0	6.200819969177246	9.530447959899902	1.7970876693725586	0.0	0.0	0.0	0.0	0.0	0.0	0.0	7.058633804321289	0.0	3.765660524368286	0.0	0.0	10.261093139648438	0.0	6.206382751464844	3.4635519981384277	1.269048810005188	2.33345627784729	0.0	0.0	0.0	3.388071060180664	2.8908987045288086	0.0	2.2109057903289795	0.0	0.0	3.816614866256714	0.0	0.0	0.0	0.0	0.0	0.0	0.0	0.0	0.0	0.0	4.930391788482666	4.633831024169922	0.0	0.0	0.0	0.0	0.0	0.0	2.3279941082000732	0.0	0.0	2.5008127689361572	2.325284004211426	0.0	1.9163192510604858	3.094764232635498	0.0	0.0	3.4808499813079834	2.640808343887329	6.622862815856934	0.0	1.9367237091064453	0.0	2.877493143081665	0.0	0.0	0.0	5.82582950592041	0.0	0.0	0.0	0.0	0.0	0.0	0.0	0.1965181678533554	2.1444907188415527	0.0	0.0	0.0	0.0	0.0	0.0	3.917020797729492	0.0	0.0	0.0	3.9494683742523193	0.0	5.726256370544434	0.0	6.985198020935059	0.0	0.09733742475509644	0.0	0.0	0.0
3.518798589706421	0.0	3.3799684047698975	0.0	0.0	3.6879615783691406	3.514286994934082	1.5721267461776733	0.0	0.0	3.167020320892334	2.372654914855957	4.02739953994751	0.0	0.0	0.0	0.0	4.333466053009033	3.0887482166290283	3.0607502460479736	0.0	0.0	0.0	3.4951584339141846	0.0	0.0	0.0	0.0	0.0	4.883050918579102	6.747822284698486	2.4949631690979004	0.0	0.0	0.0	0.0	0.0	0.0	0.0	5.806648254394531	0.0	2.219935178756714	0.0	0.0	8.366223335266113	0.0	4.478898048400879	3.424316167831421	2.346531867980957	2.328237771987915	0.0	0.0	0.0	2.1847012042999268	2.1057002544403076	0.0	3.5743987560272217	0.0	0.0	3.6682229042053223	0.0	0.0	0.0	0.0	0.0	0.0	0.0	0.0	0.0	0.0	2.6460916996002197	4.309131145477295	0.0	0.0	0.0	0.0	0.0	0.0	1.1610381603240967	0.0	0.0	3.2334935665130615	3.6725914478302	0.0	2.6109519004821777	0.8024176955223083	0.0	0.0	2.25553297996521	2.5174617767333984	5.3767523765563965	0.0	2.6621952056884766	0.0	2.375950813293457	0.0	0.0	0.0	3.2423691749572754	0.0	0.0	0.0	0.0	0.0	0.0	0.0	2.4936952590942383	4.106357097625732	0.0	0.0	0.0	0.0	0.0	0.0	1.9857358932495117	0.0	0.0	0.0	4.4915771484375	0.0	4.997862815856934	0.0	3.1123287677764893	0.0	1.8891468048095703	0.0	0.0	0.0
3.7026822566986084	0.0	3.489264965057373	0.0	0.0	3.5232222080230713	3.0741286277770996	1.8180400133132935	0.0	0.0	2.974998712539673	2.439262628555298	3.1485860347747803	0.0	0.0	0.0	0.0	3.6883411407470703	2.6061220169067383	2.486213445663452	0.0	0.0	0.0	3.6241114139556885	0.0	0.0	0.0	0.0	0.0	4.825787544250488	6.927999019622803	2.3896944522857666	0.0	0.0	0.0	0.0	0.0	0.0	0.0	5.723085880279541	0.0	2.369525671005249	0.0	0.0	8.192398071289062	0.0	4.5030293464660645	2.9469730854034424	1.9457738399505615	1.8626346588134766	0.0	0.0	0.0	2.2306878566741943	2.4957563877105713	0.0	3.1628007888793945	0.0	0.0	3.595860004425049	0.0	0.0	0.0	0.0	0.0	0.0	0.0	0.0	0.0	0.0	2.8645474910736084	3.99931263923645	0.0	0.0	0.0	0.0	0.0	0.0	1.3297890424728394	0.0	0.0	2.8457822799682617	3.2044758796691895	0.0	2.0818347930908203	1.188924789428711	0.0	0.0	2.701815128326416	2.3232038021087646	4.830166816711426	0.0	2.2690327167510986	0.0	2.5460596084594727	0.0	0.0	0.0	3.8717477321624756	0.0	0.0	0.0	0.0	0.0	0.0	0.0	2.1184587478637695	3.5814805030822754	0.0	0.0	0.0	0.0	0.0	0.0	2.0405664443969727	0.0	0.0	0.0	4.028609275817871	0.0	4.540966033935547	0.0	3.3760368824005127	0.0	1.4987341165542603	0.0	0.0	0.0
3.2668848037719727	0.0	3.7265114784240723	0.0	0.0	3.412818670272827	3.6122353076934814	1.0481425523757935	0.0	0.0	2.1941046714782715	2.725243091583252	2.8152096271514893	0.0	0.0	0.0	0.0	3.545902967453003	3.183929204940796	1.5373867750167847	0.0	0.0	0.0	3.392343521118164	0.0	0.0	0.0	0.0	0.0	4.746583461761475	6.485433101654053	3.0148983001708984	0.0	0.0	0.0	0.0	0.0	0.0	0.0	5.466591835021973	0.0	3.093626022338867	0.0	0.0	7.307404041290283	0.0	5.027874946594238	3.5006041526794434	2.069125175476074	1.9249440431594849	0.0	0.0	0.0	2.483198881149292	2.9009416103363037	0.0	3.891103744506836	0.0	0.0	3.791821002960205	0.0	0.0	0.0	0.0	0.0	0.0	0.0	0.0	0.0	0.0	3.6142008304595947	4.449451446533203	0.0	0.0	0.0	0.0	0.0	0.0	2.156031370162964	0.0	0.0	3.206125020980835	3.2434608936309814	0.0	2.726982593536377	1.2597707509994507	0.0	0.0	3.086726665496826	3.003377914428711	4.363267421722412	0.0	3.1351938247680664	0.0	2.2858803272247314	0.0	0.0	0.0	3.7553749084472656	0.0	0.0	0.0	0.0	0.0	0.0	0.0	1.885954737663269	3.7897844314575195	0.0	0.0	0.0	0.0	0.0	0.0	1.9314968585968018	0.0	0.0	0.0	4.790325164794922	0.0	5.3960771560668945	0.0	4.763766288757324	0.0	0.9511052370071411	0.0	0.0	0.0
5.241666793823242	0.0	4.292827606201172	0.0	0.0	4.425108909606934	1.7070051431655884	3.3760039806365967	0.0	0.0	2.76625919342041	3.472557306289673	2.368852138519287	0.0	0.0	0.0	0.0	3.9066755771636963	2.1153807640075684	0.3414962589740753	0.0	0.0	0.0	4.124762535095215	0.0	0.0	0.0	0.0	0.0	5.050958156585693	8.228081703186035	1.1476895809173584	0.0	0.0	0.0	0.0	0.0	0.0	0.0	7.02839469909668	0.0	4.144361972808838	0.0	0.0	9.45974063873291	0.0	5.6645283699035645	3.66050386428833	2.4628548622131348	1.515804648399353	0.0	0.0	0.0	2.618971586227417	3.3442463874816895	0.0	2.2908663749694824	0.0	0.0	4.139560222625732	0.0	0.0	0.0	0.0	0.0	0.0	0.0	0.0	0.0	0.0	5.335623741149902	3.909766435623169	0.0	0.0	0.0	0.0	0.0	0.0	1.2631909847259521	0.0	0.0	2.438547372817993	2.271960735321045	0.0	1.2338558435440063	2.6534299850463867	0.0	0.0	4.060595512390137	3.4913442134857178	5.706855297088623	0.0	0.0	0.0	3.3672022819519043	0.0	0.0	0.0	5.435174465179443	0.0	0.0	0.0	0.0	0.0	0.0	0.0	1.3086261749267578	2.646552801132202	0.0	0.0	0.0	0.0	0.0	0.0	3.3144304752349854	0.0	0.0	0.0	4.080886363983154	0.0	5.568751811981201	0.0	4.563222885131836	0.0	1.9341241121292114	0.0	0.0	0.0
3.575024366378784	0.0	3.4421842098236084	0.0	0.0	3.327148199081421	3.5755624771118164	1.5782299041748047	0.0	0.0	2.621515989303589	2.7079074382781982	4.072903633117676	0.0	0.0	0.0	0.0	3.98102068901062	3.304753065109253	2.339508295059204	0.0	0.0	0.0	3.2399046421051025	0.0	0.0	0.0	0.0	0.0	4.921670913696289	6.3396830558776855	2.705491065979004	0.0	0.0	0.0	0.0	0.0	0.0	0.0	5.899643421173096	0.0	2.6416430473327637	0.0	0.0	7.731021404266357	0.0	4.423762798309326	3.4750704765319824	2.2680277824401855	2.622673511505127	0.0	0.0	0.0	2.0033745765686035	2.246809244155884	0.0	3.3643782138824463	0.0	0.0	3.354356527328491	0.0	0.0	0.0	0.0	0.0	0.0	0.0	0.0	0.0	0.0	2.8048484325408936	4.132792949676514	0.0	0.0	0.0	0.0	0.0	0.0	0.7632483839988708	0.0	0.0	3.2698841094970703	3.448925733566284	0.0	2.735862970352173	0.7021534442901611	0.0	0.0	2.6021478176116943	2.7423009872436523	5.206964492797852	0.0	2.1157584190368652	0.0	2.3843257427215576	0.0	0.0	0.0	3.2042582035064697	0.0	0.0	0.0	0.0	0.0	0.0	0.0	2.422626256942749	4.264918804168701	0.0	0.0	0.0	0.0	0.0	0.0	2.276460886001587	0.0	0.0	0.0	4.646122455596924	0.0	4.869791030883789	0.0	3.3399441242218018	0.0	1.953406810760498	0.0	0.0	0.0
3.564828395843506	0.0	3.6024293899536133	0.0	0.0	3.269775629043579	3.7716164588928223	1.5793908834457397	0.0	0.0	2.6971380710601807	2.5392236709594727	3.246249198913574	0.0	0.0	0.0	0.0	3.43886137008667	3.051820993423462	2.366483688354492	0.0	0.0	0.0	3.629624605178833	0.0	0.0	0.0	0.0	0.0	4.895585536956787	6.616662502288818	3.005133628845215	0.0	0.0	0.0	0.0	0.0	0.0	0.0	5.379672527313232	0.0	2.509819269180298	0.0	0.0	7.551530838012695	0.0	4.640476703643799	3.059851884841919	1.8820072412490845	1.78679621219635	0.0	0.0	0.0	2.293647050857544	2.72755765914917	0.0	3.696312665939331	0.0	0.0	3.579390525817871	0.0	0.0	0.0	0.0	0.0	0.0	0.0	0.0	0.0	0.0	3.0424911975860596	4.290374755859375	0.0	0.0	0.0	0.0	0.0	0.0	1.3801097869873047	0.0	0.0	3.146934986114502	3.3841652870178223	0.0	2.5864996910095215	1.1977612972259521	0.0	0.0	3.048678159713745	2.611022472381592	4.696784496307373	0.0	2.953676462173462	0.0	2.5416572093963623	0.0	0.0	0.0	3.7782795429229736	0.0	0.0	0.0	0.0	0.0	0.0	0.0	2.3185787200927734	3.941300392150879	0.0	0.0	0.0	0.0	0.0	0.0	1.8888355493545532	0.0	0.0	0.0	4.212176322937012	0.0	4.758049488067627	0.0	3.532897472381592	0.0	1.3891756534576416	0.0	0.0	0.0
3.703306198120117	0.0	3.3750298023223877	0.0	0.0	3.089825391769409	3.390833854675293	1.6175862550735474	0.0	0.0	2.866424560546875	2.5864131450653076	3.5712904930114746	0.0	0.0	0.0	0.0	3.5155558586120605	3.0986247062683105	2.524761915206909	0.0	0.0	0.0	3.653627395629883	0.0	0.0	0.0	0.0	0.0	4.934135913848877	6.584732532501221	2.7873799800872803	0.0	0.0	0.0	0.0	0.0	0.0	0.0	5.4349236488342285	0.0	2.444368839263916	0.0	0.0	7.8746562004089355	0.0	4.469840049743652	3.053623676300049	2.261401414871216	1.8057206869125366	0.0	0.0	0.0	2.2521018981933594	2.6092567443847656	0.0	3.5282835960388184	0.0	0.0	3.50992751121521	0.0	0.0	0.0	0.0	0.0	0.0	0.0	0.0	0.0	0.0	2.869938850402832	4.075603485107422	0.0	0.0	0.0	0.0	0.0	0.0	1.0860161781311035	0.0	0.0	3.047473430633545	3.4489939212799072	0.0	2.5044071674346924	1.0651614665985107	0.0	0.0	2.884467601776123	2.5148911476135254	4.768363952636719	0.0	2.920520067214966	0.0	2.43770170211792	0.0	0.0	0.0	3.6080026626586914	0.0	0.0	0.0	0.0	0.0	0.0	0.0	1.997949481010437	4.090450286865234	0.0	0.0	0.0	0.0	0.0	0.0	2.0366852283477783	0.0	0.0	0.0	4.074124813079834	0.0	4.636222839355469	0.0	3.3478355407714844	0.0	1.632496953010559	0.0	0.0	0.0
3.5912892818450928	0.0	3.471508264541626	0.0	0.0	3.2315051555633545	3.371778964996338	1.4073731899261475	0.0	0.0	2.82436466217041	2.3577001094818115	3.441784143447876	0.0	0.0	0.0	0.0	3.7076549530029297	3.0233938694000244	2.763221263885498	0.0	0.0	0.0	3.612983465194702	0.0	0.0	0.0	0.0	0.0	4.78981351852417	6.713268756866455	2.7299342155456543	0.0	0.0	0.0	0.0	0.0	0.0	0.0	5.568556785583496	0.0	2.369903802871704	0.0	0.0	7.917427062988281	0.0	4.499428749084473	3.1794345378875732	2.2610344886779785	1.8120592832565308	0.0	0.0	0.0	2.3139514923095703	2.473581314086914	0.0	3.555621862411499	0.0	0.0	3.5075039863586426	0.0	0.0	0.0	0.0	0.0	0.0	0.0	0.0	0.0	0.0	3.0488946437835693	4.14959716796875	0.0	0.0	0.0	0.0	0.0	0.0	1.2726047039031982	0.0	0.0	3.1191024780273438	3.4552571773529053	0.0	2.469322919845581	1.0248373746871948	0.0	0.0	2.6613874435424805	2.6091220378875732	4.807428359985352	0.0	2.7180466651916504	0.0	2.4586875438690186	0.0	0.0	0.0	3.689455032348633	0.0	0.0	0.0	0.0	0.0	0.0	0.0	2.213648557662964	4.082826137542725	0.0	0.0	0.0	0.0	0.0	0.0	1.8300135135650635	0.0	0.0	0.0	4.218863010406494	0.0	4.596848487854004	0.0	3.4207875728607178	0.0	1.58126962184906	0.0	0.0	0.0
2.922041654586792	0.0	3.570472002029419	0.0	0.0	3.394333600997925	3.4535281658172607	1.3608431816101074	0.0	0.0	2.003906011581421	2.1665213108062744	3.2729387283325195	0.0	0.0	0.0	0.0	4.372992038726807	3.0234272480010986	2.164924383163452	0.0	0.0	0.0	2.8822684288024902	0.0	0.0	0.0	0.0	0.0	4.510645389556885	6.136667251586914	2.7472729682922363	0.0	0.0	0.0	0.0	0.0	0.0	0.0	6.857870578765869	0.0	3.1198909282684326	0.0	0.0	7.687281608581543	0.0	4.447172164916992	3.6665618419647217	2.0317788124084473	2.8523309230804443	0.0	0.0	0.0	1.7559375762939453	2.017289876937866	0.0	3.098005771636963	0.0	0.0	3.878713369369507	0.0	0.0	0.0	0.0	0.0	0.0	0.0	0.0	0.0	0.0	3.882737636566162	4.6927170753479	0.0	0.0	0.0	0.0	0.0	0.0	2.534708023071289	0.0	0.0	3.2496161460876465	3.775035858154297	0.0	2.2246882915496826	0.8555765748023987	0.0	0.0	2.9704298973083496	3.2706267833709717	5.091699123382568	0.0	1.30362868309021	0.0	2.383607864379883	0.0	0.0	0.0	3.5551483631134033	0.0	0.0	0.0	0.0	0.0	0.0	0.0	2.9632375240325928	3.7806077003479004	0.0	0.0	0.0	0.0	0.0	0.0	2.4555273056030273	0.0	0.0	0.0	5.563019752502441	0.0	5.490338325500488	0.0	3.5208253860473633	0.0	1.5339603424072266	0.0	0.0	0.0
3.5919978618621826	0.0	3.3830504417419434	0.0	0.0	3.142956256866455	3.6219987869262695	1.6596182584762573	0.0	0.0	2.670185089111328	2.660055637359619	3.768481492996216	0.0	0.0	0.0	0.0	3.3558242321014404	3.154209613800049	1.9468638896942139	0.0	0.0	0.0	3.524862051010132	0.0	0.0	0.0	0.0	0.0	4.992916584014893	6.59358549118042	2.9756381511688232	0.0	0.0	0.0	0.0	0.0	0.0	0.0	5.476981163024902	0.0	2.729492425918579	0.0	0.0	7.4796953201293945	0.0	4.589787006378174	3.364607810974121	2.3211982250213623	2.224699020385742	0.0	0.0	0.0	2.0499870777130127	2.598747491836548	0.0	3.5555059909820557	0.0	0.0	3.46069073677063	0.0	0.0	0.0	0.0	0.0	0.0	0.0	0.0	0.0	0.0	3.031860589981079	4.070401191711426	0.0	0.0	0.0	0.0	0.0	0.0	0.9381170868873596	0.0	0.0	3.198201894760132	3.0359199047088623	0.0	2.4961655139923096	0.9182456731796265	0.0	0.0	3.1823904514312744	2.8252100944519043	4.793735980987549	0.0	2.4469656944274902	0.0	2.2036678791046143	0.0	0.0	0.0	3.480652093887329	0.0	0.0	0.0	0.0	0.0	0.0	0.0	2.069117784500122	3.916508674621582	0.0	0.0	0.0	0.0	0.0	0.0	2.1019678115844727	0.0	0.0	0.0	4.354769229888916	0.0	4.697460174560547	0.0	3.601471185684204	0.0	1.6289995908737183	0.0	0.0	0.0
3.5830609798431396	0.0	3.3334555625915527	0.0	0.0	3.3172764778137207	3.560912847518921	1.883185625076294	0.0	0.0	2.7935755252838135	2.4452314376831055	3.7968251705169678	0.0	0.0	0.0	0.0	3.6613309383392334	3.1034228801727295	2.398426055908203	0.0	0.0	0.0	3.398188352584839	0.0	0.0	0.0	0.0	0.0	4.94348669052124	6.634748935699463	2.881877899169922	0.0	0.0	0.0	0.0	0.0	0.0	0.0	5.81600284576416	0.0	2.4247288703918457	0.0	0.0	7.553339004516602	0.0	4.518575191497803	3.2245471477508545	2.340047597885132	2.252709150314331	0.0	0.0	0.0	2.0316426753997803	2.2528533935546875	0.0	3.490725040435791	0.0	0.0	3.4771130084991455	0.0	0.0	0.0	0.0	0.0	0.0	0.0	0.0	0.0	0.0	3.156881809234619	4.247611999511719	0.0	0.0	0.0	0.0	0.0	0.0	1.2259992361068726	0.0	0.0	3.255297899246216	3.511979579925537	0.0	2.3547415733337402	0.9873318076133728	0.0	0.0	3.075731039047241	2.695873975753784	4.840187072753906	0.0	2.169497489929199	0.0	2.4217748641967773	0.0	0.0	0.0	3.6102499961853027	0.0	0.0	0.0	0.0	0.0	0.0	0.0	2.558225393295288	3.989217758178711	0.0	0.0	0.0	0.0	0.0	0.0	2.0931103229522705	0.0	0.0	0.0	4.390389919281006	0.0	4.82368803024292	0.0	3.317267656326294	0.0	1.879330039024353	0.0	0.0	0.0
3.7569053173065186	0.0	3.4607925415039062	0.0	0.0	3.2170448303222656	3.2208988666534424	1.6997872591018677	0.0	0.0	2.862090826034546	2.446110725402832	3.314805030822754	0.0	0.0	0.0	0.0	3.550812244415283	2.897798538208008	2.4109833240509033	0.0	0.0	0.0	3.603689670562744	0.0	0.0	0.0	0.0	0.0	4.893540859222412	6.68100643157959	2.6118924617767334	0.0	0.0	0.0	0.0	0.0	0.0	0.0	5.493104934692383	0.0	2.5024161338806152	0.0	0.0	7.87672233581543	0.0	4.565703868865967	3.1988003253936768	2.2162115573883057	1.6258397102355957	0.0	0.0	0.0	2.2557449340820312	2.370968818664551	0.0	3.312364101409912	0.0	0.0	3.498692750930786	0.0	0.0	0.0	0.0	0.0	0.0	0.0	0.0	0.0	0.0	3.0022854804992676	4.061337471008301	0.0	0.0	0.0	0.0	0.0	0.0	1.1355706453323364	0.0	0.0	2.9927592277526855	3.186028003692627	0.0	2.279404640197754	1.2523741722106934	0.0	0.0	2.8900182247161865	2.6379146575927734	4.774246692657471	0.0	2.5691421031951904	0.0	2.3936314582824707	0.0	0.0	0.0	3.6308412551879883	0.0	0.0	0.0	0.0	0.0	0.0	0.0	1.93079674243927	3.7510197162628174	0.0	0.0	0.0	0.0	0.0	0.0	1.9623671770095825	0.0	0.0	0.0	3.9937546253204346	0.0	4.67850399017334	0.0	3.487661600112915	0.0	1.5702191591262817	0.0	0.0	0.0
3.742626905441284	0.0	3.3012566566467285	0.0	0.0	3.1569972038269043	3.517793893814087	1.7146706581115723	0.0	0.0	2.9084970951080322	2.5521318912506104	3.606938123703003	0.0	0.0	0.0	0.0	3.1766357421875	2.9294168949127197	2.4247543811798096	0.0	0.0	0.0	3.6184604167938232	0.0	0.0	0.0	0.0	0.0	5.01223087310791	6.695436000823975	2.895273208618164	0.0	0.0	0.0	0.0	0.0	0.0	0.0	5.395443916320801	0.0	2.433960437774658	0.0	0.0	7.622089862823486	0.0	4.425573348999023	2.926631450653076	2.100809335708618	1.7773878574371338	0.0	0.0	0.0	2.4249374866485596	2.55185604095459	0.0	3.462054967880249	0.0	0.0	3.3527560234069824	0.0	0.0	0.0	0.0	0.0	0.0	0.0	0.0	0.0	0.0	3.0312793254852295	4.117088317871094	0.0	0.0	0.0	0.0	0.0	0.0	1.0872273445129395	0.0	0.0	3.0878233909606934	3.466726064682007	0.0	2.4653239250183105	0.8613645434379578	0.0	0.0	3.140522003173828	2.4958388805389404	4.741054534912109	0.0	2.4909839630126953	0.0	2.5482258796691895	0.0	0.0	0.0	3.624166488647461	0.0	0.0	0.0	0.0	0.0	0.0	0.0	2.2693889141082764	4.013505935668945	0.0	0.0	0.0	0.0	0.0	0.0	1.9258970022201538	0.0	0.0	0.0	4.078215599060059	0.0	4.543172359466553	0.0	3.2839515209198	0.0	1.6499603986740112	0.0	0.0	0.0
3.5178942680358887	0.0	3.461690664291382	0.0	0.0	3.2067880630493164	3.7982800006866455	1.5082600116729736	0.0	0.0	2.764624834060669	2.4236936569213867	3.48113751411438	0.0	0.0	0.0	0.0	3.375199317932129	2.953181743621826	2.5525879859924316	0.0	0.0	0.0	3.5235331058502197	0.0	0.0	0.0	0.0	0.0	5.023745059967041	6.603335857391357	2.9888381958007812	0.0	0.0	0.0	0.0	0.0	0.0	0.0	5.430337429046631	0.0	2.4267284870147705	0.0	0.0	7.556849956512451	0.0	4.583614349365234	3.048125743865967	1.9267619848251343	1.8037470579147339	0.0	0.0	0.0	2.263298511505127	2.61799955368042	0.0	3.616675853729248	0.0	0.0	3.4433369636535645	0.0	0.0	0.0	0.0	0.0	0.0	0.0	0.0	0.0	0.0	2.8243649005889893	4.201170921325684	0.0	0.0	0.0	0.0	0.0	0.0	1.2703112363815308	0.0	0.0	3.227108955383301	3.399319887161255	0.0	2.604830026626587	0.9615481495857239	0.0	0.0	3.020747423171997	2.5897908210754395	4.561864376068115	0.0	3.0409176349639893	0.0	2.4439072608947754	0.0	0.0	0.0	3.563070297241211	0.0	0.0	0.0	0.0	0.0	0.0	0.0	2.2532293796539307	3.9433975219726562	0.0	0.0	0.0	0.0	0.0	0.0	1.804636001586914	0.0	0.0	0.0	4.168962001800537	0.0	4.607985973358154	0.0	3.504420757293701	0.0	1.4248775243759155	0.0	0.0	0.0
3.146174669265747	0.0	3.8675501346588135	0.0	0.0	3.4421918392181396	4.082958221435547	1.1736111640930176	0.0	0.0	2.23575496673584	2.7775630950927734	2.4140117168426514	0.0	0.0	0.0	0.0	3.5954928398132324	3.2209770679473877	1.6649839878082275	0.0	0.0	0.0	3.509000539779663	0.0	0.0	0.0	0.0	0.0	4.7866621017456055	6.5291337966918945	3.09635591506958	0.0	0.0	0.0	0.0	0.0	0.0	0.0	5.030325412750244	0.0	2.8304927349090576	0.0	0.0	7.151961803436279	0.0	5.023576736450195	3.1889946460723877	1.4577975273132324	1.3162262439727783	0.0	0.0	0.0	2.4915988445281982	2.994313955307007	0.0	4.125289440155029	0.0	0.0	3.803434371948242	0.0	0.0	0.0	0.0	0.0	0.0	0.0	0.0	0.0	0.0	3.2365310192108154	4.415062427520752	0.0	0.0	0.0	0.0	0.0	0.0	2.039698362350464	0.0	0.0	3.3388283252716064	3.0374341011047363	0.0	2.9093360900878906	1.6282153129577637	0.0	0.0	3.0914855003356934	2.929389715194702	4.194701194763184	0.0	4.061434745788574	0.0	2.3361334800720215	0.0	0.0	0.0	3.6331586837768555	0.0	0.0	0.0	0.0	0.0	0.0	0.0	1.975819706916809	3.7526450157165527	0.0	0.0	0.0	0.0	0.0	0.0	1.6357498168945312	0.0	0.0	0.0	4.456208229064941	0.0	5.315886497497559	0.0	4.445924282073975	0.0	0.5680134892463684	0.0	0.0	0.0
3.7176005840301514	0.0	3.3851351737976074	0.0	0.0	3.116974353790283	3.337597131729126	1.5652536153793335	0.0	0.0	2.7407009601593018	2.4831814765930176	3.40791916847229	0.0	0.0	0.0	0.0	3.3482580184936523	2.8359274864196777	2.507178544998169	0.0	0.0	0.0	3.6485018730163574	0.0	0.0	0.0	0.0	0.0	4.79052209854126	6.553466320037842	2.5989463329315186	0.0	0.0	0.0	0.0	0.0	0.0	0.0	5.298013210296631	0.0	2.370645523071289	0.0	0.0	7.755422592163086	0.0	4.438528060913086	2.9537436962127686	2.205519914627075	1.5423089265823364	0.0	0.0	0.0	2.2446417808532715	2.6437337398529053	0.0	3.3935601711273193	0.0	0.0	3.4399800300598145	0.0	0.0	0.0	0.0	0.0	0.0	0.0	0.0	0.0	0.0	2.9185519218444824	3.9209630489349365	0.0	0.0	0.0	0.0	0.0	0.0	0.9995044469833374	0.0	0.0	3.0009961128234863	3.1808676719665527	0.0	2.3795599937438965	1.1617530584335327	0.0	0.0	2.872159004211426	2.559488534927368	4.623025417327881	0.0	2.7181501388549805	0.0	2.470290422439575	0.0	0.0	0.0	3.604440212249756	0.0	0.0	0.0	0.0	0.0	0.0	0.0	2.102051258087158	3.8541266918182373	0.0	0.0	0.0	0.0	0.0	0.0	1.9044743776321411	0.0	0.0	0.0	3.8867292404174805	0.0	4.526830673217773	0.0	3.1541621685028076	0.0	1.6207667589187622	0.0	0.0	0.0
3.409240245819092	0.0	3.8276383876800537	0.0	0.0	3.3553104400634766	3.3106019496917725	0.7340959310531616	0.0	0.0	2.129085063934326	2.89748215675354	1.9752436876296997	0.0	0.0	0.0	0.0	3.782198905944824	3.690941095352173	0.6363517642021179	0.0	0.0	0.0	3.758136510848999	0.0	0.0	0.0	0.0	0.0	5.0646491050720215	6.796529769897461	2.954946756362915	0.0	0.0	0.0	0.0	0.0	0.0	0.0	5.351347923278809	0.0	3.520594596862793	0.0	0.0	7.1213603019714355	0.0	5.335870742797852	3.7752254009246826	1.8819106817245483	2.1550660133361816	0.0	0.0	0.0	2.573237180709839	2.9479522705078125	0.0	3.953946590423584	0.0	0.0	3.9872632026672363	0.0	0.0	0.0	0.0	0.0	0.0	0.0	0.0	0.0	0.0	3.456367015838623	4.907371520996094	0.0	0.0	0.0	0.0	0.0	0.0	2.8203117847442627	0.0	0.0	3.480351448059082	2.777742624282837	0.0	3.0907580852508545	1.6488815546035767	0.0	0.0	3.0902276039123535	2.9521031379699707	4.314195156097412	0.0	4.20148229598999	0.0	1.7323371171951294	0.0	0.0	0.0	3.724264621734619	0.0	0.0	0.0	0.0	0.0	0.0	0.0	0.953754723072052	3.4467926025390625	0.0	0.0	0.0	0.0	0.0	0.0	2.396606683731079	0.0	0.0	0.0	4.843303203582764	0.0	5.882749080657959	0.0	6.145989418029785	0.0	0.20404011011123657	0.0	0.0	0.0
3.478330135345459	0.0	3.275038719177246	0.0	0.0	3.0225563049316406	3.7203047275543213	1.4932259321212769	0.0	0.0	2.8251163959503174	2.4480209350585938	3.8581411838531494	0.0	0.0	0.0	0.0	3.3017992973327637	2.9399185180664062	2.6536617279052734	0.0	0.0	0.0	3.5636038780212402	0.0	0.0	0.0	0.0	0.0	4.900330066680908	6.381551265716553	2.9527812004089355	0.0	0.0	0.0	0.0	0.0	0.0	0.0	5.374189853668213	0.0	2.303389549255371	0.0	0.0	7.590094089508057	0.0	4.349850177764893	3.032567024230957	2.1398961544036865	1.9668575525283813	0.0	0.0	0.0	2.228501558303833	2.5456559658050537	0.0	3.5568814277648926	0.0	0.0	3.3866095542907715	0.0	0.0	0.0	0.0	0.0	0.0	0.0	0.0	0.0	0.0	2.7076497077941895	4.125661849975586	0.0	0.0	0.0	0.0	0.0	0.0	1.1070761680603027	0.0	0.0	3.085024356842041	3.5815603733062744	0.0	2.6335959434509277	0.6635633707046509	0.0	0.0	2.923614025115967	2.41892671585083	4.702513217926025	0.0	2.742158889770508	0.0	2.411693572998047	0.0	0.0	0.0	3.44193696975708	0.0	0.0	0.0	0.0	0.0	0.0	0.0	2.085710287094116	4.137545108795166	0.0	0.0	0.0	0.0	0.0	0.0	1.8705604076385498	0.0	0.0	0.0	4.282134056091309	0.0	4.413990497589111	0.0	3.3119869232177734	0.0	1.6573036909103394	0.0	0.0	0.0
3.7873921394348145	0.0	3.390907049179077	0.0	0.0	3.4753053188323975	3.664452075958252	1.799001932144165	0.0	0.0	2.874016523361206	2.3543472290039062	3.526909351348877	0.0	0.0	0.0	0.0	3.3793604373931885	3.1056694984436035	2.6813113689422607	0.0	0.0	0.0	3.6682281494140625	0.0	0.0	0.0	0.0	0.0	4.952235221862793	6.960845470428467	2.7627909183502197	0.0	0.0	0.0	0.0	0.0	0.0	0.0	5.642551898956299	0.0	2.4893321990966797	0.0	0.0	7.704561233520508	0.0	4.607579231262207	3.0509285926818848	2.4554224014282227	1.779259443283081	0.0	0.0	0.0	2.453603982925415	2.576195478439331	0.0	3.5415120124816895	0.0	0.0	3.5954740047454834	0.0	0.0	0.0	0.0	0.0	0.0	0.0	0.0	0.0	0.0	3.0444159507751465	4.309502124786377	0.0	0.0	0.0	0.0	0.0	0.0	1.2936474084854126	0.0	0.0	3.14582896232605	3.3899927139282227	0.0	2.3257856369018555	1.168682336807251	0.0	0.0	3.0759851932525635	2.5568950176239014	4.7930498123168945	0.0	2.4080007076263428	0.0	2.584526538848877	0.0	0.0	0.0	3.7984888553619385	0.0	0.0	0.0	0.0	0.0	0.0	0.0	2.5894734859466553	4.086360454559326	0.0	0.0	0.0	0.0	0.0	0.0	2.048862934112549	0.0	0.0	0.0	4.229146480560303	0.0	4.450976848602295	0.0	3.110779047012329	0.0	2.031574249267578	0.0	0.0	0.0
3.829697370529175	0.0	3.623246908187866	0.0	0.0	3.4180524349212646	3.5819687843322754	1.6335617303848267	0.0	0.0	2.869361639022827	2.574859619140625	3.172365188598633	0.0	0.0	0.0	0.0	3.6883151531219482	3.01291561126709	2.3744778633117676	0.0	0.0	0.0	3.6848456859588623	0.0	0.0	0.0	0.0	0.0	5.060373783111572	6.92014741897583	2.8497562408447266	0.0	0.0	0.0	0.0	0.0	0.0	0.0	5.562690734863281	0.0	2.495333194732666	0.0	0.0	8.021279335021973	0.0	4.81484842300415	3.1017866134643555	2.216186285018921	1.5759888887405396	0.0	0.0	0.0	2.4054195880889893	2.675217628479004	0.0	3.6016769409179688	0.0	0.0	3.727598190307617	0.0	0.0	0.0	0.0	0.0	0.0	0.0	0.0	0.0	0.0	2.9677574634552	4.207203388214111	0.0	0.0	0.0	0.0	0.0	0.0	1.5311888456344604	0.0	0.0	3.1320242881774902	3.3594706058502197	0.0	2.5826401710510254	1.40684974193573	0.0	0.0	3.094113349914551	2.6981616020202637	4.7524189949035645	0.0	3.1652793884277344	0.0	2.512136459350586	0.0	0.0	0.0	3.8691697120666504	0.0	0.0	0.0	0.0	0.0	0.0	0.0	2.1999974250793457	3.955702543258667	0.0	0.0	0.0	0.0	0.0	0.0	1.8889212608337402	0.0	0.0	0.0	4.170400619506836	0.0	4.851326942443848	0.0	3.761312961578369	0.0	1.3022700548171997	0.0	0.0	0.0
3.4120490550994873	0.0	3.526566505432129	0.0	0.0	3.4194934368133545	3.9518957138061523	1.5834952592849731	0.0	0.0	2.670084238052368	2.5286622047424316	3.33345627784729	0.0	0.0	0.0	0.0	3.4428789615631104	3.0029311180114746	2.3287413120269775	0.0	0.0	0.0	3.594970226287842	0.0	0.0	0.0	0.0	0.0	5.074033737182617	6.757722854614258	3.036111354827881	0.0	0.0	0.0	0.0	0.0	0.0	0.0	5.6087965965271	0.0	2.524486541748047	0.0	0.0	7.529634952545166	0.0	4.786299228668213	3.164767265319824	2.0768330097198486	1.921147346496582	0.0	0.0	0.0	2.3465821743011475	2.4858479499816895	0.0	3.7100610733032227	0.0	0.0	3.594482660293579	0.0	0.0	0.0	0.0	0.0	0.0	0.0	0.0	0.0	0.0	3.07678484916687	4.33173131942749	0.0	0.0	0.0	0.0	0.0	0.0	1.611594319343567	0.0	0.0	3.2571847438812256	3.4225428104400635	0.0	2.7116847038269043	1.076219916343689	0.0	0.0	3.0339467525482178	2.711768865585327	4.683653831481934	0.0	2.718846321105957	0.0	2.4418272972106934	0.0	0.0	0.0	3.7266032695770264	0.0	0.0	0.0	0.0	0.0	0.0	0.0	2.392613649368286	3.9555373191833496	0.0	0.0	0.0	0.0	0.0	0.0	1.7998130321502686	0.0	0.0	0.0	4.514379501342773	0.0	4.769320964813232	0.0	3.738936185836792	0.0	1.388307809829712	0.0	0.0	0.0
3.188720941543579	0.0	2.910370349884033	0.0	0.0	3.01715087890625	3.61159348487854	1.6936724185943604	0.0	0.0	1.9275764226913452	3.0563042163848877	5.11856746673584	0.0	0.0	0.0	0.0	3.3162670135498047	4.171270847320557	1.3236513137817383	0.0	0.0	0.0	2.9846415519714355	0.0	0.0	0.0	0.0	0.0	5.019115924835205	5.827629566192627	3.0443758964538574	0.0	0.0	0.0	0.0	0.0	0.0	0.0	6.3558735847473145	0.0	4.435046195983887	0.0	0.0	7.075850963592529	0.0	4.358758449554443	4.502955436706543	2.4460906982421875	4.496830940246582	0.0	0.0	0.0	1.921947956085205	3.2287590503692627	0.0	3.540309429168701	0.0	0.0	3.459216356277466	0.0	0.0	0.0	0.0	0.0	0.0	0.0	0.0	0.0	0.0	3.805109739303589	4.778357982635498	0.0	0.0	0.0	0.0	0.0	0.0	0.4502400755882263	0.0	0.0	3.4207706451416016	3.5320863723754883	0.0	2.650527000427246	0.0	0.0	0.0	3.6383275985717773	2.870471477508545	4.997202396392822	0.0	0.6754388213157654	0.0	1.768178105354309	0.0	0.0	0.0	3.170492649078369	0.0	0.0	0.0	0.0	0.0	0.0	0.0	1.4165630340576172	4.291578769683838	0.0	0.0	0.0	0.0	0.0	0.0	3.5046563148498535	0.0	0.0	0.0	5.5776262283325195	0.0	5.7996673583984375	0.0	4.272764205932617	0.0	2.472141981124878	0.0	0.0	0.0
3.6278154850006104	0.0	3.5567471981048584	0.0	0.0	3.4147374629974365	3.6174802780151367	1.6046291589736938	0.0	0.0	2.8102848529815674	2.4215688705444336	3.512887954711914	0.0	0.0	0.0	0.0	3.4800379276275635	2.871037244796753	2.752979278564453	0.0	0.0	0.0	3.6644744873046875	0.0	0.0	0.0	0.0	0.0	4.882819652557373	6.632266044616699	2.9390807151794434	0.0	0.0	0.0	0.0	0.0	0.0	0.0	5.615917205810547	0.0	2.5739967823028564	0.0	0.0	7.86616325378418	0.0	4.445560455322266	2.781935691833496	2.498000144958496	1.8471922874450684	0.0	0.0	0.0	2.359898805618286	2.2219643592834473	0.0	3.6110002994537354	0.0	0.0	3.4375991821289062	0.0	0.0	0.0	0.0	0.0	0.0	0.0	0.0	0.0	0.0	3.022786855697632	4.184953689575195	0.0	0.0	0.0	0.0	0.0	0.0	1.3397712707519531	0.0	0.0	3.1542954444885254	3.325169563293457	0.0	2.4677140712738037	0.8735634088516235	0.0	0.0	2.798816204071045	2.676630735397339	5.108343124389648	0.0	2.8471271991729736	0.0	2.560943126678467	0.0	0.0	0.0	3.531301736831665	0.0	0.0	0.0	0.0	0.0	0.0	0.0	2.5739636421203613	4.1550397872924805	0.0	0.0	0.0	0.0	0.0	0.0	1.9028011560440063	0.0	0.0	0.0	4.345201015472412	0.0	4.275717735290527	0.0	3.203155755996704	0.0	1.7026230096817017	0.0	0.0	0.0
4.06843376159668	0.0	3.992086410522461	0.0	0.0	3.7009198665618896	2.870083808898926	1.8793314695358276	0.0	0.0	3.040699005126953	2.6195921897888184	2.6406350135803223	0.0	0.0	0.0	0.0	3.765453577041626	2.3431947231292725	2.0278351306915283	0.0	0.0	0.0	3.8183341026306152	0.0	0.0	0.0	0.0	0.0	4.861083030700684	7.233752250671387	2.28263258934021	0.0	0.0	0.0	0.0	0.0	0.0	0.0	5.718366622924805	0.0	2.503645658493042	0.0	0.0	8.375100135803223	0.0	4.891557216644287	2.9631495475769043	1.966199517250061	1.1813167333602905	0.0	0.0	0.0	2.568253993988037	2.59043288230896	0.0	3.0874781608581543	0.0	0.0	3.593179702758789	0.0	0.0	0.0	0.0	0.0	0.0	0.0	0.0	0.0	0.0	3.4542553424835205	3.8083722591400146	0.0	0.0	0.0	0.0	0.0	0.0	1.4476113319396973	0.0	0.0	2.6660897731781006	2.8640222549438477	0.0	2.0544426441192627	1.8139653205871582	0.0	0.0	2.90002179145813	2.6873793601989746	4.927127838134766	0.0	2.4585115909576416	0.0	2.8202805519104004	0.0	0.0	0.0	4.257665157318115	0.0	0.0	0.0	0.0	0.0	0.0	0.0	1.8631025552749634	3.327629566192627	0.0	0.0	0.0	0.0	0.0	0.0	1.9033167362213135	0.0	0.0	0.0	3.9340593814849854	0.0	4.677218437194824	0.0	3.882119655609131	0.0	1.184225082397461	0.0	0.0	0.0
4.000198841094971	0.0	3.5526294708251953	0.0	0.0	3.4313337802886963	3.067077398300171	1.9102226495742798	0.0	0.0	2.8824775218963623	2.567789077758789	3.181840419769287	0.0	0.0	0.0	0.0	3.376781702041626	2.6943626403808594	2.246638536453247	0.0	0.0	0.0	3.7621848583221436	0.0	0.0	0.0	0.0	0.0	4.80869722366333	6.868659496307373	2.4774115085601807	0.0	0.0	0.0	0.0	0.0	0.0	0.0	5.560160160064697	0.0	2.517909526824951	0.0	0.0	7.98379373550415	0.0	4.6278839111328125	2.863957166671753	2.195225238800049	1.46881103515625	0.0	0.0	0.0	2.366081714630127	2.674508571624756	0.0	3.1630983352661133	0.0	0.0	3.372121572494507	0.0	0.0	0.0	0.0	0.0	0.0	0.0	0.0	0.0	0.0	3.107997417449951	3.8403403759002686	0.0	0.0	0.0	0.0	0.0	0.0	0.9417394399642944	0.0	0.0	2.772671699523926	3.1049416065216064	0.0	2.145395040512085	1.3178718090057373	0.0	0.0	2.898378849029541	2.487713098526001	4.838567733764648	0.0	2.2772510051727295	0.0	2.673478603363037	0.0	0.0	0.0	4.077059268951416	0.0	0.0	0.0	0.0	0.0	0.0	0.0	1.9927892684936523	3.6785130500793457	0.0	0.0	0.0	0.0	0.0	0.0	2.0148673057556152	0.0	0.0	0.0	3.7939164638519287	0.0	4.400374412536621	0.0	3.509705066680908	0.0	1.5382667779922485	0.0	0.0	0.0
3.765453577041626	0.0	3.5060195922851562	0.0	0.0	3.397019624710083	3.5065250396728516	1.5576963424682617	0.0	0.0	2.852219343185425	2.56951904296875	3.359145164489746	0.0	0.0	0.0	0.0	3.4815828800201416	2.9541473388671875	2.3672192096710205	0.0	0.0	0.0	3.7793614864349365	0.0	0.0	0.0	0.0	0.0	5.004990100860596	6.893639087677002	2.8774569034576416	0.0	0.0	0.0	0.0	0.0	0.0	0.0	5.5508928298950195	0.0	2.4256491661071777	0.0	0.0	7.874746322631836	0.0	4.665036678314209	2.9262537956237793	2.4531874656677246	1.853810429573059	0.0	0.0	0.0	2.5334625244140625	2.4002630710601807	0.0	3.5355615615844727	0.0	0.0	3.4764132499694824	0.0	0.0	0.0	0.0	0.0	0.0	0.0	0.0	0.0	0.0	3.0483896732330322	4.115825176239014	0.0	0.0	0.0	0.0	0.0	0.0	1.4176064729690552	0.0	0.0	3.10237717628479	3.3121697902679443	0.0	2.527806282043457	1.1580616235733032	0.0	0.0	2.9757871627807617	2.616271495819092	4.9145379066467285	0.0	2.741589069366455	0.0	2.5740153789520264	0.0	0.0	0.0	3.7938196659088135	0.0	0.0	0.0	0.0	0.0	0.0	0.0	2.1764578819274902	4.106707572937012	0.0	0.0	0.0	0.0	0.0	0.0	1.9372962713241577	0.0	0.0	0.0	4.251357078552246	0.0	4.505399227142334	0.0	3.7098984718322754	0.0	1.4951143264770508	0.0	0.0	0.0
3.78027606010437	0.0	3.5520334243774414	0.0	0.0	3.5085582733154297	3.781947374343872	1.6607834100723267	0.0	0.0	2.5597779750823975	2.041632652282715	3.2989749908447266	0.0	0.0	0.0	0.0	3.725983142852783	2.745870351791382	2.7011497020721436	0.0	0.0	0.0	3.2247488498687744	0.0	0.0	0.0	0.0	0.0	5.126742839813232	6.686206817626953	2.619957447052002	0.0	0.0	0.0	0.0	0.0	0.0	0.0	6.456356048583984	0.0	2.2432425022125244	0.0	0.0	7.654502868652344	0.0	4.4998250007629395	2.793525218963623	2.4735488891601562	1.7637507915496826	0.0	0.0	0.0	1.888715147972107	1.947657823562622	0.0	3.0770726203918457	0.0	0.0	3.6691579818725586	0.0	0.0	0.0	0.0	0.0	0.0	0.0	0.0	0.0	0.0	2.8530938625335693	4.561692714691162	0.0	0.0	0.0	0.0	0.0	0.0	2.0346226692199707	0.0	0.0	3.199784278869629	3.4173836708068848	0.0	2.2547671794891357	1.0191066265106201	0.0	0.0	2.9885025024414062	2.77897572517395	4.635533332824707	0.0	2.123493194580078	0.0	2.5070953369140625	0.0	0.0	0.0	3.428865909576416	0.0	0.0	0.0	0.0	0.0	0.0	0.0	3.141242027282715	3.8404414653778076	0.0	0.0	0.0	0.0	0.0	0.0	1.8169779777526855	0.0	0.0	0.0	4.581977367401123	0.0	4.5213141441345215	0.0	2.9546074867248535	0.0	1.8966102600097656	0.0	0.0	0.0
3.971407175064087	0.0	3.3757805824279785	0.0	0.0	3.3192076683044434	3.391089677810669	1.4957911968231201	0.0	0.0	3.0012550354003906	2.532036781311035	3.789957284927368	0.0	0.0	0.0	0.0	3.568279504776001	3.0205204486846924	2.941983699798584	0.0	0.0	0.0	3.81447434425354	0.0	0.0	0.0	0.0	0.0	4.883636951446533	6.835982322692871	2.819368839263916	0.0	0.0	0.0	0.0	0.0	0.0	0.0	5.530661582946777	0.0	2.3913064002990723	0.0	0.0	7.987333297729492	0.0	4.477972984313965	2.9558422565460205	2.442500352859497	1.533210039138794	0.0	0.0	0.0	2.362229585647583	2.91152024269104	0.0	3.5205698013305664	0.0	0.0	3.489236831665039	0.0	0.0	0.0	0.0	0.0	0.0	0.0	0.0	0.0	0.0	3.0088517665863037	3.8750803470611572	0.0	0.0	0.0	0.0	0.0	0.0	1.0042552947998047	0.0	0.0	3.0767486095428467	3.5214462280273438	0.0	2.412968397140503	1.026024341583252	0.0	0.0	2.91166090965271	2.6754705905914307	4.838873863220215	0.0	2.81412672996521	0.0	2.541065216064453	0.0	0.0	0.0	4.0506134033203125	0.0	0.0	0.0	0.0	0.0	0.0	0.0	2.522007703781128	4.295503616333008	0.0	0.0	0.0	0.0	0.0	0.0	2.1623432636260986	0.0	0.0	0.0	3.980114221572876	0.0	4.716873645782471	0.0	3.150527238845825	0.0	1.8703601360321045	0.0	0.0	0.0
3.9817392826080322	0.0	4.1094160079956055	0.0	0.0	3.235459327697754	3.0701112747192383	0.8466373682022095	0.0	0.0	3.206984043121338	2.4451498985290527	3.563298463821411	0.0	0.0	0.0	0.0	4.352213382720947	2.857029438018799	3.5381016731262207	0.0	0.0	0.0	3.926175355911255	0.0	0.0	0.0	0.0	0.0	4.8066534996032715	7.149462699890137	2.3912699222564697	0.0	0.0	0.0	0.0	0.0	0.0	0.0	5.4369096755981445	0.0	2.2539913654327393	0.0	0.0	8.619901657104492	0.0	4.203005313873291	3.3051700592041016	2.336534023284912	2.004836320877075	0.0	0.0	0.0	2.6424293518066406	2.466700553894043	0.0	3.3818235397338867	0.0	0.0	3.569733142852783	0.0	0.0	0.0	0.0	0.0	0.0	0.0	0.0	0.0	0.0	2.8807625770568848	4.19372034072876	0.0	0.0	0.0	0.0	0.0	0.0	1.238181710243225	0.0	0.0	3.226381540298462	3.574892282485962	0.0	2.7727487087249756	0.9287561774253845	0.0	0.0	2.0557398796081543	2.367377996444702	5.158596992492676	0.0	3.42775821685791	0.0	2.527669668197632	0.0	0.0	0.0	3.537301778793335	0.0	0.0	0.0	0.0	0.0	0.0	0.0	2.13016676902771	4.425987243652344	0.0	0.0	0.0	0.0	0.0	0.0	2.000805139541626	0.0	0.0	0.0	4.262801170349121	0.0	4.963720321655273	0.0	3.643923759460449	0.0	1.6931661367416382	0.0	0.0	0.0
3.871220350265503	0.0	3.5977325439453125	0.0	0.0	3.2314724922180176	3.4700214862823486	1.520558476448059	0.0	0.0	2.9420790672302246	2.60390043258667	3.28547739982605	0.0	0.0	0.0	0.0	3.683626174926758	2.8673646450042725	2.143122434616089	0.0	0.0	0.0	3.3922641277313232	0.0	0.0	0.0	0.0	0.0	4.915849685668945	6.632328987121582	3.0874109268188477	0.0	0.0	0.0	0.0	0.0	0.0	0.0	5.636684894561768	0.0	2.729929208755493	0.0	0.0	7.664348602294922	0.0	4.619597434997559	3.3804335594177246	1.8196057081222534	1.8577990531921387	0.0	0.0	0.0	2.23364520072937	2.478238582611084	0.0	3.308840274810791	0.0	0.0	3.575334310531616	0.0	0.0	0.0	0.0	0.0	0.0	0.0	0.0	0.0	0.0	3.1336894035339355	4.159417629241943	0.0	0.0	0.0	0.0	0.0	0.0	1.345727801322937	0.0	0.0	3.041508913040161	3.3516223430633545	0.0	2.3300509452819824	1.0317555665969849	0.0	0.0	3.2597153186798096	2.7138593196868896	4.805139541625977	0.0	2.4349727630615234	0.0	2.375197410583496	0.0	0.0	0.0	3.7805469036102295	0.0	0.0	0.0	0.0	0.0	0.0	0.0	2.2380917072296143	3.7693612575531006	0.0	0.0	0.0	0.0	0.0	0.0	2.1894454956054688	0.0	0.0	0.0	4.332090377807617	0.0	5.057847499847412	0.0	3.969027519226074	0.0	1.3232663869857788	0.0	0.0	0.0
3.539860963821411	0.0	3.4370296001434326	0.0	0.0	3.28397798538208	3.6007816791534424	1.6184512376785278	0.0	0.0	2.644435167312622	2.413585662841797	3.455645799636841	0.0	0.0	0.0	0.0	3.6256747245788574	2.8447232246398926	2.5216641426086426	0.0	0.0	0.0	3.476518154144287	0.0	0.0	0.0	0.0	0.0	4.928898334503174	6.398829936981201	2.8873119354248047	0.0	0.0	0.0	0.0	0.0	0.0	0.0	5.834378242492676	0.0	2.485475778579712	0.0	0.0	7.7566986083984375	0.0	4.4110846519470215	3.021559000015259	2.2848896980285645	1.8894087076187134	0.0	0.0	0.0	1.957468867301941	2.2104904651641846	0.0	3.359854221343994	0.0	0.0	3.492131471633911	0.0	0.0	0.0	0.0	0.0	0.0	0.0	0.0	0.0	0.0	3.1124446392059326	4.245365142822266	0.0	0.0	0.0	0.0	0.0	0.0	1.6277525424957275	0.0	0.0	3.2228176593780518	3.5053870677948	0.0	2.3831167221069336	0.9699720740318298	0.0	0.0	2.9208731651306152	2.6914072036743164	4.891145706176758	0.0	2.4240002632141113	0.0	2.4209604263305664	0.0	0.0	0.0	3.619511365890503	0.0	0.0	0.0	0.0	0.0	0.0	0.0	2.6345558166503906	3.9232029914855957	0.0	0.0	0.0	0.0	0.0	0.0	1.979952096939087	0.0	0.0	0.0	4.497595310211182	0.0	4.681995868682861	0.0	3.2223963737487793	0.0	1.5915875434875488	0.0	0.0	0.0
3.387693405151367	0.0	3.1383252143859863	0.0	0.0	2.7211928367614746	4.173313617706299	1.7813047170639038	0.0	0.0	2.962231159210205	2.4711380004882812	3.99845814704895	0.0	0.0	0.0	0.0	2.675381660461426	2.6343350410461426	2.31375789642334	0.0	0.0	0.0	3.2269575595855713	0.0	0.0	0.0	0.0	0.0	5.282632827758789	6.27787446975708	3.125920057296753	0.0	0.0	0.0	0.0	0.0	0.0	0.0	5.12263822555542	0.0	2.2689175605773926	0.0	0.0	7.047703266143799	0.0	4.348633766174316	3.0969889163970947	1.6482747793197632	2.2045326232910156	0.0	0.0	0.0	2.199371099472046	2.958498239517212	0.0	3.7650880813598633	0.0	0.0	3.4843878746032715	0.0	0.0	0.0	0.0	0.0	0.0	0.0	0.0	0.0	0.0	2.735393762588501	4.599809646606445	0.0	0.0	0.0	0.0	0.0	0.0	1.0358147621154785	0.0	0.0	2.912022352218628	3.860616683959961	0.0	2.470876693725586	0.6561809778213501	0.0	0.0	3.423879861831665	1.9515807628631592	4.437568187713623	0.0	2.449272632598877	0.0	2.3857412338256836	0.0	0.0	0.0	3.401121139526367	0.0	0.0	0.0	0.0	0.0	0.0	0.0	2.166775941848755	3.7411885261535645	0.0	0.0	0.0	0.0	0.0	0.0	1.7721139192581177	0.0	0.0	0.0	4.2069830894470215	0.0	4.0731940269470215	0.0	2.8767454624176025	0.0	2.233670949935913	0.0	0.0	0.0
3.3905186653137207	0.0	3.705160140991211	0.0	0.0	3.3414194583892822	3.785269260406494	1.3593312501907349	0.0	0.0	2.505258798599243	2.5631160736083984	3.0178987979888916	0.0	0.0	0.0	0.0	3.4063844680786133	3.0215113162994385	2.0259153842926025	0.0	0.0	0.0	3.5768558979034424	0.0	0.0	0.0	0.0	0.0	4.893991470336914	6.5826497077941895	3.051274299621582	0.0	0.0	0.0	0.0	0.0	0.0	0.0	5.322255611419678	0.0	2.599982976913452	0.0	0.0	7.4721455574035645	0.0	4.76823616027832	3.0865700244903564	1.9734199047088623	1.6990525722503662	0.0	0.0	0.0	2.3018484115600586	2.645554304122925	0.0	3.889420747756958	0.0	0.0	3.586470127105713	0.0	0.0	0.0	0.0	0.0	0.0	0.0	0.0	0.0	0.0	3.150888442993164	4.314032077789307	0.0	0.0	0.0	0.0	0.0	0.0	1.7101726531982422	0.0	0.0	3.3011698722839355	3.1859076023101807	0.0	2.7247166633605957	1.2317911386489868	0.0	0.0	3.0034353733062744	2.7393088340759277	4.606125831604004	0.0	3.2668728828430176	0.0	2.432504177093506	0.0	0.0	0.0	3.6190052032470703	0.0	0.0	0.0	0.0	0.0	0.0	0.0	2.2192234992980957	3.8656671047210693	0.0	0.0	0.0	0.0	0.0	0.0	1.6988611221313477	0.0	0.0	0.0	4.408451080322266	0.0	4.827603340148926	0.0	3.897172689437866	0.0	1.1255370378494263	0.0	0.0	0.0
3.3651978969573975	0.0	3.7367682456970215	0.0	0.0	3.2233099937438965	3.647679090499878	1.2338875532150269	0.0	0.0	2.4762868881225586	2.731894016265869	2.900405168533325	0.0	0.0	0.0	0.0	3.459503173828125	2.981236457824707	1.7390294075012207	0.0	0.0	0.0	3.5613648891448975	0.0	0.0	0.0	0.0	0.0	4.846902370452881	6.571323394775391	3.032144069671631	0.0	0.0	0.0	0.0	0.0	0.0	0.0	5.317941188812256	0.0	2.8973801136016846	0.0	0.0	7.387639045715332	0.0	4.828328609466553	3.2377243041992188	1.833680510520935	1.7470685243606567	0.0	0.0	0.0	2.2794742584228516	2.711280345916748	0.0	3.649886131286621	0.0	0.0	3.523428440093994	0.0	0.0	0.0	0.0	0.0	0.0	0.0	0.0	0.0	0.0	3.365088939666748	4.326667785644531	0.0	0.0	0.0	0.0	0.0	0.0	1.7708278894424438	0.0	0.0	3.1622722148895264	3.2101738452911377	0.0	2.7100210189819336	1.1793913841247559	0.0	0.0	3.171069622039795	2.948491334915161	4.495518207550049	0.0	3.1959786415100098	0.0	2.3047401905059814	0.0	0.0	0.0	3.6684207916259766	0.0	0.0	0.0	0.0	0.0	0.0	0.0	1.9681951999664307	3.856715440750122	0.0	0.0	0.0	0.0	0.0	0.0	1.9039645195007324	0.0	0.0	0.0	4.392991065979004	0.0	5.142829895019531	0.0	4.490927219390869	0.0	0.9110087752342224	0.0	0.0	0.0
3.2868027687072754	0.0	3.461601734161377	0.0	0.0	3.3857033252716064	3.431966543197632	1.2664803266525269	0.0	0.0	2.5812461376190186	2.6964614391326904	2.953629493713379	0.0	0.0	0.0	0.0	3.729076862335205	3.179105520248413	1.3910560607910156	0.0	0.0	0.0	3.377981424331665	0.0	0.0	0.0	0.0	0.0	4.842266082763672	6.5453104972839355	3.12892746925354	0.0	0.0	0.0	0.0	0.0	0.0	0.0	5.748417854309082	0.0	3.179828643798828	0.0	0.0	7.171389102935791	0.0	4.859824180603027	3.5887253284454346	1.958410620689392	2.5503628253936768	0.0	0.0	0.0	2.392749786376953	2.4901721477508545	0.0	3.575573205947876	0.0	0.0	3.5940277576446533	0.0	0.0	0.0	0.0	0.0	0.0	0.0	0.0	0.0	0.0	3.646547317504883	4.577058792114258	0.0	0.0	0.0	0.0	0.0	0.0	2.107454538345337	0.0	0.0	3.246933937072754	3.3607778549194336	0.0	2.503859519958496	0.8946354985237122	0.0	0.0	3.2580838203430176	2.8752870559692383	4.767960071563721	0.0	2.45603609085083	0.0	2.1306235790252686	0.0	0.0	0.0	3.827085494995117	0.0	0.0	0.0	0.0	0.0	0.0	0.0	1.8373959064483643	3.6298515796661377	0.0	0.0	0.0	0.0	0.0	0.0	2.316957712173462	0.0	0.0	0.0	4.950201034545898	0.0	5.300357818603516	0.0	4.880345821380615	0.0	0.9011382460594177	0.0	0.0	0.0
3.2047038078308105	0.0	3.7364792823791504	0.0	0.0	3.400973320007324	3.749582052230835	1.0081905126571655	0.0	0.0	2.201012372970581	2.8013577461242676	2.4556009769439697	0.0	0.0	0.0	0.0	3.5441269874572754	3.214890241622925	1.6773953437805176	0.0	0.0	0.0	3.6558005809783936	0.0	0.0	0.0	0.0	0.0	4.652350902557373	6.566389560699463	2.794496774673462	0.0	0.0	0.0	0.0	0.0	0.0	0.0	4.9685444831848145	0.0	2.706502914428711	0.0	0.0	7.293401718139648	0.0	4.781652927398682	3.0368192195892334	1.8001453876495361	1.3629592657089233	0.0	0.0	0.0	2.285982608795166	2.97454833984375	0.0	3.8841745853424072	0.0	0.0	3.6922895908355713	0.0	0.0	0.0	0.0	0.0	0.0	0.0	0.0	0.0	0.0	3.08363938331604	4.30722188949585	0.0	0.0	0.0	0.0	0.0	0.0	2.0274815559387207	0.0	0.0	3.367553472518921	2.9101901054382324	0.0	2.9224534034729004	1.4832024574279785	0.0	0.0	2.712430715560913	2.5618531703948975	4.187668323516846	0.0	3.9415087699890137	0.0	2.232356309890747	0.0	0.0	0.0	3.6518607139587402	0.0	0.0	0.0	0.0	0.0	0.0	0.0	1.99337637424469	3.7338175773620605	0.0	0.0	0.0	0.0	0.0	0.0	1.7993640899658203	0.0	0.0	0.0	4.4162187576293945	0.0	5.14551305770874	0.0	4.605696678161621	0.0	0.603312611579895	0.0	0.0	0.0
6.145173072814941	0.0	4.159646987915039	0.0	0.0	3.95439076423645	1.2719672918319702	3.089639186859131	0.0	0.0	2.521030902862549	3.6291959285736084	2.395124673843384	0.0	0.0	0.0	0.0	2.7410690784454346	1.5476642847061157	0.0	0.0	0.0	0.0	4.6546454429626465	0.0	0.0	0.0	0.0	0.0	5.301980018615723	8.406408309936523	1.492166519165039	0.0	0.0	0.0	0.0	0.0	0.0	0.0	6.367007255554199	0.0	4.219177722930908	0.0	0.0	9.305961608886719	0.0	5.921846389770508	3.008993625640869	3.4523520469665527	0.3809899687767029	0.0	0.0	0.0	3.159186601638794	3.7697408199310303	0.0	2.323197841644287	0.0	0.0	3.652695655822754	0.0	0.0	0.0	0.0	0.0	0.0	0.0	0.0	0.0	0.0	5.96067476272583	3.3981547355651855	0.0	0.0	0.0	0.0	0.0	0.0	0.7859301567077637	0.0	0.0	2.3976640701293945	1.721339225769043	0.0	1.2187286615371704	2.9947800636291504	0.0	0.0	4.8903889656066895	4.056407928466797	5.677334308624268	0.0	0.5617977380752563	0.0	3.4726407527923584	0.0	0.0	0.0	5.963808536529541	0.0	0.0	0.0	0.0	0.0	0.0	0.0	0.789110541343689	2.755937099456787	0.0	0.0	0.0	0.0	0.0	0.0	2.9499549865722656	0.0	0.0	0.0	3.324490547180176	0.0	4.790260314941406	0.0	4.671387672424316	0.0	1.698290228843689	0.0	0.0	0.0
3.4021053314208984	0.0	3.8496038913726807	0.0	0.0	3.5902576446533203	3.58376407623291	0.8943773508071899	0.0	0.0	2.2937779426574707	2.775981903076172	2.3770809173583984	0.0	0.0	0.0	0.0	3.6273069381713867	3.262608051300049	0.9001518487930298	0.0	0.0	0.0	3.365396738052368	0.0	0.0	0.0	0.0	0.0	4.754194259643555	6.6860480308532715	3.1690874099731445	0.0	0.0	0.0	0.0	0.0	0.0	0.0	5.383096218109131	0.0	3.8212296962738037	0.0	0.0	6.893012523651123	0.0	5.345272541046143	3.9875290393829346	1.7008639574050903	2.191088914871216	0.0	0.0	0.0	2.7489125728607178	2.887061595916748	0.0	4.07394552230835	0.0	0.0	3.894808053970337	0.0	0.0	0.0	0.0	0.0	0.0	0.0	0.0	0.0	0.0	3.9385311603546143	4.944387912750244	0.0	0.0	0.0	0.0	0.0	0.0	2.6592676639556885	0.0	0.0	3.226654529571533	3.263477087020874	0.0	2.8132879734039307	1.1110903024673462	0.0	0.0	3.484583854675293	3.4218735694885254	4.586994647979736	0.0	3.431809425354004	0.0	2.1087632179260254	0.0	0.0	0.0	3.9067602157592773	0.0	0.0	0.0	0.0	0.0	0.0	0.0	1.5364185571670532	3.704852342605591	0.0	0.0	0.0	0.0	0.0	0.0	2.296459674835205	0.0	0.0	0.0	5.080256938934326	0.0	5.8595428466796875	0.0	5.827744483947754	0.0	0.6868807673454285	0.0	0.0	0.0
4.191151142120361	0.0	3.410259246826172	0.0	0.0	2.861177921295166	2.6408329010009766	1.510337471961975	0.0	0.0	2.3552486896514893	2.8671133518218994	2.8958864212036133	0.0	0.0	0.0	0.0	3.12446665763855	2.7477593421936035	1.3435512781143188	0.0	0.0	0.0	3.8225672245025635	0.0	0.0	0.0	0.0	0.0	4.73942756652832	6.5324387550354	2.3666369915008545	0.0	0.0	0.0	0.0	0.0	0.0	0.0	5.167916774749756	0.0	3.190810441970825	0.0	0.0	7.919587135314941	0.0	4.72654914855957	3.050534248352051	3.0384082794189453	1.196175456047058	0.0	0.0	0.0	2.4512412548065186	3.0069222450256348	0.0	3.3034112453460693	0.0	0.0	3.5543806552886963	0.0	0.0	0.0	0.0	0.0	0.0	0.0	0.0	0.0	0.0	3.788396120071411	3.528904438018799	0.0	0.0	0.0	0.0	0.0	0.0	1.1827764511108398	0.0	0.0	2.8374996185302734	2.63836932182312	0.0	2.2004024982452393	1.7867416143417358	0.0	0.0	3.616873264312744	3.4924168586730957	4.450595378875732	0.0	2.662499189376831	0.0	2.410191059112549	0.0	0.0	0.0	3.685950994491577	0.0	0.0	0.0	0.0	0.0	0.0	0.0	1.1242538690567017	3.784108877182007	0.0	0.0	0.0	0.0	0.0	0.0	1.8227505683898926	0.0	0.0	0.0	3.644401788711548	0.0	4.858442783355713	0.0	3.918900489807129	0.0	1.2000540494918823	0.0	0.0	0.0
3.175027847290039	0.0	3.1850805282592773	0.0	0.0	3.6315391063690186	3.7443535327911377	2.0587596893310547	0.0	0.0	2.7228353023529053	2.5503289699554443	4.077881336212158	0.0	0.0	0.0	0.0	3.7730586528778076	3.5174508094787598	2.33962345123291	0.0	0.0	0.0	3.088146686553955	0.0	0.0	0.0	0.0	0.0	4.881917953491211	6.722801685333252	2.5044658184051514	0.0	0.0	0.0	0.0	0.0	0.0	0.0	5.5381059646606445	0.0	2.8421926498413086	0.0	0.0	7.568554401397705	0.0	4.459158897399902	3.9984254837036133	2.0859107971191406	2.609548568725586	0.0	0.0	0.0	1.9263765811920166	2.1780452728271484	0.0	3.3536829948425293	0.0	0.0	3.778286933898926	0.0	0.0	0.0	0.0	0.0	0.0	0.0	0.0	0.0	0.0	2.8398942947387695	4.555196762084961	0.0	0.0	0.0	0.0	0.0	0.0	0.8817517757415771	0.0	0.0	3.2172505855560303	3.335671901702881	0.0	2.4289777278900146	0.7324993014335632	0.0	0.0	2.7867822647094727	2.5812461376190186	4.844650745391846	0.0	1.8894785642623901	0.0	1.9427770376205444	0.0	0.0	0.0	3.0399341583251953	0.0	0.0	0.0	0.0	0.0	0.0	0.0	2.801717758178711	3.9118051528930664	0.0	0.0	0.0	0.0	0.0	0.0	2.3578732013702393	0.0	0.0	0.0	4.5218634605407715	0.0	5.2752556800842285	0.0	2.744166612625122	0.0	2.3810360431671143	0.0	0.0	0.0
5.326032638549805	0.0	3.660799264907837	0.0	0.0	3.3132734298706055	1.7325612306594849	2.2557098865509033	0.0	0.0	2.364950656890869	3.044269561767578	2.7588844299316406	0.0	0.0	0.0	0.0	3.0560271739959717	2.3701910972595215	0.9699130058288574	0.0	0.0	0.0	4.337130546569824	0.0	0.0	0.0	0.0	0.0	4.964741230010986	7.3457183837890625	1.8961513042449951	0.0	0.0	0.0	0.0	0.0	0.0	0.0	6.07703971862793	0.0	3.909656524658203	0.0	0.0	8.59546947479248	0.0	5.184958457946777	3.144583225250244	3.829622983932495	0.6512119174003601	0.0	0.0	0.0	2.734774351119995	3.564146041870117	0.0	2.5756986141204834	0.0	0.0	3.5946433544158936	0.0	0.0	0.0	0.0	0.0	0.0	0.0	0.0	0.0	0.0	5.113241195678711	3.2310123443603516	0.0	0.0	0.0	0.0	0.0	0.0	0.9395803809165955	0.0	0.0	2.54791259765625	2.16082763671875	0.0	1.4069578647613525	2.5570294857025146	0.0	0.0	4.371212482452393	4.231760501861572	4.887347221374512	0.0	1.2319340705871582	0.0	2.823598861694336	0.0	0.0	0.0	4.919625282287598	0.0	0.0	0.0	0.0	0.0	0.0	0.0	1.0397053956985474	3.4811172485351562	0.0	0.0	0.0	0.0	0.0	0.0	2.3744664192199707	0.0	0.0	0.0	3.2458858489990234	0.0	4.861719131469727	0.0	3.8785767555236816	0.0	1.8192007541656494	0.0	0.0	0.0
3.548853874206543	0.0	3.742025852203369	0.0	0.0	3.3010120391845703	3.65413498878479	1.1575380563735962	0.0	0.0	2.5184288024902344	2.505965232849121	3.15633225440979	0.0	0.0	0.0	0.0	3.503964900970459	2.7060739994049072	2.136385440826416	0.0	0.0	0.0	3.4280145168304443	0.0	0.0	0.0	0.0	0.0	4.647523880004883	6.4176154136657715	3.092709541320801	0.0	0.0	0.0	0.0	0.0	0.0	0.0	5.489996910095215	0.0	2.8272218704223633	0.0	0.0	7.440362930297852	0.0	4.634794235229492	3.214505434036255	1.7810068130493164	1.6875872611999512	0.0	0.0	0.0	2.3053300380706787	2.5922253131866455	0.0	3.5176520347595215	0.0	0.0	3.487600088119507	0.0	0.0	0.0	0.0	0.0	0.0	0.0	0.0	0.0	0.0	3.3399009704589844	4.223239421844482	0.0	0.0	0.0	0.0	0.0	0.0	1.770267367362976	0.0	0.0	3.0952675342559814	3.407527208328247	0.0	2.6022908687591553	0.8991878032684326	0.0	0.0	3.168137788772583	3.0517654418945312	4.820964336395264	0.0	2.915919303894043	0.0	2.519073247909546	0.0	0.0	0.0	3.7348737716674805	0.0	0.0	0.0	0.0	0.0	0.0	0.0	2.2694716453552246	3.86366605758667	0.0	0.0	0.0	0.0	0.0	0.0	1.9998507499694824	0.0	0.0	0.0	4.481287002563477	0.0	5.055628299713135	0.0	4.030282497406006	0.0	1.070576786994934	0.0	0.0	0.0
3.9947707653045654	0.0	3.407435178756714	0.0	0.0	3.387885808944702	3.2678778171539307	1.8896194696426392	0.0	0.0	2.8181912899017334	2.4922540187835693	3.3887691497802734	0.0	0.0	0.0	0.0	3.3180582523345947	2.708017349243164	2.612356662750244	0.0	0.0	0.0	3.712841510772705	0.0	0.0	0.0	0.0	0.0	4.810124397277832	6.856656551361084	2.5368270874023438	0.0	0.0	0.0	0.0	0.0	0.0	0.0	5.558992385864258	0.0	2.448105812072754	0.0	0.0	7.956951141357422	0.0	4.607872486114502	2.866947650909424	2.235612630844116	1.368694543838501	0.0	0.0	0.0	2.4081766605377197	2.678107976913452	0.0	3.2134077548980713	0.0	0.0	3.3287198543548584	0.0	0.0	0.0	0.0	0.0	0.0	0.0	0.0	0.0	0.0	3.0377354621887207	3.9152214527130127	0.0	0.0	0.0	0.0	0.0	0.0	0.7091206908226013	0.0	0.0	2.8617067337036133	3.1961605548858643	0.0	2.124577760696411	1.1369190216064453	0.0	0.0	2.9740021228790283	2.577498197555542	4.863022804260254	0.0	2.2415218353271484	0.0	2.694705009460449	0.0	0.0	0.0	3.9775922298431396	0.0	0.0	0.0	0.0	0.0	0.0	0.0	2.2277579307556152	3.8530173301696777	0.0	0.0	0.0	0.0	0.0	0.0	1.8696702718734741	0.0	0.0	0.0	3.6822760105133057	0.0	4.290121078491211	0.0	3.1119437217712402	0.0	1.7495715618133545	0.0	0.0	0.0
3.9633376598358154	0.0	3.447072982788086	0.0	0.0	3.387209892272949	3.205014944076538	2.197323799133301	0.0	0.0	2.959589958190918	2.4732978343963623	3.545884609222412	0.0	0.0	0.0	0.0	3.4838743209838867	2.6457533836364746	2.5567784309387207	0.0	0.0	0.0	3.442932605743408	0.0	0.0	0.0	0.0	0.0	4.68784236907959	6.879316329956055	2.2283382415771484	0.0	0.0	0.0	0.0	0.0	0.0	0.0	5.760385990142822	0.0	2.7745890617370605	0.0	0.0	8.072322845458984	0.0	4.434778213500977	3.1821858882904053	1.8065297603607178	1.753074049949646	0.0	0.0	0.0	2.061134099960327	2.958188056945801	0.0	3.1898820400238037	0.0	0.0	3.6985230445861816	0.0	0.0	0.0	0.0	0.0	0.0	0.0	0.0	0.0	0.0	3.2583932876586914	4.279088973999023	0.0	0.0	0.0	0.0	0.0	0.0	0.6448773145675659	0.0	0.0	2.8615667819976807	3.2814228534698486	0.0	1.8466174602508545	1.057427167892456	0.0	0.0	3.165410041809082	2.480896472930908	5.024415493011475	0.0	1.7605031728744507	0.0	2.7368998527526855	0.0	0.0	0.0	3.944929838180542	0.0	0.0	0.0	0.0	0.0	0.0	0.0	2.278444528579712	3.536266803741455	0.0	0.0	0.0	0.0	0.0	0.0	2.5345077514648438	0.0	0.0	0.0	4.029377460479736	0.0	4.811973571777344	0.0	2.905665159225464	0.0	2.245351791381836	0.0	0.0	0.0
3.003086805343628	0.0	3.7089641094207764	0.0	0.0	3.5360732078552246	3.9689924716949463	1.380165457725525	0.0	0.0	1.5628944635391235	2.2266194820404053	3.7360589504241943	0.0	0.0	0.0	0.0	4.5839056968688965	3.301891565322876	1.4060689210891724	0.0	0.0	0.0	2.1291580200195312	0.0	0.0	0.0	0.0	0.0	4.607016086578369	5.695675849914551	3.0825307369232178	0.0	0.0	0.0	0.0	0.0	0.0	0.0	7.965322971343994	0.0	3.5850322246551514	0.0	0.0	6.397387981414795	0.0	4.780927658081055	4.318850994110107	2.1904048919677734	3.4444174766540527	0.0	0.0	0.0	1.0759096145629883	0.9647107720375061	0.0	2.9478042125701904	0.0	0.0	3.372056007385254	0.0	0.0	0.0	0.0	0.0	0.0	0.0	0.0	0.0	0.0	4.714929103851318	5.211806774139404	0.0	0.0	0.0	0.0	0.0	0.0	2.700051784515381	0.0	0.0	3.934142827987671	3.8611414432525635	0.0	2.335310935974121	0.19015353918075562	0.0	0.0	3.5552899837493896	4.293974876403809	5.129936695098877	0.0	0.0	0.0	2.2952992916107178	0.0	0.0	0.0	3.3525846004486084	0.0	0.0	0.0	0.0	0.0	0.0	0.0	4.137142658233643	4.021296977996826	0.0	0.0	0.0	0.0	0.0	0.0	2.527419090270996	0.0	0.0	0.0	6.452631950378418	0.0	6.320724010467529	0.0	4.298723220825195	0.0	1.819426417350769	0.0	0.0	0.0
4.108151435852051	0.0	3.740478515625	0.0	0.0	3.566147565841675	2.8250012397766113	2.093453884124756	0.0	0.0	3.1698625087738037	2.578481674194336	3.060558319091797	0.0	0.0	0.0	0.0	3.628371238708496	2.3883016109466553	2.3367738723754883	0.0	0.0	0.0	3.938361644744873	0.0	0.0	0.0	0.0	0.0	4.896971702575684	7.168318748474121	2.2091829776763916	0.0	0.0	0.0	0.0	0.0	0.0	0.0	5.831493377685547	0.0	2.4341399669647217	0.0	0.0	8.505321502685547	0.0	4.567225933074951	2.7142157554626465	1.8901677131652832	1.4681100845336914	0.0	0.0	0.0	2.373595714569092	2.580117702484131	0.0	2.91831636428833	0.0	0.0	3.393235683441162	0.0	0.0	0.0	0.0	0.0	0.0	0.0	0.0	0.0	0.0	3.2527809143066406	3.8627772331237793	0.0	0.0	0.0	0.0	0.0	0.0	1.0142239332199097	0.0	0.0	2.7198076248168945	3.0462238788604736	0.0	1.9772624969482422	1.3796461820602417	0.0	0.0	2.8552486896514893	2.336451768875122	5.169595718383789	0.0	2.09952449798584	0.0	2.9010910987854004	0.0	0.0	0.0	4.25793981552124	0.0	0.0	0.0	0.0	0.0	0.0	0.0	2.0835726261138916	3.4730913639068604	0.0	0.0	0.0	0.0	0.0	0.0	2.2078182697296143	0.0	0.0	0.0	3.8111355304718018	0.0	4.329989910125732	0.0	3.4021286964416504	0.0	1.4192900657653809	0.0	0.0	0.0
3.9929933547973633	0.0	3.4165737628936768	0.0	0.0	3.3447117805480957	3.1683189868927	1.7577338218688965	0.0	0.0	2.9025611877441406	2.530418872833252	3.4091126918792725	0.0	0.0	0.0	0.0	3.363983392715454	2.751477003097534	2.4756202697753906	0.0	0.0	0.0	3.9339027404785156	0.0	0.0	0.0	0.0	0.0	4.943587303161621	6.903992652893066	2.556138515472412	0.0	0.0	0.0	0.0	0.0	0.0	0.0	5.444315433502197	0.0	2.412360429763794	0.0	0.0	8.02128791809082	0.0	4.480742454528809	2.784615993499756	2.2653250694274902	1.366714596748352	0.0	0.0	0.0	2.3580098152160645	2.639582395553589	0.0	3.269315481185913	0.0	0.0	3.4078283309936523	0.0	0.0	0.0	0.0	0.0	0.0	0.0	0.0	0.0	0.0	3.046966552734375	3.9061875343322754	0.0	0.0	0.0	0.0	0.0	0.0	0.9865579009056091	0.0	0.0	2.9644737243652344	3.1627187728881836	0.0	2.260849952697754	1.2262606620788574	0.0	0.0	2.972360610961914	2.6174514293670654	4.951303958892822	0.0	2.613356590270996	0.0	2.5844621658325195	0.0	0.0	0.0	3.922724723815918	0.0	0.0	0.0	0.0	0.0	0.0	0.0	2.0465469360351562	3.8186089992523193	0.0	0.0	0.0	0.0	0.0	0.0	2.040012836456299	0.0	0.0	0.0	3.835759162902832	0.0	4.477494716644287	0.0	3.2732222080230713	0.0	1.5942142009735107	0.0	0.0	0.0
3.769207000732422	0.0	3.4138143062591553	0.0	0.0	3.399953842163086	3.0971243381500244	1.8344775438308716	0.0	0.0	3.018764019012451	2.416356325149536	3.2761247158050537	0.0	0.0	0.0	0.0	3.6152660846710205	2.668736219406128	2.509612798690796	0.0	0.0	0.0	3.5895888805389404	0.0	0.0	0.0	0.0	0.0	4.825927257537842	6.766809463500977	2.3878636360168457	0.0	0.0	0.0	0.0	0.0	0.0	0.0	5.579780578613281	0.0	2.3815791606903076	0.0	0.0	8.08092975616455	0.0	4.486154079437256	3.0431830883026123	2.0844717025756836	1.5958969593048096	0.0	0.0	0.0	2.1984615325927734	2.4695448875427246	0.0	3.1741409301757812	0.0	0.0	3.5508458614349365	0.0	0.0	0.0	0.0	0.0	0.0	0.0	0.0	0.0	0.0	2.761833429336548	3.8960165977478027	0.0	0.0	0.0	0.0	0.0	0.0	1.128378987312317	0.0	0.0	2.821685314178467	3.1498184204101562	0.0	2.0882627964019775	1.1798579692840576	0.0	0.0	2.765188694000244	2.4281058311462402	4.724781036376953	0.0	2.3357295989990234	0.0	2.4757742881774902	0.0	0.0	0.0	3.662094831466675	0.0	0.0	0.0	0.0	0.0	0.0	0.0	2.0241682529449463	3.623819351196289	0.0	0.0	0.0	0.0	0.0	0.0	1.905578851699829	0.0	0.0	0.0	3.8926897048950195	0.0	4.544650077819824	0.0	3.242116928100586	0.0	1.5958282947540283	0.0	0.0	0.0
3.359924793243408	0.0	3.718729257583618	0.0	0.0	3.369159698486328	3.9384942054748535	1.1854369640350342	0.0	0.0	2.3657639026641846	2.613802194595337	2.5832602977752686	0.0	0.0	0.0	0.0	3.5827131271362305	3.112689971923828	1.9061695337295532	0.0	0.0	0.0	3.5209951400756836	0.0	0.0	0.0	0.0	0.0	4.770909309387207	6.484190464019775	3.011517286300659	0.0	0.0	0.0	0.0	0.0	0.0	0.0	5.222970962524414	0.0	2.7541260719299316	0.0	0.0	7.251323223114014	0.0	4.80208158493042	3.109795570373535	1.4982084035873413	1.549067497253418	0.0	0.0	0.0	2.3212952613830566	2.8421430587768555	0.0	3.8896291255950928	0.0	0.0	3.579644203186035	0.0	0.0	0.0	0.0	0.0	0.0	0.0	0.0	0.0	0.0	3.189744234085083	4.401583194732666	0.0	0.0	0.0	0.0	0.0	0.0	1.7935250997543335	0.0	0.0	3.263314723968506	3.052691698074341	0.0	2.767759323120117	1.3067232370376587	0.0	0.0	3.0628793239593506	2.897596836090088	4.45105504989624	0.0	3.5536651611328125	0.0	2.387770414352417	0.0	0.0	0.0	3.7030105590820312	0.0	0.0	0.0	0.0	0.0	0.0	0.0	2.110680103302002	3.7276155948638916	0.0	0.0	0.0	0.0	0.0	0.0	1.7383705377578735	0.0	0.0	0.0	4.417497158050537	0.0	5.160499095916748	0.0	4.163354396820068	0.0	0.7103762626647949	0.0	0.0	0.0
3.211700916290283	0.0	3.2644076347351074	0.0	0.0	3.049835681915283	3.466003656387329	1.7189832925796509	0.0	0.0	2.4521560668945312	2.7963852882385254	4.204697132110596	0.0	0.0	0.0	0.0	3.836367607116699	3.3137826919555664	2.038510799407959	0.0	0.0	0.0	3.247142791748047	0.0	0.0	0.0	0.0	0.0	4.6695170402526855	5.956405162811279	2.8922817707061768	0.0	0.0	0.0	0.0	0.0	0.0	0.0	6.101810932159424	0.0	2.9287593364715576	0.0	0.0	7.344249248504639	0.0	4.292391777038574	3.549455165863037	2.1268744468688965	2.9749813079833984	0.0	0.0	0.0	1.7453410625457764	2.213369607925415	0.0	3.3177711963653564	0.0	0.0	3.2685844898223877	0.0	0.0	0.0	0.0	0.0	0.0	0.0	0.0	0.0	0.0	3.472186803817749	4.238104343414307	0.0	0.0	0.0	0.0	0.0	0.0	1.1520861387252808	0.0	0.0	3.3522377014160156	3.7192697525024414	0.0	2.6110289096832275	0.3461361527442932	0.0	0.0	2.9463067054748535	2.9132285118103027	5.127096652984619	0.0	1.7365642786026	0.0	2.385246515274048	0.0	0.0	0.0	3.3316538333892822	0.0	0.0	0.0	0.0	0.0	0.0	0.0	2.3555307388305664	4.200335502624512	0.0	0.0	0.0	0.0	0.0	0.0	2.6241159439086914	0.0	0.0	0.0	4.991581439971924	0.0	5.109905242919922	0.0	3.7232136726379395	0.0	1.7934023141860962	0.0	0.0	0.0
3.53916335105896	0.0	3.4198191165924072	0.0	0.0	3.2430849075317383	3.535465717315674	1.4745932817459106	0.0	0.0	2.7813332080841064	2.458826780319214	3.4243664741516113	0.0	0.0	0.0	0.0	3.463393449783325	2.917578935623169	2.376032590866089	0.0	0.0	0.0	3.5768399238586426	0.0	0.0	0.0	0.0	0.0	4.794073104858398	6.593611240386963	2.9576163291931152	0.0	0.0	0.0	0.0	0.0	0.0	0.0	5.44317626953125	0.0	2.580521583557129	0.0	0.0	7.569615364074707	0.0	4.4758381843566895	3.0690181255340576	2.0923562049865723	1.7672538757324219	0.0	0.0	0.0	2.183701276779175	2.627180576324463	0.0	3.460787773132324	0.0	0.0	3.5092594623565674	0.0	0.0	0.0	0.0	0.0	0.0	0.0	0.0	0.0	0.0	3.0595791339874268	4.062715530395508	0.0	0.0	0.0	0.0	0.0	0.0	1.4067120552062988	0.0	0.0	3.146108865737915	3.4004173278808594	0.0	2.375434160232544	0.9192346334457397	0.0	0.0	3.060817241668701	2.695981502532959	4.624603748321533	0.0	2.746598720550537	0.0	2.377457618713379	0.0	0.0	0.0	3.7313315868377686	0.0	0.0	0.0	0.0	0.0	0.0	0.0	2.2456884384155273	3.946229934692383	0.0	0.0	0.0	0.0	0.0	0.0	1.9599748849868774	0.0	0.0	0.0	4.236639976501465	0.0	4.739678859710693	0.0	3.6061477661132812	0.0	1.380440592765808	0.0	0.0	0.0
3.2937698364257812	0.0	3.820786714553833	0.0	0.0	3.4062111377716064	3.9166464805603027	1.1733840703964233	0.0	0.0	2.3509058952331543	2.634263038635254	2.6511735916137695	0.0	0.0	0.0	0.0	3.6177978515625	3.1359846591949463	1.9316670894622803	0.0	0.0	0.0	3.546464681625366	0.0	0.0	0.0	0.0	0.0	4.7624921798706055	6.477853298187256	2.9655673503875732	0.0	0.0	0.0	0.0	0.0	0.0	0.0	5.293581485748291	0.0	2.703503131866455	0.0	0.0	7.348608493804932	0.0	4.884303092956543	3.1867401599884033	1.6612187623977661	1.6084778308868408	0.0	0.0	0.0	2.336130142211914	2.813974380493164	0.0	3.91191029548645	0.0	0.0	3.6683647632598877	0.0	0.0	0.0	0.0	0.0	0.0	0.0	0.0	0.0	0.0	3.158954381942749	4.361030101776123	0.0	0.0	0.0	0.0	0.0	0.0	1.7914860248565674	0.0	0.0	3.2794344425201416	3.0571346282958984	0.0	2.8573858737945557	1.41260826587677	0.0	0.0	2.8761940002441406	2.8272464275360107	4.47836446762085	0.0	3.432579755783081	0.0	2.438887596130371	0.0	0.0	0.0	3.5971288681030273	0.0	0.0	0.0	0.0	0.0	0.0	0.0	2.175644636154175	3.7637343406677246	0.0	0.0	0.0	0.0	0.0	0.0	1.6675715446472168	0.0	0.0	0.0	4.4537458419799805	0.0	5.114487171173096	0.0	4.133602619171143	0.0	0.8473177552223206	0.0	0.0	0.0
3.6602189540863037	0.0	3.554626941680908	0.0	0.0	3.2422125339508057	3.4006543159484863	1.3844512701034546	0.0	0.0	2.8178939819335938	2.3682003021240234	3.2437639236450195	0.0	0.0	0.0	0.0	3.771045684814453	2.929823637008667	2.469510078430176	0.0	0.0	0.0	3.5145633220672607	0.0	0.0	0.0	0.0	0.0	4.856288909912109	6.700186252593994	2.9660773277282715	0.0	0.0	0.0	0.0	0.0	0.0	0.0	5.69468355178833	0.0	2.6404104232788086	0.0	0.0	7.771154403686523	0.0	4.659744739532471	3.350292444229126	2.1591410636901855	1.944749116897583	0.0	0.0	0.0	2.398206949234009	2.299079179763794	0.0	3.449982166290283	0.0	0.0	3.620029926300049	0.0	0.0	0.0	0.0	0.0	0.0	0.0	0.0	0.0	0.0	3.2736198902130127	4.279058933258057	0.0	0.0	0.0	0.0	0.0	0.0	1.620222806930542	0.0	0.0	3.0829336643218994	3.490178346633911	0.0	2.4029009342193604	1.01400887966156	0.0	0.0	2.984379291534424	2.712461471557617	4.861423969268799	0.0	2.5315332412719727	0.0	2.420801877975464	0.0	0.0	0.0	3.7915756702423096	0.0	0.0	0.0	0.0	0.0	0.0	0.0	2.1157965660095215	3.9928855895996094	0.0	0.0	0.0	0.0	0.0	0.0	2.0230960845947266	0.0	0.0	0.0	4.401641845703125	0.0	4.799652576446533	0.0	3.932788372039795	0.0	1.4200149774551392	0.0	0.0	0.0
4.293513774871826	0.0	3.4710702896118164	0.0	0.0	3.351351261138916	2.7936556339263916	1.8385438919067383	0.0	0.0	2.8476972579956055	2.6002066135406494	2.9144093990325928	0.0	0.0	0.0	0.0	3.5671019554138184	2.6770145893096924	1.9801477193832397	0.0	0.0	0.0	3.8835291862487793	0.0	0.0	0.0	0.0	0.0	4.880941867828369	7.033381938934326	2.2533419132232666	0.0	0.0	0.0	0.0	0.0	0.0	0.0	5.649389743804932	0.0	2.6161911487579346	0.0	0.0	8.214219093322754	0.0	4.869123458862305	3.0311365127563477	2.5494298934936523	1.3719643354415894	0.0	0.0	0.0	2.5144057273864746	2.770829916000366	0.0	3.1256046295166016	0.0	0.0	3.552983045578003	0.0	0.0	0.0	0.0	0.0	0.0	0.0	0.0	0.0	0.0	3.4347290992736816	3.7697746753692627	0.0	0.0	0.0	0.0	0.0	0.0	1.0234907865524292	0.0	0.0	2.721242666244507	2.9357712268829346	0.0	2.069793224334717	1.755666971206665	0.0	0.0	3.075061798095703	2.8803977966308594	4.924139976501465	0.0	2.2168056964874268	0.0	2.568453311920166	0.0	0.0	0.0	4.208296775817871	0.0	0.0	0.0	0.0	0.0	0.0	0.0	1.623997688293457	3.5294981002807617	0.0	0.0	0.0	0.0	0.0	0.0	2.0638816356658936	0.0	0.0	0.0	3.6880226135253906	0.0	4.563281536102295	0.0	3.608572244644165	0.0	1.5083421468734741	0.0	0.0	0.0
3.739496946334839	0.0	3.4346563816070557	0.0	0.0	3.4584102630615234	3.5355470180511475	1.4656291007995605	0.0	0.0	2.6995162963867188	2.4812302589416504	3.6713027954101562	0.0	0.0	0.0	0.0	3.6561756134033203	2.9227802753448486	2.4734888076782227	0.0	0.0	0.0	3.556091070175171	0.0	0.0	0.0	0.0	0.0	4.970853805541992	6.656769275665283	2.7847516536712646	0.0	0.0	0.0	0.0	0.0	0.0	0.0	5.742910861968994	0.0	2.4914112091064453	0.0	0.0	7.664829254150391	0.0	4.538632392883301	3.196739435195923	2.4477124214172363	1.791494607925415	0.0	0.0	0.0	2.0712103843688965	2.234445333480835	0.0	3.3124241828918457	0.0	0.0	3.5698907375335693	0.0	0.0	0.0	0.0	0.0	0.0	0.0	0.0	0.0	0.0	3.0826008319854736	4.290939807891846	0.0	0.0	0.0	0.0	0.0	0.0	1.492976427078247	0.0	0.0	3.278477430343628	3.4202775955200195	0.0	2.44750714302063	0.9247293472290039	0.0	0.0	2.961757183074951	2.8587982654571533	4.908583164215088	0.0	2.543121814727783	0.0	2.338944911956787	0.0	0.0	0.0	3.6308913230895996	0.0	0.0	0.0	0.0	0.0	0.0	0.0	2.6999385356903076	4.060605525970459	0.0	0.0	0.0	0.0	0.0	0.0	2.068956136703491	0.0	0.0	0.0	4.421241283416748	0.0	4.844658374786377	0.0	3.3406782150268555	0.0	1.7447912693023682	0.0	0.0	0.0
4.170263290405273	0.0	4.128049850463867	0.0	0.0	3.820453643798828	2.714691162109375	2.2000725269317627	0.0	0.0	3.4249696731567383	2.532052993774414	2.6224255561828613	0.0	0.0	0.0	0.0	4.16778564453125	2.226647138595581	2.478670120239258	0.0	0.0	0.0	3.745126247406006	0.0	0.0	0.0	0.0	0.0	5.083226203918457	7.563178539276123	2.0202014446258545	0.0	0.0	0.0	0.0	0.0	0.0	0.0	6.057549476623535	0.0	2.3863751888275146	0.0	0.0	9.085140228271484	0.0	4.713012218475342	2.9095606803894043	1.3783529996871948	1.821483850479126	0.0	0.0	0.0	2.439040422439575	2.523484706878662	0.0	2.845289945602417	0.0	0.0	3.6038968563079834	0.0	0.0	0.0	0.0	0.0	0.0	0.0	0.0	0.0	0.0	2.920480966567993	4.139924049377441	0.0	0.0	0.0	0.0	0.0	0.0	1.206324815750122	0.0	0.0	2.6598398685455322	3.119713544845581	0.0	1.938430905342102	1.5450851917266846	0.0	0.0	2.601747989654541	2.1759750843048096	5.346652507781982	0.0	2.2266457080841064	0.0	2.980072021484375	0.0	0.0	0.0	4.169119834899902	0.0	0.0	0.0	0.0	0.0	0.0	0.0	1.8534760475158691	3.3431217670440674	0.0	0.0	0.0	0.0	0.0	0.0	2.2627575397491455	0.0	0.0	0.0	3.83978271484375	0.0	4.682922840118408	0.0	3.636631965637207	0.0	1.2435184717178345	0.0	0.0	0.0
5.464888095855713	0.0	3.6432437896728516	0.0	0.0	3.307340383529663	1.5447733402252197	2.2393436431884766	0.0	0.0	2.363412380218506	3.246709108352661	2.4486327171325684	0.0	0.0	0.0	0.0	3.032430410385132	2.481477737426758	0.07346346974372864	0.0	0.0	0.0	4.218515396118164	0.0	0.0	0.0	0.0	0.0	5.025857925415039	7.480722904205322	1.9263534545898438	0.0	0.0	0.0	0.0	0.0	0.0	0.0	5.9377336502075195	0.0	4.11157751083374	0.0	0.0	8.369190216064453	0.0	5.791267395019531	3.5106067657470703	3.692347288131714	0.9219527244567871	0.0	0.0	0.0	3.024141550064087	3.273223876953125	0.0	2.680532693862915	0.0	0.0	3.515695095062256	0.0	0.0	0.0	0.0	0.0	0.0	0.0	0.0	0.0	0.0	5.367121696472168	3.4705324172973633	0.0	0.0	0.0	0.0	0.0	0.0	1.0369372367858887	0.0	0.0	2.4740970134735107	2.1216073036193848	0.0	1.5380005836486816	2.5923945903778076	0.0	0.0	4.444129943847656	4.2496724128723145	5.053953647613525	0.0	1.115315556526184	0.0	2.7121634483337402	0.0	0.0	0.0	5.183250904083252	0.0	0.0	0.0	0.0	0.0	0.0	0.0	0.4845885932445526	3.310255289077759	0.0	0.0	0.0	0.0	0.0	0.0	2.5523781776428223	0.0	0.0	0.0	3.3545868396759033	0.0	5.093150615692139	0.0	5.163365840911865	0.0	1.3309955596923828	0.0	0.0	0.0
3.7300565242767334	0.0	3.3284800052642822	0.0	0.0	3.2004387378692627	3.3213491439819336	1.5110429525375366	0.0	0.0	2.7998580932617188	2.4383316040039062	3.4909310340881348	0.0	0.0	0.0	0.0	3.4194512367248535	2.7871875762939453	2.629913330078125	0.0	0.0	0.0	3.6097609996795654	0.0	0.0	0.0	0.0	0.0	4.75449800491333	6.51289176940918	2.6267082691192627	0.0	0.0	0.0	0.0	0.0	0.0	0.0	5.401696681976318	0.0	2.3863823413848877	0.0	0.0	7.765605926513672	0.0	4.34266471862793	2.917665719985962	2.1340177059173584	1.6207311153411865	0.0	0.0	0.0	2.326949119567871	2.4992363452911377	0.0	3.362252950668335	0.0	0.0	3.3999524116516113	0.0	0.0	0.0	0.0	0.0	0.0	0.0	0.0	0.0	0.0	2.7943382263183594	3.9017324447631836	0.0	0.0	0.0	0.0	0.0	0.0	0.9747071266174316	0.0	0.0	2.916520595550537	3.3130669593811035	0.0	2.3379433155059814	0.9655592441558838	0.0	0.0	2.827585220336914	2.4751245975494385	4.774345874786377	0.0	2.5018386840820312	0.0	2.469273090362549	0.0	0.0	0.0	3.680666923522949	0.0	0.0	0.0	0.0	0.0	0.0	0.0	2.1215567588806152	3.898923397064209	0.0	0.0	0.0	0.0	0.0	0.0	1.95719575881958	0.0	0.0	0.0	3.9578170776367188	0.0	4.501242160797119	0.0	3.1954712867736816	0.0	1.614142894744873	0.0	0.0	0.0
2.6665213108062744	0.0	3.792495012283325	0.0	0.0	3.6592905521392822	3.4860243797302246	0.990434467792511	0.0	0.0	1.4804226160049438	2.253357410430908	3.1159026622772217	0.0	0.0	0.0	0.0	5.266226768493652	3.4518256187438965	1.6082699298858643	0.0	0.0	0.0	2.240206718444824	0.0	0.0	0.0	0.0	0.0	4.197843551635742	5.634217739105225	2.818298101425171	0.0	0.0	0.0	0.0	0.0	0.0	0.0	7.834576606750488	0.0	3.6332006454467773	0.0	0.0	7.2483696937561035	0.0	4.840507507324219	4.545956611633301	1.84149968624115	3.5813090801239014	0.0	0.0	0.0	1.3861851692199707	1.5010665655136108	0.0	3.0153841972351074	0.0	0.0	4.017155647277832	0.0	0.0	0.0	0.0	0.0	0.0	0.0	0.0	0.0	0.0	4.41308069229126	4.990077495574951	0.0	0.0	0.0	0.0	0.0	0.0	3.131455421447754	0.0	0.0	3.421684741973877	3.9011194705963135	0.0	2.226018190383911	0.6174395680427551	0.0	0.0	2.8743698596954346	4.087519645690918	5.166220188140869	0.0	0.10419180989265442	0.0	2.262024402618408	0.0	0.0	0.0	3.506575345993042	0.0	0.0	0.0	0.0	0.0	0.0	0.0	3.4788334369659424	3.9034101963043213	0.0	0.0	0.0	0.0	0.0	0.0	2.6580166816711426	0.0	0.0	0.0	6.506095886230469	0.0	6.435739040374756	0.0	4.303493022918701	0.0	1.3948440551757812	0.0	0.0	0.0
3.7733230590820312	0.0	3.5274691581726074	0.0	0.0	3.314934253692627	3.4651975631713867	1.452302098274231	0.0	0.0	2.808615207672119	2.5630271434783936	3.601470470428467	0.0	0.0	0.0	0.0	3.3535315990448	2.9063916206359863	2.433088541030884	0.0	0.0	0.0	3.745999574661255	0.0	0.0	0.0	0.0	0.0	4.974606513977051	6.815164089202881	2.8955202102661133	0.0	0.0	0.0	0.0	0.0	0.0	0.0	5.52885627746582	0.0	2.6045312881469727	0.0	0.0	7.7706074714660645	0.0	4.674347400665283	3.144723415374756	2.4673609733581543	1.8681120872497559	0.0	0.0	0.0	2.463414192199707	2.5176005363464355	0.0	3.4041547775268555	0.0	0.0	3.47660231590271	0.0	0.0	0.0	0.0	0.0	0.0	0.0	0.0	0.0	0.0	3.1897730827331543	4.112385272979736	0.0	0.0	0.0	0.0	0.0	0.0	1.3682935237884521	0.0	0.0	3.2054810523986816	3.282186985015869	0.0	2.6027894020080566	1.0464906692504883	0.0	0.0	3.0015225410461426	2.748142957687378	4.8309407234191895	0.0	2.600741147994995	0.0	2.53656005859375	0.0	0.0	0.0	3.703899621963501	0.0	0.0	0.0	0.0	0.0	0.0	0.0	2.1693994998931885	4.136829376220703	0.0	0.0	0.0	0.0	0.0	0.0	1.93372642993927	0.0	0.0	0.0	4.297898292541504	0.0	4.606518745422363	0.0	3.7191970348358154	0.0	1.6335200071334839	0.0	0.0	0.0
3.435490131378174	0.0	3.8765532970428467	0.0	0.0	3.4730312824249268	3.544481039047241	0.8465534448623657	0.0	0.0	2.2426207065582275	2.868511438369751	2.175210952758789	0.0	0.0	0.0	0.0	3.5636937618255615	3.170257806777954	0.768702507019043	0.0	0.0	0.0	3.613678216934204	0.0	0.0	0.0	0.0	0.0	4.697140693664551	6.677870750427246	2.914004325866699	0.0	0.0	0.0	0.0	0.0	0.0	0.0	5.077000617980957	0.0	3.4487783908843994	0.0	0.0	6.852386951446533	0.0	5.221689701080322	3.471737861633301	1.5821166038513184	1.7379746437072754	0.0	0.0	0.0	2.6512348651885986	2.866117238998413	0.0	3.860933303833008	0.0	0.0	3.609553575515747	0.0	0.0	0.0	0.0	0.0	0.0	0.0	0.0	0.0	0.0	3.7405123710632324	4.669795989990234	0.0	0.0	0.0	0.0	0.0	0.0	2.42055344581604	0.0	0.0	3.264589309692383	2.898435115814209	0.0	2.9022347927093506	1.402951955795288	0.0	0.0	3.23691463470459	3.202214002609253	4.52008056640625	0.0	3.7228236198425293	0.0	2.1303818225860596	0.0	0.0	0.0	3.7972464561462402	0.0	0.0	0.0	0.0	0.0	0.0	0.0	1.4468994140625	3.5261528491973877	0.0	0.0	0.0	0.0	0.0	0.0	2.1857173442840576	0.0	0.0	0.0	4.730199813842773	0.0	5.793437957763672	0.0	5.892204284667969	0.0	0.25698035955429077	0.0	0.0	0.0
3.0443601608276367	0.0	3.44281268119812	0.0	0.0	3.4326283931732178	3.261652708053589	1.0648577213287354	0.0	0.0	2.1855480670928955	2.621615409851074	2.8719468116760254	0.0	0.0	0.0	0.0	3.9071600437164307	3.482534646987915	1.276197910308838	0.0	0.0	0.0	3.3193721771240234	0.0	0.0	0.0	0.0	0.0	4.621696472167969	6.377033710479736	2.907733678817749	0.0	0.0	0.0	0.0	0.0	0.0	0.0	5.9240875244140625	0.0	3.53088641166687	0.0	0.0	7.070986270904541	0.0	4.808862209320068	3.7853760719299316	1.9866397380828857	2.793152332305908	0.0	0.0	0.0	2.3570919036865234	2.4792027473449707	0.0	3.6291139125823975	0.0	0.0	3.75506591796875	0.0	0.0	0.0	0.0	0.0	0.0	0.0	0.0	0.0	0.0	3.7248482704162598	4.776325225830078	0.0	0.0	0.0	0.0	0.0	0.0	2.6102113723754883	0.0	0.0	3.3016669750213623	3.4360060691833496	0.0	2.5680654048919678	0.7921838164329529	0.0	0.0	3.009944200515747	2.9335110187530518	4.559625148773193	0.0	2.3877406120300293	0.0	1.9371410608291626	0.0	0.0	0.0	3.763216495513916	0.0	0.0	0.0	0.0	0.0	0.0	0.0	1.9151002168655396	3.7415900230407715	0.0	0.0	0.0	0.0	0.0	0.0	2.519160032272339	0.0	0.0	0.0	5.270412921905518	0.0	5.661088943481445	0.0	5.422298431396484	0.0	0.8879276514053345	0.0	0.0	0.0
3.7587428092956543	0.0	3.457821846008301	0.0	0.0	3.481241226196289	3.451927423477173	1.7054332494735718	0.0	0.0	2.9703547954559326	2.4716503620147705	3.26934814453125	0.0	0.0	0.0	0.0	3.502728223800659	2.7467334270477295	2.540018320083618	0.0	0.0	0.0	3.6033051013946533	0.0	0.0	0.0	0.0	0.0	4.898160934448242	6.815628528594971	2.680070400238037	0.0	0.0	0.0	0.0	0.0	0.0	0.0	5.688381195068359	0.0	2.2736988067626953	0.0	0.0	7.795858383178711	0.0	4.687628269195557	2.9247028827667236	2.087711811065674	1.5464485883712769	0.0	0.0	0.0	2.3512346744537354	2.392810583114624	0.0	3.2310612201690674	0.0	0.0	3.380625009536743	0.0	0.0	0.0	0.0	0.0	0.0	0.0	0.0	0.0	0.0	3.028810501098633	4.0012922286987305	0.0	0.0	0.0	0.0	0.0	0.0	1.276429533958435	0.0	0.0	2.854588508605957	3.3090498447418213	0.0	2.214193105697632	1.100928544998169	0.0	0.0	2.8900532722473145	2.4687416553497314	4.7571516036987305	0.0	2.2488393783569336	0.0	2.5410659313201904	0.0	0.0	0.0	4.046982288360596	0.0	0.0	0.0	0.0	0.0	0.0	0.0	2.4240317344665527	3.890388250350952	0.0	0.0	0.0	0.0	0.0	0.0	1.9070825576782227	0.0	0.0	0.0	4.0091753005981445	0.0	4.405074119567871	0.0	3.5191686153411865	0.0	1.5838408470153809	0.0	0.0	0.0
3.409795045852661	0.0	3.680713653564453	0.0	0.0	3.4477083683013916	3.850693702697754	1.415850043296814	0.0	0.0	2.33605694770813	2.6130223274230957	2.769605875015259	0.0	0.0	0.0	0.0	3.431363105773926	3.0941262245178223	1.7247899770736694	0.0	0.0	0.0	3.672353982925415	0.0	0.0	0.0	0.0	0.0	4.875664710998535	6.690492630004883	2.882622480392456	0.0	0.0	0.0	0.0	0.0	0.0	0.0	5.289198398590088	0.0	2.7503161430358887	0.0	0.0	7.355139255523682	0.0	4.904341220855713	3.184786558151245	1.8481740951538086	1.652113914489746	0.0	0.0	0.0	2.271653175354004	2.831956386566162	0.0	3.7543606758117676	0.0	0.0	3.6321067810058594	0.0	0.0	0.0	0.0	0.0	0.0	0.0	0.0	0.0	0.0	3.2777881622314453	4.456820011138916	0.0	0.0	0.0	0.0	0.0	0.0	1.7492761611938477	0.0	0.0	3.2634401321411133	3.051583766937256	0.0	2.641235589981079	1.4081857204437256	0.0	0.0	3.0811855792999268	2.777529716491699	4.427298545837402	0.0	3.1090667247772217	0.0	2.3416388034820557	0.0	0.0	0.0	3.809760808944702	0.0	0.0	0.0	0.0	0.0	0.0	0.0	2.234370231628418	3.668712854385376	0.0	0.0	0.0	0.0	0.0	0.0	1.8027076721191406	0.0	0.0	0.0	4.36079216003418	0.0	4.96673059463501	0.0	4.153013706207275	0.0	0.9836747050285339	0.0	0.0	0.0
3.324237108230591	0.0	3.1165194511413574	0.0	0.0	2.52524733543396	4.030892848968506	1.1977936029434204	0.0	0.0	2.281769275665283	2.813534736633301	5.007105350494385	0.0	0.0	0.0	0.0	3.268482208251953	3.4544200897216797	1.5739082098007202	0.0	0.0	0.0	3.2991602420806885	0.0	0.0	0.0	0.0	0.0	4.773651123046875	5.579075813293457	3.2611632347106934	0.0	0.0	0.0	0.0	0.0	0.0	0.0	5.786866664886475	0.0	3.4541311264038086	0.0	0.0	6.790135860443115	0.0	4.431732654571533	4.1028923988342285	1.9255943298339844	3.8555550575256348	0.0	0.0	0.0	2.0386977195739746	3.052058696746826	0.0	3.715949773788452	0.0	0.0	3.2662692070007324	0.0	0.0	0.0	0.0	0.0	0.0	0.0	0.0	0.0	0.0	3.0187318325042725	4.497097492218018	0.0	0.0	0.0	0.0	0.0	0.0	0.5813357830047607	0.0	0.0	3.2264797687530518	3.6837031841278076	0.0	3.0447216033935547	0.0	0.0	0.0	3.4448795318603516	2.8440401554107666	4.8787126541137695	0.0	1.6742743253707886	0.0	2.0305368900299072	0.0	0.0	0.0	3.1468944549560547	0.0	0.0	0.0	0.0	0.0	0.0	0.0	1.3370033502578735	4.284789085388184	0.0	0.0	0.0	0.0	0.0	0.0	2.8060965538024902	0.0	0.0	0.0	5.418107509613037	0.0	5.1696319580078125	0.0	4.882307052612305	0.0	1.5345135927200317	0.0	0.0	0.0
3.2555336952209473	0.0	3.816974639892578	0.0	0.0	3.496129035949707	3.8357980251312256	1.148366928100586	0.0	0.0	2.3682565689086914	2.659703493118286	2.531562089920044	0.0	0.0	0.0	0.0	3.5850136280059814	3.054736375808716	1.7383915185928345	0.0	0.0	0.0	3.704129219055176	0.0	0.0	0.0	0.0	0.0	4.828033447265625	6.757277011871338	3.102820634841919	0.0	0.0	0.0	0.0	0.0	0.0	0.0	5.173306465148926	0.0	2.6909890174865723	0.0	0.0	7.360666751861572	0.0	4.85189962387085	3.0081355571746826	1.7355692386627197	1.4985318183898926	0.0	0.0	0.0	2.3897221088409424	2.806354284286499	0.0	3.950930118560791	0.0	0.0	3.7421722412109375	0.0	0.0	0.0	0.0	0.0	0.0	0.0	0.0	0.0	0.0	3.1318674087524414	4.369790077209473	0.0	0.0	0.0	0.0	0.0	0.0	2.113638401031494	0.0	0.0	3.3327016830444336	2.9947404861450195	0.0	2.8247568607330322	1.4040172100067139	0.0	0.0	2.9946060180664062	2.717137575149536	4.356461524963379	0.0	3.7645251750946045	0.0	2.3750791549682617	0.0	0.0	0.0	3.7902817726135254	0.0	0.0	0.0	0.0	0.0	0.0	0.0	2.142279624938965	3.741745710372925	0.0	0.0	0.0	0.0	0.0	0.0	1.7451354265213013	0.0	0.0	0.0	4.468358516693115	0.0	5.098255157470703	0.0	4.448546409606934	0.0	0.5611241459846497	0.0	0.0	0.0
3.5823779106140137	0.0	3.3694186210632324	0.0	0.0	3.3174192905426025	3.5153648853302	1.6118308305740356	0.0	0.0	2.91625714302063	2.4474966526031494	3.541217565536499	0.0	0.0	0.0	0.0	3.507880687713623	2.751896619796753	2.842376947402954	0.0	0.0	0.0	3.5294370651245117	0.0	0.0	0.0	0.0	0.0	4.90264892578125	6.66370153427124	2.8435490131378174	0.0	0.0	0.0	0.0	0.0	0.0	0.0	5.583704948425293	0.0	2.3557209968566895	0.0	0.0	7.871393203735352	0.0	4.552657127380371	3.0368807315826416	2.1932432651519775	1.6782695055007935	0.0	0.0	0.0	2.3265299797058105	2.5118143558502197	0.0	3.465418577194214	0.0	0.0	3.490793228149414	0.0	0.0	0.0	0.0	0.0	0.0	0.0	0.0	0.0	0.0	2.925384521484375	4.149226188659668	0.0	0.0	0.0	0.0	0.0	0.0	1.2763859033584595	0.0	0.0	3.098944664001465	3.4156579971313477	0.0	2.3163766860961914	0.9645918607711792	0.0	0.0	2.9353158473968506	2.379930257797241	4.747760772705078	0.0	2.5541203022003174	0.0	2.560906171798706	0.0	0.0	0.0	3.624016523361206	0.0	0.0	0.0	0.0	0.0	0.0	0.0	2.3747904300689697	4.044432640075684	0.0	0.0	0.0	0.0	0.0	0.0	1.8496721982955933	0.0	0.0	0.0	4.136716365814209	0.0	4.421302795410156	0.0	3.313453435897827	0.0	1.721922516822815	0.0	0.0	0.0
3.4247024059295654	0.0	3.7529547214508057	0.0	0.0	3.539926290512085	4.022731304168701	1.31396484375	0.0	0.0	2.5403857231140137	2.686475992202759	2.77581524848938	0.0	0.0	0.0	0.0	3.4979336261749268	3.1292989253997803	2.0625061988830566	0.0	0.0	0.0	3.623350143432617	0.0	0.0	0.0	0.0	0.0	4.982111930847168	6.787726879119873	3.065192699432373	0.0	0.0	0.0	0.0	0.0	0.0	0.0	5.258782863616943	0.0	2.596698045730591	0.0	0.0	7.416143417358398	0.0	4.971956729888916	3.148149013519287	1.7392574548721313	1.3949490785598755	0.0	0.0	0.0	2.374950408935547	2.7610044479370117	0.0	3.8132874965667725	0.0	0.0	3.647573471069336	0.0	0.0	0.0	0.0	0.0	0.0	0.0	0.0	0.0	0.0	3.073147773742676	4.318720817565918	0.0	0.0	0.0	0.0	0.0	0.0	1.7391831874847412	0.0	0.0	3.308709144592285	2.9705302715301514	0.0	2.784353256225586	1.4242693185806274	0.0	0.0	3.0403659343719482	2.7478551864624023	4.395053386688232	0.0	3.491440534591675	0.0	2.34852933883667	0.0	0.0	0.0	3.7760255336761475	0.0	0.0	0.0	0.0	0.0	0.0	0.0	2.275803327560425	3.8512344360351562	0.0	0.0	0.0	0.0	0.0	0.0	1.6983681917190552	0.0	0.0	0.0	4.2475128173828125	0.0	5.045832633972168	0.0	4.167579174041748	0.0	0.9481519460678101	0.0	0.0	0.0
3.431661605834961	0.0	3.539170742034912	0.0	0.0	2.989623546600342	3.5877645015716553	1.2213751077651978	0.0	0.0	2.3506438732147217	2.616117000579834	3.8079943656921387	0.0	0.0	0.0	0.0	3.8986685276031494	3.0129177570343018	1.4370925426483154	0.0	0.0	0.0	3.1238927841186523	0.0	0.0	0.0	0.0	0.0	4.530324935913086	6.0285420417785645	2.8719537258148193	0.0	0.0	0.0	0.0	0.0	0.0	0.0	6.032131195068359	0.0	3.5303590297698975	0.0	0.0	7.095551013946533	0.0	4.905028343200684	4.136037826538086	1.7686530351638794	3.1720964908599854	0.0	0.0	0.0	2.1159417629241943	2.0368423461914062	0.0	3.445894479751587	0.0	0.0	3.386089324951172	0.0	0.0	0.0	0.0	0.0	0.0	0.0	0.0	0.0	0.0	3.7862889766693115	4.812777042388916	0.0	0.0	0.0	0.0	0.0	0.0	1.6299995183944702	0.0	0.0	3.1959824562072754	3.930743932723999	0.0	2.939615249633789	0.396386981010437	0.0	0.0	3.205153226852417	3.247995138168335	5.306439399719238	0.0	1.6725298166275024	0.0	2.256274461746216	0.0	0.0	0.0	3.4751648902893066	0.0	0.0	0.0	0.0	0.0	0.0	0.0	1.945960521697998	3.942472457885742	0.0	0.0	0.0	0.0	0.0	0.0	2.654561758041382	0.0	0.0	0.0	5.260139465332031	0.0	5.733874797821045	0.0	5.373339653015137	0.0	1.3663469552993774	0.0	0.0	0.0
3.6807610988616943	0.0	3.460749864578247	0.0	0.0	3.273557662963867	3.3788888454437256	1.6634756326675415	0.0	0.0	2.8227035999298096	2.4153854846954346	3.20928955078125	0.0	0.0	0.0	0.0	3.4166901111602783	2.739889144897461	2.533843994140625	0.0	0.0	0.0	3.6909048557281494	0.0	0.0	0.0	0.0	0.0	4.839809894561768	6.769262313842773	2.77693247795105	0.0	0.0	0.0	0.0	0.0	0.0	0.0	5.464041233062744	0.0	2.3399105072021484	0.0	0.0	7.82265043258667	0.0	4.52824068069458	2.827221393585205	2.12092661857605	1.4653750658035278	0.0	0.0	0.0	2.243891716003418	2.391204595565796	0.0	3.422393321990967	0.0	0.0	3.4373433589935303	0.0	0.0	0.0	0.0	0.0	0.0	0.0	0.0	0.0	0.0	3.053814649581909	4.142293930053711	0.0	0.0	0.0	0.0	0.0	0.0	1.3202887773513794	0.0	0.0	3.1641082763671875	3.238593816757202	0.0	2.339327096939087	1.1059497594833374	0.0	0.0	2.9189300537109375	2.5580615997314453	4.762277603149414	0.0	2.811201810836792	0.0	2.492044448852539	0.0	0.0	0.0	3.729785203933716	0.0	0.0	0.0	0.0	0.0	0.0	0.0	2.281905174255371	3.8118157386779785	0.0	0.0	0.0	0.0	0.0	0.0	1.7789719104766846	0.0	0.0	0.0	4.087479114532471	0.0	4.484411239624023	0.0	3.476166248321533	0.0	1.3346474170684814	0.0	0.0	0.0
3.715549945831299	0.0	3.394073486328125	0.0	0.0	3.2519290447235107	3.4480559825897217	1.5933741331100464	0.0	0.0	2.862226963043213	2.4674270153045654	3.4790773391723633	0.0	0.0	0.0	0.0	3.402383327484131	2.8950788974761963	2.6170217990875244	0.0	0.0	0.0	3.5695242881774902	0.0	0.0	0.0	0.0	0.0	4.934610843658447	6.675164699554443	2.8872673511505127	0.0	0.0	0.0	0.0	0.0	0.0	0.0	5.433763027191162	0.0	2.355269193649292	0.0	0.0	7.782461643218994	0.0	4.508236408233643	3.027277708053589	2.2449488639831543	1.6731926202774048	0.0	0.0	0.0	2.320063352584839	2.5288398265838623	0.0	3.483762264251709	0.0	0.0	3.43389630317688	0.0	0.0	0.0	0.0	0.0	0.0	0.0	0.0	0.0	0.0	2.8885812759399414	4.01493501663208	0.0	0.0	0.0	0.0	0.0	0.0	1.1348555088043213	0.0	0.0	3.056647300720215	3.35324764251709	0.0	2.3934977054595947	1.0434693098068237	0.0	0.0	2.911032199859619	2.558823347091675	4.773403167724609	0.0	2.6931838989257812	0.0	2.420813798904419	0.0	0.0	0.0	3.629995584487915	0.0	0.0	0.0	0.0	0.0	0.0	0.0	2.208306074142456	3.956106424331665	0.0	0.0	0.0	0.0	0.0	0.0	1.938126802444458	0.0	0.0	0.0	4.0355706214904785	0.0	4.499955654144287	0.0	3.268035888671875	0.0	1.6517525911331177	0.0	0.0	0.0
3.665644645690918	0.0	3.2888293266296387	0.0	0.0	3.721827507019043	3.7891650199890137	1.9422965049743652	0.0	0.0	2.7550690174102783	1.8992161750793457	4.103001117706299	0.0	0.0	0.0	0.0	3.545255422592163	3.291858434677124	3.166356086730957	0.0	0.0	0.0	3.5734591484069824	0.0	0.0	0.0	0.0	0.0	5.021069526672363	6.853429317474365	2.832756757736206	0.0	0.0	0.0	0.0	0.0	0.0	0.0	6.270166397094727	0.0	2.0958471298217773	0.0	0.0	7.811750411987305	0.0	4.566898345947266	2.957206964492798	3.610909938812256	1.7135906219482422	0.0	0.0	0.0	1.2583495378494263	1.7323092222213745	0.0	3.5793614387512207	0.0	0.0	3.7024240493774414	0.0	0.0	0.0	0.0	0.0	0.0	0.0	0.0	0.0	0.0	3.1776046752929688	4.552912712097168	0.0	0.0	0.0	0.0	0.0	0.0	1.5662108659744263	0.0	0.0	3.5544273853302	3.4554240703582764	0.0	2.237183094024658	0.47458723187446594	0.0	0.0	2.6353518962860107	3.0918068885803223	4.69309663772583	0.0	2.3691461086273193	0.0	2.254561424255371	0.0	0.0	0.0	3.281736373901367	0.0	0.0	0.0	0.0	0.0	0.0	0.0	3.6295740604400635	4.273895263671875	0.0	0.0	0.0	0.0	0.0	0.0	1.4196481704711914	0.0	0.0	0.0	4.535740852355957	0.0	4.169748306274414	0.0	2.8795340061187744	0.0	2.3911924362182617	0.0	0.0	0.0
2.979647397994995	0.0	3.5137698650360107	0.0	0.0	3.2535293102264404	3.636286735534668	1.4414823055267334	0.0	0.0	1.9459186792373657	2.4553587436676025	3.3069958686828613	0.0	0.0	0.0	0.0	4.152731895446777	3.178870916366577	1.9225410223007202	0.0	0.0	0.0	2.911637783050537	0.0	0.0	0.0	0.0	0.0	4.5337815284729	5.871105194091797	2.9146780967712402	0.0	0.0	0.0	0.0	0.0	0.0	0.0	6.61574649810791	0.0	3.181269645690918	0.0	0.0	7.332827568054199	0.0	4.657994747161865	3.6927573680877686	1.9353742599487305	2.70444917678833	0.0	0.0	0.0	1.7932257652282715	2.1041297912597656	0.0	3.241708755493164	0.0	0.0	3.7160518169403076	0.0	0.0	0.0	0.0	0.0	0.0	0.0	0.0	0.0	0.0	3.9063899517059326	4.652411460876465	0.0	0.0	0.0	0.0	0.0	0.0	2.269610643386841	0.0	0.0	3.236684799194336	3.814267873764038	0.0	2.406919240951538	0.7796573638916016	0.0	0.0	3.1987111568450928	3.5174524784088135	4.830461025238037	0.0	1.424943447113037	0.0	2.4612436294555664	0.0	0.0	0.0	3.4599711894989014	0.0	0.0	0.0	0.0	0.0	0.0	0.0	2.788729190826416	4.1239013671875	0.0	0.0	0.0	0.0	0.0	0.0	2.3228416442871094	0.0	0.0	0.0	5.403435707092285	0.0	5.532062530517578	0.0	3.7260990142822266	0.0	1.430390477180481	0.0	0.0	0.0
3.5494043827056885	0.0	3.4651296138763428	0.0	0.0	2.8464303016662598	3.4728434085845947	1.5959101915359497	0.0	0.0	2.5582666397094727	2.878445625305176	3.9031717777252197	0.0	0.0	0.0	0.0	3.411345958709717	3.1320300102233887	1.7587766647338867	0.0	0.0	0.0	3.441859245300293	0.0	0.0	0.0	0.0	0.0	4.99859619140625	6.260728359222412	3.1277787685394287	0.0	0.0	0.0	0.0	0.0	0.0	0.0	5.745434761047363	0.0	2.808090925216675	0.0	0.0	7.3890509605407715	0.0	4.5958757400512695	3.3989226818084717	2.1416938304901123	2.654585123062134	0.0	0.0	0.0	2.0254194736480713	2.467103958129883	0.0	3.452475070953369	0.0	0.0	3.174447774887085	0.0	0.0	0.0	0.0	0.0	0.0	0.0	0.0	0.0	0.0	3.588251829147339	4.283055305480957	0.0	0.0	0.0	0.0	0.0	0.0	1.0659104585647583	0.0	0.0	3.3531980514526367	3.567803144454956	0.0	2.7199621200561523	0.6364638209342957	0.0	0.0	3.1982250213623047	2.8658909797668457	5.048383712768555	0.0	2.083500862121582	0.0	2.444615125656128	0.0	0.0	0.0	3.528233051300049	0.0	0.0	0.0	0.0	0.0	0.0	0.0	1.987848162651062	4.063526153564453	0.0	0.0	0.0	0.0	0.0	0.0	2.3402483463287354	0.0	0.0	0.0	4.702492713928223	0.0	4.979666233062744	0.0	4.097003936767578	0.0	1.4777979850769043	0.0	0.0	0.0
3.635894536972046	0.0	3.8967177867889404	0.0	0.0	3.351670980453491	3.5494885444641113	1.0152510404586792	0.0	0.0	2.2124195098876953	2.959167003631592	2.2678093910217285	0.0	0.0	0.0	0.0	3.427738666534424	3.2871036529541016	0.8858420848846436	0.0	0.0	0.0	3.831840753555298	0.0	0.0	0.0	0.0	0.0	4.954712867736816	6.744436740875244	2.924022912979126	0.0	0.0	0.0	0.0	0.0	0.0	0.0	5.08168363571167	0.0	3.009321928024292	0.0	0.0	7.063731670379639	0.0	5.394673824310303	3.434507369995117	1.9727317094802856	1.5029246807098389	0.0	0.0	0.0	2.465484619140625	2.807446241378784	0.0	3.7054262161254883	0.0	0.0	3.689844846725464	0.0	0.0	0.0	0.0	0.0	0.0	0.0	0.0	0.0	0.0	3.5792832374572754	4.536439418792725	0.0	0.0	0.0	0.0	0.0	0.0	2.1967363357543945	0.0	0.0	3.450514078140259	2.697422742843628	0.0	2.8727023601531982	1.7291184663772583	0.0	0.0	3.1909265518188477	2.8425955772399902	4.4704155921936035	0.0	3.786778450012207	0.0	2.0838024616241455	0.0	0.0	0.0	4.053737163543701	0.0	0.0	0.0	0.0	0.0	0.0	0.0	1.200884461402893	3.387434482574463	0.0	0.0	0.0	0.0	0.0	0.0	2.235903739929199	0.0	0.0	0.0	4.456560134887695	0.0	5.518024921417236	0.0	5.535399913787842	0.0	0.3872602880001068	0.0	0.0	0.0
2.899510622024536	0.0	3.794067621231079	0.0	0.0	3.718048095703125	3.899815797805786	1.3059194087982178	0.0	0.0	1.6986932754516602	2.3032798767089844	2.8605284690856934	0.0	0.0	0.0	0.0	4.685280799865723	3.4751319885253906	1.6540230512619019	0.0	0.0	0.0	2.6621270179748535	0.0	0.0	0.0	0.0	0.0	4.547007083892822	5.987870693206787	2.946660280227661	0.0	0.0	0.0	0.0	0.0	0.0	0.0	6.93332052230835	0.0	3.0702261924743652	0.0	0.0	7.306744575500488	0.0	4.910905361175537	4.048815727233887	1.8568363189697266	2.724496841430664	0.0	0.0	0.0	1.8498284816741943	1.7568892240524292	0.0	3.433649778366089	0.0	0.0	4.140307903289795	0.0	0.0	0.0	0.0	0.0	0.0	0.0	0.0	0.0	0.0	3.8348047733306885	4.923067569732666	0.0	0.0	0.0	0.0	0.0	0.0	3.047525405883789	0.0	0.0	3.4066433906555176	3.6781513690948486	0.0	2.549306869506836	1.1679296493530273	0.0	0.0	3.0019240379333496	3.6409780979156494	4.827361583709717	0.0	1.5120419263839722	0.0	2.3693580627441406	0.0	0.0	0.0	3.331679582595825	0.0	0.0	0.0	0.0	0.0	0.0	0.0	3.139828681945801	3.8164029121398926	0.0	0.0	0.0	0.0	0.0	0.0	2.1495087146759033	0.0	0.0	0.0	5.961442470550537	0.0	6.031619548797607	0.0	3.9625792503356934	0.0	1.2454917430877686	0.0	0.0	0.0
3.1630048751831055	0.0	2.8549814224243164	0.0	0.0	3.1813786029815674	3.7197635173797607	2.4308269023895264	0.0	0.0	2.506193161010742	2.954542875289917	5.26772403717041	0.0	0.0	0.0	0.0	3.796231746673584	4.187747955322266	1.5885547399520874	0.0	0.0	0.0	3.303877592086792	0.0	0.0	0.0	0.0	0.0	5.034317970275879	6.133488178253174	2.7245843410491943	0.0	0.0	0.0	0.0	0.0	0.0	0.0	6.104214668273926	0.0	3.434262752532959	0.0	0.0	7.211025238037109	0.0	4.060166358947754	4.130722522735596	2.343860626220703	4.021966934204102	0.0	0.0	0.0	1.5220502614974976	2.396301507949829	0.0	3.532416343688965	0.0	0.0	3.294290781021118	0.0	0.0	0.0	0.0	0.0	0.0	0.0	0.0	0.0	0.0	3.266960382461548	4.6028852462768555	0.0	0.0	0.0	0.0	0.0	0.0	0.3121660649776459	0.0	0.0	3.714224100112915	3.6558148860931396	0.0	2.7513034343719482	0.04402793571352959	0.0	0.0	3.166745662689209	2.8846096992492676	5.252450942993164	0.0	1.192033052444458	0.0	1.9399487972259521	0.0	0.0	0.0	2.8490030765533447	0.0	0.0	0.0	0.0	0.0	0.0	0.0	2.4426651000976562	4.297422409057617	0.0	0.0	0.0	0.0	0.0	0.0	3.1395177841186523	0.0	0.0	0.0	5.249809265136719	0.0	5.537698268890381	0.0	3.447312831878662	0.0	2.4239068031311035	0.0	0.0	0.0
3.5091681480407715	0.0	3.720125436782837	0.0	0.0	3.894050359725952	3.913727283477783	1.5556780099868774	0.0	0.0	2.763927936553955	2.2409884929656982	3.319727659225464	0.0	0.0	0.0	0.0	3.9389865398406982	3.1785640716552734	3.354872703552246	0.0	0.0	0.0	3.4514214992523193	0.0	0.0	0.0	0.0	0.0	5.0325164794921875	7.229245662689209	2.841726303100586	0.0	0.0	0.0	0.0	0.0	0.0	0.0	6.165754795074463	0.0	1.9826412200927734	0.0	0.0	7.932107925415039	0.0	4.5764570236206055	2.9705820083618164	2.8370866775512695	1.785632610321045	0.0	0.0	0.0	2.2830212116241455	1.950371503829956	0.0	3.2313144207000732	0.0	0.0	3.6471333503723145	0.0	0.0	0.0	0.0	0.0	0.0	0.0	0.0	0.0	0.0	3.080190658569336	4.408256530761719	0.0	0.0	0.0	0.0	0.0	0.0	1.9465112686157227	0.0	0.0	3.46742582321167	3.305164337158203	0.0	2.233527898788452	1.0641754865646362	0.0	0.0	2.6340134143829346	2.528049945831299	4.523184776306152	0.0	2.2923762798309326	0.0	2.551783323287964	0.0	0.0	0.0	3.475257158279419	0.0	0.0	0.0	0.0	0.0	0.0	0.0	3.666379928588867	4.461243629455566	0.0	0.0	0.0	0.0	0.0	0.0	1.6003323793411255	0.0	0.0	0.0	4.4538726806640625	0.0	4.3031134605407715	0.0	2.7395429611206055	0.0	2.153449058532715	0.0	0.0	0.0
3.7591664791107178	0.0	3.2896173000335693	0.0	0.0	3.293548583984375	3.2835001945495605	1.678479552268982	0.0	0.0	2.830176830291748	2.4453532695770264	3.376415252685547	0.0	0.0	0.0	0.0	3.482954502105713	2.8840255737304688	2.475594997406006	0.0	0.0	0.0	3.5772790908813477	0.0	0.0	0.0	0.0	0.0	4.69765567779541	6.533910274505615	2.5002479553222656	0.0	0.0	0.0	0.0	0.0	0.0	0.0	5.46586799621582	0.0	2.479987382888794	0.0	0.0	7.781144142150879	0.0	4.446600914001465	2.9985947608947754	2.1019811630249023	1.6788153648376465	0.0	0.0	0.0	2.287142753601074	2.5586464405059814	0.0	3.3930892944335938	0.0	0.0	3.4898006916046143	0.0	0.0	0.0	0.0	0.0	0.0	0.0	0.0	0.0	0.0	2.825526714324951	3.9396910667419434	0.0	0.0	0.0	0.0	0.0	0.0	0.9497060179710388	0.0	0.0	2.8382694721221924	3.2623958587646484	0.0	2.2496516704559326	0.9596076607704163	0.0	0.0	2.797682046890259	2.5115256309509277	4.7756781578063965	0.0	2.34680438041687	0.0	2.480015754699707	0.0	0.0	0.0	3.694364070892334	0.0	0.0	0.0	0.0	0.0	0.0	0.0	2.0156350135803223	3.8507490158081055	0.0	0.0	0.0	0.0	0.0	0.0	1.9175589084625244	0.0	0.0	0.0	3.9814727306365967	0.0	4.483489990234375	0.0	3.1920275688171387	0.0	1.6089657545089722	0.0	0.0	0.0
3.7518887519836426	0.0	3.4945833683013916	0.0	0.0	2.984567403793335	3.2712595462799072	1.3541929721832275	0.0	0.0	2.6936194896698	2.568981647491455	3.5929114818573	0.0	0.0	0.0	0.0	3.5065577030181885	2.884222984313965	2.524768114089966	0.0	0.0	0.0	3.692157506942749	0.0	0.0	0.0	0.0	0.0	4.8911638259887695	6.511353492736816	2.77561092376709	0.0	0.0	0.0	0.0	0.0	0.0	0.0	5.56694221496582	0.0	2.6212611198425293	0.0	0.0	7.8267927169799805	0.0	4.405313491821289	3.1157002449035645	2.193315267562866	2.017535448074341	0.0	0.0	0.0	2.2865538597106934	2.5856428146362305	0.0	3.3410656452178955	0.0	0.0	3.3498306274414062	0.0	0.0	0.0	0.0	0.0	0.0	0.0	0.0	0.0	0.0	3.011263608932495	4.07885217666626	0.0	0.0	0.0	0.0	0.0	0.0	1.2883639335632324	0.0	0.0	3.1489126682281494	3.4104621410369873	0.0	2.6196932792663574	0.8827676177024841	0.0	0.0	2.909308433532715	2.628213882446289	4.82957649230957	0.0	2.697639226913452	0.0	2.475895404815674	0.0	0.0	0.0	3.5859344005584717	0.0	0.0	0.0	0.0	0.0	0.0	0.0	1.9466896057128906	4.138753414154053	0.0	0.0	0.0	0.0	0.0	0.0	2.1317718029022217	0.0	0.0	0.0	4.203790187835693	0.0	4.707783222198486	0.0	3.8158788681030273	0.0	1.4669146537780762	0.0	0.0	0.0
4.32222318649292	0.0	3.6602869033813477	0.0	0.0	3.5102884769439697	2.6274828910827637	2.1367859840393066	0.0	0.0	2.962395429611206	2.696227788925171	2.770261764526367	0.0	0.0	0.0	0.0	3.5154478549957275	2.2929601669311523	1.9655464887619019	0.0	0.0	0.0	3.8529770374298096	0.0	0.0	0.0	0.0	0.0	4.983656883239746	7.212008953094482	2.132610559463501	0.0	0.0	0.0	0.0	0.0	0.0	0.0	5.78035306930542	0.0	2.632904052734375	0.0	0.0	8.488202095031738	0.0	4.785343170166016	2.7677080631256104	1.9863879680633545	1.5415620803833008	0.0	0.0	0.0	2.4384825229644775	2.7955689430236816	0.0	2.9132375717163086	0.0	0.0	3.4266860485076904	0.0	0.0	0.0	0.0	0.0	0.0	0.0	0.0	0.0	0.0	3.356532335281372	3.841482639312744	0.0	0.0	0.0	0.0	0.0	0.0	0.9507662057876587	0.0	0.0	2.639352798461914	2.840815305709839	0.0	1.9006643295288086	1.6524875164031982	0.0	0.0	3.1641151905059814	2.5983731746673584	5.057737827301025	0.0	2.0059125423431396	0.0	2.857217788696289	0.0	0.0	0.0	4.312556266784668	0.0	0.0	0.0	0.0	0.0	0.0	0.0	1.6792865991592407	3.378310441970825	0.0	0.0	0.0	0.0	0.0	0.0	2.1458423137664795	0.0	0.0	0.0	3.5493762493133545	0.0	4.397785186767578	0.0	3.5427818298339844	0.0	1.3178967237472534	0.0	0.0	0.0
3.617877960205078	0.0	3.6247849464416504	0.0	0.0	3.2798948287963867	3.7508366107940674	1.452436923980713	0.0	0.0	2.806779623031616	2.534083366394043	3.2580795288085938	0.0	0.0	0.0	0.0	3.3746049404144287	2.9297351837158203	2.3675527572631836	0.0	0.0	0.0	3.5303890705108643	0.0	0.0	0.0	0.0	0.0	4.9737420082092285	6.63690710067749	2.966718912124634	0.0	0.0	0.0	0.0	0.0	0.0	0.0	5.250209808349609	0.0	2.487665891647339	0.0	0.0	7.5571513175964355	0.0	4.6870880126953125	3.1170225143432617	1.9308444261550903	1.570407748222351	0.0	0.0	0.0	2.342695713043213	2.658522129058838	0.0	3.6352806091308594	0.0	0.0	3.4960291385650635	0.0	0.0	0.0	0.0	0.0	0.0	0.0	0.0	0.0	0.0	2.9890260696411133	4.181936740875244	0.0	0.0	0.0	0.0	0.0	0.0	1.248255968093872	0.0	0.0	3.117292881011963	3.2612650394439697	0.0	2.549656629562378	1.1076546907424927	0.0	0.0	3.062718629837036	2.635181188583374	4.569242000579834	0.0	2.9593827724456787	0.0	2.5142905712127686	0.0	0.0	0.0	3.626068353652954	0.0	0.0	0.0	0.0	0.0	0.0	0.0	2.210946559906006	3.951606035232544	0.0	0.0	0.0	0.0	0.0	0.0	1.7596355676651	0.0	0.0	0.0	4.144999027252197	0.0	4.74116849899292	0.0	3.5906898975372314	0.0	1.4079394340515137	0.0	0.0	0.0
2.554497480392456	0.0	3.60701060295105	0.0	0.0	3.648743152618408	3.4558446407318115	1.6963733434677124	0.0	0.0	1.9357820749282837	2.153275966644287	3.6631481647491455	0.0	0.0	0.0	0.0	4.885335922241211	3.2031350135803223	2.4209001064300537	0.0	0.0	0.0	2.7406675815582275	0.0	0.0	0.0	0.0	0.0	4.28025484085083	5.874734878540039	2.407841682434082	0.0	0.0	0.0	0.0	0.0	0.0	0.0	7.356017589569092	0.0	3.2058703899383545	0.0	0.0	7.93637228012085	0.0	4.519044876098633	4.245581150054932	2.1033236980438232	3.37162446975708	0.0	0.0	0.0	1.6353260278701782	1.6636962890625	0.0	2.9823288917541504	0.0	0.0	4.384559154510498	0.0	0.0	0.0	0.0	0.0	0.0	0.0	0.0	0.0	0.0	3.9012584686279297	4.669325351715088	0.0	0.0	0.0	0.0	0.0	0.0	2.9475061893463135	0.0	0.0	3.1610617637634277	4.120306491851807	0.0	2.1908490657806396	0.7108161449432373	0.0	0.0	2.7808401584625244	3.4138669967651367	5.175632953643799	0.0	0.43413329124450684	0.0	2.425238847732544	0.0	0.0	0.0	3.383178949356079	0.0	0.0	0.0	0.0	0.0	0.0	0.0	3.1365561485290527	3.9280669689178467	0.0	0.0	0.0	0.0	0.0	0.0	2.6341164112091064	0.0	0.0	0.0	6.116586208343506	0.0	5.797863483428955	0.0	3.393897294998169	0.0	2.0486226081848145	0.0	0.0	0.0
3.307023763656616	0.0	3.633249521255493	0.0	0.0	3.3050684928894043	3.531303882598877	1.1275583505630493	0.0	0.0	2.558415174484253	2.522045850753784	3.255122423171997	0.0	0.0	0.0	0.0	3.817751407623291	2.8925418853759766	2.1264488697052	0.0	0.0	0.0	3.1162567138671875	0.0	0.0	0.0	0.0	0.0	4.6689534187316895	6.418437957763672	2.995924949645996	0.0	0.0	0.0	0.0	0.0	0.0	0.0	5.823272228240967	0.0	2.955749034881592	0.0	0.0	7.533113479614258	0.0	4.640763282775879	3.4227182865142822	1.5763463973999023	2.2577199935913086	0.0	0.0	0.0	2.186351776123047	2.772916793823242	0.0	3.6369752883911133	0.0	0.0	3.5778207778930664	0.0	0.0	0.0	0.0	0.0	0.0	0.0	0.0	0.0	0.0	3.3906798362731934	4.508963584899902	0.0	0.0	0.0	0.0	0.0	0.0	1.6605159044265747	0.0	0.0	2.944343328475952	3.645772695541382	0.0	2.439606189727783	0.6472592353820801	0.0	0.0	2.9284603595733643	2.8052637577056885	4.806756019592285	0.0	2.5422122478485107	0.0	2.3843202590942383	0.0	0.0	0.0	3.799697160720825	0.0	0.0	0.0	0.0	0.0	0.0	0.0	2.4163389205932617	3.8669073581695557	0.0	0.0	0.0	0.0	0.0	0.0	2.2003204822540283	0.0	0.0	0.0	4.751708507537842	0.0	5.075135707855225	0.0	4.13503360748291	0.0	1.301084280014038	0.0	0.0	0.0
3.4812512397766113	0.0	2.6237668991088867	0.0	0.0	4.837939262390137	4.0502095222473145	1.9140914678573608	0.0	0.0	2.8352928161621094	2.5564687252044678	4.991678237915039	0.0	0.0	0.0	0.0	4.939343452453613	4.599335670471191	2.9863016605377197	0.0	0.0	0.0	2.670583486557007	0.0	0.0	0.0	0.0	0.0	5.011432647705078	6.908912658691406	1.726698875427246	0.0	0.0	0.0	0.0	0.0	0.0	0.0	6.574343204498291	0.0	2.6440608501434326	0.0	0.0	7.366057872772217	0.0	4.710784912109375	5.123140811920166	2.701956033706665	3.6470839977264404	0.0	0.0	0.0	1.5088883638381958	2.052971601486206	0.0	3.3264920711517334	0.0	0.0	4.350434303283691	0.0	0.0	0.0	0.0	0.0	0.0	0.0	0.0	0.0	0.0	2.6387505531311035	4.6719207763671875	0.0	0.0	0.0	0.0	0.0	0.0	0.8267082571983337	0.0	0.0	3.265469789505005	3.3934731483459473	0.0	2.30814528465271	0.5456022024154663	0.0	0.0	2.1691606044769287	2.779214382171631	4.995947360992432	0.0	0.0	0.0	1.431496024131775	0.0	0.0	0.0	3.1257922649383545	0.0	0.0	0.0	0.0	0.0	0.0	0.0	4.205940246582031	4.469969749450684	0.0	0.0	0.0	0.0	0.0	0.0	3.0322492122650146	0.0	0.0	0.0	5.103452682495117	0.0	6.377686977386475	0.0	2.052934169769287	0.0	4.182878017425537	0.0	0.0	0.0
3.6450092792510986	0.0	3.298198699951172	0.0	0.0	3.1874704360961914	3.457235813140869	1.8286287784576416	0.0	0.0	2.6682591438293457	2.5049118995666504	3.914454698562622	0.0	0.0	0.0	0.0	3.482067584991455	2.971172332763672	2.224562168121338	0.0	0.0	0.0	3.4682674407958984	0.0	0.0	0.0	0.0	0.0	4.917984962463379	6.5127272605896	2.6133687496185303	0.0	0.0	0.0	0.0	0.0	0.0	0.0	5.840407848358154	0.0	2.8241488933563232	0.0	0.0	7.656506538391113	0.0	4.539194107055664	3.4172630310058594	2.0886106491088867	2.34788179397583	0.0	0.0	0.0	2.0761067867279053	2.607822895050049	0.0	3.3314807415008545	0.0	0.0	3.5248146057128906	0.0	0.0	0.0	0.0	0.0	0.0	0.0	0.0	0.0	0.0	3.164480209350586	4.343052864074707	0.0	0.0	0.0	0.0	0.0	0.0	1.0828344821929932	0.0	0.0	3.1041154861450195	3.496335506439209	0.0	2.4477617740631104	0.7453131675720215	0.0	0.0	3.118831157684326	2.8324975967407227	4.974327087402344	0.0	2.039905071258545	0.0	2.467369318008423	0.0	0.0	0.0	3.473695993423462	0.0	0.0	0.0	0.0	0.0	0.0	0.0	2.132721185684204	3.9263665676116943	0.0	0.0	0.0	0.0	0.0	0.0	2.3081579208374023	0.0	0.0	0.0	4.447298049926758	0.0	4.883208274841309	0.0	3.4627573490142822	0.0	1.9308258295059204	0.0	0.0	0.0
3.471339225769043	0.0	3.774688959121704	0.0	0.0	3.5562267303466797	3.7555510997772217	1.2685461044311523	0.0	0.0	2.476823329925537	2.7149581909179688	2.6104564666748047	0.0	0.0	0.0	0.0	3.6814045906066895	3.160365343093872	1.759624719619751	0.0	0.0	0.0	3.8429055213928223	0.0	0.0	0.0	0.0	0.0	4.825965404510498	6.729256629943848	2.749152421951294	0.0	0.0	0.0	0.0	0.0	0.0	0.0	5.120596408843994	0.0	2.571971893310547	0.0	0.0	7.542770862579346	0.0	5.035440444946289	3.068006992340088	2.0618247985839844	1.4477298259735107	0.0	0.0	0.0	2.352238655090332	2.891350269317627	0.0	3.895271062850952	0.0	0.0	3.772798776626587	0.0	0.0	0.0	0.0	0.0	0.0	0.0	0.0	0.0	0.0	3.0840649604797363	4.29084587097168	0.0	0.0	0.0	0.0	0.0	0.0	1.8767387866973877	0.0	0.0	3.265982151031494	2.998619318008423	0.0	2.865241050720215	1.5902032852172852	0.0	0.0	2.7667694091796875	2.6816046237945557	4.47622537612915	0.0	3.776918411254883	0.0	2.403804302215576	0.0	0.0	0.0	3.8231301307678223	0.0	0.0	0.0	0.0	0.0	0.0	0.0	1.8894559144973755	3.7466773986816406	0.0	0.0	0.0	0.0	0.0	0.0	1.7913939952850342	0.0	0.0	0.0	4.302217483520508	0.0	5.037985324859619	0.0	4.402514934539795	0.0	0.8105160593986511	0.0	0.0	0.0
3.529130458831787	0.0	3.6058669090270996	0.0	0.0	3.4974446296691895	3.7757904529571533	1.6835328340530396	0.0	0.0	2.6168179512023926	2.4919278621673584	3.2145349979400635	0.0	0.0	0.0	0.0	3.7005834579467773	3.12585711479187	2.255046844482422	0.0	0.0	0.0	3.4374730587005615	0.0	0.0	0.0	0.0	0.0	5.028601169586182	6.691006183624268	2.753932476043701	0.0	0.0	0.0	0.0	0.0	0.0	0.0	5.6857476234436035	0.0	2.4645659923553467	0.0	0.0	7.6226630210876465	0.0	4.860652923583984	3.3038430213928223	2.097187042236328	1.9371041059494019	0.0	0.0	0.0	2.1611123085021973	2.3889896869659424	0.0	3.533226728439331	0.0	0.0	3.6466174125671387	0.0	0.0	0.0	0.0	0.0	0.0	0.0	0.0	0.0	0.0	3.0971267223358154	4.44862174987793	0.0	0.0	0.0	0.0	0.0	0.0	1.436143398284912	0.0	0.0	3.2938451766967773	3.2762842178344727	0.0	2.528918981552124	1.2643616199493408	0.0	0.0	2.91499400138855	2.619166135787964	4.661815643310547	0.0	2.5830743312835693	0.0	2.4289491176605225	0.0	0.0	0.0	3.604534864425659	0.0	0.0	0.0	0.0	0.0	0.0	0.0	2.4392096996307373	3.796161413192749	0.0	0.0	0.0	0.0	0.0	0.0	1.9015733003616333	0.0	0.0	0.0	4.378086566925049	0.0	4.868226528167725	0.0	3.5914506912231445	0.0	1.517267107963562	0.0	0.0	0.0
3.6230084896087646	0.0	3.4071006774902344	0.0	0.0	3.3025012016296387	3.4917986392974854	1.5386199951171875	0.0	0.0	2.86609148979187	2.411555528640747	3.5044658184051514	0.0	0.0	0.0	0.0	3.547762393951416	2.9014017581939697	2.459810495376587	0.0	0.0	0.0	3.5449044704437256	0.0	0.0	0.0	0.0	0.0	4.822015762329102	6.579026222229004	2.8118820190429688	0.0	0.0	0.0	0.0	0.0	0.0	0.0	5.5127034187316895	0.0	2.408116579055786	0.0	0.0	7.684442043304443	0.0	4.538855075836182	2.9843616485595703	2.1787357330322266	1.755205750465393	0.0	0.0	0.0	2.215688943862915	2.451491594314575	0.0	3.4419901371002197	0.0	0.0	3.456225633621216	0.0	0.0	0.0	0.0	0.0	0.0	0.0	0.0	0.0	0.0	2.9591827392578125	4.060490131378174	0.0	0.0	0.0	0.0	0.0	0.0	1.218814492225647	0.0	0.0	3.0204272270202637	3.3534672260284424	0.0	2.4356729984283447	1.007717251777649	0.0	0.0	2.9433529376983643	2.6647534370422363	4.829774856567383	0.0	2.757009267807007	0.0	2.4568676948547363	0.0	0.0	0.0	3.690915822982788	0.0	0.0	0.0	0.0	0.0	0.0	0.0	2.188988208770752	3.921077251434326	0.0	0.0	0.0	0.0	0.0	0.0	1.9412782192230225	0.0	0.0	0.0	4.174074649810791	0.0	4.602657318115234	0.0	3.399933099746704	0.0	1.4791127443313599	0.0	0.0	0.0
3.161287546157837	0.0	3.724747657775879	0.0	0.0	3.482661008834839	3.6121628284454346	1.192405343055725	0.0	0.0	2.0908141136169434	2.784435272216797	2.4097163677215576	0.0	0.0	0.0	0.0	3.856710195541382	3.3500194549560547	1.3132946491241455	0.0	0.0	0.0	3.4715378284454346	0.0	0.0	0.0	0.0	0.0	4.676201820373535	6.4802350997924805	2.8666677474975586	0.0	0.0	0.0	0.0	0.0	0.0	0.0	5.551458358764648	0.0	3.2557036876678467	0.0	0.0	7.369277477264404	0.0	5.030889987945557	3.522723913192749	1.6412301063537598	2.02112078666687	0.0	0.0	0.0	2.514660358428955	2.6991026401519775	0.0	3.8893113136291504	0.0	0.0	3.8070833683013916	0.0	0.0	0.0	0.0	0.0	0.0	0.0	0.0	0.0	0.0	3.6340625286102295	4.560564994812012	0.0	0.0	0.0	0.0	0.0	0.0	2.342398166656494	0.0	0.0	3.2596168518066406	3.1473770141601562	0.0	2.8141562938690186	1.3751739263534546	0.0	0.0	3.006723165512085	3.1231014728546143	4.462142467498779	0.0	3.1127126216888428	0.0	2.2702457904815674	0.0	0.0	0.0	3.653385877609253	0.0	0.0	0.0	0.0	0.0	0.0	0.0	1.8551596403121948	3.694350004196167	0.0	0.0	0.0	0.0	0.0	0.0	1.9775787591934204	0.0	0.0	0.0	4.884292125701904	0.0	5.650844097137451	0.0	5.0501556396484375	0.0	0.5294066071510315	0.0	0.0	0.0
3.723177671432495	0.0	3.3639912605285645	0.0	0.0	3.2125496864318848	3.3148250579833984	1.4867128133773804	0.0	0.0	2.7616984844207764	2.467482328414917	3.374735116958618	0.0	0.0	0.0	0.0	3.4390571117401123	2.854618787765503	2.6470413208007812	0.0	0.0	0.0	3.603602170944214	0.0	0.0	0.0	0.0	0.0	4.740289211273193	6.5470991134643555	2.6035139560699463	0.0	0.0	0.0	0.0	0.0	0.0	0.0	5.379579067230225	0.0	2.3550961017608643	0.0	0.0	7.694103717803955	0.0	4.440213203430176	3.022083044052124	2.181044816970825	1.5359890460968018	0.0	0.0	0.0	2.2487387657165527	2.614663600921631	0.0	3.334282398223877	0.0	0.0	3.497652292251587	0.0	0.0	0.0	0.0	0.0	0.0	0.0	0.0	0.0	0.0	2.924612283706665	3.8803036212921143	0.0	0.0	0.0	0.0	0.0	0.0	1.1911818981170654	0.0	0.0	2.968796730041504	3.1835031509399414	0.0	2.3686745166778564	1.083024024963379	0.0	0.0	2.848266839981079	2.5493781566619873	4.608688831329346	0.0	2.5911405086517334	0.0	2.41878342628479	0.0	0.0	0.0	3.6893301010131836	0.0	0.0	0.0	0.0	0.0	0.0	0.0	2.1817100048065186	3.979138135910034	0.0	0.0	0.0	0.0	0.0	0.0	1.9423083066940308	0.0	0.0	0.0	3.9518074989318848	0.0	4.592573642730713	0.0	3.2219371795654297	0.0	1.707351565361023	0.0	0.0	0.0
3.891131639480591	0.0	3.5330493450164795	0.0	0.0	3.1388795375823975	3.424739122390747	1.554421305656433	0.0	0.0	2.9201087951660156	2.576258897781372	3.5552635192871094	0.0	0.0	0.0	0.0	3.4516379833221436	3.0426158905029297	2.6784961223602295	0.0	0.0	0.0	3.6575381755828857	0.0	0.0	0.0	0.0	0.0	5.028232097625732	6.687075138092041	2.9204633235931396	0.0	0.0	0.0	0.0	0.0	0.0	0.0	5.43869686126709	0.0	2.5398895740509033	0.0	0.0	7.908920764923096	0.0	4.425160884857178	2.8304715156555176	2.0849151611328125	1.6980571746826172	0.0	0.0	0.0	2.5409910678863525	2.8941354751586914	0.0	3.510969877243042	0.0	0.0	3.475362539291382	0.0	0.0	0.0	0.0	0.0	0.0	0.0	0.0	0.0	0.0	2.937318801879883	4.0060200691223145	0.0	0.0	0.0	0.0	0.0	0.0	1.0627269744873047	0.0	0.0	3.098440647125244	3.5269031524658203	0.0	2.477189540863037	1.1900372505187988	0.0	0.0	3.1236813068389893	2.561805248260498	4.761106967926025	0.0	3.1378087997436523	0.0	2.620163679122925	0.0	0.0	0.0	3.8934895992279053	0.0	0.0	0.0	0.0	0.0	0.0	0.0	2.1872174739837646	4.287601947784424	0.0	0.0	0.0	0.0	0.0	0.0	2.0350334644317627	0.0	0.0	0.0	3.885042428970337	0.0	4.537179470062256	0.0	3.0637423992156982	0.0	1.6384950876235962	0.0	0.0	0.0
3.357982873916626	0.0	3.587639093399048	0.0	0.0	3.3650715351104736	3.752654552459717	1.6250032186508179	0.0	0.0	2.513962507247925	2.6573426723480225	3.0398061275482178	0.0	0.0	0.0	0.0	3.487316846847534	3.042081356048584	1.8441321849822998	0.0	0.0	0.0	3.564687728881836	0.0	0.0	0.0	0.0	0.0	4.971340656280518	6.634972095489502	2.875335693359375	0.0	0.0	0.0	0.0	0.0	0.0	0.0	5.382906913757324	0.0	2.7718665599823	0.0	0.0	7.417962551116943	0.0	4.791921138763428	3.1450040340423584	1.8036296367645264	1.780599594116211	0.0	0.0	0.0	2.167875289916992	2.9197421073913574	0.0	3.775543212890625	0.0	0.0	3.6294965744018555	0.0	0.0	0.0	0.0	0.0	0.0	0.0	0.0	0.0	0.0	3.256199359893799	4.41786003112793	0.0	0.0	0.0	0.0	0.0	0.0	1.6277443170547485	0.0	0.0	3.2475802898406982	3.212711811065674	0.0	2.5950424671173096	1.380887746810913	0.0	0.0	3.2213828563690186	2.721616268157959	4.4727654457092285	0.0	3.183957576751709	0.0	2.383209705352783	0.0	0.0	0.0	3.803501844406128	0.0	0.0	0.0	0.0	0.0	0.0	0.0	2.094651699066162	3.75018310546875	0.0	0.0	0.0	0.0	0.0	0.0	1.9140191078186035	0.0	0.0	0.0	4.346200942993164	0.0	4.910467624664307	0.0	3.9167330265045166	0.0	1.1607316732406616	0.0	0.0	0.0
3.0585453510284424	0.0	3.5559275150299072	0.0	0.0	3.4326136112213135	3.353012800216675	0.9752197861671448	0.0	0.0	2.396944284439087	2.484408378601074	2.7217342853546143	0.0	0.0	0.0	0.0	3.9264137744903564	3.08388090133667	1.8462047576904297	0.0	0.0	0.0	3.32582688331604	0.0	0.0	0.0	0.0	0.0	4.4604010581970215	6.399492263793945	2.7381813526153564	0.0	0.0	0.0	0.0	0.0	0.0	0.0	5.497300148010254	0.0	2.9475810527801514	0.0	0.0	7.287876129150391	0.0	4.689843654632568	3.4955759048461914	1.7611218690872192	2.1459789276123047	0.0	0.0	0.0	2.1767702102661133	2.6725590229034424	0.0	3.698611259460449	0.0	0.0	3.71163272857666	0.0	0.0	0.0	0.0	0.0	0.0	0.0	0.0	0.0	0.0	3.275581121444702	4.360732555389404	0.0	0.0	0.0	0.0	0.0	0.0	2.1059134006500244	0.0	0.0	3.0400068759918213	3.2451584339141846	0.0	2.485119581222534	0.9977394342422485	0.0	0.0	2.73474383354187	2.7867276668548584	4.398754596710205	0.0	2.8029870986938477	0.0	2.1676852703094482	0.0	0.0	0.0	3.7760612964630127	0.0	0.0	0.0	0.0	0.0	0.0	0.0	2.0195069313049316	3.7143561840057373	0.0	0.0	0.0	0.0	0.0	0.0	2.0627307891845703	0.0	0.0	0.0	4.693110466003418	0.0	5.258279323577881	0.0	4.437459468841553	0.0	0.9860520362854004	0.0	0.0	0.0
4.156670570373535	0.0	4.439016342163086	0.0	0.0	4.302688121795654	3.490687847137451	1.0961101055145264	0.0	0.0	2.606682062149048	1.7085978984832764	4.842824459075928	0.0	0.0	0.0	0.0	5.693655490875244	3.4677655696868896	5.2377119064331055	0.0	0.0	0.0	4.0426812171936035	0.0	0.0	0.0	0.0	0.0	4.761120796203613	7.46212100982666	2.11712908744812	0.0	0.0	0.0	0.0	0.0	0.0	0.0	7.458092212677002	0.0	2.4993646144866943	0.0	0.0	9.895837783813477	0.0	4.587409496307373	3.777751922607422	4.505445957183838	1.9169503450393677	0.0	0.0	0.0	0.9841219782829285	1.4647204875946045	0.0	3.40983247756958	0.0	0.0	4.051172733306885	0.0	0.0	0.0	0.0	0.0	0.0	0.0	0.0	0.0	0.0	3.12282395362854	4.805190086364746	0.0	0.0	0.0	0.0	0.0	0.0	1.0843636989593506	0.0	0.0	4.26304292678833	3.851027727127075	0.0	2.4244303703308105	0.5881983637809753	0.0	0.0	1.3000198602676392	3.598738193511963	6.553147315979004	0.0	2.2962772846221924	0.0	2.704120635986328	0.0	0.0	0.0	3.4713165760040283	0.0	0.0	0.0	0.0	0.0	0.0	0.0	4.3424787521362305	5.629301071166992	0.0	0.0	0.0	0.0	0.0	0.0	1.993815541267395	0.0	0.0	0.0	5.1762590408325195	0.0	4.745511054992676	0.0	2.362175941467285	0.0	3.204397201538086	0.0	0.0	0.0
3.611534833908081	0.0	3.2626848220825195	0.0	0.0	2.6741440296173096	4.025781154632568	1.753004550933838	0.0	0.0	3.0869061946868896	2.524683952331543	4.207154750823975	0.0	0.0	0.0	0.0	2.951698064804077	2.784456968307495	2.480562686920166	0.0	0.0	0.0	3.445099115371704	0.0	0.0	0.0	0.0	0.0	5.479295253753662	6.189862251281738	3.3016247749328613	0.0	0.0	0.0	0.0	0.0	0.0	0.0	5.248922348022461	0.0	2.506521463394165	0.0	0.0	7.439756393432617	0.0	4.500499725341797	3.201106309890747	1.6082499027252197	2.3823318481445312	0.0	0.0	0.0	2.3551316261291504	3.3419487476348877	0.0	3.9698915481567383	0.0	0.0	3.605262517929077	0.0	0.0	0.0	0.0	0.0	0.0	0.0	0.0	0.0	0.0	3.2337803840637207	4.852888107299805	0.0	0.0	0.0	0.0	0.0	0.0	1.0910557508468628	0.0	0.0	3.0131218433380127	4.189123153686523	0.0	2.570984125137329	0.5852681994438171	0.0	0.0	3.721662998199463	2.021354913711548	4.666248798370361	0.0	2.9739832878112793	0.0	2.561758518218994	0.0	0.0	0.0	3.7560224533081055	0.0	0.0	0.0	0.0	0.0	0.0	0.0	1.802312970161438	3.86702299118042	0.0	0.0	0.0	0.0	0.0	0.0	2.0552146434783936	0.0	0.0	0.0	4.357295036315918	0.0	4.4256815910339355	0.0	3.2871410846710205	0.0	2.05169415473938	0.0	0.0	0.0
3.4430699348449707	0.0	3.352390766143799	0.0	0.0	3.4284191131591797	3.244500160217285	1.5352715253829956	0.0	0.0	2.328294277191162	2.5128233432769775	3.4207348823547363	0.0	0.0	0.0	0.0	3.5477757453918457	3.165602445602417	1.7603622674942017	0.0	0.0	0.0	3.3793601989746094	0.0	0.0	0.0	0.0	0.0	4.696699619293213	6.7699198722839355	2.6613962650299072	0.0	0.0	0.0	0.0	0.0	0.0	0.0	5.838323593139648	0.0	3.4793081283569336	0.0	0.0	7.462663650512695	0.0	4.6310272216796875	3.611743688583374	2.1293394565582275	2.438077211380005	0.0	0.0	0.0	2.1901228427886963	2.6833581924438477	0.0	3.3652846813201904	0.0	0.0	3.5955679416656494	0.0	0.0	0.0	0.0	0.0	0.0	0.0	0.0	0.0	0.0	3.5677847862243652	4.762535572052002	0.0	0.0	0.0	0.0	0.0	0.0	1.5704447031021118	0.0	0.0	3.1849682331085205	3.2943360805511475	0.0	2.2499396800994873	0.7465070486068726	0.0	0.0	3.1704823970794678	2.8458261489868164	4.788360595703125	0.0	1.9795069694519043	0.0	2.179163694381714	0.0	0.0	0.0	3.637089967727661	0.0	0.0	0.0	0.0	0.0	0.0	0.0	2.2059051990509033	3.816056489944458	0.0	0.0	0.0	0.0	0.0	0.0	2.372305393218994	0.0	0.0	0.0	4.682066440582275	0.0	5.215388298034668	0.0	4.283496856689453	0.0	1.5380866527557373	0.0	0.0	0.0
3.6831185817718506	0.0	3.5145716667175293	0.0	0.0	3.256183624267578	3.4183506965637207	1.6656649112701416	0.0	0.0	2.7904815673828125	2.4680702686309814	3.3036038875579834	0.0	0.0	0.0	0.0	3.448227643966675	2.8789591789245605	2.3255562782287598	0.0	0.0	0.0	3.5149872303009033	0.0	0.0	0.0	0.0	0.0	4.9538726806640625	6.691494941711426	2.89302134513855	0.0	0.0	0.0	0.0	0.0	0.0	0.0	5.566673755645752	0.0	2.4751460552215576	0.0	0.0	7.7529096603393555	0.0	4.660891056060791	3.103186845779419	2.2735044956207275	1.8033509254455566	0.0	0.0	0.0	2.238351345062256	2.3550853729248047	0.0	3.374763011932373	0.0	0.0	3.5251688957214355	0.0	0.0	0.0	0.0	0.0	0.0	0.0	0.0	0.0	0.0	3.1050422191619873	4.115042686462402	0.0	0.0	0.0	0.0	0.0	0.0	1.3556468486785889	0.0	0.0	3.06105899810791	3.256211519241333	0.0	2.324352502822876	1.1228125095367432	0.0	0.0	3.0514297485351562	2.6903040409088135	4.775320053100586	0.0	2.501400947570801	0.0	2.4184155464172363	0.0	0.0	0.0	3.644596576690674	0.0	0.0	0.0	0.0	0.0	0.0	0.0	2.2122693061828613	3.9160118103027344	0.0	0.0	0.0	0.0	0.0	0.0	1.892125129699707	0.0	0.0	0.0	4.166825771331787	0.0	4.536115646362305	0.0	3.4426097869873047	0.0	1.5317802429199219	0.0	0.0	0.0
3.6377475261688232	0.0	3.755614757537842	0.0	0.0	3.2437784671783447	3.629459857940674	1.3584115505218506	0.0	0.0	2.7380576133728027	2.521702289581299	3.008437156677246	0.0	0.0	0.0	0.0	3.609429359436035	2.8026254177093506	2.1657254695892334	0.0	0.0	0.0	3.5043745040893555	0.0	0.0	0.0	0.0	0.0	4.881987571716309	6.6217122077941895	3.1447486877441406	0.0	0.0	0.0	0.0	0.0	0.0	0.0	5.558319091796875	0.0	2.633431911468506	0.0	0.0	7.633254528045654	0.0	4.8030829429626465	3.0660934448242188	1.8160998821258545	1.7940527200698853	0.0	0.0	0.0	2.4752213954925537	2.4187874794006348	0.0	3.603766918182373	0.0	0.0	3.419975996017456	0.0	0.0	0.0	0.0	0.0	0.0	0.0	0.0	0.0	0.0	3.1460769176483154	4.2640180587768555	0.0	0.0	0.0	0.0	0.0	0.0	1.5758094787597656	0.0	0.0	3.0228660106658936	3.4474151134490967	0.0	2.578925848007202	1.070783257484436	0.0	0.0	3.096172571182251	2.700814723968506	4.76193904876709	0.0	2.9832346439361572	0.0	2.497706413269043	0.0	0.0	0.0	3.861616373062134	0.0	0.0	0.0	0.0	0.0	0.0	0.0	2.046905040740967	3.9452836513519287	0.0	0.0	0.0	0.0	0.0	0.0	1.8145438432693481	0.0	0.0	0.0	4.353597164154053	0.0	4.781580924987793	0.0	4.262289047241211	0.0	0.9333465695381165	0.0	0.0	0.0
3.779376983642578	0.0	3.4948883056640625	0.0	0.0	3.256657600402832	3.256805419921875	1.513204574584961	0.0	0.0	2.928102731704712	2.3972737789154053	3.5661139488220215	0.0	0.0	0.0	0.0	3.8191640377044678	2.908665418624878	2.764525890350342	0.0	0.0	0.0	3.5557847023010254	0.0	0.0	0.0	0.0	0.0	4.867851734161377	6.632530689239502	2.6864564418792725	0.0	0.0	0.0	0.0	0.0	0.0	0.0	5.598112106323242	0.0	2.3401920795440674	0.0	0.0	8.186053276062012	0.0	4.433945655822754	3.1352810859680176	2.2934975624084473	1.8184946775436401	0.0	0.0	0.0	2.3572256565093994	2.4831864833831787	0.0	3.6053466796875	0.0	0.0	3.694495677947998	0.0	0.0	0.0	0.0	0.0	0.0	0.0	0.0	0.0	0.0	2.782712459564209	4.0005927085876465	0.0	0.0	0.0	0.0	0.0	0.0	1.178731918334961	0.0	0.0	3.002384662628174	3.4163427352905273	0.0	2.465442657470703	1.2072030305862427	0.0	0.0	2.6785576343536377	2.505908250808716	5.105227470397949	0.0	2.867277145385742	0.0	2.5053699016571045	0.0	0.0	0.0	3.662386655807495	0.0	0.0	0.0	0.0	0.0	0.0	0.0	2.032714605331421	4.002429008483887	0.0	0.0	0.0	0.0	0.0	0.0	2.0142276287078857	0.0	0.0	0.0	4.280693531036377	0.0	4.607621669769287	0.0	3.103206157684326	0.0	1.6971606016159058	0.0	0.0	0.0
4.07685661315918	0.0	3.5382344722747803	0.0	0.0	3.3747575283050537	2.9620046615600586	1.9157097339630127	0.0	0.0	2.7131006717681885	2.673412561416626	2.8553812503814697	0.0	0.0	0.0	0.0	3.3348195552825928	2.6618001461029053	1.69858980178833	0.0	0.0	0.0	3.613852024078369	0.0	0.0	0.0	0.0	0.0	4.830855846405029	6.9104695320129395	2.379955530166626	0.0	0.0	0.0	0.0	0.0	0.0	0.0	5.491541385650635	0.0	2.7319817543029785	0.0	0.0	7.850003242492676	0.0	4.88410758972168	3.0790412425994873	2.223562479019165	1.5254037380218506	0.0	0.0	0.0	2.422893524169922	2.637256622314453	0.0	3.1300535202026367	0.0	0.0	3.4603288173675537	0.0	0.0	0.0	0.0	0.0	0.0	0.0	0.0	0.0	0.0	3.3195316791534424	3.9200308322906494	0.0	0.0	0.0	0.0	0.0	0.0	1.0988672971725464	0.0	0.0	2.8022663593292236	2.8675389289855957	0.0	2.1391828060150146	1.5608105659484863	0.0	0.0	3.2040514945983887	2.7525410652160645	4.814631462097168	0.0	2.250540018081665	0.0	2.5059094429016113	0.0	0.0	0.0	3.9450085163116455	0.0	0.0	0.0	0.0	0.0	0.0	0.0	1.6122485399246216	3.4725444316864014	0.0	0.0	0.0	0.0	0.0	0.0	2.086742639541626	0.0	0.0	0.0	3.777076244354248	0.0	4.726707458496094	0.0	3.806783676147461	0.0	1.3606480360031128	0.0	0.0	0.0
3.185854196548462	0.0	3.8849222660064697	0.0	0.0	3.569171905517578	4.023959636688232	1.2139025926589966	0.0	0.0	2.310088872909546	2.547496795654297	2.4729464054107666	0.0	0.0	0.0	0.0	3.6318585872650146	3.0471246242523193	1.6934974193572998	0.0	0.0	0.0	3.5857887268066406	0.0	0.0	0.0	0.0	0.0	4.80097770690918	6.621921062469482	2.9385764598846436	0.0	0.0	0.0	0.0	0.0	0.0	0.0	5.212299346923828	0.0	2.7126681804656982	0.0	0.0	7.166376113891602	0.0	4.954951286315918	3.194262981414795	1.5413930416107178	1.5319308042526245	0.0	0.0	0.0	2.366746425628662	2.678147792816162	0.0	3.8087360858917236	0.0	0.0	3.740278959274292	0.0	0.0	0.0	0.0	0.0	0.0	0.0	0.0	0.0	0.0	3.2942488193511963	4.485326290130615	0.0	0.0	0.0	0.0	0.0	0.0	2.1744332313537598	0.0	0.0	3.2735817432403564	3.0052337646484375	0.0	2.7920618057250977	1.5410032272338867	0.0	0.0	3.072735548019409	2.9153285026550293	4.321212291717529	0.0	3.5812103748321533	0.0	2.336064577102661	0.0	0.0	0.0	3.7362358570098877	0.0	0.0	0.0	0.0	0.0	0.0	0.0	2.2120065689086914	3.6380367279052734	0.0	0.0	0.0	0.0	0.0	0.0	1.736644983291626	0.0	0.0	0.0	4.46925687789917	0.0	5.309937477111816	0.0	4.326656818389893	0.0	0.7237266302108765	0.0	0.0	0.0
3.586015462875366	0.0	3.8446810245513916	0.0	0.0	3.2687506675720215	3.2575523853302	0.8111018538475037	0.0	0.0	2.088287591934204	2.9335885047912598	1.7996515035629272	0.0	0.0	0.0	0.0	3.3328988552093506	3.1705803871154785	0.5100560188293457	0.0	0.0	0.0	3.7188432216644287	0.0	0.0	0.0	0.0	0.0	4.852949142456055	6.687679767608643	2.999236583709717	0.0	0.0	0.0	0.0	0.0	0.0	0.0	4.9587202072143555	0.0	3.234355926513672	0.0	0.0	6.911870002746582	0.0	5.288887977600098	3.332148551940918	1.9022862911224365	1.4418635368347168	0.0	0.0	0.0	2.603137493133545	2.6652064323425293	0.0	3.7074713706970215	0.0	0.0	3.596369743347168	0.0	0.0	0.0	0.0	0.0	0.0	0.0	0.0	0.0	0.0	3.6229536533355713	4.560771465301514	0.0	0.0	0.0	0.0	0.0	0.0	2.5657050609588623	0.0	0.0	3.3494036197662354	2.5457041263580322	0.0	2.77923321723938	1.76448392868042	0.0	0.0	3.253255605697632	2.9598753452301025	4.3326826095581055	0.0	3.921377420425415	0.0	1.9112470149993896	0.0	0.0	0.0	3.840219736099243	0.0	0.0	0.0	0.0	0.0	0.0	0.0	1.0075676441192627	3.1943843364715576	0.0	0.0	0.0	0.0	0.0	0.0	2.0797784328460693	0.0	0.0	0.0	4.468692302703857	0.0	5.464234828948975	0.0	5.993943214416504	0.0	0.0	0.0	0.0	0.0
3.7353620529174805	0.0	3.3040964603424072	0.0	0.0	3.3447508811950684	3.486131191253662	1.8323932886123657	0.0	0.0	2.9207515716552734	2.296750068664551	3.466879367828369	0.0	0.0	0.0	0.0	3.632650136947632	2.9659602642059326	2.683556079864502	0.0	0.0	0.0	3.779402017593384	0.0	0.0	0.0	0.0	0.0	5.03929328918457	6.7335896492004395	2.793926477432251	0.0	0.0	0.0	0.0	0.0	0.0	0.0	5.74621057510376	0.0	2.301419973373413	0.0	0.0	7.953236103057861	0.0	4.529207706451416	2.7909481525421143	2.483898401260376	1.506972312927246	0.0	0.0	0.0	2.049898147583008	2.2061607837677	0.0	3.48905611038208	0.0	0.0	3.5779812335968018	0.0	0.0	0.0	0.0	0.0	0.0	0.0	0.0	0.0	0.0	2.947136878967285	4.259295463562012	0.0	0.0	0.0	0.0	0.0	0.0	1.3878434896469116	0.0	0.0	3.2551374435424805	3.421983242034912	0.0	2.3168869018554688	1.1050156354904175	0.0	0.0	2.98993182182312	2.863032102584839	5.020196437835693	0.0	2.9551916122436523	0.0	2.475118398666382	0.0	0.0	0.0	3.6952548027038574	0.0	0.0	0.0	0.0	0.0	0.0	0.0	2.342072010040283	3.85929536819458	0.0	0.0	0.0	0.0	0.0	0.0	1.8885862827301025	0.0	0.0	0.0	4.25590705871582	0.0	4.478681564331055	0.0	3.213670253753662	0.0	1.4885298013687134	0.0	0.0	0.0
2.988755941390991	0.0	3.4595794677734375	0.0	0.0	3.4194817543029785	3.6177244186401367	1.3775134086608887	0.0	0.0	1.845949411392212	2.5207154750823975	2.9974136352539062	0.0	0.0	0.0	0.0	4.142105579376221	3.314858913421631	1.7293370962142944	0.0	0.0	0.0	2.6771810054779053	0.0	0.0	0.0	0.0	0.0	4.430688381195068	6.076839447021484	2.897372007369995	0.0	0.0	0.0	0.0	0.0	0.0	0.0	6.490403175354004	0.0	3.2368335723876953	0.0	0.0	7.216465473175049	0.0	4.848453998565674	4.0074591636657715	1.8167486190795898	2.6830496788024902	0.0	0.0	0.0	2.0164449214935303	2.1926591396331787	0.0	3.3083274364471436	0.0	0.0	3.771960735321045	0.0	0.0	0.0	0.0	0.0	0.0	0.0	0.0	0.0	0.0	3.9143083095550537	4.6318583488464355	0.0	0.0	0.0	0.0	0.0	0.0	2.2019519805908203	0.0	0.0	3.101456642150879	3.704355239868164	0.0	2.3310842514038086	0.928781270980835	0.0	0.0	3.1515731811523438	3.3953309059143066	4.646573066711426	0.0	1.1665239334106445	0.0	2.2787282466888428	0.0	0.0	0.0	3.547912836074829	0.0	0.0	0.0	0.0	0.0	0.0	0.0	2.8063247203826904	3.8778371810913086	0.0	0.0	0.0	0.0	0.0	0.0	2.24676513671875	0.0	0.0	0.0	5.241597652435303	0.0	5.724531650543213	0.0	3.983154773712158	0.0	1.4980894327163696	0.0	0.0	0.0
3.4986064434051514	0.0	3.9656856060028076	0.0	0.0	3.5989296436309814	4.05441951751709	1.5038574934005737	0.0	0.0	2.6436619758605957	2.648776054382324	3.116652011871338	0.0	0.0	0.0	0.0	3.6320996284484863	3.0313549041748047	1.6591213941574097	0.0	0.0	0.0	3.6719205379486084	0.0	0.0	0.0	0.0	0.0	5.095807075500488	6.873928546905518	3.214200258255005	0.0	0.0	0.0	0.0	0.0	0.0	0.0	5.673206806182861	0.0	2.9546728134155273	0.0	0.0	7.421501159667969	0.0	5.0871806144714355	3.3058321475982666	1.863281488418579	2.0247700214385986	0.0	0.0	0.0	2.467989921569824	2.405888795852661	0.0	3.8384177684783936	0.0	0.0	3.6191608905792236	0.0	0.0	0.0	0.0	0.0	0.0	0.0	0.0	0.0	0.0	3.518279790878296	4.6467695236206055	0.0	0.0	0.0	0.0	0.0	0.0	2.065164089202881	0.0	0.0	3.461435317993164	3.341817617416382	0.0	2.9365291595458984	1.0675076246261597	0.0	0.0	3.3320655822753906	3.2482082843780518	5.033900260925293	0.0	3.2174861431121826	0.0	2.4693443775177	0.0	0.0	0.0	3.6713547706604004	0.0	0.0	0.0	0.0	0.0	0.0	0.0	2.3234360218048096	3.892012596130371	0.0	0.0	0.0	0.0	0.0	0.0	1.9606326818466187	0.0	0.0	0.0	4.9437713623046875	0.0	5.348006248474121	0.0	4.658215045928955	0.0	0.8429158329963684	0.0	0.0	0.0
3.2475593090057373	0.0	3.394721031188965	0.0	0.0	2.878542184829712	3.9331512451171875	1.6143465042114258	0.0	0.0	2.5900940895080566	2.538212537765503	3.655808687210083	0.0	0.0	0.0	0.0	3.2438814640045166	2.874594211578369	2.035928726196289	0.0	0.0	0.0	3.106241464614868	0.0	0.0	0.0	0.0	0.0	4.7588276863098145	6.057840347290039	3.0137975215911865	0.0	0.0	0.0	0.0	0.0	0.0	0.0	5.390934467315674	0.0	2.487933397293091	0.0	0.0	6.921730995178223	0.0	4.566767692565918	3.307429552078247	1.629044532775879	2.2376115322113037	0.0	0.0	0.0	2.286513090133667	2.1858527660369873	0.0	3.516725778579712	0.0	0.0	3.1785171031951904	0.0	0.0	0.0	0.0	0.0	0.0	0.0	0.0	0.0	0.0	3.1838433742523193	4.265440940856934	0.0	0.0	0.0	0.0	0.0	0.0	1.1914424896240234	0.0	0.0	3.090803384780884	3.707928419113159	0.0	2.720167398452759	0.6165502071380615	0.0	0.0	3.2234082221984863	2.794546604156494	4.651601314544678	0.0	2.3465371131896973	0.0	2.500485420227051	0.0	0.0	0.0	3.236920118331909	0.0	0.0	0.0	0.0	0.0	0.0	0.0	2.077826738357544	3.9549500942230225	0.0	0.0	0.0	0.0	0.0	0.0	1.931850790977478	0.0	0.0	0.0	4.5298566818237305	0.0	4.892669677734375	0.0	3.680244207382202	0.0	1.5502800941467285	0.0	0.0	0.0
3.6378653049468994	0.0	3.428936004638672	0.0	0.0	3.4312398433685303	3.560241460800171	1.6654809713363647	0.0	0.0	2.7862491607666016	2.4439260959625244	3.2972211837768555	0.0	0.0	0.0	0.0	3.6942973136901855	3.0897037982940674	2.4508237838745117	0.0	0.0	0.0	3.622126817703247	0.0	0.0	0.0	0.0	0.0	4.881338596343994	6.730201721191406	2.8127684593200684	0.0	0.0	0.0	0.0	0.0	0.0	0.0	5.610360622406006	0.0	2.418569564819336	0.0	0.0	7.665333271026611	0.0	4.594978332519531	2.987484931945801	2.1804473400115967	1.6915645599365234	0.0	0.0	0.0	2.3162028789520264	2.401841163635254	0.0	3.480355739593506	0.0	0.0	3.5374231338500977	0.0	0.0	0.0	0.0	0.0	0.0	0.0	0.0	0.0	0.0	2.9663445949554443	4.162171363830566	0.0	0.0	0.0	0.0	0.0	0.0	1.41452157497406	0.0	0.0	3.1390349864959717	3.309816598892212	0.0	2.3409318923950195	1.1410915851593018	0.0	0.0	3.0104315280914307	2.6326472759246826	4.693907737731934	0.0	2.7166221141815186	0.0	2.3897013664245605	0.0	0.0	0.0	3.734469175338745	0.0	0.0	0.0	0.0	0.0	0.0	0.0	2.3167147636413574	3.933809995651245	0.0	0.0	0.0	0.0	0.0	0.0	1.9211499691009521	0.0	0.0	0.0	4.183373928070068	0.0	4.665968418121338	0.0	3.5125608444213867	0.0	1.4618960618972778	0.0	0.0	0.0
3.8626904487609863	0.0	3.629223585128784	0.0	0.0	3.2046663761138916	3.214481830596924	1.5003526210784912	0.0	0.0	2.8794424533843994	2.485844850540161	3.394674301147461	0.0	0.0	0.0	0.0	3.445293426513672	2.5979292392730713	2.5353336334228516	0.0	0.0	0.0	3.6199188232421875	0.0	0.0	0.0	0.0	0.0	4.855685710906982	6.708110809326172	2.6316492557525635	0.0	0.0	0.0	0.0	0.0	0.0	0.0	5.475358963012695	0.0	2.314481735229492	0.0	0.0	7.88651704788208	0.0	4.5206193923950195	2.986905813217163	2.0699870586395264	1.5725222826004028	0.0	0.0	0.0	2.277493476867676	2.5277068614959717	0.0	3.141477584838867	0.0	0.0	3.3429055213928223	0.0	0.0	0.0	0.0	0.0	0.0	0.0	0.0	0.0	0.0	3.051992893218994	3.942908525466919	0.0	0.0	0.0	0.0	0.0	0.0	1.0974068641662598	0.0	0.0	2.963000535964966	3.2202539443969727	0.0	2.284369468688965	1.0352932214736938	0.0	0.0	2.887935161590576	2.5691792964935303	4.786151885986328	0.0	2.5449957847595215	0.0	2.5910074710845947	0.0	0.0	0.0	3.7733235359191895	0.0	0.0	0.0	0.0	0.0	0.0	0.0	2.096064329147339	3.83919358253479	0.0	0.0	0.0	0.0	0.0	0.0	1.9422968626022339	0.0	0.0	0.0	3.887239933013916	0.0	4.579013824462891	0.0	3.485649347305298	0.0	1.5104643106460571	0.0	0.0	0.0
3.906658172607422	0.0	3.6559460163116455	0.0	0.0	3.4050662517547607	3.2066032886505127	1.1048290729522705	0.0	0.0	2.681210994720459	2.3967456817626953	3.2937893867492676	0.0	0.0	0.0	0.0	3.6277289390563965	2.5201354026794434	3.1025211811065674	0.0	0.0	0.0	3.96003794670105	0.0	0.0	0.0	0.0	0.0	4.7441020011901855	6.728331565856934	2.6624643802642822	0.0	0.0	0.0	0.0	0.0	0.0	0.0	5.605983734130859	0.0	2.506601095199585	0.0	0.0	8.308540344238281	0.0	4.508786201477051	2.79650616645813	2.9470157623291016	1.2423875331878662	0.0	0.0	0.0	2.419376850128174	2.3888280391693115	0.0	3.458925247192383	0.0	0.0	3.6416378021240234	0.0	0.0	0.0	0.0	0.0	0.0	0.0	0.0	0.0	0.0	2.9902353286743164	4.057897090911865	0.0	0.0	0.0	0.0	0.0	0.0	1.584199070930481	0.0	0.0	3.1555402278900146	3.102431058883667	0.0	2.3667232990264893	1.188294529914856	0.0	0.0	2.5426223278045654	2.688452959060669	5.108518123626709	0.0	3.0506463050842285	0.0	2.7433695793151855	0.0	0.0	0.0	3.7235307693481445	0.0	0.0	0.0	0.0	0.0	0.0	0.0	2.1877193450927734	4.270577907562256	0.0	0.0	0.0	0.0	0.0	0.0	1.7427372932434082	0.0	0.0	0.0	4.222476005554199	0.0	4.034666061401367	0.0	3.310990810394287	0.0	1.6450111865997314	0.0	0.0	0.0
3.785508155822754	0.0	3.4025321006774902	0.0	0.0	3.3775272369384766	3.314567804336548	1.5359617471694946	0.0	0.0	2.8257174491882324	2.4986326694488525	3.2847797870635986	0.0	0.0	0.0	0.0	3.503695249557495	2.7878010272979736	2.5436089038848877	0.0	0.0	0.0	3.5714030265808105	0.0	0.0	0.0	0.0	0.0	4.839475154876709	6.6919121742248535	2.7156596183776855	0.0	0.0	0.0	0.0	0.0	0.0	0.0	5.516127109527588	0.0	2.399474620819092	0.0	0.0	7.860496997833252	0.0	4.500659465789795	2.9253571033477783	2.1228697299957275	1.4690815210342407	0.0	0.0	0.0	2.3399269580841064	2.6188912391662598	0.0	3.4412434101104736	0.0	0.0	3.577181100845337	0.0	0.0	0.0	0.0	0.0	0.0	0.0	0.0	0.0	0.0	2.8358092308044434	3.989478588104248	0.0	0.0	0.0	0.0	0.0	0.0	1.402023196220398	0.0	0.0	2.991811752319336	3.202291965484619	0.0	2.3025174140930176	1.1605554819107056	0.0	0.0	2.8554978370666504	2.492673873901367	4.7349419593811035	0.0	2.8109331130981445	0.0	2.4675660133361816	0.0	0.0	0.0	3.785637140274048	0.0	0.0	0.0	0.0	0.0	0.0	0.0	2.239945888519287	3.8418707847595215	0.0	0.0	0.0	0.0	0.0	0.0	1.956827998161316	0.0	0.0	0.0	4.0880913734436035	0.0	4.564979076385498	0.0	3.3998959064483643	0.0	1.4586577415466309	0.0	0.0	0.0
3.5210556983947754	0.0	3.4319772720336914	0.0	0.0	3.483429431915283	3.2918925285339355	1.3414379358291626	0.0	0.0	2.419837474822998	2.767263650894165	2.802711248397827	0.0	0.0	0.0	0.0	3.667292833328247	3.3018736839294434	1.35586678981781	0.0	0.0	0.0	3.658252477645874	0.0	0.0	0.0	0.0	0.0	4.793768405914307	6.82609224319458	2.767367124557495	0.0	0.0	0.0	0.0	0.0	0.0	0.0	5.491480350494385	0.0	3.155662775039673	0.0	0.0	7.456897258758545	0.0	4.968941688537598	3.3058815002441406	2.3830995559692383	2.126983880996704	0.0	0.0	0.0	2.403679847717285	2.66715931892395	0.0	3.8736681938171387	0.0	0.0	3.844397783279419	0.0	0.0	0.0	0.0	0.0	0.0	0.0	0.0	0.0	0.0	3.373433828353882	4.46647310256958	0.0	0.0	0.0	0.0	0.0	0.0	2.087860107421875	0.0	0.0	3.251309633255005	3.0801427364349365	0.0	2.6211371421813965	1.25235116481781	0.0	0.0	2.97233247756958	2.8375847339630127	4.664793491363525	0.0	3.277662515640259	0.0	2.0186266899108887	0.0	0.0	0.0	3.7901716232299805	0.0	0.0	0.0	0.0	0.0	0.0	0.0	1.7161695957183838	3.5843098163604736	0.0	0.0	0.0	0.0	0.0	0.0	2.2829277515411377	0.0	0.0	0.0	4.719673156738281	0.0	5.179535865783691	0.0	5.058542251586914	0.0	0.9108418226242065	0.0	0.0	0.0
3.9209249019622803	0.0	3.32080078125	0.0	0.0	3.46090030670166	2.7452516555786133	1.8860112428665161	0.0	0.0	2.8687596321105957	2.4625701904296875	3.066392421722412	0.0	0.0	0.0	0.0	3.5702977180480957	2.5414583683013916	2.135371208190918	0.0	0.0	0.0	3.8749265670776367	0.0	0.0	0.0	0.0	0.0	4.850864410400391	6.915316104888916	2.2470881938934326	0.0	0.0	0.0	0.0	0.0	0.0	0.0	5.756864070892334	0.0	2.5059797763824463	0.0	0.0	8.158246994018555	0.0	4.540705680847168	2.79587984085083	2.328805446624756	1.775000810623169	0.0	0.0	0.0	2.3617467880249023	2.5062241554260254	0.0	3.086008071899414	0.0	0.0	3.4881162643432617	0.0	0.0	0.0	0.0	0.0	0.0	0.0	0.0	0.0	0.0	3.2101714611053467	3.968149185180664	0.0	0.0	0.0	0.0	0.0	0.0	1.2978055477142334	0.0	0.0	2.8426034450531006	3.065641164779663	0.0	2.066941261291504	1.38005530834198	0.0	0.0	2.882922887802124	2.5141470432281494	5.000437259674072	0.0	2.1598927974700928	0.0	2.562354803085327	0.0	0.0	0.0	4.082756519317627	0.0	0.0	0.0	0.0	0.0	0.0	0.0	1.7561523914337158	3.489043712615967	0.0	0.0	0.0	0.0	0.0	0.0	2.16361141204834	0.0	0.0	0.0	3.941715955734253	0.0	4.284313678741455	0.0	3.4222187995910645	0.0	1.4177172183990479	0.0	0.0	0.0
3.7627224922180176	0.0	3.4545466899871826	0.0	0.0	3.302957534790039	3.2361812591552734	1.6041620969772339	0.0	0.0	2.871471405029297	2.418234348297119	3.2478206157684326	0.0	0.0	0.0	0.0	3.4508795738220215	2.634645462036133	2.414165496826172	0.0	0.0	0.0	3.6493210792541504	0.0	0.0	0.0	0.0	0.0	4.739954471588135	6.69208288192749	2.456620931625366	0.0	0.0	0.0	0.0	0.0	0.0	0.0	5.3748555183410645	0.0	2.454704523086548	0.0	0.0	7.871346473693848	0.0	4.489572048187256	2.990001916885376	2.1444993019104004	1.6399078369140625	0.0	0.0	0.0	2.267653465270996	2.480099678039551	0.0	3.2315359115600586	0.0	0.0	3.387495756149292	0.0	0.0	0.0	0.0	0.0	0.0	0.0	0.0	0.0	0.0	2.951174259185791	3.9786970615386963	0.0	0.0	0.0	0.0	0.0	0.0	1.0230298042297363	0.0	0.0	2.9319028854370117	3.1438674926757812	0.0	2.316284656524658	1.1028586626052856	0.0	0.0	2.7922825813293457	2.4991888999938965	4.818955898284912	0.0	2.439859628677368	0.0	2.533233165740967	0.0	0.0	0.0	3.6671946048736572	0.0	0.0	0.0	0.0	0.0	0.0	0.0	1.9470922946929932	3.726010799407959	0.0	0.0	0.0	0.0	0.0	0.0	1.8624205589294434	0.0	0.0	0.0	3.905397415161133	0.0	4.472588062286377	0.0	3.448035717010498	0.0	1.4615342617034912	0.0	0.0	0.0
3.885462760925293	0.0	4.010895252227783	0.0	0.0	3.9763383865356445	3.5649819374084473	2.1744277477264404	0.0	0.0	3.6900253295898438	2.054426670074463	3.21346116065979	0.0	0.0	0.0	0.0	4.49765157699585	2.5431485176086426	3.432339668273926	0.0	0.0	0.0	3.9230449199676514	0.0	0.0	0.0	0.0	0.0	5.593715667724609	8.018553733825684	2.5608067512512207	0.0	0.0	0.0	0.0	0.0	0.0	0.0	6.8188300132751465	0.0	1.9200100898742676	0.0	0.0	9.183626174926758	0.0	4.547126770019531	2.836721897125244	1.4753135442733765	2.3183112144470215	0.0	0.0	0.0	2.350393295288086	2.0990662574768066	0.0	2.825294017791748	0.0	0.0	3.5151100158691406	0.0	0.0	0.0	0.0	0.0	0.0	0.0	0.0	0.0	0.0	2.770697832107544	4.682816505432129	0.0	0.0	0.0	0.0	0.0	0.0	1.470727801322937	0.0	0.0	2.9232277870178223	3.838698148727417	0.0	2.1376516819000244	1.3559730052947998	0.0	0.0	2.453908920288086	1.9550504684448242	5.580315113067627	0.0	2.1052498817443848	0.0	2.7202157974243164	0.0	0.0	0.0	4.282423496246338	0.0	0.0	0.0	0.0	0.0	0.0	0.0	3.0951194763183594	3.573603630065918	0.0	0.0	0.0	0.0	0.0	0.0	2.2581779956817627	0.0	0.0	0.0	4.166923999786377	0.0	4.41231107711792	0.0	3.200648069381714	0.0	1.6134244203567505	0.0	0.0	0.0
3.5469045639038086	0.0	3.4941670894622803	0.0	0.0	3.2091448307037354	3.605926036834717	1.6149325370788574	0.0	0.0	2.644097089767456	2.3973214626312256	3.554356336593628	0.0	0.0	0.0	0.0	3.6649422645568848	2.9582419395446777	2.433253288269043	0.0	0.0	0.0	3.3723039627075195	0.0	0.0	0.0	0.0	0.0	4.8703999519348145	6.637979984283447	2.7865538597106934	0.0	0.0	0.0	0.0	0.0	0.0	0.0	5.871723175048828	0.0	2.539153814315796	0.0	0.0	7.7062153816223145	0.0	4.5921149253845215	3.295016288757324	2.172055721282959	2.1610350608825684	0.0	0.0	0.0	2.11185359954834	2.2751471996307373	0.0	3.388918399810791	0.0	0.0	3.516421318054199	0.0	0.0	0.0	0.0	0.0	0.0	0.0	0.0	0.0	0.0	3.2226994037628174	4.343608856201172	0.0	0.0	0.0	0.0	0.0	0.0	1.3636438846588135	0.0	0.0	3.2540464401245117	3.515850305557251	0.0	2.4933953285217285	0.9937616586685181	0.0	0.0	2.8799068927764893	2.8007922172546387	4.950204372406006	0.0	2.3553507328033447	0.0	2.425067186355591	0.0	0.0	0.0	3.4849932193756104	0.0	0.0	0.0	0.0	0.0	0.0	0.0	2.4698572158813477	3.9224777221679688	0.0	0.0	0.0	0.0	0.0	0.0	1.9916768074035645	0.0	0.0	0.0	4.501425266265869	0.0	4.862390995025635	0.0	3.3388609886169434	0.0	1.6999114751815796	0.0	0.0	0.0
3.5855531692504883	0.0	3.5470752716064453	0.0	0.0	3.368177890777588	3.6995604038238525	1.6361724138259888	0.0	0.0	2.9909050464630127	2.3528149127960205	3.3844170570373535	0.0	0.0	0.0	0.0	3.5920603275299072	2.9016079902648926	2.8061516284942627	0.0	0.0	0.0	3.3738980293273926	0.0	0.0	0.0	0.0	0.0	4.960143089294434	6.868533611297607	2.8867111206054688	0.0	0.0	0.0	0.0	0.0	0.0	0.0	5.522001266479492	0.0	2.2926933765411377	0.0	0.0	7.8501386642456055	0.0	4.683520317077637	3.21962308883667	1.9801607131958008	2.0258874893188477	0.0	0.0	0.0	2.3162412643432617	2.501715898513794	0.0	3.567596673965454	0.0	0.0	3.545105457305908	0.0	0.0	0.0	0.0	0.0	0.0	0.0	0.0	0.0	0.0	2.728226661682129	4.32722282409668	0.0	0.0	0.0	0.0	0.0	0.0	1.1710984706878662	0.0	0.0	3.0549559593200684	3.4538369178771973	0.0	2.3620660305023193	0.9239862561225891	0.0	0.0	2.7699718475341797	2.3416543006896973	4.806347370147705	0.0	2.660940408706665	0.0	2.4453279972076416	0.0	0.0	0.0	3.5590054988861084	0.0	0.0	0.0	0.0	0.0	0.0	0.0	2.3814451694488525	3.895677089691162	0.0	0.0	0.0	0.0	0.0	0.0	1.884371042251587	0.0	0.0	0.0	4.126984119415283	0.0	4.555980682373047	0.0	3.3459227085113525	0.0	1.7341655492782593	0.0	0.0	0.0
3.1374216079711914	0.0	3.79841685295105	0.0	0.0	3.5634634494781494	3.591175079345703	1.4470465183258057	0.0	0.0	2.1767122745513916	2.7499654293060303	2.5530056953430176	0.0	0.0	0.0	0.0	3.7263941764831543	3.086625337600708	1.3382537364959717	0.0	0.0	0.0	3.439068555831909	0.0	0.0	0.0	0.0	0.0	4.6744160652160645	6.568125247955322	2.8281986713409424	0.0	0.0	0.0	0.0	0.0	0.0	0.0	5.795029163360596	0.0	3.368115186691284	0.0	0.0	7.485818862915039	0.0	5.0332489013671875	3.5447003841400146	1.6534751653671265	1.9778656959533691	0.0	0.0	0.0	2.4397897720336914	2.876575231552124	0.0	3.7976975440979004	0.0	0.0	3.923311471939087	0.0	0.0	0.0	0.0	0.0	0.0	0.0	0.0	0.0	0.0	3.9653778076171875	4.520995140075684	0.0	0.0	0.0	0.0	0.0	0.0	2.436159133911133	0.0	0.0	3.043583393096924	3.2117204666137695	0.0	2.5822646617889404	1.3817975521087646	0.0	0.0	3.3006882667541504	3.181030035018921	4.5458221435546875	0.0	2.7424893379211426	0.0	2.3366007804870605	0.0	0.0	0.0	3.9665169715881348	0.0	0.0	0.0	0.0	0.0	0.0	0.0	2.001943588256836	3.538391590118408	0.0	0.0	0.0	0.0	0.0	0.0	2.160733461380005	0.0	0.0	0.0	4.893090724945068	0.0	5.612033843994141	0.0	4.806882858276367	0.0	0.8812682628631592	0.0	0.0	0.0
3.470242738723755	0.0	3.6810483932495117	0.0	0.0	3.235982894897461	3.738868474960327	1.2468339204788208	0.0	0.0	1.8782968521118164	2.589855194091797	4.454078674316406	0.0	0.0	0.0	0.0	4.51258659362793	3.289026975631714	1.223534107208252	0.0	0.0	0.0	2.306166172027588	0.0	0.0	0.0	0.0	0.0	4.573861598968506	5.444039821624756	3.3604884147644043	0.0	0.0	0.0	0.0	0.0	0.0	0.0	7.32300329208374	0.0	3.5640439987182617	0.0	0.0	6.4578728675842285	0.0	4.694869518280029	4.48858118057251	2.091672897338867	3.5285518169403076	0.0	0.0	0.0	1.2535041570663452	0.9641631245613098	0.0	3.0545873641967773	0.0	0.0	3.016627073287964	0.0	0.0	0.0	0.0	0.0	0.0	0.0	0.0	0.0	0.0	4.586127281188965	4.801466941833496	0.0	0.0	0.0	0.0	0.0	0.0	1.664497971534729	0.0	0.0	3.9739491939544678	3.8997576236724854	0.0	2.6665022373199463	0.0	0.0	0.0	3.5320749282836914	4.259574890136719	5.747857093811035	0.0	0.22495916485786438	0.0	2.2964870929718018	0.0	0.0	0.0	3.3459560871124268	0.0	0.0	0.0	0.0	0.0	0.0	0.0	3.694490671157837	4.075859546661377	0.0	0.0	0.0	0.0	0.0	0.0	2.8767495155334473	0.0	0.0	0.0	6.268078804016113	0.0	6.4094696044921875	0.0	4.742893218994141	0.0	1.6163069009780884	0.0	0.0	0.0
2.5390400886535645	0.0	3.5163967609405518	0.0	0.0	3.6925735473632812	3.4243853092193604	1.1839442253112793	0.0	0.0	1.567997694015503	2.6119441986083984	2.338742733001709	0.0	0.0	0.0	0.0	4.473467826843262	3.4741976261138916	1.3034169673919678	0.0	0.0	0.0	2.609038829803467	0.0	0.0	0.0	0.0	0.0	4.187097072601318	6.057344436645508	2.7583706378936768	0.0	0.0	0.0	0.0	0.0	0.0	0.0	6.705372333526611	0.0	3.690937042236328	0.0	0.0	7.217836380004883	0.0	5.0943450927734375	4.315191745758057	1.6248133182525635	2.876209259033203	0.0	0.0	0.0	2.1031830310821533	2.392918109893799	0.0	3.4821722507476807	0.0	0.0	4.210325241088867	0.0	0.0	0.0	0.0	0.0	0.0	0.0	0.0	0.0	0.0	4.211331367492676	4.699368476867676	0.0	0.0	0.0	0.0	0.0	0.0	3.248281478881836	0.0	0.0	2.9748971462249756	3.649630069732666	0.0	2.337493658065796	1.1231480836868286	0.0	0.0	3.1431078910827637	3.730299949645996	4.379517555236816	0.0	1.3167904615402222	0.0	2.1177427768707275	0.0	0.0	0.0	3.652085781097412	0.0	0.0	0.0	0.0	0.0	0.0	0.0	2.4887285232543945	3.7796740531921387	0.0	0.0	0.0	0.0	0.0	0.0	2.3710362911224365	0.0	0.0	0.0	5.694351673126221	0.0	6.306911468505859	0.0	4.758193016052246	0.0	1.055343747138977	0.0	0.0	0.0
2.492141008377075	0.0	3.581777334213257	0.0	0.0	3.493532180786133	3.53804874420166	1.3036502599716187	0.0	0.0	1.5053869485855103	2.55440616607666	2.801473617553711	0.0	0.0	0.0	0.0	4.600937366485596	3.504692316055298	1.5409538745880127	0.0	0.0	0.0	2.479076623916626	0.0	0.0	0.0	0.0	0.0	4.257874965667725	5.673891067504883	2.768948793411255	0.0	0.0	0.0	0.0	0.0	0.0	0.0	6.95611572265625	0.0	3.455016613006592	0.0	0.0	7.162667751312256	0.0	4.734790802001953	4.1754469871521	1.5028278827667236	2.920344352722168	0.0	0.0	0.0	1.6752465963363647	2.2260236740112305	0.0	3.1594810485839844	0.0	0.0	4.028009414672852	0.0	0.0	0.0	0.0	0.0	0.0	0.0	0.0	0.0	0.0	4.162528991699219	4.750964164733887	0.0	0.0	0.0	0.0	0.0	0.0	2.8964831829071045	0.0	0.0	3.084172487258911	3.8342740535736084	0.0	2.2226717472076416	0.8989242315292358	0.0	0.0	3.021315336227417	3.6722841262817383	4.511863708496094	0.0	1.0167901515960693	0.0	2.146296501159668	0.0	0.0	0.0	3.4453272819519043	0.0	0.0	0.0	0.0	0.0	0.0	0.0	2.9896490573883057	3.8164563179016113	0.0	0.0	0.0	0.0	0.0	0.0	2.5867412090301514	0.0	0.0	0.0	5.752071380615234	0.0	6.297198295593262	0.0	3.963676691055298	0.0	1.321693778038025	0.0	0.0	0.0
2.7540390491485596	0.0	3.9790852069854736	0.0	0.0	3.689288377761841	3.1153290271759033	0.45573630928993225	0.0	0.0	1.779924750328064	1.7607362270355225	3.854353666305542	0.0	0.0	0.0	0.0	5.604645252227783	3.485628128051758	3.5365564823150635	0.0	0.0	0.0	3.4711079597473145	0.0	0.0	0.0	0.0	0.0	4.3453168869018555	6.095516681671143	2.3429367542266846	0.0	0.0	0.0	0.0	0.0	0.0	0.0	7.601627349853516	0.0	2.987424850463867	0.0	0.0	8.604829788208008	0.0	4.3800048828125	4.120655536651611	3.6254823207855225	3.5527737140655518	0.0	0.0	0.0	1.4222166538238525	1.453912615776062	0.0	3.3786795139312744	0.0	0.0	4.393160820007324	0.0	0.0	0.0	0.0	0.0	0.0	0.0	0.0	0.0	0.0	3.70284104347229	5.26766300201416	0.0	0.0	0.0	0.0	0.0	0.0	3.608766555786133	0.0	0.0	3.866834878921509	4.034767150878906	0.0	2.5582845211029053	0.41104355454444885	0.0	0.0	1.6919171810150146	3.465305805206299	5.685643196105957	0.0	1.4523122310638428	0.0	2.439854145050049	0.0	0.0	0.0	3.176842212677002	0.0	0.0	0.0	0.0	0.0	0.0	0.0	3.426241159439087	4.812065601348877	0.0	0.0	0.0	0.0	0.0	0.0	2.4726555347442627	0.0	0.0	0.0	6.710498809814453	0.0	5.3406548500061035	0.0	4.183830261230469	0.0	2.090644598007202	0.0	0.0	0.0
3.449366331100464	0.0	3.533235549926758	0.0	0.0	3.415379047393799	3.800658702850342	1.48529851436615	0.0	0.0	2.742464542388916	2.448657512664795	3.451411247253418	0.0	0.0	0.0	0.0	3.687608480453491	3.0925145149230957	2.3577425479888916	0.0	0.0	0.0	3.594933032989502	0.0	0.0	0.0	0.0	0.0	5.037827491760254	6.743061542510986	2.9428017139434814	0.0	0.0	0.0	0.0	0.0	0.0	0.0	5.77140474319458	0.0	2.5462563037872314	0.0	0.0	7.65841817855835	0.0	4.75954008102417	3.338548183441162	2.131916046142578	2.1411776542663574	0.0	0.0	0.0	2.2201735973358154	2.5574612617492676	0.0	3.6757495403289795	0.0	0.0	3.826345443725586	0.0	0.0	0.0	0.0	0.0	0.0	0.0	0.0	0.0	0.0	3.057377576828003	4.518369197845459	0.0	0.0	0.0	0.0	0.0	0.0	1.9522849321365356	0.0	0.0	3.3248653411865234	3.5294249057769775	0.0	2.630812883377075	1.0611112117767334	0.0	0.0	2.99326229095459	2.7287046909332275	4.733643531799316	0.0	2.872711181640625	0.0	2.3661227226257324	0.0	0.0	0.0	3.741499423980713	0.0	0.0	0.0	0.0	0.0	0.0	0.0	2.312882661819458	3.930328607559204	0.0	0.0	0.0	0.0	0.0	0.0	2.0244081020355225	0.0	0.0	0.0	4.7069411277771	0.0	4.9167022705078125	0.0	3.933201313018799	0.0	1.4961143732070923	0.0	0.0	0.0
3.6687440872192383	0.0	3.5763962268829346	0.0	0.0	3.2309317588806152	3.5299553871154785	1.5308561325073242	0.0	0.0	2.788780927658081	2.4613916873931885	3.293834686279297	0.0	0.0	0.0	0.0	3.4571070671081543	2.840373992919922	2.4004268646240234	0.0	0.0	0.0	3.515742778778076	0.0	0.0	0.0	0.0	0.0	4.890056610107422	6.631155490875244	2.9127402305603027	0.0	0.0	0.0	0.0	0.0	0.0	0.0	5.495095252990723	0.0	2.491676092147827	0.0	0.0	7.638134002685547	0.0	4.6121907234191895	3.14993953704834	2.0235037803649902	1.8050689697265625	0.0	0.0	0.0	2.2574095726013184	2.496507167816162	0.0	3.4217283725738525	0.0	0.0	3.392667770385742	0.0	0.0	0.0	0.0	0.0	0.0	0.0	0.0	0.0	0.0	2.9717612266540527	4.162334442138672	0.0	0.0	0.0	0.0	0.0	0.0	1.2635586261749268	0.0	0.0	3.0919735431671143	3.299114227294922	0.0	2.4037768840789795	1.0140308141708374	0.0	0.0	2.9771478176116943	2.573878288269043	4.779727458953857	0.0	2.6108078956604004	0.0	2.474128007888794	0.0	0.0	0.0	3.635404586791992	0.0	0.0	0.0	0.0	0.0	0.0	0.0	2.196216344833374	3.830416440963745	0.0	0.0	0.0	0.0	0.0	0.0	1.8863166570663452	0.0	0.0	0.0	4.095311164855957	0.0	4.608686923980713	0.0	3.627469539642334	0.0	1.4534839391708374	0.0	0.0	0.0
3.5735883712768555	0.0	3.457620859146118	0.0	0.0	3.438128709793091	3.4351956844329834	1.7081245183944702	0.0	0.0	2.9242613315582275	2.4055159091949463	3.377275228500366	0.0	0.0	0.0	0.0	3.691577196121216	2.8384060859680176	2.499197483062744	0.0	0.0	0.0	3.6863479614257812	0.0	0.0	0.0	0.0	0.0	4.996832847595215	6.7809038162231445	2.728095054626465	0.0	0.0	0.0	0.0	0.0	0.0	0.0	5.612002849578857	0.0	2.2697646617889404	0.0	0.0	7.895183086395264	0.0	4.615555286407471	3.0291638374328613	2.1510207653045654	1.7719428539276123	0.0	0.0	0.0	2.333019733428955	2.287034273147583	0.0	3.4133028984069824	0.0	0.0	3.517080783843994	0.0	0.0	0.0	0.0	0.0	0.0	0.0	0.0	0.0	0.0	3.0349462032318115	4.109323978424072	0.0	0.0	0.0	0.0	0.0	0.0	1.381342887878418	0.0	0.0	3.1082024574279785	3.297398805618286	0.0	2.3223934173583984	1.203265905380249	0.0	0.0	2.9006755352020264	2.5526773929595947	4.848055362701416	0.0	2.615446090698242	0.0	2.489341974258423	0.0	0.0	0.0	3.803328514099121	0.0	0.0	0.0	0.0	0.0	0.0	0.0	2.2067031860351562	3.8202714920043945	0.0	0.0	0.0	0.0	0.0	0.0	1.8865728378295898	0.0	0.0	0.0	4.153491973876953	0.0	4.557598114013672	0.0	3.3665738105773926	0.0	1.4268873929977417	0.0	0.0	0.0
3.752896785736084	0.0	3.5706183910369873	0.0	0.0	3.600430727005005	3.4774138927459717	1.8653358221054077	0.0	0.0	3.018207311630249	2.299915313720703	3.5041518211364746	0.0	0.0	0.0	0.0	3.8219897747039795	2.6894848346710205	2.6173160076141357	0.0	0.0	0.0	3.7877402305603027	0.0	0.0	0.0	0.0	0.0	4.998128890991211	6.863808631896973	2.5596981048583984	0.0	0.0	0.0	0.0	0.0	0.0	0.0	5.8788838386535645	0.0	2.426703929901123	0.0	0.0	8.096973419189453	0.0	4.44738245010376	2.9420905113220215	2.3076040744781494	1.829208254814148	0.0	0.0	0.0	2.1514129638671875	2.2737793922424316	0.0	3.208430528640747	0.0	0.0	3.6426773071289062	0.0	0.0	0.0	0.0	0.0	0.0	0.0	0.0	0.0	0.0	2.9028780460357666	4.222743988037109	0.0	0.0	0.0	0.0	0.0	0.0	1.5457476377487183	0.0	0.0	3.079585552215576	3.4746289253234863	0.0	2.26758074760437	1.0855671167373657	0.0	0.0	2.870999813079834	2.6680526733398438	5.0904412269592285	0.0	2.467155694961548	0.0	2.628373146057129	0.0	0.0	0.0	3.737377405166626	0.0	0.0	0.0	0.0	0.0	0.0	0.0	2.4041707515716553	3.7433106899261475	0.0	0.0	0.0	0.0	0.0	0.0	2.0562334060668945	0.0	0.0	0.0	4.359918594360352	0.0	4.565511226654053	0.0	3.282067060470581	0.0	1.6045057773590088	0.0	0.0	0.0
3.1851954460144043	0.0	3.8835973739624023	0.0	0.0	3.504924774169922	3.949514389038086	1.2240628004074097	0.0	0.0	2.2551307678222656	2.4695322513580322	2.6608171463012695	0.0	0.0	0.0	0.0	3.6654295921325684	3.068051338195801	1.9097987413406372	0.0	0.0	0.0	3.5754151344299316	0.0	0.0	0.0	0.0	0.0	4.800243854522705	6.558048248291016	2.9103000164031982	0.0	0.0	0.0	0.0	0.0	0.0	0.0	5.308652400970459	0.0	2.6524813175201416	0.0	0.0	7.420381546020508	0.0	4.929108619689941	3.2523486614227295	1.7215197086334229	1.517266869544983	0.0	0.0	0.0	2.3021039962768555	2.8132519721984863	0.0	3.9300591945648193	0.0	0.0	3.8995249271392822	0.0	0.0	0.0	0.0	0.0	0.0	0.0	0.0	0.0	0.0	3.185929536819458	4.5002593994140625	0.0	0.0	0.0	0.0	0.0	0.0	2.0721867084503174	0.0	0.0	3.330371618270874	3.0499682426452637	0.0	2.7247731685638428	1.569345235824585	0.0	0.0	2.934603691101074	2.733969211578369	4.382847785949707	0.0	3.5622663497924805	0.0	2.3653876781463623	0.0	0.0	0.0	3.7576520442962646	0.0	0.0	0.0	0.0	0.0	0.0	0.0	2.123095750808716	3.556403160095215	0.0	0.0	0.0	0.0	0.0	0.0	1.7131423950195312	0.0	0.0	0.0	4.549971103668213	0.0	5.1311211585998535	0.0	4.106213092803955	0.0	0.8243001699447632	0.0	0.0	0.0
3.7264671325683594	0.0	3.3729169368743896	0.0	0.0	3.0330288410186768	3.3249754905700684	1.3403911590576172	0.0	0.0	2.767488718032837	2.486299753189087	3.4773223400115967	0.0	0.0	0.0	0.0	3.479954481124878	2.9024882316589355	2.2896220684051514	0.0	0.0	0.0	3.677879571914673	0.0	0.0	0.0	0.0	0.0	4.778779983520508	6.482522964477539	2.9338412284851074	0.0	0.0	0.0	0.0	0.0	0.0	0.0	5.438777923583984	0.0	2.7066853046417236	0.0	0.0	7.618121147155762	0.0	4.381956100463867	2.9895944595336914	2.203901767730713	1.9476172924041748	0.0	0.0	0.0	2.2645649909973145	2.6739346981048584	0.0	3.5519773960113525	0.0	0.0	3.4485743045806885	0.0	0.0	0.0	0.0	0.0	0.0	0.0	0.0	0.0	0.0	3.046008348464966	4.1480937004089355	0.0	0.0	0.0	0.0	0.0	0.0	1.4083250761032104	0.0	0.0	3.06819486618042	3.4711074829101562	0.0	2.5049450397491455	0.8639832139015198	0.0	0.0	3.0306947231292725	2.611233949661255	4.845966815948486	0.0	2.8804094791412354	0.0	2.367885112762451	0.0	0.0	0.0	3.7872297763824463	0.0	0.0	0.0	0.0	0.0	0.0	0.0	2.039159059524536	3.953760862350464	0.0	0.0	0.0	0.0	0.0	0.0	2.157782554626465	0.0	0.0	0.0	4.347783088684082	0.0	4.657768726348877	0.0	3.9661448001861572	0.0	1.3048454523086548	0.0	0.0	0.0
3.8422651290893555	0.0	3.4692466259002686	0.0	0.0	3.1558284759521484	3.32423996925354	1.3776772022247314	0.0	0.0	2.7750773429870605	2.533755302429199	3.3112435340881348	0.0	0.0	0.0	0.0	3.3690378665924072	2.8754873275756836	2.5707271099090576	0.0	0.0	0.0	3.6505074501037598	0.0	0.0	0.0	0.0	0.0	4.8361897468566895	6.639674663543701	2.7815463542938232	0.0	0.0	0.0	0.0	0.0	0.0	0.0	5.269579887390137	0.0	2.4610204696655273	0.0	0.0	7.851001739501953	0.0	4.447250843048096	2.902778387069702	2.333859920501709	1.268883228302002	0.0	0.0	0.0	2.502423048019409	2.5984256267547607	0.0	3.483497142791748	0.0	0.0	3.526437282562256	0.0	0.0	0.0	0.0	0.0	0.0	0.0	0.0	0.0	0.0	2.896343231201172	3.869342803955078	0.0	0.0	0.0	0.0	0.0	0.0	1.1596739292144775	0.0	0.0	2.9919655323028564	3.191502571105957	0.0	2.4776418209075928	1.185589075088501	0.0	0.0	2.9260594844818115	2.6559267044067383	4.697205066680908	0.0	2.966555118560791	0.0	2.505741596221924	0.0	0.0	0.0	3.606491804122925	0.0	0.0	0.0	0.0	0.0	0.0	0.0	1.9993605613708496	4.035787582397461	0.0	0.0	0.0	0.0	0.0	0.0	1.8319849967956543	0.0	0.0	0.0	4.013729095458984	0.0	4.538061618804932	0.0	3.372445821762085	0.0	1.4992543458938599	0.0	0.0	0.0
3.9003658294677734	0.0	3.444301128387451	0.0	0.0	3.2520649433135986	3.239227771759033	1.7176979780197144	0.0	0.0	2.7884459495544434	2.6682257652282715	3.3772730827331543	0.0	0.0	0.0	0.0	3.316676378250122	2.896663188934326	2.195521831512451	0.0	0.0	0.0	3.8318517208099365	0.0	0.0	0.0	0.0	0.0	4.956552505493164	6.846707344055176	2.6008520126342773	0.0	0.0	0.0	0.0	0.0	0.0	0.0	5.473679542541504	0.0	2.710430860519409	0.0	0.0	7.940577030181885	0.0	4.627540588378906	2.88649845123291	2.334359645843506	1.712788462638855	0.0	0.0	0.0	2.361417055130005	2.79828143119812	0.0	3.406538486480713	0.0	0.0	3.4532110691070557	0.0	0.0	0.0	0.0	0.0	0.0	0.0	0.0	0.0	0.0	3.190021514892578	4.027695655822754	0.0	0.0	0.0	0.0	0.0	0.0	1.0305424928665161	0.0	0.0	3.056744337081909	3.1597909927368164	0.0	2.4437310695648193	1.2599332332611084	0.0	0.0	3.131277322769165	2.6759750843048096	4.825196743011475	0.0	2.7258048057556152	0.0	2.5590662956237793	0.0	0.0	0.0	3.8277041912078857	0.0	0.0	0.0	0.0	0.0	0.0	0.0	1.876796841621399	3.9485275745391846	0.0	0.0	0.0	0.0	0.0	0.0	2.071420192718506	0.0	0.0	0.0	3.966372013092041	0.0	4.658721446990967	0.0	3.6048102378845215	0.0	1.5102804899215698	0.0	0.0	0.0
3.2110273838043213	0.0	3.767115354537964	0.0	0.0	3.3744688034057617	3.880486488342285	1.381300926208496	0.0	0.0	2.3744351863861084	2.678858995437622	2.692887783050537	0.0	0.0	0.0	0.0	3.4243953227996826	3.055520534515381	1.6335091590881348	0.0	0.0	0.0	3.6383423805236816	0.0	0.0	0.0	0.0	0.0	4.829259395599365	6.513341426849365	3.1265499591827393	0.0	0.0	0.0	0.0	0.0	0.0	0.0	5.2231221199035645	0.0	2.7125444412231445	0.0	0.0	7.179079532623291	0.0	4.814560413360596	3.02522349357605	1.5662727355957031	1.5597866773605347	0.0	0.0	0.0	2.2659287452697754	2.8323161602020264	0.0	4.002097129821777	0.0	0.0	3.6226589679718018	0.0	0.0	0.0	0.0	0.0	0.0	0.0	0.0	0.0	0.0	3.395493268966675	4.353498935699463	0.0	0.0	0.0	0.0	0.0	0.0	2.0051236152648926	0.0	0.0	3.3128507137298584	3.0925133228302	0.0	2.7801356315612793	1.4154267311096191	0.0	0.0	3.244083881378174	2.944692373275757	4.319235801696777	0.0	3.5846927165985107	0.0	2.473722219467163	0.0	0.0	0.0	3.75242018699646	0.0	0.0	0.0	0.0	0.0	0.0	0.0	2.0728366374969482	3.664717435836792	0.0	0.0	0.0	0.0	0.0	0.0	1.7358850240707397	0.0	0.0	0.0	4.473686218261719	0.0	5.208154201507568	0.0	4.187730312347412	0.0	0.6112079620361328	0.0	0.0	0.0
4.018805980682373	0.0	3.401700973510742	0.0	0.0	3.3432044982910156	3.1136422157287598	1.9097930192947388	0.0	0.0	2.7792811393737793	2.4779109954833984	3.4195683002471924	0.0	0.0	0.0	0.0	3.2573955059051514	2.698152542114258	2.6227073669433594	0.0	0.0	0.0	3.7139859199523926	0.0	0.0	0.0	0.0	0.0	4.867138385772705	6.877214431762695	2.4539339542388916	0.0	0.0	0.0	0.0	0.0	0.0	0.0	5.590797424316406	0.0	2.5736167430877686	0.0	0.0	8.03709602355957	0.0	4.50479793548584	2.771085739135742	2.3259470462799072	1.2944737672805786	0.0	0.0	0.0	2.337775468826294	2.820223808288574	0.0	3.1273813247680664	0.0	0.0	3.3349406719207764	0.0	0.0	0.0	0.0	0.0	0.0	0.0	0.0	0.0	0.0	3.11496639251709	3.867889881134033	0.0	0.0	0.0	0.0	0.0	0.0	0.6320016980171204	0.0	0.0	2.9162681102752686	3.1053524017333984	0.0	2.055438756942749	1.1895904541015625	0.0	0.0	3.0773801803588867	2.617302894592285	4.797079563140869	0.0	2.258352279663086	0.0	2.7352254390716553	0.0	0.0	0.0	3.9566681385040283	0.0	0.0	0.0	0.0	0.0	0.0	0.0	2.0705854892730713	3.8971657752990723	0.0	0.0	0.0	0.0	0.0	0.0	1.993040680885315	0.0	0.0	0.0	3.6444590091705322	0.0	4.299598693847656	0.0	2.9532806873321533	0.0	1.810002326965332	0.0	0.0	0.0
3.0213050842285156	0.0	3.62664794921875	0.0	0.0	3.7193901538848877	3.402961015701294	1.0288335084915161	0.0	0.0	2.3889927864074707	2.5310423374176025	2.3452720642089844	0.0	0.0	0.0	0.0	4.158688068389893	3.211810827255249	1.7012064456939697	0.0	0.0	0.0	3.3452205657958984	0.0	0.0	0.0	0.0	0.0	4.536025047302246	6.649026393890381	2.7490146160125732	0.0	0.0	0.0	0.0	0.0	0.0	0.0	5.66556978225708	0.0	3.132561445236206	0.0	0.0	7.466124057769775	0.0	4.9982733726501465	3.6396384239196777	1.5951954126358032	2.2184886932373047	0.0	0.0	0.0	2.6274349689483643	2.687147378921509	0.0	3.9135801792144775	0.0	0.0	4.003370761871338	0.0	0.0	0.0	0.0	0.0	0.0	0.0	0.0	0.0	0.0	3.5203943252563477	4.522243499755859	0.0	0.0	0.0	0.0	0.0	0.0	2.731109857559204	0.0	0.0	3.067899465560913	3.378213882446289	0.0	2.551842212677002	1.12093186378479	0.0	0.0	2.8607177734375	2.974041223526001	4.410887241363525	0.0	2.943925380706787	0.0	2.20426082611084	0.0	0.0	0.0	3.917576789855957	0.0	0.0	0.0	0.0	0.0	0.0	0.0	1.8727589845657349	3.711148500442505	0.0	0.0	0.0	0.0	0.0	0.0	2.0946543216705322	0.0	0.0	0.0	5.004934787750244	0.0	5.720056056976318	0.0	5.131828308105469	0.0	0.6502079367637634	0.0	0.0	0.0
3.663654088973999	0.0	3.137077808380127	0.0	0.0	3.066943883895874	3.5169055461883545	1.5539339780807495	0.0	0.0	2.9405219554901123	2.1693994998931885	3.909623622894287	0.0	0.0	0.0	0.0	3.3447279930114746	2.9502503871917725	2.964350938796997	0.0	0.0	0.0	3.5990114212036133	0.0	0.0	0.0	0.0	0.0	5.007002830505371	6.576236724853516	2.774725914001465	0.0	0.0	0.0	0.0	0.0	0.0	0.0	5.5089898109436035	0.0	2.1187024116516113	0.0	0.0	7.550858974456787	0.0	4.400332450866699	2.8956520557403564	2.2803328037261963	1.4600906372070312	0.0	0.0	0.0	2.0282506942749023	2.6935768127441406	0.0	3.3304946422576904	0.0	0.0	3.5765082836151123	0.0	0.0	0.0	0.0	0.0	0.0	0.0	0.0	0.0	0.0	2.8410940170288086	3.9845473766326904	0.0	0.0	0.0	0.0	0.0	0.0	1.3870612382888794	0.0	0.0	3.3565385341644287	3.4892120361328125	0.0	2.323345422744751	1.081822156906128	0.0	0.0	3.172191619873047	2.6498701572418213	4.3680033683776855	0.0	3.052082061767578	0.0	2.2604944705963135	0.0	0.0	0.0	3.6788179874420166	0.0	0.0	0.0	0.0	0.0	0.0	0.0	2.621861219406128	3.990309476852417	0.0	0.0	0.0	0.0	0.0	0.0	1.9861260652542114	0.0	0.0	0.0	3.951249361038208	0.0	4.662503242492676	0.0	3.259758472442627	0.0	1.6541985273361206	0.0	0.0	0.0
3.7822649478912354	0.0	3.3313114643096924	0.0	0.0	3.211333990097046	3.2879557609558105	1.7173513174057007	0.0	0.0	2.772799491882324	2.5505318641662598	3.548264503479004	0.0	0.0	0.0	0.0	3.2976179122924805	2.9614100456237793	2.315971612930298	0.0	0.0	0.0	3.6391193866729736	0.0	0.0	0.0	0.0	0.0	4.875679016113281	6.732175827026367	2.754526376724243	0.0	0.0	0.0	0.0	0.0	0.0	0.0	5.587008476257324	0.0	2.553887128829956	0.0	0.0	7.741971969604492	0.0	4.488917827606201	3.0334250926971436	2.465757131576538	1.8399662971496582	0.0	0.0	0.0	2.286529302597046	2.5253427028656006	0.0	3.4613475799560547	0.0	0.0	3.4373466968536377	0.0	0.0	0.0	0.0	0.0	0.0	0.0	0.0	0.0	0.0	3.1170413494110107	3.966545343399048	0.0	0.0	0.0	0.0	0.0	0.0	1.0633058547973633	0.0	0.0	3.036081314086914	3.2889554500579834	0.0	2.3515145778656006	1.0287654399871826	0.0	0.0	3.0041160583496094	2.674046754837036	4.793252944946289	0.0	2.333615303039551	0.0	2.46846866607666	0.0	0.0	0.0	3.674382448196411	0.0	0.0	0.0	0.0	0.0	0.0	0.0	2.168414831161499	3.928170919418335	0.0	0.0	0.0	0.0	0.0	0.0	1.971716284751892	0.0	0.0	0.0	4.107524871826172	0.0	4.46924352645874	0.0	3.4320552349090576	0.0	1.7197386026382446	0.0	0.0	0.0
3.472566604614258	0.0	3.3018081188201904	0.0	0.0	3.627747058868408	3.5313944816589355	1.8306676149368286	0.0	0.0	2.762037515640259	2.414290428161621	3.48530912399292	0.0	0.0	0.0	0.0	3.755451202392578	3.106621503829956	2.4271888732910156	0.0	0.0	0.0	3.271420478820801	0.0	0.0	0.0	0.0	0.0	4.882945537567139	6.884015083312988	2.4996094703674316	0.0	0.0	0.0	0.0	0.0	0.0	0.0	5.757444858551025	0.0	2.3458166122436523	0.0	0.0	7.697895526885986	0.0	4.633301258087158	3.4164578914642334	2.053924083709717	2.0429863929748535	0.0	0.0	0.0	2.0931169986724854	2.238154411315918	0.0	3.238935708999634	0.0	0.0	3.598761558532715	0.0	0.0	0.0	0.0	0.0	0.0	0.0	0.0	0.0	0.0	2.997244119644165	4.254571437835693	0.0	0.0	0.0	0.0	0.0	0.0	1.2213948965072632	0.0	0.0	3.1789939403533936	3.2859363555908203	0.0	2.292278528213501	1.13120698928833	0.0	0.0	2.7087242603302	2.521049737930298	4.696181774139404	0.0	1.9848182201385498	0.0	2.1893253326416016	0.0	0.0	0.0	3.605578899383545	0.0	0.0	0.0	0.0	0.0	0.0	0.0	2.8309590816497803	3.7547998428344727	0.0	0.0	0.0	0.0	0.0	0.0	2.0693013668060303	0.0	0.0	0.0	4.378486633300781	0.0	5.033352375030518	0.0	3.0273497104644775	0.0	1.847740888595581	0.0	0.0	0.0
3.9692251682281494	0.0	3.493715763092041	0.0	0.0	3.278189182281494	3.773010730743408	2.135646104812622	0.0	0.0	2.3957297801971436	3.013932704925537	4.66487979888916	0.0	0.0	0.0	0.0	2.861701488494873	4.087847709655762	0.12779662013053894	0.0	0.0	0.0	3.9873385429382324	0.0	0.0	0.0	0.0	0.0	5.377281665802002	7.418495178222656	3.361973762512207	0.0	0.0	0.0	0.0	0.0	0.0	0.0	5.408655166625977	0.0	3.784651756286621	0.0	0.0	7.077425479888916	0.0	5.504942417144775	4.401320934295654	3.721510171890259	3.2325594425201416	0.0	0.0	0.0	1.853286623954773	1.6114569902420044	0.0	3.5335843563079834	0.0	0.0	3.044025182723999	0.0	0.0	0.0	0.0	0.0	0.0	0.0	0.0	0.0	0.0	3.960111141204834	4.933194160461426	0.0	0.0	0.0	0.0	0.0	0.0	0.3990633487701416	0.0	0.0	4.371367931365967	2.534008502960205	0.0	3.200852394104004	0.7934818267822266	0.0	0.0	3.814075231552124	3.212355852127075	5.385051727294922	0.0	1.8364900350570679	0.0	1.6632239818572998	0.0	0.0	0.0	3.285686731338501	0.0	0.0	0.0	0.0	0.0	0.0	0.0	1.9471681118011475	3.9624366760253906	0.0	0.0	0.0	0.0	0.0	0.0	2.489543914794922	0.0	0.0	0.0	4.772377967834473	0.0	5.322495460510254	0.0	6.312755107879639	0.0	1.4130091667175293	0.0	0.0	0.0
3.3848214149475098	0.0	3.659475803375244	0.0	0.0	3.3732120990753174	3.790343761444092	1.3950350284576416	0.0	0.0	2.448897361755371	2.633418321609497	3.044174909591675	0.0	0.0	0.0	0.0	3.4453186988830566	2.993940591812134	1.993165373802185	0.0	0.0	0.0	3.683706045150757	0.0	0.0	0.0	0.0	0.0	4.829989433288574	6.44239616394043	2.8579235076904297	0.0	0.0	0.0	0.0	0.0	0.0	0.0	5.227923393249512	0.0	2.5689501762390137	0.0	0.0	7.41640567779541	0.0	4.6434197425842285	2.99298357963562	2.020368814468384	1.5497851371765137	0.0	0.0	0.0	2.1780014038085938	2.8251781463623047	0.0	3.8180887699127197	0.0	0.0	3.714163064956665	0.0	0.0	0.0	0.0	0.0	0.0	0.0	0.0	0.0	0.0	3.0341055393218994	4.223468780517578	0.0	0.0	0.0	0.0	0.0	0.0	1.760421633720398	0.0	0.0	3.2501025199890137	3.076803684234619	0.0	2.6787476539611816	1.307765007019043	0.0	0.0	2.9914796352386475	2.628220319747925	4.494351387023926	0.0	3.435169219970703	0.0	2.376915693283081	0.0	0.0	0.0	3.5577917098999023	0.0	0.0	0.0	0.0	0.0	0.0	0.0	2.1745052337646484	3.7242236137390137	0.0	0.0	0.0	0.0	0.0	0.0	1.8502429723739624	0.0	0.0	0.0	4.361741542816162	0.0	4.791370868682861	0.0	3.745575428009033	0.0	1.207076072692871	0.0	0.0	0.0
3.209461212158203	0.0	3.7763428688049316	0.0	0.0	3.259793281555176	3.792945623397827	0.8700236082077026	0.0	0.0	2.1180977821350098	2.69687557220459	2.0664265155792236	0.0	0.0	0.0	0.0	3.2186124324798584	2.956007957458496	1.0200395584106445	0.0	0.0	0.0	3.488642454147339	0.0	0.0	0.0	0.0	0.0	4.539681911468506	6.188649654388428	2.9171996116638184	0.0	0.0	0.0	0.0	0.0	0.0	0.0	4.633563041687012	0.0	2.934264659881592	0.0	0.0	6.548890590667725	0.0	4.912625789642334	3.0981342792510986	1.4267152547836304	1.37473726272583	0.0	0.0	0.0	2.476296901702881	2.649916887283325	0.0	3.8482701778411865	0.0	0.0	3.484196901321411	0.0	0.0	0.0	0.0	0.0	0.0	0.0	0.0	0.0	0.0	3.1967406272888184	4.3411970138549805	0.0	0.0	0.0	0.0	0.0	0.0	2.143796682357788	0.0	0.0	3.2077081203460693	2.7481613159179688	0.0	2.9506802558898926	1.4806088209152222	0.0	0.0	3.0470566749572754	2.887833595275879	4.149552822113037	0.0	3.8183231353759766	0.0	2.2529616355895996	0.0	0.0	0.0	3.4622857570648193	0.0	0.0	0.0	0.0	0.0	0.0	0.0	1.5952377319335938	3.451902389526367	0.0	0.0	0.0	0.0	0.0	0.0	1.6457334756851196	0.0	0.0	0.0	4.380235195159912	0.0	5.218864440917969	0.0	5.0504937171936035	0.0	0.19825947284698486	0.0	0.0	0.0
3.7600772380828857	0.0	3.4604408740997314	0.0	0.0	3.2459969520568848	3.275317430496216	1.6096047163009644	0.0	0.0	2.735929012298584	2.478865385055542	3.031263828277588	0.0	0.0	0.0	0.0	3.342088460922241	2.7150022983551025	2.2051899433135986	0.0	0.0	0.0	3.5949454307556152	0.0	0.0	0.0	0.0	0.0	4.801071643829346	6.677928447723389	2.5863847732543945	0.0	0.0	0.0	0.0	0.0	0.0	0.0	5.418430328369141	0.0	2.533435106277466	0.0	0.0	7.740143775939941	0.0	4.553084850311279	2.844001531600952	2.1607024669647217	1.5354833602905273	0.0	0.0	0.0	2.4099504947662354	2.455503463745117	0.0	3.3337509632110596	0.0	0.0	3.3965444564819336	0.0	0.0	0.0	0.0	0.0	0.0	0.0	0.0	0.0	0.0	2.986856460571289	3.942403554916382	0.0	0.0	0.0	0.0	0.0	0.0	1.2840036153793335	0.0	0.0	2.919449806213379	3.0938234329223633	0.0	2.3066811561584473	1.190625548362732	0.0	0.0	2.933593988418579	2.63688325881958	4.60841178894043	0.0	2.5745136737823486	0.0	2.512303113937378	0.0	0.0	0.0	3.5806102752685547	0.0	0.0	0.0	0.0	0.0	0.0	0.0	1.9784924983978271	3.747462511062622	0.0	0.0	0.0	0.0	0.0	0.0	1.7391510009765625	0.0	0.0	0.0	3.9989449977874756	0.0	4.4820027351379395	0.0	3.6512458324432373	0.0	1.3036826848983765	0.0	0.0	0.0
2.796773672103882	0.0	1.6545250415802002	0.0	0.0	0.8744671940803528	6.739828586578369	3.562790632247925	0.0	0.0	3.601323366165161	3.5853424072265625	7.039271354675293	0.0	0.0	0.0	0.0	0.4585564136505127	4.12764310836792	2.0404345989227295	0.0	0.0	0.0	3.140265464782715	0.0	0.0	0.0	0.0	0.0	7.09462833404541	5.328982353210449	6.305060863494873	0.0	0.0	0.0	0.0	0.0	0.0	0.0	4.091617584228516	0.0	1.965108871459961	0.0	0.0	5.174695014953613	0.0	3.994060754776001	3.4591763019561768	0.4896320104598999	3.8964099884033203	0.0	0.0	0.0	2.6917407512664795	5.558954238891602	0.0	5.738110542297363	0.0	0.0	4.128720283508301	0.0	0.0	0.0	0.0	0.0	0.0	0.0	0.0	0.0	0.0	3.299680709838867	5.398620128631592	0.0	0.0	0.0	0.0	0.0	0.0	0.3788873851299286	0.0	0.0	3.7960705757141113	6.38221549987793	0.0	3.574758768081665	0.013110851868987083	0.0	0.0	7.035717487335205	0.803364634513855	3.262113332748413	0.0	3.83851957321167	0.0	2.526728868484497	0.0	0.0	0.0	3.622807264328003	0.0	0.0	0.0	0.0	0.0	0.0	0.0	1.7074549198150635	4.667893409729004	0.0	0.0	0.0	0.0	0.0	0.0	3.006619930267334	0.0	0.0	0.0	5.013735771179199	0.0	4.063703536987305	0.0	0.7617107629776001	0.0	3.726642608642578	0.0	0.0	0.0
4.301510810852051	0.0	4.427554607391357	0.0	0.0	3.436147928237915	2.813312292098999	1.1220823526382446	0.0	0.0	2.262299060821533	3.0875065326690674	2.255890130996704	0.0	0.0	0.0	0.0	3.2906041145324707	2.0878727436065674	0.9895268082618713	0.0	0.0	0.0	3.599491834640503	0.0	0.0	0.0	0.0	0.0	4.690838813781738	7.021021366119385	2.7083561420440674	0.0	0.0	0.0	0.0	0.0	0.0	0.0	5.895699977874756	0.0	3.8692142963409424	0.0	0.0	7.9059247970581055	0.0	5.380163192749023	3.306323289871216	1.2838503122329712	1.3482177257537842	0.0	0.0	0.0	2.632835865020752	3.7807765007019043	0.0	3.4342408180236816	0.0	0.0	3.5095503330230713	0.0	0.0	0.0	0.0	0.0	0.0	0.0	0.0	0.0	0.0	4.500955581665039	4.301208019256592	0.0	0.0	0.0	0.0	0.0	0.0	1.6399060487747192	0.0	0.0	2.8771374225616455	2.856508731842041	0.0	2.1704788208007812	1.2386871576309204	0.0	0.0	3.748046636581421	3.168001890182495	4.9969000816345215	0.0	2.5944440364837646	0.0	3.0493974685668945	0.0	0.0	0.0	4.908538818359375	0.0	0.0	0.0	0.0	0.0	0.0	0.0	1.2880339622497559	3.4334475994110107	0.0	0.0	0.0	0.0	0.0	0.0	2.3894639015197754	0.0	0.0	0.0	4.386447429656982	0.0	5.245113372802734	0.0	5.442698001861572	0.0	0.5220767855644226	0.0	0.0	0.0
3.9806699752807617	0.0	3.116521120071411	0.0	0.0	2.4950168132781982	4.1773810386657715	0.9028879404067993	0.0	0.0	2.681755304336548	2.4721169471740723	4.991927146911621	0.0	0.0	0.0	0.0	2.332437038421631	2.632091999053955	1.8366373777389526	0.0	0.0	0.0	3.9063751697540283	0.0	0.0	0.0	0.0	0.0	4.8730268478393555	7.0472917556762695	3.9397664070129395	0.0	0.0	0.0	0.0	0.0	0.0	0.0	5.412125587463379	0.0	4.367660045623779	0.0	0.0	6.851500034332275	0.0	4.8981852531433105	3.9328057765960693	2.345473527908325	2.969975233078003	0.0	0.0	0.0	3.331777572631836	3.009082317352295	0.0	3.961284875869751	0.0	0.0	2.893742322921753	0.0	0.0	0.0	0.0	0.0	0.0	0.0	0.0	0.0	0.0	4.01825475692749	5.139306545257568	0.0	0.0	0.0	0.0	0.0	0.0	1.1224324703216553	0.0	0.0	3.533379554748535	4.377069473266602	0.0	3.354422092437744	0.0	0.0	0.0	4.833488464355469	3.0746853351593018	5.2835798263549805	0.0	2.078148603439331	0.0	2.2801573276519775	0.0	0.0	0.0	4.027739524841309	0.0	0.0	0.0	0.0	0.0	0.0	0.0	1.2832067012786865	4.710558891296387	0.0	0.0	0.0	0.0	0.0	0.0	2.3454458713531494	0.0	0.0	0.0	5.255279064178467	0.0	4.9418416023254395	0.0	6.424672603607178	0.0	1.339779257774353	0.0	0.0	0.0
3.7531003952026367	0.0	3.3993866443634033	0.0	0.0	3.3465659618377686	3.283764600753784	1.7159740924835205	0.0	0.0	2.8570644855499268	2.431763172149658	3.2841367721557617	0.0	0.0	0.0	0.0	3.4807300567626953	2.7912590503692627	2.475295305252075	0.0	0.0	0.0	3.3765740394592285	0.0	0.0	0.0	0.0	0.0	4.7838897705078125	6.663756847381592	2.5177767276763916	0.0	0.0	0.0	0.0	0.0	0.0	0.0	5.531586170196533	0.0	2.449631452560425	0.0	0.0	7.77962064743042	0.0	4.60570764541626	3.0617551803588867	2.1466081142425537	1.6059749126434326	0.0	0.0	0.0	2.2879207134246826	2.3879520893096924	0.0	3.2475359439849854	0.0	0.0	3.3948915004730225	0.0	0.0	0.0	0.0	0.0	0.0	0.0	0.0	0.0	0.0	2.8599002361297607	3.981750965118408	0.0	0.0	0.0	0.0	0.0	0.0	0.9394894242286682	0.0	0.0	2.8003342151641846	3.197733163833618	0.0	2.1583707332611084	1.090158462524414	0.0	0.0	2.815932512283325	2.5391898155212402	4.764152526855469	0.0	2.1786444187164307	0.0	2.4700372219085693	0.0	0.0	0.0	3.65975284576416	0.0	0.0	0.0	0.0	0.0	0.0	0.0	2.1893997192382812	3.8329267501831055	0.0	0.0	0.0	0.0	0.0	0.0	1.8333231210708618	0.0	0.0	0.0	3.90087890625	0.0	4.4838457107543945	0.0	3.330998182296753	0.0	1.6964571475982666	0.0	0.0	0.0
3.54530930519104	0.0	3.248384475708008	0.0	0.0	3.3801965713500977	3.598905324935913	1.8456072807312012	0.0	0.0	2.875670909881592	2.432631492614746	3.66737961769104	0.0	0.0	0.0	0.0	3.627511978149414	3.070518732070923	2.5795013904571533	0.0	0.0	0.0	3.5592598915100098	0.0	0.0	0.0	0.0	0.0	5.007215976715088	6.754609107971191	2.6709542274475098	0.0	0.0	0.0	0.0	0.0	0.0	0.0	5.821067810058594	0.0	2.4209651947021484	0.0	0.0	7.702192783355713	0.0	4.550166606903076	3.2619516849517822	2.3049731254577637	2.094388008117676	0.0	0.0	0.0	2.1328110694885254	2.3210794925689697	0.0	3.3500678539276123	0.0	0.0	3.565605401992798	0.0	0.0	0.0	0.0	0.0	0.0	0.0	0.0	0.0	0.0	3.100900411605835	4.235809803009033	0.0	0.0	0.0	0.0	0.0	0.0	1.4262272119522095	0.0	0.0	3.1340413093566895	3.5236799716949463	0.0	2.416722059249878	0.9894232153892517	0.0	0.0	3.010512113571167	2.713662624359131	4.700856685638428	0.0	2.1595780849456787	0.0	2.352565288543701	0.0	0.0	0.0	3.641968250274658	0.0	0.0	0.0	0.0	0.0	0.0	0.0	2.498587131500244	4.067371368408203	0.0	0.0	0.0	0.0	0.0	0.0	2.0338563919067383	0.0	0.0	0.0	4.2898268699646	0.0	4.817617416381836	0.0	3.3351008892059326	0.0	1.919028401374817	0.0	0.0	0.0
3.318742036819458	0.0	3.91078519821167	0.0	0.0	3.5150187015533447	3.9664206504821777	1.3524659872055054	0.0	0.0	2.4833016395568848	2.6599087715148926	2.7198286056518555	0.0	0.0	0.0	0.0	3.5138423442840576	3.0680134296417236	1.8856794834136963	0.0	0.0	0.0	3.644984245300293	0.0	0.0	0.0	0.0	0.0	4.960176467895508	6.733514785766602	2.964869976043701	0.0	0.0	0.0	0.0	0.0	0.0	0.0	5.316827297210693	0.0	2.7073984146118164	0.0	0.0	7.4472856521606445	0.0	4.911186695098877	3.1236863136291504	1.4791370630264282	1.64220130443573	0.0	0.0	0.0	2.3938381671905518	2.8684864044189453	0.0	3.7997210025787354	0.0	0.0	3.581061363220215	0.0	0.0	0.0	0.0	0.0	0.0	0.0	0.0	0.0	0.0	3.1642110347747803	4.413095474243164	0.0	0.0	0.0	0.0	0.0	0.0	1.6993327140808105	0.0	0.0	3.27299427986145	3.0317349433898926	0.0	2.805774450302124	1.3784059286117554	0.0	0.0	2.9954237937927246	2.6978743076324463	4.490211009979248	0.0	3.349475622177124	0.0	2.486475706100464	0.0	0.0	0.0	3.7955708503723145	0.0	0.0	0.0	0.0	0.0	0.0	0.0	2.1843888759613037	3.697869062423706	0.0	0.0	0.0	0.0	0.0	0.0	1.8376039266586304	0.0	0.0	0.0	4.381827354431152	0.0	5.147132873535156	0.0	4.162980079650879	0.0	0.8358501195907593	0.0	0.0	0.0
4.159180641174316	0.0	3.8736798763275146	0.0	0.0	3.801542282104492	2.660691261291504	2.0554068088531494	0.0	0.0	3.1846697330474854	2.800009250640869	2.7679784297943115	0.0	0.0	0.0	0.0	3.6667895317077637	2.330101490020752	1.8244551420211792	0.0	0.0	0.0	3.859502077102661	0.0	0.0	0.0	0.0	0.0	5.0242156982421875	7.387206077575684	2.3295974731445312	0.0	0.0	0.0	0.0	0.0	0.0	0.0	5.7041120529174805	0.0	2.5912673473358154	0.0	0.0	8.602605819702148	0.0	4.837414264678955	2.900500535964966	2.0425546169281006	1.3840868473052979	0.0	0.0	0.0	2.5189056396484375	2.5960652828216553	0.0	3.091996669769287	0.0	0.0	3.6716115474700928	0.0	0.0	0.0	0.0	0.0	0.0	0.0	0.0	0.0	0.0	3.4200403690338135	3.8117735385894775	0.0	0.0	0.0	0.0	0.0	0.0	1.335057020187378	0.0	0.0	2.691704750061035	2.7896690368652344	0.0	1.9676626920700073	1.7911375761032104	0.0	0.0	2.981019973754883	2.464555263519287	5.136454105377197	0.0	2.3282604217529297	0.0	2.766157627105713	0.0	0.0	0.0	4.326361656188965	0.0	0.0	0.0	0.0	0.0	0.0	0.0	1.8195558786392212	3.2549829483032227	0.0	0.0	0.0	0.0	0.0	0.0	2.167351484298706	0.0	0.0	0.0	3.918597936630249	0.0	4.574050426483154	0.0	3.854203224182129	0.0	1.239197015762329	0.0	0.0	0.0
3.5594305992126465	0.0	3.6662580966949463	0.0	0.0	3.4154555797576904	3.7582809925079346	1.4378089904785156	0.0	0.0	2.7494261264801025	2.614957094192505	3.167633295059204	0.0	0.0	0.0	0.0	3.49178147315979	2.9101245403289795	2.0440914630889893	0.0	0.0	0.0	3.629676103591919	0.0	0.0	0.0	0.0	0.0	4.991199016571045	6.779407501220703	3.0219404697418213	0.0	0.0	0.0	0.0	0.0	0.0	0.0	5.359315395355225	0.0	2.5005218982696533	0.0	0.0	7.479462146759033	0.0	4.717252731323242	3.13456130027771	1.8385018110275269	1.819545030593872	0.0	0.0	0.0	2.387061595916748	2.400141954421997	0.0	3.48392653465271	0.0	0.0	3.426781415939331	0.0	0.0	0.0	0.0	0.0	0.0	0.0	0.0	0.0	0.0	3.0914745330810547	4.296628475189209	0.0	0.0	0.0	0.0	0.0	0.0	1.5227051973342896	0.0	0.0	3.273867607116699	3.2489538192749023	0.0	2.685809850692749	1.0786933898925781	0.0	0.0	3.123711585998535	2.6415321826934814	4.7068305015563965	0.0	2.960674524307251	0.0	2.435206413269043	0.0	0.0	0.0	3.705399990081787	0.0	0.0	0.0	0.0	0.0	0.0	0.0	2.0985610485076904	3.845010995864868	0.0	0.0	0.0	0.0	0.0	0.0	1.9113556146621704	0.0	0.0	0.0	4.370906829833984	0.0	4.912622928619385	0.0	4.05165958404541	0.0	1.0791189670562744	0.0	0.0	0.0
3.718414783477783	0.0	3.334505319595337	0.0	0.0	3.1749515533447266	3.4810433387756348	1.49101984500885	0.0	0.0	2.7543060779571533	2.483992099761963	3.5292205810546875	0.0	0.0	0.0	0.0	3.360299587249756	2.9675426483154297	2.6532111167907715	0.0	0.0	0.0	3.6052308082580566	0.0	0.0	0.0	0.0	0.0	4.868313789367676	6.592044353485107	2.9534008502960205	0.0	0.0	0.0	0.0	0.0	0.0	0.0	5.456058979034424	0.0	2.4249155521392822	0.0	0.0	7.723569869995117	0.0	4.460005760192871	2.986171245574951	2.3073506355285645	1.7156680822372437	0.0	0.0	0.0	2.285569667816162	2.5161149501800537	0.0	3.5805280208587646	0.0	0.0	3.4429068565368652	0.0	0.0	0.0	0.0	0.0	0.0	0.0	0.0	0.0	0.0	2.8467440605163574	4.088454723358154	0.0	0.0	0.0	0.0	0.0	0.0	1.159947156906128	0.0	0.0	3.1567866802215576	3.348189353942871	0.0	2.4502108097076416	0.9868918061256409	0.0	0.0	2.9093172550201416	2.563110589981079	4.838809490203857	0.0	2.7846460342407227	0.0	2.4524319171905518	0.0	0.0	0.0	3.667499542236328	0.0	0.0	0.0	0.0	0.0	0.0	0.0	2.2525691986083984	4.0693159103393555	0.0	0.0	0.0	0.0	0.0	0.0	1.9188380241394043	0.0	0.0	0.0	4.127154350280762	0.0	4.489581108093262	0.0	3.299806594848633	0.0	1.6238341331481934	0.0	0.0	0.0
3.5603182315826416	0.0	3.4136831760406494	0.0	0.0	3.2793047428131104	3.613940715789795	1.6540924310684204	0.0	0.0	2.720400333404541	2.152672290802002	3.325289726257324	0.0	0.0	0.0	0.0	3.530238628387451	2.887268304824829	2.6851418018341064	0.0	0.0	0.0	3.3409314155578613	0.0	0.0	0.0	0.0	0.0	4.884038925170898	6.776911735534668	2.70743465423584	0.0	0.0	0.0	0.0	0.0	0.0	0.0	5.769337177276611	0.0	2.2392196655273438	0.0	0.0	7.699392795562744	0.0	4.611493110656738	3.0509097576141357	2.390427350997925	1.8843480348587036	0.0	0.0	0.0	2.1866848468780518	2.0942766666412354	0.0	3.404470682144165	0.0	0.0	3.4080891609191895	0.0	0.0	0.0	0.0	0.0	0.0	0.0	0.0	0.0	0.0	2.870112657546997	4.254909038543701	0.0	0.0	0.0	0.0	0.0	0.0	1.3513585329055786	0.0	0.0	3.152116060256958	3.322659969329834	0.0	2.248903751373291	1.0284148454666138	0.0	0.0	2.83612060546875	2.4421658515930176	4.4989399909973145	0.0	2.126899480819702	0.0	2.401550769805908	0.0	0.0	0.0	3.5097270011901855	0.0	0.0	0.0	0.0	0.0	0.0	0.0	2.5981225967407227	3.9049155712127686	0.0	0.0	0.0	0.0	0.0	0.0	1.580747365951538	0.0	0.0	0.0	4.1582489013671875	0.0	4.365580081939697	0.0	3.447031021118164	0.0	1.7074346542358398	0.0	0.0	0.0
3.761608362197876	0.0	3.432698965072632	0.0	0.0	3.320228338241577	3.5486693382263184	1.6599388122558594	0.0	0.0	2.7849698066711426	2.3766303062438965	3.7267558574676514	0.0	0.0	0.0	0.0	3.486764907836914	2.9547829627990723	2.5204055309295654	0.0	0.0	0.0	3.678748607635498	0.0	0.0	0.0	0.0	0.0	4.864933490753174	6.7199578285217285	2.734177827835083	0.0	0.0	0.0	0.0	0.0	0.0	0.0	5.571140289306641	0.0	2.5370283126831055	0.0	0.0	7.766445159912109	0.0	4.573164939880371	3.0501863956451416	2.466104745864868	1.810945749282837	0.0	0.0	0.0	2.1786460876464844	2.534454345703125	0.0	3.541210412979126	0.0	0.0	3.621060609817505	0.0	0.0	0.0	0.0	0.0	0.0	0.0	0.0	0.0	0.0	2.918029546737671	4.170845985412598	0.0	0.0	0.0	0.0	0.0	0.0	1.1164692640304565	0.0	0.0	3.1505134105682373	3.3484184741973877	0.0	2.433195114135742	1.0502969026565552	0.0	0.0	3.0116894245147705	2.724078416824341	4.892692565917969	0.0	2.665025234222412	0.0	2.5246081352233887	0.0	0.0	0.0	3.6800622940063477	0.0	0.0	0.0	0.0	0.0	0.0	0.0	2.229367256164551	3.9669981002807617	0.0	0.0	0.0	0.0	0.0	0.0	1.9660412073135376	0.0	0.0	0.0	4.25882625579834	0.0	4.5745391845703125	0.0	3.387200355529785	0.0	1.6989599466323853	0.0	0.0	0.0
3.7834513187408447	0.0	3.411007881164551	0.0	0.0	3.221384048461914	3.4666924476623535	1.5532910823822021	0.0	0.0	2.7015013694763184	2.536083221435547	3.3036811351776123	0.0	0.0	0.0	0.0	3.5080807209014893	3.036623477935791	2.2589855194091797	0.0	0.0	0.0	3.5035717487335205	0.0	0.0	0.0	0.0	0.0	5.0568671226501465	6.755937099456787	2.917342185974121	0.0	0.0	0.0	0.0	0.0	0.0	0.0	5.556087017059326	0.0	2.6398603916168213	0.0	0.0	7.667056560516357	0.0	4.7426323890686035	3.2550649642944336	2.1393179893493652	1.7645503282546997	0.0	0.0	0.0	2.4153072834014893	2.6223647594451904	0.0	3.5118391513824463	0.0	0.0	3.540178060531616	0.0	0.0	0.0	0.0	0.0	0.0	0.0	0.0	0.0	0.0	3.14796781539917	4.175185680389404	0.0	0.0	0.0	0.0	0.0	0.0	1.196931004524231	0.0	0.0	3.1246917247772217	3.32532000541687	0.0	2.427358865737915	1.1447038650512695	0.0	0.0	3.1089189052581787	2.78226637840271	4.792782783508301	0.0	2.7196245193481445	0.0	2.4058780670166016	0.0	0.0	0.0	3.706557512283325	0.0	0.0	0.0	0.0	0.0	0.0	0.0	1.9651224613189697	3.874699831008911	0.0	0.0	0.0	0.0	0.0	0.0	2.067054510116577	0.0	0.0	0.0	4.164378643035889	0.0	4.775526523590088	0.0	3.578282117843628	0.0	1.557273030281067	0.0	0.0	0.0
3.2255325317382812	0.0	4.079015731811523	0.0	0.0	3.543306827545166	3.8927934169769287	0.8976723551750183	0.0	0.0	1.9489227533340454	2.7361083030700684	2.62431001663208	0.0	0.0	0.0	0.0	4.03121280670166	3.1907105445861816	0.8876464366912842	0.0	0.0	0.0	3.1598615646362305	0.0	0.0	0.0	0.0	0.0	4.857308387756348	6.560772895812988	3.3128950595855713	0.0	0.0	0.0	0.0	0.0	0.0	0.0	6.38077449798584	0.0	3.517129898071289	0.0	0.0	6.9071502685546875	0.0	5.405125617980957	3.957517147064209	1.4885177612304688	2.5414483547210693	0.0	0.0	0.0	2.613171339035034	2.3830275535583496	0.0	3.605332374572754	0.0	0.0	3.543299674987793	0.0	0.0	0.0	0.0	0.0	0.0	0.0	0.0	0.0	0.0	4.383554935455322	4.909875869750977	0.0	0.0	0.0	0.0	0.0	0.0	2.772120714187622	0.0	0.0	3.323230028152466	3.5143234729766846	0.0	2.9195659160614014	1.2063634395599365	0.0	0.0	3.494844913482666	3.7142372131347656	4.763848781585693	0.0	2.1220788955688477	0.0	2.4856724739074707	0.0	0.0	0.0	3.986358165740967	0.0	0.0	0.0	0.0	0.0	0.0	0.0	2.2663004398345947	3.866053342819214	0.0	0.0	0.0	0.0	0.0	0.0	2.2142348289489746	0.0	0.0	0.0	5.473201274871826	0.0	6.069517612457275	0.0	5.572305679321289	0.0	0.5663795471191406	0.0	0.0	0.0
3.768374443054199	0.0	3.6561784744262695	0.0	0.0	3.4445629119873047	3.8875110149383545	1.6955287456512451	0.0	0.0	2.7812860012054443	2.7686731815338135	3.1508102416992188	0.0	0.0	0.0	0.0	2.7161357402801514	2.8052773475646973	2.0443620681762695	0.0	0.0	0.0	3.6889214515686035	0.0	0.0	0.0	0.0	0.0	5.233287811279297	7.18665885925293	2.947401762008667	0.0	0.0	0.0	0.0	0.0	0.0	0.0	5.377474308013916	0.0	2.821784019470215	0.0	0.0	7.6568169593811035	0.0	4.9106364250183105	3.15480637550354	2.0554025173187256	1.7832744121551514	0.0	0.0	0.0	2.7712552547454834	2.3783609867095947	0.0	3.286278247833252	0.0	0.0	3.523043632507324	0.0	0.0	0.0	0.0	0.0	0.0	0.0	0.0	0.0	0.0	3.0969719886779785	4.261661052703857	0.0	0.0	0.0	0.0	0.0	0.0	1.572013258934021	0.0	0.0	3.261791944503784	2.9962105751037598	0.0	2.6801135540008545	1.1174544095993042	0.0	0.0	3.1884896755218506	2.6388003826141357	4.7479248046875	0.0	2.3899242877960205	0.0	2.558758497238159	0.0	0.0	0.0	3.476109504699707	0.0	0.0	0.0	0.0	0.0	0.0	0.0	2.0797243118286133	3.877302885055542	0.0	0.0	0.0	0.0	0.0	0.0	1.697292447090149	0.0	0.0	0.0	4.345269680023193	0.0	4.642577648162842	0.0	4.154755115509033	0.0	1.4718232154846191	0.0	0.0	0.0
3.3479130268096924	0.0	3.5478360652923584	0.0	0.0	3.2216715812683105	3.667497158050537	1.5986287593841553	0.0	0.0	2.416128396987915	2.3277089595794678	3.575636863708496	0.0	0.0	0.0	0.0	3.8299572467803955	2.989720106124878	2.53543758392334	0.0	0.0	0.0	3.114328622817993	0.0	0.0	0.0	0.0	0.0	4.9485764503479	6.349242687225342	3.0484211444854736	0.0	0.0	0.0	0.0	0.0	0.0	0.0	6.480250358581543	0.0	2.6941378116607666	0.0	0.0	7.57776403427124	0.0	4.5008544921875	3.4458940029144287	1.9962836503982544	2.4441604614257812	0.0	0.0	0.0	1.875044584274292	2.086207628250122	0.0	3.110889196395874	0.0	0.0	3.550567150115967	0.0	0.0	0.0	0.0	0.0	0.0	0.0	0.0	0.0	0.0	3.451768398284912	4.545253753662109	0.0	0.0	0.0	0.0	0.0	0.0	1.8499153852462769	0.0	0.0	3.2963531017303467	3.7078356742858887	0.0	2.32267427444458	0.7405830025672913	0.0	0.0	3.052997350692749	2.9466402530670166	4.889912128448486	0.0	1.5778504610061646	0.0	2.4181535243988037	0.0	0.0	0.0	3.5450267791748047	0.0	0.0	0.0	0.0	0.0	0.0	0.0	3.017301082611084	3.9359350204467773	0.0	0.0	0.0	0.0	0.0	0.0	2.274318218231201	0.0	0.0	0.0	4.966850280761719	0.0	5.028250694274902	0.0	3.309738874435425	0.0	1.733644723892212	0.0	0.0	0.0
3.782505989074707	0.0	3.6247501373291016	0.0	0.0	3.4201440811157227	3.8025519847869873	1.3699580430984497	0.0	0.0	2.6221861839294434	2.393942356109619	3.275728702545166	0.0	0.0	0.0	0.0	3.664475440979004	3.0116453170776367	3.1832003593444824	0.0	0.0	0.0	3.4517946243286133	0.0	0.0	0.0	0.0	0.0	4.89634370803833	6.673510551452637	2.98848557472229	0.0	0.0	0.0	0.0	0.0	0.0	0.0	5.837070941925049	0.0	2.4893362522125244	0.0	0.0	7.867356777191162	0.0	4.677396774291992	2.903109550476074	2.748230457305908	1.3242112398147583	0.0	0.0	0.0	2.5787875652313232	2.167585611343384	0.0	3.623547315597534	0.0	0.0	3.614743232727051	0.0	0.0	0.0	0.0	0.0	0.0	0.0	0.0	0.0	0.0	3.0209884643554688	4.467745780944824	0.0	0.0	0.0	0.0	0.0	0.0	1.608827829360962	0.0	0.0	3.3223071098327637	3.2881181240081787	0.0	2.4184787273406982	1.0797737836837769	0.0	0.0	2.9885756969451904	2.664188861846924	4.793030261993408	0.0	2.9000957012176514	0.0	2.7410314083099365	0.0	0.0	0.0	3.364875555038452	0.0	0.0	0.0	0.0	0.0	0.0	0.0	2.8027849197387695	4.540717124938965	0.0	0.0	0.0	0.0	0.0	0.0	1.5883318185806274	0.0	0.0	0.0	4.174850940704346	0.0	4.252737998962402	0.0	3.0838897228240967	0.0	1.9024736881256104	0.0	0.0	0.0
5.358163833618164	0.0	4.498856544494629	0.0	0.0	3.5914900302886963	0.913034200668335	2.1420509815216064	0.0	0.0	2.251793146133423	3.708574056625366	1.4193236827850342	0.0	0.0	0.0	0.0	3.2222933769226074	2.002285957336426	0.03725889325141907	0.0	0.0	0.0	4.430966854095459	0.0	0.0	0.0	0.0	0.0	5.411286354064941	8.063626289367676	2.0341899394989014	0.0	0.0	0.0	0.0	0.0	0.0	0.0	6.366789817810059	0.0	4.2930450439453125	0.0	0.0	9.401126861572266	0.0	5.654099464416504	2.9587788581848145	2.4411964416503906	0.9018117785453796	0.0	0.0	0.0	3.1502559185028076	3.774707555770874	0.0	2.5423624515533447	0.0	0.0	3.4302005767822266	0.0	0.0	0.0	0.0	0.0	0.0	0.0	0.0	0.0	0.0	5.434959411621094	3.7369256019592285	0.0	0.0	0.0	0.0	0.0	0.0	1.3683154582977295	0.0	0.0	2.6309919357299805	1.8388625383377075	0.0	1.521136999130249	2.8869030475616455	0.0	0.0	3.9376556873321533	3.220933198928833	5.553352355957031	0.0	2.0337324142456055	0.0	3.0749917030334473	0.0	0.0	0.0	5.564056396484375	0.0	0.0	0.0	0.0	0.0	0.0	0.0	0.22179798781871796	2.731220245361328	0.0	0.0	0.0	0.0	0.0	0.0	3.279097318649292	0.0	0.0	0.0	3.3930795192718506	0.0	4.957839012145996	0.0	5.741988182067871	0.0	0.6042660474777222	0.0	0.0	0.0
3.6399002075195312	0.0	3.4092204570770264	0.0	0.0	3.1489269733428955	3.5538268089294434	1.3516840934753418	0.0	0.0	2.634622812271118	2.7126669883728027	3.19744873046875	0.0	0.0	0.0	0.0	3.3624701499938965	3.270805835723877	2.0257568359375	0.0	0.0	0.0	3.545367956161499	0.0	0.0	0.0	0.0	0.0	5.11170768737793	6.739657402038574	3.280597686767578	0.0	0.0	0.0	0.0	0.0	0.0	0.0	5.442290306091309	0.0	2.6722400188446045	0.0	0.0	7.5874786376953125	0.0	4.787574291229248	3.19407057762146	2.3419392108917236	1.9032129049301147	0.0	0.0	0.0	2.409593105316162	2.658991575241089	0.0	3.644505739212036	0.0	0.0	3.5420758724212646	0.0	0.0	0.0	0.0	0.0	0.0	0.0	0.0	0.0	0.0	3.1335978507995605	4.252491474151611	0.0	0.0	0.0	0.0	0.0	0.0	1.5524500608444214	0.0	0.0	3.262690305709839	3.3327419757843018	0.0	2.5602943897247314	1.135445475578308	0.0	0.0	3.1625988483428955	2.674147367477417	4.661065578460693	0.0	3.0716891288757324	0.0	2.143404006958008	0.0	0.0	0.0	3.7595956325531006	0.0	0.0	0.0	0.0	0.0	0.0	0.0	2.007655143737793	3.9667515754699707	0.0	0.0	0.0	0.0	0.0	0.0	2.0589752197265625	0.0	0.0	0.0	4.244823932647705	0.0	4.8119306564331055	0.0	4.09041166305542	0.0	1.2477952241897583	0.0	0.0	0.0
4.201380252838135	0.0	3.3742470741271973	0.0	0.0	3.018467664718628	3.3102943897247314	1.7500442266464233	0.0	0.0	2.8309450149536133	2.6793220043182373	3.562018394470215	0.0	0.0	0.0	0.0	3.250422477722168	3.0242669582366943	2.1500794887542725	0.0	0.0	0.0	3.912637948989868	0.0	0.0	0.0	0.0	0.0	5.023549556732178	6.736553192138672	2.8392720222473145	0.0	0.0	0.0	0.0	0.0	0.0	0.0	5.164213180541992	0.0	2.636141300201416	0.0	0.0	7.918332576751709	0.0	4.597143650054932	2.9283480644226074	3.0660300254821777	1.1313390731811523	0.0	0.0	0.0	2.4158315658569336	2.860891103744507	0.0	3.54734468460083	0.0	0.0	3.6156301498413086	0.0	0.0	0.0	0.0	0.0	0.0	0.0	0.0	0.0	0.0	3.266733407974243	3.6208314895629883	0.0	0.0	0.0	0.0	0.0	0.0	0.9869036674499512	0.0	0.0	2.984016180038452	3.1478402614593506	0.0	2.368286371231079	1.5938764810562134	0.0	0.0	3.598372220993042	3.3973186016082764	4.532962799072266	0.0	3.1429738998413086	0.0	2.385657787322998	0.0	0.0	0.0	3.6702215671539307	0.0	0.0	0.0	0.0	0.0	0.0	0.0	1.954728603363037	4.142676830291748	0.0	0.0	0.0	0.0	0.0	0.0	1.7738840579986572	0.0	0.0	0.0	3.6670114994049072	0.0	4.75827693939209	0.0	3.132844924926758	0.0	1.6429691314697266	0.0	0.0	0.0
3.6802046298980713	0.0	3.371486186981201	0.0	0.0	3.1392996311187744	3.463970422744751	1.5701947212219238	0.0	0.0	2.7897887229919434	2.4723267555236816	3.5618302822113037	0.0	0.0	0.0	0.0	3.4526641368865967	2.937359094619751	2.4834558963775635	0.0	0.0	0.0	3.641848087310791	0.0	0.0	0.0	0.0	0.0	4.914643287658691	6.712886810302734	3.0239272117614746	0.0	0.0	0.0	0.0	0.0	0.0	0.0	5.684211254119873	0.0	2.657151460647583	0.0	0.0	7.726415157318115	0.0	4.568881511688232	3.1524546146392822	2.30073618888855	2.0583033561706543	0.0	0.0	0.0	2.238679885864258	2.5098202228546143	0.0	3.4139058589935303	0.0	0.0	3.4523367881774902	0.0	0.0	0.0	0.0	0.0	0.0	0.0	0.0	0.0	0.0	3.176792860031128	4.234340667724609	0.0	0.0	0.0	0.0	0.0	0.0	1.3821625709533691	0.0	0.0	3.1964752674102783	3.488992691040039	0.0	2.419633150100708	0.8803189396858215	0.0	0.0	3.132833957672119	2.6886706352233887	4.820605754852295	0.0	2.5388758182525635	0.0	2.4004695415496826	0.0	0.0	0.0	3.7771549224853516	0.0	0.0	0.0	0.0	0.0	0.0	0.0	2.157886028289795	4.011447429656982	0.0	0.0	0.0	0.0	0.0	0.0	2.0479001998901367	0.0	0.0	0.0	4.3008599281311035	0.0	4.624485492706299	0.0	3.780402421951294	0.0	1.5165143013000488	0.0	0.0	0.0
3.4920530319213867	0.0	3.3858819007873535	0.0	0.0	3.3311479091644287	3.7711009979248047	1.7698782682418823	0.0	0.0	2.64176607131958	2.4680566787719727	3.4172439575195312	0.0	0.0	0.0	0.0	3.5533156394958496	3.153332471847534	2.379399299621582	0.0	0.0	0.0	3.2869064807891846	0.0	0.0	0.0	0.0	0.0	4.962542533874512	6.8514485359191895	2.8231427669525146	0.0	0.0	0.0	0.0	0.0	0.0	0.0	5.874176025390625	0.0	2.512747287750244	0.0	0.0	7.594429016113281	0.0	4.7606282234191895	3.2918365001678467	2.2913825511932373	1.9976855516433716	0.0	0.0	0.0	2.1631453037261963	2.2823143005371094	0.0	3.356858730316162	0.0	0.0	3.699277400970459	0.0	0.0	0.0	0.0	0.0	0.0	0.0	0.0	0.0	0.0	3.1657283306121826	4.370876789093018	0.0	0.0	0.0	0.0	0.0	0.0	1.5013585090637207	0.0	0.0	3.209784507751465	3.374011993408203	0.0	2.3275063037872314	1.1191531419754028	0.0	0.0	3.052544593811035	2.7144083976745605	4.575103282928467	0.0	2.0870611667633057	0.0	2.2681422233581543	0.0	0.0	0.0	3.58061146736145	0.0	0.0	0.0	0.0	0.0	0.0	0.0	2.841736316680908	3.979501962661743	0.0	0.0	0.0	0.0	0.0	0.0	1.9173182249069214	0.0	0.0	0.0	4.4131669998168945	0.0	4.906198501586914	0.0	3.3776443004608154	0.0	1.8476372957229614	0.0	0.0	0.0
3.848569631576538	0.0	2.8346688747406006	0.0	0.0	2.79890513420105	4.051616191864014	1.8693366050720215	0.0	0.0	3.0259673595428467	2.6580114364624023	4.1607818603515625	0.0	0.0	0.0	0.0	3.202146530151367	3.3445992469787598	2.6460306644439697	0.0	0.0	0.0	3.3060295581817627	0.0	0.0	0.0	0.0	0.0	5.678073406219482	6.2465386390686035	3.279482364654541	0.0	0.0	0.0	0.0	0.0	0.0	0.0	5.351476192474365	0.0	2.0237932205200195	0.0	0.0	7.065957546234131	0.0	4.644099235534668	3.3404810428619385	1.8327102661132812	2.02894926071167	0.0	0.0	0.0	2.2992424964904785	3.539870500564575	0.0	3.703580141067505	0.0	0.0	3.9874000549316406	0.0	0.0	0.0	0.0	0.0	0.0	0.0	0.0	0.0	0.0	2.8985798358917236	4.225115776062012	0.0	0.0	0.0	0.0	0.0	0.0	1.5400328636169434	0.0	0.0	3.5529825687408447	3.8857271671295166	0.0	2.6379404067993164	1.7387402057647705	0.0	0.0	3.95314884185791	2.2790982723236084	3.9259729385375977	0.0	3.536177635192871	0.0	2.3054866790771484	0.0	0.0	0.0	3.837886333465576	0.0	0.0	0.0	0.0	0.0	0.0	0.0	2.1208910942077637	4.123159885406494	0.0	0.0	0.0	0.0	0.0	0.0	2.4022655487060547	0.0	0.0	0.0	4.184505939483643	0.0	4.942656993865967	0.0	2.5741794109344482	0.0	2.141953468322754	0.0	0.0	0.0
3.333526134490967	0.0	2.9279701709747314	0.0	0.0	2.5788097381591797	4.214049339294434	2.223710536956787	0.0	0.0	2.7253386974334717	3.0621089935302734	5.053321361541748	0.0	0.0	0.0	0.0	3.0514397621154785	3.825545310974121	2.062720537185669	0.0	0.0	0.0	3.6025888919830322	0.0	0.0	0.0	0.0	0.0	5.381222248077393	6.354633808135986	3.9607176780700684	0.0	0.0	0.0	0.0	0.0	0.0	0.0	5.539096355438232	0.0	2.925846576690674	0.0	0.0	7.1165595054626465	0.0	4.204980373382568	3.2583651542663574	2.3671927452087402	2.9914708137512207	0.0	0.0	0.0	2.0382652282714844	3.3702034950256348	0.0	3.851303815841675	0.0	0.0	3.326716661453247	0.0	0.0	0.0	0.0	0.0	0.0	0.0	0.0	0.0	0.0	3.4535131454467773	4.372237682342529	0.0	0.0	0.0	0.0	0.0	0.0	0.581892728805542	0.0	0.0	3.7477219104766846	4.298684597015381	0.0	2.560056686401367	0.15930747985839844	0.0	0.0	4.13134765625	2.6547558307647705	4.612145900726318	0.0	2.733830690383911	0.0	2.1889638900756836	0.0	0.0	0.0	3.378154993057251	0.0	0.0	0.0	0.0	0.0	0.0	0.0	2.3715920448303223	4.449706554412842	0.0	0.0	0.0	0.0	0.0	0.0	2.642490863800049	0.0	0.0	0.0	4.607720375061035	0.0	4.685542583465576	0.0	3.2900607585906982	0.0	1.9945048093795776	0.0	0.0	0.0
3.4171957969665527	0.0	3.7658584117889404	0.0	0.0	3.3451743125915527	3.8241899013519287	1.2708722352981567	0.0	0.0	2.739043712615967	2.426337480545044	3.375938653945923	0.0	0.0	0.0	0.0	3.8003122806549072	2.9572601318359375	2.514899492263794	0.0	0.0	0.0	3.505833625793457	0.0	0.0	0.0	0.0	0.0	4.80617094039917	6.541927814483643	2.8475069999694824	0.0	0.0	0.0	0.0	0.0	0.0	0.0	5.611417293548584	0.0	2.540518045425415	0.0	0.0	7.622138023376465	0.0	4.595282554626465	3.264324188232422	1.9798216819763184	1.926609992980957	0.0	0.0	0.0	2.2792587280273438	2.417102575302124	0.0	3.5631041526794434	0.0	0.0	3.5989952087402344	0.0	0.0	0.0	0.0	0.0	0.0	0.0	0.0	0.0	0.0	3.049814462661743	4.369637489318848	0.0	0.0	0.0	0.0	0.0	0.0	1.6671216487884521	0.0	0.0	3.24934720993042	3.4698143005371094	0.0	2.666233777999878	0.9524337649345398	0.0	0.0	2.7742815017700195	2.726339101791382	4.827481746673584	0.0	2.8559579849243164	0.0	2.5451478958129883	0.0	0.0	0.0	3.513939619064331	0.0	0.0	0.0	0.0	0.0	0.0	0.0	2.414674997329712	4.066500663757324	0.0	0.0	0.0	0.0	0.0	0.0	1.8723403215408325	0.0	0.0	0.0	4.634749412536621	0.0	4.890411376953125	0.0	3.7999536991119385	0.0	1.4915196895599365	0.0	0.0	0.0
3.9679415225982666	0.0	3.501727342605591	0.0	0.0	3.2097034454345703	2.9631121158599854	1.7635546922683716	0.0	0.0	2.7748425006866455	2.554340362548828	3.313765287399292	0.0	0.0	0.0	0.0	3.325566291809082	2.6063308715820312	2.3632259368896484	0.0	0.0	0.0	3.6559247970581055	0.0	0.0	0.0	0.0	0.0	4.836617469787598	6.770138740539551	2.5392589569091797	0.0	0.0	0.0	0.0	0.0	0.0	0.0	5.465445518493652	0.0	2.5272457599639893	0.0	0.0	8.161765098571777	0.0	4.433313369750977	2.8622212409973145	2.3680906295776367	1.4029179811477661	0.0	0.0	0.0	2.3219263553619385	2.747082233428955	0.0	3.215411901473999	0.0	0.0	3.455071449279785	0.0	0.0	0.0	0.0	0.0	0.0	0.0	0.0	0.0	0.0	3.1353330612182617	3.721038818359375	0.0	0.0	0.0	0.0	0.0	0.0	0.9152928590774536	0.0	0.0	2.860896587371826	3.0468077659606934	0.0	2.1078033447265625	1.3171970844268799	0.0	0.0	3.0601534843444824	2.644641160964966	4.790077209472656	0.0	2.431016206741333	0.0	2.627392292022705	0.0	0.0	0.0	3.8166117668151855	0.0	0.0	0.0	0.0	0.0	0.0	0.0	1.9522875547409058	3.7727456092834473	0.0	0.0	0.0	0.0	0.0	0.0	1.9542443752288818	0.0	0.0	0.0	3.7232871055603027	0.0	4.389779090881348	0.0	3.0346999168395996	0.0	1.643807053565979	0.0	0.0	0.0
3.469001293182373	0.0	3.447262763977051	0.0	0.0	3.295210361480713	3.7207837104797363	1.7456161975860596	0.0	0.0	2.8671581745147705	2.387648820877075	3.608708381652832	0.0	0.0	0.0	0.0	3.63301682472229	2.8079440593719482	2.2377700805664062	0.0	0.0	0.0	3.308283567428589	0.0	0.0	0.0	0.0	0.0	4.95197868347168	6.528326988220215	2.9970510005950928	0.0	0.0	0.0	0.0	0.0	0.0	0.0	5.852932929992676	0.0	2.6037938594818115	0.0	0.0	7.5762529373168945	0.0	4.624471664428711	3.1897590160369873	1.9609047174453735	2.264875650405884	0.0	0.0	0.0	2.145918130874634	2.205151081085205	0.0	3.477048635482788	0.0	0.0	3.4721837043762207	0.0	0.0	0.0	0.0	0.0	0.0	0.0	0.0	0.0	0.0	3.2523598670959473	4.3783416748046875	0.0	0.0	0.0	0.0	0.0	0.0	1.5246129035949707	0.0	0.0	3.083836793899536	3.7370998859405518	0.0	2.458760976791382	0.8171218633651733	0.0	0.0	3.197014093399048	2.808655023574829	4.946606636047363	0.0	2.135842800140381	0.0	2.486440896987915	0.0	0.0	0.0	3.7260453701019287	0.0	0.0	0.0	0.0	0.0	0.0	0.0	2.516064405441284	3.897765874862671	0.0	0.0	0.0	0.0	0.0	0.0	2.0283031463623047	0.0	0.0	0.0	4.621855735778809	0.0	4.816502571105957	0.0	3.7419698238372803	0.0	1.5332525968551636	0.0	0.0	0.0
4.138976097106934	0.0	3.6033272743225098	0.0	0.0	3.5701329708099365	2.788799524307251	2.1441762447357178	0.0	0.0	2.8346621990203857	2.69146466255188	3.085007429122925	0.0	0.0	0.0	0.0	3.257162094116211	2.2592782974243164	2.0858495235443115	0.0	0.0	0.0	3.744591474533081	0.0	0.0	0.0	0.0	0.0	4.686393737792969	6.983116626739502	2.0765583515167236	0.0	0.0	0.0	0.0	0.0	0.0	0.0	5.662735939025879	0.0	2.7240898609161377	0.0	0.0	8.19872760772705	0.0	4.629156112670898	2.8485770225524902	2.062084436416626	1.291312575340271	0.0	0.0	0.0	2.3378398418426514	2.8960416316986084	0.0	2.9541876316070557	0.0	0.0	3.5027215480804443	0.0	0.0	0.0	0.0	0.0	0.0	0.0	0.0	0.0	0.0	3.4933228492736816	3.7116265296936035	0.0	0.0	0.0	0.0	0.0	0.0	0.9025744199752808	0.0	0.0	2.7044837474823	2.7991602420806885	0.0	1.8705576658248901	1.5004972219467163	0.0	0.0	3.1724190711975098	2.627678394317627	4.9320292472839355	0.0	1.8015745878219604	0.0	2.9025328159332275	0.0	0.0	0.0	4.194606781005859	0.0	0.0	0.0	0.0	0.0	0.0	0.0	1.9121346473693848	3.3463220596313477	0.0	0.0	0.0	0.0	0.0	0.0	2.160290241241455	0.0	0.0	0.0	3.750887155532837	0.0	4.4915289878845215	0.0	3.2764506340026855	0.0	1.6973698139190674	0.0	0.0	0.0
3.604631185531616	0.0	3.4608559608459473	0.0	0.0	3.240055561065674	3.7524125576019287	1.4195029735565186	0.0	0.0	2.6465587615966797	2.625469207763672	3.439497947692871	0.0	0.0	0.0	0.0	3.0685973167419434	3.0002353191375732	1.9333211183547974	0.0	0.0	0.0	3.5778539180755615	0.0	0.0	0.0	0.0	0.0	5.140838623046875	6.791174411773682	3.183746576309204	0.0	0.0	0.0	0.0	0.0	0.0	0.0	5.3165812492370605	0.0	2.6689302921295166	0.0	0.0	7.3424177169799805	0.0	4.8306965827941895	3.2208609580993652	2.3970322608947754	1.8158302307128906	0.0	0.0	0.0	2.49350643157959	2.4123382568359375	0.0	3.6148641109466553	0.0	0.0	3.4468729496002197	0.0	0.0	0.0	0.0	0.0	0.0	0.0	0.0	0.0	0.0	3.2924582958221436	4.260164737701416	0.0	0.0	0.0	0.0	0.0	0.0	1.4596296548843384	0.0	0.0	3.390021324157715	3.148324728012085	0.0	2.6594488620758057	1.104954719543457	0.0	0.0	3.331944704055786	2.757291793823242	4.6063714027404785	0.0	2.8026580810546875	0.0	2.2982635498046875	0.0	0.0	0.0	3.641805648803711	0.0	0.0	0.0	0.0	0.0	0.0	0.0	2.101032257080078	3.920020341873169	0.0	0.0	0.0	0.0	0.0	0.0	1.8782624006271362	0.0	0.0	0.0	4.3282856941223145	0.0	4.798861026763916	0.0	4.072818279266357	0.0	1.3466638326644897	0.0	0.0	0.0
3.389955997467041	0.0	3.605935573577881	0.0	0.0	3.312633514404297	3.769092082977295	1.3089154958724976	0.0	0.0	2.5509097576141357	2.59371280670166	3.1172337532043457	0.0	0.0	0.0	0.0	3.5442845821380615	3.0360488891601562	2.1606802940368652	0.0	0.0	0.0	3.5908002853393555	0.0	0.0	0.0	0.0	0.0	4.786474704742432	6.517148017883301	2.880533456802368	0.0	0.0	0.0	0.0	0.0	0.0	0.0	5.353963851928711	0.0	2.550550937652588	0.0	0.0	7.355207443237305	0.0	4.647047996520996	3.076413154602051	1.807631254196167	1.728878378868103	0.0	0.0	0.0	2.3412578105926514	2.8239426612854004	0.0	3.7009165287017822	0.0	0.0	3.540102005004883	0.0	0.0	0.0	0.0	0.0	0.0	0.0	0.0	0.0	0.0	3.089879035949707	4.216206073760986	0.0	0.0	0.0	0.0	0.0	0.0	1.6480363607406616	0.0	0.0	3.1431145668029785	3.2493956089019775	0.0	2.7230265140533447	1.1652355194091797	0.0	0.0	2.9904749393463135	2.6844496726989746	4.501922130584717	0.0	3.1547608375549316	0.0	2.403576612472534	0.0	0.0	0.0	3.6943745613098145	0.0	0.0	0.0	0.0	0.0	0.0	0.0	2.1694045066833496	3.901884078979492	0.0	0.0	0.0	0.0	0.0	0.0	1.9677289724349976	0.0	0.0	0.0	4.3583502769470215	0.0	4.937175273895264	0.0	3.969325065612793	0.0	1.1579381227493286	0.0	0.0	0.0
3.936095952987671	0.0	3.5561633110046387	0.0	0.0	3.2324042320251465	2.7460904121398926	1.7538707256317139	0.0	0.0	2.961912155151367	2.562713623046875	2.918200969696045	0.0	0.0	0.0	0.0	3.6198997497558594	2.5275118350982666	2.0052855014801025	0.0	0.0	0.0	3.84993839263916	0.0	0.0	0.0	0.0	0.0	4.911003112792969	6.91919469833374	2.354318380355835	0.0	0.0	0.0	0.0	0.0	0.0	0.0	5.3964080810546875	0.0	2.460085391998291	0.0	0.0	8.361970901489258	0.0	4.501330852508545	2.8262619972229004	2.3140945434570312	1.4913917779922485	0.0	0.0	0.0	2.454977512359619	2.459179639816284	0.0	3.165635585784912	0.0	0.0	3.5811550617218018	0.0	0.0	0.0	0.0	0.0	0.0	0.0	0.0	0.0	0.0	3.1628971099853516	3.800651788711548	0.0	0.0	0.0	0.0	0.0	0.0	1.3254448175430298	0.0	0.0	2.8354132175445557	2.9053633213043213	0.0	2.2231242656707764	1.665371298789978	0.0	0.0	2.96150803565979	2.605816125869751	4.905076026916504	0.0	2.967491865158081	0.0	2.4022440910339355	0.0	0.0	0.0	3.7259926795959473	0.0	0.0	0.0	0.0	0.0	0.0	0.0	1.4645932912826538	3.339395523071289	0.0	0.0	0.0	0.0	0.0	0.0	1.9303714036941528	0.0	0.0	0.0	3.8431897163391113	0.0	4.614562034606934	0.0	3.6254515647888184	0.0	1.0585089921951294	0.0	0.0	0.0
4.199781894683838	0.0	3.9984123706817627	0.0	0.0	3.5251834392547607	3.13333797454834	1.5155695676803589	0.0	0.0	2.197143077850342	3.194024085998535	2.8481521606445312	0.0	0.0	0.0	0.0	3.5526065826416016	3.3684542179107666	0.12098535150289536	0.0	0.0	0.0	3.4073374271392822	0.0	0.0	0.0	0.0	0.0	5.469114780426025	7.306988716125488	2.947235584259033	0.0	0.0	0.0	0.0	0.0	0.0	0.0	5.967372894287109	0.0	3.6981253623962402	0.0	0.0	7.459197521209717	0.0	5.782328128814697	4.35256290435791	2.803450107574463	2.456730842590332	0.0	0.0	0.0	2.6779892444610596	1.98225736618042	0.0	3.2845280170440674	0.0	0.0	3.5218756198883057	0.0	0.0	0.0	0.0	0.0	0.0	0.0	0.0	0.0	0.0	4.384267330169678	4.787276744842529	0.0	0.0	0.0	0.0	0.0	0.0	1.7771891355514526	0.0	0.0	3.656148672103882	2.526492118835449	0.0	2.797365665435791	1.7350969314575195	0.0	0.0	3.6662256717681885	3.4489846229553223	5.1518073081970215	0.0	1.882317066192627	0.0	2.071467876434326	0.0	0.0	0.0	3.7232019901275635	0.0	0.0	0.0	0.0	0.0	0.0	0.0	1.472488284111023	3.4685192108154297	0.0	0.0	0.0	0.0	0.0	0.0	2.4663844108581543	0.0	0.0	0.0	4.8472490310668945	0.0	5.743648529052734	0.0	5.986242294311523	0.0	1.1265108585357666	0.0	0.0	0.0
4.0370097160339355	0.0	3.350416898727417	0.0	0.0	3.363497018814087	2.6235368251800537	1.9354101419448853	0.0	0.0	2.8719544410705566	2.6447463035583496	2.9482879638671875	0.0	0.0	0.0	0.0	3.5050694942474365	2.694622278213501	2.0141608715057373	0.0	0.0	0.0	3.8542184829711914	0.0	0.0	0.0	0.0	0.0	4.894955635070801	7.00575590133667	2.2579543590545654	0.0	0.0	0.0	0.0	0.0	0.0	0.0	5.611980438232422	0.0	2.704712152481079	0.0	0.0	8.30080795288086	0.0	4.676203727722168	2.966474771499634	2.629145860671997	1.51992928981781	0.0	0.0	0.0	2.4548301696777344	2.637115716934204	0.0	3.1586387157440186	0.0	0.0	3.593498468399048	0.0	0.0	0.0	0.0	0.0	0.0	0.0	0.0	0.0	0.0	3.44545578956604	3.6801400184631348	0.0	0.0	0.0	0.0	0.0	0.0	1.2478954792022705	0.0	0.0	2.8264975547790527	2.8443679809570312	0.0	2.059889554977417	1.6709034442901611	0.0	0.0	3.091278553009033	2.7316412925720215	4.857443332672119	0.0	2.310277223587036	0.0	2.4317548274993896	0.0	0.0	0.0	3.989438533782959	0.0	0.0	0.0	0.0	0.0	0.0	0.0	1.5221154689788818	3.5560383796691895	0.0	0.0	0.0	0.0	0.0	0.0	2.0837152004241943	0.0	0.0	0.0	3.719667434692383	0.0	4.5499958992004395	0.0	3.5377070903778076	0.0	1.4977669715881348	0.0	0.0	0.0
3.479410409927368	0.0	3.6694839000701904	0.0	0.0	3.340329170227051	3.7683677673339844	1.4474228620529175	0.0	0.0	2.529407262802124	2.537447929382324	3.259836435317993	0.0	0.0	0.0	0.0	3.540120840072632	2.9403908252716064	2.1837658882141113	0.0	0.0	0.0	3.4941084384918213	0.0	0.0	0.0	0.0	0.0	4.820575714111328	6.534336566925049	2.8508694171905518	0.0	0.0	0.0	0.0	0.0	0.0	0.0	5.45057487487793	0.0	2.7191827297210693	0.0	0.0	7.534597396850586	0.0	4.747574329376221	3.1915085315704346	1.9339909553527832	1.8312565088272095	0.0	0.0	0.0	2.3010780811309814	2.593090534210205	0.0	3.6668472290039062	0.0	0.0	3.5905585289001465	0.0	0.0	0.0	0.0	0.0	0.0	0.0	0.0	0.0	0.0	3.077099561691284	4.340694427490234	0.0	0.0	0.0	0.0	0.0	0.0	1.4417872428894043	0.0	0.0	3.2058660984039307	3.259603977203369	0.0	2.6835339069366455	1.1156301498413086	0.0	0.0	3.0481033325195312	2.7855210304260254	4.755350589752197	0.0	2.9360034465789795	0.0	2.5275235176086426	0.0	0.0	0.0	3.492443799972534	0.0	0.0	0.0	0.0	0.0	0.0	0.0	2.2002856731414795	3.9092586040496826	0.0	0.0	0.0	0.0	0.0	0.0	1.9097179174423218	0.0	0.0	0.0	4.405636787414551	0.0	4.906598091125488	0.0	3.8003993034362793	0.0	1.3631147146224976	0.0	0.0	0.0
3.482748508453369	0.0	3.243072032928467	0.0	0.0	3.1307551860809326	3.7552318572998047	1.6720691919326782	0.0	0.0	2.6069679260253906	2.464933395385742	3.9788246154785156	0.0	0.0	0.0	0.0	3.5849573612213135	3.2993836402893066	2.4698543548583984	0.0	0.0	0.0	3.304473400115967	0.0	0.0	0.0	0.0	0.0	4.979038715362549	6.423232555389404	2.755998373031616	0.0	0.0	0.0	0.0	0.0	0.0	0.0	5.707262992858887	0.0	2.4019100666046143	0.0	0.0	7.53765344619751	0.0	4.380346298217773	3.260732650756836	2.234489679336548	2.1599512100219727	0.0	0.0	0.0	2.0557265281677246	2.311008930206299	0.0	3.4253954887390137	0.0	0.0	3.501605987548828	0.0	0.0	0.0	0.0	0.0	0.0	0.0	0.0	0.0	0.0	2.7640321254730225	4.25551700592041	0.0	0.0	0.0	0.0	0.0	0.0	0.8674619197845459	0.0	0.0	3.2571632862091064	3.5848987102508545	0.0	2.5720763206481934	0.7389646172523499	0.0	0.0	2.8047995567321777	2.5885989665985107	4.839566707611084	0.0	2.1912784576416016	0.0	2.3048651218414307	0.0	0.0	0.0	3.2514560222625732	0.0	0.0	0.0	0.0	0.0	0.0	0.0	2.4426441192626953	4.090157985687256	0.0	0.0	0.0	0.0	0.0	0.0	2.0585901737213135	0.0	0.0	0.0	4.433902740478516	0.0	4.735039710998535	0.0	2.9854207038879395	0.0	1.967990756034851	0.0	0.0	0.0
2.0744693279266357	0.0	3.0488667488098145	0.0	0.0	4.335781574249268	3.0122060775756836	1.7484558820724487	0.0	0.0	2.218890905380249	2.5937299728393555	2.5140159130096436	0.0	0.0	0.0	0.0	5.217739105224609	3.899322748184204	0.9870995283126831	0.0	0.0	0.0	2.7652273178100586	0.0	0.0	0.0	0.0	0.0	4.101487159729004	6.253979682922363	1.732909917831421	0.0	0.0	0.0	0.0	0.0	0.0	0.0	6.968352317810059	0.0	4.0295515060424805	0.0	0.0	7.513150215148926	0.0	5.062473297119141	4.7209930419921875	1.6915795803070068	4.2425618171691895	0.0	0.0	0.0	2.107208013534546	2.4974124431610107	0.0	3.689410924911499	0.0	0.0	5.001318454742432	0.0	0.0	0.0	0.0	0.0	0.0	0.0	0.0	0.0	0.0	3.9219791889190674	4.831505298614502	0.0	0.0	0.0	0.0	0.0	0.0	3.7642078399658203	0.0	0.0	2.7043888568878174	3.75691556930542	0.0	2.262136936187744	1.029245138168335	0.0	0.0	2.5670437812805176	3.0851306915283203	4.503057956695557	0.0	0.7361026406288147	0.0	1.74274742603302	0.0	0.0	0.0	3.638122797012329	0.0	0.0	0.0	0.0	0.0	0.0	0.0	1.6982457637786865	3.401034355163574	0.0	0.0	0.0	0.0	0.0	0.0	2.9043850898742676	0.0	0.0	0.0	6.341876983642578	0.0	6.646955490112305	0.0	5.196322441101074	0.0	1.5678002834320068	0.0	0.0	0.0
3.047206163406372	0.0	3.466895818710327	0.0	0.0	3.4393961429595947	3.5123960971832275	1.4243829250335693	0.0	0.0	2.144252061843872	2.401500701904297	3.081873893737793	0.0	0.0	0.0	0.0	4.152048587799072	3.070692300796509	2.028543472290039	0.0	0.0	0.0	2.8569774627685547	0.0	0.0	0.0	0.0	0.0	4.520474910736084	6.110871315002441	2.9415738582611084	0.0	0.0	0.0	0.0	0.0	0.0	0.0	6.507813453674316	0.0	3.1609911918640137	0.0	0.0	7.3681559562683105	0.0	4.6593170166015625	3.7506043910980225	1.8529753684997559	2.4855704307556152	0.0	0.0	0.0	1.8291066884994507	2.121847629547119	0.0	3.2663285732269287	0.0	0.0	3.8205838203430176	0.0	0.0	0.0	0.0	0.0	0.0	0.0	0.0	0.0	0.0	3.7902016639709473	4.638957500457764	0.0	0.0	0.0	0.0	0.0	0.0	2.4227700233459473	0.0	0.0	3.1232450008392334	3.679297924041748	0.0	2.2009406089782715	0.8414900898933411	0.0	0.0	3.1600799560546875	3.30549955368042	4.834920406341553	0.0	1.5184435844421387	0.0	2.29895281791687	0.0	0.0	0.0	3.601243495941162	0.0	0.0	0.0	0.0	0.0	0.0	0.0	2.904797315597534	3.7963030338287354	0.0	0.0	0.0	0.0	0.0	0.0	2.3859474658966064	0.0	0.0	0.0	5.250097751617432	0.0	5.591000556945801	0.0	3.7913997173309326	0.0	1.4591021537780762	0.0	0.0	0.0
3.7892003059387207	0.0	3.6462459564208984	0.0	0.0	2.842099189758301	3.0368149280548096	1.3524718284606934	0.0	0.0	2.4415040016174316	2.7655346393585205	2.9130873680114746	0.0	0.0	0.0	0.0	3.2651894092559814	2.9761130809783936	1.1825848817825317	0.0	0.0	0.0	3.783417224884033	0.0	0.0	0.0	0.0	0.0	5.257462024688721	6.659135341644287	3.1087324619293213	0.0	0.0	0.0	0.0	0.0	0.0	0.0	5.295162677764893	0.0	3.049804210662842	0.0	0.0	7.498570442199707	0.0	4.915310859680176	3.4476242065429688	2.3897933959960938	1.8688902854919434	0.0	0.0	0.0	2.537471294403076	2.2227284908294678	0.0	3.347684860229492	0.0	0.0	3.3418636322021484	0.0	0.0	0.0	0.0	0.0	0.0	0.0	0.0	0.0	0.0	3.770923614501953	4.305812358856201	0.0	0.0	0.0	0.0	0.0	0.0	1.8262224197387695	0.0	0.0	3.2617738246917725	3.1136538982391357	0.0	2.682173490524292	1.497616171836853	0.0	0.0	3.465458869934082	3.1506989002227783	4.949787616729736	0.0	3.028855323791504	0.0	2.1983561515808105	0.0	0.0	0.0	3.5112102031707764	0.0	0.0	0.0	0.0	0.0	0.0	0.0	1.2299696207046509	3.6832456588745117	0.0	0.0	0.0	0.0	0.0	0.0	2.2916171550750732	0.0	0.0	0.0	4.29456090927124	0.0	5.152884006500244	0.0	4.724586009979248	0.0	0.9473894834518433	0.0	0.0	0.0
3.7911784648895264	0.0	3.427973508834839	0.0	0.0	3.30836820602417	3.2062010765075684	1.5263382196426392	0.0	0.0	2.8004279136657715	2.5490670204162598	3.0387301445007324	0.0	0.0	0.0	0.0	3.5498249530792236	2.919651985168457	2.285064935684204	0.0	0.0	0.0	3.6116063594818115	0.0	0.0	0.0	0.0	0.0	4.99481725692749	6.7023115158081055	2.8803656101226807	0.0	0.0	0.0	0.0	0.0	0.0	0.0	5.529423236846924	0.0	2.5432112216949463	0.0	0.0	7.832550525665283	0.0	4.624801158905029	3.0233819484710693	2.1926589012145996	1.5895999670028687	0.0	0.0	0.0	2.326946258544922	2.5385701656341553	0.0	3.519249439239502	0.0	0.0	3.5186216831207275	0.0	0.0	0.0	0.0	0.0	0.0	0.0	0.0	0.0	0.0	3.0331718921661377	4.017191410064697	0.0	0.0	0.0	0.0	0.0	0.0	1.3805936574935913	0.0	0.0	3.034114122390747	3.172365427017212	0.0	2.32292103767395	1.2644656896591187	0.0	0.0	2.912846326828003	2.5848562717437744	4.742003917694092	0.0	2.738886594772339	0.0	2.356379985809326	0.0	0.0	0.0	3.8697359561920166	0.0	0.0	0.0	0.0	0.0	0.0	0.0	2.036128520965576	3.758247137069702	0.0	0.0	0.0	0.0	0.0	0.0	1.9636179208755493	0.0	0.0	0.0	4.06944465637207	0.0	4.671633720397949	0.0	3.6525754928588867	0.0	1.3343287706375122	0.0	0.0	0.0
3.219312906265259	0.0	3.4642961025238037	0.0	0.0	3.4591457843780518	3.100717782974243	1.169499397277832	0.0	0.0	2.5371639728546143	2.662508249282837	2.6633667945861816	0.0	0.0	0.0	0.0	3.9863932132720947	3.3232033252716064	1.240654468536377	0.0	0.0	0.0	3.3057878017425537	0.0	0.0	0.0	0.0	0.0	4.802139759063721	6.628216743469238	2.9169764518737793	0.0	0.0	0.0	0.0	0.0	0.0	0.0	5.969088077545166	0.0	3.4751570224761963	0.0	0.0	7.25301456451416	0.0	5.041348934173584	3.8279871940612793	1.6938695907592773	2.8019018173217773	0.0	0.0	0.0	2.476925849914551	2.6834311485290527	0.0	3.5357582569122314	0.0	0.0	3.6941077709198	0.0	0.0	0.0	0.0	0.0	0.0	0.0	0.0	0.0	0.0	3.666912078857422	4.767655849456787	0.0	0.0	0.0	0.0	0.0	0.0	2.3612749576568604	0.0	0.0	3.1393675804138184	3.3542799949645996	0.0	2.4294209480285645	0.9389449954032898	0.0	0.0	3.063331365585327	2.769371271133423	4.715278625488281	0.0	2.4140310287475586	0.0	1.90484619140625	0.0	0.0	0.0	4.043393611907959	0.0	0.0	0.0	0.0	0.0	0.0	0.0	1.532257080078125	3.454050302505493	0.0	0.0	0.0	0.0	0.0	0.0	2.585947275161743	0.0	0.0	0.0	4.973616600036621	0.0	5.565622806549072	0.0	5.597035884857178	0.0	0.7365911602973938	0.0	0.0	0.0
3.7038862705230713	0.0	3.2484257221221924	0.0	0.0	3.271493673324585	3.4082279205322266	1.5096814632415771	0.0	0.0	2.6866469383239746	2.5450592041015625	3.870269298553467	0.0	0.0	0.0	0.0	3.56189227104187	3.012214183807373	2.2757797241210938	0.0	0.0	0.0	3.5779831409454346	0.0	0.0	0.0	0.0	0.0	4.8901591300964355	6.335334777832031	2.8459370136260986	0.0	0.0	0.0	0.0	0.0	0.0	0.0	5.627261638641357	0.0	2.4451916217803955	0.0	0.0	7.64390230178833	0.0	4.360863208770752	3.2458558082580566	2.385847330093384	2.0368921756744385	0.0	0.0	0.0	1.863124132156372	2.50103497505188	0.0	3.326577663421631	0.0	0.0	3.4592337608337402	0.0	0.0	0.0	0.0	0.0	0.0	0.0	0.0	0.0	0.0	3.0556344985961914	4.017520904541016	0.0	0.0	0.0	0.0	0.0	0.0	1.3093714714050293	0.0	0.0	3.147756338119507	3.492323160171509	0.0	2.374281167984009	0.8631961345672607	0.0	0.0	2.8565948009490967	2.7525744438171387	4.8542070388793945	0.0	2.3416173458099365	0.0	2.1564958095550537	0.0	0.0	0.0	3.6650331020355225	0.0	0.0	0.0	0.0	0.0	0.0	0.0	2.4798648357391357	3.834308624267578	0.0	0.0	0.0	0.0	0.0	0.0	2.3275883197784424	0.0	0.0	0.0	4.234586238861084	0.0	4.990379333496094	0.0	3.2397305965423584	0.0	1.763303279876709	0.0	0.0	0.0
3.5320329666137695	0.0	3.5531015396118164	0.0	0.0	3.441695213317871	3.5854101181030273	1.820144772529602	0.0	0.0	2.770524024963379	2.4785304069519043	3.5005452632904053	0.0	0.0	0.0	0.0	3.6952731609344482	2.8420915603637695	2.5133299827575684	0.0	0.0	0.0	3.2905359268188477	0.0	0.0	0.0	0.0	0.0	5.0676589012146	6.8252153396606445	2.8066580295562744	0.0	0.0	0.0	0.0	0.0	0.0	0.0	5.87379789352417	0.0	2.416660785675049	0.0	0.0	7.899569511413574	0.0	4.653445720672607	3.273709774017334	2.1538212299346924	2.0539205074310303	0.0	0.0	0.0	2.0250890254974365	2.2791080474853516	0.0	3.291853666305542	0.0	0.0	3.6631646156311035	0.0	0.0	0.0	0.0	0.0	0.0	0.0	0.0	0.0	0.0	2.8710200786590576	4.402837753295898	0.0	0.0	0.0	0.0	0.0	0.0	1.426210641860962	0.0	0.0	3.255805492401123	3.414768695831299	0.0	2.3010659217834473	1.064618468284607	0.0	0.0	2.9255902767181396	2.498340606689453	4.777435779571533	0.0	2.4013607501983643	0.0	2.4251058101654053	0.0	0.0	0.0	3.429992914199829	0.0	0.0	0.0	0.0	0.0	0.0	0.0	2.51823091506958	3.827786684036255	0.0	0.0	0.0	0.0	0.0	0.0	1.957013726234436	0.0	0.0	0.0	4.333109378814697	0.0	4.655181407928467	0.0	3.2281057834625244	0.0	1.7543429136276245	0.0	0.0	0.0
3.404644250869751	0.0	3.598231792449951	0.0	0.0	3.191498279571533	3.540184736251831	1.6145176887512207	0.0	0.0	2.3702268600463867	2.5183053016662598	3.192795753479004	0.0	0.0	0.0	0.0	3.720641851425171	2.9168059825897217	1.9277340173721313	0.0	0.0	0.0	3.2491071224212646	0.0	0.0	0.0	0.0	0.0	4.825437545776367	6.374162673950195	3.0005440711975098	0.0	0.0	0.0	0.0	0.0	0.0	0.0	6.062051296234131	0.0	2.925053358078003	0.0	0.0	7.514488220214844	0.0	4.702268123626709	3.3385677337646484	2.0197391510009766	2.259148359298706	0.0	0.0	0.0	2.0287137031555176	2.189793109893799	0.0	3.2854044437408447	0.0	0.0	3.4700934886932373	0.0	0.0	0.0	0.0	0.0	0.0	0.0	0.0	0.0	0.0	3.608001708984375	4.5101637840271	0.0	0.0	0.0	0.0	0.0	0.0	1.7363094091415405	0.0	0.0	3.227003574371338	3.56912899017334	0.0	2.407792329788208	0.9621838927268982	0.0	0.0	3.2466189861297607	3.1114442348480225	4.943994522094727	0.0	2.046834707260132	0.0	2.528212308883667	0.0	0.0	0.0	3.597163200378418	0.0	0.0	0.0	0.0	0.0	0.0	0.0	2.4180800914764404	3.859516143798828	0.0	0.0	0.0	0.0	0.0	0.0	2.147158145904541	0.0	0.0	0.0	4.732111930847168	0.0	5.028810977935791	0.0	3.7668347358703613	0.0	1.32453453540802	0.0	0.0	0.0
3.750673532485962	0.0	3.5883407592773438	0.0	0.0	3.2156853675842285	3.413377046585083	1.32414972782135	0.0	0.0	2.712683916091919	2.6461455821990967	3.1772565841674805	0.0	0.0	0.0	0.0	3.6489646434783936	3.0161986351013184	2.2306957244873047	0.0	0.0	0.0	3.533627986907959	0.0	0.0	0.0	0.0	0.0	4.967376232147217	6.737837791442871	2.856259822845459	0.0	0.0	0.0	0.0	0.0	0.0	0.0	5.483057498931885	0.0	2.710373878479004	0.0	0.0	7.8238019943237305	0.0	4.643965244293213	3.194470167160034	2.0447044372558594	1.8819292783737183	0.0	0.0	0.0	2.2263433933258057	2.812309503555298	0.0	3.598949909210205	0.0	0.0	3.6098573207855225	0.0	0.0	0.0	0.0	0.0	0.0	0.0	0.0	0.0	0.0	2.8932032585144043	4.258602142333984	0.0	0.0	0.0	0.0	0.0	0.0	1.320970058441162	0.0	0.0	3.0811655521392822	3.2204110622406006	0.0	2.4828555583953857	1.1428709030151367	0.0	0.0	2.918431043624878	2.6522228717803955	4.803083419799805	0.0	3.016984701156616	0.0	2.314772605895996	0.0	0.0	0.0	3.7357170581817627	0.0	0.0	0.0	0.0	0.0	0.0	0.0	2.0095484256744385	3.905043840408325	0.0	0.0	0.0	0.0	0.0	0.0	2.1317899227142334	0.0	0.0	0.0	4.225727081298828	0.0	4.808176517486572	0.0	3.8774068355560303	0.0	1.3768384456634521	0.0	0.0	0.0
4.535499572753906	0.0	3.592503070831299	0.0	0.0	3.410219669342041	2.597909927368164	2.0221848487854004	0.0	0.0	2.9873836040496826	2.6384143829345703	3.1105918884277344	0.0	0.0	0.0	0.0	3.3839385509490967	2.383671283721924	2.2787303924560547	0.0	0.0	0.0	4.088265419006348	0.0	0.0	0.0	0.0	0.0	4.994239807128906	7.267070770263672	2.190781593322754	0.0	0.0	0.0	0.0	0.0	0.0	0.0	5.768864631652832	0.0	2.5323779582977295	0.0	0.0	8.504222869873047	0.0	4.690059185028076	2.90697979927063	2.546522378921509	1.122660517692566	0.0	0.0	0.0	2.3868672847747803	2.9374101161956787	0.0	2.7782301902770996	0.0	0.0	3.5257279872894287	0.0	0.0	0.0	0.0	0.0	0.0	0.0	0.0	0.0	0.0	3.5633771419525146	3.6709365844726562	0.0	0.0	0.0	0.0	0.0	0.0	0.931210458278656	0.0	0.0	2.7451229095458984	2.8049893379211426	0.0	1.7765792608261108	1.764406681060791	0.0	0.0	3.293766498565674	2.746086597442627	4.9595513343811035	0.0	1.9131593704223633	0.0	2.7528014183044434	0.0	0.0	0.0	4.511472702026367	0.0	0.0	0.0	0.0	0.0	0.0	0.0	1.8092541694641113	3.5990729331970215	0.0	0.0	0.0	0.0	0.0	0.0	2.259655475616455	0.0	0.0	0.0	3.5016350746154785	0.0	4.438960552215576	0.0	3.225616693496704	0.0	1.810178518295288	0.0	0.0	0.0
4.11876916885376	0.0	3.7781431674957275	0.0	0.0	3.5623507499694824	2.6329185962677	2.12438702583313	0.0	0.0	3.2897939682006836	2.623703718185425	2.9876418113708496	0.0	0.0	0.0	0.0	3.656287670135498	2.2879979610443115	2.3278467655181885	0.0	0.0	0.0	3.8299083709716797	0.0	0.0	0.0	0.0	0.0	5.067999839782715	7.300546169281006	2.326829195022583	0.0	0.0	0.0	0.0	0.0	0.0	0.0	5.90159273147583	0.0	2.3671300411224365	0.0	0.0	8.672990798950195	0.0	4.563899993896484	2.825655937194824	1.8073416948318481	1.6067789793014526	0.0	0.0	0.0	2.3926737308502197	2.5782265663146973	0.0	2.8126611709594727	0.0	0.0	3.380176544189453	0.0	0.0	0.0	0.0	0.0	0.0	0.0	0.0	0.0	0.0	3.1981687545776367	3.8739590644836426	0.0	0.0	0.0	0.0	0.0	0.0	1.041648030281067	0.0	0.0	2.671785354614258	3.021216869354248	0.0	1.8835046291351318	1.489705204963684	0.0	0.0	2.8039920330047607	2.195981740951538	5.192984104156494	0.0	2.148759126663208	0.0	2.7046661376953125	0.0	0.0	0.0	4.241578578948975	0.0	0.0	0.0	0.0	0.0	0.0	0.0	1.8447208404541016	3.2661657333374023	0.0	0.0	0.0	0.0	0.0	0.0	2.25144624710083	0.0	0.0	0.0	3.6787233352661133	0.0	4.3299713134765625	0.0	3.4828896522521973	0.0	1.4039775133132935	0.0	0.0	0.0
4.495142936706543	0.0	4.337730407714844	0.0	0.0	4.080775737762451	2.3377206325531006	2.4784114360809326	0.0	0.0	3.331118583679199	3.054239511489868	2.3589558601379395	0.0	0.0	0.0	0.0	3.918349027633667	1.8399138450622559	1.5429768562316895	0.0	0.0	0.0	3.923194408416748	0.0	0.0	0.0	0.0	0.0	5.060450553894043	7.6864848136901855	2.08886981010437	0.0	0.0	0.0	0.0	0.0	0.0	0.0	6.322530746459961	0.0	2.664041519165039	0.0	0.0	9.17263126373291	0.0	4.91241979598999	2.8535425662994385	1.4375557899475098	1.2305828332901	0.0	0.0	0.0	2.70998215675354	2.7353622913360596	0.0	2.6001243591308594	0.0	0.0	3.622025728225708	0.0	0.0	0.0	0.0	0.0	0.0	0.0	0.0	0.0	0.0	3.9536938667297363	3.7263481616973877	0.0	0.0	0.0	0.0	0.0	0.0	1.4517942667007446	0.0	0.0	2.391864061355591	2.705848455429077	0.0	1.693034052848816	2.067204713821411	0.0	0.0	3.10127329826355	2.381333351135254	5.414370059967041	0.0	1.7530293464660645	0.0	3.2210123538970947	0.0	0.0	0.0	4.853582382202148	0.0	0.0	0.0	0.0	0.0	0.0	0.0	1.7190848588943481	2.749739408493042	0.0	0.0	0.0	0.0	0.0	0.0	2.450148105621338	0.0	0.0	0.0	4.0014519691467285	0.0	4.671893119812012	0.0	4.1933393478393555	0.0	1.0249687433242798	0.0	0.0	0.0
3.720341682434082	0.0	3.4471077919006348	0.0	0.0	3.362323045730591	3.507585287094116	1.6178394556045532	0.0	0.0	2.983051061630249	2.3723607063293457	3.4774298667907715	0.0	0.0	0.0	0.0	3.6602957248687744	2.792947292327881	2.607933759689331	0.0	0.0	0.0	3.591036081314087	0.0	0.0	0.0	0.0	0.0	4.95592737197876	6.708932876586914	2.6422770023345947	0.0	0.0	0.0	0.0	0.0	0.0	0.0	5.539748191833496	0.0	2.2596435546875	0.0	0.0	7.894895553588867	0.0	4.5739946365356445	3.095745325088501	2.004405975341797	1.8361989259719849	0.0	0.0	0.0	2.3233354091644287	2.5102813243865967	0.0	3.51448655128479	0.0	0.0	3.5649359226226807	0.0	0.0	0.0	0.0	0.0	0.0	0.0	0.0	0.0	0.0	2.768646478652954	4.197963714599609	0.0	0.0	0.0	0.0	0.0	0.0	1.1841645240783691	0.0	0.0	3.046292543411255	3.40165638923645	0.0	2.3954296112060547	1.1322128772735596	0.0	0.0	2.8348402976989746	2.4514026641845703	4.879921913146973	0.0	2.7793726921081543	0.0	2.483994960784912	0.0	0.0	0.0	3.6416804790496826	0.0	0.0	0.0	0.0	0.0	0.0	0.0	2.150660991668701	3.742157220840454	0.0	0.0	0.0	0.0	0.0	0.0	1.9194424152374268	0.0	0.0	0.0	4.145120620727539	0.0	4.606097221374512	0.0	3.3249740600585938	0.0	1.6003224849700928	0.0	0.0	0.0
3.701141357421875	0.0	3.4716315269470215	0.0	0.0	3.260866403579712	3.2716403007507324	1.590856909751892	0.0	0.0	2.825333595275879	2.349839925765991	3.332897663116455	0.0	0.0	0.0	0.0	3.576521873474121	2.673274278640747	2.7268834114074707	0.0	0.0	0.0	3.561713695526123	0.0	0.0	0.0	0.0	0.0	4.721219539642334	6.5981526374816895	2.577181339263916	0.0	0.0	0.0	0.0	0.0	0.0	0.0	5.52837610244751	0.0	2.3164865970611572	0.0	0.0	8.000871658325195	0.0	4.3927459716796875	2.873042345046997	2.105304002761841	1.5953190326690674	0.0	0.0	0.0	2.235456943511963	2.431152105331421	0.0	3.36861252784729	0.0	0.0	3.4232754707336426	0.0	0.0	0.0	0.0	0.0	0.0	0.0	0.0	0.0	0.0	2.743920087814331	3.9968905448913574	0.0	0.0	0.0	0.0	0.0	0.0	1.0305488109588623	0.0	0.0	2.948491334915161	3.2816364765167236	0.0	2.289130210876465	1.0294259786605835	0.0	0.0	2.6361336708068848	2.375910758972168	4.9213175773620605	0.0	2.6124260425567627	0.0	2.5477547645568848	0.0	0.0	0.0	3.5960867404937744	0.0	0.0	0.0	0.0	0.0	0.0	0.0	2.141989231109619	3.798609733581543	0.0	0.0	0.0	0.0	0.0	0.0	1.8569544553756714	0.0	0.0	0.0	4.025875568389893	0.0	4.31946325302124	0.0	3.2236380577087402	0.0	1.5098106861114502	0.0	0.0	0.0
3.351166009902954	0.0	3.8069229125976562	0.0	0.0	3.4095425605773926	3.751351833343506	0.9894305467605591	0.0	0.0	2.2270283699035645	2.806169271469116	2.4346437454223633	0.0	0.0	0.0	0.0	3.645897150039673	3.3000009059906006	1.5534961223602295	0.0	0.0	0.0	3.7745776176452637	0.0	0.0	0.0	0.0	0.0	4.809676647186279	6.575004577636719	2.77909255027771	0.0	0.0	0.0	0.0	0.0	0.0	0.0	4.954661846160889	0.0	2.618751049041748	0.0	0.0	7.371828079223633	0.0	4.9130754470825195	3.022730588912964	1.994072437286377	1.4422907829284668	0.0	0.0	0.0	2.3034651279449463	2.847278356552124	0.0	4.038385391235352	0.0	0.0	3.877159357070923	0.0	0.0	0.0	0.0	0.0	0.0	0.0	0.0	0.0	0.0	3.046754837036133	4.374531269073486	0.0	0.0	0.0	0.0	0.0	0.0	2.1799166202545166	0.0	0.0	3.470529317855835	2.831077814102173	0.0	2.993224859237671	1.6959381103515625	0.0	0.0	2.7384583950042725	2.569927453994751	4.339613914489746	0.0	4.270905017852783	0.0	2.1765220165252686	0.0	0.0	0.0	3.607375144958496	0.0	0.0	0.0	0.0	0.0	0.0	0.0	1.896856665611267	3.624314785003662	0.0	0.0	0.0	0.0	0.0	0.0	1.8233050107955933	0.0	0.0	0.0	4.4488606452941895	0.0	5.170847415924072	0.0	4.692578315734863	0.0	0.5341588854789734	0.0	0.0	0.0
4.163398742675781	0.0	3.7471916675567627	0.0	0.0	3.5664236545562744	2.8056633472442627	2.239814043045044	0.0	0.0	3.14463210105896	2.6333436965942383	3.2119438648223877	0.0	0.0	0.0	0.0	3.4848177433013916	2.2713348865509033	2.4045522212982178	0.0	0.0	0.0	3.808135986328125	0.0	0.0	0.0	0.0	0.0	5.0985822677612305	7.220328330993652	2.3798954486846924	0.0	0.0	0.0	0.0	0.0	0.0	0.0	5.829964637756348	0.0	2.341989755630493	0.0	0.0	8.623697280883789	0.0	4.587612628936768	2.8283920288085938	1.8759492635726929	1.3862937688827515	0.0	0.0	0.0	2.2802534103393555	2.677294969558716	0.0	2.8448710441589355	0.0	0.0	3.4698994159698486	0.0	0.0	0.0	0.0	0.0	0.0	0.0	0.0	0.0	0.0	3.104408025741577	3.8040053844451904	0.0	0.0	0.0	0.0	0.0	0.0	0.8198587894439697	0.0	0.0	2.7433712482452393	2.915184259414673	0.0	1.846949815750122	1.4553539752960205	0.0	0.0	2.9451770782470703	2.2843868732452393	5.160353660583496	0.0	2.095086097717285	0.0	2.7594730854034424	0.0	0.0	0.0	4.193963527679443	0.0	0.0	0.0	0.0	0.0	0.0	0.0	2.1397526264190674	3.2526185512542725	0.0	0.0	0.0	0.0	0.0	0.0	2.2495782375335693	0.0	0.0	0.0	3.650487184524536	0.0	4.319162368774414	0.0	3.154812812805176	0.0	1.5954097509384155	0.0	0.0	0.0
4.3578691482543945	0.0	3.9270248413085938	0.0	0.0	3.8930089473724365	2.825247049331665	2.356299877166748	0.0	0.0	2.911297082901001	2.9354147911071777	2.6161680221557617	0.0	0.0	0.0	0.0	3.4946348667144775	2.1810994148254395	1.5008012056350708	0.0	0.0	0.0	3.7737765312194824	0.0	0.0	0.0	0.0	0.0	4.866448879241943	7.260130882263184	2.2153053283691406	0.0	0.0	0.0	0.0	0.0	0.0	0.0	5.943490982055664	0.0	2.9050214290618896	0.0	0.0	8.393142700195312	0.0	5.08198356628418	3.03629207611084	2.129455804824829	1.163599967956543	0.0	0.0	0.0	2.4925379753112793	2.720867872238159	0.0	2.868682384490967	0.0	0.0	3.7261598110198975	0.0	0.0	0.0	0.0	0.0	0.0	0.0	0.0	0.0	0.0	3.858242988586426	3.7597789764404297	0.0	0.0	0.0	0.0	0.0	0.0	1.3245210647583008	0.0	0.0	2.605529546737671	2.6462209224700928	0.0	1.8275067806243896	1.9420214891433716	0.0	0.0	3.4129366874694824	2.914475917816162	5.065127372741699	0.0	1.6015961170196533	0.0	3.021695852279663	0.0	0.0	0.0	4.502468585968018	0.0	0.0	0.0	0.0	0.0	0.0	0.0	1.8995088338851929	3.1499812602996826	0.0	0.0	0.0	0.0	0.0	0.0	2.0992863178253174	0.0	0.0	0.0	4.004704475402832	0.0	4.589476108551025	0.0	3.8147430419921875	0.0	1.4354031085968018	0.0	0.0	0.0
3.9058589935302734	0.0	3.579207420349121	0.0	0.0	3.347114086151123	2.5678014755249023	1.6588633060455322	0.0	0.0	2.4863498210906982	2.6765525341033936	2.6310319900512695	0.0	0.0	0.0	0.0	3.6293299198150635	2.6159615516662598	1.6263227462768555	0.0	0.0	0.0	3.8184216022491455	0.0	0.0	0.0	0.0	0.0	4.627073764801025	6.820139408111572	2.1778175830841064	0.0	0.0	0.0	0.0	0.0	0.0	0.0	5.605618476867676	0.0	3.035937786102295	0.0	0.0	8.202418327331543	0.0	4.675137519836426	3.048893451690674	2.669550657272339	1.3978075981140137	0.0	0.0	0.0	2.3384158611297607	2.7892673015594482	0.0	3.144155740737915	0.0	0.0	3.811476707458496	0.0	0.0	0.0	0.0	0.0	0.0	0.0	0.0	0.0	0.0	3.8331961631774902	3.771775007247925	0.0	0.0	0.0	0.0	0.0	0.0	1.701759696006775	0.0	0.0	2.898939609527588	2.6699087619781494	0.0	2.0113329887390137	1.8936126232147217	0.0	0.0	3.306560516357422	3.096247673034668	4.692903995513916	0.0	2.4082069396972656	0.0	2.4877185821533203	0.0	0.0	0.0	3.9736645221710205	0.0	0.0	0.0	0.0	0.0	0.0	0.0	1.3176974058151245	3.4234256744384766	0.0	0.0	0.0	0.0	0.0	0.0	2.043196201324463	0.0	0.0	0.0	4.01030969619751	0.0	4.945719242095947	0.0	3.796355962753296	0.0	1.1730962991714478	0.0	0.0	0.0
4.142296314239502	0.0	5.186609268188477	0.0	0.0	5.605969429016113	2.0791537761688232	3.4724035263061523	0.0	0.0	4.317451000213623	2.778320789337158	1.0345340967178345	0.0	0.0	0.0	0.0	6.253104209899902	2.522751569747925	1.5449146032333374	0.0	0.0	0.0	4.2086262702941895	0.0	0.0	0.0	0.0	0.0	6.066915988922119	9.982425689697266	0.7787887454032898	0.0	0.0	0.0	0.0	0.0	0.0	0.0	8.331859588623047	0.0	3.0044829845428467	0.0	0.0	10.975312232971191	0.0	6.267917156219482	4.271382808685303	0.0	4.056310653686523	0.0	0.0	0.0	2.680884599685669	2.124863386154175	0.0	1.872953176498413	0.0	0.0	4.396681785583496	0.0	0.0	0.0	0.0	0.0	0.0	0.0	0.0	0.0	0.0	3.122851610183716	5.694505214691162	0.0	0.0	0.0	0.0	0.0	0.0	2.405749797821045	0.0	0.0	2.4406027793884277	3.1529006958007812	0.0	1.758442997932434	2.5658156871795654	0.0	0.0	1.5471121072769165	1.3452526330947876	6.681690692901611	0.0	0.7006673812866211	0.0	2.9318230152130127	0.0	0.0	0.0	5.390514373779297	0.0	0.0	0.0	0.0	0.0	0.0	0.0	1.2677751779556274	1.9918254613876343	0.0	0.0	0.0	0.0	0.0	0.0	3.843129873275757	0.0	0.0	0.0	4.632315635681152	0.0	6.0364813804626465	0.0	6.522740840911865	0.0	0.6832764148712158	0.0	0.0	0.0
3.6735785007476807	0.0	3.7743148803710938	0.0	0.0	3.4312586784362793	3.383969306945801	1.304408311843872	0.0	0.0	2.785121202468872	2.4632647037506104	3.234463930130005	0.0	0.0	0.0	0.0	3.562103748321533	2.6639766693115234	2.386735677719116	0.0	0.0	0.0	3.574186086654663	0.0	0.0	0.0	0.0	0.0	4.8912434577941895	6.792374610900879	2.917792320251465	0.0	0.0	0.0	0.0	0.0	0.0	0.0	5.474861145019531	0.0	2.455416679382324	0.0	0.0	7.853600025177002	0.0	4.713432312011719	3.169846773147583	2.1321732997894287	1.749379277229309	0.0	0.0	0.0	2.4501235485076904	2.4156291484832764	0.0	3.520028591156006	0.0	0.0	3.564116954803467	0.0	0.0	0.0	0.0	0.0	0.0	0.0	0.0	0.0	0.0	3.0431694984436035	4.1371331214904785	0.0	0.0	0.0	0.0	0.0	0.0	1.5595476627349854	0.0	0.0	3.159189462661743	3.2097086906433105	0.0	2.5788378715515137	1.192051649093628	0.0	0.0	2.8303396701812744	2.566134452819824	4.839634418487549	0.0	2.857928991317749	0.0	2.6283693313598633	0.0	0.0	0.0	3.718679666519165	0.0	0.0	0.0	0.0	0.0	0.0	0.0	2.067336082458496	3.796192169189453	0.0	0.0	0.0	0.0	0.0	0.0	1.783181071281433	0.0	0.0	0.0	4.370609760284424	0.0	4.648873329162598	0.0	3.851496458053589	0.0	1.3038631677627563	0.0	0.0	0.0
4.080128192901611	0.0	3.5833261013031006	0.0	0.0	3.657158374786377	3.054811477661133	2.110015869140625	0.0	0.0	2.957008123397827	2.696495532989502	2.800751209259033	0.0	0.0	0.0	0.0	3.471662998199463	2.4423744678497314	1.8056535720825195	0.0	0.0	0.0	3.800143241882324	0.0	0.0	0.0	0.0	0.0	4.961578369140625	7.080965518951416	2.4088432788848877	0.0	0.0	0.0	0.0	0.0	0.0	0.0	5.589134693145752	0.0	2.3599445819854736	0.0	0.0	8.089081764221191	0.0	4.881068706512451	2.7993738651275635	1.8844856023788452	1.532663345336914	0.0	0.0	0.0	2.5378501415252686	2.529303550720215	0.0	3.0796284675598145	0.0	0.0	3.429232597351074	0.0	0.0	0.0	0.0	0.0	0.0	0.0	0.0	0.0	0.0	3.2621917724609375	3.8731753826141357	0.0	0.0	0.0	0.0	0.0	0.0	1.1472172737121582	0.0	0.0	2.658581495285034	2.9605138301849365	0.0	2.129216194152832	1.6030669212341309	0.0	0.0	3.071303129196167	2.5346455574035645	5.00667142868042	0.0	2.1799683570861816	0.0	2.7408111095428467	0.0	0.0	0.0	4.2249674797058105	0.0	0.0	0.0	0.0	0.0	0.0	0.0	1.905630350112915	3.3885245323181152	0.0	0.0	0.0	0.0	0.0	0.0	2.0397531986236572	0.0	0.0	0.0	3.7985715866088867	0.0	4.415634632110596	0.0	3.568741798400879	0.0	1.2710967063903809	0.0	0.0	0.0
3.588970899581909	0.0	3.7105038166046143	0.0	0.0	3.4393296241760254	3.7268733978271484	1.5572339296340942	0.0	0.0	2.823085308074951	2.443296194076538	3.292994499206543	0.0	0.0	0.0	0.0	3.546001672744751	2.8788790702819824	2.354400873184204	0.0	0.0	0.0	3.5944364070892334	0.0	0.0	0.0	0.0	0.0	5.037020206451416	6.736137390136719	3.00618314743042	0.0	0.0	0.0	0.0	0.0	0.0	0.0	5.462870121002197	0.0	2.298567771911621	0.0	0.0	7.64602518081665	0.0	4.801025867462158	3.0529918670654297	1.9396103620529175	1.5844210386276245	0.0	0.0	0.0	2.244581460952759	2.4877731800079346	0.0	3.58815336227417	0.0	0.0	3.424915075302124	0.0	0.0	0.0	0.0	0.0	0.0	0.0	0.0	0.0	0.0	3.0934298038482666	4.2203874588012695	0.0	0.0	0.0	0.0	0.0	0.0	1.350824236869812	0.0	0.0	3.1705996990203857	3.3460824489593506	0.0	2.550769090652466	1.1013116836547852	0.0	0.0	3.0142080783843994	2.764561891555786	4.7094340324401855	0.0	2.9088871479034424	0.0	2.557054281234741	0.0	0.0	0.0	3.7782905101776123	0.0	0.0	0.0	0.0	0.0	0.0	0.0	2.3868908882141113	3.9820327758789062	0.0	0.0	0.0	0.0	0.0	0.0	1.672590732574463	0.0	0.0	0.0	4.13065242767334	0.0	4.748605251312256	0.0	3.561011552810669	0.0	1.253283143043518	0.0	0.0	0.0
3.537795066833496	0.0	3.1569206714630127	0.0	0.0	2.881120204925537	3.1947360038757324	1.4738601446151733	0.0	0.0	2.5872504711151123	2.5206611156463623	3.8580031394958496	0.0	0.0	0.0	0.0	3.4688453674316406	3.0902912616729736	2.36336612701416	0.0	0.0	0.0	3.5351736545562744	0.0	0.0	0.0	0.0	0.0	4.492776393890381	6.1791157722473145	2.708401679992676	0.0	0.0	0.0	0.0	0.0	0.0	0.0	5.441011428833008	0.0	2.5694565773010254	0.0	0.0	7.4423041343688965	0.0	4.10365629196167	3.016615152359009	2.530585289001465	2.0144660472869873	0.0	0.0	0.0	1.9002255201339722	2.3212480545043945	0.0	3.324503183364868	0.0	0.0	3.050229549407959	0.0	0.0	0.0	0.0	0.0	0.0	0.0	0.0	0.0	0.0	3.196633815765381	3.815385341644287	0.0	0.0	0.0	0.0	0.0	0.0	0.7137339115142822	0.0	0.0	3.229494333267212	3.345524787902832	0.0	2.3875303268432617	0.593808650970459	0.0	0.0	2.854365825653076	2.7633581161499023	4.847107410430908	0.0	2.106774091720581	0.0	2.385688066482544	0.0	0.0	0.0	3.3893234729766846	0.0	0.0	0.0	0.0	0.0	0.0	0.0	2.2249233722686768	4.189040660858154	0.0	0.0	0.0	0.0	0.0	0.0	2.0633251667022705	0.0	0.0	0.0	4.139296531677246	0.0	4.6850481033325195	0.0	3.5119152069091797	0.0	1.6056755781173706	0.0	0.0	0.0
3.4894208908081055	0.0	3.2425007820129395	0.0	0.0	3.1369640827178955	3.6791818141937256	1.544011116027832	0.0	0.0	2.6240427494049072	2.5091593265533447	3.8832767009735107	0.0	0.0	0.0	0.0	3.417515277862549	3.1010003089904785	2.2844491004943848	0.0	0.0	0.0	3.4447147846221924	0.0	0.0	0.0	0.0	0.0	4.972823619842529	6.43180513381958	3.0431642532348633	0.0	0.0	0.0	0.0	0.0	0.0	0.0	5.649077415466309	0.0	2.639991044998169	0.0	0.0	7.439201354980469	0.0	4.419641017913818	3.2652719020843506	2.2820892333984375	2.295267105102539	0.0	0.0	0.0	2.1189303398132324	2.3243424892425537	0.0	3.4996936321258545	0.0	0.0	3.334677219390869	0.0	0.0	0.0	0.0	0.0	0.0	0.0	0.0	0.0	0.0	3.064763307571411	4.29184103012085	0.0	0.0	0.0	0.0	0.0	0.0	1.2148463726043701	0.0	0.0	3.301199197769165	3.491931438446045	0.0	2.5363526344299316	0.6039541363716125	0.0	0.0	2.9939913749694824	2.716085195541382	4.865964412689209	0.0	2.2314629554748535	0.0	2.225417375564575	0.0	0.0	0.0	3.443087100982666	0.0	0.0	0.0	0.0	0.0	0.0	0.0	2.47385835647583	4.037428855895996	0.0	0.0	0.0	0.0	0.0	0.0	2.0877792835235596	0.0	0.0	0.0	4.563850402832031	0.0	4.780019760131836	0.0	3.51338267326355	0.0	1.6368674039840698	0.0	0.0	0.0
3.439601182937622	0.0	3.536895751953125	0.0	0.0	3.286008834838867	3.4826674461364746	1.5534230470657349	0.0	0.0	2.397400379180908	2.485111951828003	3.625152826309204	0.0	0.0	0.0	0.0	3.943671464920044	3.0091845989227295	2.373145818710327	0.0	0.0	0.0	3.1386232376098633	0.0	0.0	0.0	0.0	0.0	4.738334655761719	6.193544864654541	2.9450063705444336	0.0	0.0	0.0	0.0	0.0	0.0	0.0	6.340378284454346	0.0	2.7197256088256836	0.0	0.0	7.685085773468018	0.0	4.388584136962891	3.4492554664611816	1.9537428617477417	2.3031728267669678	0.0	0.0	0.0	1.8655229806900024	2.1761209964752197	0.0	3.1686835289001465	0.0	0.0	3.5243356227874756	0.0	0.0	0.0	0.0	0.0	0.0	0.0	0.0	0.0	0.0	3.5558724403381348	4.3252177238464355	0.0	0.0	0.0	0.0	0.0	0.0	1.612646460533142	0.0	0.0	3.2890427112579346	3.6598126888275146	0.0	2.329721450805664	0.6950569748878479	0.0	0.0	2.9132673740386963	2.963423728942871	5.145124435424805	0.0	1.6370666027069092	0.0	2.461735248565674	0.0	0.0	0.0	3.592771530151367	0.0	0.0	0.0	0.0	0.0	0.0	0.0	2.9671576023101807	3.883087635040283	0.0	0.0	0.0	0.0	0.0	0.0	2.3117685317993164	0.0	0.0	0.0	4.967957019805908	0.0	5.149230003356934	0.0	3.2156147956848145	0.0	1.6601533889770508	0.0	0.0	0.0
3.7459323406219482	0.0	3.555171489715576	0.0	0.0	3.3693714141845703	3.3469276428222656	1.6915727853775024	0.0	0.0	2.7369368076324463	2.469663143157959	3.083955764770508	0.0	0.0	0.0	0.0	3.5369601249694824	2.8397138118743896	2.36004900932312	0.0	0.0	0.0	3.505572557449341	0.0	0.0	0.0	0.0	0.0	4.874436855316162	6.64810848236084	2.62158465385437	0.0	0.0	0.0	0.0	0.0	0.0	0.0	5.695191860198975	0.0	2.4651358127593994	0.0	0.0	7.751249313354492	0.0	4.522037506103516	2.9445879459381104	2.095315456390381	1.6798732280731201	0.0	0.0	0.0	2.1484100818634033	2.4712533950805664	0.0	3.2587485313415527	0.0	0.0	3.5234975814819336	0.0	0.0	0.0	0.0	0.0	0.0	0.0	0.0	0.0	0.0	2.919476270675659	4.0528950691223145	0.0	0.0	0.0	0.0	0.0	0.0	1.3955875635147095	0.0	0.0	2.9828927516937256	3.171844244003296	0.0	2.2241971492767334	1.1577144861221313	0.0	0.0	2.8288185596466064	2.545114517211914	4.699005126953125	0.0	2.416948080062866	0.0	2.409036636352539	0.0	0.0	0.0	3.707258701324463	0.0	0.0	0.0	0.0	0.0	0.0	0.0	2.367603063583374	3.726123332977295	0.0	0.0	0.0	0.0	0.0	0.0	2.0330069065093994	0.0	0.0	0.0	4.181482791900635	0.0	4.6272292137146	0.0	3.3308181762695312	0.0	1.5332615375518799	0.0	0.0	0.0
3.62880802154541	0.0	3.4555904865264893	0.0	0.0	3.3252577781677246	3.5925257205963135	1.701387643814087	0.0	0.0	2.818302869796753	2.530919075012207	3.6177234649658203	0.0	0.0	0.0	0.0	3.3909690380096436	2.9697654247283936	2.377941608428955	0.0	0.0	0.0	3.6833274364471436	0.0	0.0	0.0	0.0	0.0	4.934966087341309	6.728930473327637	2.7964975833892822	0.0	0.0	0.0	0.0	0.0	0.0	0.0	5.489193439483643	0.0	2.501880168914795	0.0	0.0	7.705649375915527	0.0	4.553086280822754	3.065608263015747	2.277803897857666	1.9726030826568604	0.0	0.0	0.0	2.2246203422546387	2.379967212677002	0.0	3.468341827392578	0.0	0.0	3.5268967151641846	0.0	0.0	0.0	0.0	0.0	0.0	0.0	0.0	0.0	0.0	2.993727684020996	4.186209201812744	0.0	0.0	0.0	0.0	0.0	0.0	1.2081866264343262	0.0	0.0	3.1918675899505615	3.327759265899658	0.0	2.5147294998168945	0.9636223316192627	0.0	0.0	2.959219217300415	2.6349895000457764	4.850399017333984	0.0	2.548663377761841	0.0	2.468533754348755	0.0	0.0	0.0	3.6014397144317627	0.0	0.0	0.0	0.0	0.0	0.0	0.0	2.2626476287841797	3.986112117767334	0.0	0.0	0.0	0.0	0.0	0.0	1.9857860803604126	0.0	0.0	0.0	4.3073554039001465	0.0	4.609707355499268	0.0	3.4976682662963867	0.0	1.6532199382781982	0.0	0.0	0.0
3.6028332710266113	0.0	3.421278238296509	0.0	0.0	3.4599153995513916	3.7259135246276855	1.5566701889038086	0.0	0.0	2.7786905765533447	2.413558006286621	3.4561140537261963	0.0	0.0	0.0	0.0	3.42655873298645	2.8865270614624023	2.8466696739196777	0.0	0.0	0.0	3.441067934036255	0.0	0.0	0.0	0.0	0.0	4.947597503662109	6.757800102233887	2.9236230850219727	0.0	0.0	0.0	0.0	0.0	0.0	0.0	5.691755771636963	0.0	2.348097324371338	0.0	0.0	7.6397199630737305	0.0	4.649000644683838	3.030416965484619	2.352494478225708	1.766810655593872	0.0	0.0	0.0	2.383831739425659	2.366703748703003	0.0	3.512202024459839	0.0	0.0	3.510017156600952	0.0	0.0	0.0	0.0	0.0	0.0	0.0	0.0	0.0	0.0	3.0423378944396973	4.334336757659912	0.0	0.0	0.0	0.0	0.0	0.0	1.448063611984253	0.0	0.0	3.201580286026001	3.355149984359741	0.0	2.3297994136810303	0.9384293556213379	0.0	0.0	2.897300958633423	2.512899398803711	4.706905841827393	0.0	2.389946937561035	0.0	2.4548826217651367	0.0	0.0	0.0	3.607823371887207	0.0	0.0	0.0	0.0	0.0	0.0	0.0	2.751566171646118	4.108537673950195	0.0	0.0	0.0	0.0	0.0	0.0	1.8001794815063477	0.0	0.0	0.0	4.310018062591553	0.0	4.3573784828186035	0.0	3.236215829849243	0.0	1.8414020538330078	0.0	0.0	0.0
4.575613498687744	0.0	4.188070297241211	0.0	0.0	3.983886241912842	2.239454984664917	2.2369823455810547	0.0	0.0	2.9153575897216797	3.162750720977783	2.15336275100708	0.0	0.0	0.0	0.0	3.706818103790283	1.9191781282424927	0.5863380432128906	0.0	0.0	0.0	3.9189343452453613	0.0	0.0	0.0	0.0	0.0	5.29589319229126	7.87241268157959	2.320671558380127	0.0	0.0	0.0	0.0	0.0	0.0	0.0	6.544729232788086	0.0	3.3387911319732666	0.0	0.0	8.812250137329102	0.0	5.533575057983398	3.2053890228271484	1.6876487731933594	2.080512046813965	0.0	0.0	0.0	2.859766721725464	2.530447006225586	0.0	2.6088027954101562	0.0	0.0	3.497664213180542	0.0	0.0	0.0	0.0	0.0	0.0	0.0	0.0	0.0	0.0	4.584506034851074	4.320680618286133	0.0	0.0	0.0	0.0	0.0	0.0	1.7336541414260864	0.0	0.0	2.7201077938079834	2.716458320617676	0.0	1.9954956769943237	1.9909427165985107	0.0	0.0	3.439929485321045	2.8671069145202637	5.987020015716553	0.0	1.4005687236785889	0.0	2.968130350112915	0.0	0.0	0.0	5.041386127471924	0.0	0.0	0.0	0.0	0.0	0.0	0.0	1.218416690826416	2.688990831375122	0.0	0.0	0.0	0.0	0.0	0.0	2.8862240314483643	0.0	0.0	0.0	4.355800151824951	0.0	4.907343864440918	0.0	5.359619617462158	0.0	0.7091792821884155	0.0	0.0	0.0
3.484053373336792	0.0	3.5626327991485596	0.0	0.0	3.081993341445923	3.523984432220459	1.3900686502456665	0.0	0.0	2.5860507488250732	2.4657955169677734	3.554973840713501	0.0	0.0	0.0	0.0	3.7823855876922607	2.8644425868988037	2.392190456390381	0.0	0.0	0.0	3.05387282371521	0.0	0.0	0.0	0.0	0.0	4.796451091766357	6.232229709625244	2.9894556999206543	0.0	0.0	0.0	0.0	0.0	0.0	0.0	6.077953338623047	0.0	2.6606085300445557	0.0	0.0	7.550046920776367	0.0	4.454678535461426	3.437351703643799	1.8087650537490845	2.1713497638702393	0.0	0.0	0.0	2.1193385124206543	2.267009973526001	0.0	3.1498730182647705	0.0	0.0	3.5011560916900635	0.0	0.0	0.0	0.0	0.0	0.0	0.0	0.0	0.0	0.0	3.494244337081909	4.3077545166015625	0.0	0.0	0.0	0.0	0.0	0.0	1.6512682437896729	0.0	0.0	3.12803316116333	3.777744770050049	0.0	2.4063608646392822	0.7593753933906555	0.0	0.0	3.064312219619751	2.8956024646759033	4.9314985275268555	0.0	1.97999107837677	0.0	2.4409677982330322	0.0	0.0	0.0	3.525804042816162	0.0	0.0	0.0	0.0	0.0	0.0	0.0	2.6763086318969727	3.905698776245117	0.0	0.0	0.0	0.0	0.0	0.0	2.294194459915161	0.0	0.0	0.0	4.741354942321777	0.0	5.141787528991699	0.0	3.440919876098633	0.0	1.6304970979690552	0.0	0.0	0.0
3.533228635787964	0.0	3.6247365474700928	0.0	0.0	3.7512094974517822	2.748911142349243	1.382115125656128	0.0	0.0	3.064789056777954	2.467278242111206	2.439413547515869	0.0	0.0	0.0	0.0	4.277290344238281	3.056704521179199	1.2965189218521118	0.0	0.0	0.0	3.894023895263672	0.0	0.0	0.0	0.0	0.0	5.170716285705566	7.513308525085449	2.4234514236450195	0.0	0.0	0.0	0.0	0.0	0.0	0.0	6.395988941192627	0.0	3.3695473670959473	0.0	0.0	8.055604934692383	0.0	5.233814716339111	3.7452917098999023	1.3444510698318481	3.4219841957092285	0.0	0.0	0.0	2.7810518741607666	2.5350310802459717	0.0	3.16512393951416	0.0	0.0	3.670018434524536	0.0	0.0	0.0	0.0	0.0	0.0	0.0	0.0	0.0	0.0	3.5440523624420166	5.098609447479248	0.0	0.0	0.0	0.0	0.0	0.0	2.3476521968841553	0.0	0.0	2.929180860519409	3.453669548034668	0.0	2.515554189682007	1.23051118850708	0.0	0.0	2.5742807388305664	2.3369340896606445	5.582557678222656	0.0	2.3013765811920166	0.0	1.967907190322876	0.0	0.0	0.0	4.4640793800354	0.0	0.0	0.0	0.0	0.0	0.0	0.0	1.1892900466918945	3.1167960166931152	0.0	0.0	0.0	0.0	0.0	0.0	3.138262987136841	0.0	0.0	0.0	4.80855131149292	0.0	5.3020806312561035	0.0	6.105324745178223	0.0	0.7653112411499023	0.0	0.0	0.0
1.9573397636413574	0.0	3.164638042449951	0.0	0.0	4.555222988128662	3.0732102394104004	1.789434552192688	0.0	0.0	2.5783677101135254	2.4466848373413086	2.2338435649871826	0.0	0.0	0.0	0.0	5.1193156242370605	3.434462308883667	1.2487398386001587	0.0	0.0	0.0	2.830287218093872	0.0	0.0	0.0	0.0	0.0	4.039602279663086	6.544999599456787	1.7736603021621704	0.0	0.0	0.0	0.0	0.0	0.0	0.0	6.623286247253418	0.0	3.6221821308135986	0.0	0.0	7.502833366394043	0.0	5.106805324554443	4.560544967651367	1.4864587783813477	3.903198719024658	0.0	0.0	0.0	2.187102794647217	1.9033102989196777	0.0	3.4950544834136963	0.0	0.0	4.8683905601501465	0.0	0.0	0.0	0.0	0.0	0.0	0.0	0.0	0.0	0.0	3.6707513332366943	4.602493762969971	0.0	0.0	0.0	0.0	0.0	0.0	3.838913917541504	0.0	0.0	2.6628024578094482	3.6007919311523438	0.0	2.221592664718628	1.1291029453277588	0.0	0.0	2.391205310821533	2.9339330196380615	4.472250461578369	0.0	0.805757462978363	0.0	1.8860900402069092	0.0	0.0	0.0	3.758838415145874	0.0	0.0	0.0	0.0	0.0	0.0	0.0	1.7404757738113403	3.3113551139831543	0.0	0.0	0.0	0.0	0.0	0.0	2.559398889541626	0.0	0.0	0.0	6.033130645751953	0.0	6.386842727661133	0.0	5.077145099639893	0.0	1.370736837387085	0.0	0.0	0.0
3.8233232498168945	0.0	3.6382250785827637	0.0	0.0	3.1026089191436768	3.860044002532959	0.47609129548072815	0.0	0.0	2.8316845893859863	2.2720072269439697	3.708437442779541	0.0	0.0	0.0	0.0	3.943934917449951	3.330066204071045	4.1370978355407715	0.0	0.0	0.0	4.0673136711120605	0.0	0.0	0.0	0.0	0.0	4.606398105621338	7.09774923324585	2.819007158279419	0.0	0.0	0.0	0.0	0.0	0.0	0.0	5.2397074699401855	0.0	2.1168313026428223	0.0	0.0	8.352743148803711	0.0	4.617454528808594	2.901944398880005	3.024125814437866	1.6233969926834106	0.0	0.0	0.0	3.004554033279419	2.7910709381103516	0.0	3.9536004066467285	0.0	0.0	3.341618061065674	0.0	0.0	0.0	0.0	0.0	0.0	0.0	0.0	0.0	0.0	2.886422872543335	4.116926193237305	0.0	0.0	0.0	0.0	0.0	0.0	0.6869189739227295	0.0	0.0	3.4066781997680664	3.7929189205169678	0.0	2.9699978828430176	0.8660253286361694	0.0	0.0	2.168673276901245	2.736194133758545	5.041235446929932	0.0	3.7699344158172607	0.0	2.785580635070801	0.0	0.0	0.0	3.675499200820923	0.0	0.0	0.0	0.0	0.0	0.0	0.0	2.745176076889038	5.300790309906006	0.0	0.0	0.0	0.0	0.0	0.0	1.6215158700942993	0.0	0.0	0.0	3.784517765045166	0.0	4.601806640625	0.0	3.168175458908081	0.0	2.1167373657226562	0.0	0.0	0.0
3.5721237659454346	0.0	3.508768320083618	0.0	0.0	3.3477566242218018	3.6379027366638184	1.584145188331604	0.0	0.0	2.791708469390869	2.475853681564331	3.3318288326263428	0.0	0.0	0.0	0.0	3.5053200721740723	2.9789953231811523	2.297023296356201	0.0	0.0	0.0	3.623560905456543	0.0	0.0	0.0	0.0	0.0	4.963641166687012	6.654816627502441	2.921154022216797	0.0	0.0	0.0	0.0	0.0	0.0	0.0	5.493183135986328	0.0	2.514352560043335	0.0	0.0	7.643424034118652	0.0	4.646214962005615	3.0051515102386475	2.17647385597229	1.8652106523513794	0.0	0.0	0.0	2.4306437969207764	2.3001201152801514	0.0	3.6813857555389404	0.0	0.0	3.466439723968506	0.0	0.0	0.0	0.0	0.0	0.0	0.0	0.0	0.0	0.0	2.9931302070617676	4.289245128631592	0.0	0.0	0.0	0.0	0.0	0.0	1.4216822385787964	0.0	0.0	3.24906063079834	3.32564377784729	0.0	2.689649820327759	1.066723108291626	0.0	0.0	2.9520046710968018	2.6390645503997803	4.829456806182861	0.0	2.88321590423584	0.0	2.5522499084472656	0.0	0.0	0.0	3.5660810470581055	0.0	0.0	0.0	0.0	0.0	0.0	0.0	2.168994188308716	3.9957942962646484	0.0	0.0	0.0	0.0	0.0	0.0	1.738077998161316	0.0	0.0	0.0	4.35713529586792	0.0	4.627697944641113	0.0	3.756448745727539	0.0	1.260178565979004	0.0	0.0	0.0
3.573563575744629	0.0	3.6000072956085205	0.0	0.0	3.473947286605835	3.345264434814453	1.6570963859558105	0.0	0.0	2.9025990962982178	2.261521339416504	3.2838551998138428	0.0	0.0	0.0	0.0	3.6989495754241943	2.715956449508667	2.559464693069458	0.0	0.0	0.0	3.7970480918884277	0.0	0.0	0.0	0.0	0.0	4.860400676727295	6.782202243804932	2.7145891189575195	0.0	0.0	0.0	0.0	0.0	0.0	0.0	5.633687496185303	0.0	2.3942742347717285	0.0	0.0	8.094970703125	0.0	4.4840312004089355	2.76383113861084	2.3951022624969482	1.6861305236816406	0.0	0.0	0.0	2.157881021499634	2.1022727489471436	0.0	3.4778313636779785	0.0	0.0	3.506242036819458	0.0	0.0	0.0	0.0	0.0	0.0	0.0	0.0	0.0	0.0	2.968980312347412	4.1683783531188965	0.0	0.0	0.0	0.0	0.0	0.0	1.497090458869934	0.0	0.0	3.1810965538024902	3.355412244796753	0.0	2.4454526901245117	1.0390877723693848	0.0	0.0	2.6634912490844727	2.711580514907837	5.099286079406738	0.0	3.0590531826019287	0.0	2.553924560546875	0.0	0.0	0.0	3.6389780044555664	0.0	0.0	0.0	0.0	0.0	0.0	0.0	2.2086105346679688	3.881669282913208	0.0	0.0	0.0	0.0	0.0	0.0	1.7203224897384644	0.0	0.0	0.0	4.350759983062744	0.0	4.395229339599609	0.0	3.438817024230957	0.0	1.2315642833709717	0.0	0.0	0.0
3.603611707687378	0.0	3.460273265838623	0.0	0.0	3.3437020778656006	3.629781723022461	1.6979427337646484	0.0	0.0	2.7624964714050293	2.526203155517578	3.494539976119995	0.0	0.0	0.0	0.0	3.454559803009033	3.073986530303955	2.249480962753296	0.0	0.0	0.0	3.4661333560943604	0.0	0.0	0.0	0.0	0.0	4.986499786376953	6.723853588104248	2.892984390258789	0.0	0.0	0.0	0.0	0.0	0.0	0.0	5.679526329040527	0.0	2.7224478721618652	0.0	0.0	7.582282066345215	0.0	4.723220348358154	3.319230079650879	2.074331760406494	2.013274908065796	0.0	0.0	0.0	2.25985050201416	2.5544846057891846	0.0	3.4047439098358154	0.0	0.0	3.517609119415283	0.0	0.0	0.0	0.0	0.0	0.0	0.0	0.0	0.0	0.0	3.300924062728882	4.333098888397217	0.0	0.0	0.0	0.0	0.0	0.0	1.2909660339355469	0.0	0.0	3.182407855987549	3.323646068572998	0.0	2.36592960357666	0.9612454771995544	0.0	0.0	3.103928804397583	2.7388417720794678	4.74411678314209	0.0	2.3478782176971436	0.0	2.3535287380218506	0.0	0.0	0.0	3.643726348876953	0.0	0.0	0.0	0.0	0.0	0.0	0.0	2.292555809020996	3.9000730514526367	0.0	0.0	0.0	0.0	0.0	0.0	2.0359983444213867	0.0	0.0	0.0	4.294256687164307	0.0	4.938660144805908	0.0	3.6457948684692383	0.0	1.6311688423156738	0.0	0.0	0.0
