0.0	0.0	0.0	3.3121161460876465	0.0	0.0	0.0	6.768067359924316	0.0	0.0	0.0	0.0	0.0	3.9746224880218506	0.0	0.0	0.0	0.0	0.0	5.138800621032715	0.0	0.0	0.0	0.0	0.0	0.0	0.0	0.0	0.0	0.0	0.0	0.0	0.0	5.516967296600342	0.0	0.0	0.0	0.0	0.0	5.322108268737793	0.0	0.0	5.595962047576904	0.0	0.0	0.0	6.051315784454346	0.0	6.528426647186279	0.0	0.0	0.0	0.0	0.0	0.0	0.0	0.0	0.0	0.0	0.0	0.0	0.0	4.685640811920166	0.0
0.0	0.0	0.0	3.3126049041748047	0.0	0.0	0.0	6.761711597442627	0.0	0.0	0.0	0.0	0.0	3.9741599559783936	0.0	0.0	0.0	0.0	0.0	5.133609294891357	0.0	0.0	0.0	0.0	0.0	0.0	0.0	0.0	0.0	0.0	0.0	0.0	0.0	5.508183002471924	0.0	0.0	0.0	0.0	0.0	5.316547393798828	0.0	0.0	5.59340763092041	0.0	0.0	0.0	6.0473833084106445	0.0	6.51938533782959	0.0	0.0	0.0	0.0	0.0	0.0	0.0	0.0	0.0	0.0	0.0	0.0	0.0	4.676433563232422	0.0
0.0	0.0	0.0	3.3128371238708496	0.0	0.0	0.0	6.7592854499816895	0.0	0.0	0.0	0.0	0.0	3.972383975982666	0.0	0.0	0.0	0.0	0.0	5.13411808013916	0.0	0.0	0.0	0.0	0.0	0.0	0.0	0.0	0.0	0.0	0.0	0.0	0.0	5.511261463165283	0.0	0.0	0.0	0.0	0.0	5.316256046295166	0.0	0.0	5.594913005828857	0.0	0.0	0.0	6.043256759643555	0.0	6.524031162261963	0.0	0.0	0.0	0.0	0.0	0.0	0.0	0.0	0.0	0.0	0.0	0.0	0.0	4.680760383605957	0.0
0.0	0.0	0.0	3.306734800338745	0.0	0.0	0.0	6.741081714630127	0.0	0.0	0.0	0.0	0.0	3.96284818649292	0.0	0.0	0.0	0.0	0.0	5.120271682739258	0.0	0.0	0.0	0.0	0.0	0.0	0.0	0.0	0.0	0.0	0.0	0.0	0.0	5.495016574859619	0.0	0.0	0.0	0.0	0.0	5.301497459411621	0.0	0.0	5.578032493591309	0.0	0.0	0.0	6.024867534637451	0.0	6.50087308883667	0.0	0.0	0.0	0.0	0.0	0.0	0.0	0.0	0.0	0.0	0.0	0.0	0.0	4.663332939147949	0.0
0.0	0.0	0.0	3.2933809757232666	0.0	0.0	0.0	6.721785068511963	0.0	0.0	0.0	0.0	0.0	3.9530913829803467	0.0	0.0	0.0	0.0	0.0	5.108022689819336	0.0	0.0	0.0	0.0	0.0	0.0	0.0	0.0	0.0	0.0	0.0	0.0	0.0	5.4829888343811035	0.0	0.0	0.0	0.0	0.0	5.287436008453369	0.0	0.0	5.569554805755615	0.0	0.0	0.0	6.0152997970581055	0.0	6.491509437561035	0.0	0.0	0.0	0.0	0.0	0.0	0.0	0.0	0.0	0.0	0.0	0.0	0.0	4.655118942260742	0.0
0.0	0.0	0.0	3.3108139038085938	0.0	0.0	0.0	6.767258644104004	0.0	0.0	0.0	0.0	0.0	3.9714930057525635	0.0	0.0	0.0	0.0	0.0	5.131846904754639	0.0	0.0	0.0	0.0	0.0	0.0	0.0	0.0	0.0	0.0	0.0	0.0	0.0	5.510666370391846	0.0	0.0	0.0	0.0	0.0	5.318981647491455	0.0	0.0	5.5992817878723145	0.0	0.0	0.0	6.050168037414551	0.0	6.515103340148926	0.0	0.0	0.0	0.0	0.0	0.0	0.0	0.0	0.0	0.0	0.0	0.0	0.0	4.686244010925293	0.0
0.0	0.0	0.0	3.2980926036834717	0.0	0.0	0.0	6.744520664215088	0.0	0.0	0.0	0.0	0.0	3.958709716796875	0.0	0.0	0.0	0.0	0.0	5.112532615661621	0.0	0.0	0.0	0.0	0.0	0.0	0.0	0.0	0.0	0.0	0.0	0.0	0.0	5.492515563964844	0.0	0.0	0.0	0.0	0.0	5.304222583770752	0.0	0.0	5.579726696014404	0.0	0.0	0.0	6.026403903961182	0.0	6.501840114593506	0.0	0.0	0.0	0.0	0.0	0.0	0.0	0.0	0.0	0.0	0.0	0.0	0.0	4.667924880981445	0.0
0.0	0.0	0.0	3.3085389137268066	0.0	0.0	0.0	6.766984462738037	0.0	0.0	0.0	0.0	0.0	3.9710593223571777	0.0	0.0	0.0	0.0	0.0	5.1338067054748535	0.0	0.0	0.0	0.0	0.0	0.0	0.0	0.0	0.0	0.0	0.0	0.0	0.0	5.5107951164245605	0.0	0.0	0.0	0.0	0.0	5.316901683807373	0.0	0.0	5.595612525939941	0.0	0.0	0.0	6.0471343994140625	0.0	6.51522970199585	0.0	0.0	0.0	0.0	0.0	0.0	0.0	0.0	0.0	0.0	0.0	0.0	0.0	4.6859588623046875	0.0
0.0	0.0	0.0	3.31485915184021	0.0	0.0	0.0	6.777424335479736	0.0	0.0	0.0	0.0	0.0	3.9780452251434326	0.0	0.0	0.0	0.0	0.0	5.147416591644287	0.0	0.0	0.0	0.0	0.0	0.0	0.0	0.0	0.0	0.0	0.0	0.0	0.0	5.522855758666992	0.0	0.0	0.0	0.0	0.0	5.329283714294434	0.0	0.0	5.607393741607666	0.0	0.0	0.0	6.061313629150391	0.0	6.538533687591553	0.0	0.0	0.0	0.0	0.0	0.0	0.0	0.0	0.0	0.0	0.0	0.0	0.0	4.691145896911621	0.0
0.0	0.0	0.0	3.317694664001465	0.0	0.0	0.0	6.775563716888428	0.0	0.0	0.0	0.0	0.0	3.9786477088928223	0.0	0.0	0.0	0.0	0.0	5.146627426147461	0.0	0.0	0.0	0.0	0.0	0.0	0.0	0.0	0.0	0.0	0.0	0.0	0.0	5.5236287117004395	0.0	0.0	0.0	0.0	0.0	5.328376770019531	0.0	0.0	5.6071696281433105	0.0	0.0	0.0	6.058892726898193	0.0	6.536807060241699	0.0	0.0	0.0	0.0	0.0	0.0	0.0	0.0	0.0	0.0	0.0	0.0	0.0	4.691800594329834	0.0
0.0	0.0	0.0	3.2951626777648926	0.0	0.0	0.0	6.721251964569092	0.0	0.0	0.0	0.0	0.0	3.9495537281036377	0.0	0.0	0.0	0.0	0.0	5.104942798614502	0.0	0.0	0.0	0.0	0.0	0.0	0.0	0.0	0.0	0.0	0.0	0.0	0.0	5.480113983154297	0.0	0.0	0.0	0.0	0.0	5.28605842590332	0.0	0.0	5.563930988311768	0.0	0.0	0.0	6.012991905212402	0.0	6.481478214263916	0.0	0.0	0.0	0.0	0.0	0.0	0.0	0.0	0.0	0.0	0.0	0.0	0.0	4.6591010093688965	0.0
0.0	0.0	0.0	3.313894510269165	0.0	0.0	0.0	6.760730743408203	0.0	0.0	0.0	0.0	0.0	3.9711949825286865	0.0	0.0	0.0	0.0	0.0	5.136209011077881	0.0	0.0	0.0	0.0	0.0	0.0	0.0	0.0	0.0	0.0	0.0	0.0	0.0	5.512389659881592	0.0	0.0	0.0	0.0	0.0	5.317424297332764	0.0	0.0	5.597427845001221	0.0	0.0	0.0	6.050090789794922	0.0	6.526486396789551	0.0	0.0	0.0	0.0	0.0	0.0	0.0	0.0	0.0	0.0	0.0	0.0	0.0	4.681331634521484	0.0
0.0	0.0	0.0	3.3139960765838623	0.0	0.0	0.0	6.76922607421875	0.0	0.0	0.0	0.0	0.0	3.9743926525115967	0.0	0.0	0.0	0.0	0.0	5.14210844039917	0.0	0.0	0.0	0.0	0.0	0.0	0.0	0.0	0.0	0.0	0.0	0.0	0.0	5.518615245819092	0.0	0.0	0.0	0.0	0.0	5.3237528800964355	0.0	0.0	5.6008806228637695	0.0	0.0	0.0	6.054310321807861	0.0	6.5326385498046875	0.0	0.0	0.0	0.0	0.0	0.0	0.0	0.0	0.0	0.0	0.0	0.0	0.0	4.6876349449157715	0.0
0.0	0.0	0.0	3.314840316772461	0.0	0.0	0.0	6.753915309906006	0.0	0.0	0.0	0.0	0.0	3.9712162017822266	0.0	0.0	0.0	0.0	0.0	5.136192321777344	0.0	0.0	0.0	0.0	0.0	0.0	0.0	0.0	0.0	0.0	0.0	0.0	0.0	5.510769367218018	0.0	0.0	0.0	0.0	0.0	5.315255165100098	0.0	0.0	5.594022274017334	0.0	0.0	0.0	6.039283752441406	0.0	6.517489910125732	0.0	0.0	0.0	0.0	0.0	0.0	0.0	0.0	0.0	0.0	0.0	0.0	0.0	4.676397800445557	0.0
0.0	0.0	0.0	3.306779384613037	0.0	0.0	0.0	6.759008884429932	0.0	0.0	0.0	0.0	0.0	3.970270872116089	0.0	0.0	0.0	0.0	0.0	5.1307373046875	0.0	0.0	0.0	0.0	0.0	0.0	0.0	0.0	0.0	0.0	0.0	0.0	0.0	5.5082197189331055	0.0	0.0	0.0	0.0	0.0	5.312704086303711	0.0	0.0	5.593691349029541	0.0	0.0	0.0	6.044310092926025	0.0	6.519371032714844	0.0	0.0	0.0	0.0	0.0	0.0	0.0	0.0	0.0	0.0	0.0	0.0	0.0	4.680361747741699	0.0
0.0	0.0	0.0	3.299555778503418	0.0	0.0	0.0	6.725193023681641	0.0	0.0	0.0	0.0	0.0	3.9540932178497314	0.0	0.0	0.0	0.0	0.0	5.112417697906494	0.0	0.0	0.0	0.0	0.0	0.0	0.0	0.0	0.0	0.0	0.0	0.0	0.0	5.489384651184082	0.0	0.0	0.0	0.0	0.0	5.2946367263793945	0.0	0.0	5.570562839508057	0.0	0.0	0.0	6.0177321434021	0.0	6.494593143463135	0.0	0.0	0.0	0.0	0.0	0.0	0.0	0.0	0.0	0.0	0.0	0.0	0.0	4.660097122192383	0.0
0.0	0.0	0.0	3.316818952560425	0.0	0.0	0.0	6.775860786437988	0.0	0.0	0.0	0.0	0.0	3.9783146381378174	0.0	0.0	0.0	0.0	0.0	5.145013809204102	0.0	0.0	0.0	0.0	0.0	0.0	0.0	0.0	0.0	0.0	0.0	0.0	0.0	5.522284984588623	0.0	0.0	0.0	0.0	0.0	5.325840473175049	0.0	0.0	5.606101989746094	0.0	0.0	0.0	6.056829929351807	0.0	6.5345282554626465	0.0	0.0	0.0	0.0	0.0	0.0	0.0	0.0	0.0	0.0	0.0	0.0	0.0	4.689270973205566	0.0
0.0	0.0	0.0	3.298929452896118	0.0	0.0	0.0	6.7353973388671875	0.0	0.0	0.0	0.0	0.0	3.9570813179016113	0.0	0.0	0.0	0.0	0.0	5.1134467124938965	0.0	0.0	0.0	0.0	0.0	0.0	0.0	0.0	0.0	0.0	0.0	0.0	0.0	5.488370895385742	0.0	0.0	0.0	0.0	0.0	5.293937683105469	0.0	0.0	5.573263645172119	0.0	0.0	0.0	6.022129058837891	0.0	6.49272346496582	0.0	0.0	0.0	0.0	0.0	0.0	0.0	0.0	0.0	0.0	0.0	0.0	0.0	4.659846305847168	0.0
0.0	0.0	0.0	3.307154893875122	0.0	0.0	0.0	6.753117084503174	0.0	0.0	0.0	0.0	0.0	3.968353509902954	0.0	0.0	0.0	0.0	0.0	5.13092041015625	0.0	0.0	0.0	0.0	0.0	0.0	0.0	0.0	0.0	0.0	0.0	0.0	0.0	5.5058417320251465	0.0	0.0	0.0	0.0	0.0	5.3121657371521	0.0	0.0	5.590596675872803	0.0	0.0	0.0	6.039106845855713	0.0	6.518214702606201	0.0	0.0	0.0	0.0	0.0	0.0	0.0	0.0	0.0	0.0	0.0	0.0	0.0	4.675373077392578	0.0
0.0	0.0	0.0	3.3010101318359375	0.0	0.0	0.0	6.733076572418213	0.0	0.0	0.0	0.0	0.0	3.9595532417297363	0.0	0.0	0.0	0.0	0.0	5.1177287101745605	0.0	0.0	0.0	0.0	0.0	0.0	0.0	0.0	0.0	0.0	0.0	0.0	0.0	5.491805076599121	0.0	0.0	0.0	0.0	0.0	5.296135425567627	0.0	0.0	5.572854518890381	0.0	0.0	0.0	6.020671844482422	0.0	6.495333194732666	0.0	0.0	0.0	0.0	0.0	0.0	0.0	0.0	0.0	0.0	0.0	0.0	0.0	4.662521839141846	0.0
0.0	0.0	0.0	3.3170995712280273	0.0	0.0	0.0	6.767776012420654	0.0	0.0	0.0	0.0	0.0	3.9774866104125977	0.0	0.0	0.0	0.0	0.0	5.139197826385498	0.0	0.0	0.0	0.0	0.0	0.0	0.0	0.0	0.0	0.0	0.0	0.0	0.0	5.514647483825684	0.0	0.0	0.0	0.0	0.0	5.323023319244385	0.0	0.0	5.600254535675049	0.0	0.0	0.0	6.052868843078613	0.0	6.527652263641357	0.0	0.0	0.0	0.0	0.0	0.0	0.0	0.0	0.0	0.0	0.0	0.0	0.0	4.685642242431641	0.0
0.0	0.0	0.0	3.2961504459381104	0.0	0.0	0.0	6.731012344360352	0.0	0.0	0.0	0.0	0.0	3.9513797760009766	0.0	0.0	0.0	0.0	0.0	5.098158836364746	0.0	0.0	0.0	0.0	0.0	0.0	0.0	0.0	0.0	0.0	0.0	0.0	0.0	5.468128681182861	0.0	0.0	0.0	0.0	0.0	5.281555652618408	0.0	0.0	5.563943386077881	0.0	0.0	0.0	6.008535385131836	0.0	6.469140529632568	0.0	0.0	0.0	0.0	0.0	0.0	0.0	0.0	0.0	0.0	0.0	0.0	0.0	4.650424957275391	0.0
0.0	0.0	0.0	3.314598321914673	0.0	0.0	0.0	6.769493579864502	0.0	0.0	0.0	0.0	0.0	3.9747519493103027	0.0	0.0	0.0	0.0	0.0	5.138552665710449	0.0	0.0	0.0	0.0	0.0	0.0	0.0	0.0	0.0	0.0	0.0	0.0	0.0	5.520153045654297	0.0	0.0	0.0	0.0	0.0	5.321572303771973	0.0	0.0	5.6028056144714355	0.0	0.0	0.0	6.055726528167725	0.0	6.530287742614746	0.0	0.0	0.0	0.0	0.0	0.0	0.0	0.0	0.0	0.0	0.0	0.0	0.0	4.686506748199463	0.0
0.0	0.0	0.0	3.308370590209961	0.0	0.0	0.0	6.751047611236572	0.0	0.0	0.0	0.0	0.0	3.96641206741333	0.0	0.0	0.0	0.0	0.0	5.129615306854248	0.0	0.0	0.0	0.0	0.0	0.0	0.0	0.0	0.0	0.0	0.0	0.0	0.0	5.505685806274414	0.0	0.0	0.0	0.0	0.0	5.311546802520752	0.0	0.0	5.586500644683838	0.0	0.0	0.0	6.038407325744629	0.0	6.517239570617676	0.0	0.0	0.0	0.0	0.0	0.0	0.0	0.0	0.0	0.0	0.0	0.0	0.0	4.6756205558776855	0.0
0.0	0.0	0.0	3.3127365112304688	0.0	0.0	0.0	6.786158084869385	0.0	0.0	0.0	0.0	0.0	3.9815657138824463	0.0	0.0	0.0	0.0	0.0	5.1410651206970215	0.0	0.0	0.0	0.0	0.0	0.0	0.0	0.0	0.0	0.0	0.0	0.0	0.0	5.525603771209717	0.0	0.0	0.0	0.0	0.0	5.327051639556885	0.0	0.0	5.603764057159424	0.0	0.0	0.0	6.063052654266357	0.0	6.540142059326172	0.0	0.0	0.0	0.0	0.0	0.0	0.0	0.0	0.0	0.0	0.0	0.0	0.0	4.688614368438721	0.0
0.0	0.0	0.0	3.315214157104492	0.0	0.0	0.0	6.758583068847656	0.0	0.0	0.0	0.0	0.0	3.9713714122772217	0.0	0.0	0.0	0.0	0.0	5.132402420043945	0.0	0.0	0.0	0.0	0.0	0.0	0.0	0.0	0.0	0.0	0.0	0.0	0.0	5.504916667938232	0.0	0.0	0.0	0.0	0.0	5.311813831329346	0.0	0.0	5.591402530670166	0.0	0.0	0.0	6.042423725128174	0.0	6.517599105834961	0.0	0.0	0.0	0.0	0.0	0.0	0.0	0.0	0.0	0.0	0.0	0.0	0.0	4.678349494934082	0.0
0.0	0.0	0.0	3.3125064373016357	0.0	0.0	0.0	6.7806782722473145	0.0	0.0	0.0	0.0	0.0	3.9795594215393066	0.0	0.0	0.0	0.0	0.0	5.146725654602051	0.0	0.0	0.0	0.0	0.0	0.0	0.0	0.0	0.0	0.0	0.0	0.0	0.0	5.521938323974609	0.0	0.0	0.0	0.0	0.0	5.330275535583496	0.0	0.0	5.608604907989502	0.0	0.0	0.0	6.066142559051514	0.0	6.540102005004883	0.0	0.0	0.0	0.0	0.0	0.0	0.0	0.0	0.0	0.0	0.0	0.0	0.0	4.694080352783203	0.0
0.0	0.0	0.0	3.2948577404022217	0.0	0.0	0.0	6.74122428894043	0.0	0.0	0.0	0.0	0.0	3.9532454013824463	0.0	0.0	0.0	0.0	0.0	5.10243558883667	0.0	0.0	0.0	0.0	0.0	0.0	0.0	0.0	0.0	0.0	0.0	0.0	0.0	5.4702911376953125	0.0	0.0	0.0	0.0	0.0	5.2856669425964355	0.0	0.0	5.569571018218994	0.0	0.0	0.0	6.0235981941223145	0.0	6.47913932800293	0.0	0.0	0.0	0.0	0.0	0.0	0.0	0.0	0.0	0.0	0.0	0.0	0.0	4.658546447753906	0.0
0.0	0.0	0.0	3.3076910972595215	0.0	0.0	0.0	6.755123138427734	0.0	0.0	0.0	0.0	0.0	3.9680707454681396	0.0	0.0	0.0	0.0	0.0	5.132411479949951	0.0	0.0	0.0	0.0	0.0	0.0	0.0	0.0	0.0	0.0	0.0	0.0	0.0	5.508709907531738	0.0	0.0	0.0	0.0	0.0	5.312456130981445	0.0	0.0	5.591360092163086	0.0	0.0	0.0	6.0442118644714355	0.0	6.5208868980407715	0.0	0.0	0.0	0.0	0.0	0.0	0.0	0.0	0.0	0.0	0.0	0.0	0.0	4.678802013397217	0.0
0.0	0.0	0.0	3.3099639415740967	0.0	0.0	0.0	6.760915279388428	0.0	0.0	0.0	0.0	0.0	3.9706830978393555	0.0	0.0	0.0	0.0	0.0	5.136292934417725	0.0	0.0	0.0	0.0	0.0	0.0	0.0	0.0	0.0	0.0	0.0	0.0	0.0	5.512959957122803	0.0	0.0	0.0	0.0	0.0	5.316676616668701	0.0	0.0	5.5937886238098145	0.0	0.0	0.0	6.047646999359131	0.0	6.5231547355651855	0.0	0.0	0.0	0.0	0.0	0.0	0.0	0.0	0.0	0.0	0.0	0.0	0.0	4.679003715515137	0.0
0.0	0.0	0.0	3.324868679046631	0.0	0.0	0.0	6.780184268951416	0.0	0.0	0.0	0.0	0.0	3.9792377948760986	0.0	0.0	0.0	0.0	0.0	5.149813652038574	0.0	0.0	0.0	0.0	0.0	0.0	0.0	0.0	0.0	0.0	0.0	0.0	0.0	5.529138088226318	0.0	0.0	0.0	0.0	0.0	5.333268165588379	0.0	0.0	5.613258361816406	0.0	0.0	0.0	6.061557292938232	0.0	6.539889335632324	0.0	0.0	0.0	0.0	0.0	0.0	0.0	0.0	0.0	0.0	0.0	0.0	0.0	4.696367263793945	0.0
0.0	0.0	0.0	3.31231689453125	0.0	0.0	0.0	6.761983871459961	0.0	0.0	0.0	0.0	0.0	3.9730539321899414	0.0	0.0	0.0	0.0	0.0	5.1339640617370605	0.0	0.0	0.0	0.0	0.0	0.0	0.0	0.0	0.0	0.0	0.0	0.0	0.0	5.507787704467773	0.0	0.0	0.0	0.0	0.0	5.3143510818481445	0.0	0.0	5.591724872589111	0.0	0.0	0.0	6.041210651397705	0.0	6.5191216468811035	0.0	0.0	0.0	0.0	0.0	0.0	0.0	0.0	0.0	0.0	0.0	0.0	0.0	4.677120685577393	0.0
0.0	0.0	0.0	3.316087007522583	0.0	0.0	0.0	6.771806716918945	0.0	0.0	0.0	0.0	0.0	3.977165699005127	0.0	0.0	0.0	0.0	0.0	5.143833637237549	0.0	0.0	0.0	0.0	0.0	0.0	0.0	0.0	0.0	0.0	0.0	0.0	0.0	5.520346641540527	0.0	0.0	0.0	0.0	0.0	5.325690269470215	0.0	0.0	5.602303504943848	0.0	0.0	0.0	6.055239200592041	0.0	6.5331525802612305	0.0	0.0	0.0	0.0	0.0	0.0	0.0	0.0	0.0	0.0	0.0	0.0	0.0	4.688704013824463	0.0
0.0	0.0	0.0	3.3161680698394775	0.0	0.0	0.0	6.761607646942139	0.0	0.0	0.0	0.0	0.0	3.971980333328247	0.0	0.0	0.0	0.0	0.0	5.13703727722168	0.0	0.0	0.0	0.0	0.0	0.0	0.0	0.0	0.0	0.0	0.0	0.0	0.0	5.512885570526123	0.0	0.0	0.0	0.0	0.0	5.317775726318359	0.0	0.0	5.595716953277588	0.0	0.0	0.0	6.0459818840026855	0.0	6.524107933044434	0.0	0.0	0.0	0.0	0.0	0.0	0.0	0.0	0.0	0.0	0.0	0.0	0.0	4.682612419128418	0.0
0.0	0.0	0.0	3.293611764907837	0.0	0.0	0.0	6.705045700073242	0.0	0.0	0.0	0.0	0.0	3.946176290512085	0.0	0.0	0.0	0.0	0.0	5.096823215484619	0.0	0.0	0.0	0.0	0.0	0.0	0.0	0.0	0.0	0.0	0.0	0.0	0.0	5.467750549316406	0.0	0.0	0.0	0.0	0.0	5.278234004974365	0.0	0.0	5.555451393127441	0.0	0.0	0.0	5.9962382316589355	0.0	6.46676778793335	0.0	0.0	0.0	0.0	0.0	0.0	0.0	0.0	0.0	0.0	0.0	0.0	0.0	4.6458587646484375	0.0
0.0	0.0	0.0	3.309504747390747	0.0	0.0	0.0	6.763177394866943	0.0	0.0	0.0	0.0	0.0	3.9715828895568848	0.0	0.0	0.0	0.0	0.0	5.136531829833984	0.0	0.0	0.0	0.0	0.0	0.0	0.0	0.0	0.0	0.0	0.0	0.0	0.0	5.513376235961914	0.0	0.0	0.0	0.0	0.0	5.319320201873779	0.0	0.0	5.595473289489746	0.0	0.0	0.0	6.047581672668457	0.0	6.527778625488281	0.0	0.0	0.0	0.0	0.0	0.0	0.0	0.0	0.0	0.0	0.0	0.0	0.0	4.681576728820801	0.0
0.0	0.0	0.0	3.3067305088043213	0.0	0.0	0.0	6.738915920257568	0.0	0.0	0.0	0.0	0.0	3.961092710494995	0.0	0.0	0.0	0.0	0.0	5.118467807769775	0.0	0.0	0.0	0.0	0.0	0.0	0.0	0.0	0.0	0.0	0.0	0.0	0.0	5.4941277503967285	0.0	0.0	0.0	0.0	0.0	5.299305438995361	0.0	0.0	5.578760623931885	0.0	0.0	0.0	6.024209976196289	0.0	6.497459411621094	0.0	0.0	0.0	0.0	0.0	0.0	0.0	0.0	0.0	0.0	0.0	0.0	0.0	4.663461208343506	0.0
0.0	0.0	0.0	3.3197081089019775	0.0	0.0	0.0	6.77781867980957	0.0	0.0	0.0	0.0	0.0	3.981724500656128	0.0	0.0	0.0	0.0	0.0	5.1485724449157715	0.0	0.0	0.0	0.0	0.0	0.0	0.0	0.0	0.0	0.0	0.0	0.0	0.0	5.52166748046875	0.0	0.0	0.0	0.0	0.0	5.328297138214111	0.0	0.0	5.6061015129089355	0.0	0.0	0.0	6.062581539154053	0.0	6.538416385650635	0.0	0.0	0.0	0.0	0.0	0.0	0.0	0.0	0.0	0.0	0.0	0.0	0.0	4.688846588134766	0.0
0.0	0.0	0.0	3.3210031986236572	0.0	0.0	0.0	6.780462741851807	0.0	0.0	0.0	0.0	0.0	3.979459285736084	0.0	0.0	0.0	0.0	0.0	5.1444292068481445	0.0	0.0	0.0	0.0	0.0	0.0	0.0	0.0	0.0	0.0	0.0	0.0	0.0	5.524919033050537	0.0	0.0	0.0	0.0	0.0	5.33620548248291	0.0	0.0	5.610365390777588	0.0	0.0	0.0	6.062620639801025	0.0	6.539792537689209	0.0	0.0	0.0	0.0	0.0	0.0	0.0	0.0	0.0	0.0	0.0	0.0	0.0	4.697962284088135	0.0
0.0	0.0	0.0	3.3167033195495605	0.0	0.0	0.0	6.77793550491333	0.0	0.0	0.0	0.0	0.0	3.9795093536376953	0.0	0.0	0.0	0.0	0.0	5.143726348876953	0.0	0.0	0.0	0.0	0.0	0.0	0.0	0.0	0.0	0.0	0.0	0.0	0.0	5.52010440826416	0.0	0.0	0.0	0.0	0.0	5.32753849029541	0.0	0.0	5.607905864715576	0.0	0.0	0.0	6.058596611022949	0.0	6.536082744598389	0.0	0.0	0.0	0.0	0.0	0.0	0.0	0.0	0.0	0.0	0.0	0.0	0.0	4.687360763549805	0.0
0.0	0.0	0.0	3.319565773010254	0.0	0.0	0.0	6.781682968139648	0.0	0.0	0.0	0.0	0.0	3.9804868698120117	0.0	0.0	0.0	0.0	0.0	5.1450581550598145	0.0	0.0	0.0	0.0	0.0	0.0	0.0	0.0	0.0	0.0	0.0	0.0	0.0	5.52333402633667	0.0	0.0	0.0	0.0	0.0	5.331857681274414	0.0	0.0	5.610196113586426	0.0	0.0	0.0	6.059062957763672	0.0	6.531896114349365	0.0	0.0	0.0	0.0	0.0	0.0	0.0	0.0	0.0	0.0	0.0	0.0	0.0	4.695286273956299	0.0
0.0	0.0	0.0	3.3088512420654297	0.0	0.0	0.0	6.767247676849365	0.0	0.0	0.0	0.0	0.0	3.9700303077697754	0.0	0.0	0.0	0.0	0.0	5.131345272064209	0.0	0.0	0.0	0.0	0.0	0.0	0.0	0.0	0.0	0.0	0.0	0.0	0.0	5.512876987457275	0.0	0.0	0.0	0.0	0.0	5.316997528076172	0.0	0.0	5.5963287353515625	0.0	0.0	0.0	6.04557991027832	0.0	6.524977684020996	0.0	0.0	0.0	0.0	0.0	0.0	0.0	0.0	0.0	0.0	0.0	0.0	0.0	4.68526029586792	0.0
0.0	0.0	0.0	3.3165743350982666	0.0	0.0	0.0	6.771477222442627	0.0	0.0	0.0	0.0	0.0	3.9755518436431885	0.0	0.0	0.0	0.0	0.0	5.141613006591797	0.0	0.0	0.0	0.0	0.0	0.0	0.0	0.0	0.0	0.0	0.0	0.0	0.0	5.519662857055664	0.0	0.0	0.0	0.0	0.0	5.325606346130371	0.0	0.0	5.606237888336182	0.0	0.0	0.0	6.055614948272705	0.0	6.535733222961426	0.0	0.0	0.0	0.0	0.0	0.0	0.0	0.0	0.0	0.0	0.0	0.0	0.0	4.688758373260498	0.0
0.0	0.0	0.0	3.3075830936431885	0.0	0.0	0.0	6.760834693908691	0.0	0.0	0.0	0.0	0.0	3.9705724716186523	0.0	0.0	0.0	0.0	0.0	5.131596088409424	0.0	0.0	0.0	0.0	0.0	0.0	0.0	0.0	0.0	0.0	0.0	0.0	0.0	5.505208492279053	0.0	0.0	0.0	0.0	0.0	5.3159871101379395	0.0	0.0	5.59279727935791	0.0	0.0	0.0	6.045520782470703	0.0	6.521989345550537	0.0	0.0	0.0	0.0	0.0	0.0	0.0	0.0	0.0	0.0	0.0	0.0	0.0	4.679752826690674	0.0
0.0	0.0	0.0	3.313525676727295	0.0	0.0	0.0	6.775120258331299	0.0	0.0	0.0	0.0	0.0	3.975154161453247	0.0	0.0	0.0	0.0	0.0	5.143599033355713	0.0	0.0	0.0	0.0	0.0	0.0	0.0	0.0	0.0	0.0	0.0	0.0	0.0	5.5187273025512695	0.0	0.0	0.0	0.0	0.0	5.323397159576416	0.0	0.0	5.604187488555908	0.0	0.0	0.0	6.053796768188477	0.0	6.533612251281738	0.0	0.0	0.0	0.0	0.0	0.0	0.0	0.0	0.0	0.0	0.0	0.0	0.0	4.688052654266357	0.0
0.0	0.0	0.0	3.3138580322265625	0.0	0.0	0.0	6.773909568786621	0.0	0.0	0.0	0.0	0.0	3.9741785526275635	0.0	0.0	0.0	0.0	0.0	5.138286113739014	0.0	0.0	0.0	0.0	0.0	0.0	0.0	0.0	0.0	0.0	0.0	0.0	0.0	5.515940189361572	0.0	0.0	0.0	0.0	0.0	5.319668769836426	0.0	0.0	5.604905128479004	0.0	0.0	0.0	6.051790237426758	0.0	6.522426128387451	0.0	0.0	0.0	0.0	0.0	0.0	0.0	0.0	0.0	0.0	0.0	0.0	0.0	4.685983657836914	0.0
0.0	0.0	0.0	3.314946413040161	0.0	0.0	0.0	6.771435260772705	0.0	0.0	0.0	0.0	0.0	3.977098226547241	0.0	0.0	0.0	0.0	0.0	5.141838550567627	0.0	0.0	0.0	0.0	0.0	0.0	0.0	0.0	0.0	0.0	0.0	0.0	0.0	5.519237995147705	0.0	0.0	0.0	0.0	0.0	5.323810577392578	0.0	0.0	5.603890419006348	0.0	0.0	0.0	6.055356502532959	0.0	6.534228324890137	0.0	0.0	0.0	0.0	0.0	0.0	0.0	0.0	0.0	0.0	0.0	0.0	0.0	4.686304092407227	0.0
0.0	0.0	0.0	3.315541982650757	0.0	0.0	0.0	6.770100116729736	0.0	0.0	0.0	0.0	0.0	3.9771454334259033	0.0	0.0	0.0	0.0	0.0	5.1412458419799805	0.0	0.0	0.0	0.0	0.0	0.0	0.0	0.0	0.0	0.0	0.0	0.0	0.0	5.5195770263671875	0.0	0.0	0.0	0.0	0.0	5.32255220413208	0.0	0.0	5.602166652679443	0.0	0.0	0.0	6.05599308013916	0.0	6.530941486358643	0.0	0.0	0.0	0.0	0.0	0.0	0.0	0.0	0.0	0.0	0.0	0.0	0.0	4.6869659423828125	0.0
0.0	0.0	0.0	3.3099048137664795	0.0	0.0	0.0	6.7654619216918945	0.0	0.0	0.0	0.0	0.0	3.975118398666382	0.0	0.0	0.0	0.0	0.0	5.138820171356201	0.0	0.0	0.0	0.0	0.0	0.0	0.0	0.0	0.0	0.0	0.0	0.0	0.0	5.514014720916748	0.0	0.0	0.0	0.0	0.0	5.3167219161987305	0.0	0.0	5.59781551361084	0.0	0.0	0.0	6.048393726348877	0.0	6.521517276763916	0.0	0.0	0.0	0.0	0.0	0.0	0.0	0.0	0.0	0.0	0.0	0.0	0.0	4.684103012084961	0.0
0.0	0.0	0.0	3.2890472412109375	0.0	0.0	0.0	6.709504127502441	0.0	0.0	0.0	0.0	0.0	3.9444727897644043	0.0	0.0	0.0	0.0	0.0	5.101881980895996	0.0	0.0	0.0	0.0	0.0	0.0	0.0	0.0	0.0	0.0	0.0	0.0	0.0	5.471161842346191	0.0	0.0	0.0	0.0	0.0	5.277991771697998	0.0	0.0	5.5550689697265625	0.0	0.0	0.0	5.998402118682861	0.0	6.470455646514893	0.0	0.0	0.0	0.0	0.0	0.0	0.0	0.0	0.0	0.0	0.0	0.0	0.0	4.645212173461914	0.0
0.0	0.0	0.0	3.3126957416534424	0.0	0.0	0.0	6.765393257141113	0.0	0.0	0.0	0.0	0.0	3.974790573120117	0.0	0.0	0.0	0.0	0.0	5.140618324279785	0.0	0.0	0.0	0.0	0.0	0.0	0.0	0.0	0.0	0.0	0.0	0.0	0.0	5.515790939331055	0.0	0.0	0.0	0.0	0.0	5.322000026702881	0.0	0.0	5.598328113555908	0.0	0.0	0.0	6.052319526672363	0.0	6.528696537017822	0.0	0.0	0.0	0.0	0.0	0.0	0.0	0.0	0.0	0.0	0.0	0.0	0.0	4.686649322509766	0.0
0.0	0.0	0.0	3.314136028289795	0.0	0.0	0.0	6.77714204788208	0.0	0.0	0.0	0.0	0.0	3.9782047271728516	0.0	0.0	0.0	0.0	0.0	5.141378402709961	0.0	0.0	0.0	0.0	0.0	0.0	0.0	0.0	0.0	0.0	0.0	0.0	0.0	5.516232967376709	0.0	0.0	0.0	0.0	0.0	5.323071479797363	0.0	0.0	5.601502895355225	0.0	0.0	0.0	6.056941986083984	0.0	6.53451681137085	0.0	0.0	0.0	0.0	0.0	0.0	0.0	0.0	0.0	0.0	0.0	0.0	0.0	4.687058925628662	0.0
0.0	0.0	0.0	3.3010013103485107	0.0	0.0	0.0	6.738004207611084	0.0	0.0	0.0	0.0	0.0	3.9551503658294678	0.0	0.0	0.0	0.0	0.0	5.112478256225586	0.0	0.0	0.0	0.0	0.0	0.0	0.0	0.0	0.0	0.0	0.0	0.0	0.0	5.484091758728027	0.0	0.0	0.0	0.0	0.0	5.2918009757995605	0.0	0.0	5.572653770446777	0.0	0.0	0.0	6.014904499053955	0.0	6.483874797821045	0.0	0.0	0.0	0.0	0.0	0.0	0.0	0.0	0.0	0.0	0.0	0.0	0.0	4.65750789642334	0.0
0.0	0.0	0.0	3.3077845573425293	0.0	0.0	0.0	6.753328800201416	0.0	0.0	0.0	0.0	0.0	3.969130516052246	0.0	0.0	0.0	0.0	0.0	5.128047466278076	0.0	0.0	0.0	0.0	0.0	0.0	0.0	0.0	0.0	0.0	0.0	0.0	0.0	5.504728317260742	0.0	0.0	0.0	0.0	0.0	5.309358596801758	0.0	0.0	5.592741966247559	0.0	0.0	0.0	6.040775775909424	0.0	6.519458770751953	0.0	0.0	0.0	0.0	0.0	0.0	0.0	0.0	0.0	0.0	0.0	0.0	0.0	4.676591873168945	0.0
0.0	0.0	0.0	3.314606189727783	0.0	0.0	0.0	6.767818450927734	0.0	0.0	0.0	0.0	0.0	3.9738054275512695	0.0	0.0	0.0	0.0	0.0	5.140223979949951	0.0	0.0	0.0	0.0	0.0	0.0	0.0	0.0	0.0	0.0	0.0	0.0	0.0	5.5177226066589355	0.0	0.0	0.0	0.0	0.0	5.322084903717041	0.0	0.0	5.599206924438477	0.0	0.0	0.0	6.052759647369385	0.0	6.528487205505371	0.0	0.0	0.0	0.0	0.0	0.0	0.0	0.0	0.0	0.0	0.0	0.0	0.0	4.685700416564941	0.0
0.0	0.0	0.0	3.298503875732422	0.0	0.0	0.0	6.746004581451416	0.0	0.0	0.0	0.0	0.0	3.954665422439575	0.0	0.0	0.0	0.0	0.0	5.114379405975342	0.0	0.0	0.0	0.0	0.0	0.0	0.0	0.0	0.0	0.0	0.0	0.0	0.0	5.489255428314209	0.0	0.0	0.0	0.0	0.0	5.3004374504089355	0.0	0.0	5.576138973236084	0.0	0.0	0.0	6.026736736297607	0.0	6.497332572937012	0.0	0.0	0.0	0.0	0.0	0.0	0.0	0.0	0.0	0.0	0.0	0.0	0.0	4.665501594543457	0.0
0.0	0.0	0.0	3.3097763061523438	0.0	0.0	0.0	6.755087852478027	0.0	0.0	0.0	0.0	0.0	3.96876859664917	0.0	0.0	0.0	0.0	0.0	5.1277947425842285	0.0	0.0	0.0	0.0	0.0	0.0	0.0	0.0	0.0	0.0	0.0	0.0	0.0	5.499125003814697	0.0	0.0	0.0	0.0	0.0	5.3074822425842285	0.0	0.0	5.587887287139893	0.0	0.0	0.0	6.036743640899658	0.0	6.505629062652588	0.0	0.0	0.0	0.0	0.0	0.0	0.0	0.0	0.0	0.0	0.0	0.0	0.0	4.6723952293396	0.0
0.0	0.0	0.0	3.315509080886841	0.0	0.0	0.0	6.77496337890625	0.0	0.0	0.0	0.0	0.0	3.9749815464019775	0.0	0.0	0.0	0.0	0.0	5.141983985900879	0.0	0.0	0.0	0.0	0.0	0.0	0.0	0.0	0.0	0.0	0.0	0.0	0.0	5.520240306854248	0.0	0.0	0.0	0.0	0.0	5.325258255004883	0.0	0.0	5.603333473205566	0.0	0.0	0.0	6.057640552520752	0.0	6.536858558654785	0.0	0.0	0.0	0.0	0.0	0.0	0.0	0.0	0.0	0.0	0.0	0.0	0.0	4.688115119934082	0.0
0.0	0.0	0.0	3.309805393218994	0.0	0.0	0.0	6.768899440765381	0.0	0.0	0.0	0.0	0.0	3.9728591442108154	0.0	0.0	0.0	0.0	0.0	5.136967658996582	0.0	0.0	0.0	0.0	0.0	0.0	0.0	0.0	0.0	0.0	0.0	0.0	0.0	5.5144476890563965	0.0	0.0	0.0	0.0	0.0	5.319068431854248	0.0	0.0	5.5987114906311035	0.0	0.0	0.0	6.049886703491211	0.0	6.52680778503418	0.0	0.0	0.0	0.0	0.0	0.0	0.0	0.0	0.0	0.0	0.0	0.0	0.0	4.68424654006958	0.0
0.0	0.0	0.0	3.2901597023010254	0.0	0.0	0.0	6.705644130706787	0.0	0.0	0.0	0.0	0.0	3.938694477081299	0.0	0.0	0.0	0.0	0.0	5.078843593597412	0.0	0.0	0.0	0.0	0.0	0.0	0.0	0.0	0.0	0.0	0.0	0.0	0.0	5.4409308433532715	0.0	0.0	0.0	0.0	0.0	5.2579426765441895	0.0	0.0	5.544088363647461	0.0	0.0	0.0	5.983580589294434	0.0	6.435331344604492	0.0	0.0	0.0	0.0	0.0	0.0	0.0	0.0	0.0	0.0	0.0	0.0	0.0	4.630762577056885	0.0
0.0	0.0	0.0	3.31143856048584	0.0	0.0	0.0	6.773290157318115	0.0	0.0	0.0	0.0	0.0	3.9746408462524414	0.0	0.0	0.0	0.0	0.0	5.141567230224609	0.0	0.0	0.0	0.0	0.0	0.0	0.0	0.0	0.0	0.0	0.0	0.0	0.0	5.5165205001831055	0.0	0.0	0.0	0.0	0.0	5.322420120239258	0.0	0.0	5.60205602645874	0.0	0.0	0.0	6.055941581726074	0.0	6.531882286071777	0.0	0.0	0.0	0.0	0.0	0.0	0.0	0.0	0.0	0.0	0.0	0.0	0.0	4.685501575469971	0.0
0.0	0.0	0.0	3.315356731414795	0.0	0.0	0.0	6.775975227355957	0.0	0.0	0.0	0.0	0.0	3.978271961212158	0.0	0.0	0.0	0.0	0.0	5.144911766052246	0.0	0.0	0.0	0.0	0.0	0.0	0.0	0.0	0.0	0.0	0.0	0.0	0.0	5.520962238311768	0.0	0.0	0.0	0.0	0.0	5.328927040100098	0.0	0.0	5.606812953948975	0.0	0.0	0.0	6.060086727142334	0.0	6.535549163818359	0.0	0.0	0.0	0.0	0.0	0.0	0.0	0.0	0.0	0.0	0.0	0.0	0.0	4.691149711608887	0.0
0.0	0.0	0.0	3.313765287399292	0.0	0.0	0.0	6.776242733001709	0.0	0.0	0.0	0.0	0.0	3.976544141769409	0.0	0.0	0.0	0.0	0.0	5.143637180328369	0.0	0.0	0.0	0.0	0.0	0.0	0.0	0.0	0.0	0.0	0.0	0.0	0.0	5.514538764953613	0.0	0.0	0.0	0.0	0.0	5.325800895690918	0.0	0.0	5.601572513580322	0.0	0.0	0.0	6.053127288818359	0.0	6.532416820526123	0.0	0.0	0.0	0.0	0.0	0.0	0.0	0.0	0.0	0.0	0.0	0.0	0.0	4.684279918670654	0.0
0.0	0.0	0.0	3.321739435195923	0.0	0.0	0.0	6.777038097381592	0.0	0.0	0.0	0.0	0.0	3.9805874824523926	0.0	0.0	0.0	0.0	0.0	5.147078990936279	0.0	0.0	0.0	0.0	0.0	0.0	0.0	0.0	0.0	0.0	0.0	0.0	0.0	5.52750825881958	0.0	0.0	0.0	0.0	0.0	5.332034111022949	0.0	0.0	5.610168933868408	0.0	0.0	0.0	6.060680866241455	0.0	6.53950834274292	0.0	0.0	0.0	0.0	0.0	0.0	0.0	0.0	0.0	0.0	0.0	0.0	0.0	4.692168712615967	0.0
0.0	0.0	0.0	3.3121602535247803	0.0	0.0	0.0	6.761040687561035	0.0	0.0	0.0	0.0	0.0	3.973431348800659	0.0	0.0	0.0	0.0	0.0	5.136789798736572	0.0	0.0	0.0	0.0	0.0	0.0	0.0	0.0	0.0	0.0	0.0	0.0	0.0	5.513740539550781	0.0	0.0	0.0	0.0	0.0	5.316174507141113	0.0	0.0	5.5987935066223145	0.0	0.0	0.0	6.046986103057861	0.0	6.524652004241943	0.0	0.0	0.0	0.0	0.0	0.0	0.0	0.0	0.0	0.0	0.0	0.0	0.0	4.680703639984131	0.0
0.0	0.0	0.0	3.3093132972717285	0.0	0.0	0.0	6.753273010253906	0.0	0.0	0.0	0.0	0.0	3.967214345932007	0.0	0.0	0.0	0.0	0.0	5.133342742919922	0.0	0.0	0.0	0.0	0.0	0.0	0.0	0.0	0.0	0.0	0.0	0.0	0.0	5.5106329917907715	0.0	0.0	0.0	0.0	0.0	5.31230354309082	0.0	0.0	5.589131832122803	0.0	0.0	0.0	6.039992332458496	0.0	6.5190110206604	0.0	0.0	0.0	0.0	0.0	0.0	0.0	0.0	0.0	0.0	0.0	0.0	0.0	4.677414417266846	0.0
0.0	0.0	0.0	3.3178021907806396	0.0	0.0	0.0	6.78118371963501	0.0	0.0	0.0	0.0	0.0	3.977832555770874	0.0	0.0	0.0	0.0	0.0	5.143685340881348	0.0	0.0	0.0	0.0	0.0	0.0	0.0	0.0	0.0	0.0	0.0	0.0	0.0	5.5202717781066895	0.0	0.0	0.0	0.0	0.0	5.326349258422852	0.0	0.0	5.606735706329346	0.0	0.0	0.0	6.055356979370117	0.0	6.533278465270996	0.0	0.0	0.0	0.0	0.0	0.0	0.0	0.0	0.0	0.0	0.0	0.0	0.0	4.693087577819824	0.0
0.0	0.0	0.0	3.3158059120178223	0.0	0.0	0.0	6.766198635101318	0.0	0.0	0.0	0.0	0.0	3.973958730697632	0.0	0.0	0.0	0.0	0.0	5.138915538787842	0.0	0.0	0.0	0.0	0.0	0.0	0.0	0.0	0.0	0.0	0.0	0.0	0.0	5.511801242828369	0.0	0.0	0.0	0.0	0.0	5.318670749664307	0.0	0.0	5.599118709564209	0.0	0.0	0.0	6.049921989440918	0.0	6.5249433517456055	0.0	0.0	0.0	0.0	0.0	0.0	0.0	0.0	0.0	0.0	0.0	0.0	0.0	4.6828765869140625	0.0
0.0	0.0	0.0	3.309567451477051	0.0	0.0	0.0	6.755011558532715	0.0	0.0	0.0	0.0	0.0	3.9690706729888916	0.0	0.0	0.0	0.0	0.0	5.133288860321045	0.0	0.0	0.0	0.0	0.0	0.0	0.0	0.0	0.0	0.0	0.0	0.0	0.0	5.508991718292236	0.0	0.0	0.0	0.0	0.0	5.314779281616211	0.0	0.0	5.592531681060791	0.0	0.0	0.0	6.040286064147949	0.0	6.519822120666504	0.0	0.0	0.0	0.0	0.0	0.0	0.0	0.0	0.0	0.0	0.0	0.0	0.0	4.677565097808838	0.0
0.0	0.0	0.0	3.3108437061309814	0.0	0.0	0.0	6.756278038024902	0.0	0.0	0.0	0.0	0.0	3.967846155166626	0.0	0.0	0.0	0.0	0.0	5.134189605712891	0.0	0.0	0.0	0.0	0.0	0.0	0.0	0.0	0.0	0.0	0.0	0.0	0.0	5.508536338806152	0.0	0.0	0.0	0.0	0.0	5.316082954406738	0.0	0.0	5.592414379119873	0.0	0.0	0.0	6.0431952476501465	0.0	6.519392490386963	0.0	0.0	0.0	0.0	0.0	0.0	0.0	0.0	0.0	0.0	0.0	0.0	0.0	4.678282737731934	0.0
0.0	0.0	0.0	3.3250622749328613	0.0	0.0	0.0	6.784238338470459	0.0	0.0	0.0	0.0	0.0	3.986802816390991	0.0	0.0	0.0	0.0	0.0	5.151686668395996	0.0	0.0	0.0	0.0	0.0	0.0	0.0	0.0	0.0	0.0	0.0	0.0	0.0	5.5300445556640625	0.0	0.0	0.0	0.0	0.0	5.333580493927002	0.0	0.0	5.617459774017334	0.0	0.0	0.0	6.068515300750732	0.0	6.544610023498535	0.0	0.0	0.0	0.0	0.0	0.0	0.0	0.0	0.0	0.0	0.0	0.0	0.0	4.694077014923096	0.0
0.0	0.0	0.0	3.316922903060913	0.0	0.0	0.0	6.773229598999023	0.0	0.0	0.0	0.0	0.0	3.9777162075042725	0.0	0.0	0.0	0.0	0.0	5.141239643096924	0.0	0.0	0.0	0.0	0.0	0.0	0.0	0.0	0.0	0.0	0.0	0.0	0.0	5.519787311553955	0.0	0.0	0.0	0.0	0.0	5.325283527374268	0.0	0.0	5.60365104675293	0.0	0.0	0.0	6.055054664611816	0.0	6.533445358276367	0.0	0.0	0.0	0.0	0.0	0.0	0.0	0.0	0.0	0.0	0.0	0.0	0.0	4.688625812530518	0.0
0.0	0.0	0.0	3.3136274814605713	0.0	0.0	0.0	6.76875638961792	0.0	0.0	0.0	0.0	0.0	3.9748640060424805	0.0	0.0	0.0	0.0	0.0	5.137619972229004	0.0	0.0	0.0	0.0	0.0	0.0	0.0	0.0	0.0	0.0	0.0	0.0	0.0	5.514320373535156	0.0	0.0	0.0	0.0	0.0	5.319272041320801	0.0	0.0	5.599523067474365	0.0	0.0	0.0	6.05332088470459	0.0	6.530153274536133	0.0	0.0	0.0	0.0	0.0	0.0	0.0	0.0	0.0	0.0	0.0	0.0	0.0	4.684813499450684	0.0
0.0	0.0	0.0	3.3062875270843506	0.0	0.0	0.0	6.750618934631348	0.0	0.0	0.0	0.0	0.0	3.9662678241729736	0.0	0.0	0.0	0.0	0.0	5.1299309730529785	0.0	0.0	0.0	0.0	0.0	0.0	0.0	0.0	0.0	0.0	0.0	0.0	0.0	5.50719690322876	0.0	0.0	0.0	0.0	0.0	5.309290885925293	0.0	0.0	5.590433597564697	0.0	0.0	0.0	6.039243221282959	0.0	6.516101837158203	0.0	0.0	0.0	0.0	0.0	0.0	0.0	0.0	0.0	0.0	0.0	0.0	0.0	4.67414665222168	0.0
0.0	0.0	0.0	3.2921204566955566	0.0	0.0	0.0	6.71292781829834	0.0	0.0	0.0	0.0	0.0	3.942164659500122	0.0	0.0	0.0	0.0	0.0	5.079593181610107	0.0	0.0	0.0	0.0	0.0	0.0	0.0	0.0	0.0	0.0	0.0	0.0	0.0	5.450267314910889	0.0	0.0	0.0	0.0	0.0	5.26173210144043	0.0	0.0	5.548685073852539	0.0	0.0	0.0	5.985280990600586	0.0	6.440340995788574	0.0	0.0	0.0	0.0	0.0	0.0	0.0	0.0	0.0	0.0	0.0	0.0	0.0	4.626852035522461	0.0
0.0	0.0	0.0	3.3101673126220703	0.0	0.0	0.0	6.761075496673584	0.0	0.0	0.0	0.0	0.0	3.9700164794921875	0.0	0.0	0.0	0.0	0.0	5.1355814933776855	0.0	0.0	0.0	0.0	0.0	0.0	0.0	0.0	0.0	0.0	0.0	0.0	0.0	5.5127081871032715	0.0	0.0	0.0	0.0	0.0	5.3188629150390625	0.0	0.0	5.593287467956543	0.0	0.0	0.0	6.045318603515625	0.0	6.524209499359131	0.0	0.0	0.0	0.0	0.0	0.0	0.0	0.0	0.0	0.0	0.0	0.0	0.0	4.68187141418457	0.0
0.0	0.0	0.0	3.3121931552886963	0.0	0.0	0.0	6.760664463043213	0.0	0.0	0.0	0.0	0.0	3.9748780727386475	0.0	0.0	0.0	0.0	0.0	5.135653495788574	0.0	0.0	0.0	0.0	0.0	0.0	0.0	0.0	0.0	0.0	0.0	0.0	0.0	5.507871627807617	0.0	0.0	0.0	0.0	0.0	5.3150177001953125	0.0	0.0	5.597466945648193	0.0	0.0	0.0	6.0465779304504395	0.0	6.523894309997559	0.0	0.0	0.0	0.0	0.0	0.0	0.0	0.0	0.0	0.0	0.0	0.0	0.0	4.680656909942627	0.0
0.0	0.0	0.0	3.316452980041504	0.0	0.0	0.0	6.7750983238220215	0.0	0.0	0.0	0.0	0.0	3.975478410720825	0.0	0.0	0.0	0.0	0.0	5.140508651733398	0.0	0.0	0.0	0.0	0.0	0.0	0.0	0.0	0.0	0.0	0.0	0.0	0.0	5.5201263427734375	0.0	0.0	0.0	0.0	0.0	5.3265061378479	0.0	0.0	5.603636264801025	0.0	0.0	0.0	6.056087017059326	0.0	6.5347137451171875	0.0	0.0	0.0	0.0	0.0	0.0	0.0	0.0	0.0	0.0	0.0	0.0	0.0	4.688035011291504	0.0
0.0	0.0	0.0	3.310513973236084	0.0	0.0	0.0	6.756387233734131	0.0	0.0	0.0	0.0	0.0	3.967099189758301	0.0	0.0	0.0	0.0	0.0	5.127367973327637	0.0	0.0	0.0	0.0	0.0	0.0	0.0	0.0	0.0	0.0	0.0	0.0	0.0	5.50009822845459	0.0	0.0	0.0	0.0	0.0	5.304532527923584	0.0	0.0	5.586026191711426	0.0	0.0	0.0	6.034909248352051	0.0	6.504876136779785	0.0	0.0	0.0	0.0	0.0	0.0	0.0	0.0	0.0	0.0	0.0	0.0	0.0	4.6679863929748535	0.0
0.0	0.0	0.0	3.3126413822174072	0.0	0.0	0.0	6.773303985595703	0.0	0.0	0.0	0.0	0.0	3.974548101425171	0.0	0.0	0.0	0.0	0.0	5.141755104064941	0.0	0.0	0.0	0.0	0.0	0.0	0.0	0.0	0.0	0.0	0.0	0.0	0.0	5.519913196563721	0.0	0.0	0.0	0.0	0.0	5.324790000915527	0.0	0.0	5.601531505584717	0.0	0.0	0.0	6.058394432067871	0.0	6.535345077514648	0.0	0.0	0.0	0.0	0.0	0.0	0.0	0.0	0.0	0.0	0.0	0.0	0.0	4.6892619132995605	0.0
0.0	0.0	0.0	3.3116886615753174	0.0	0.0	0.0	6.752769470214844	0.0	0.0	0.0	0.0	0.0	3.970501661300659	0.0	0.0	0.0	0.0	0.0	5.123319149017334	0.0	0.0	0.0	0.0	0.0	0.0	0.0	0.0	0.0	0.0	0.0	0.0	0.0	5.492058753967285	0.0	0.0	0.0	0.0	0.0	5.305823802947998	0.0	0.0	5.588108539581299	0.0	0.0	0.0	6.036870956420898	0.0	6.498833656311035	0.0	0.0	0.0	0.0	0.0	0.0	0.0	0.0	0.0	0.0	0.0	0.0	0.0	4.665271759033203	0.0
0.0	0.0	0.0	3.3045506477355957	0.0	0.0	0.0	6.743149757385254	0.0	0.0	0.0	0.0	0.0	3.9625489711761475	0.0	0.0	0.0	0.0	0.0	5.126456260681152	0.0	0.0	0.0	0.0	0.0	0.0	0.0	0.0	0.0	0.0	0.0	0.0	0.0	5.502112865447998	0.0	0.0	0.0	0.0	0.0	5.305465221405029	0.0	0.0	5.582458019256592	0.0	0.0	0.0	6.03237771987915	0.0	6.510908126831055	0.0	0.0	0.0	0.0	0.0	0.0	0.0	0.0	0.0	0.0	0.0	0.0	0.0	4.671436309814453	0.0
0.0	0.0	0.0	3.312053680419922	0.0	0.0	0.0	6.7633161544799805	0.0	0.0	0.0	0.0	0.0	3.9725751876831055	0.0	0.0	0.0	0.0	0.0	5.135409832000732	0.0	0.0	0.0	0.0	0.0	0.0	0.0	0.0	0.0	0.0	0.0	0.0	0.0	5.512193202972412	0.0	0.0	0.0	0.0	0.0	5.318819046020508	0.0	0.0	5.598782062530518	0.0	0.0	0.0	6.046936988830566	0.0	6.525937557220459	0.0	0.0	0.0	0.0	0.0	0.0	0.0	0.0	0.0	0.0	0.0	0.0	0.0	4.682531833648682	0.0
0.0	0.0	0.0	3.313852548599243	0.0	0.0	0.0	6.773392200469971	0.0	0.0	0.0	0.0	0.0	3.976323366165161	0.0	0.0	0.0	0.0	0.0	5.142582893371582	0.0	0.0	0.0	0.0	0.0	0.0	0.0	0.0	0.0	0.0	0.0	0.0	0.0	5.519433498382568	0.0	0.0	0.0	0.0	0.0	5.325786113739014	0.0	0.0	5.6045684814453125	0.0	0.0	0.0	6.0562005043029785	0.0	6.534979343414307	0.0	0.0	0.0	0.0	0.0	0.0	0.0	0.0	0.0	0.0	0.0	0.0	0.0	4.688258171081543	0.0
0.0	0.0	0.0	3.3093960285186768	0.0	0.0	0.0	6.758812427520752	0.0	0.0	0.0	0.0	0.0	3.9690041542053223	0.0	0.0	0.0	0.0	0.0	5.132569313049316	0.0	0.0	0.0	0.0	0.0	0.0	0.0	0.0	0.0	0.0	0.0	0.0	0.0	5.509622573852539	0.0	0.0	0.0	0.0	0.0	5.317055702209473	0.0	0.0	5.592203617095947	0.0	0.0	0.0	6.046259880065918	0.0	6.5224809646606445	0.0	0.0	0.0	0.0	0.0	0.0	0.0	0.0	0.0	0.0	0.0	0.0	0.0	4.683971881866455	0.0
0.0	0.0	0.0	3.311680793762207	0.0	0.0	0.0	6.764341354370117	0.0	0.0	0.0	0.0	0.0	3.9687626361846924	0.0	0.0	0.0	0.0	0.0	5.132702350616455	0.0	0.0	0.0	0.0	0.0	0.0	0.0	0.0	0.0	0.0	0.0	0.0	0.0	5.507012367248535	0.0	0.0	0.0	0.0	0.0	5.316923141479492	0.0	0.0	5.598799705505371	0.0	0.0	0.0	6.049924373626709	0.0	6.513093948364258	0.0	0.0	0.0	0.0	0.0	0.0	0.0	0.0	0.0	0.0	0.0	0.0	0.0	4.683594226837158	0.0
0.0	0.0	0.0	3.322988986968994	0.0	0.0	0.0	6.784312725067139	0.0	0.0	0.0	0.0	0.0	3.9793617725372314	0.0	0.0	0.0	0.0	0.0	5.146642684936523	0.0	0.0	0.0	0.0	0.0	0.0	0.0	0.0	0.0	0.0	0.0	0.0	0.0	5.52874755859375	0.0	0.0	0.0	0.0	0.0	5.334836483001709	0.0	0.0	5.61491584777832	0.0	0.0	0.0	6.066161632537842	0.0	6.5431976318359375	0.0	0.0	0.0	0.0	0.0	0.0	0.0	0.0	0.0	0.0	0.0	0.0	0.0	4.698002815246582	0.0
0.0	0.0	0.0	3.2875559329986572	0.0	0.0	0.0	6.709527015686035	0.0	0.0	0.0	0.0	0.0	3.939578056335449	0.0	0.0	0.0	0.0	0.0	5.081204891204834	0.0	0.0	0.0	0.0	0.0	0.0	0.0	0.0	0.0	0.0	0.0	0.0	0.0	5.452083110809326	0.0	0.0	0.0	0.0	0.0	5.264044761657715	0.0	0.0	5.548179626464844	0.0	0.0	0.0	5.991342544555664	0.0	6.443825721740723	0.0	0.0	0.0	0.0	0.0	0.0	0.0	0.0	0.0	0.0	0.0	0.0	0.0	4.63771390914917	0.0
0.0	0.0	0.0	3.310204267501831	0.0	0.0	0.0	6.769857883453369	0.0	0.0	0.0	0.0	0.0	3.975433111190796	0.0	0.0	0.0	0.0	0.0	5.139316082000732	0.0	0.0	0.0	0.0	0.0	0.0	0.0	0.0	0.0	0.0	0.0	0.0	0.0	5.512259006500244	0.0	0.0	0.0	0.0	0.0	5.3218512535095215	0.0	0.0	5.602658748626709	0.0	0.0	0.0	6.046838760375977	0.0	6.524707794189453	0.0	0.0	0.0	0.0	0.0	0.0	0.0	0.0	0.0	0.0	0.0	0.0	0.0	4.679386138916016	0.0
0.0	0.0	0.0	3.3071720600128174	0.0	0.0	0.0	6.754680156707764	0.0	0.0	0.0	0.0	0.0	3.964632749557495	0.0	0.0	0.0	0.0	0.0	5.1217474937438965	0.0	0.0	0.0	0.0	0.0	0.0	0.0	0.0	0.0	0.0	0.0	0.0	0.0	5.498184680938721	0.0	0.0	0.0	0.0	0.0	5.307264804840088	0.0	0.0	5.5912957191467285	0.0	0.0	0.0	6.038666248321533	0.0	6.497091770172119	0.0	0.0	0.0	0.0	0.0	0.0	0.0	0.0	0.0	0.0	0.0	0.0	0.0	4.673525333404541	0.0
0.0	0.0	0.0	3.3033692836761475	0.0	0.0	0.0	6.739268779754639	0.0	0.0	0.0	0.0	0.0	3.9604380130767822	0.0	0.0	0.0	0.0	0.0	5.1229329109191895	0.0	0.0	0.0	0.0	0.0	0.0	0.0	0.0	0.0	0.0	0.0	0.0	0.0	5.499671936035156	0.0	0.0	0.0	0.0	0.0	5.30348014831543	0.0	0.0	5.581475734710693	0.0	0.0	0.0	6.030064105987549	0.0	6.507542610168457	0.0	0.0	0.0	0.0	0.0	0.0	0.0	0.0	0.0	0.0	0.0	0.0	0.0	4.669170379638672	0.0
0.0	0.0	0.0	3.30318546295166	0.0	0.0	0.0	6.739355087280273	0.0	0.0	0.0	0.0	0.0	3.959386110305786	0.0	0.0	0.0	0.0	0.0	5.109105110168457	0.0	0.0	0.0	0.0	0.0	0.0	0.0	0.0	0.0	0.0	0.0	0.0	0.0	5.475620269775391	0.0	0.0	0.0	0.0	0.0	5.294607162475586	0.0	0.0	5.577592849731445	0.0	0.0	0.0	6.01689338684082	0.0	6.480341911315918	0.0	0.0	0.0	0.0	0.0	0.0	0.0	0.0	0.0	0.0	0.0	0.0	0.0	4.658871650695801	0.0
0.0	0.0	0.0	3.3148207664489746	0.0	0.0	0.0	6.7667059898376465	0.0	0.0	0.0	0.0	0.0	3.974616765975952	0.0	0.0	0.0	0.0	0.0	5.140273094177246	0.0	0.0	0.0	0.0	0.0	0.0	0.0	0.0	0.0	0.0	0.0	0.0	0.0	5.518589496612549	0.0	0.0	0.0	0.0	0.0	5.323858737945557	0.0	0.0	5.600028038024902	0.0	0.0	0.0	6.052616119384766	0.0	6.532637119293213	0.0	0.0	0.0	0.0	0.0	0.0	0.0	0.0	0.0	0.0	0.0	0.0	0.0	4.6864728927612305	0.0
0.0	0.0	0.0	3.3034822940826416	0.0	0.0	0.0	6.7417120933532715	0.0	0.0	0.0	0.0	0.0	3.960542917251587	0.0	0.0	0.0	0.0	0.0	5.119523525238037	0.0	0.0	0.0	0.0	0.0	0.0	0.0	0.0	0.0	0.0	0.0	0.0	0.0	5.494157791137695	0.0	0.0	0.0	0.0	0.0	5.299068450927734	0.0	0.0	5.578918933868408	0.0	0.0	0.0	6.026900768280029	0.0	6.499265670776367	0.0	0.0	0.0	0.0	0.0	0.0	0.0	0.0	0.0	0.0	0.0	0.0	0.0	4.667630195617676	0.0
0.0	0.0	0.0	3.304651975631714	0.0	0.0	0.0	6.740624904632568	0.0	0.0	0.0	0.0	0.0	3.9629054069519043	0.0	0.0	0.0	0.0	0.0	5.1245574951171875	0.0	0.0	0.0	0.0	0.0	0.0	0.0	0.0	0.0	0.0	0.0	0.0	0.0	5.499858856201172	0.0	0.0	0.0	0.0	0.0	5.304378032684326	0.0	0.0	5.582053184509277	0.0	0.0	0.0	6.029327392578125	0.0	6.508755207061768	0.0	0.0	0.0	0.0	0.0	0.0	0.0	0.0	0.0	0.0	0.0	0.0	0.0	4.6704840660095215	0.0
0.0	0.0	0.0	3.313213348388672	0.0	0.0	0.0	6.763723373413086	0.0	0.0	0.0	0.0	0.0	3.973348379135132	0.0	0.0	0.0	0.0	0.0	5.1373162269592285	0.0	0.0	0.0	0.0	0.0	0.0	0.0	0.0	0.0	0.0	0.0	0.0	0.0	5.514498233795166	0.0	0.0	0.0	0.0	0.0	5.3198723793029785	0.0	0.0	5.595602512359619	0.0	0.0	0.0	6.04926061630249	0.0	6.524913787841797	0.0	0.0	0.0	0.0	0.0	0.0	0.0	0.0	0.0	0.0	0.0	0.0	0.0	4.684142112731934	0.0
0.0	0.0	0.0	3.3131282329559326	0.0	0.0	0.0	6.768642425537109	0.0	0.0	0.0	0.0	0.0	3.972623825073242	0.0	0.0	0.0	0.0	0.0	5.138997554779053	0.0	0.0	0.0	0.0	0.0	0.0	0.0	0.0	0.0	0.0	0.0	0.0	0.0	5.512564182281494	0.0	0.0	0.0	0.0	0.0	5.319538116455078	0.0	0.0	5.59691858291626	0.0	0.0	0.0	6.050867557525635	0.0	6.527589797973633	0.0	0.0	0.0	0.0	0.0	0.0	0.0	0.0	0.0	0.0	0.0	0.0	0.0	4.680874824523926	0.0
0.0	0.0	0.0	3.3105461597442627	0.0	0.0	0.0	6.761294841766357	0.0	0.0	0.0	0.0	0.0	3.9736781120300293	0.0	0.0	0.0	0.0	0.0	5.136531352996826	0.0	0.0	0.0	0.0	0.0	0.0	0.0	0.0	0.0	0.0	0.0	0.0	0.0	5.513748645782471	0.0	0.0	0.0	0.0	0.0	5.3156819343566895	0.0	0.0	5.595338821411133	0.0	0.0	0.0	6.0474534034729	0.0	6.528751373291016	0.0	0.0	0.0	0.0	0.0	0.0	0.0	0.0	0.0	0.0	0.0	0.0	0.0	4.683285713195801	0.0
0.0	0.0	0.0	3.3073441982269287	0.0	0.0	0.0	6.752673625946045	0.0	0.0	0.0	0.0	0.0	3.967291831970215	0.0	0.0	0.0	0.0	0.0	5.128383159637451	0.0	0.0	0.0	0.0	0.0	0.0	0.0	0.0	0.0	0.0	0.0	0.0	0.0	5.506434917449951	0.0	0.0	0.0	0.0	0.0	5.312078952789307	0.0	0.0	5.589660167694092	0.0	0.0	0.0	6.04168176651001	0.0	6.51797342300415	0.0	0.0	0.0	0.0	0.0	0.0	0.0	0.0	0.0	0.0	0.0	0.0	0.0	4.673999309539795	0.0
0.0	0.0	0.0	3.3110761642456055	0.0	0.0	0.0	6.764328479766846	0.0	0.0	0.0	0.0	0.0	3.9731268882751465	0.0	0.0	0.0	0.0	0.0	5.137030124664307	0.0	0.0	0.0	0.0	0.0	0.0	0.0	0.0	0.0	0.0	0.0	0.0	0.0	5.512547969818115	0.0	0.0	0.0	0.0	0.0	5.319892883300781	0.0	0.0	5.595408916473389	0.0	0.0	0.0	6.04929256439209	0.0	6.527424335479736	0.0	0.0	0.0	0.0	0.0	0.0	0.0	0.0	0.0	0.0	0.0	0.0	0.0	4.681715965270996	0.0
0.0	0.0	0.0	3.292886257171631	0.0	0.0	0.0	6.734048843383789	0.0	0.0	0.0	0.0	0.0	3.952113628387451	0.0	0.0	0.0	0.0	0.0	5.113068103790283	0.0	0.0	0.0	0.0	0.0	0.0	0.0	0.0	0.0	0.0	0.0	0.0	0.0	5.479361534118652	0.0	0.0	0.0	0.0	0.0	5.292680263519287	0.0	0.0	5.566954135894775	0.0	0.0	0.0	6.017235279083252	0.0	6.4814863204956055	0.0	0.0	0.0	0.0	0.0	0.0	0.0	0.0	0.0	0.0	0.0	0.0	0.0	4.655699253082275	0.0
0.0	0.0	0.0	3.318532943725586	0.0	0.0	0.0	6.778019428253174	0.0	0.0	0.0	0.0	0.0	3.978489637374878	0.0	0.0	0.0	0.0	0.0	5.144362449645996	0.0	0.0	0.0	0.0	0.0	0.0	0.0	0.0	0.0	0.0	0.0	0.0	0.0	5.524700164794922	0.0	0.0	0.0	0.0	0.0	5.32844877243042	0.0	0.0	5.608232498168945	0.0	0.0	0.0	6.060168743133545	0.0	6.539130210876465	0.0	0.0	0.0	0.0	0.0	0.0	0.0	0.0	0.0	0.0	0.0	0.0	0.0	4.694094181060791	0.0
0.0	0.0	0.0	3.3210983276367188	0.0	0.0	0.0	6.777726173400879	0.0	0.0	0.0	0.0	0.0	3.979977607727051	0.0	0.0	0.0	0.0	0.0	5.149362564086914	0.0	0.0	0.0	0.0	0.0	0.0	0.0	0.0	0.0	0.0	0.0	0.0	0.0	5.5225324630737305	0.0	0.0	0.0	0.0	0.0	5.326343536376953	0.0	0.0	5.609364032745361	0.0	0.0	0.0	6.0586700439453125	0.0	6.5371246337890625	0.0	0.0	0.0	0.0	0.0	0.0	0.0	0.0	0.0	0.0	0.0	0.0	0.0	4.69004487991333	0.0
0.0	0.0	0.0	3.3136703968048096	0.0	0.0	0.0	6.774182319641113	0.0	0.0	0.0	0.0	0.0	3.9756574630737305	0.0	0.0	0.0	0.0	0.0	5.143258094787598	0.0	0.0	0.0	0.0	0.0	0.0	0.0	0.0	0.0	0.0	0.0	0.0	0.0	5.52342414855957	0.0	0.0	0.0	0.0	0.0	5.327958583831787	0.0	0.0	5.602981090545654	0.0	0.0	0.0	6.060421943664551	0.0	6.537414073944092	0.0	0.0	0.0	0.0	0.0	0.0	0.0	0.0	0.0	0.0	0.0	0.0	0.0	4.689055442810059	0.0
0.0	0.0	0.0	3.3155927658081055	0.0	0.0	0.0	6.7626633644104	0.0	0.0	0.0	0.0	0.0	3.9775662422180176	0.0	0.0	0.0	0.0	0.0	5.140024185180664	0.0	0.0	0.0	0.0	0.0	0.0	0.0	0.0	0.0	0.0	0.0	0.0	0.0	5.516188621520996	0.0	0.0	0.0	0.0	0.0	5.321568489074707	0.0	0.0	5.600584506988525	0.0	0.0	0.0	6.051603317260742	0.0	6.525436878204346	0.0	0.0	0.0	0.0	0.0	0.0	0.0	0.0	0.0	0.0	0.0	0.0	0.0	4.679788112640381	0.0
0.0	0.0	0.0	3.308509111404419	0.0	0.0	0.0	6.756986618041992	0.0	0.0	0.0	0.0	0.0	3.9676082134246826	0.0	0.0	0.0	0.0	0.0	5.130818843841553	0.0	0.0	0.0	0.0	0.0	0.0	0.0	0.0	0.0	0.0	0.0	0.0	0.0	5.504391670227051	0.0	0.0	0.0	0.0	0.0	5.31157112121582	0.0	0.0	5.591684818267822	0.0	0.0	0.0	6.043156623840332	0.0	6.514916896820068	0.0	0.0	0.0	0.0	0.0	0.0	0.0	0.0	0.0	0.0	0.0	0.0	0.0	4.675904750823975	0.0
0.0	0.0	0.0	3.3199644088745117	0.0	0.0	0.0	6.7840681076049805	0.0	0.0	0.0	0.0	0.0	3.9817655086517334	0.0	0.0	0.0	0.0	0.0	5.15092658996582	0.0	0.0	0.0	0.0	0.0	0.0	0.0	0.0	0.0	0.0	0.0	0.0	0.0	5.526602268218994	0.0	0.0	0.0	0.0	0.0	5.334492206573486	0.0	0.0	5.6126508712768555	0.0	0.0	0.0	6.066123008728027	0.0	6.544738292694092	0.0	0.0	0.0	0.0	0.0	0.0	0.0	0.0	0.0	0.0	0.0	0.0	0.0	4.697014808654785	0.0
0.0	0.0	0.0	3.3079957962036133	0.0	0.0	0.0	6.766618728637695	0.0	0.0	0.0	0.0	0.0	3.966856002807617	0.0	0.0	0.0	0.0	0.0	5.133256912231445	0.0	0.0	0.0	0.0	0.0	0.0	0.0	0.0	0.0	0.0	0.0	0.0	0.0	5.5097432136535645	0.0	0.0	0.0	0.0	0.0	5.311594009399414	0.0	0.0	5.592806816101074	0.0	0.0	0.0	6.041487216949463	0.0	6.512357711791992	0.0	0.0	0.0	0.0	0.0	0.0	0.0	0.0	0.0	0.0	0.0	0.0	0.0	4.676938056945801	0.0
0.0	0.0	0.0	3.307492971420288	0.0	0.0	0.0	6.760107517242432	0.0	0.0	0.0	0.0	0.0	3.9717800617218018	0.0	0.0	0.0	0.0	0.0	5.132682800292969	0.0	0.0	0.0	0.0	0.0	0.0	0.0	0.0	0.0	0.0	0.0	0.0	0.0	5.510161876678467	0.0	0.0	0.0	0.0	0.0	5.312741756439209	0.0	0.0	5.593378067016602	0.0	0.0	0.0	6.0455474853515625	0.0	6.518815994262695	0.0	0.0	0.0	0.0	0.0	0.0	0.0	0.0	0.0	0.0	0.0	0.0	0.0	4.679351329803467	0.0
0.0	0.0	0.0	3.30765700340271	0.0	0.0	0.0	6.76125955581665	0.0	0.0	0.0	0.0	0.0	3.9723494052886963	0.0	0.0	0.0	0.0	0.0	5.131932735443115	0.0	0.0	0.0	0.0	0.0	0.0	0.0	0.0	0.0	0.0	0.0	0.0	0.0	5.51455020904541	0.0	0.0	0.0	0.0	0.0	5.31407356262207	0.0	0.0	5.593105792999268	0.0	0.0	0.0	6.047428607940674	0.0	6.52241849899292	0.0	0.0	0.0	0.0	0.0	0.0	0.0	0.0	0.0	0.0	0.0	0.0	0.0	4.674941062927246	0.0
0.0	0.0	0.0	3.3187098503112793	0.0	0.0	0.0	6.770237445831299	0.0	0.0	0.0	0.0	0.0	3.976679801940918	0.0	0.0	0.0	0.0	0.0	5.140864849090576	0.0	0.0	0.0	0.0	0.0	0.0	0.0	0.0	0.0	0.0	0.0	0.0	0.0	5.52152156829834	0.0	0.0	0.0	0.0	0.0	5.326778411865234	0.0	0.0	5.602415084838867	0.0	0.0	0.0	6.055629253387451	0.0	6.532730579376221	0.0	0.0	0.0	0.0	0.0	0.0	0.0	0.0	0.0	0.0	0.0	0.0	0.0	4.689712047576904	0.0
0.0	0.0	0.0	3.316898822784424	0.0	0.0	0.0	6.777749538421631	0.0	0.0	0.0	0.0	0.0	3.978773832321167	0.0	0.0	0.0	0.0	0.0	5.145246982574463	0.0	0.0	0.0	0.0	0.0	0.0	0.0	0.0	0.0	0.0	0.0	0.0	0.0	5.522140026092529	0.0	0.0	0.0	0.0	0.0	5.328396320343018	0.0	0.0	5.607936382293701	0.0	0.0	0.0	6.058432102203369	0.0	6.536998748779297	0.0	0.0	0.0	0.0	0.0	0.0	0.0	0.0	0.0	0.0	0.0	0.0	0.0	4.689167499542236	0.0
0.0	0.0	0.0	3.250828266143799	0.0	0.0	0.0	6.673036575317383	0.0	0.0	0.0	0.0	0.0	3.9066696166992188	0.0	0.0	0.0	0.0	0.0	5.015817165374756	0.0	0.0	0.0	0.0	0.0	0.0	0.0	0.0	0.0	0.0	0.0	0.0	0.0	5.377231121063232	0.0	0.0	0.0	0.0	0.0	5.213099002838135	0.0	0.0	5.50995397567749	0.0	0.0	0.0	5.938886642456055	0.0	6.367166519165039	0.0	0.0	0.0	0.0	0.0	0.0	0.0	0.0	0.0	0.0	0.0	0.0	0.0	4.59270715713501	0.0
0.0	0.0	0.0	3.312269687652588	0.0	0.0	0.0	6.772458553314209	0.0	0.0	0.0	0.0	0.0	3.9743587970733643	0.0	0.0	0.0	0.0	0.0	5.136162757873535	0.0	0.0	0.0	0.0	0.0	0.0	0.0	0.0	0.0	0.0	0.0	0.0	0.0	5.51336145401001	0.0	0.0	0.0	0.0	0.0	5.326164722442627	0.0	0.0	5.601541996002197	0.0	0.0	0.0	6.055960655212402	0.0	6.529318809509277	0.0	0.0	0.0	0.0	0.0	0.0	0.0	0.0	0.0	0.0	0.0	0.0	0.0	4.686182498931885	0.0
0.0	0.0	0.0	3.315288782119751	0.0	0.0	0.0	6.772862911224365	0.0	0.0	0.0	0.0	0.0	3.976567268371582	0.0	0.0	0.0	0.0	0.0	5.1392645835876465	0.0	0.0	0.0	0.0	0.0	0.0	0.0	0.0	0.0	0.0	0.0	0.0	0.0	5.522496223449707	0.0	0.0	0.0	0.0	0.0	5.323482990264893	0.0	0.0	5.6035685539245605	0.0	0.0	0.0	6.058943748474121	0.0	6.531809329986572	0.0	0.0	0.0	0.0	0.0	0.0	0.0	0.0	0.0	0.0	0.0	0.0	0.0	4.686577796936035	0.0
0.0	0.0	0.0	3.2984769344329834	0.0	0.0	0.0	6.761633396148682	0.0	0.0	0.0	0.0	0.0	3.9633584022521973	0.0	0.0	0.0	0.0	0.0	5.1259307861328125	0.0	0.0	0.0	0.0	0.0	0.0	0.0	0.0	0.0	0.0	0.0	0.0	0.0	5.502480506896973	0.0	0.0	0.0	0.0	0.0	5.307290554046631	0.0	0.0	5.586673736572266	0.0	0.0	0.0	6.043644905090332	0.0	6.517192363739014	0.0	0.0	0.0	0.0	0.0	0.0	0.0	0.0	0.0	0.0	0.0	0.0	0.0	4.680332183837891	0.0
0.0	0.0	0.0	3.268732786178589	0.0	0.0	0.0	6.684333801269531	0.0	0.0	0.0	0.0	0.0	3.9129481315612793	0.0	0.0	0.0	0.0	0.0	5.030951023101807	0.0	0.0	0.0	0.0	0.0	0.0	0.0	0.0	0.0	0.0	0.0	0.0	0.0	5.396538734436035	0.0	0.0	0.0	0.0	0.0	5.216719627380371	0.0	0.0	5.514075756072998	0.0	0.0	0.0	5.937473297119141	0.0	6.374870300292969	0.0	0.0	0.0	0.0	0.0	0.0	0.0	0.0	0.0	0.0	0.0	0.0	0.0	4.593090057373047	0.0
0.0	0.0	0.0	3.316080331802368	0.0	0.0	0.0	6.770217418670654	0.0	0.0	0.0	0.0	0.0	3.9777910709381104	0.0	0.0	0.0	0.0	0.0	5.142979145050049	0.0	0.0	0.0	0.0	0.0	0.0	0.0	0.0	0.0	0.0	0.0	0.0	0.0	5.52017068862915	0.0	0.0	0.0	0.0	0.0	5.323775291442871	0.0	0.0	5.604738712310791	0.0	0.0	0.0	6.054376602172852	0.0	6.534488677978516	0.0	0.0	0.0	0.0	0.0	0.0	0.0	0.0	0.0	0.0	0.0	0.0	0.0	4.688859462738037	0.0
0.0	0.0	0.0	3.3206353187561035	0.0	0.0	0.0	6.776435375213623	0.0	0.0	0.0	0.0	0.0	3.9808509349823	0.0	0.0	0.0	0.0	0.0	5.147660732269287	0.0	0.0	0.0	0.0	0.0	0.0	0.0	0.0	0.0	0.0	0.0	0.0	0.0	5.526718616485596	0.0	0.0	0.0	0.0	0.0	5.329068183898926	0.0	0.0	5.609015464782715	0.0	0.0	0.0	6.058752536773682	0.0	6.538459777832031	0.0	0.0	0.0	0.0	0.0	0.0	0.0	0.0	0.0	0.0	0.0	0.0	0.0	4.692270755767822	0.0
0.0	0.0	0.0	3.313039779663086	0.0	0.0	0.0	6.766549110412598	0.0	0.0	0.0	0.0	0.0	3.9732282161712646	0.0	0.0	0.0	0.0	0.0	5.1368794441223145	0.0	0.0	0.0	0.0	0.0	0.0	0.0	0.0	0.0	0.0	0.0	0.0	0.0	5.516186714172363	0.0	0.0	0.0	0.0	0.0	5.320367336273193	0.0	0.0	5.599815845489502	0.0	0.0	0.0	6.049943447113037	0.0	6.531761169433594	0.0	0.0	0.0	0.0	0.0	0.0	0.0	0.0	0.0	0.0	0.0	0.0	0.0	4.683743000030518	0.0
0.0	0.0	0.0	3.296604633331299	0.0	0.0	0.0	6.716864109039307	0.0	0.0	0.0	0.0	0.0	3.9494128227233887	0.0	0.0	0.0	0.0	0.0	5.094566345214844	0.0	0.0	0.0	0.0	0.0	0.0	0.0	0.0	0.0	0.0	0.0	0.0	0.0	5.462436199188232	0.0	0.0	0.0	0.0	0.0	5.274430274963379	0.0	0.0	5.557272911071777	0.0	0.0	0.0	5.996798038482666	0.0	6.454657077789307	0.0	0.0	0.0	0.0	0.0	0.0	0.0	0.0	0.0	0.0	0.0	0.0	0.0	4.643305778503418	0.0
0.0	0.0	0.0	3.3076717853546143	0.0	0.0	0.0	6.750900745391846	0.0	0.0	0.0	0.0	0.0	3.9684605598449707	0.0	0.0	0.0	0.0	0.0	5.131476402282715	0.0	0.0	0.0	0.0	0.0	0.0	0.0	0.0	0.0	0.0	0.0	0.0	0.0	5.505505084991455	0.0	0.0	0.0	0.0	0.0	5.31057071685791	0.0	0.0	5.587730407714844	0.0	0.0	0.0	6.037675857543945	0.0	6.516397476196289	0.0	0.0	0.0	0.0	0.0	0.0	0.0	0.0	0.0	0.0	0.0	0.0	0.0	4.674404621124268	0.0
0.0	0.0	0.0	3.312657356262207	0.0	0.0	0.0	6.769017696380615	0.0	0.0	0.0	0.0	0.0	3.9752912521362305	0.0	0.0	0.0	0.0	0.0	5.139435768127441	0.0	0.0	0.0	0.0	0.0	0.0	0.0	0.0	0.0	0.0	0.0	0.0	0.0	5.517573833465576	0.0	0.0	0.0	0.0	0.0	5.3225908279418945	0.0	0.0	5.59753942489624	0.0	0.0	0.0	6.051358699798584	0.0	6.53007698059082	0.0	0.0	0.0	0.0	0.0	0.0	0.0	0.0	0.0	0.0	0.0	0.0	0.0	4.685093402862549	0.0
0.0	0.0	0.0	3.311821222305298	0.0	0.0	0.0	6.761098384857178	0.0	0.0	0.0	0.0	0.0	3.9721758365631104	0.0	0.0	0.0	0.0	0.0	5.13208532333374	0.0	0.0	0.0	0.0	0.0	0.0	0.0	0.0	0.0	0.0	0.0	0.0	0.0	5.508942604064941	0.0	0.0	0.0	0.0	0.0	5.3177690505981445	0.0	0.0	5.594177722930908	0.0	0.0	0.0	6.043982028961182	0.0	6.518986225128174	0.0	0.0	0.0	0.0	0.0	0.0	0.0	0.0	0.0	0.0	0.0	0.0	0.0	4.6781816482543945	0.0
0.0	0.0	0.0	3.3181893825531006	0.0	0.0	0.0	6.772834777832031	0.0	0.0	0.0	0.0	0.0	3.9770700931549072	0.0	0.0	0.0	0.0	0.0	5.14475154876709	0.0	0.0	0.0	0.0	0.0	0.0	0.0	0.0	0.0	0.0	0.0	0.0	0.0	5.522773742675781	0.0	0.0	0.0	0.0	0.0	5.328375339508057	0.0	0.0	5.608085632324219	0.0	0.0	0.0	6.05819845199585	0.0	6.534514427185059	0.0	0.0	0.0	0.0	0.0	0.0	0.0	0.0	0.0	0.0	0.0	0.0	0.0	4.6908464431762695	0.0
0.0	0.0	0.0	3.3184256553649902	0.0	0.0	0.0	6.77604341506958	0.0	0.0	0.0	0.0	0.0	3.9811668395996094	0.0	0.0	0.0	0.0	0.0	5.148186206817627	0.0	0.0	0.0	0.0	0.0	0.0	0.0	0.0	0.0	0.0	0.0	0.0	0.0	5.522494792938232	0.0	0.0	0.0	0.0	0.0	5.329184055328369	0.0	0.0	5.607754230499268	0.0	0.0	0.0	6.059124946594238	0.0	6.535550594329834	0.0	0.0	0.0	0.0	0.0	0.0	0.0	0.0	0.0	0.0	0.0	0.0	0.0	4.69080924987793	0.0
0.0	0.0	0.0	3.3120100498199463	0.0	0.0	0.0	6.761294364929199	0.0	0.0	0.0	0.0	0.0	3.9716150760650635	0.0	0.0	0.0	0.0	0.0	5.13717794418335	0.0	0.0	0.0	0.0	0.0	0.0	0.0	0.0	0.0	0.0	0.0	0.0	0.0	5.516634941101074	0.0	0.0	0.0	0.0	0.0	5.319614887237549	0.0	0.0	5.595702171325684	0.0	0.0	0.0	6.048788547515869	0.0	6.529760360717773	0.0	0.0	0.0	0.0	0.0	0.0	0.0	0.0	0.0	0.0	0.0	0.0	0.0	4.68349552154541	0.0
0.0	0.0	0.0	3.3196654319763184	0.0	0.0	0.0	6.778451919555664	0.0	0.0	0.0	0.0	0.0	3.9776792526245117	0.0	0.0	0.0	0.0	0.0	5.14588737487793	0.0	0.0	0.0	0.0	0.0	0.0	0.0	0.0	0.0	0.0	0.0	0.0	0.0	5.525973796844482	0.0	0.0	0.0	0.0	0.0	5.334357261657715	0.0	0.0	5.608011245727539	0.0	0.0	0.0	6.060875415802002	0.0	6.541462421417236	0.0	0.0	0.0	0.0	0.0	0.0	0.0	0.0	0.0	0.0	0.0	0.0	0.0	4.695581436157227	0.0
0.0	0.0	0.0	3.314471483230591	0.0	0.0	0.0	6.770689010620117	0.0	0.0	0.0	0.0	0.0	3.9757256507873535	0.0	0.0	0.0	0.0	0.0	5.144129276275635	0.0	0.0	0.0	0.0	0.0	0.0	0.0	0.0	0.0	0.0	0.0	0.0	0.0	5.518943786621094	0.0	0.0	0.0	0.0	0.0	5.326308727264404	0.0	0.0	5.603700160980225	0.0	0.0	0.0	6.057552814483643	0.0	6.533947467803955	0.0	0.0	0.0	0.0	0.0	0.0	0.0	0.0	0.0	0.0	0.0	0.0	0.0	4.689291954040527	0.0
0.0	0.0	0.0	3.309166193008423	0.0	0.0	0.0	6.765869140625	0.0	0.0	0.0	0.0	0.0	3.969794511795044	0.0	0.0	0.0	0.0	0.0	5.12772274017334	0.0	0.0	0.0	0.0	0.0	0.0	0.0	0.0	0.0	0.0	0.0	0.0	0.0	5.502010822296143	0.0	0.0	0.0	0.0	0.0	5.311581134796143	0.0	0.0	5.593173980712891	0.0	0.0	0.0	6.045280456542969	0.0	6.513881206512451	0.0	0.0	0.0	0.0	0.0	0.0	0.0	0.0	0.0	0.0	0.0	0.0	0.0	4.67706823348999	0.0
0.0	0.0	0.0	3.306238889694214	0.0	0.0	0.0	6.746082305908203	0.0	0.0	0.0	0.0	0.0	3.9674792289733887	0.0	0.0	0.0	0.0	0.0	5.128377437591553	0.0	0.0	0.0	0.0	0.0	0.0	0.0	0.0	0.0	0.0	0.0	0.0	0.0	5.5042724609375	0.0	0.0	0.0	0.0	0.0	5.306865692138672	0.0	0.0	5.5865159034729	0.0	0.0	0.0	6.037618637084961	0.0	6.514677047729492	0.0	0.0	0.0	0.0	0.0	0.0	0.0	0.0	0.0	0.0	0.0	0.0	0.0	4.6729817390441895	0.0
0.0	0.0	0.0	3.313312292098999	0.0	0.0	0.0	6.765369892120361	0.0	0.0	0.0	0.0	0.0	3.9739980697631836	0.0	0.0	0.0	0.0	0.0	5.13824987411499	0.0	0.0	0.0	0.0	0.0	0.0	0.0	0.0	0.0	0.0	0.0	0.0	0.0	5.515774726867676	0.0	0.0	0.0	0.0	0.0	5.320889949798584	0.0	0.0	5.599816799163818	0.0	0.0	0.0	6.051756858825684	0.0	6.523489952087402	0.0	0.0	0.0	0.0	0.0	0.0	0.0	0.0	0.0	0.0	0.0	0.0	0.0	4.685118198394775	0.0
0.0	0.0	0.0	3.3004729747772217	0.0	0.0	0.0	6.750714302062988	0.0	0.0	0.0	0.0	0.0	3.9649932384490967	0.0	0.0	0.0	0.0	0.0	5.124141693115234	0.0	0.0	0.0	0.0	0.0	0.0	0.0	0.0	0.0	0.0	0.0	0.0	0.0	5.502127170562744	0.0	0.0	0.0	0.0	0.0	5.303373336791992	0.0	0.0	5.581027984619141	0.0	0.0	0.0	6.033886909484863	0.0	6.504326820373535	0.0	0.0	0.0	0.0	0.0	0.0	0.0	0.0	0.0	0.0	0.0	0.0	0.0	4.672986030578613	0.0
0.0	0.0	0.0	3.3096320629119873	0.0	0.0	0.0	6.765533924102783	0.0	0.0	0.0	0.0	0.0	3.970414876937866	0.0	0.0	0.0	0.0	0.0	5.137956619262695	0.0	0.0	0.0	0.0	0.0	0.0	0.0	0.0	0.0	0.0	0.0	0.0	0.0	5.515415191650391	0.0	0.0	0.0	0.0	0.0	5.3184919357299805	0.0	0.0	5.5982985496521	0.0	0.0	0.0	6.051106929779053	0.0	6.529669284820557	0.0	0.0	0.0	0.0	0.0	0.0	0.0	0.0	0.0	0.0	0.0	0.0	0.0	4.683704376220703	0.0
0.0	0.0	0.0	3.3122990131378174	0.0	0.0	0.0	6.76267147064209	0.0	0.0	0.0	0.0	0.0	3.975907802581787	0.0	0.0	0.0	0.0	0.0	5.135171890258789	0.0	0.0	0.0	0.0	0.0	0.0	0.0	0.0	0.0	0.0	0.0	0.0	0.0	5.506109714508057	0.0	0.0	0.0	0.0	0.0	5.323480606079102	0.0	0.0	5.598918437957764	0.0	0.0	0.0	6.05111837387085	0.0	6.521475315093994	0.0	0.0	0.0	0.0	0.0	0.0	0.0	0.0	0.0	0.0	0.0	0.0	0.0	4.684540271759033	0.0
0.0	0.0	0.0	3.313392400741577	0.0	0.0	0.0	6.7715935707092285	0.0	0.0	0.0	0.0	0.0	3.9760985374450684	0.0	0.0	0.0	0.0	0.0	5.141817092895508	0.0	0.0	0.0	0.0	0.0	0.0	0.0	0.0	0.0	0.0	0.0	0.0	0.0	5.519114971160889	0.0	0.0	0.0	0.0	0.0	5.326799392700195	0.0	0.0	5.6030683517456055	0.0	0.0	0.0	6.054678916931152	0.0	6.531196117401123	0.0	0.0	0.0	0.0	0.0	0.0	0.0	0.0	0.0	0.0	0.0	0.0	0.0	4.6872029304504395	0.0
0.0	0.0	0.0	3.3163821697235107	0.0	0.0	0.0	6.778906345367432	0.0	0.0	0.0	0.0	0.0	3.977433443069458	0.0	0.0	0.0	0.0	0.0	5.14112663269043	0.0	0.0	0.0	0.0	0.0	0.0	0.0	0.0	0.0	0.0	0.0	0.0	0.0	5.517683982849121	0.0	0.0	0.0	0.0	0.0	5.33243989944458	0.0	0.0	5.6133809089660645	0.0	0.0	0.0	6.064553737640381	0.0	6.5369553565979	0.0	0.0	0.0	0.0	0.0	0.0	0.0	0.0	0.0	0.0	0.0	0.0	0.0	4.692704677581787	0.0
0.0	0.0	0.0	3.3124330043792725	0.0	0.0	0.0	6.767721652984619	0.0	0.0	0.0	0.0	0.0	3.975372552871704	0.0	0.0	0.0	0.0	0.0	5.140167236328125	0.0	0.0	0.0	0.0	0.0	0.0	0.0	0.0	0.0	0.0	0.0	0.0	0.0	5.517581462860107	0.0	0.0	0.0	0.0	0.0	5.322396278381348	0.0	0.0	5.597100734710693	0.0	0.0	0.0	6.051168918609619	0.0	6.530017375946045	0.0	0.0	0.0	0.0	0.0	0.0	0.0	0.0	0.0	0.0	0.0	0.0	0.0	4.68577766418457	0.0
0.0	0.0	0.0	3.3169078826904297	0.0	0.0	0.0	6.770821571350098	0.0	0.0	0.0	0.0	0.0	3.9748425483703613	0.0	0.0	0.0	0.0	0.0	5.144899845123291	0.0	0.0	0.0	0.0	0.0	0.0	0.0	0.0	0.0	0.0	0.0	0.0	0.0	5.521211624145508	0.0	0.0	0.0	0.0	0.0	5.324904441833496	0.0	0.0	5.603951930999756	0.0	0.0	0.0	6.054959297180176	0.0	6.534900188446045	0.0	0.0	0.0	0.0	0.0	0.0	0.0	0.0	0.0	0.0	0.0	0.0	0.0	4.688214302062988	0.0
0.0	0.0	0.0	3.315366506576538	0.0	0.0	0.0	6.77741813659668	0.0	0.0	0.0	0.0	0.0	3.978618621826172	0.0	0.0	0.0	0.0	0.0	5.1469502449035645	0.0	0.0	0.0	0.0	0.0	0.0	0.0	0.0	0.0	0.0	0.0	0.0	0.0	5.52588415145874	0.0	0.0	0.0	0.0	0.0	5.330444812774658	0.0	0.0	5.606340408325195	0.0	0.0	0.0	6.061615467071533	0.0	6.542194366455078	0.0	0.0	0.0	0.0	0.0	0.0	0.0	0.0	0.0	0.0	0.0	0.0	0.0	4.691438674926758	0.0
0.0	0.0	0.0	3.312732219696045	0.0	0.0	0.0	6.761771202087402	0.0	0.0	0.0	0.0	0.0	3.971482515335083	0.0	0.0	0.0	0.0	0.0	5.13497257232666	0.0	0.0	0.0	0.0	0.0	0.0	0.0	0.0	0.0	0.0	0.0	0.0	0.0	5.5125651359558105	0.0	0.0	0.0	0.0	0.0	5.317948341369629	0.0	0.0	5.596503257751465	0.0	0.0	0.0	6.0458221435546875	0.0	6.524668216705322	0.0	0.0	0.0	0.0	0.0	0.0	0.0	0.0	0.0	0.0	0.0	0.0	0.0	4.679088592529297	0.0
0.0	0.0	0.0	3.297537088394165	0.0	0.0	0.0	6.734862804412842	0.0	0.0	0.0	0.0	0.0	3.9537739753723145	0.0	0.0	0.0	0.0	0.0	5.099447727203369	0.0	0.0	0.0	0.0	0.0	0.0	0.0	0.0	0.0	0.0	0.0	0.0	0.0	5.468522071838379	0.0	0.0	0.0	0.0	0.0	5.278052806854248	0.0	0.0	5.565384387969971	0.0	0.0	0.0	6.009164333343506	0.0	6.465025901794434	0.0	0.0	0.0	0.0	0.0	0.0	0.0	0.0	0.0	0.0	0.0	0.0	0.0	4.64656400680542	0.0
0.0	0.0	0.0	3.2975878715515137	0.0	0.0	0.0	6.726141452789307	0.0	0.0	0.0	0.0	0.0	3.9453980922698975	0.0	0.0	0.0	0.0	0.0	5.0890116691589355	0.0	0.0	0.0	0.0	0.0	0.0	0.0	0.0	0.0	0.0	0.0	0.0	0.0	5.462532997131348	0.0	0.0	0.0	0.0	0.0	5.275993824005127	0.0	0.0	5.561798572540283	0.0	0.0	0.0	6.003065586090088	0.0	6.457597732543945	0.0	0.0	0.0	0.0	0.0	0.0	0.0	0.0	0.0	0.0	0.0	0.0	0.0	4.646437168121338	0.0
0.0	0.0	0.0	3.311652421951294	0.0	0.0	0.0	6.765646457672119	0.0	0.0	0.0	0.0	0.0	3.9712975025177	0.0	0.0	0.0	0.0	0.0	5.135991096496582	0.0	0.0	0.0	0.0	0.0	0.0	0.0	0.0	0.0	0.0	0.0	0.0	0.0	5.513239860534668	0.0	0.0	0.0	0.0	0.0	5.320046424865723	0.0	0.0	5.600579261779785	0.0	0.0	0.0	6.048018932342529	0.0	6.526625156402588	0.0	0.0	0.0	0.0	0.0	0.0	0.0	0.0	0.0	0.0	0.0	0.0	0.0	4.683067798614502	0.0
0.0	0.0	0.0	3.3074159622192383	0.0	0.0	0.0	6.760710716247559	0.0	0.0	0.0	0.0	0.0	3.968963623046875	0.0	0.0	0.0	0.0	0.0	5.132178783416748	0.0	0.0	0.0	0.0	0.0	0.0	0.0	0.0	0.0	0.0	0.0	0.0	0.0	5.508206367492676	0.0	0.0	0.0	0.0	0.0	5.317858695983887	0.0	0.0	5.588237762451172	0.0	0.0	0.0	6.046411037445068	0.0	6.516434669494629	0.0	0.0	0.0	0.0	0.0	0.0	0.0	0.0	0.0	0.0	0.0	0.0	0.0	4.682475566864014	0.0
0.0	0.0	0.0	3.314537525177002	0.0	0.0	0.0	6.766921043395996	0.0	0.0	0.0	0.0	0.0	3.976282835006714	0.0	0.0	0.0	0.0	0.0	5.13641357421875	0.0	0.0	0.0	0.0	0.0	0.0	0.0	0.0	0.0	0.0	0.0	0.0	0.0	5.5103254318237305	0.0	0.0	0.0	0.0	0.0	5.316068172454834	0.0	0.0	5.602564811706543	0.0	0.0	0.0	6.048550128936768	0.0	6.52446985244751	0.0	0.0	0.0	0.0	0.0	0.0	0.0	0.0	0.0	0.0	0.0	0.0	0.0	4.681660175323486	0.0
0.0	0.0	0.0	3.310664415359497	0.0	0.0	0.0	6.765248775482178	0.0	0.0	0.0	0.0	0.0	3.9715347290039062	0.0	0.0	0.0	0.0	0.0	5.135987758636475	0.0	0.0	0.0	0.0	0.0	0.0	0.0	0.0	0.0	0.0	0.0	0.0	0.0	5.512260913848877	0.0	0.0	0.0	0.0	0.0	5.318116664886475	0.0	0.0	5.597526550292969	0.0	0.0	0.0	6.046615123748779	0.0	6.520170211791992	0.0	0.0	0.0	0.0	0.0	0.0	0.0	0.0	0.0	0.0	0.0	0.0	0.0	4.679729461669922	0.0
0.0	0.0	0.0	3.308310031890869	0.0	0.0	0.0	6.761193752288818	0.0	0.0	0.0	0.0	0.0	3.9693331718444824	0.0	0.0	0.0	0.0	0.0	5.131384372711182	0.0	0.0	0.0	0.0	0.0	0.0	0.0	0.0	0.0	0.0	0.0	0.0	0.0	5.504621505737305	0.0	0.0	0.0	0.0	0.0	5.314760208129883	0.0	0.0	5.593208312988281	0.0	0.0	0.0	6.043577671051025	0.0	6.511410713195801	0.0	0.0	0.0	0.0	0.0	0.0	0.0	0.0	0.0	0.0	0.0	0.0	0.0	4.679209232330322	0.0
0.0	0.0	0.0	3.303555965423584	0.0	0.0	0.0	6.755544662475586	0.0	0.0	0.0	0.0	0.0	3.9649248123168945	0.0	0.0	0.0	0.0	0.0	5.118732929229736	0.0	0.0	0.0	0.0	0.0	0.0	0.0	0.0	0.0	0.0	0.0	0.0	0.0	5.495883941650391	0.0	0.0	0.0	0.0	0.0	5.3094964027404785	0.0	0.0	5.587728500366211	0.0	0.0	0.0	6.037105560302734	0.0	6.505332946777344	0.0	0.0	0.0	0.0	0.0	0.0	0.0	0.0	0.0	0.0	0.0	0.0	0.0	4.678109645843506	0.0
0.0	0.0	0.0	3.3104145526885986	0.0	0.0	0.0	6.765358924865723	0.0	0.0	0.0	0.0	0.0	3.969536542892456	0.0	0.0	0.0	0.0	0.0	5.132474422454834	0.0	0.0	0.0	0.0	0.0	0.0	0.0	0.0	0.0	0.0	0.0	0.0	0.0	5.511579990386963	0.0	0.0	0.0	0.0	0.0	5.313137054443359	0.0	0.0	5.596795558929443	0.0	0.0	0.0	6.04378604888916	0.0	6.520968914031982	0.0	0.0	0.0	0.0	0.0	0.0	0.0	0.0	0.0	0.0	0.0	0.0	0.0	4.677290916442871	0.0
0.0	0.0	0.0	3.309358596801758	0.0	0.0	0.0	6.746561050415039	0.0	0.0	0.0	0.0	0.0	3.964644193649292	0.0	0.0	0.0	0.0	0.0	5.118484020233154	0.0	0.0	0.0	0.0	0.0	0.0	0.0	0.0	0.0	0.0	0.0	0.0	0.0	5.496328830718994	0.0	0.0	0.0	0.0	0.0	5.303407669067383	0.0	0.0	5.5855889320373535	0.0	0.0	0.0	6.032681465148926	0.0	6.494527339935303	0.0	0.0	0.0	0.0	0.0	0.0	0.0	0.0	0.0	0.0	0.0	0.0	0.0	4.669958114624023	0.0
0.0	0.0	0.0	3.3185994625091553	0.0	0.0	0.0	6.77689266204834	0.0	0.0	0.0	0.0	0.0	3.9779438972473145	0.0	0.0	0.0	0.0	0.0	5.14715576171875	0.0	0.0	0.0	0.0	0.0	0.0	0.0	0.0	0.0	0.0	0.0	0.0	0.0	5.524330139160156	0.0	0.0	0.0	0.0	0.0	5.330371379852295	0.0	0.0	5.607507705688477	0.0	0.0	0.0	6.0629963874816895	0.0	6.539801597595215	0.0	0.0	0.0	0.0	0.0	0.0	0.0	0.0	0.0	0.0	0.0	0.0	0.0	4.691176414489746	0.0
0.0	0.0	0.0	3.2902028560638428	0.0	0.0	0.0	6.70880126953125	0.0	0.0	0.0	0.0	0.0	3.945976495742798	0.0	0.0	0.0	0.0	0.0	5.103256702423096	0.0	0.0	0.0	0.0	0.0	0.0	0.0	0.0	0.0	0.0	0.0	0.0	0.0	5.474026203155518	0.0	0.0	0.0	0.0	0.0	5.279836654663086	0.0	0.0	5.55410099029541	0.0	0.0	0.0	6.003591060638428	0.0	6.475616455078125	0.0	0.0	0.0	0.0	0.0	0.0	0.0	0.0	0.0	0.0	0.0	0.0	0.0	4.647460460662842	0.0
0.0	0.0	0.0	3.3144383430480957	0.0	0.0	0.0	6.765851974487305	0.0	0.0	0.0	0.0	0.0	3.9748055934906006	0.0	0.0	0.0	0.0	0.0	5.14010763168335	0.0	0.0	0.0	0.0	0.0	0.0	0.0	0.0	0.0	0.0	0.0	0.0	0.0	5.517245769500732	0.0	0.0	0.0	0.0	0.0	5.320023536682129	0.0	0.0	5.5998005867004395	0.0	0.0	0.0	6.050835609436035	0.0	6.530616283416748	0.0	0.0	0.0	0.0	0.0	0.0	0.0	0.0	0.0	0.0	0.0	0.0	0.0	4.684216022491455	0.0
0.0	0.0	0.0	3.31378173828125	0.0	0.0	0.0	6.764315128326416	0.0	0.0	0.0	0.0	0.0	3.9735562801361084	0.0	0.0	0.0	0.0	0.0	5.1397833824157715	0.0	0.0	0.0	0.0	0.0	0.0	0.0	0.0	0.0	0.0	0.0	0.0	0.0	5.516572952270508	0.0	0.0	0.0	0.0	0.0	5.321666240692139	0.0	0.0	5.5987443923950195	0.0	0.0	0.0	6.051505088806152	0.0	6.530245304107666	0.0	0.0	0.0	0.0	0.0	0.0	0.0	0.0	0.0	0.0	0.0	0.0	0.0	4.685441970825195	0.0
0.0	0.0	0.0	3.3151941299438477	0.0	0.0	0.0	6.770988464355469	0.0	0.0	0.0	0.0	0.0	3.9767563343048096	0.0	0.0	0.0	0.0	0.0	5.141058444976807	0.0	0.0	0.0	0.0	0.0	0.0	0.0	0.0	0.0	0.0	0.0	0.0	0.0	5.519911289215088	0.0	0.0	0.0	0.0	0.0	5.321961402893066	0.0	0.0	5.602121353149414	0.0	0.0	0.0	6.054272651672363	0.0	6.530513286590576	0.0	0.0	0.0	0.0	0.0	0.0	0.0	0.0	0.0	0.0	0.0	0.0	0.0	4.685991287231445	0.0
0.0	0.0	0.0	3.309431552886963	0.0	0.0	0.0	6.763871192932129	0.0	0.0	0.0	0.0	0.0	3.9706759452819824	0.0	0.0	0.0	0.0	0.0	5.133305549621582	0.0	0.0	0.0	0.0	0.0	0.0	0.0	0.0	0.0	0.0	0.0	0.0	0.0	5.509799480438232	0.0	0.0	0.0	0.0	0.0	5.316904544830322	0.0	0.0	5.596880912780762	0.0	0.0	0.0	6.048627853393555	0.0	6.521065711975098	0.0	0.0	0.0	0.0	0.0	0.0	0.0	0.0	0.0	0.0	0.0	0.0	0.0	4.6825971603393555	0.0
0.0	0.0	0.0	3.3119945526123047	0.0	0.0	0.0	6.758672714233398	0.0	0.0	0.0	0.0	0.0	3.9737701416015625	0.0	0.0	0.0	0.0	0.0	5.135272026062012	0.0	0.0	0.0	0.0	0.0	0.0	0.0	0.0	0.0	0.0	0.0	0.0	0.0	5.510805130004883	0.0	0.0	0.0	0.0	0.0	5.3158745765686035	0.0	0.0	5.595300674438477	0.0	0.0	0.0	6.042577266693115	0.0	6.523207664489746	0.0	0.0	0.0	0.0	0.0	0.0	0.0	0.0	0.0	0.0	0.0	0.0	0.0	4.679176330566406	0.0
0.0	0.0	0.0	3.312399387359619	0.0	0.0	0.0	6.762317657470703	0.0	0.0	0.0	0.0	0.0	3.977893829345703	0.0	0.0	0.0	0.0	0.0	5.1365556716918945	0.0	0.0	0.0	0.0	0.0	0.0	0.0	0.0	0.0	0.0	0.0	0.0	0.0	5.514421463012695	0.0	0.0	0.0	0.0	0.0	5.318708896636963	0.0	0.0	5.597391128540039	0.0	0.0	0.0	6.0501179695129395	0.0	6.525591850280762	0.0	0.0	0.0	0.0	0.0	0.0	0.0	0.0	0.0	0.0	0.0	0.0	0.0	4.6822662353515625	0.0
0.0	0.0	0.0	3.3087246417999268	0.0	0.0	0.0	6.760610103607178	0.0	0.0	0.0	0.0	0.0	3.969325304031372	0.0	0.0	0.0	0.0	0.0	5.1343841552734375	0.0	0.0	0.0	0.0	0.0	0.0	0.0	0.0	0.0	0.0	0.0	0.0	0.0	5.507452011108398	0.0	0.0	0.0	0.0	0.0	5.316535472869873	0.0	0.0	5.592898368835449	0.0	0.0	0.0	6.043147563934326	0.0	6.522100925445557	0.0	0.0	0.0	0.0	0.0	0.0	0.0	0.0	0.0	0.0	0.0	0.0	0.0	4.678258419036865	0.0
0.0	0.0	0.0	3.294236898422241	0.0	0.0	0.0	6.711462497711182	0.0	0.0	0.0	0.0	0.0	3.9482781887054443	0.0	0.0	0.0	0.0	0.0	5.103772163391113	0.0	0.0	0.0	0.0	0.0	0.0	0.0	0.0	0.0	0.0	0.0	0.0	0.0	5.478292465209961	0.0	0.0	0.0	0.0	0.0	5.282735347747803	0.0	0.0	5.557625770568848	0.0	0.0	0.0	6.005759239196777	0.0	6.481847286224365	0.0	0.0	0.0	0.0	0.0	0.0	0.0	0.0	0.0	0.0	0.0	0.0	0.0	4.651073455810547	0.0
0.0	0.0	0.0	3.315563201904297	0.0	0.0	0.0	6.768651962280273	0.0	0.0	0.0	0.0	0.0	3.9727067947387695	0.0	0.0	0.0	0.0	0.0	5.139042854309082	0.0	0.0	0.0	0.0	0.0	0.0	0.0	0.0	0.0	0.0	0.0	0.0	0.0	5.516573905944824	0.0	0.0	0.0	0.0	0.0	5.32476806640625	0.0	0.0	5.604046821594238	0.0	0.0	0.0	6.054249286651611	0.0	6.53118371963501	0.0	0.0	0.0	0.0	0.0	0.0	0.0	0.0	0.0	0.0	0.0	0.0	0.0	4.687885761260986	0.0
0.0	0.0	0.0	3.3090593814849854	0.0	0.0	0.0	6.751730918884277	0.0	0.0	0.0	0.0	0.0	3.9672884941101074	0.0	0.0	0.0	0.0	0.0	5.13308572769165	0.0	0.0	0.0	0.0	0.0	0.0	0.0	0.0	0.0	0.0	0.0	0.0	0.0	5.509697437286377	0.0	0.0	0.0	0.0	0.0	5.312871932983398	0.0	0.0	5.590890407562256	0.0	0.0	0.0	6.041266441345215	0.0	6.519130229949951	0.0	0.0	0.0	0.0	0.0	0.0	0.0	0.0	0.0	0.0	0.0	0.0	0.0	4.676688194274902	0.0
0.0	0.0	0.0	3.3143935203552246	0.0	0.0	0.0	6.768336772918701	0.0	0.0	0.0	0.0	0.0	3.980414628982544	0.0	0.0	0.0	0.0	0.0	5.1392292976379395	0.0	0.0	0.0	0.0	0.0	0.0	0.0	0.0	0.0	0.0	0.0	0.0	0.0	5.510485649108887	0.0	0.0	0.0	0.0	0.0	5.3226776123046875	0.0	0.0	5.602781772613525	0.0	0.0	0.0	6.054032802581787	0.0	6.526580810546875	0.0	0.0	0.0	0.0	0.0	0.0	0.0	0.0	0.0	0.0	0.0	0.0	0.0	4.681431770324707	0.0
0.0	0.0	0.0	3.3033487796783447	0.0	0.0	0.0	6.739323139190674	0.0	0.0	0.0	0.0	0.0	3.9616730213165283	0.0	0.0	0.0	0.0	0.0	5.121306896209717	0.0	0.0	0.0	0.0	0.0	0.0	0.0	0.0	0.0	0.0	0.0	0.0	0.0	5.496824264526367	0.0	0.0	0.0	0.0	0.0	5.299606800079346	0.0	0.0	5.576201438903809	0.0	0.0	0.0	6.026254177093506	0.0	6.501156330108643	0.0	0.0	0.0	0.0	0.0	0.0	0.0	0.0	0.0	0.0	0.0	0.0	0.0	4.665502548217773	0.0
0.0	0.0	0.0	3.3149805068969727	0.0	0.0	0.0	6.773476600646973	0.0	0.0	0.0	0.0	0.0	3.9762027263641357	0.0	0.0	0.0	0.0	0.0	5.1418070793151855	0.0	0.0	0.0	0.0	0.0	0.0	0.0	0.0	0.0	0.0	0.0	0.0	0.0	5.520954608917236	0.0	0.0	0.0	0.0	0.0	5.325244426727295	0.0	0.0	5.601225852966309	0.0	0.0	0.0	6.0572123527526855	0.0	6.5328216552734375	0.0	0.0	0.0	0.0	0.0	0.0	0.0	0.0	0.0	0.0	0.0	0.0	0.0	4.688361644744873	0.0
0.0	0.0	0.0	3.305781364440918	0.0	0.0	0.0	6.756103515625	0.0	0.0	0.0	0.0	0.0	3.96622633934021	0.0	0.0	0.0	0.0	0.0	5.127439975738525	0.0	0.0	0.0	0.0	0.0	0.0	0.0	0.0	0.0	0.0	0.0	0.0	0.0	5.501500129699707	0.0	0.0	0.0	0.0	0.0	5.310678958892822	0.0	0.0	5.590550422668457	0.0	0.0	0.0	6.039221286773682	0.0	6.51193904876709	0.0	0.0	0.0	0.0	0.0	0.0	0.0	0.0	0.0	0.0	0.0	0.0	0.0	4.677431583404541	0.0
0.0	0.0	0.0	3.2646257877349854	0.0	0.0	0.0	6.665410995483398	0.0	0.0	0.0	0.0	0.0	3.9066739082336426	0.0	0.0	0.0	0.0	0.0	5.020392417907715	0.0	0.0	0.0	0.0	0.0	0.0	0.0	0.0	0.0	0.0	0.0	0.0	0.0	5.395699977874756	0.0	0.0	0.0	0.0	0.0	5.210118293762207	0.0	0.0	5.4969048500061035	0.0	0.0	0.0	5.934206962585449	0.0	6.363406181335449	0.0	0.0	0.0	0.0	0.0	0.0	0.0	0.0	0.0	0.0	0.0	0.0	0.0	4.587380409240723	0.0
0.0	0.0	0.0	3.3170928955078125	0.0	0.0	0.0	6.769565105438232	0.0	0.0	0.0	0.0	0.0	3.9737660884857178	0.0	0.0	0.0	0.0	0.0	5.1404643058776855	0.0	0.0	0.0	0.0	0.0	0.0	0.0	0.0	0.0	0.0	0.0	0.0	0.0	5.509608745574951	0.0	0.0	0.0	0.0	0.0	5.321588039398193	0.0	0.0	5.600954055786133	0.0	0.0	0.0	6.045566082000732	0.0	6.520296096801758	0.0	0.0	0.0	0.0	0.0	0.0	0.0	0.0	0.0	0.0	0.0	0.0	0.0	4.677789211273193	0.0
0.0	0.0	0.0	3.312997817993164	0.0	0.0	0.0	6.774443626403809	0.0	0.0	0.0	0.0	0.0	3.9788734912872314	0.0	0.0	0.0	0.0	0.0	5.14184045791626	0.0	0.0	0.0	0.0	0.0	0.0	0.0	0.0	0.0	0.0	0.0	0.0	0.0	5.522239685058594	0.0	0.0	0.0	0.0	0.0	5.323850154876709	0.0	0.0	5.601637840270996	0.0	0.0	0.0	6.057593822479248	0.0	6.531040668487549	0.0	0.0	0.0	0.0	0.0	0.0	0.0	0.0	0.0	0.0	0.0	0.0	0.0	4.685165882110596	0.0
0.0	0.0	0.0	3.3096699714660645	0.0	0.0	0.0	6.7590227127075195	0.0	0.0	0.0	0.0	0.0	3.9703519344329834	0.0	0.0	0.0	0.0	0.0	5.135385513305664	0.0	0.0	0.0	0.0	0.0	0.0	0.0	0.0	0.0	0.0	0.0	0.0	0.0	5.511523723602295	0.0	0.0	0.0	0.0	0.0	5.318300724029541	0.0	0.0	5.594809532165527	0.0	0.0	0.0	6.04420804977417	0.0	6.521448135375977	0.0	0.0	0.0	0.0	0.0	0.0	0.0	0.0	0.0	0.0	0.0	0.0	0.0	4.679600238800049	0.0
0.0	0.0	0.0	3.318032741546631	0.0	0.0	0.0	6.773097991943359	0.0	0.0	0.0	0.0	0.0	3.9792487621307373	0.0	0.0	0.0	0.0	0.0	5.142592430114746	0.0	0.0	0.0	0.0	0.0	0.0	0.0	0.0	0.0	0.0	0.0	0.0	0.0	5.523036003112793	0.0	0.0	0.0	0.0	0.0	5.326498985290527	0.0	0.0	5.6043291091918945	0.0	0.0	0.0	6.057602882385254	0.0	6.534419059753418	0.0	0.0	0.0	0.0	0.0	0.0	0.0	0.0	0.0	0.0	0.0	0.0	0.0	4.691186904907227	0.0
0.0	0.0	0.0	3.2990801334381104	0.0	0.0	0.0	6.730137825012207	0.0	0.0	0.0	0.0	0.0	3.957348108291626	0.0	0.0	0.0	0.0	0.0	5.1157708168029785	0.0	0.0	0.0	0.0	0.0	0.0	0.0	0.0	0.0	0.0	0.0	0.0	0.0	5.492425441741943	0.0	0.0	0.0	0.0	0.0	5.296169281005859	0.0	0.0	5.575413227081299	0.0	0.0	0.0	6.0230937004089355	0.0	6.500461578369141	0.0	0.0	0.0	0.0	0.0	0.0	0.0	0.0	0.0	0.0	0.0	0.0	0.0	4.663116455078125	0.0
0.0	0.0	0.0	3.31253981590271	0.0	0.0	0.0	6.766530513763428	0.0	0.0	0.0	0.0	0.0	3.9746291637420654	0.0	0.0	0.0	0.0	0.0	5.1392822265625	0.0	0.0	0.0	0.0	0.0	0.0	0.0	0.0	0.0	0.0	0.0	0.0	0.0	5.515472412109375	0.0	0.0	0.0	0.0	0.0	5.3247809410095215	0.0	0.0	5.599724292755127	0.0	0.0	0.0	6.054028034210205	0.0	6.531604290008545	0.0	0.0	0.0	0.0	0.0	0.0	0.0	0.0	0.0	0.0	0.0	0.0	0.0	4.686375617980957	0.0
0.0	0.0	0.0	3.3176493644714355	0.0	0.0	0.0	6.776922225952148	0.0	0.0	0.0	0.0	0.0	3.981543779373169	0.0	0.0	0.0	0.0	0.0	5.145432472229004	0.0	0.0	0.0	0.0	0.0	0.0	0.0	0.0	0.0	0.0	0.0	0.0	0.0	5.524942874908447	0.0	0.0	0.0	0.0	0.0	5.329670429229736	0.0	0.0	5.607795715332031	0.0	0.0	0.0	6.060903549194336	0.0	6.5400800704956055	0.0	0.0	0.0	0.0	0.0	0.0	0.0	0.0	0.0	0.0	0.0	0.0	0.0	4.691923141479492	0.0
0.0	0.0	0.0	3.3075153827667236	0.0	0.0	0.0	6.765594005584717	0.0	0.0	0.0	0.0	0.0	3.9665539264678955	0.0	0.0	0.0	0.0	0.0	5.134274005889893	0.0	0.0	0.0	0.0	0.0	0.0	0.0	0.0	0.0	0.0	0.0	0.0	0.0	5.512584209442139	0.0	0.0	0.0	0.0	0.0	5.315924167633057	0.0	0.0	5.597630977630615	0.0	0.0	0.0	6.049243927001953	0.0	6.526280879974365	0.0	0.0	0.0	0.0	0.0	0.0	0.0	0.0	0.0	0.0	0.0	0.0	0.0	4.681010723114014	0.0
0.0	0.0	0.0	3.3101651668548584	0.0	0.0	0.0	6.755520820617676	0.0	0.0	0.0	0.0	0.0	3.9685497283935547	0.0	0.0	0.0	0.0	0.0	5.134304046630859	0.0	0.0	0.0	0.0	0.0	0.0	0.0	0.0	0.0	0.0	0.0	0.0	0.0	5.511662006378174	0.0	0.0	0.0	0.0	0.0	5.316167831420898	0.0	0.0	5.592949867248535	0.0	0.0	0.0	6.042937278747559	0.0	6.520592212677002	0.0	0.0	0.0	0.0	0.0	0.0	0.0	0.0	0.0	0.0	0.0	0.0	0.0	4.68084192276001	0.0
0.0	0.0	0.0	3.3039655685424805	0.0	0.0	0.0	6.756529808044434	0.0	0.0	0.0	0.0	0.0	3.964539051055908	0.0	0.0	0.0	0.0	0.0	5.12558650970459	0.0	0.0	0.0	0.0	0.0	0.0	0.0	0.0	0.0	0.0	0.0	0.0	0.0	5.500629425048828	0.0	0.0	0.0	0.0	0.0	5.3068156242370605	0.0	0.0	5.589014530181885	0.0	0.0	0.0	6.037174701690674	0.0	6.507794380187988	0.0	0.0	0.0	0.0	0.0	0.0	0.0	0.0	0.0	0.0	0.0	0.0	0.0	4.670713424682617	0.0
0.0	0.0	0.0	3.320603609085083	0.0	0.0	0.0	6.788872241973877	0.0	0.0	0.0	0.0	0.0	3.984424591064453	0.0	0.0	0.0	0.0	0.0	5.151183128356934	0.0	0.0	0.0	0.0	0.0	0.0	0.0	0.0	0.0	0.0	0.0	0.0	0.0	5.531881332397461	0.0	0.0	0.0	0.0	0.0	5.330096244812012	0.0	0.0	5.609705924987793	0.0	0.0	0.0	6.066049575805664	0.0	6.534721374511719	0.0	0.0	0.0	0.0	0.0	0.0	0.0	0.0	0.0	0.0	0.0	0.0	0.0	4.696691513061523	0.0
0.0	0.0	0.0	3.316701889038086	0.0	0.0	0.0	6.77860689163208	0.0	0.0	0.0	0.0	0.0	3.9820468425750732	0.0	0.0	0.0	0.0	0.0	5.146771430969238	0.0	0.0	0.0	0.0	0.0	0.0	0.0	0.0	0.0	0.0	0.0	0.0	0.0	5.523993968963623	0.0	0.0	0.0	0.0	0.0	5.326364040374756	0.0	0.0	5.609339237213135	0.0	0.0	0.0	6.058061599731445	0.0	6.536951541900635	0.0	0.0	0.0	0.0	0.0	0.0	0.0	0.0	0.0	0.0	0.0	0.0	0.0	4.691039085388184	0.0
0.0	0.0	0.0	3.3096847534179688	0.0	0.0	0.0	6.768020153045654	0.0	0.0	0.0	0.0	0.0	3.9733147621154785	0.0	0.0	0.0	0.0	0.0	5.138092041015625	0.0	0.0	0.0	0.0	0.0	0.0	0.0	0.0	0.0	0.0	0.0	0.0	0.0	5.510521411895752	0.0	0.0	0.0	0.0	0.0	5.321381092071533	0.0	0.0	5.600327014923096	0.0	0.0	0.0	6.04914665222168	0.0	6.523879528045654	0.0	0.0	0.0	0.0	0.0	0.0	0.0	0.0	0.0	0.0	0.0	0.0	0.0	4.682263374328613	0.0
0.0	0.0	0.0	3.3128538131713867	0.0	0.0	0.0	6.775868892669678	0.0	0.0	0.0	0.0	0.0	3.9767656326293945	0.0	0.0	0.0	0.0	0.0	5.144445419311523	0.0	0.0	0.0	0.0	0.0	0.0	0.0	0.0	0.0	0.0	0.0	0.0	0.0	5.520269393920898	0.0	0.0	0.0	0.0	0.0	5.328409671783447	0.0	0.0	5.603048801422119	0.0	0.0	0.0	6.06391716003418	0.0	6.534641265869141	0.0	0.0	0.0	0.0	0.0	0.0	0.0	0.0	0.0	0.0	0.0	0.0	0.0	4.690158367156982	0.0
0.0	0.0	0.0	3.3146414756774902	0.0	0.0	0.0	6.763011455535889	0.0	0.0	0.0	0.0	0.0	3.9757471084594727	0.0	0.0	0.0	0.0	0.0	5.138034820556641	0.0	0.0	0.0	0.0	0.0	0.0	0.0	0.0	0.0	0.0	0.0	0.0	0.0	5.517159938812256	0.0	0.0	0.0	0.0	0.0	5.320638179779053	0.0	0.0	5.5983757972717285	0.0	0.0	0.0	6.047873497009277	0.0	6.529272556304932	0.0	0.0	0.0	0.0	0.0	0.0	0.0	0.0	0.0	0.0	0.0	0.0	0.0	4.685193061828613	0.0
0.0	0.0	0.0	3.3092894554138184	0.0	0.0	0.0	6.757281303405762	0.0	0.0	0.0	0.0	0.0	3.9684629440307617	0.0	0.0	0.0	0.0	0.0	5.1315717697143555	0.0	0.0	0.0	0.0	0.0	0.0	0.0	0.0	0.0	0.0	0.0	0.0	0.0	5.509215354919434	0.0	0.0	0.0	0.0	0.0	5.313680648803711	0.0	0.0	5.591863632202148	0.0	0.0	0.0	6.04364013671875	0.0	6.522939682006836	0.0	0.0	0.0	0.0	0.0	0.0	0.0	0.0	0.0	0.0	0.0	0.0	0.0	4.679654598236084	0.0
0.0	0.0	0.0	3.303640127182007	0.0	0.0	0.0	6.759947776794434	0.0	0.0	0.0	0.0	0.0	3.9644529819488525	0.0	0.0	0.0	0.0	0.0	5.131678104400635	0.0	0.0	0.0	0.0	0.0	0.0	0.0	0.0	0.0	0.0	0.0	0.0	0.0	5.507275104522705	0.0	0.0	0.0	0.0	0.0	5.311195373535156	0.0	0.0	5.592255592346191	0.0	0.0	0.0	6.045274257659912	0.0	6.52051305770874	0.0	0.0	0.0	0.0	0.0	0.0	0.0	0.0	0.0	0.0	0.0	0.0	0.0	4.677046775817871	0.0
0.0	0.0	0.0	3.313210964202881	0.0	0.0	0.0	6.7689056396484375	0.0	0.0	0.0	0.0	0.0	3.9740021228790283	0.0	0.0	0.0	0.0	0.0	5.140133380889893	0.0	0.0	0.0	0.0	0.0	0.0	0.0	0.0	0.0	0.0	0.0	0.0	0.0	5.517646312713623	0.0	0.0	0.0	0.0	0.0	5.320707321166992	0.0	0.0	5.600809574127197	0.0	0.0	0.0	6.051643371582031	0.0	6.52965784072876	0.0	0.0	0.0	0.0	0.0	0.0	0.0	0.0	0.0	0.0	0.0	0.0	0.0	4.68671178817749	0.0
0.0	0.0	0.0	3.3180477619171143	0.0	0.0	0.0	6.7735395431518555	0.0	0.0	0.0	0.0	0.0	3.979435682296753	0.0	0.0	0.0	0.0	0.0	5.144525051116943	0.0	0.0	0.0	0.0	0.0	0.0	0.0	0.0	0.0	0.0	0.0	0.0	0.0	5.520459175109863	0.0	0.0	0.0	0.0	0.0	5.323670387268066	0.0	0.0	5.6060872077941895	0.0	0.0	0.0	6.058597564697266	0.0	6.532444000244141	0.0	0.0	0.0	0.0	0.0	0.0	0.0	0.0	0.0	0.0	0.0	0.0	0.0	4.683625221252441	0.0
0.0	0.0	0.0	3.3096606731414795	0.0	0.0	0.0	6.770173072814941	0.0	0.0	0.0	0.0	0.0	3.973578929901123	0.0	0.0	0.0	0.0	0.0	5.136935710906982	0.0	0.0	0.0	0.0	0.0	0.0	0.0	0.0	0.0	0.0	0.0	0.0	0.0	5.5123982429504395	0.0	0.0	0.0	0.0	0.0	5.319581031799316	0.0	0.0	5.597763538360596	0.0	0.0	0.0	6.049139022827148	0.0	6.526541233062744	0.0	0.0	0.0	0.0	0.0	0.0	0.0	0.0	0.0	0.0	0.0	0.0	0.0	4.684263229370117	0.0
0.0	0.0	0.0	3.3182332515716553	0.0	0.0	0.0	6.780119895935059	0.0	0.0	0.0	0.0	0.0	3.9838778972625732	0.0	0.0	0.0	0.0	0.0	5.14706563949585	0.0	0.0	0.0	0.0	0.0	0.0	0.0	0.0	0.0	0.0	0.0	0.0	0.0	5.525024890899658	0.0	0.0	0.0	0.0	0.0	5.329887866973877	0.0	0.0	5.6122331619262695	0.0	0.0	0.0	6.062674045562744	0.0	6.539249420166016	0.0	0.0	0.0	0.0	0.0	0.0	0.0	0.0	0.0	0.0	0.0	0.0	0.0	4.695262432098389	0.0
0.0	0.0	0.0	3.311044692993164	0.0	0.0	0.0	6.767128944396973	0.0	0.0	0.0	0.0	0.0	3.9711127281188965	0.0	0.0	0.0	0.0	0.0	5.129138946533203	0.0	0.0	0.0	0.0	0.0	0.0	0.0	0.0	0.0	0.0	0.0	0.0	0.0	5.503634452819824	0.0	0.0	0.0	0.0	0.0	5.319631099700928	0.0	0.0	5.595631122589111	0.0	0.0	0.0	6.046288967132568	0.0	6.518795967102051	0.0	0.0	0.0	0.0	0.0	0.0	0.0	0.0	0.0	0.0	0.0	0.0	0.0	4.6790924072265625	0.0
0.0	0.0	0.0	3.3164353370666504	0.0	0.0	0.0	6.780367374420166	0.0	0.0	0.0	0.0	0.0	3.9800713062286377	0.0	0.0	0.0	0.0	0.0	5.14227819442749	0.0	0.0	0.0	0.0	0.0	0.0	0.0	0.0	0.0	0.0	0.0	0.0	0.0	5.522955417633057	0.0	0.0	0.0	0.0	0.0	5.329013824462891	0.0	0.0	5.614201068878174	0.0	0.0	0.0	6.065525531768799	0.0	6.543395042419434	0.0	0.0	0.0	0.0	0.0	0.0	0.0	0.0	0.0	0.0	0.0	0.0	0.0	4.691424369812012	0.0
0.0	0.0	0.0	3.313586473464966	0.0	0.0	0.0	6.7629075050354	0.0	0.0	0.0	0.0	0.0	3.971726894378662	0.0	0.0	0.0	0.0	0.0	5.136582851409912	0.0	0.0	0.0	0.0	0.0	0.0	0.0	0.0	0.0	0.0	0.0	0.0	0.0	5.514591217041016	0.0	0.0	0.0	0.0	0.0	5.316726207733154	0.0	0.0	5.596587181091309	0.0	0.0	0.0	6.045813083648682	0.0	6.526367664337158	0.0	0.0	0.0	0.0	0.0	0.0	0.0	0.0	0.0	0.0	0.0	0.0	0.0	4.682699680328369	0.0
0.0	0.0	0.0	3.3082516193389893	0.0	0.0	0.0	6.7582902908325195	0.0	0.0	0.0	0.0	0.0	3.9707672595977783	0.0	0.0	0.0	0.0	0.0	5.132565975189209	0.0	0.0	0.0	0.0	0.0	0.0	0.0	0.0	0.0	0.0	0.0	0.0	0.0	5.507989883422852	0.0	0.0	0.0	0.0	0.0	5.316425323486328	0.0	0.0	5.593471050262451	0.0	0.0	0.0	6.042746543884277	0.0	6.521702766418457	0.0	0.0	0.0	0.0	0.0	0.0	0.0	0.0	0.0	0.0	0.0	0.0	0.0	4.677187919616699	0.0
0.0	0.0	0.0	3.2996666431427	0.0	0.0	0.0	6.737936973571777	0.0	0.0	0.0	0.0	0.0	3.959996223449707	0.0	0.0	0.0	0.0	0.0	5.116060733795166	0.0	0.0	0.0	0.0	0.0	0.0	0.0	0.0	0.0	0.0	0.0	0.0	0.0	5.491250991821289	0.0	0.0	0.0	0.0	0.0	5.29955530166626	0.0	0.0	5.578717231750488	0.0	0.0	0.0	6.029763221740723	0.0	6.500201225280762	0.0	0.0	0.0	0.0	0.0	0.0	0.0	0.0	0.0	0.0	0.0	0.0	0.0	4.6698079109191895	0.0
0.0	0.0	0.0	3.3021321296691895	0.0	0.0	0.0	6.741701126098633	0.0	0.0	0.0	0.0	0.0	3.962329387664795	0.0	0.0	0.0	0.0	0.0	5.124874591827393	0.0	0.0	0.0	0.0	0.0	0.0	0.0	0.0	0.0	0.0	0.0	0.0	0.0	5.499368667602539	0.0	0.0	0.0	0.0	0.0	5.303149223327637	0.0	0.0	5.580909252166748	0.0	0.0	0.0	6.030523300170898	0.0	6.509731769561768	0.0	0.0	0.0	0.0	0.0	0.0	0.0	0.0	0.0	0.0	0.0	0.0	0.0	4.670460224151611	0.0
0.0	0.0	0.0	3.315311908721924	0.0	0.0	0.0	6.773075580596924	0.0	0.0	0.0	0.0	0.0	3.9768803119659424	0.0	0.0	0.0	0.0	0.0	5.148473262786865	0.0	0.0	0.0	0.0	0.0	0.0	0.0	0.0	0.0	0.0	0.0	0.0	0.0	5.523754596710205	0.0	0.0	0.0	0.0	0.0	5.3254499435424805	0.0	0.0	5.604227066040039	0.0	0.0	0.0	6.057572364807129	0.0	6.535312652587891	0.0	0.0	0.0	0.0	0.0	0.0	0.0	0.0	0.0	0.0	0.0	0.0	0.0	4.686710834503174	0.0
0.0	0.0	0.0	3.3061490058898926	0.0	0.0	0.0	6.752667427062988	0.0	0.0	0.0	0.0	0.0	3.966855525970459	0.0	0.0	0.0	0.0	0.0	5.128386974334717	0.0	0.0	0.0	0.0	0.0	0.0	0.0	0.0	0.0	0.0	0.0	0.0	0.0	5.504793167114258	0.0	0.0	0.0	0.0	0.0	5.3091206550598145	0.0	0.0	5.587608337402344	0.0	0.0	0.0	6.038452625274658	0.0	6.514889240264893	0.0	0.0	0.0	0.0	0.0	0.0	0.0	0.0	0.0	0.0	0.0	0.0	0.0	4.674523830413818	0.0
0.0	0.0	0.0	3.2865095138549805	0.0	0.0	0.0	6.701394081115723	0.0	0.0	0.0	0.0	0.0	3.9392688274383545	0.0	0.0	0.0	0.0	0.0	5.084715366363525	0.0	0.0	0.0	0.0	0.0	0.0	0.0	0.0	0.0	0.0	0.0	0.0	0.0	5.442010402679443	0.0	0.0	0.0	0.0	0.0	5.2685136795043945	0.0	0.0	5.546212196350098	0.0	0.0	0.0	5.985347270965576	0.0	6.448479652404785	0.0	0.0	0.0	0.0	0.0	0.0	0.0	0.0	0.0	0.0	0.0	0.0	0.0	4.635458469390869	0.0
0.0	0.0	0.0	3.3158411979675293	0.0	0.0	0.0	6.787430286407471	0.0	0.0	0.0	0.0	0.0	3.98067569732666	0.0	0.0	0.0	0.0	0.0	5.1447954177856445	0.0	0.0	0.0	0.0	0.0	0.0	0.0	0.0	0.0	0.0	0.0	0.0	0.0	5.517928123474121	0.0	0.0	0.0	0.0	0.0	5.330803871154785	0.0	0.0	5.615501403808594	0.0	0.0	0.0	6.062707901000977	0.0	6.534252166748047	0.0	0.0	0.0	0.0	0.0	0.0	0.0	0.0	0.0	0.0	0.0	0.0	0.0	4.689973831176758	0.0
0.0	0.0	0.0	3.3125598430633545	0.0	0.0	0.0	6.762773513793945	0.0	0.0	0.0	0.0	0.0	3.973446846008301	0.0	0.0	0.0	0.0	0.0	5.136493682861328	0.0	0.0	0.0	0.0	0.0	0.0	0.0	0.0	0.0	0.0	0.0	0.0	0.0	5.513871192932129	0.0	0.0	0.0	0.0	0.0	5.3189191818237305	0.0	0.0	5.5965189933776855	0.0	0.0	0.0	6.048565864562988	0.0	6.526869773864746	0.0	0.0	0.0	0.0	0.0	0.0	0.0	0.0	0.0	0.0	0.0	0.0	0.0	4.68229866027832	0.0
0.0	0.0	0.0	3.2984373569488525	0.0	0.0	0.0	6.738122940063477	0.0	0.0	0.0	0.0	0.0	3.9524731636047363	0.0	0.0	0.0	0.0	0.0	5.093585968017578	0.0	0.0	0.0	0.0	0.0	0.0	0.0	0.0	0.0	0.0	0.0	0.0	0.0	5.467758655548096	0.0	0.0	0.0	0.0	0.0	5.278128623962402	0.0	0.0	5.568390369415283	0.0	0.0	0.0	6.014641761779785	0.0	6.463344573974609	0.0	0.0	0.0	0.0	0.0	0.0	0.0	0.0	0.0	0.0	0.0	0.0	0.0	4.653083801269531	0.0
0.0	0.0	0.0	3.2763161659240723	0.0	0.0	0.0	6.707324028015137	0.0	0.0	0.0	0.0	0.0	3.9313347339630127	0.0	0.0	0.0	0.0	0.0	5.067094802856445	0.0	0.0	0.0	0.0	0.0	0.0	0.0	0.0	0.0	0.0	0.0	0.0	0.0	5.4418463706970215	0.0	0.0	0.0	0.0	0.0	5.2514777183532715	0.0	0.0	5.534206867218018	0.0	0.0	0.0	5.982580184936523	0.0	6.431999206542969	0.0	0.0	0.0	0.0	0.0	0.0	0.0	0.0	0.0	0.0	0.0	0.0	0.0	4.626805305480957	0.0
0.0	0.0	0.0	3.314150094985962	0.0	0.0	0.0	6.752760887145996	0.0	0.0	0.0	0.0	0.0	3.969046115875244	0.0	0.0	0.0	0.0	0.0	5.135447978973389	0.0	0.0	0.0	0.0	0.0	0.0	0.0	0.0	0.0	0.0	0.0	0.0	0.0	5.509954929351807	0.0	0.0	0.0	0.0	0.0	5.312468528747559	0.0	0.0	5.589636325836182	0.0	0.0	0.0	6.038970947265625	0.0	6.519084930419922	0.0	0.0	0.0	0.0	0.0	0.0	0.0	0.0	0.0	0.0	0.0	0.0	0.0	4.67789888381958	0.0
0.0	0.0	0.0	3.3068623542785645	0.0	0.0	0.0	6.763872146606445	0.0	0.0	0.0	0.0	0.0	3.97124981880188	0.0	0.0	0.0	0.0	0.0	5.133212566375732	0.0	0.0	0.0	0.0	0.0	0.0	0.0	0.0	0.0	0.0	0.0	0.0	0.0	5.505571365356445	0.0	0.0	0.0	0.0	0.0	5.317961692810059	0.0	0.0	5.5911335945129395	0.0	0.0	0.0	6.0473504066467285	0.0	6.515632152557373	0.0	0.0	0.0	0.0	0.0	0.0	0.0	0.0	0.0	0.0	0.0	0.0	0.0	4.677332401275635	0.0
0.0	0.0	0.0	3.3172683715820312	0.0	0.0	0.0	6.768146514892578	0.0	0.0	0.0	0.0	0.0	3.976404905319214	0.0	0.0	0.0	0.0	0.0	5.140676498413086	0.0	0.0	0.0	0.0	0.0	0.0	0.0	0.0	0.0	0.0	0.0	0.0	0.0	5.517758369445801	0.0	0.0	0.0	0.0	0.0	5.3224663734436035	0.0	0.0	5.6033501625061035	0.0	0.0	0.0	6.054084300994873	0.0	6.529466152191162	0.0	0.0	0.0	0.0	0.0	0.0	0.0	0.0	0.0	0.0	0.0	0.0	0.0	4.686298370361328	0.0
0.0	0.0	0.0	3.3122940063476562	0.0	0.0	0.0	6.769367218017578	0.0	0.0	0.0	0.0	0.0	3.9737396240234375	0.0	0.0	0.0	0.0	0.0	5.137989521026611	0.0	0.0	0.0	0.0	0.0	0.0	0.0	0.0	0.0	0.0	0.0	0.0	0.0	5.517324924468994	0.0	0.0	0.0	0.0	0.0	5.323421478271484	0.0	0.0	5.600331783294678	0.0	0.0	0.0	6.052098274230957	0.0	6.5302228927612305	0.0	0.0	0.0	0.0	0.0	0.0	0.0	0.0	0.0	0.0	0.0	0.0	0.0	4.686138153076172	0.0
0.0	0.0	0.0	3.311774253845215	0.0	0.0	0.0	6.75750732421875	0.0	0.0	0.0	0.0	0.0	3.9721648693084717	0.0	0.0	0.0	0.0	0.0	5.137317657470703	0.0	0.0	0.0	0.0	0.0	0.0	0.0	0.0	0.0	0.0	0.0	0.0	0.0	5.514719486236572	0.0	0.0	0.0	0.0	0.0	5.316470146179199	0.0	0.0	5.596067428588867	0.0	0.0	0.0	6.0467987060546875	0.0	6.525512218475342	0.0	0.0	0.0	0.0	0.0	0.0	0.0	0.0	0.0	0.0	0.0	0.0	0.0	4.680392265319824	0.0
0.0	0.0	0.0	3.310389995574951	0.0	0.0	0.0	6.762879848480225	0.0	0.0	0.0	0.0	0.0	3.9702165126800537	0.0	0.0	0.0	0.0	0.0	5.134418964385986	0.0	0.0	0.0	0.0	0.0	0.0	0.0	0.0	0.0	0.0	0.0	0.0	0.0	5.511965274810791	0.0	0.0	0.0	0.0	0.0	5.318854808807373	0.0	0.0	5.597856044769287	0.0	0.0	0.0	6.046846866607666	0.0	6.52140474319458	0.0	0.0	0.0	0.0	0.0	0.0	0.0	0.0	0.0	0.0	0.0	0.0	0.0	4.681247234344482	0.0
0.0	0.0	0.0	3.3032407760620117	0.0	0.0	0.0	6.7427520751953125	0.0	0.0	0.0	0.0	0.0	3.9626054763793945	0.0	0.0	0.0	0.0	0.0	5.1086249351501465	0.0	0.0	0.0	0.0	0.0	0.0	0.0	0.0	0.0	0.0	0.0	0.0	0.0	5.479335784912109	0.0	0.0	0.0	0.0	0.0	5.291168212890625	0.0	0.0	5.5800042152404785	0.0	0.0	0.0	6.022138595581055	0.0	6.478468418121338	0.0	0.0	0.0	0.0	0.0	0.0	0.0	0.0	0.0	0.0	0.0	0.0	0.0	4.655242443084717	0.0
0.0	0.0	0.0	3.308955669403076	0.0	0.0	0.0	6.759687900543213	0.0	0.0	0.0	0.0	0.0	3.970353603363037	0.0	0.0	0.0	0.0	0.0	5.13419771194458	0.0	0.0	0.0	0.0	0.0	0.0	0.0	0.0	0.0	0.0	0.0	0.0	0.0	5.51202392578125	0.0	0.0	0.0	0.0	0.0	5.3144612312316895	0.0	0.0	5.593426704406738	0.0	0.0	0.0	6.044961452484131	0.0	6.525426387786865	0.0	0.0	0.0	0.0	0.0	0.0	0.0	0.0	0.0	0.0	0.0	0.0	0.0	4.681707382202148	0.0
0.0	0.0	0.0	3.3059520721435547	0.0	0.0	0.0	6.749686241149902	0.0	0.0	0.0	0.0	0.0	3.966564893722534	0.0	0.0	0.0	0.0	0.0	5.1296610832214355	0.0	0.0	0.0	0.0	0.0	0.0	0.0	0.0	0.0	0.0	0.0	0.0	0.0	5.505868434906006	0.0	0.0	0.0	0.0	0.0	5.311631679534912	0.0	0.0	5.58908748626709	0.0	0.0	0.0	6.038060188293457	0.0	6.516225337982178	0.0	0.0	0.0	0.0	0.0	0.0	0.0	0.0	0.0	0.0	0.0	0.0	0.0	4.674197673797607	0.0
0.0	0.0	0.0	3.3115615844726562	0.0	0.0	0.0	6.766232013702393	0.0	0.0	0.0	0.0	0.0	3.9731438159942627	0.0	0.0	0.0	0.0	0.0	5.132297992706299	0.0	0.0	0.0	0.0	0.0	0.0	0.0	0.0	0.0	0.0	0.0	0.0	0.0	5.505273342132568	0.0	0.0	0.0	0.0	0.0	5.3176984786987305	0.0	0.0	5.603673934936523	0.0	0.0	0.0	6.051715850830078	0.0	6.5225090980529785	0.0	0.0	0.0	0.0	0.0	0.0	0.0	0.0	0.0	0.0	0.0	0.0	0.0	4.682194709777832	0.0
0.0	0.0	0.0	3.2515370845794678	0.0	0.0	0.0	6.647219181060791	0.0	0.0	0.0	0.0	0.0	3.890218734741211	0.0	0.0	0.0	0.0	0.0	4.994484901428223	0.0	0.0	0.0	0.0	0.0	0.0	0.0	0.0	0.0	0.0	0.0	0.0	0.0	5.359105110168457	0.0	0.0	0.0	0.0	0.0	5.181906700134277	0.0	0.0	5.4786553382873535	0.0	0.0	0.0	5.905923843383789	0.0	6.3271050453186035	0.0	0.0	0.0	0.0	0.0	0.0	0.0	0.0	0.0	0.0	0.0	0.0	0.0	4.569713115692139	0.0
0.0	0.0	0.0	3.3087210655212402	0.0	0.0	0.0	6.764342308044434	0.0	0.0	0.0	0.0	0.0	3.9712398052215576	0.0	0.0	0.0	0.0	0.0	5.13272762298584	0.0	0.0	0.0	0.0	0.0	0.0	0.0	0.0	0.0	0.0	0.0	0.0	0.0	5.508480072021484	0.0	0.0	0.0	0.0	0.0	5.31355094909668	0.0	0.0	5.5925188064575195	0.0	0.0	0.0	6.047736167907715	0.0	6.519062519073486	0.0	0.0	0.0	0.0	0.0	0.0	0.0	0.0	0.0	0.0	0.0	0.0	0.0	4.681811332702637	0.0
0.0	0.0	0.0	3.286313772201538	0.0	0.0	0.0	6.70753288269043	0.0	0.0	0.0	0.0	0.0	3.928288698196411	0.0	0.0	0.0	0.0	0.0	5.05784273147583	0.0	0.0	0.0	0.0	0.0	0.0	0.0	0.0	0.0	0.0	0.0	0.0	0.0	5.430234432220459	0.0	0.0	0.0	0.0	0.0	5.244298934936523	0.0	0.0	5.535710334777832	0.0	0.0	0.0	5.967862129211426	0.0	6.405827045440674	0.0	0.0	0.0	0.0	0.0	0.0	0.0	0.0	0.0	0.0	0.0	0.0	0.0	4.617347240447998	0.0
0.0	0.0	0.0	3.3185691833496094	0.0	0.0	0.0	6.7739152908325195	0.0	0.0	0.0	0.0	0.0	3.9767987728118896	0.0	0.0	0.0	0.0	0.0	5.145608901977539	0.0	0.0	0.0	0.0	0.0	0.0	0.0	0.0	0.0	0.0	0.0	0.0	0.0	5.523643970489502	0.0	0.0	0.0	0.0	0.0	5.332018852233887	0.0	0.0	5.608311653137207	0.0	0.0	0.0	6.05905294418335	0.0	6.53912878036499	0.0	0.0	0.0	0.0	0.0	0.0	0.0	0.0	0.0	0.0	0.0	0.0	0.0	4.693358898162842	0.0
0.0	0.0	0.0	3.2916576862335205	0.0	0.0	0.0	6.762284278869629	0.0	0.0	0.0	0.0	0.0	3.962700366973877	0.0	0.0	0.0	0.0	0.0	5.1200270652771	0.0	0.0	0.0	0.0	0.0	0.0	0.0	0.0	0.0	0.0	0.0	0.0	0.0	5.494480609893799	0.0	0.0	0.0	0.0	0.0	5.309830188751221	0.0	0.0	5.587748050689697	0.0	0.0	0.0	6.046411514282227	0.0	6.507450580596924	0.0	0.0	0.0	0.0	0.0	0.0	0.0	0.0	0.0	0.0	0.0	0.0	0.0	4.679559707641602	0.0
0.0	0.0	0.0	3.3210091590881348	0.0	0.0	0.0	6.777653217315674	0.0	0.0	0.0	0.0	0.0	3.9856514930725098	0.0	0.0	0.0	0.0	0.0	5.146692752838135	0.0	0.0	0.0	0.0	0.0	0.0	0.0	0.0	0.0	0.0	0.0	0.0	0.0	5.527400016784668	0.0	0.0	0.0	0.0	0.0	5.329761028289795	0.0	0.0	5.612393856048584	0.0	0.0	0.0	6.055731773376465	0.0	6.53476619720459	0.0	0.0	0.0	0.0	0.0	0.0	0.0	0.0	0.0	0.0	0.0	0.0	0.0	4.693631649017334	0.0
0.0	0.0	0.0	3.3038151264190674	0.0	0.0	0.0	6.747037887573242	0.0	0.0	0.0	0.0	0.0	3.9641757011413574	0.0	0.0	0.0	0.0	0.0	5.123061180114746	0.0	0.0	0.0	0.0	0.0	0.0	0.0	0.0	0.0	0.0	0.0	0.0	0.0	5.5020599365234375	0.0	0.0	0.0	0.0	0.0	5.306951999664307	0.0	0.0	5.584930419921875	0.0	0.0	0.0	6.035138130187988	0.0	6.51049280166626	0.0	0.0	0.0	0.0	0.0	0.0	0.0	0.0	0.0	0.0	0.0	0.0	0.0	4.673728942871094	0.0
0.0	0.0	0.0	3.307074546813965	0.0	0.0	0.0	6.762542247772217	0.0	0.0	0.0	0.0	0.0	3.9670655727386475	0.0	0.0	0.0	0.0	0.0	5.134718894958496	0.0	0.0	0.0	0.0	0.0	0.0	0.0	0.0	0.0	0.0	0.0	0.0	0.0	5.510128021240234	0.0	0.0	0.0	0.0	0.0	5.314207077026367	0.0	0.0	5.592564582824707	0.0	0.0	0.0	6.044055938720703	0.0	6.522179126739502	0.0	0.0	0.0	0.0	0.0	0.0	0.0	0.0	0.0	0.0	0.0	0.0	0.0	4.680366516113281	0.0
0.0	0.0	0.0	3.310805082321167	0.0	0.0	0.0	6.76777982711792	0.0	0.0	0.0	0.0	0.0	3.9751460552215576	0.0	0.0	0.0	0.0	0.0	5.137688159942627	0.0	0.0	0.0	0.0	0.0	0.0	0.0	0.0	0.0	0.0	0.0	0.0	0.0	5.515669822692871	0.0	0.0	0.0	0.0	0.0	5.3192315101623535	0.0	0.0	5.600803852081299	0.0	0.0	0.0	6.050741195678711	0.0	6.529214859008789	0.0	0.0	0.0	0.0	0.0	0.0	0.0	0.0	0.0	0.0	0.0	0.0	0.0	4.683261871337891	0.0
0.0	0.0	0.0	3.310197591781616	0.0	0.0	0.0	6.75468635559082	0.0	0.0	0.0	0.0	0.0	3.9707834720611572	0.0	0.0	0.0	0.0	0.0	5.134157657623291	0.0	0.0	0.0	0.0	0.0	0.0	0.0	0.0	0.0	0.0	0.0	0.0	0.0	5.509893417358398	0.0	0.0	0.0	0.0	0.0	5.313979625701904	0.0	0.0	5.591351509094238	0.0	0.0	0.0	6.0430474281311035	0.0	6.52128791809082	0.0	0.0	0.0	0.0	0.0	0.0	0.0	0.0	0.0	0.0	0.0	0.0	0.0	4.677971839904785	0.0
0.0	0.0	0.0	3.310222625732422	0.0	0.0	0.0	6.748842239379883	0.0	0.0	0.0	0.0	0.0	3.971363067626953	0.0	0.0	0.0	0.0	0.0	5.127958297729492	0.0	0.0	0.0	0.0	0.0	0.0	0.0	0.0	0.0	0.0	0.0	0.0	0.0	5.495964050292969	0.0	0.0	0.0	0.0	0.0	5.310519695281982	0.0	0.0	5.588332653045654	0.0	0.0	0.0	6.035290718078613	0.0	6.506178855895996	0.0	0.0	0.0	0.0	0.0	0.0	0.0	0.0	0.0	0.0	0.0	0.0	0.0	4.669145584106445	0.0
0.0	0.0	0.0	3.305192708969116	0.0	0.0	0.0	6.744300842285156	0.0	0.0	0.0	0.0	0.0	3.9568324089050293	0.0	0.0	0.0	0.0	0.0	5.115339756011963	0.0	0.0	0.0	0.0	0.0	0.0	0.0	0.0	0.0	0.0	0.0	0.0	0.0	5.487796783447266	0.0	0.0	0.0	0.0	0.0	5.293497562408447	0.0	0.0	5.579706192016602	0.0	0.0	0.0	6.0236334800720215	0.0	6.479663372039795	0.0	0.0	0.0	0.0	0.0	0.0	0.0	0.0	0.0	0.0	0.0	0.0	0.0	4.663280963897705	0.0
0.0	0.0	0.0	3.2919976711273193	0.0	0.0	0.0	6.755343437194824	0.0	0.0	0.0	0.0	0.0	3.9587855339050293	0.0	0.0	0.0	0.0	0.0	5.100831508636475	0.0	0.0	0.0	0.0	0.0	0.0	0.0	0.0	0.0	0.0	0.0	0.0	0.0	5.4818925857543945	0.0	0.0	0.0	0.0	0.0	5.29198694229126	0.0	0.0	5.576213359832764	0.0	0.0	0.0	6.033505916595459	0.0	6.501756191253662	0.0	0.0	0.0	0.0	0.0	0.0	0.0	0.0	0.0	0.0	0.0	0.0	0.0	4.6731038093566895	0.0
0.0	0.0	0.0	3.3144490718841553	0.0	0.0	0.0	6.764281272888184	0.0	0.0	0.0	0.0	0.0	3.9720664024353027	0.0	0.0	0.0	0.0	0.0	5.13756799697876	0.0	0.0	0.0	0.0	0.0	0.0	0.0	0.0	0.0	0.0	0.0	0.0	0.0	5.514298915863037	0.0	0.0	0.0	0.0	0.0	5.321162223815918	0.0	0.0	5.597073554992676	0.0	0.0	0.0	6.048519134521484	0.0	6.526019096374512	0.0	0.0	0.0	0.0	0.0	0.0	0.0	0.0	0.0	0.0	0.0	0.0	0.0	4.684174537658691	0.0
0.0	0.0	0.0	3.3166606426239014	0.0	0.0	0.0	6.7740092277526855	0.0	0.0	0.0	0.0	0.0	3.975449800491333	0.0	0.0	0.0	0.0	0.0	5.144345760345459	0.0	0.0	0.0	0.0	0.0	0.0	0.0	0.0	0.0	0.0	0.0	0.0	0.0	5.521231651306152	0.0	0.0	0.0	0.0	0.0	5.328449249267578	0.0	0.0	5.6066694259643555	0.0	0.0	0.0	6.057302474975586	0.0	6.536729335784912	0.0	0.0	0.0	0.0	0.0	0.0	0.0	0.0	0.0	0.0	0.0	0.0	0.0	4.695008754730225	0.0
0.0	0.0	0.0	3.312936305999756	0.0	0.0	0.0	6.775760173797607	0.0	0.0	0.0	0.0	0.0	3.978654623031616	0.0	0.0	0.0	0.0	0.0	5.1457929611206055	0.0	0.0	0.0	0.0	0.0	0.0	0.0	0.0	0.0	0.0	0.0	0.0	0.0	5.522536754608154	0.0	0.0	0.0	0.0	0.0	5.32609224319458	0.0	0.0	5.607863426208496	0.0	0.0	0.0	6.059279441833496	0.0	6.538445472717285	0.0	0.0	0.0	0.0	0.0	0.0	0.0	0.0	0.0	0.0	0.0	0.0	0.0	4.688445091247559	0.0
0.0	0.0	0.0	3.301495313644409	0.0	0.0	0.0	6.731840133666992	0.0	0.0	0.0	0.0	0.0	3.9581217765808105	0.0	0.0	0.0	0.0	0.0	5.116278648376465	0.0	0.0	0.0	0.0	0.0	0.0	0.0	0.0	0.0	0.0	0.0	0.0	0.0	5.491131782531738	0.0	0.0	0.0	0.0	0.0	5.2949700355529785	0.0	0.0	5.5733819007873535	0.0	0.0	0.0	6.020763397216797	0.0	6.497323513031006	0.0	0.0	0.0	0.0	0.0	0.0	0.0	0.0	0.0	0.0	0.0	0.0	0.0	4.660004138946533	0.0
0.0	0.0	0.0	3.297821521759033	0.0	0.0	0.0	6.725058555603027	0.0	0.0	0.0	0.0	0.0	3.9421885013580322	0.0	0.0	0.0	0.0	0.0	5.088493824005127	0.0	0.0	0.0	0.0	0.0	0.0	0.0	0.0	0.0	0.0	0.0	0.0	0.0	5.456713676452637	0.0	0.0	0.0	0.0	0.0	5.272524356842041	0.0	0.0	5.561065673828125	0.0	0.0	0.0	5.998591423034668	0.0	6.451639652252197	0.0	0.0	0.0	0.0	0.0	0.0	0.0	0.0	0.0	0.0	0.0	0.0	0.0	4.639461040496826	0.0
0.0	0.0	0.0	3.3062074184417725	0.0	0.0	0.0	6.754878044128418	0.0	0.0	0.0	0.0	0.0	3.966092109680176	0.0	0.0	0.0	0.0	0.0	5.12668514251709	0.0	0.0	0.0	0.0	0.0	0.0	0.0	0.0	0.0	0.0	0.0	0.0	0.0	5.503425598144531	0.0	0.0	0.0	0.0	0.0	5.310241222381592	0.0	0.0	5.587924957275391	0.0	0.0	0.0	6.039341449737549	0.0	6.517319202423096	0.0	0.0	0.0	0.0	0.0	0.0	0.0	0.0	0.0	0.0	0.0	0.0	0.0	4.677854061126709	0.0
0.0	0.0	0.0	3.315783739089966	0.0	0.0	0.0	6.772812366485596	0.0	0.0	0.0	0.0	0.0	3.9773387908935547	0.0	0.0	0.0	0.0	0.0	5.144821643829346	0.0	0.0	0.0	0.0	0.0	0.0	0.0	0.0	0.0	0.0	0.0	0.0	0.0	5.522652626037598	0.0	0.0	0.0	0.0	0.0	5.3250651359558105	0.0	0.0	5.602386951446533	0.0	0.0	0.0	6.055266857147217	0.0	6.5334978103637695	0.0	0.0	0.0	0.0	0.0	0.0	0.0	0.0	0.0	0.0	0.0	0.0	0.0	4.6900458335876465	0.0
0.0	0.0	0.0	3.3157918453216553	0.0	0.0	0.0	6.778999328613281	0.0	0.0	0.0	0.0	0.0	3.981372833251953	0.0	0.0	0.0	0.0	0.0	5.146072864532471	0.0	0.0	0.0	0.0	0.0	0.0	0.0	0.0	0.0	0.0	0.0	0.0	0.0	5.52629280090332	0.0	0.0	0.0	0.0	0.0	5.330030918121338	0.0	0.0	5.607138633728027	0.0	0.0	0.0	6.06400728225708	0.0	6.5437703132629395	0.0	0.0	0.0	0.0	0.0	0.0	0.0	0.0	0.0	0.0	0.0	0.0	0.0	4.6948628425598145	0.0
0.0	0.0	0.0	3.312772274017334	0.0	0.0	0.0	6.768709182739258	0.0	0.0	0.0	0.0	0.0	3.9741015434265137	0.0	0.0	0.0	0.0	0.0	5.140392780303955	0.0	0.0	0.0	0.0	0.0	0.0	0.0	0.0	0.0	0.0	0.0	0.0	0.0	5.5163397789001465	0.0	0.0	0.0	0.0	0.0	5.320799827575684	0.0	0.0	5.597943305969238	0.0	0.0	0.0	6.051974773406982	0.0	6.529336452484131	0.0	0.0	0.0	0.0	0.0	0.0	0.0	0.0	0.0	0.0	0.0	0.0	0.0	4.685299396514893	0.0
0.0	0.0	0.0	3.30922532081604	0.0	0.0	0.0	6.754343032836914	0.0	0.0	0.0	0.0	0.0	3.967536687850952	0.0	0.0	0.0	0.0	0.0	5.12271785736084	0.0	0.0	0.0	0.0	0.0	0.0	0.0	0.0	0.0	0.0	0.0	0.0	0.0	5.500967502593994	0.0	0.0	0.0	0.0	0.0	5.307342529296875	0.0	0.0	5.587279319763184	0.0	0.0	0.0	6.041719436645508	0.0	6.506181240081787	0.0	0.0	0.0	0.0	0.0	0.0	0.0	0.0	0.0	0.0	0.0	0.0	0.0	4.671965599060059	0.0
0.0	0.0	0.0	3.281771659851074	0.0	0.0	0.0	6.683369159698486	0.0	0.0	0.0	0.0	0.0	3.9328227043151855	0.0	0.0	0.0	0.0	0.0	5.085812091827393	0.0	0.0	0.0	0.0	0.0	0.0	0.0	0.0	0.0	0.0	0.0	0.0	0.0	5.457587242126465	0.0	0.0	0.0	0.0	0.0	5.2625041007995605	0.0	0.0	5.53664493560791	0.0	0.0	0.0	5.981537342071533	0.0	6.4565110206604	0.0	0.0	0.0	0.0	0.0	0.0	0.0	0.0	0.0	0.0	0.0	0.0	0.0	4.632655143737793	0.0
0.0	0.0	0.0	3.3096578121185303	0.0	0.0	0.0	6.771676540374756	0.0	0.0	0.0	0.0	0.0	3.9775876998901367	0.0	0.0	0.0	0.0	0.0	5.139774322509766	0.0	0.0	0.0	0.0	0.0	0.0	0.0	0.0	0.0	0.0	0.0	0.0	0.0	5.522538185119629	0.0	0.0	0.0	0.0	0.0	5.323929786682129	0.0	0.0	5.599062442779541	0.0	0.0	0.0	6.057693004608154	0.0	6.532688617706299	0.0	0.0	0.0	0.0	0.0	0.0	0.0	0.0	0.0	0.0	0.0	0.0	0.0	4.681863307952881	0.0
0.0	0.0	0.0	3.3116304874420166	0.0	0.0	0.0	6.760165214538574	0.0	0.0	0.0	0.0	0.0	3.9686341285705566	0.0	0.0	0.0	0.0	0.0	5.127092361450195	0.0	0.0	0.0	0.0	0.0	0.0	0.0	0.0	0.0	0.0	0.0	0.0	0.0	5.499825477600098	0.0	0.0	0.0	0.0	0.0	5.308456897735596	0.0	0.0	5.592656135559082	0.0	0.0	0.0	6.0369181632995605	0.0	6.5076398849487305	0.0	0.0	0.0	0.0	0.0	0.0	0.0	0.0	0.0	0.0	0.0	0.0	0.0	4.671162128448486	0.0
0.0	0.0	0.0	3.31986665725708	0.0	0.0	0.0	6.787036418914795	0.0	0.0	0.0	0.0	0.0	3.982355833053589	0.0	0.0	0.0	0.0	0.0	5.150432586669922	0.0	0.0	0.0	0.0	0.0	0.0	0.0	0.0	0.0	0.0	0.0	0.0	0.0	5.526559352874756	0.0	0.0	0.0	0.0	0.0	5.334065914154053	0.0	0.0	5.614315032958984	0.0	0.0	0.0	6.064418315887451	0.0	6.540343284606934	0.0	0.0	0.0	0.0	0.0	0.0	0.0	0.0	0.0	0.0	0.0	0.0	0.0	4.694124698638916	0.0
0.0	0.0	0.0	3.30375599861145	0.0	0.0	0.0	6.757083892822266	0.0	0.0	0.0	0.0	0.0	3.967172622680664	0.0	0.0	0.0	0.0	0.0	5.1291184425354	0.0	0.0	0.0	0.0	0.0	0.0	0.0	0.0	0.0	0.0	0.0	0.0	0.0	5.504956245422363	0.0	0.0	0.0	0.0	0.0	5.309672832489014	0.0	0.0	5.591042995452881	0.0	0.0	0.0	6.042913436889648	0.0	6.519660472869873	0.0	0.0	0.0	0.0	0.0	0.0	0.0	0.0	0.0	0.0	0.0	0.0	0.0	4.676523685455322	0.0
0.0	0.0	0.0	3.3118298053741455	0.0	0.0	0.0	6.764059066772461	0.0	0.0	0.0	0.0	0.0	3.9724655151367188	0.0	0.0	0.0	0.0	0.0	5.136111259460449	0.0	0.0	0.0	0.0	0.0	0.0	0.0	0.0	0.0	0.0	0.0	0.0	0.0	5.515871524810791	0.0	0.0	0.0	0.0	0.0	5.3195366859436035	0.0	0.0	5.597019195556641	0.0	0.0	0.0	6.0516886711120605	0.0	6.529402256011963	0.0	0.0	0.0	0.0	0.0	0.0	0.0	0.0	0.0	0.0	0.0	0.0	0.0	4.6848859786987305	0.0
0.0	0.0	0.0	3.3122236728668213	0.0	0.0	0.0	6.76630163192749	0.0	0.0	0.0	0.0	0.0	3.974238872528076	0.0	0.0	0.0	0.0	0.0	5.136730194091797	0.0	0.0	0.0	0.0	0.0	0.0	0.0	0.0	0.0	0.0	0.0	0.0	0.0	5.509839057922363	0.0	0.0	0.0	0.0	0.0	5.319003582000732	0.0	0.0	5.598902225494385	0.0	0.0	0.0	6.048258304595947	0.0	6.523233413696289	0.0	0.0	0.0	0.0	0.0	0.0	0.0	0.0	0.0	0.0	0.0	0.0	0.0	4.682409763336182	0.0
0.0	0.0	0.0	3.3096601963043213	0.0	0.0	0.0	6.75942325592041	0.0	0.0	0.0	0.0	0.0	3.9714581966400146	0.0	0.0	0.0	0.0	0.0	5.1344499588012695	0.0	0.0	0.0	0.0	0.0	0.0	0.0	0.0	0.0	0.0	0.0	0.0	0.0	5.513796806335449	0.0	0.0	0.0	0.0	0.0	5.316127300262451	0.0	0.0	5.595821380615234	0.0	0.0	0.0	6.047946453094482	0.0	6.523209571838379	0.0	0.0	0.0	0.0	0.0	0.0	0.0	0.0	0.0	0.0	0.0	0.0	0.0	4.678342819213867	0.0
0.0	0.0	0.0	3.3153696060180664	0.0	0.0	0.0	6.779770851135254	0.0	0.0	0.0	0.0	0.0	3.9784820079803467	0.0	0.0	0.0	0.0	0.0	5.145028114318848	0.0	0.0	0.0	0.0	0.0	0.0	0.0	0.0	0.0	0.0	0.0	0.0	0.0	5.527563571929932	0.0	0.0	0.0	0.0	0.0	5.330235004425049	0.0	0.0	5.607313632965088	0.0	0.0	0.0	6.0615715980529785	0.0	6.54105281829834	0.0	0.0	0.0	0.0	0.0	0.0	0.0	0.0	0.0	0.0	0.0	0.0	0.0	4.692965984344482	0.0
0.0	0.0	0.0	3.325012683868408	0.0	0.0	0.0	6.791189670562744	0.0	0.0	0.0	0.0	0.0	3.983983039855957	0.0	0.0	0.0	0.0	0.0	5.157493591308594	0.0	0.0	0.0	0.0	0.0	0.0	0.0	0.0	0.0	0.0	0.0	0.0	0.0	5.535115718841553	0.0	0.0	0.0	0.0	0.0	5.341102600097656	0.0	0.0	5.618933200836182	0.0	0.0	0.0	6.073513031005859	0.0	6.547882080078125	0.0	0.0	0.0	0.0	0.0	0.0	0.0	0.0	0.0	0.0	0.0	0.0	0.0	4.703624248504639	0.0
0.0	0.0	0.0	3.300201177597046	0.0	0.0	0.0	6.753666400909424	0.0	0.0	0.0	0.0	0.0	3.9615519046783447	0.0	0.0	0.0	0.0	0.0	5.113260269165039	0.0	0.0	0.0	0.0	0.0	0.0	0.0	0.0	0.0	0.0	0.0	0.0	0.0	5.4906415939331055	0.0	0.0	0.0	0.0	0.0	5.290676116943359	0.0	0.0	5.577449321746826	0.0	0.0	0.0	6.026769638061523	0.0	6.482015609741211	0.0	0.0	0.0	0.0	0.0	0.0	0.0	0.0	0.0	0.0	0.0	0.0	0.0	4.661664009094238	0.0
0.0	0.0	0.0	3.31215238571167	0.0	0.0	0.0	6.768118381500244	0.0	0.0	0.0	0.0	0.0	3.9724082946777344	0.0	0.0	0.0	0.0	0.0	5.138951778411865	0.0	0.0	0.0	0.0	0.0	0.0	0.0	0.0	0.0	0.0	0.0	0.0	0.0	5.515459060668945	0.0	0.0	0.0	0.0	0.0	5.320841312408447	0.0	0.0	5.5993499755859375	0.0	0.0	0.0	6.051772117614746	0.0	6.5251359939575195	0.0	0.0	0.0	0.0	0.0	0.0	0.0	0.0	0.0	0.0	0.0	0.0	0.0	4.687661170959473	0.0
0.0	0.0	0.0	3.31282377243042	0.0	0.0	0.0	6.76221227645874	0.0	0.0	0.0	0.0	0.0	3.9732635021209717	0.0	0.0	0.0	0.0	0.0	5.139570236206055	0.0	0.0	0.0	0.0	0.0	0.0	0.0	0.0	0.0	0.0	0.0	0.0	0.0	5.508449077606201	0.0	0.0	0.0	0.0	0.0	5.315431594848633	0.0	0.0	5.595059871673584	0.0	0.0	0.0	6.048147201538086	0.0	6.514377593994141	0.0	0.0	0.0	0.0	0.0	0.0	0.0	0.0	0.0	0.0	0.0	0.0	0.0	4.675622940063477	0.0
0.0	0.0	0.0	3.314225196838379	0.0	0.0	0.0	6.770812034606934	0.0	0.0	0.0	0.0	0.0	3.9738471508026123	0.0	0.0	0.0	0.0	0.0	5.135476589202881	0.0	0.0	0.0	0.0	0.0	0.0	0.0	0.0	0.0	0.0	0.0	0.0	0.0	5.507404327392578	0.0	0.0	0.0	0.0	0.0	5.322012424468994	0.0	0.0	5.601193428039551	0.0	0.0	0.0	6.050495624542236	0.0	6.525511264801025	0.0	0.0	0.0	0.0	0.0	0.0	0.0	0.0	0.0	0.0	0.0	0.0	0.0	4.682854652404785	0.0
0.0	0.0	0.0	3.2996609210968018	0.0	0.0	0.0	6.7278900146484375	0.0	0.0	0.0	0.0	0.0	3.9566617012023926	0.0	0.0	0.0	0.0	0.0	5.114272117614746	0.0	0.0	0.0	0.0	0.0	0.0	0.0	0.0	0.0	0.0	0.0	0.0	0.0	5.490940093994141	0.0	0.0	0.0	0.0	0.0	5.2928147315979	0.0	0.0	5.570077419281006	0.0	0.0	0.0	6.01946496963501	0.0	6.4973907470703125	0.0	0.0	0.0	0.0	0.0	0.0	0.0	0.0	0.0	0.0	0.0	0.0	0.0	4.660199165344238	0.0
0.0	0.0	0.0	3.294419050216675	0.0	0.0	0.0	6.710441589355469	0.0	0.0	0.0	0.0	0.0	3.941889762878418	0.0	0.0	0.0	0.0	0.0	5.091925621032715	0.0	0.0	0.0	0.0	0.0	0.0	0.0	0.0	0.0	0.0	0.0	0.0	0.0	5.459287166595459	0.0	0.0	0.0	0.0	0.0	5.2709479331970215	0.0	0.0	5.55338716506958	0.0	0.0	0.0	5.9979705810546875	0.0	6.453370571136475	0.0	0.0	0.0	0.0	0.0	0.0	0.0	0.0	0.0	0.0	0.0	0.0	0.0	4.6431474685668945	0.0
0.0	0.0	0.0	3.317286729812622	0.0	0.0	0.0	6.78776216506958	0.0	0.0	0.0	0.0	0.0	3.9821574687957764	0.0	0.0	0.0	0.0	0.0	5.151902198791504	0.0	0.0	0.0	0.0	0.0	0.0	0.0	0.0	0.0	0.0	0.0	0.0	0.0	5.53011417388916	0.0	0.0	0.0	0.0	0.0	5.334928512573242	0.0	0.0	5.6134562492370605	0.0	0.0	0.0	6.06751823425293	0.0	6.5432891845703125	0.0	0.0	0.0	0.0	0.0	0.0	0.0	0.0	0.0	0.0	0.0	0.0	0.0	4.698768615722656	0.0
0.0	0.0	0.0	3.308485269546509	0.0	0.0	0.0	6.749462127685547	0.0	0.0	0.0	0.0	0.0	3.9656355381011963	0.0	0.0	0.0	0.0	0.0	5.122701644897461	0.0	0.0	0.0	0.0	0.0	0.0	0.0	0.0	0.0	0.0	0.0	0.0	0.0	5.492887020111084	0.0	0.0	0.0	0.0	0.0	5.303863048553467	0.0	0.0	5.582887649536133	0.0	0.0	0.0	6.029263019561768	0.0	6.498274326324463	0.0	0.0	0.0	0.0	0.0	0.0	0.0	0.0	0.0	0.0	0.0	0.0	0.0	4.66824197769165	0.0
0.0	0.0	0.0	3.3103256225585938	0.0	0.0	0.0	6.758105278015137	0.0	0.0	0.0	0.0	0.0	3.9703598022460938	0.0	0.0	0.0	0.0	0.0	5.135098934173584	0.0	0.0	0.0	0.0	0.0	0.0	0.0	0.0	0.0	0.0	0.0	0.0	0.0	5.511748313903809	0.0	0.0	0.0	0.0	0.0	5.3160905838012695	0.0	0.0	5.590467929840088	0.0	0.0	0.0	6.045502185821533	0.0	6.522200107574463	0.0	0.0	0.0	0.0	0.0	0.0	0.0	0.0	0.0	0.0	0.0	0.0	0.0	4.6818060874938965	0.0
0.0	0.0	0.0	3.31630802154541	0.0	0.0	0.0	6.777029037475586	0.0	0.0	0.0	0.0	0.0	3.975208282470703	0.0	0.0	0.0	0.0	0.0	5.147983551025391	0.0	0.0	0.0	0.0	0.0	0.0	0.0	0.0	0.0	0.0	0.0	0.0	0.0	5.521981716156006	0.0	0.0	0.0	0.0	0.0	5.3296685218811035	0.0	0.0	5.6077961921691895	0.0	0.0	0.0	6.058873653411865	0.0	6.534437656402588	0.0	0.0	0.0	0.0	0.0	0.0	0.0	0.0	0.0	0.0	0.0	0.0	0.0	4.689169883728027	0.0
0.0	0.0	0.0	3.309652328491211	0.0	0.0	0.0	6.765420436859131	0.0	0.0	0.0	0.0	0.0	3.9722256660461426	0.0	0.0	0.0	0.0	0.0	5.136455535888672	0.0	0.0	0.0	0.0	0.0	0.0	0.0	0.0	0.0	0.0	0.0	0.0	0.0	5.5090508460998535	0.0	0.0	0.0	0.0	0.0	5.3129754066467285	0.0	0.0	5.595258712768555	0.0	0.0	0.0	6.04948091506958	0.0	6.522134780883789	0.0	0.0	0.0	0.0	0.0	0.0	0.0	0.0	0.0	0.0	0.0	0.0	0.0	4.679251670837402	0.0
0.0	0.0	0.0	3.2969939708709717	0.0	0.0	0.0	6.726895332336426	0.0	0.0	0.0	0.0	0.0	3.952064037322998	0.0	0.0	0.0	0.0	0.0	5.099432468414307	0.0	0.0	0.0	0.0	0.0	0.0	0.0	0.0	0.0	0.0	0.0	0.0	0.0	5.466670989990234	0.0	0.0	0.0	0.0	0.0	5.282400131225586	0.0	0.0	5.568018436431885	0.0	0.0	0.0	6.010668754577637	0.0	6.471068382263184	0.0	0.0	0.0	0.0	0.0	0.0	0.0	0.0	0.0	0.0	0.0	0.0	0.0	4.652304649353027	0.0
0.0	0.0	0.0	3.312901020050049	0.0	0.0	0.0	6.763220310211182	0.0	0.0	0.0	0.0	0.0	3.9717841148376465	0.0	0.0	0.0	0.0	0.0	5.138966083526611	0.0	0.0	0.0	0.0	0.0	0.0	0.0	0.0	0.0	0.0	0.0	0.0	0.0	5.514440059661865	0.0	0.0	0.0	0.0	0.0	5.320361614227295	0.0	0.0	5.59702205657959	0.0	0.0	0.0	6.048971652984619	0.0	6.530073165893555	0.0	0.0	0.0	0.0	0.0	0.0	0.0	0.0	0.0	0.0	0.0	0.0	0.0	4.682838439941406	0.0
0.0	0.0	0.0	3.3083395957946777	0.0	0.0	0.0	6.7526445388793945	0.0	0.0	0.0	0.0	0.0	3.9676573276519775	0.0	0.0	0.0	0.0	0.0	5.1332597732543945	0.0	0.0	0.0	0.0	0.0	0.0	0.0	0.0	0.0	0.0	0.0	0.0	0.0	5.50762939453125	0.0	0.0	0.0	0.0	0.0	5.312086582183838	0.0	0.0	5.589781284332275	0.0	0.0	0.0	6.0393218994140625	0.0	6.517653942108154	0.0	0.0	0.0	0.0	0.0	0.0	0.0	0.0	0.0	0.0	0.0	0.0	0.0	4.675636291503906	0.0
0.0	0.0	0.0	3.3190340995788574	0.0	0.0	0.0	6.776675701141357	0.0	0.0	0.0	0.0	0.0	3.9810266494750977	0.0	0.0	0.0	0.0	0.0	5.147223472595215	0.0	0.0	0.0	0.0	0.0	0.0	0.0	0.0	0.0	0.0	0.0	0.0	0.0	5.523615837097168	0.0	0.0	0.0	0.0	0.0	5.3265814781188965	0.0	0.0	5.609550476074219	0.0	0.0	0.0	6.061865329742432	0.0	6.540477275848389	0.0	0.0	0.0	0.0	0.0	0.0	0.0	0.0	0.0	0.0	0.0	0.0	0.0	4.692709445953369	0.0
0.0	0.0	0.0	3.310744047164917	0.0	0.0	0.0	6.775052070617676	0.0	0.0	0.0	0.0	0.0	3.974402666091919	0.0	0.0	0.0	0.0	0.0	5.137433052062988	0.0	0.0	0.0	0.0	0.0	0.0	0.0	0.0	0.0	0.0	0.0	0.0	0.0	5.5182294845581055	0.0	0.0	0.0	0.0	0.0	5.322200298309326	0.0	0.0	5.603789806365967	0.0	0.0	0.0	6.053881645202637	0.0	6.5299224853515625	0.0	0.0	0.0	0.0	0.0	0.0	0.0	0.0	0.0	0.0	0.0	0.0	0.0	4.6867547035217285	0.0
0.0	0.0	0.0	3.3105311393737793	0.0	0.0	0.0	6.7678632736206055	0.0	0.0	0.0	0.0	0.0	3.973315715789795	0.0	0.0	0.0	0.0	0.0	5.136835098266602	0.0	0.0	0.0	0.0	0.0	0.0	0.0	0.0	0.0	0.0	0.0	0.0	0.0	5.5161967277526855	0.0	0.0	0.0	0.0	0.0	5.321525573730469	0.0	0.0	5.5993266105651855	0.0	0.0	0.0	6.052159786224365	0.0	6.532468795776367	0.0	0.0	0.0	0.0	0.0	0.0	0.0	0.0	0.0	0.0	0.0	0.0	0.0	4.68204927444458	0.0
0.0	0.0	0.0	3.305217981338501	0.0	0.0	0.0	6.7512688636779785	0.0	0.0	0.0	0.0	0.0	3.963571071624756	0.0	0.0	0.0	0.0	0.0	5.121747970581055	0.0	0.0	0.0	0.0	0.0	0.0	0.0	0.0	0.0	0.0	0.0	0.0	0.0	5.495152950286865	0.0	0.0	0.0	0.0	0.0	5.3088154792785645	0.0	0.0	5.584937572479248	0.0	0.0	0.0	6.03579568862915	0.0	6.502325534820557	0.0	0.0	0.0	0.0	0.0	0.0	0.0	0.0	0.0	0.0	0.0	0.0	0.0	4.676187515258789	0.0
0.0	0.0	0.0	3.3147830963134766	0.0	0.0	0.0	6.775371551513672	0.0	0.0	0.0	0.0	0.0	3.9797732830047607	0.0	0.0	0.0	0.0	0.0	5.140778541564941	0.0	0.0	0.0	0.0	0.0	0.0	0.0	0.0	0.0	0.0	0.0	0.0	0.0	5.520149230957031	0.0	0.0	0.0	0.0	0.0	5.326164722442627	0.0	0.0	5.605392932891846	0.0	0.0	0.0	6.0568976402282715	0.0	6.538000583648682	0.0	0.0	0.0	0.0	0.0	0.0	0.0	0.0	0.0	0.0	0.0	0.0	0.0	4.689500331878662	0.0
0.0	0.0	0.0	3.313595771789551	0.0	0.0	0.0	6.772991180419922	0.0	0.0	0.0	0.0	0.0	3.9734139442443848	0.0	0.0	0.0	0.0	0.0	5.138186454772949	0.0	0.0	0.0	0.0	0.0	0.0	0.0	0.0	0.0	0.0	0.0	0.0	0.0	5.513421535491943	0.0	0.0	0.0	0.0	0.0	5.323833465576172	0.0	0.0	5.605266571044922	0.0	0.0	0.0	6.053194522857666	0.0	6.52839469909668	0.0	0.0	0.0	0.0	0.0	0.0	0.0	0.0	0.0	0.0	0.0	0.0	0.0	4.687193393707275	0.0
0.0	0.0	0.0	3.271578073501587	0.0	0.0	0.0	6.6762847900390625	0.0	0.0	0.0	0.0	0.0	3.9276986122131348	0.0	0.0	0.0	0.0	0.0	5.0645246505737305	0.0	0.0	0.0	0.0	0.0	0.0	0.0	0.0	0.0	0.0	0.0	0.0	0.0	5.427821636199951	0.0	0.0	0.0	0.0	0.0	5.2444868087768555	0.0	0.0	5.5239338874816895	0.0	0.0	0.0	5.9604387283325195	0.0	6.422528266906738	0.0	0.0	0.0	0.0	0.0	0.0	0.0	0.0	0.0	0.0	0.0	0.0	0.0	4.603930473327637	0.0
0.0	0.0	0.0	3.3101911544799805	0.0	0.0	0.0	6.77061653137207	0.0	0.0	0.0	0.0	0.0	3.970571517944336	0.0	0.0	0.0	0.0	0.0	5.1306328773498535	0.0	0.0	0.0	0.0	0.0	0.0	0.0	0.0	0.0	0.0	0.0	0.0	0.0	5.514214515686035	0.0	0.0	0.0	0.0	0.0	5.312641143798828	0.0	0.0	5.596100330352783	0.0	0.0	0.0	6.047309398651123	0.0	6.517852306365967	0.0	0.0	0.0	0.0	0.0	0.0	0.0	0.0	0.0	0.0	0.0	0.0	0.0	4.680654525756836	0.0
0.0	0.0	0.0	3.3077144622802734	0.0	0.0	0.0	6.754121780395508	0.0	0.0	0.0	0.0	0.0	3.967061996459961	0.0	0.0	0.0	0.0	0.0	5.130054473876953	0.0	0.0	0.0	0.0	0.0	0.0	0.0	0.0	0.0	0.0	0.0	0.0	0.0	5.507256031036377	0.0	0.0	0.0	0.0	0.0	5.311124801635742	0.0	0.0	5.587558746337891	0.0	0.0	0.0	6.042294025421143	0.0	6.518991947174072	0.0	0.0	0.0	0.0	0.0	0.0	0.0	0.0	0.0	0.0	0.0	0.0	0.0	4.677037715911865	0.0
0.0	0.0	0.0	3.3062572479248047	0.0	0.0	0.0	6.73295783996582	0.0	0.0	0.0	0.0	0.0	3.958909273147583	0.0	0.0	0.0	0.0	0.0	5.109780788421631	0.0	0.0	0.0	0.0	0.0	0.0	0.0	0.0	0.0	0.0	0.0	0.0	0.0	5.476916790008545	0.0	0.0	0.0	0.0	0.0	5.292398929595947	0.0	0.0	5.5732831954956055	0.0	0.0	0.0	6.021004676818848	0.0	6.475785255432129	0.0	0.0	0.0	0.0	0.0	0.0	0.0	0.0	0.0	0.0	0.0	0.0	0.0	4.6595282554626465	0.0
0.0	0.0	0.0	3.320448160171509	0.0	0.0	0.0	6.773029804229736	0.0	0.0	0.0	0.0	0.0	3.977250337600708	0.0	0.0	0.0	0.0	0.0	5.141359329223633	0.0	0.0	0.0	0.0	0.0	0.0	0.0	0.0	0.0	0.0	0.0	0.0	0.0	5.518176555633545	0.0	0.0	0.0	0.0	0.0	5.326697826385498	0.0	0.0	5.6070637702941895	0.0	0.0	0.0	6.051197528839111	0.0	6.528661727905273	0.0	0.0	0.0	0.0	0.0	0.0	0.0	0.0	0.0	0.0	0.0	0.0	0.0	4.689369201660156	0.0
0.0	0.0	0.0	3.3153839111328125	0.0	0.0	0.0	6.771810054779053	0.0	0.0	0.0	0.0	0.0	3.9760141372680664	0.0	0.0	0.0	0.0	0.0	5.1428751945495605	0.0	0.0	0.0	0.0	0.0	0.0	0.0	0.0	0.0	0.0	0.0	0.0	0.0	5.521145820617676	0.0	0.0	0.0	0.0	0.0	5.323901176452637	0.0	0.0	5.605916976928711	0.0	0.0	0.0	6.056715965270996	0.0	6.5330634117126465	0.0	0.0	0.0	0.0	0.0	0.0	0.0	0.0	0.0	0.0	0.0	0.0	0.0	4.687201023101807	0.0
0.0	0.0	0.0	3.313828945159912	0.0	0.0	0.0	6.762835502624512	0.0	0.0	0.0	0.0	0.0	3.9731380939483643	0.0	0.0	0.0	0.0	0.0	5.1362104415893555	0.0	0.0	0.0	0.0	0.0	0.0	0.0	0.0	0.0	0.0	0.0	0.0	0.0	5.50871467590332	0.0	0.0	0.0	0.0	0.0	5.315572261810303	0.0	0.0	5.599196434020996	0.0	0.0	0.0	6.044557094573975	0.0	6.520681381225586	0.0	0.0	0.0	0.0	0.0	0.0	0.0	0.0	0.0	0.0	0.0	0.0	0.0	4.677280902862549	0.0
0.0	0.0	0.0	3.3148021697998047	0.0	0.0	0.0	6.762148857116699	0.0	0.0	0.0	0.0	0.0	3.9742162227630615	0.0	0.0	0.0	0.0	0.0	5.1363325119018555	0.0	0.0	0.0	0.0	0.0	0.0	0.0	0.0	0.0	0.0	0.0	0.0	0.0	5.511477947235107	0.0	0.0	0.0	0.0	0.0	5.317378044128418	0.0	0.0	5.60051155090332	0.0	0.0	0.0	6.05075740814209	0.0	6.5259270668029785	0.0	0.0	0.0	0.0	0.0	0.0	0.0	0.0	0.0	0.0	0.0	0.0	0.0	4.677542686462402	0.0
0.0	0.0	0.0	3.3075318336486816	0.0	0.0	0.0	6.747669219970703	0.0	0.0	0.0	0.0	0.0	3.96590256690979	0.0	0.0	0.0	0.0	0.0	5.127305030822754	0.0	0.0	0.0	0.0	0.0	0.0	0.0	0.0	0.0	0.0	0.0	0.0	0.0	5.50826358795166	0.0	0.0	0.0	0.0	0.0	5.310138702392578	0.0	0.0	5.589461326599121	0.0	0.0	0.0	6.036812782287598	0.0	6.518533229827881	0.0	0.0	0.0	0.0	0.0	0.0	0.0	0.0	0.0	0.0	0.0	0.0	0.0	4.674465656280518	0.0
0.0	0.0	0.0	3.313166379928589	0.0	0.0	0.0	6.772244453430176	0.0	0.0	0.0	0.0	0.0	3.976024866104126	0.0	0.0	0.0	0.0	0.0	5.1437249183654785	0.0	0.0	0.0	0.0	0.0	0.0	0.0	0.0	0.0	0.0	0.0	0.0	0.0	5.519885063171387	0.0	0.0	0.0	0.0	0.0	5.326656818389893	0.0	0.0	5.6045098304748535	0.0	0.0	0.0	6.056933403015137	0.0	6.53726863861084	0.0	0.0	0.0	0.0	0.0	0.0	0.0	0.0	0.0	0.0	0.0	0.0	0.0	4.689747333526611	0.0
0.0	0.0	0.0	3.3115832805633545	0.0	0.0	0.0	6.761773109436035	0.0	0.0	0.0	0.0	0.0	3.9701647758483887	0.0	0.0	0.0	0.0	0.0	5.133549213409424	0.0	0.0	0.0	0.0	0.0	0.0	0.0	0.0	0.0	0.0	0.0	0.0	0.0	5.509948253631592	0.0	0.0	0.0	0.0	0.0	5.319553375244141	0.0	0.0	5.601333141326904	0.0	0.0	0.0	6.047274589538574	0.0	6.525711536407471	0.0	0.0	0.0	0.0	0.0	0.0	0.0	0.0	0.0	0.0	0.0	0.0	0.0	4.68365478515625	0.0
0.0	0.0	0.0	3.3128249645233154	0.0	0.0	0.0	6.754306316375732	0.0	0.0	0.0	0.0	0.0	3.9782207012176514	0.0	0.0	0.0	0.0	0.0	5.130316734313965	0.0	0.0	0.0	0.0	0.0	0.0	0.0	0.0	0.0	0.0	0.0	0.0	0.0	5.492459297180176	0.0	0.0	0.0	0.0	0.0	5.312620639801025	0.0	0.0	5.589110851287842	0.0	0.0	0.0	6.038952350616455	0.0	6.507360458374023	0.0	0.0	0.0	0.0	0.0	0.0	0.0	0.0	0.0	0.0	0.0	0.0	0.0	4.674219131469727	0.0
0.0	0.0	0.0	3.3146443367004395	0.0	0.0	0.0	6.764500141143799	0.0	0.0	0.0	0.0	0.0	3.976396083831787	0.0	0.0	0.0	0.0	0.0	5.141632556915283	0.0	0.0	0.0	0.0	0.0	0.0	0.0	0.0	0.0	0.0	0.0	0.0	0.0	5.515989780426025	0.0	0.0	0.0	0.0	0.0	5.322729110717773	0.0	0.0	5.599503993988037	0.0	0.0	0.0	6.0506439208984375	0.0	6.528304100036621	0.0	0.0	0.0	0.0	0.0	0.0	0.0	0.0	0.0	0.0	0.0	0.0	0.0	4.685611248016357	0.0
0.0	0.0	0.0	3.310358762741089	0.0	0.0	0.0	6.758647918701172	0.0	0.0	0.0	0.0	0.0	3.968940258026123	0.0	0.0	0.0	0.0	0.0	5.1344404220581055	0.0	0.0	0.0	0.0	0.0	0.0	0.0	0.0	0.0	0.0	0.0	0.0	0.0	5.508376598358154	0.0	0.0	0.0	0.0	0.0	5.316681385040283	0.0	0.0	5.593592643737793	0.0	0.0	0.0	6.043654918670654	0.0	6.5205230712890625	0.0	0.0	0.0	0.0	0.0	0.0	0.0	0.0	0.0	0.0	0.0	0.0	0.0	4.678676128387451	0.0
0.0	0.0	0.0	3.322190046310425	0.0	0.0	0.0	6.786592483520508	0.0	0.0	0.0	0.0	0.0	3.9817848205566406	0.0	0.0	0.0	0.0	0.0	5.149857044219971	0.0	0.0	0.0	0.0	0.0	0.0	0.0	0.0	0.0	0.0	0.0	0.0	0.0	5.529338359832764	0.0	0.0	0.0	0.0	0.0	5.334778308868408	0.0	0.0	5.613926887512207	0.0	0.0	0.0	6.069117546081543	0.0	6.545014381408691	0.0	0.0	0.0	0.0	0.0	0.0	0.0	0.0	0.0	0.0	0.0	0.0	0.0	4.697053909301758	0.0
0.0	0.0	0.0	3.3132431507110596	0.0	0.0	0.0	6.763416767120361	0.0	0.0	0.0	0.0	0.0	3.9711410999298096	0.0	0.0	0.0	0.0	0.0	5.126556873321533	0.0	0.0	0.0	0.0	0.0	0.0	0.0	0.0	0.0	0.0	0.0	0.0	0.0	5.498711109161377	0.0	0.0	0.0	0.0	0.0	5.310715198516846	0.0	0.0	5.596381187438965	0.0	0.0	0.0	6.041194915771484	0.0	6.514817714691162	0.0	0.0	0.0	0.0	0.0	0.0	0.0	0.0	0.0	0.0	0.0	0.0	0.0	4.672080039978027	0.0
0.0	0.0	0.0	3.2243542671203613	0.0	0.0	0.0	6.600627422332764	0.0	0.0	0.0	0.0	0.0	3.8723297119140625	0.0	0.0	0.0	0.0	0.0	4.979353904724121	0.0	0.0	0.0	0.0	0.0	0.0	0.0	0.0	0.0	0.0	0.0	0.0	0.0	5.319143772125244	0.0	0.0	0.0	0.0	0.0	5.164337635040283	0.0	0.0	5.448092937469482	0.0	0.0	0.0	5.873031139373779	0.0	6.302257537841797	0.0	0.0	0.0	0.0	0.0	0.0	0.0	0.0	0.0	0.0	0.0	0.0	0.0	4.542232513427734	0.0
0.0	0.0	0.0	3.3092405796051025	0.0	0.0	0.0	6.74826717376709	0.0	0.0	0.0	0.0	0.0	3.9639530181884766	0.0	0.0	0.0	0.0	0.0	5.1241841316223145	0.0	0.0	0.0	0.0	0.0	0.0	0.0	0.0	0.0	0.0	0.0	0.0	0.0	5.490560054779053	0.0	0.0	0.0	0.0	0.0	5.304531097412109	0.0	0.0	5.5843892097473145	0.0	0.0	0.0	6.029665470123291	0.0	6.495382308959961	0.0	0.0	0.0	0.0	0.0	0.0	0.0	0.0	0.0	0.0	0.0	0.0	0.0	4.666457653045654	0.0
0.0	0.0	0.0	3.272019147872925	0.0	0.0	0.0	6.67478609085083	0.0	0.0	0.0	0.0	0.0	3.917186975479126	0.0	0.0	0.0	0.0	0.0	5.030337333679199	0.0	0.0	0.0	0.0	0.0	0.0	0.0	0.0	0.0	0.0	0.0	0.0	0.0	5.401782512664795	0.0	0.0	0.0	0.0	0.0	5.213863372802734	0.0	0.0	5.506393909454346	0.0	0.0	0.0	5.938011169433594	0.0	6.372686386108398	0.0	0.0	0.0	0.0	0.0	0.0	0.0	0.0	0.0	0.0	0.0	0.0	0.0	4.598300457000732	0.0
0.0	0.0	0.0	3.3083741664886475	0.0	0.0	0.0	6.766451835632324	0.0	0.0	0.0	0.0	0.0	3.9727702140808105	0.0	0.0	0.0	0.0	0.0	5.13529634475708	0.0	0.0	0.0	0.0	0.0	0.0	0.0	0.0	0.0	0.0	0.0	0.0	0.0	5.511648654937744	0.0	0.0	0.0	0.0	0.0	5.3205246925354	0.0	0.0	5.598977088928223	0.0	0.0	0.0	6.050470352172852	0.0	6.527740478515625	0.0	0.0	0.0	0.0	0.0	0.0	0.0	0.0	0.0	0.0	0.0	0.0	0.0	4.6862406730651855	0.0
0.0	0.0	0.0	3.31358003616333	0.0	0.0	0.0	6.762263298034668	0.0	0.0	0.0	0.0	0.0	3.9718809127807617	0.0	0.0	0.0	0.0	0.0	5.137378215789795	0.0	0.0	0.0	0.0	0.0	0.0	0.0	0.0	0.0	0.0	0.0	0.0	0.0	5.514815807342529	0.0	0.0	0.0	0.0	0.0	5.320353984832764	0.0	0.0	5.596778869628906	0.0	0.0	0.0	6.047120094299316	0.0	6.5281829833984375	0.0	0.0	0.0	0.0	0.0	0.0	0.0	0.0	0.0	0.0	0.0	0.0	0.0	4.683978080749512	0.0
0.0	0.0	0.0	3.3107810020446777	0.0	0.0	0.0	6.767176628112793	0.0	0.0	0.0	0.0	0.0	3.969543218612671	0.0	0.0	0.0	0.0	0.0	5.127565860748291	0.0	0.0	0.0	0.0	0.0	0.0	0.0	0.0	0.0	0.0	0.0	0.0	0.0	5.506641387939453	0.0	0.0	0.0	0.0	0.0	5.31857967376709	0.0	0.0	5.601504802703857	0.0	0.0	0.0	6.044277191162109	0.0	6.519003868103027	0.0	0.0	0.0	0.0	0.0	0.0	0.0	0.0	0.0	0.0	0.0	0.0	0.0	4.684703350067139	0.0
0.0	0.0	0.0	3.31250262260437	0.0	0.0	0.0	6.767312049865723	0.0	0.0	0.0	0.0	0.0	3.97299861907959	0.0	0.0	0.0	0.0	0.0	5.135237693786621	0.0	0.0	0.0	0.0	0.0	0.0	0.0	0.0	0.0	0.0	0.0	0.0	0.0	5.51359748840332	0.0	0.0	0.0	0.0	0.0	5.317439556121826	0.0	0.0	5.5983357429504395	0.0	0.0	0.0	6.048400402069092	0.0	6.527259349822998	0.0	0.0	0.0	0.0	0.0	0.0	0.0	0.0	0.0	0.0	0.0	0.0	0.0	4.683147430419922	0.0
0.0	0.0	0.0	3.309237241744995	0.0	0.0	0.0	6.744229316711426	0.0	0.0	0.0	0.0	0.0	3.964418411254883	0.0	0.0	0.0	0.0	0.0	5.127892017364502	0.0	0.0	0.0	0.0	0.0	0.0	0.0	0.0	0.0	0.0	0.0	0.0	0.0	5.503167152404785	0.0	0.0	0.0	0.0	0.0	5.306762218475342	0.0	0.0	5.584035396575928	0.0	0.0	0.0	6.032334804534912	0.0	6.510010242462158	0.0	0.0	0.0	0.0	0.0	0.0	0.0	0.0	0.0	0.0	0.0	0.0	0.0	4.669695854187012	0.0
0.0	0.0	0.0	3.310640573501587	0.0	0.0	0.0	6.764627456665039	0.0	0.0	0.0	0.0	0.0	3.9701154232025146	0.0	0.0	0.0	0.0	0.0	5.132872581481934	0.0	0.0	0.0	0.0	0.0	0.0	0.0	0.0	0.0	0.0	0.0	0.0	0.0	5.504621982574463	0.0	0.0	0.0	0.0	0.0	5.315073013305664	0.0	0.0	5.593964576721191	0.0	0.0	0.0	6.047823429107666	0.0	6.512867450714111	0.0	0.0	0.0	0.0	0.0	0.0	0.0	0.0	0.0	0.0	0.0	0.0	0.0	4.683021545410156	0.0
0.0	0.0	0.0	3.3139357566833496	0.0	0.0	0.0	6.762052536010742	0.0	0.0	0.0	0.0	0.0	3.970522403717041	0.0	0.0	0.0	0.0	0.0	5.135655879974365	0.0	0.0	0.0	0.0	0.0	0.0	0.0	0.0	0.0	0.0	0.0	0.0	0.0	5.515042304992676	0.0	0.0	0.0	0.0	0.0	5.3190016746521	0.0	0.0	5.596251487731934	0.0	0.0	0.0	6.04775333404541	0.0	6.528231143951416	0.0	0.0	0.0	0.0	0.0	0.0	0.0	0.0	0.0	0.0	0.0	0.0	0.0	4.682621479034424	0.0
0.0	0.0	0.0	3.3126556873321533	0.0	0.0	0.0	6.770310401916504	0.0	0.0	0.0	0.0	0.0	3.974724531173706	0.0	0.0	0.0	0.0	0.0	5.141905784606934	0.0	0.0	0.0	0.0	0.0	0.0	0.0	0.0	0.0	0.0	0.0	0.0	0.0	5.517410755157471	0.0	0.0	0.0	0.0	0.0	5.325713634490967	0.0	0.0	5.601718425750732	0.0	0.0	0.0	6.056140899658203	0.0	6.5338873863220215	0.0	0.0	0.0	0.0	0.0	0.0	0.0	0.0	0.0	0.0	0.0	0.0	0.0	4.687714099884033	0.0
0.0	0.0	0.0	3.3110485076904297	0.0	0.0	0.0	6.759410381317139	0.0	0.0	0.0	0.0	0.0	3.9700050354003906	0.0	0.0	0.0	0.0	0.0	5.1332197189331055	0.0	0.0	0.0	0.0	0.0	0.0	0.0	0.0	0.0	0.0	0.0	0.0	0.0	5.507291793823242	0.0	0.0	0.0	0.0	0.0	5.315576076507568	0.0	0.0	5.593444347381592	0.0	0.0	0.0	6.041860580444336	0.0	6.522584915161133	0.0	0.0	0.0	0.0	0.0	0.0	0.0	0.0	0.0	0.0	0.0	0.0	0.0	4.678008079528809	0.0
0.0	0.0	0.0	3.306149482727051	0.0	0.0	0.0	6.7583465576171875	0.0	0.0	0.0	0.0	0.0	3.9699580669403076	0.0	0.0	0.0	0.0	0.0	5.133585453033447	0.0	0.0	0.0	0.0	0.0	0.0	0.0	0.0	0.0	0.0	0.0	0.0	0.0	5.510560512542725	0.0	0.0	0.0	0.0	0.0	5.316465377807617	0.0	0.0	5.594175815582275	0.0	0.0	0.0	6.0427632331848145	0.0	6.524713516235352	0.0	0.0	0.0	0.0	0.0	0.0	0.0	0.0	0.0	0.0	0.0	0.0	0.0	4.680110454559326	0.0
0.0	0.0	0.0	3.3118700981140137	0.0	0.0	0.0	6.774427890777588	0.0	0.0	0.0	0.0	0.0	3.9744749069213867	0.0	0.0	0.0	0.0	0.0	5.137993335723877	0.0	0.0	0.0	0.0	0.0	0.0	0.0	0.0	0.0	0.0	0.0	0.0	0.0	5.514682769775391	0.0	0.0	0.0	0.0	0.0	5.322109699249268	0.0	0.0	5.605311393737793	0.0	0.0	0.0	6.0537238121032715	0.0	6.532496929168701	0.0	0.0	0.0	0.0	0.0	0.0	0.0	0.0	0.0	0.0	0.0	0.0	0.0	4.68782377243042	0.0
0.0	0.0	0.0	3.3126606941223145	0.0	0.0	0.0	6.77158260345459	0.0	0.0	0.0	0.0	0.0	3.976336717605591	0.0	0.0	0.0	0.0	0.0	5.141166687011719	0.0	0.0	0.0	0.0	0.0	0.0	0.0	0.0	0.0	0.0	0.0	0.0	0.0	5.519388675689697	0.0	0.0	0.0	0.0	0.0	5.324681758880615	0.0	0.0	5.604852676391602	0.0	0.0	0.0	6.055116653442383	0.0	6.533609390258789	0.0	0.0	0.0	0.0	0.0	0.0	0.0	0.0	0.0	0.0	0.0	0.0	0.0	4.685497760772705	0.0
0.0	0.0	0.0	3.313330888748169	0.0	0.0	0.0	6.7620744705200195	0.0	0.0	0.0	0.0	0.0	3.972529888153076	0.0	0.0	0.0	0.0	0.0	5.135131359100342	0.0	0.0	0.0	0.0	0.0	0.0	0.0	0.0	0.0	0.0	0.0	0.0	0.0	5.515135288238525	0.0	0.0	0.0	0.0	0.0	5.317100524902344	0.0	0.0	5.594088554382324	0.0	0.0	0.0	6.04860782623291	0.0	6.524138927459717	0.0	0.0	0.0	0.0	0.0	0.0	0.0	0.0	0.0	0.0	0.0	0.0	0.0	4.681186676025391	0.0
0.0	0.0	0.0	3.174147129058838	0.0	0.0	0.0	6.4697089195251465	0.0	0.0	0.0	0.0	0.0	3.7891809940338135	0.0	0.0	0.0	0.0	0.0	4.834061145782471	0.0	0.0	0.0	0.0	0.0	0.0	0.0	0.0	0.0	0.0	0.0	0.0	0.0	5.164004802703857	0.0	0.0	0.0	0.0	0.0	5.037379264831543	0.0	0.0	5.35298490524292	0.0	0.0	0.0	5.737310409545898	0.0	6.11440372467041	0.0	0.0	0.0	0.0	0.0	0.0	0.0	0.0	0.0	0.0	0.0	0.0	0.0	4.445894241333008	0.0
0.0	0.0	0.0	3.310150384902954	0.0	0.0	0.0	6.758659362792969	0.0	0.0	0.0	0.0	0.0	3.972749710083008	0.0	0.0	0.0	0.0	0.0	5.139143943786621	0.0	0.0	0.0	0.0	0.0	0.0	0.0	0.0	0.0	0.0	0.0	0.0	0.0	5.513782024383545	0.0	0.0	0.0	0.0	0.0	5.314909934997559	0.0	0.0	5.595032691955566	0.0	0.0	0.0	6.044964790344238	0.0	6.526766777038574	0.0	0.0	0.0	0.0	0.0	0.0	0.0	0.0	0.0	0.0	0.0	0.0	0.0	4.681963920593262	0.0
0.0	0.0	0.0	3.3048601150512695	0.0	0.0	0.0	6.732249736785889	0.0	0.0	0.0	0.0	0.0	3.9579453468322754	0.0	0.0	0.0	0.0	0.0	5.115628242492676	0.0	0.0	0.0	0.0	0.0	0.0	0.0	0.0	0.0	0.0	0.0	0.0	0.0	5.490378379821777	0.0	0.0	0.0	0.0	0.0	5.294380187988281	0.0	0.0	5.5723419189453125	0.0	0.0	0.0	6.021221160888672	0.0	6.493699550628662	0.0	0.0	0.0	0.0	0.0	0.0	0.0	0.0	0.0	0.0	0.0	0.0	0.0	4.658899307250977	0.0
0.0	0.0	0.0	3.3129286766052246	0.0	0.0	0.0	6.765465259552002	0.0	0.0	0.0	0.0	0.0	3.9727895259857178	0.0	0.0	0.0	0.0	0.0	5.140435218811035	0.0	0.0	0.0	0.0	0.0	0.0	0.0	0.0	0.0	0.0	0.0	0.0	0.0	5.516805648803711	0.0	0.0	0.0	0.0	0.0	5.321878910064697	0.0	0.0	5.599782943725586	0.0	0.0	0.0	6.052962303161621	0.0	6.529885768890381	0.0	0.0	0.0	0.0	0.0	0.0	0.0	0.0	0.0	0.0	0.0	0.0	0.0	4.685088157653809	0.0
0.0	0.0	0.0	3.3049798011779785	0.0	0.0	0.0	6.761227607727051	0.0	0.0	0.0	0.0	0.0	3.966226100921631	0.0	0.0	0.0	0.0	0.0	5.123136043548584	0.0	0.0	0.0	0.0	0.0	0.0	0.0	0.0	0.0	0.0	0.0	0.0	0.0	5.498892307281494	0.0	0.0	0.0	0.0	0.0	5.3115339279174805	0.0	0.0	5.589818477630615	0.0	0.0	0.0	6.0387187004089355	0.0	6.510647773742676	0.0	0.0	0.0	0.0	0.0	0.0	0.0	0.0	0.0	0.0	0.0	0.0	0.0	4.6755805015563965	0.0
0.0	0.0	0.0	3.3167636394500732	0.0	0.0	0.0	6.787264347076416	0.0	0.0	0.0	0.0	0.0	3.979362726211548	0.0	0.0	0.0	0.0	0.0	5.151375770568848	0.0	0.0	0.0	0.0	0.0	0.0	0.0	0.0	0.0	0.0	0.0	0.0	0.0	5.532318592071533	0.0	0.0	0.0	0.0	0.0	5.330733299255371	0.0	0.0	5.610772132873535	0.0	0.0	0.0	6.068151950836182	0.0	6.545161247253418	0.0	0.0	0.0	0.0	0.0	0.0	0.0	0.0	0.0	0.0	0.0	0.0	0.0	4.697636604309082	0.0
0.0	0.0	0.0	3.310755491256714	0.0	0.0	0.0	6.7649455070495605	0.0	0.0	0.0	0.0	0.0	3.97589373588562	0.0	0.0	0.0	0.0	0.0	5.134893417358398	0.0	0.0	0.0	0.0	0.0	0.0	0.0	0.0	0.0	0.0	0.0	0.0	0.0	5.517589092254639	0.0	0.0	0.0	0.0	0.0	5.3144330978393555	0.0	0.0	5.596412658691406	0.0	0.0	0.0	6.059287071228027	0.0	6.524214267730713	0.0	0.0	0.0	0.0	0.0	0.0	0.0	0.0	0.0	0.0	0.0	0.0	0.0	4.681185245513916	0.0
0.0	0.0	0.0	3.3048017024993896	0.0	0.0	0.0	6.7439961433410645	0.0	0.0	0.0	0.0	0.0	3.9581360816955566	0.0	0.0	0.0	0.0	0.0	5.107478618621826	0.0	0.0	0.0	0.0	0.0	0.0	0.0	0.0	0.0	0.0	0.0	0.0	0.0	5.485445499420166	0.0	0.0	0.0	0.0	0.0	5.289176940917969	0.0	0.0	5.578127861022949	0.0	0.0	0.0	6.018862724304199	0.0	6.488279819488525	0.0	0.0	0.0	0.0	0.0	0.0	0.0	0.0	0.0	0.0	0.0	0.0	0.0	4.655550003051758	0.0
0.0	0.0	0.0	3.3058454990386963	0.0	0.0	0.0	6.744740962982178	0.0	0.0	0.0	0.0	0.0	3.9638864994049072	0.0	0.0	0.0	0.0	0.0	5.126357555389404	0.0	0.0	0.0	0.0	0.0	0.0	0.0	0.0	0.0	0.0	0.0	0.0	0.0	5.5024895668029785	0.0	0.0	0.0	0.0	0.0	5.3060832023620605	0.0	0.0	5.583591461181641	0.0	0.0	0.0	6.032125473022461	0.0	6.512912273406982	0.0	0.0	0.0	0.0	0.0	0.0	0.0	0.0	0.0	0.0	0.0	0.0	0.0	4.671048164367676	0.0
0.0	0.0	0.0	3.304823637008667	0.0	0.0	0.0	6.755785942077637	0.0	0.0	0.0	0.0	0.0	3.960930824279785	0.0	0.0	0.0	0.0	0.0	5.126530647277832	0.0	0.0	0.0	0.0	0.0	0.0	0.0	0.0	0.0	0.0	0.0	0.0	0.0	5.503963947296143	0.0	0.0	0.0	0.0	0.0	5.308225154876709	0.0	0.0	5.587514877319336	0.0	0.0	0.0	6.037805080413818	0.0	6.512118339538574	0.0	0.0	0.0	0.0	0.0	0.0	0.0	0.0	0.0	0.0	0.0	0.0	0.0	4.674477577209473	0.0
0.0	0.0	0.0	3.314401388168335	0.0	0.0	0.0	6.771245002746582	0.0	0.0	0.0	0.0	0.0	3.9770748615264893	0.0	0.0	0.0	0.0	0.0	5.1398420333862305	0.0	0.0	0.0	0.0	0.0	0.0	0.0	0.0	0.0	0.0	0.0	0.0	0.0	5.518102645874023	0.0	0.0	0.0	0.0	0.0	5.32514762878418	0.0	0.0	5.603769302368164	0.0	0.0	0.0	6.055665016174316	0.0	6.530138969421387	0.0	0.0	0.0	0.0	0.0	0.0	0.0	0.0	0.0	0.0	0.0	0.0	0.0	4.6901164054870605	0.0
0.0	0.0	0.0	3.3159356117248535	0.0	0.0	0.0	6.777481555938721	0.0	0.0	0.0	0.0	0.0	3.975205898284912	0.0	0.0	0.0	0.0	0.0	5.141766548156738	0.0	0.0	0.0	0.0	0.0	0.0	0.0	0.0	0.0	0.0	0.0	0.0	0.0	5.521762371063232	0.0	0.0	0.0	0.0	0.0	5.328759670257568	0.0	0.0	5.605963230133057	0.0	0.0	0.0	6.063561916351318	0.0	6.539190769195557	0.0	0.0	0.0	0.0	0.0	0.0	0.0	0.0	0.0	0.0	0.0	0.0	0.0	4.694215297698975	0.0
0.0	0.0	0.0	3.313880681991577	0.0	0.0	0.0	6.772274017333984	0.0	0.0	0.0	0.0	0.0	3.9743945598602295	0.0	0.0	0.0	0.0	0.0	5.145952224731445	0.0	0.0	0.0	0.0	0.0	0.0	0.0	0.0	0.0	0.0	0.0	0.0	0.0	5.523687839508057	0.0	0.0	0.0	0.0	0.0	5.328665733337402	0.0	0.0	5.604339599609375	0.0	0.0	0.0	6.056826114654541	0.0	6.536375045776367	0.0	0.0	0.0	0.0	0.0	0.0	0.0	0.0	0.0	0.0	0.0	0.0	0.0	4.6905717849731445	0.0
0.0	0.0	0.0	3.3173604011535645	0.0	0.0	0.0	6.774672508239746	0.0	0.0	0.0	0.0	0.0	3.976071357727051	0.0	0.0	0.0	0.0	0.0	5.138152122497559	0.0	0.0	0.0	0.0	0.0	0.0	0.0	0.0	0.0	0.0	0.0	0.0	0.0	5.513726234436035	0.0	0.0	0.0	0.0	0.0	5.318868637084961	0.0	0.0	5.602365970611572	0.0	0.0	0.0	6.051061153411865	0.0	6.52590799331665	0.0	0.0	0.0	0.0	0.0	0.0	0.0	0.0	0.0	0.0	0.0	0.0	0.0	4.6826982498168945	0.0
0.0	0.0	0.0	3.319023847579956	0.0	0.0	0.0	6.7803850173950195	0.0	0.0	0.0	0.0	0.0	3.978839635848999	0.0	0.0	0.0	0.0	0.0	5.141463756561279	0.0	0.0	0.0	0.0	0.0	0.0	0.0	0.0	0.0	0.0	0.0	0.0	0.0	5.519405841827393	0.0	0.0	0.0	0.0	0.0	5.3255438804626465	0.0	0.0	5.6097187995910645	0.0	0.0	0.0	6.0609283447265625	0.0	6.531387805938721	0.0	0.0	0.0	0.0	0.0	0.0	0.0	0.0	0.0	0.0	0.0	0.0	0.0	4.694584846496582	0.0
0.0	0.0	0.0	3.313688278198242	0.0	0.0	0.0	6.769528388977051	0.0	0.0	0.0	0.0	0.0	3.97318434715271	0.0	0.0	0.0	0.0	0.0	5.1373090744018555	0.0	0.0	0.0	0.0	0.0	0.0	0.0	0.0	0.0	0.0	0.0	0.0	0.0	5.512812614440918	0.0	0.0	0.0	0.0	0.0	5.321127891540527	0.0	0.0	5.598690509796143	0.0	0.0	0.0	6.051633834838867	0.0	6.526503562927246	0.0	0.0	0.0	0.0	0.0	0.0	0.0	0.0	0.0	0.0	0.0	0.0	0.0	4.683270454406738	0.0
0.0	0.0	0.0	3.30881929397583	0.0	0.0	0.0	6.7593817710876465	0.0	0.0	0.0	0.0	0.0	3.9710745811462402	0.0	0.0	0.0	0.0	0.0	5.13695764541626	0.0	0.0	0.0	0.0	0.0	0.0	0.0	0.0	0.0	0.0	0.0	0.0	0.0	5.509250640869141	0.0	0.0	0.0	0.0	0.0	5.315478324890137	0.0	0.0	5.594139575958252	0.0	0.0	0.0	6.0455803871154785	0.0	6.524745941162109	0.0	0.0	0.0	0.0	0.0	0.0	0.0	0.0	0.0	0.0	0.0	0.0	0.0	4.680609703063965	0.0
0.0	0.0	0.0	3.312394857406616	0.0	0.0	0.0	6.767522811889648	0.0	0.0	0.0	0.0	0.0	3.972611904144287	0.0	0.0	0.0	0.0	0.0	5.126675605773926	0.0	0.0	0.0	0.0	0.0	0.0	0.0	0.0	0.0	0.0	0.0	0.0	0.0	5.500755786895752	0.0	0.0	0.0	0.0	0.0	5.310445308685303	0.0	0.0	5.5923380851745605	0.0	0.0	0.0	6.041346549987793	0.0	6.510012626647949	0.0	0.0	0.0	0.0	0.0	0.0	0.0	0.0	0.0	0.0	0.0	0.0	0.0	4.672463893890381	0.0
0.0	0.0	0.0	3.319775104522705	0.0	0.0	0.0	6.775529861450195	0.0	0.0	0.0	0.0	0.0	3.98079514503479	0.0	0.0	0.0	0.0	0.0	5.146524906158447	0.0	0.0	0.0	0.0	0.0	0.0	0.0	0.0	0.0	0.0	0.0	0.0	0.0	5.524723529815674	0.0	0.0	0.0	0.0	0.0	5.329409599304199	0.0	0.0	5.606752872467041	0.0	0.0	0.0	6.0606865882873535	0.0	6.53592586517334	0.0	0.0	0.0	0.0	0.0	0.0	0.0	0.0	0.0	0.0	0.0	0.0	0.0	4.68975305557251	0.0
0.0	0.0	0.0	3.305210590362549	0.0	0.0	0.0	6.763594150543213	0.0	0.0	0.0	0.0	0.0	3.971435785293579	0.0	0.0	0.0	0.0	0.0	5.131014823913574	0.0	0.0	0.0	0.0	0.0	0.0	0.0	0.0	0.0	0.0	0.0	0.0	0.0	5.50378942489624	0.0	0.0	0.0	0.0	0.0	5.3157548904418945	0.0	0.0	5.594415187835693	0.0	0.0	0.0	6.04266357421875	0.0	6.519735336303711	0.0	0.0	0.0	0.0	0.0	0.0	0.0	0.0	0.0	0.0	0.0	0.0	0.0	4.674283504486084	0.0
0.0	0.0	0.0	3.3194005489349365	0.0	0.0	0.0	6.7608137130737305	0.0	0.0	0.0	0.0	0.0	3.9714105129241943	0.0	0.0	0.0	0.0	0.0	5.1257004737854	0.0	0.0	0.0	0.0	0.0	0.0	0.0	0.0	0.0	0.0	0.0	0.0	0.0	5.500922679901123	0.0	0.0	0.0	0.0	0.0	5.310288429260254	0.0	0.0	5.587307453155518	0.0	0.0	0.0	6.042246341705322	0.0	6.504510879516602	0.0	0.0	0.0	0.0	0.0	0.0	0.0	0.0	0.0	0.0	0.0	0.0	0.0	4.66533088684082	0.0
0.0	0.0	0.0	3.315321683883667	0.0	0.0	0.0	6.767833709716797	0.0	0.0	0.0	0.0	0.0	3.9732894897460938	0.0	0.0	0.0	0.0	0.0	5.141251087188721	0.0	0.0	0.0	0.0	0.0	0.0	0.0	0.0	0.0	0.0	0.0	0.0	0.0	5.517261028289795	0.0	0.0	0.0	0.0	0.0	5.322558403015137	0.0	0.0	5.6019415855407715	0.0	0.0	0.0	6.049955368041992	0.0	6.531461715698242	0.0	0.0	0.0	0.0	0.0	0.0	0.0	0.0	0.0	0.0	0.0	0.0	0.0	4.685811996459961	0.0
0.0	0.0	0.0	3.2918195724487305	0.0	0.0	0.0	6.718324661254883	0.0	0.0	0.0	0.0	0.0	3.9454429149627686	0.0	0.0	0.0	0.0	0.0	5.09354829788208	0.0	0.0	0.0	0.0	0.0	0.0	0.0	0.0	0.0	0.0	0.0	0.0	0.0	5.464746475219727	0.0	0.0	0.0	0.0	0.0	5.274960041046143	0.0	0.0	5.556324481964111	0.0	0.0	0.0	6.0047430992126465	0.0	6.462160110473633	0.0	0.0	0.0	0.0	0.0	0.0	0.0	0.0	0.0	0.0	0.0	0.0	0.0	4.644763946533203	0.0
0.0	0.0	0.0	3.3108835220336914	0.0	0.0	0.0	6.762286186218262	0.0	0.0	0.0	0.0	0.0	3.9725329875946045	0.0	0.0	0.0	0.0	0.0	5.133642673492432	0.0	0.0	0.0	0.0	0.0	0.0	0.0	0.0	0.0	0.0	0.0	0.0	0.0	5.507040500640869	0.0	0.0	0.0	0.0	0.0	5.317105770111084	0.0	0.0	5.594958305358887	0.0	0.0	0.0	6.048827648162842	0.0	6.5210137367248535	0.0	0.0	0.0	0.0	0.0	0.0	0.0	0.0	0.0	0.0	0.0	0.0	0.0	4.681390285491943	0.0
0.0	0.0	0.0	3.3196747303009033	0.0	0.0	0.0	6.7850470542907715	0.0	0.0	0.0	0.0	0.0	3.9824671745300293	0.0	0.0	0.0	0.0	0.0	5.150437355041504	0.0	0.0	0.0	0.0	0.0	0.0	0.0	0.0	0.0	0.0	0.0	0.0	0.0	5.529881477355957	0.0	0.0	0.0	0.0	0.0	5.334194660186768	0.0	0.0	5.615499973297119	0.0	0.0	0.0	6.069556713104248	0.0	6.545631408691406	0.0	0.0	0.0	0.0	0.0	0.0	0.0	0.0	0.0	0.0	0.0	0.0	0.0	4.6987624168396	0.0
0.0	0.0	0.0	3.3089699745178223	0.0	0.0	0.0	6.758785724639893	0.0	0.0	0.0	0.0	0.0	3.967510461807251	0.0	0.0	0.0	0.0	0.0	5.130568504333496	0.0	0.0	0.0	0.0	0.0	0.0	0.0	0.0	0.0	0.0	0.0	0.0	0.0	5.499910831451416	0.0	0.0	0.0	0.0	0.0	5.309918403625488	0.0	0.0	5.593554496765137	0.0	0.0	0.0	6.039679050445557	0.0	6.510625839233398	0.0	0.0	0.0	0.0	0.0	0.0	0.0	0.0	0.0	0.0	0.0	0.0	0.0	4.675126075744629	0.0
0.0	0.0	0.0	3.3120675086975098	0.0	0.0	0.0	6.763598918914795	0.0	0.0	0.0	0.0	0.0	3.973682165145874	0.0	0.0	0.0	0.0	0.0	5.136263370513916	0.0	0.0	0.0	0.0	0.0	0.0	0.0	0.0	0.0	0.0	0.0	0.0	0.0	5.513888359069824	0.0	0.0	0.0	0.0	0.0	5.3190016746521	0.0	0.0	5.597588539123535	0.0	0.0	0.0	6.048882007598877	0.0	6.524853706359863	0.0	0.0	0.0	0.0	0.0	0.0	0.0	0.0	0.0	0.0	0.0	0.0	0.0	4.682803153991699	0.0
0.0	0.0	0.0	3.3082375526428223	0.0	0.0	0.0	6.765678882598877	0.0	0.0	0.0	0.0	0.0	3.971557378768921	0.0	0.0	0.0	0.0	0.0	5.140756607055664	0.0	0.0	0.0	0.0	0.0	0.0	0.0	0.0	0.0	0.0	0.0	0.0	0.0	5.51678466796875	0.0	0.0	0.0	0.0	0.0	5.318681716918945	0.0	0.0	5.596172332763672	0.0	0.0	0.0	6.051962852478027	0.0	6.526791095733643	0.0	0.0	0.0	0.0	0.0	0.0	0.0	0.0	0.0	0.0	0.0	0.0	0.0	4.682908535003662	0.0
0.0	0.0	0.0	3.3065779209136963	0.0	0.0	0.0	6.741588115692139	0.0	0.0	0.0	0.0	0.0	3.96410870552063	0.0	0.0	0.0	0.0	0.0	5.124614238739014	0.0	0.0	0.0	0.0	0.0	0.0	0.0	0.0	0.0	0.0	0.0	0.0	0.0	5.500156402587891	0.0	0.0	0.0	0.0	0.0	5.303458213806152	0.0	0.0	5.581842422485352	0.0	0.0	0.0	6.03028678894043	0.0	6.504825115203857	0.0	0.0	0.0	0.0	0.0	0.0	0.0	0.0	0.0	0.0	0.0	0.0	0.0	4.667599678039551	0.0
0.0	0.0	0.0	3.3002562522888184	0.0	0.0	0.0	6.753006935119629	0.0	0.0	0.0	0.0	0.0	3.9587302207946777	0.0	0.0	0.0	0.0	0.0	5.103693962097168	0.0	0.0	0.0	0.0	0.0	0.0	0.0	0.0	0.0	0.0	0.0	0.0	0.0	5.480048179626465	0.0	0.0	0.0	0.0	0.0	5.292208671569824	0.0	0.0	5.582467079162598	0.0	0.0	0.0	6.025796413421631	0.0	6.475241184234619	0.0	0.0	0.0	0.0	0.0	0.0	0.0	0.0	0.0	0.0	0.0	0.0	0.0	4.651546001434326	0.0
0.0	0.0	0.0	3.3111138343811035	0.0	0.0	0.0	6.758788108825684	0.0	0.0	0.0	0.0	0.0	3.9669582843780518	0.0	0.0	0.0	0.0	0.0	5.135671138763428	0.0	0.0	0.0	0.0	0.0	0.0	0.0	0.0	0.0	0.0	0.0	0.0	0.0	5.511535167694092	0.0	0.0	0.0	0.0	0.0	5.313257217407227	0.0	0.0	5.594520568847656	0.0	0.0	0.0	6.046058654785156	0.0	6.5237531661987305	0.0	0.0	0.0	0.0	0.0	0.0	0.0	0.0	0.0	0.0	0.0	0.0	0.0	4.680042743682861	0.0
0.0	0.0	0.0	3.3117120265960693	0.0	0.0	0.0	6.764714241027832	0.0	0.0	0.0	0.0	0.0	3.97385573387146	0.0	0.0	0.0	0.0	0.0	5.138766288757324	0.0	0.0	0.0	0.0	0.0	0.0	0.0	0.0	0.0	0.0	0.0	0.0	0.0	5.515565395355225	0.0	0.0	0.0	0.0	0.0	5.321291446685791	0.0	0.0	5.599114418029785	0.0	0.0	0.0	6.0510478019714355	0.0	6.529901027679443	0.0	0.0	0.0	0.0	0.0	0.0	0.0	0.0	0.0	0.0	0.0	0.0	0.0	4.6843719482421875	0.0
0.0	0.0	0.0	3.3187384605407715	0.0	0.0	0.0	6.7770304679870605	0.0	0.0	0.0	0.0	0.0	3.979719638824463	0.0	0.0	0.0	0.0	0.0	5.147393703460693	0.0	0.0	0.0	0.0	0.0	0.0	0.0	0.0	0.0	0.0	0.0	0.0	0.0	5.5244598388671875	0.0	0.0	0.0	0.0	0.0	5.328824520111084	0.0	0.0	5.605996608734131	0.0	0.0	0.0	6.059647560119629	0.0	6.537725448608398	0.0	0.0	0.0	0.0	0.0	0.0	0.0	0.0	0.0	0.0	0.0	0.0	0.0	4.692509651184082	0.0
0.0	0.0	0.0	3.3026444911956787	0.0	0.0	0.0	6.755701065063477	0.0	0.0	0.0	0.0	0.0	3.9631330966949463	0.0	0.0	0.0	0.0	0.0	5.12522554397583	0.0	0.0	0.0	0.0	0.0	0.0	0.0	0.0	0.0	0.0	0.0	0.0	0.0	5.49880838394165	0.0	0.0	0.0	0.0	0.0	5.308274269104004	0.0	0.0	5.586911678314209	0.0	0.0	0.0	6.038197994232178	0.0	6.5137786865234375	0.0	0.0	0.0	0.0	0.0	0.0	0.0	0.0	0.0	0.0	0.0	0.0	0.0	4.669772148132324	0.0
0.0	0.0	0.0	3.2836928367614746	0.0	0.0	0.0	6.726566314697266	0.0	0.0	0.0	0.0	0.0	3.9430506229400635	0.0	0.0	0.0	0.0	0.0	5.086276531219482	0.0	0.0	0.0	0.0	0.0	0.0	0.0	0.0	0.0	0.0	0.0	0.0	0.0	5.458203315734863	0.0	0.0	0.0	0.0	0.0	5.273355007171631	0.0	0.0	5.562788486480713	0.0	0.0	0.0	6.006012439727783	0.0	6.466639518737793	0.0	0.0	0.0	0.0	0.0	0.0	0.0	0.0	0.0	0.0	0.0	0.0	0.0	4.6468586921691895	0.0
0.0	0.0	0.0	3.3179092407226562	0.0	0.0	0.0	6.777535915374756	0.0	0.0	0.0	0.0	0.0	3.978209972381592	0.0	0.0	0.0	0.0	0.0	5.143496990203857	0.0	0.0	0.0	0.0	0.0	0.0	0.0	0.0	0.0	0.0	0.0	0.0	0.0	5.518578052520752	0.0	0.0	0.0	0.0	0.0	5.323981761932373	0.0	0.0	5.603512287139893	0.0	0.0	0.0	6.057912349700928	0.0	6.531216621398926	0.0	0.0	0.0	0.0	0.0	0.0	0.0	0.0	0.0	0.0	0.0	0.0	0.0	4.686929702758789	0.0
0.0	0.0	0.0	3.3043007850646973	0.0	0.0	0.0	6.745282173156738	0.0	0.0	0.0	0.0	0.0	3.9618563652038574	0.0	0.0	0.0	0.0	0.0	5.1152472496032715	0.0	0.0	0.0	0.0	0.0	0.0	0.0	0.0	0.0	0.0	0.0	0.0	0.0	5.485098361968994	0.0	0.0	0.0	0.0	0.0	5.295856952667236	0.0	0.0	5.576717853546143	0.0	0.0	0.0	6.029609203338623	0.0	6.491361141204834	0.0	0.0	0.0	0.0	0.0	0.0	0.0	0.0	0.0	0.0	0.0	0.0	0.0	4.665672302246094	0.0
0.0	0.0	0.0	3.3163952827453613	0.0	0.0	0.0	6.77412748336792	0.0	0.0	0.0	0.0	0.0	3.978825569152832	0.0	0.0	0.0	0.0	0.0	5.142023086547852	0.0	0.0	0.0	0.0	0.0	0.0	0.0	0.0	0.0	0.0	0.0	0.0	0.0	5.521588325500488	0.0	0.0	0.0	0.0	0.0	5.325859069824219	0.0	0.0	5.605180740356445	0.0	0.0	0.0	6.056851863861084	0.0	6.536083698272705	0.0	0.0	0.0	0.0	0.0	0.0	0.0	0.0	0.0	0.0	0.0	0.0	0.0	4.690079689025879	0.0
0.0	0.0	0.0	3.313586711883545	0.0	0.0	0.0	6.769940376281738	0.0	0.0	0.0	0.0	0.0	3.9736804962158203	0.0	0.0	0.0	0.0	0.0	5.1369948387146	0.0	0.0	0.0	0.0	0.0	0.0	0.0	0.0	0.0	0.0	0.0	0.0	0.0	5.516556262969971	0.0	0.0	0.0	0.0	0.0	5.322563171386719	0.0	0.0	5.601400375366211	0.0	0.0	0.0	6.052771091461182	0.0	6.5285515785217285	0.0	0.0	0.0	0.0	0.0	0.0	0.0	0.0	0.0	0.0	0.0	0.0	0.0	4.687365531921387	0.0
0.0	0.0	0.0	3.3058462142944336	0.0	0.0	0.0	6.752631664276123	0.0	0.0	0.0	0.0	0.0	3.9633586406707764	0.0	0.0	0.0	0.0	0.0	5.119057655334473	0.0	0.0	0.0	0.0	0.0	0.0	0.0	0.0	0.0	0.0	0.0	0.0	0.0	5.49436092376709	0.0	0.0	0.0	0.0	0.0	5.302688121795654	0.0	0.0	5.584142208099365	0.0	0.0	0.0	6.032570838928223	0.0	6.499824523925781	0.0	0.0	0.0	0.0	0.0	0.0	0.0	0.0	0.0	0.0	0.0	0.0	0.0	4.6688361167907715	0.0
0.0	0.0	0.0	3.3138787746429443	0.0	0.0	0.0	6.78059196472168	0.0	0.0	0.0	0.0	0.0	3.9826393127441406	0.0	0.0	0.0	0.0	0.0	5.14663028717041	0.0	0.0	0.0	0.0	0.0	0.0	0.0	0.0	0.0	0.0	0.0	0.0	0.0	5.522693634033203	0.0	0.0	0.0	0.0	0.0	5.330195426940918	0.0	0.0	5.608692646026611	0.0	0.0	0.0	6.062891483306885	0.0	6.542287826538086	0.0	0.0	0.0	0.0	0.0	0.0	0.0	0.0	0.0	0.0	0.0	0.0	0.0	4.691943645477295	0.0
0.0	0.0	0.0	3.3134214878082275	0.0	0.0	0.0	6.768983364105225	0.0	0.0	0.0	0.0	0.0	3.9743521213531494	0.0	0.0	0.0	0.0	0.0	5.141357421875	0.0	0.0	0.0	0.0	0.0	0.0	0.0	0.0	0.0	0.0	0.0	0.0	0.0	5.516264915466309	0.0	0.0	0.0	0.0	0.0	5.323234558105469	0.0	0.0	5.601940631866455	0.0	0.0	0.0	6.053717613220215	0.0	6.532165050506592	0.0	0.0	0.0	0.0	0.0	0.0	0.0	0.0	0.0	0.0	0.0	0.0	0.0	4.687137603759766	0.0
0.0	0.0	0.0	3.3123466968536377	0.0	0.0	0.0	6.772815227508545	0.0	0.0	0.0	0.0	0.0	3.9751639366149902	0.0	0.0	0.0	0.0	0.0	5.135092258453369	0.0	0.0	0.0	0.0	0.0	0.0	0.0	0.0	0.0	0.0	0.0	0.0	0.0	5.516045093536377	0.0	0.0	0.0	0.0	0.0	5.32081413269043	0.0	0.0	5.603383541107178	0.0	0.0	0.0	6.055562973022461	0.0	6.528034687042236	0.0	0.0	0.0	0.0	0.0	0.0	0.0	0.0	0.0	0.0	0.0	0.0	0.0	4.684866428375244	0.0
0.0	0.0	0.0	3.3224501609802246	0.0	0.0	0.0	6.768397808074951	0.0	0.0	0.0	0.0	0.0	3.9827632904052734	0.0	0.0	0.0	0.0	0.0	5.1389384269714355	0.0	0.0	0.0	0.0	0.0	0.0	0.0	0.0	0.0	0.0	0.0	0.0	0.0	5.514990329742432	0.0	0.0	0.0	0.0	0.0	5.325559139251709	0.0	0.0	5.608989715576172	0.0	0.0	0.0	6.05564022064209	0.0	6.52862024307251	0.0	0.0	0.0	0.0	0.0	0.0	0.0	0.0	0.0	0.0	0.0	0.0	0.0	4.688206195831299	0.0
0.0	0.0	0.0	3.2831761837005615	0.0	0.0	0.0	6.717183589935303	0.0	0.0	0.0	0.0	0.0	3.937825918197632	0.0	0.0	0.0	0.0	0.0	5.078514099121094	0.0	0.0	0.0	0.0	0.0	0.0	0.0	0.0	0.0	0.0	0.0	0.0	0.0	5.452005386352539	0.0	0.0	0.0	0.0	0.0	5.271201133728027	0.0	0.0	5.555387020111084	0.0	0.0	0.0	5.999640941619873	0.0	6.4617180824279785	0.0	0.0	0.0	0.0	0.0	0.0	0.0	0.0	0.0	0.0	0.0	0.0	0.0	4.643240928649902	0.0
0.0	0.0	0.0	3.3204641342163086	0.0	0.0	0.0	6.774771213531494	0.0	0.0	0.0	0.0	0.0	3.9785361289978027	0.0	0.0	0.0	0.0	0.0	5.144336223602295	0.0	0.0	0.0	0.0	0.0	0.0	0.0	0.0	0.0	0.0	0.0	0.0	0.0	5.519810676574707	0.0	0.0	0.0	0.0	0.0	5.326754570007324	0.0	0.0	5.605930805206299	0.0	0.0	0.0	6.054171562194824	0.0	6.537168025970459	0.0	0.0	0.0	0.0	0.0	0.0	0.0	0.0	0.0	0.0	0.0	0.0	0.0	4.68743371963501	0.0
0.0	0.0	0.0	3.305919647216797	0.0	0.0	0.0	6.761325359344482	0.0	0.0	0.0	0.0	0.0	3.971240758895874	0.0	0.0	0.0	0.0	0.0	5.122121334075928	0.0	0.0	0.0	0.0	0.0	0.0	0.0	0.0	0.0	0.0	0.0	0.0	0.0	5.5016093254089355	0.0	0.0	0.0	0.0	0.0	5.305260181427002	0.0	0.0	5.58803653717041	0.0	0.0	0.0	6.040884971618652	0.0	6.506704807281494	0.0	0.0	0.0	0.0	0.0	0.0	0.0	0.0	0.0	0.0	0.0	0.0	0.0	4.674489498138428	0.0
0.0	0.0	0.0	3.3136677742004395	0.0	0.0	0.0	6.757211685180664	0.0	0.0	0.0	0.0	0.0	3.9754631519317627	0.0	0.0	0.0	0.0	0.0	5.133857727050781	0.0	0.0	0.0	0.0	0.0	0.0	0.0	0.0	0.0	0.0	0.0	0.0	0.0	5.512316703796387	0.0	0.0	0.0	0.0	0.0	5.314859867095947	0.0	0.0	5.5960893630981445	0.0	0.0	0.0	6.041464805603027	0.0	6.520834445953369	0.0	0.0	0.0	0.0	0.0	0.0	0.0	0.0	0.0	0.0	0.0	0.0	0.0	4.677960395812988	0.0
0.0	0.0	0.0	3.3164913654327393	0.0	0.0	0.0	6.76649808883667	0.0	0.0	0.0	0.0	0.0	3.975975513458252	0.0	0.0	0.0	0.0	0.0	5.140687942504883	0.0	0.0	0.0	0.0	0.0	0.0	0.0	0.0	0.0	0.0	0.0	0.0	0.0	5.514913558959961	0.0	0.0	0.0	0.0	0.0	5.32138204574585	0.0	0.0	5.601318836212158	0.0	0.0	0.0	6.050442695617676	0.0	6.523990631103516	0.0	0.0	0.0	0.0	0.0	0.0	0.0	0.0	0.0	0.0	0.0	0.0	0.0	4.684135437011719	0.0
0.0	0.0	0.0	3.311768054962158	0.0	0.0	0.0	6.76743745803833	0.0	0.0	0.0	0.0	0.0	3.975247621536255	0.0	0.0	0.0	0.0	0.0	5.14103364944458	0.0	0.0	0.0	0.0	0.0	0.0	0.0	0.0	0.0	0.0	0.0	0.0	0.0	5.518968105316162	0.0	0.0	0.0	0.0	0.0	5.322319507598877	0.0	0.0	5.599704742431641	0.0	0.0	0.0	6.054454803466797	0.0	6.532421112060547	0.0	0.0	0.0	0.0	0.0	0.0	0.0	0.0	0.0	0.0	0.0	0.0	0.0	4.687173366546631	0.0
0.0	0.0	0.0	3.313352584838867	0.0	0.0	0.0	6.767831325531006	0.0	0.0	0.0	0.0	0.0	3.9738640785217285	0.0	0.0	0.0	0.0	0.0	5.139639377593994	0.0	0.0	0.0	0.0	0.0	0.0	0.0	0.0	0.0	0.0	0.0	0.0	0.0	5.514350891113281	0.0	0.0	0.0	0.0	0.0	5.321488380432129	0.0	0.0	5.59901762008667	0.0	0.0	0.0	6.050372123718262	0.0	6.526468276977539	0.0	0.0	0.0	0.0	0.0	0.0	0.0	0.0	0.0	0.0	0.0	0.0	0.0	4.68379020690918	0.0
0.0	0.0	0.0	3.3163185119628906	0.0	0.0	0.0	6.774755954742432	0.0	0.0	0.0	0.0	0.0	3.976388454437256	0.0	0.0	0.0	0.0	0.0	5.14189338684082	0.0	0.0	0.0	0.0	0.0	0.0	0.0	0.0	0.0	0.0	0.0	0.0	0.0	5.521470546722412	0.0	0.0	0.0	0.0	0.0	5.326197147369385	0.0	0.0	5.60296106338501	0.0	0.0	0.0	6.058162689208984	0.0	6.536223411560059	0.0	0.0	0.0	0.0	0.0	0.0	0.0	0.0	0.0	0.0	0.0	0.0	0.0	4.688394546508789	0.0
0.0	0.0	0.0	3.314765453338623	0.0	0.0	0.0	6.769372463226318	0.0	0.0	0.0	0.0	0.0	3.9734766483306885	0.0	0.0	0.0	0.0	0.0	5.125396251678467	0.0	0.0	0.0	0.0	0.0	0.0	0.0	0.0	0.0	0.0	0.0	0.0	0.0	5.503239631652832	0.0	0.0	0.0	0.0	0.0	5.312770843505859	0.0	0.0	5.595907211303711	0.0	0.0	0.0	6.043013572692871	0.0	6.507238864898682	0.0	0.0	0.0	0.0	0.0	0.0	0.0	0.0	0.0	0.0	0.0	0.0	0.0	4.676120281219482	0.0
0.0	0.0	0.0	3.321345329284668	0.0	0.0	0.0	6.793631076812744	0.0	0.0	0.0	0.0	0.0	3.986722230911255	0.0	0.0	0.0	0.0	0.0	5.151663303375244	0.0	0.0	0.0	0.0	0.0	0.0	0.0	0.0	0.0	0.0	0.0	0.0	0.0	5.5314507484436035	0.0	0.0	0.0	0.0	0.0	5.338192939758301	0.0	0.0	5.623204708099365	0.0	0.0	0.0	6.072607517242432	0.0	6.550351619720459	0.0	0.0	0.0	0.0	0.0	0.0	0.0	0.0	0.0	0.0	0.0	0.0	0.0	4.69497013092041	0.0
0.0	0.0	0.0	3.313836097717285	0.0	0.0	0.0	6.768354415893555	0.0	0.0	0.0	0.0	0.0	3.974292516708374	0.0	0.0	0.0	0.0	0.0	5.1404500007629395	0.0	0.0	0.0	0.0	0.0	0.0	0.0	0.0	0.0	0.0	0.0	0.0	0.0	5.518821716308594	0.0	0.0	0.0	0.0	0.0	5.325351715087891	0.0	0.0	5.601285457611084	0.0	0.0	0.0	6.0525994300842285	0.0	6.533076286315918	0.0	0.0	0.0	0.0	0.0	0.0	0.0	0.0	0.0	0.0	0.0	0.0	0.0	4.688593864440918	0.0
0.0	0.0	0.0	3.260972023010254	0.0	0.0	0.0	6.688151836395264	0.0	0.0	0.0	0.0	0.0	3.9283742904663086	0.0	0.0	0.0	0.0	0.0	5.067843914031982	0.0	0.0	0.0	0.0	0.0	0.0	0.0	0.0	0.0	0.0	0.0	0.0	0.0	5.422039031982422	0.0	0.0	0.0	0.0	0.0	5.245938777923584	0.0	0.0	5.521978378295898	0.0	0.0	0.0	5.967530727386475	0.0	6.417929172515869	0.0	0.0	0.0	0.0	0.0	0.0	0.0	0.0	0.0	0.0	0.0	0.0	0.0	4.613003730773926	0.0
0.0	0.0	0.0	3.3136656284332275	0.0	0.0	0.0	6.766167640686035	0.0	0.0	0.0	0.0	0.0	3.9744555950164795	0.0	0.0	0.0	0.0	0.0	5.139463424682617	0.0	0.0	0.0	0.0	0.0	0.0	0.0	0.0	0.0	0.0	0.0	0.0	0.0	5.51423978805542	0.0	0.0	0.0	0.0	0.0	5.323556423187256	0.0	0.0	5.602381229400635	0.0	0.0	0.0	6.051899433135986	0.0	6.532191276550293	0.0	0.0	0.0	0.0	0.0	0.0	0.0	0.0	0.0	0.0	0.0	0.0	0.0	4.687763690948486	0.0
0.0	0.0	0.0	3.3106255531311035	0.0	0.0	0.0	6.764953136444092	0.0	0.0	0.0	0.0	0.0	3.9747469425201416	0.0	0.0	0.0	0.0	0.0	5.1388773918151855	0.0	0.0	0.0	0.0	0.0	0.0	0.0	0.0	0.0	0.0	0.0	0.0	0.0	5.514175891876221	0.0	0.0	0.0	0.0	0.0	5.322536468505859	0.0	0.0	5.5986199378967285	0.0	0.0	0.0	6.049966335296631	0.0	6.527709007263184	0.0	0.0	0.0	0.0	0.0	0.0	0.0	0.0	0.0	0.0	0.0	0.0	0.0	4.685551166534424	0.0
0.0	0.0	0.0	3.317765951156616	0.0	0.0	0.0	6.776589393615723	0.0	0.0	0.0	0.0	0.0	3.9739205837249756	0.0	0.0	0.0	0.0	0.0	5.142486572265625	0.0	0.0	0.0	0.0	0.0	0.0	0.0	0.0	0.0	0.0	0.0	0.0	0.0	5.514196872711182	0.0	0.0	0.0	0.0	0.0	5.3284010887146	0.0	0.0	5.603769779205322	0.0	0.0	0.0	6.055987358093262	0.0	6.528296947479248	0.0	0.0	0.0	0.0	0.0	0.0	0.0	0.0	0.0	0.0	0.0	0.0	0.0	4.692098617553711	0.0
0.0	0.0	0.0	3.3168392181396484	0.0	0.0	0.0	6.772902965545654	0.0	0.0	0.0	0.0	0.0	3.984910726547241	0.0	0.0	0.0	0.0	0.0	5.143182754516602	0.0	0.0	0.0	0.0	0.0	0.0	0.0	0.0	0.0	0.0	0.0	0.0	0.0	5.520110130310059	0.0	0.0	0.0	0.0	0.0	5.325255393981934	0.0	0.0	5.603023529052734	0.0	0.0	0.0	6.053915977478027	0.0	6.52976655960083	0.0	0.0	0.0	0.0	0.0	0.0	0.0	0.0	0.0	0.0	0.0	0.0	0.0	4.679000377655029	0.0
0.0	0.0	0.0	3.3075034618377686	0.0	0.0	0.0	6.755960464477539	0.0	0.0	0.0	0.0	0.0	3.964972972869873	0.0	0.0	0.0	0.0	0.0	5.129347801208496	0.0	0.0	0.0	0.0	0.0	0.0	0.0	0.0	0.0	0.0	0.0	0.0	0.0	5.5000457763671875	0.0	0.0	0.0	0.0	0.0	5.309620380401611	0.0	0.0	5.5871992111206055	0.0	0.0	0.0	6.036922454833984	0.0	6.508411407470703	0.0	0.0	0.0	0.0	0.0	0.0	0.0	0.0	0.0	0.0	0.0	0.0	0.0	4.675209999084473	0.0
0.0	0.0	0.0	3.317413091659546	0.0	0.0	0.0	6.773428440093994	0.0	0.0	0.0	0.0	0.0	3.976302146911621	0.0	0.0	0.0	0.0	0.0	5.140037536621094	0.0	0.0	0.0	0.0	0.0	0.0	0.0	0.0	0.0	0.0	0.0	0.0	0.0	5.51804256439209	0.0	0.0	0.0	0.0	0.0	5.325843334197998	0.0	0.0	5.60288667678833	0.0	0.0	0.0	6.054022312164307	0.0	6.534177780151367	0.0	0.0	0.0	0.0	0.0	0.0	0.0	0.0	0.0	0.0	0.0	0.0	0.0	4.687112808227539	0.0
0.0	0.0	0.0	3.3155517578125	0.0	0.0	0.0	6.760445594787598	0.0	0.0	0.0	0.0	0.0	3.9691014289855957	0.0	0.0	0.0	0.0	0.0	5.132906436920166	0.0	0.0	0.0	0.0	0.0	0.0	0.0	0.0	0.0	0.0	0.0	0.0	0.0	5.508932590484619	0.0	0.0	0.0	0.0	0.0	5.318412780761719	0.0	0.0	5.596784591674805	0.0	0.0	0.0	6.043766498565674	0.0	6.520578861236572	0.0	0.0	0.0	0.0	0.0	0.0	0.0	0.0	0.0	0.0	0.0	0.0	0.0	4.682534217834473	0.0
0.0	0.0	0.0	3.310197591781616	0.0	0.0	0.0	6.763726711273193	0.0	0.0	0.0	0.0	0.0	3.9725944995880127	0.0	0.0	0.0	0.0	0.0	5.135775566101074	0.0	0.0	0.0	0.0	0.0	0.0	0.0	0.0	0.0	0.0	0.0	0.0	0.0	5.513768196105957	0.0	0.0	0.0	0.0	0.0	5.3208699226379395	0.0	0.0	5.594907760620117	0.0	0.0	0.0	6.0475873947143555	0.0	6.524904251098633	0.0	0.0	0.0	0.0	0.0	0.0	0.0	0.0	0.0	0.0	0.0	0.0	0.0	4.680598258972168	0.0
0.0	0.0	0.0	3.309356212615967	0.0	0.0	0.0	6.766864776611328	0.0	0.0	0.0	0.0	0.0	3.9756641387939453	0.0	0.0	0.0	0.0	0.0	5.14216947555542	0.0	0.0	0.0	0.0	0.0	0.0	0.0	0.0	0.0	0.0	0.0	0.0	0.0	5.5144572257995605	0.0	0.0	0.0	0.0	0.0	5.321503639221191	0.0	0.0	5.600623607635498	0.0	0.0	0.0	6.053290843963623	0.0	6.529077529907227	0.0	0.0	0.0	0.0	0.0	0.0	0.0	0.0	0.0	0.0	0.0	0.0	0.0	4.684103488922119	0.0
0.0	0.0	0.0	3.3097105026245117	0.0	0.0	0.0	6.763772487640381	0.0	0.0	0.0	0.0	0.0	3.970127820968628	0.0	0.0	0.0	0.0	0.0	5.139732360839844	0.0	0.0	0.0	0.0	0.0	0.0	0.0	0.0	0.0	0.0	0.0	0.0	0.0	5.512051582336426	0.0	0.0	0.0	0.0	0.0	5.315917491912842	0.0	0.0	5.598061561584473	0.0	0.0	0.0	6.045659065246582	0.0	6.523321151733398	0.0	0.0	0.0	0.0	0.0	0.0	0.0	0.0	0.0	0.0	0.0	0.0	0.0	4.682010650634766	0.0
0.0	0.0	0.0	3.3102335929870605	0.0	0.0	0.0	6.775617599487305	0.0	0.0	0.0	0.0	0.0	3.9777400493621826	0.0	0.0	0.0	0.0	0.0	5.140891075134277	0.0	0.0	0.0	0.0	0.0	0.0	0.0	0.0	0.0	0.0	0.0	0.0	0.0	5.517701148986816	0.0	0.0	0.0	0.0	0.0	5.320518970489502	0.0	0.0	5.599533557891846	0.0	0.0	0.0	6.056823253631592	0.0	6.529390335083008	0.0	0.0	0.0	0.0	0.0	0.0	0.0	0.0	0.0	0.0	0.0	0.0	0.0	4.687159061431885	0.0
0.0	0.0	0.0	3.3085622787475586	0.0	0.0	0.0	6.764425754547119	0.0	0.0	0.0	0.0	0.0	3.970026731491089	0.0	0.0	0.0	0.0	0.0	5.133720397949219	0.0	0.0	0.0	0.0	0.0	0.0	0.0	0.0	0.0	0.0	0.0	0.0	0.0	5.508108615875244	0.0	0.0	0.0	0.0	0.0	5.316192150115967	0.0	0.0	5.596090316772461	0.0	0.0	0.0	6.048470973968506	0.0	6.524053573608398	0.0	0.0	0.0	0.0	0.0	0.0	0.0	0.0	0.0	0.0	0.0	0.0	0.0	4.682711124420166	0.0
0.0	0.0	0.0	3.306448459625244	0.0	0.0	0.0	6.746153354644775	0.0	0.0	0.0	0.0	0.0	3.9667489528656006	0.0	0.0	0.0	0.0	0.0	5.127899646759033	0.0	0.0	0.0	0.0	0.0	0.0	0.0	0.0	0.0	0.0	0.0	0.0	0.0	5.501042366027832	0.0	0.0	0.0	0.0	0.0	5.3077192306518555	0.0	0.0	5.582218647003174	0.0	0.0	0.0	6.035885810852051	0.0	6.507803440093994	0.0	0.0	0.0	0.0	0.0	0.0	0.0	0.0	0.0	0.0	0.0	0.0	0.0	4.669520854949951	0.0
0.0	0.0	0.0	3.287539005279541	0.0	0.0	0.0	6.731508731842041	0.0	0.0	0.0	0.0	0.0	3.9516677856445312	0.0	0.0	0.0	0.0	0.0	5.109707832336426	0.0	0.0	0.0	0.0	0.0	0.0	0.0	0.0	0.0	0.0	0.0	0.0	0.0	5.478818893432617	0.0	0.0	0.0	0.0	0.0	5.285694599151611	0.0	0.0	5.560777187347412	0.0	0.0	0.0	6.014147758483887	0.0	6.479983806610107	0.0	0.0	0.0	0.0	0.0	0.0	0.0	0.0	0.0	0.0	0.0	0.0	0.0	4.652078628540039	0.0
0.0	0.0	0.0	3.301901340484619	0.0	0.0	0.0	6.742161273956299	0.0	0.0	0.0	0.0	0.0	3.9641482830047607	0.0	0.0	0.0	0.0	0.0	5.106093406677246	0.0	0.0	0.0	0.0	0.0	0.0	0.0	0.0	0.0	0.0	0.0	0.0	0.0	5.483469486236572	0.0	0.0	0.0	0.0	0.0	5.293157577514648	0.0	0.0	5.57493257522583	0.0	0.0	0.0	6.022507667541504	0.0	6.487687587738037	0.0	0.0	0.0	0.0	0.0	0.0	0.0	0.0	0.0	0.0	0.0	0.0	0.0	4.6583943367004395	0.0
0.0	0.0	0.0	3.3016510009765625	0.0	0.0	0.0	6.724853992462158	0.0	0.0	0.0	0.0	0.0	3.9472243785858154	0.0	0.0	0.0	0.0	0.0	5.090843200683594	0.0	0.0	0.0	0.0	0.0	0.0	0.0	0.0	0.0	0.0	0.0	0.0	0.0	5.458522796630859	0.0	0.0	0.0	0.0	0.0	5.2743821144104	0.0	0.0	5.560914516448975	0.0	0.0	0.0	5.998486042022705	0.0	6.451752185821533	0.0	0.0	0.0	0.0	0.0	0.0	0.0	0.0	0.0	0.0	0.0	0.0	0.0	4.642268180847168	0.0
0.0	0.0	0.0	3.3167262077331543	0.0	0.0	0.0	6.780106067657471	0.0	0.0	0.0	0.0	0.0	3.981369733810425	0.0	0.0	0.0	0.0	0.0	5.147109031677246	0.0	0.0	0.0	0.0	0.0	0.0	0.0	0.0	0.0	0.0	0.0	0.0	0.0	5.526490688323975	0.0	0.0	0.0	0.0	0.0	5.3279595375061035	0.0	0.0	5.608607769012451	0.0	0.0	0.0	6.060965061187744	0.0	6.541492938995361	0.0	0.0	0.0	0.0	0.0	0.0	0.0	0.0	0.0	0.0	0.0	0.0	0.0	4.692683219909668	0.0
0.0	0.0	0.0	3.3002305030822754	0.0	0.0	0.0	6.717041015625	0.0	0.0	0.0	0.0	0.0	3.946000337600708	0.0	0.0	0.0	0.0	0.0	5.084980010986328	0.0	0.0	0.0	0.0	0.0	0.0	0.0	0.0	0.0	0.0	0.0	0.0	0.0	5.4514312744140625	0.0	0.0	0.0	0.0	0.0	5.274981498718262	0.0	0.0	5.55863094329834	0.0	0.0	0.0	5.992102146148682	0.0	6.448392391204834	0.0	0.0	0.0	0.0	0.0	0.0	0.0	0.0	0.0	0.0	0.0	0.0	0.0	4.640290260314941	0.0
0.0	0.0	0.0	3.313084602355957	0.0	0.0	0.0	6.764984130859375	0.0	0.0	0.0	0.0	0.0	3.9727940559387207	0.0	0.0	0.0	0.0	0.0	5.1382269859313965	0.0	0.0	0.0	0.0	0.0	0.0	0.0	0.0	0.0	0.0	0.0	0.0	0.0	5.515990257263184	0.0	0.0	0.0	0.0	0.0	5.322576522827148	0.0	0.0	5.598721504211426	0.0	0.0	0.0	6.049985408782959	0.0	6.529847621917725	0.0	0.0	0.0	0.0	0.0	0.0	0.0	0.0	0.0	0.0	0.0	0.0	0.0	4.685101509094238	0.0
0.0	0.0	0.0	3.2952499389648438	0.0	0.0	0.0	6.722277641296387	0.0	0.0	0.0	0.0	0.0	3.948596477508545	0.0	0.0	0.0	0.0	0.0	5.094725131988525	0.0	0.0	0.0	0.0	0.0	0.0	0.0	0.0	0.0	0.0	0.0	0.0	0.0	5.462677001953125	0.0	0.0	0.0	0.0	0.0	5.273706436157227	0.0	0.0	5.558475494384766	0.0	0.0	0.0	5.9974684715271	0.0	6.458812713623047	0.0	0.0	0.0	0.0	0.0	0.0	0.0	0.0	0.0	0.0	0.0	0.0	0.0	4.637380123138428	0.0
0.0	0.0	0.0	3.3073995113372803	0.0	0.0	0.0	6.754359245300293	0.0	0.0	0.0	0.0	0.0	3.969210147857666	0.0	0.0	0.0	0.0	0.0	5.124629020690918	0.0	0.0	0.0	0.0	0.0	0.0	0.0	0.0	0.0	0.0	0.0	0.0	0.0	5.498927116394043	0.0	0.0	0.0	0.0	0.0	5.308485507965088	0.0	0.0	5.58760929107666	0.0	0.0	0.0	6.034857273101807	0.0	6.510180950164795	0.0	0.0	0.0	0.0	0.0	0.0	0.0	0.0	0.0	0.0	0.0	0.0	0.0	4.669512748718262	0.0
0.0	0.0	0.0	3.3158340454101562	0.0	0.0	0.0	6.769085884094238	0.0	0.0	0.0	0.0	0.0	3.9708163738250732	0.0	0.0	0.0	0.0	0.0	5.141355037689209	0.0	0.0	0.0	0.0	0.0	0.0	0.0	0.0	0.0	0.0	0.0	0.0	0.0	5.519644260406494	0.0	0.0	0.0	0.0	0.0	5.3267669677734375	0.0	0.0	5.600729465484619	0.0	0.0	0.0	6.053121566772461	0.0	6.532463550567627	0.0	0.0	0.0	0.0	0.0	0.0	0.0	0.0	0.0	0.0	0.0	0.0	0.0	4.689693450927734	0.0
0.0	0.0	0.0	3.315837860107422	0.0	0.0	0.0	6.773942947387695	0.0	0.0	0.0	0.0	0.0	3.976412773132324	0.0	0.0	0.0	0.0	0.0	5.141937732696533	0.0	0.0	0.0	0.0	0.0	0.0	0.0	0.0	0.0	0.0	0.0	0.0	0.0	5.5171895027160645	0.0	0.0	0.0	0.0	0.0	5.3265886306762695	0.0	0.0	5.602006912231445	0.0	0.0	0.0	6.053867340087891	0.0	6.53173303604126	0.0	0.0	0.0	0.0	0.0	0.0	0.0	0.0	0.0	0.0	0.0	0.0	0.0	4.687128067016602	0.0
0.0	0.0	0.0	3.32087779045105	0.0	0.0	0.0	6.7787275314331055	0.0	0.0	0.0	0.0	0.0	3.9826912879943848	0.0	0.0	0.0	0.0	0.0	5.151825428009033	0.0	0.0	0.0	0.0	0.0	0.0	0.0	0.0	0.0	0.0	0.0	0.0	0.0	5.529739856719971	0.0	0.0	0.0	0.0	0.0	5.331549167633057	0.0	0.0	5.611245155334473	0.0	0.0	0.0	6.06336784362793	0.0	6.5409393310546875	0.0	0.0	0.0	0.0	0.0	0.0	0.0	0.0	0.0	0.0	0.0	0.0	0.0	4.693944931030273	0.0
0.0	0.0	0.0	3.3160901069641113	0.0	0.0	0.0	6.776430130004883	0.0	0.0	0.0	0.0	0.0	3.9799485206604004	0.0	0.0	0.0	0.0	0.0	5.147705078125	0.0	0.0	0.0	0.0	0.0	0.0	0.0	0.0	0.0	0.0	0.0	0.0	0.0	5.521884441375732	0.0	0.0	0.0	0.0	0.0	5.328032493591309	0.0	0.0	5.608338832855225	0.0	0.0	0.0	6.058292388916016	0.0	6.537607192993164	0.0	0.0	0.0	0.0	0.0	0.0	0.0	0.0	0.0	0.0	0.0	0.0	0.0	4.691401958465576	0.0
0.0	0.0	0.0	3.3174805641174316	0.0	0.0	0.0	6.76170539855957	0.0	0.0	0.0	0.0	0.0	3.9688518047332764	0.0	0.0	0.0	0.0	0.0	5.131293773651123	0.0	0.0	0.0	0.0	0.0	0.0	0.0	0.0	0.0	0.0	0.0	0.0	0.0	5.506394863128662	0.0	0.0	0.0	0.0	0.0	5.313915729522705	0.0	0.0	5.594094276428223	0.0	0.0	0.0	6.041133880615234	0.0	6.512707710266113	0.0	0.0	0.0	0.0	0.0	0.0	0.0	0.0	0.0	0.0	0.0	0.0	0.0	4.67818546295166	0.0
0.0	0.0	0.0	3.3110744953155518	0.0	0.0	0.0	6.769237041473389	0.0	0.0	0.0	0.0	0.0	3.9745256900787354	0.0	0.0	0.0	0.0	0.0	5.140315532684326	0.0	0.0	0.0	0.0	0.0	0.0	0.0	0.0	0.0	0.0	0.0	0.0	0.0	5.518632411956787	0.0	0.0	0.0	0.0	0.0	5.323057651519775	0.0	0.0	5.602873802185059	0.0	0.0	0.0	6.056054592132568	0.0	6.53269100189209	0.0	0.0	0.0	0.0	0.0	0.0	0.0	0.0	0.0	0.0	0.0	0.0	0.0	4.690227031707764	0.0
0.0	0.0	0.0	3.318864107131958	0.0	0.0	0.0	6.798325061798096	0.0	0.0	0.0	0.0	0.0	3.985762119293213	0.0	0.0	0.0	0.0	0.0	5.147067546844482	0.0	0.0	0.0	0.0	0.0	0.0	0.0	0.0	0.0	0.0	0.0	0.0	0.0	5.530710697174072	0.0	0.0	0.0	0.0	0.0	5.334161281585693	0.0	0.0	5.618408203125	0.0	0.0	0.0	6.075124263763428	0.0	6.551572799682617	0.0	0.0	0.0	0.0	0.0	0.0	0.0	0.0	0.0	0.0	0.0	0.0	0.0	4.693039417266846	0.0
0.0	0.0	0.0	3.302952766418457	0.0	0.0	0.0	6.755842685699463	0.0	0.0	0.0	0.0	0.0	3.954336643218994	0.0	0.0	0.0	0.0	0.0	5.11587381362915	0.0	0.0	0.0	0.0	0.0	0.0	0.0	0.0	0.0	0.0	0.0	0.0	0.0	5.489127159118652	0.0	0.0	0.0	0.0	0.0	5.292693614959717	0.0	0.0	5.583759307861328	0.0	0.0	0.0	6.031182289123535	0.0	6.489633083343506	0.0	0.0	0.0	0.0	0.0	0.0	0.0	0.0	0.0	0.0	0.0	0.0	0.0	4.673151016235352	0.0
0.0	0.0	0.0	3.316457986831665	0.0	0.0	0.0	6.772256851196289	0.0	0.0	0.0	0.0	0.0	3.9769527912139893	0.0	0.0	0.0	0.0	0.0	5.145564079284668	0.0	0.0	0.0	0.0	0.0	0.0	0.0	0.0	0.0	0.0	0.0	0.0	0.0	5.520391464233398	0.0	0.0	0.0	0.0	0.0	5.324921607971191	0.0	0.0	5.605520248413086	0.0	0.0	0.0	6.056774616241455	0.0	6.5336689949035645	0.0	0.0	0.0	0.0	0.0	0.0	0.0	0.0	0.0	0.0	0.0	0.0	0.0	4.690917491912842	0.0
0.0	0.0	0.0	3.308380603790283	0.0	0.0	0.0	6.743003845214844	0.0	0.0	0.0	0.0	0.0	3.957387685775757	0.0	0.0	0.0	0.0	0.0	5.106783390045166	0.0	0.0	0.0	0.0	0.0	0.0	0.0	0.0	0.0	0.0	0.0	0.0	0.0	5.474484443664551	0.0	0.0	0.0	0.0	0.0	5.2926025390625	0.0	0.0	5.573913097381592	0.0	0.0	0.0	6.0207085609436035	0.0	6.471904754638672	0.0	0.0	0.0	0.0	0.0	0.0	0.0	0.0	0.0	0.0	0.0	0.0	0.0	4.658170700073242	0.0
0.0	0.0	0.0	3.3231632709503174	0.0	0.0	0.0	6.787684440612793	0.0	0.0	0.0	0.0	0.0	3.9859156608581543	0.0	0.0	0.0	0.0	0.0	5.150888919830322	0.0	0.0	0.0	0.0	0.0	0.0	0.0	0.0	0.0	0.0	0.0	0.0	0.0	5.531620025634766	0.0	0.0	0.0	0.0	0.0	5.333451747894287	0.0	0.0	5.614749908447266	0.0	0.0	0.0	6.065661430358887	0.0	6.54686164855957	0.0	0.0	0.0	0.0	0.0	0.0	0.0	0.0	0.0	0.0	0.0	0.0	0.0	4.698298454284668	0.0
0.0	0.0	0.0	3.3078789710998535	0.0	0.0	0.0	6.757761478424072	0.0	0.0	0.0	0.0	0.0	3.968543529510498	0.0	0.0	0.0	0.0	0.0	5.125436305999756	0.0	0.0	0.0	0.0	0.0	0.0	0.0	0.0	0.0	0.0	0.0	0.0	0.0	5.502582550048828	0.0	0.0	0.0	0.0	0.0	5.305474281311035	0.0	0.0	5.588159084320068	0.0	0.0	0.0	6.039050579071045	0.0	6.508671283721924	0.0	0.0	0.0	0.0	0.0	0.0	0.0	0.0	0.0	0.0	0.0	0.0	0.0	4.668644905090332	0.0
0.0	0.0	0.0	3.313549041748047	0.0	0.0	0.0	6.765513896942139	0.0	0.0	0.0	0.0	0.0	3.9728522300720215	0.0	0.0	0.0	0.0	0.0	5.14008092880249	0.0	0.0	0.0	0.0	0.0	0.0	0.0	0.0	0.0	0.0	0.0	0.0	0.0	5.516808032989502	0.0	0.0	0.0	0.0	0.0	5.322125434875488	0.0	0.0	5.597768783569336	0.0	0.0	0.0	6.049664497375488	0.0	6.527702331542969	0.0	0.0	0.0	0.0	0.0	0.0	0.0	0.0	0.0	0.0	0.0	0.0	0.0	4.685390472412109	0.0
0.0	0.0	0.0	3.306459903717041	0.0	0.0	0.0	6.7540764808654785	0.0	0.0	0.0	0.0	0.0	3.9673948287963867	0.0	0.0	0.0	0.0	0.0	5.125692844390869	0.0	0.0	0.0	0.0	0.0	0.0	0.0	0.0	0.0	0.0	0.0	0.0	0.0	5.503134250640869	0.0	0.0	0.0	0.0	0.0	5.304718017578125	0.0	0.0	5.584516525268555	0.0	0.0	0.0	6.0365753173828125	0.0	6.505475997924805	0.0	0.0	0.0	0.0	0.0	0.0	0.0	0.0	0.0	0.0	0.0	0.0	0.0	4.6683783531188965	0.0
0.0	0.0	0.0	3.293247938156128	0.0	0.0	0.0	6.739659309387207	0.0	0.0	0.0	0.0	0.0	3.9566943645477295	0.0	0.0	0.0	0.0	0.0	5.11309289932251	0.0	0.0	0.0	0.0	0.0	0.0	0.0	0.0	0.0	0.0	0.0	0.0	0.0	5.484714031219482	0.0	0.0	0.0	0.0	0.0	5.292006969451904	0.0	0.0	5.574073791503906	0.0	0.0	0.0	6.023038387298584	0.0	6.488779067993164	0.0	0.0	0.0	0.0	0.0	0.0	0.0	0.0	0.0	0.0	0.0	0.0	0.0	4.6632208824157715	0.0
0.0	0.0	0.0	3.3113443851470947	0.0	0.0	0.0	6.7496795654296875	0.0	0.0	0.0	0.0	0.0	3.9653689861297607	0.0	0.0	0.0	0.0	0.0	5.116966724395752	0.0	0.0	0.0	0.0	0.0	0.0	0.0	0.0	0.0	0.0	0.0	0.0	0.0	5.483396530151367	0.0	0.0	0.0	0.0	0.0	5.307634353637695	0.0	0.0	5.584666728973389	0.0	0.0	0.0	6.031060218811035	0.0	6.49925422668457	0.0	0.0	0.0	0.0	0.0	0.0	0.0	0.0	0.0	0.0	0.0	0.0	0.0	4.664117813110352	0.0
0.0	0.0	0.0	3.3201489448547363	0.0	0.0	0.0	6.784209728240967	0.0	0.0	0.0	0.0	0.0	3.9827322959899902	0.0	0.0	0.0	0.0	0.0	5.152098655700684	0.0	0.0	0.0	0.0	0.0	0.0	0.0	0.0	0.0	0.0	0.0	0.0	0.0	5.527214050292969	0.0	0.0	0.0	0.0	0.0	5.3350419998168945	0.0	0.0	5.611209869384766	0.0	0.0	0.0	6.065370559692383	0.0	6.542099475860596	0.0	0.0	0.0	0.0	0.0	0.0	0.0	0.0	0.0	0.0	0.0	0.0	0.0	4.698009490966797	0.0
0.0	0.0	0.0	3.319056510925293	0.0	0.0	0.0	6.783017635345459	0.0	0.0	0.0	0.0	0.0	3.9819717407226562	0.0	0.0	0.0	0.0	0.0	5.14748477935791	0.0	0.0	0.0	0.0	0.0	0.0	0.0	0.0	0.0	0.0	0.0	0.0	0.0	5.526374340057373	0.0	0.0	0.0	0.0	0.0	5.331645965576172	0.0	0.0	5.615004539489746	0.0	0.0	0.0	6.0631208419799805	0.0	6.537364959716797	0.0	0.0	0.0	0.0	0.0	0.0	0.0	0.0	0.0	0.0	0.0	0.0	0.0	4.695159912109375	0.0
0.0	0.0	0.0	3.3027548789978027	0.0	0.0	0.0	6.731860160827637	0.0	0.0	0.0	0.0	0.0	3.9572484493255615	0.0	0.0	0.0	0.0	0.0	5.116685390472412	0.0	0.0	0.0	0.0	0.0	0.0	0.0	0.0	0.0	0.0	0.0	0.0	0.0	5.4922261238098145	0.0	0.0	0.0	0.0	0.0	5.296076774597168	0.0	0.0	5.572789192199707	0.0	0.0	0.0	6.022000789642334	0.0	6.497350215911865	0.0	0.0	0.0	0.0	0.0	0.0	0.0	0.0	0.0	0.0	0.0	0.0	0.0	4.6623311042785645	0.0
0.0	0.0	0.0	3.3085296154022217	0.0	0.0	0.0	6.765451431274414	0.0	0.0	0.0	0.0	0.0	3.9710776805877686	0.0	0.0	0.0	0.0	0.0	5.133722305297852	0.0	0.0	0.0	0.0	0.0	0.0	0.0	0.0	0.0	0.0	0.0	0.0	0.0	5.507256984710693	0.0	0.0	0.0	0.0	0.0	5.317712306976318	0.0	0.0	5.593779563903809	0.0	0.0	0.0	6.0500807762146	0.0	6.517081260681152	0.0	0.0	0.0	0.0	0.0	0.0	0.0	0.0	0.0	0.0	0.0	0.0	0.0	4.683224678039551	0.0
0.0	0.0	0.0	3.31272029876709	0.0	0.0	0.0	6.77536678314209	0.0	0.0	0.0	0.0	0.0	3.972421407699585	0.0	0.0	0.0	0.0	0.0	5.137001037597656	0.0	0.0	0.0	0.0	0.0	0.0	0.0	0.0	0.0	0.0	0.0	0.0	0.0	5.515623092651367	0.0	0.0	0.0	0.0	0.0	5.32334566116333	0.0	0.0	5.605053424835205	0.0	0.0	0.0	6.053736686706543	0.0	6.531171798706055	0.0	0.0	0.0	0.0	0.0	0.0	0.0	0.0	0.0	0.0	0.0	0.0	0.0	4.691501617431641	0.0
0.0	0.0	0.0	3.315690755844116	0.0	0.0	0.0	6.768636226654053	0.0	0.0	0.0	0.0	0.0	3.974944829940796	0.0	0.0	0.0	0.0	0.0	5.142093658447266	0.0	0.0	0.0	0.0	0.0	0.0	0.0	0.0	0.0	0.0	0.0	0.0	0.0	5.5172319412231445	0.0	0.0	0.0	0.0	0.0	5.325809955596924	0.0	0.0	5.601248264312744	0.0	0.0	0.0	6.053502082824707	0.0	6.53181791305542	0.0	0.0	0.0	0.0	0.0	0.0	0.0	0.0	0.0	0.0	0.0	0.0	0.0	4.687306880950928	0.0
0.0	0.0	0.0	3.312143564224243	0.0	0.0	0.0	6.760465145111084	0.0	0.0	0.0	0.0	0.0	3.976731061935425	0.0	0.0	0.0	0.0	0.0	5.138095855712891	0.0	0.0	0.0	0.0	0.0	0.0	0.0	0.0	0.0	0.0	0.0	0.0	0.0	5.514086723327637	0.0	0.0	0.0	0.0	0.0	5.31804895401001	0.0	0.0	5.597031116485596	0.0	0.0	0.0	6.048565864562988	0.0	6.526092529296875	0.0	0.0	0.0	0.0	0.0	0.0	0.0	0.0	0.0	0.0	0.0	0.0	0.0	4.682023525238037	0.0
0.0	0.0	0.0	3.3190319538116455	0.0	0.0	0.0	6.774592399597168	0.0	0.0	0.0	0.0	0.0	3.979445695877075	0.0	0.0	0.0	0.0	0.0	5.147047996520996	0.0	0.0	0.0	0.0	0.0	0.0	0.0	0.0	0.0	0.0	0.0	0.0	0.0	5.526337623596191	0.0	0.0	0.0	0.0	0.0	5.328250885009766	0.0	0.0	5.606727123260498	0.0	0.0	0.0	6.058579921722412	0.0	6.538422107696533	0.0	0.0	0.0	0.0	0.0	0.0	0.0	0.0	0.0	0.0	0.0	0.0	0.0	4.689450263977051	0.0
0.0	0.0	0.0	3.3153929710388184	0.0	0.0	0.0	6.771260738372803	0.0	0.0	0.0	0.0	0.0	3.9781384468078613	0.0	0.0	0.0	0.0	0.0	5.138493061065674	0.0	0.0	0.0	0.0	0.0	0.0	0.0	0.0	0.0	0.0	0.0	0.0	0.0	5.519659519195557	0.0	0.0	0.0	0.0	0.0	5.323397636413574	0.0	0.0	5.604180812835693	0.0	0.0	0.0	6.05593204498291	0.0	6.531946182250977	0.0	0.0	0.0	0.0	0.0	0.0	0.0	0.0	0.0	0.0	0.0	0.0	0.0	4.687859058380127	0.0
0.0	0.0	0.0	3.3089194297790527	0.0	0.0	0.0	6.749600887298584	0.0	0.0	0.0	0.0	0.0	3.967897891998291	0.0	0.0	0.0	0.0	0.0	5.131414890289307	0.0	0.0	0.0	0.0	0.0	0.0	0.0	0.0	0.0	0.0	0.0	0.0	0.0	5.507895469665527	0.0	0.0	0.0	0.0	0.0	5.309687614440918	0.0	0.0	5.587409019470215	0.0	0.0	0.0	6.0382795333862305	0.0	6.515742301940918	0.0	0.0	0.0	0.0	0.0	0.0	0.0	0.0	0.0	0.0	0.0	0.0	0.0	4.67458963394165	0.0
0.0	0.0	0.0	3.2833287715911865	0.0	0.0	0.0	6.696238040924072	0.0	0.0	0.0	0.0	0.0	3.9398252964019775	0.0	0.0	0.0	0.0	0.0	5.0778303146362305	0.0	0.0	0.0	0.0	0.0	0.0	0.0	0.0	0.0	0.0	0.0	0.0	0.0	5.4467387199401855	0.0	0.0	0.0	0.0	0.0	5.257748603820801	0.0	0.0	5.543002605438232	0.0	0.0	0.0	5.980190753936768	0.0	6.435856819152832	0.0	0.0	0.0	0.0	0.0	0.0	0.0	0.0	0.0	0.0	0.0	0.0	0.0	4.6336894035339355	0.0
0.0	0.0	0.0	3.304948568344116	0.0	0.0	0.0	6.739380836486816	0.0	0.0	0.0	0.0	0.0	3.9618782997131348	0.0	0.0	0.0	0.0	0.0	5.122639179229736	0.0	0.0	0.0	0.0	0.0	0.0	0.0	0.0	0.0	0.0	0.0	0.0	0.0	5.497178554534912	0.0	0.0	0.0	0.0	0.0	5.301860809326172	0.0	0.0	5.579001426696777	0.0	0.0	0.0	6.0276970863342285	0.0	6.505189418792725	0.0	0.0	0.0	0.0	0.0	0.0	0.0	0.0	0.0	0.0	0.0	0.0	0.0	4.666909694671631	0.0
0.0	0.0	0.0	3.3137669563293457	0.0	0.0	0.0	6.771487712860107	0.0	0.0	0.0	0.0	0.0	3.973551034927368	0.0	0.0	0.0	0.0	0.0	5.1398138999938965	0.0	0.0	0.0	0.0	0.0	0.0	0.0	0.0	0.0	0.0	0.0	0.0	0.0	5.516102313995361	0.0	0.0	0.0	0.0	0.0	5.323084354400635	0.0	0.0	5.601469039916992	0.0	0.0	0.0	6.049421787261963	0.0	6.52802848815918	0.0	0.0	0.0	0.0	0.0	0.0	0.0	0.0	0.0	0.0	0.0	0.0	0.0	4.684744834899902	0.0
0.0	0.0	0.0	3.319244146347046	0.0	0.0	0.0	6.789586544036865	0.0	0.0	0.0	0.0	0.0	3.9818668365478516	0.0	0.0	0.0	0.0	0.0	5.143614768981934	0.0	0.0	0.0	0.0	0.0	0.0	0.0	0.0	0.0	0.0	0.0	0.0	0.0	5.528329849243164	0.0	0.0	0.0	0.0	0.0	5.3346848487854	0.0	0.0	5.61232852935791	0.0	0.0	0.0	6.065179347991943	0.0	6.546342849731445	0.0	0.0	0.0	0.0	0.0	0.0	0.0	0.0	0.0	0.0	0.0	0.0	0.0	4.698296070098877	0.0
0.0	0.0	0.0	3.3205153942108154	0.0	0.0	0.0	6.783904075622559	0.0	0.0	0.0	0.0	0.0	3.9818031787872314	0.0	0.0	0.0	0.0	0.0	5.150465965270996	0.0	0.0	0.0	0.0	0.0	0.0	0.0	0.0	0.0	0.0	0.0	0.0	0.0	5.5274176597595215	0.0	0.0	0.0	0.0	0.0	5.338049411773682	0.0	0.0	5.612796783447266	0.0	0.0	0.0	6.068212509155273	0.0	6.54467248916626	0.0	0.0	0.0	0.0	0.0	0.0	0.0	0.0	0.0	0.0	0.0	0.0	0.0	4.698265552520752	0.0
0.0	0.0	0.0	3.314649820327759	0.0	0.0	0.0	6.770425796508789	0.0	0.0	0.0	0.0	0.0	3.976353883743286	0.0	0.0	0.0	0.0	0.0	5.141244888305664	0.0	0.0	0.0	0.0	0.0	0.0	0.0	0.0	0.0	0.0	0.0	0.0	0.0	5.51891565322876	0.0	0.0	0.0	0.0	0.0	5.323916912078857	0.0	0.0	5.600147724151611	0.0	0.0	0.0	6.05389404296875	0.0	6.534945964813232	0.0	0.0	0.0	0.0	0.0	0.0	0.0	0.0	0.0	0.0	0.0	0.0	0.0	4.68644380569458	0.0
0.0	0.0	0.0	3.3148839473724365	0.0	0.0	0.0	6.763320446014404	0.0	0.0	0.0	0.0	0.0	3.971841812133789	0.0	0.0	0.0	0.0	0.0	5.136574745178223	0.0	0.0	0.0	0.0	0.0	0.0	0.0	0.0	0.0	0.0	0.0	0.0	0.0	5.512610912322998	0.0	0.0	0.0	0.0	0.0	5.317819595336914	0.0	0.0	5.595931529998779	0.0	0.0	0.0	6.048878192901611	0.0	6.524543762207031	0.0	0.0	0.0	0.0	0.0	0.0	0.0	0.0	0.0	0.0	0.0	0.0	0.0	4.681499481201172	0.0
0.0	0.0	0.0	3.300795555114746	0.0	0.0	0.0	6.726737022399902	0.0	0.0	0.0	0.0	0.0	3.9521381855010986	0.0	0.0	0.0	0.0	0.0	5.099609851837158	0.0	0.0	0.0	0.0	0.0	0.0	0.0	0.0	0.0	0.0	0.0	0.0	0.0	5.466907024383545	0.0	0.0	0.0	0.0	0.0	5.279197692871094	0.0	0.0	5.566725730895996	0.0	0.0	0.0	6.002425193786621	0.0	6.462838649749756	0.0	0.0	0.0	0.0	0.0	0.0	0.0	0.0	0.0	0.0	0.0	0.0	0.0	4.640544891357422	0.0
0.0	0.0	0.0	3.312811851501465	0.0	0.0	0.0	6.782846450805664	0.0	0.0	0.0	0.0	0.0	3.975240707397461	0.0	0.0	0.0	0.0	0.0	5.140698432922363	0.0	0.0	0.0	0.0	0.0	0.0	0.0	0.0	0.0	0.0	0.0	0.0	0.0	5.513047695159912	0.0	0.0	0.0	0.0	0.0	5.327073097229004	0.0	0.0	5.610166072845459	0.0	0.0	0.0	6.061110019683838	0.0	6.530388355255127	0.0	0.0	0.0	0.0	0.0	0.0	0.0	0.0	0.0	0.0	0.0	0.0	0.0	4.688782215118408	0.0
0.0	0.0	0.0	3.3153154850006104	0.0	0.0	0.0	6.77461051940918	0.0	0.0	0.0	0.0	0.0	3.977661609649658	0.0	0.0	0.0	0.0	0.0	5.143616199493408	0.0	0.0	0.0	0.0	0.0	0.0	0.0	0.0	0.0	0.0	0.0	0.0	0.0	5.522191524505615	0.0	0.0	0.0	0.0	0.0	5.327923774719238	0.0	0.0	5.6041083335876465	0.0	0.0	0.0	6.058581829071045	0.0	6.5347771644592285	0.0	0.0	0.0	0.0	0.0	0.0	0.0	0.0	0.0	0.0	0.0	0.0	0.0	4.687088966369629	0.0
0.0	0.0	0.0	3.313683271408081	0.0	0.0	0.0	6.769316673278809	0.0	0.0	0.0	0.0	0.0	3.9743287563323975	0.0	0.0	0.0	0.0	0.0	5.139517307281494	0.0	0.0	0.0	0.0	0.0	0.0	0.0	0.0	0.0	0.0	0.0	0.0	0.0	5.516350269317627	0.0	0.0	0.0	0.0	0.0	5.320261478424072	0.0	0.0	5.601211071014404	0.0	0.0	0.0	6.050644874572754	0.0	6.528271198272705	0.0	0.0	0.0	0.0	0.0	0.0	0.0	0.0	0.0	0.0	0.0	0.0	0.0	4.683852195739746	0.0
0.0	0.0	0.0	3.3127455711364746	0.0	0.0	0.0	6.757960796356201	0.0	0.0	0.0	0.0	0.0	3.971604108810425	0.0	0.0	0.0	0.0	0.0	5.134767055511475	0.0	0.0	0.0	0.0	0.0	0.0	0.0	0.0	0.0	0.0	0.0	0.0	0.0	5.513762474060059	0.0	0.0	0.0	0.0	0.0	5.316603183746338	0.0	0.0	5.5941338539123535	0.0	0.0	0.0	6.046167850494385	0.0	6.523594379425049	0.0	0.0	0.0	0.0	0.0	0.0	0.0	0.0	0.0	0.0	0.0	0.0	0.0	4.679203987121582	0.0
0.0	0.0	0.0	3.319293260574341	0.0	0.0	0.0	6.776156425476074	0.0	0.0	0.0	0.0	0.0	3.980473279953003	0.0	0.0	0.0	0.0	0.0	5.148771286010742	0.0	0.0	0.0	0.0	0.0	0.0	0.0	0.0	0.0	0.0	0.0	0.0	0.0	5.5224609375	0.0	0.0	0.0	0.0	0.0	5.327601909637451	0.0	0.0	5.60828971862793	0.0	0.0	0.0	6.058873653411865	0.0	6.5396409034729	0.0	0.0	0.0	0.0	0.0	0.0	0.0	0.0	0.0	0.0	0.0	0.0	0.0	4.690525531768799	0.0
0.0	0.0	0.0	3.316279649734497	0.0	0.0	0.0	6.769556522369385	0.0	0.0	0.0	0.0	0.0	3.9782865047454834	0.0	0.0	0.0	0.0	0.0	5.143484592437744	0.0	0.0	0.0	0.0	0.0	0.0	0.0	0.0	0.0	0.0	0.0	0.0	0.0	5.518848896026611	0.0	0.0	0.0	0.0	0.0	5.323428630828857	0.0	0.0	5.603118896484375	0.0	0.0	0.0	6.055426597595215	0.0	6.530059337615967	0.0	0.0	0.0	0.0	0.0	0.0	0.0	0.0	0.0	0.0	0.0	0.0	0.0	4.686155319213867	0.0
0.0	0.0	0.0	3.316445827484131	0.0	0.0	0.0	6.771697521209717	0.0	0.0	0.0	0.0	0.0	3.97617244720459	0.0	0.0	0.0	0.0	0.0	5.142197132110596	0.0	0.0	0.0	0.0	0.0	0.0	0.0	0.0	0.0	0.0	0.0	0.0	0.0	5.519898414611816	0.0	0.0	0.0	0.0	0.0	5.326390266418457	0.0	0.0	5.603605270385742	0.0	0.0	0.0	6.057085037231445	0.0	6.534108638763428	0.0	0.0	0.0	0.0	0.0	0.0	0.0	0.0	0.0	0.0	0.0	0.0	0.0	4.688074111938477	0.0
0.0	0.0	0.0	3.2959001064300537	0.0	0.0	0.0	6.73057222366333	0.0	0.0	0.0	0.0	0.0	3.954674243927002	0.0	0.0	0.0	0.0	0.0	5.1101250648498535	0.0	0.0	0.0	0.0	0.0	0.0	0.0	0.0	0.0	0.0	0.0	0.0	0.0	5.489345073699951	0.0	0.0	0.0	0.0	0.0	5.295617580413818	0.0	0.0	5.573233604431152	0.0	0.0	0.0	6.021594047546387	0.0	6.496246337890625	0.0	0.0	0.0	0.0	0.0	0.0	0.0	0.0	0.0	0.0	0.0	0.0	0.0	4.65951681137085	0.0
0.0	0.0	0.0	3.271329641342163	0.0	0.0	0.0	6.706507682800293	0.0	0.0	0.0	0.0	0.0	3.929049015045166	0.0	0.0	0.0	0.0	0.0	5.081966400146484	0.0	0.0	0.0	0.0	0.0	0.0	0.0	0.0	0.0	0.0	0.0	0.0	0.0	5.453790187835693	0.0	0.0	0.0	0.0	0.0	5.26307487487793	0.0	0.0	5.540460586547852	0.0	0.0	0.0	5.988203525543213	0.0	6.452377796173096	0.0	0.0	0.0	0.0	0.0	0.0	0.0	0.0	0.0	0.0	0.0	0.0	0.0	4.633516311645508	0.0
0.0	0.0	0.0	3.321277618408203	0.0	0.0	0.0	6.78387975692749	0.0	0.0	0.0	0.0	0.0	3.9805686473846436	0.0	0.0	0.0	0.0	0.0	5.150572299957275	0.0	0.0	0.0	0.0	0.0	0.0	0.0	0.0	0.0	0.0	0.0	0.0	0.0	5.527402400970459	0.0	0.0	0.0	0.0	0.0	5.3353447914123535	0.0	0.0	5.612110137939453	0.0	0.0	0.0	6.064731121063232	0.0	6.5447211265563965	0.0	0.0	0.0	0.0	0.0	0.0	0.0	0.0	0.0	0.0	0.0	0.0	0.0	4.6970930099487305	0.0
0.0	0.0	0.0	3.2900829315185547	0.0	0.0	0.0	6.722623348236084	0.0	0.0	0.0	0.0	0.0	3.9563074111938477	0.0	0.0	0.0	0.0	0.0	5.094395637512207	0.0	0.0	0.0	0.0	0.0	0.0	0.0	0.0	0.0	0.0	0.0	0.0	0.0	5.468859672546387	0.0	0.0	0.0	0.0	0.0	5.2785820960998535	0.0	0.0	5.562448978424072	0.0	0.0	0.0	6.006879806518555	0.0	6.469849586486816	0.0	0.0	0.0	0.0	0.0	0.0	0.0	0.0	0.0	0.0	0.0	0.0	0.0	4.645644187927246	0.0
0.0	0.0	0.0	3.3123414516448975	0.0	0.0	0.0	6.764471054077148	0.0	0.0	0.0	0.0	0.0	3.9697728157043457	0.0	0.0	0.0	0.0	0.0	5.1376166343688965	0.0	0.0	0.0	0.0	0.0	0.0	0.0	0.0	0.0	0.0	0.0	0.0	0.0	5.514423847198486	0.0	0.0	0.0	0.0	0.0	5.317687034606934	0.0	0.0	5.596499919891357	0.0	0.0	0.0	6.045997142791748	0.0	6.523185729980469	0.0	0.0	0.0	0.0	0.0	0.0	0.0	0.0	0.0	0.0	0.0	0.0	0.0	4.680377006530762	0.0
0.0	0.0	0.0	3.3192644119262695	0.0	0.0	0.0	6.7779130935668945	0.0	0.0	0.0	0.0	0.0	3.980484962463379	0.0	0.0	0.0	0.0	0.0	5.144164562225342	0.0	0.0	0.0	0.0	0.0	0.0	0.0	0.0	0.0	0.0	0.0	0.0	0.0	5.5273895263671875	0.0	0.0	0.0	0.0	0.0	5.333454608917236	0.0	0.0	5.61069393157959	0.0	0.0	0.0	6.063913345336914	0.0	6.545348167419434	0.0	0.0	0.0	0.0	0.0	0.0	0.0	0.0	0.0	0.0	0.0	0.0	0.0	4.699007034301758	0.0
0.0	0.0	0.0	3.3083086013793945	0.0	0.0	0.0	6.755955219268799	0.0	0.0	0.0	0.0	0.0	3.9676060676574707	0.0	0.0	0.0	0.0	0.0	5.130905628204346	0.0	0.0	0.0	0.0	0.0	0.0	0.0	0.0	0.0	0.0	0.0	0.0	0.0	5.508694648742676	0.0	0.0	0.0	0.0	0.0	5.315357208251953	0.0	0.0	5.591596603393555	0.0	0.0	0.0	6.0406341552734375	0.0	6.521937370300293	0.0	0.0	0.0	0.0	0.0	0.0	0.0	0.0	0.0	0.0	0.0	0.0	0.0	4.677271366119385	0.0
0.0	0.0	0.0	3.3164613246917725	0.0	0.0	0.0	6.773073673248291	0.0	0.0	0.0	0.0	0.0	3.9770095348358154	0.0	0.0	0.0	0.0	0.0	5.142643928527832	0.0	0.0	0.0	0.0	0.0	0.0	0.0	0.0	0.0	0.0	0.0	0.0	0.0	5.522639274597168	0.0	0.0	0.0	0.0	0.0	5.326446533203125	0.0	0.0	5.606832027435303	0.0	0.0	0.0	6.058119773864746	0.0	6.534154891967773	0.0	0.0	0.0	0.0	0.0	0.0	0.0	0.0	0.0	0.0	0.0	0.0	0.0	4.687743663787842	0.0
0.0	0.0	0.0	3.3238413333892822	0.0	0.0	0.0	6.778620719909668	0.0	0.0	0.0	0.0	0.0	3.9808754920959473	0.0	0.0	0.0	0.0	0.0	5.147146224975586	0.0	0.0	0.0	0.0	0.0	0.0	0.0	0.0	0.0	0.0	0.0	0.0	0.0	5.523191928863525	0.0	0.0	0.0	0.0	0.0	5.332090854644775	0.0	0.0	5.611471652984619	0.0	0.0	0.0	6.058048725128174	0.0	6.538094997406006	0.0	0.0	0.0	0.0	0.0	0.0	0.0	0.0	0.0	0.0	0.0	0.0	0.0	4.695277214050293	0.0
0.0	0.0	0.0	3.309990644454956	0.0	0.0	0.0	6.761135101318359	0.0	0.0	0.0	0.0	0.0	3.9729654788970947	0.0	0.0	0.0	0.0	0.0	5.137248992919922	0.0	0.0	0.0	0.0	0.0	0.0	0.0	0.0	0.0	0.0	0.0	0.0	0.0	5.512549877166748	0.0	0.0	0.0	0.0	0.0	5.317572116851807	0.0	0.0	5.5957465171813965	0.0	0.0	0.0	6.046332359313965	0.0	6.527652263641357	0.0	0.0	0.0	0.0	0.0	0.0	0.0	0.0	0.0	0.0	0.0	0.0	0.0	4.680542469024658	0.0
0.0	0.0	0.0	3.3204185962677	0.0	0.0	0.0	6.774187088012695	0.0	0.0	0.0	0.0	0.0	3.9787354469299316	0.0	0.0	0.0	0.0	0.0	5.144469738006592	0.0	0.0	0.0	0.0	0.0	0.0	0.0	0.0	0.0	0.0	0.0	0.0	0.0	5.524282932281494	0.0	0.0	0.0	0.0	0.0	5.330244064331055	0.0	0.0	5.609100818634033	0.0	0.0	0.0	6.059940338134766	0.0	6.538116455078125	0.0	0.0	0.0	0.0	0.0	0.0	0.0	0.0	0.0	0.0	0.0	0.0	0.0	4.692700386047363	0.0
0.0	0.0	0.0	3.311624050140381	0.0	0.0	0.0	6.751594543457031	0.0	0.0	0.0	0.0	0.0	3.9648101329803467	0.0	0.0	0.0	0.0	0.0	5.120712757110596	0.0	0.0	0.0	0.0	0.0	0.0	0.0	0.0	0.0	0.0	0.0	0.0	0.0	5.496259689331055	0.0	0.0	0.0	0.0	0.0	5.30582332611084	0.0	0.0	5.584968566894531	0.0	0.0	0.0	6.031731605529785	0.0	6.50193977355957	0.0	0.0	0.0	0.0	0.0	0.0	0.0	0.0	0.0	0.0	0.0	0.0	0.0	4.6678690910339355	0.0
0.0	0.0	0.0	3.3141565322875977	0.0	0.0	0.0	6.769799709320068	0.0	0.0	0.0	0.0	0.0	3.973398447036743	0.0	0.0	0.0	0.0	0.0	5.142050743103027	0.0	0.0	0.0	0.0	0.0	0.0	0.0	0.0	0.0	0.0	0.0	0.0	0.0	5.517829895019531	0.0	0.0	0.0	0.0	0.0	5.320998191833496	0.0	0.0	5.600090503692627	0.0	0.0	0.0	6.0519561767578125	0.0	6.526578426361084	0.0	0.0	0.0	0.0	0.0	0.0	0.0	0.0	0.0	0.0	0.0	0.0	0.0	4.6846113204956055	0.0
0.0	0.0	0.0	3.3074264526367188	0.0	0.0	0.0	6.748783111572266	0.0	0.0	0.0	0.0	0.0	3.966822624206543	0.0	0.0	0.0	0.0	0.0	5.113022327423096	0.0	0.0	0.0	0.0	0.0	0.0	0.0	0.0	0.0	0.0	0.0	0.0	0.0	5.486417770385742	0.0	0.0	0.0	0.0	0.0	5.298473358154297	0.0	0.0	5.5815300941467285	0.0	0.0	0.0	6.0337300300598145	0.0	6.482752799987793	0.0	0.0	0.0	0.0	0.0	0.0	0.0	0.0	0.0	0.0	0.0	0.0	0.0	4.668092727661133	0.0
0.0	0.0	0.0	3.312408924102783	0.0	0.0	0.0	6.758881092071533	0.0	0.0	0.0	0.0	0.0	3.9722018241882324	0.0	0.0	0.0	0.0	0.0	5.136479377746582	0.0	0.0	0.0	0.0	0.0	0.0	0.0	0.0	0.0	0.0	0.0	0.0	0.0	5.513207912445068	0.0	0.0	0.0	0.0	0.0	5.317058563232422	0.0	0.0	5.594327449798584	0.0	0.0	0.0	6.046694278717041	0.0	6.523003101348877	0.0	0.0	0.0	0.0	0.0	0.0	0.0	0.0	0.0	0.0	0.0	0.0	0.0	4.68087100982666	0.0
0.0	0.0	0.0	3.316072463989258	0.0	0.0	0.0	6.767364025115967	0.0	0.0	0.0	0.0	0.0	3.9780876636505127	0.0	0.0	0.0	0.0	0.0	5.14108943939209	0.0	0.0	0.0	0.0	0.0	0.0	0.0	0.0	0.0	0.0	0.0	0.0	0.0	5.519481182098389	0.0	0.0	0.0	0.0	0.0	5.32319450378418	0.0	0.0	5.602482795715332	0.0	0.0	0.0	6.051034450531006	0.0	6.528862476348877	0.0	0.0	0.0	0.0	0.0	0.0	0.0	0.0	0.0	0.0	0.0	0.0	0.0	4.685492038726807	0.0
0.0	0.0	0.0	3.289795160293579	0.0	0.0	0.0	6.711055278778076	0.0	0.0	0.0	0.0	0.0	3.945676565170288	0.0	0.0	0.0	0.0	0.0	5.1024489402771	0.0	0.0	0.0	0.0	0.0	0.0	0.0	0.0	0.0	0.0	0.0	0.0	0.0	5.471669673919678	0.0	0.0	0.0	0.0	0.0	5.278064250946045	0.0	0.0	5.555109977722168	0.0	0.0	0.0	6.001327991485596	0.0	6.472311496734619	0.0	0.0	0.0	0.0	0.0	0.0	0.0	0.0	0.0	0.0	0.0	0.0	0.0	4.6457672119140625	0.0
0.0	0.0	0.0	3.3133366107940674	0.0	0.0	0.0	6.769612789154053	0.0	0.0	0.0	0.0	0.0	3.9744529724121094	0.0	0.0	0.0	0.0	0.0	5.143272876739502	0.0	0.0	0.0	0.0	0.0	0.0	0.0	0.0	0.0	0.0	0.0	0.0	0.0	5.519107341766357	0.0	0.0	0.0	0.0	0.0	5.324236869812012	0.0	0.0	5.600980281829834	0.0	0.0	0.0	6.053415775299072	0.0	6.5342488288879395	0.0	0.0	0.0	0.0	0.0	0.0	0.0	0.0	0.0	0.0	0.0	0.0	0.0	4.688749313354492	0.0
0.0	0.0	0.0	3.31577730178833	0.0	0.0	0.0	6.771740436553955	0.0	0.0	0.0	0.0	0.0	3.9771456718444824	0.0	0.0	0.0	0.0	0.0	5.144458770751953	0.0	0.0	0.0	0.0	0.0	0.0	0.0	0.0	0.0	0.0	0.0	0.0	0.0	5.520349502563477	0.0	0.0	0.0	0.0	0.0	5.325839519500732	0.0	0.0	5.602128505706787	0.0	0.0	0.0	6.057852745056152	0.0	6.534786224365234	0.0	0.0	0.0	0.0	0.0	0.0	0.0	0.0	0.0	0.0	0.0	0.0	0.0	4.688907623291016	0.0
0.0	0.0	0.0	3.3176112174987793	0.0	0.0	0.0	6.773314952850342	0.0	0.0	0.0	0.0	0.0	3.9784440994262695	0.0	0.0	0.0	0.0	0.0	5.145351409912109	0.0	0.0	0.0	0.0	0.0	0.0	0.0	0.0	0.0	0.0	0.0	0.0	0.0	5.520959377288818	0.0	0.0	0.0	0.0	0.0	5.32587194442749	0.0	0.0	5.60697603225708	0.0	0.0	0.0	6.0545125007629395	0.0	6.534786224365234	0.0	0.0	0.0	0.0	0.0	0.0	0.0	0.0	0.0	0.0	0.0	0.0	0.0	4.688107490539551	0.0
0.0	0.0	0.0	3.3130807876586914	0.0	0.0	0.0	6.777090072631836	0.0	0.0	0.0	0.0	0.0	3.9780688285827637	0.0	0.0	0.0	0.0	0.0	5.138401985168457	0.0	0.0	0.0	0.0	0.0	0.0	0.0	0.0	0.0	0.0	0.0	0.0	0.0	5.514771461486816	0.0	0.0	0.0	0.0	0.0	5.323192596435547	0.0	0.0	5.604011058807373	0.0	0.0	0.0	6.055963516235352	0.0	6.529722213745117	0.0	0.0	0.0	0.0	0.0	0.0	0.0	0.0	0.0	0.0	0.0	0.0	0.0	4.685430526733398	0.0
0.0	0.0	0.0	3.3074915409088135	0.0	0.0	0.0	6.7419233322143555	0.0	0.0	0.0	0.0	0.0	3.9635417461395264	0.0	0.0	0.0	0.0	0.0	5.124177932739258	0.0	0.0	0.0	0.0	0.0	0.0	0.0	0.0	0.0	0.0	0.0	0.0	0.0	5.498661994934082	0.0	0.0	0.0	0.0	0.0	5.30195951461792	0.0	0.0	5.581582069396973	0.0	0.0	0.0	6.032488822937012	0.0	6.50761604309082	0.0	0.0	0.0	0.0	0.0	0.0	0.0	0.0	0.0	0.0	0.0	0.0	0.0	4.667697429656982	0.0
0.0	0.0	0.0	3.3166232109069824	0.0	0.0	0.0	6.765599727630615	0.0	0.0	0.0	0.0	0.0	3.9781858921051025	0.0	0.0	0.0	0.0	0.0	5.139225482940674	0.0	0.0	0.0	0.0	0.0	0.0	0.0	0.0	0.0	0.0	0.0	0.0	0.0	5.516415119171143	0.0	0.0	0.0	0.0	0.0	5.3228373527526855	0.0	0.0	5.600192546844482	0.0	0.0	0.0	6.050164699554443	0.0	6.531519412994385	0.0	0.0	0.0	0.0	0.0	0.0	0.0	0.0	0.0	0.0	0.0	0.0	0.0	4.684642791748047	0.0
0.0	0.0	0.0	3.3077292442321777	0.0	0.0	0.0	6.742062568664551	0.0	0.0	0.0	0.0	0.0	3.962916612625122	0.0	0.0	0.0	0.0	0.0	5.125131607055664	0.0	0.0	0.0	0.0	0.0	0.0	0.0	0.0	0.0	0.0	0.0	0.0	0.0	5.498124599456787	0.0	0.0	0.0	0.0	0.0	5.302183151245117	0.0	0.0	5.580574035644531	0.0	0.0	0.0	6.027505874633789	0.0	6.502643585205078	0.0	0.0	0.0	0.0	0.0	0.0	0.0	0.0	0.0	0.0	0.0	0.0	0.0	4.667586803436279	0.0
0.0	0.0	0.0	3.310173273086548	0.0	0.0	0.0	6.761366367340088	0.0	0.0	0.0	0.0	0.0	3.968190908432007	0.0	0.0	0.0	0.0	0.0	5.136088848114014	0.0	0.0	0.0	0.0	0.0	0.0	0.0	0.0	0.0	0.0	0.0	0.0	0.0	5.509407043457031	0.0	0.0	0.0	0.0	0.0	5.31408166885376	0.0	0.0	5.595547676086426	0.0	0.0	0.0	6.0472869873046875	0.0	6.5229878425598145	0.0	0.0	0.0	0.0	0.0	0.0	0.0	0.0	0.0	0.0	0.0	0.0	0.0	4.680294990539551	0.0
0.0	0.0	0.0	3.3193509578704834	0.0	0.0	0.0	6.774485111236572	0.0	0.0	0.0	0.0	0.0	3.9753854274749756	0.0	0.0	0.0	0.0	0.0	5.145019054412842	0.0	0.0	0.0	0.0	0.0	0.0	0.0	0.0	0.0	0.0	0.0	0.0	0.0	5.520374298095703	0.0	0.0	0.0	0.0	0.0	5.324389934539795	0.0	0.0	5.605348110198975	0.0	0.0	0.0	6.057204723358154	0.0	6.532989978790283	0.0	0.0	0.0	0.0	0.0	0.0	0.0	0.0	0.0	0.0	0.0	0.0	0.0	4.687617301940918	0.0
0.0	0.0	0.0	3.3119304180145264	0.0	0.0	0.0	6.761801242828369	0.0	0.0	0.0	0.0	0.0	3.970778226852417	0.0	0.0	0.0	0.0	0.0	5.13579797744751	0.0	0.0	0.0	0.0	0.0	0.0	0.0	0.0	0.0	0.0	0.0	0.0	0.0	5.510007858276367	0.0	0.0	0.0	0.0	0.0	5.316196918487549	0.0	0.0	5.596216678619385	0.0	0.0	0.0	6.0465898513793945	0.0	6.520948886871338	0.0	0.0	0.0	0.0	0.0	0.0	0.0	0.0	0.0	0.0	0.0	0.0	0.0	4.6816277503967285	0.0
0.0	0.0	0.0	3.311279058456421	0.0	0.0	0.0	6.769585132598877	0.0	0.0	0.0	0.0	0.0	3.9736568927764893	0.0	0.0	0.0	0.0	0.0	5.1392693519592285	0.0	0.0	0.0	0.0	0.0	0.0	0.0	0.0	0.0	0.0	0.0	0.0	0.0	5.515590190887451	0.0	0.0	0.0	0.0	0.0	5.319965839385986	0.0	0.0	5.603706359863281	0.0	0.0	0.0	6.053903102874756	0.0	6.531806945800781	0.0	0.0	0.0	0.0	0.0	0.0	0.0	0.0	0.0	0.0	0.0	0.0	0.0	4.684382915496826	0.0
0.0	0.0	0.0	3.3175089359283447	0.0	0.0	0.0	6.7723798751831055	0.0	0.0	0.0	0.0	0.0	3.9778172969818115	0.0	0.0	0.0	0.0	0.0	5.142617225646973	0.0	0.0	0.0	0.0	0.0	0.0	0.0	0.0	0.0	0.0	0.0	0.0	0.0	5.52097749710083	0.0	0.0	0.0	0.0	0.0	5.325193405151367	0.0	0.0	5.604321002960205	0.0	0.0	0.0	6.056393623352051	0.0	6.532040119171143	0.0	0.0	0.0	0.0	0.0	0.0	0.0	0.0	0.0	0.0	0.0	0.0	0.0	4.6882829666137695	0.0
0.0	0.0	0.0	3.310889959335327	0.0	0.0	0.0	6.765450477600098	0.0	0.0	0.0	0.0	0.0	3.9731156826019287	0.0	0.0	0.0	0.0	0.0	5.137422561645508	0.0	0.0	0.0	0.0	0.0	0.0	0.0	0.0	0.0	0.0	0.0	0.0	0.0	5.514178276062012	0.0	0.0	0.0	0.0	0.0	5.320076942443848	0.0	0.0	5.598729610443115	0.0	0.0	0.0	6.050631999969482	0.0	6.52871561050415	0.0	0.0	0.0	0.0	0.0	0.0	0.0	0.0	0.0	0.0	0.0	0.0	0.0	4.683910846710205	0.0
0.0	0.0	0.0	3.314889907836914	0.0	0.0	0.0	6.7714738845825195	0.0	0.0	0.0	0.0	0.0	3.9745538234710693	0.0	0.0	0.0	0.0	0.0	5.1397504806518555	0.0	0.0	0.0	0.0	0.0	0.0	0.0	0.0	0.0	0.0	0.0	0.0	0.0	5.515195369720459	0.0	0.0	0.0	0.0	0.0	5.322954177856445	0.0	0.0	5.603884696960449	0.0	0.0	0.0	6.052860736846924	0.0	6.530107021331787	0.0	0.0	0.0	0.0	0.0	0.0	0.0	0.0	0.0	0.0	0.0	0.0	0.0	4.686098575592041	0.0
0.0	0.0	0.0	3.310427665710449	0.0	0.0	0.0	6.752006530761719	0.0	0.0	0.0	0.0	0.0	3.967717409133911	0.0	0.0	0.0	0.0	0.0	5.119307518005371	0.0	0.0	0.0	0.0	0.0	0.0	0.0	0.0	0.0	0.0	0.0	0.0	0.0	5.491092681884766	0.0	0.0	0.0	0.0	0.0	5.302651882171631	0.0	0.0	5.589404106140137	0.0	0.0	0.0	6.029766082763672	0.0	6.501230239868164	0.0	0.0	0.0	0.0	0.0	0.0	0.0	0.0	0.0	0.0	0.0	0.0	0.0	4.6690263748168945	0.0
0.0	0.0	0.0	3.311586856842041	0.0	0.0	0.0	6.76989221572876	0.0	0.0	0.0	0.0	0.0	3.97308087348938	0.0	0.0	0.0	0.0	0.0	5.139243125915527	0.0	0.0	0.0	0.0	0.0	0.0	0.0	0.0	0.0	0.0	0.0	0.0	0.0	5.520007610321045	0.0	0.0	0.0	0.0	0.0	5.322504997253418	0.0	0.0	5.602262020111084	0.0	0.0	0.0	6.053747653961182	0.0	6.5337300300598145	0.0	0.0	0.0	0.0	0.0	0.0	0.0	0.0	0.0	0.0	0.0	0.0	0.0	4.6872148513793945	0.0
0.0	0.0	0.0	3.3155736923217773	0.0	0.0	0.0	6.785979747772217	0.0	0.0	0.0	0.0	0.0	3.9782185554504395	0.0	0.0	0.0	0.0	0.0	5.141777038574219	0.0	0.0	0.0	0.0	0.0	0.0	0.0	0.0	0.0	0.0	0.0	0.0	0.0	5.522787094116211	0.0	0.0	0.0	0.0	0.0	5.331286430358887	0.0	0.0	5.615847110748291	0.0	0.0	0.0	6.068056106567383	0.0	6.544442653656006	0.0	0.0	0.0	0.0	0.0	0.0	0.0	0.0	0.0	0.0	0.0	0.0	0.0	4.696601390838623	0.0
0.0	0.0	0.0	3.307607650756836	0.0	0.0	0.0	6.752995491027832	0.0	0.0	0.0	0.0	0.0	3.966494083404541	0.0	0.0	0.0	0.0	0.0	5.12912130355835	0.0	0.0	0.0	0.0	0.0	0.0	0.0	0.0	0.0	0.0	0.0	0.0	0.0	5.503779888153076	0.0	0.0	0.0	0.0	0.0	5.310046672821045	0.0	0.0	5.5902299880981445	0.0	0.0	0.0	6.039316177368164	0.0	6.517131805419922	0.0	0.0	0.0	0.0	0.0	0.0	0.0	0.0	0.0	0.0	0.0	0.0	0.0	4.675280570983887	0.0
0.0	0.0	0.0	3.312398910522461	0.0	0.0	0.0	6.77079439163208	0.0	0.0	0.0	0.0	0.0	3.9731719493865967	0.0	0.0	0.0	0.0	0.0	5.137534141540527	0.0	0.0	0.0	0.0	0.0	0.0	0.0	0.0	0.0	0.0	0.0	0.0	0.0	5.517883777618408	0.0	0.0	0.0	0.0	0.0	5.3195905685424805	0.0	0.0	5.600528240203857	0.0	0.0	0.0	6.0550994873046875	0.0	6.531054973602295	0.0	0.0	0.0	0.0	0.0	0.0	0.0	0.0	0.0	0.0	0.0	0.0	0.0	4.684412956237793	0.0
0.0	0.0	0.0	3.319934606552124	0.0	0.0	0.0	6.785127639770508	0.0	0.0	0.0	0.0	0.0	3.9826748371124268	0.0	0.0	0.0	0.0	0.0	5.15136194229126	0.0	0.0	0.0	0.0	0.0	0.0	0.0	0.0	0.0	0.0	0.0	0.0	0.0	5.525729179382324	0.0	0.0	0.0	0.0	0.0	5.329954147338867	0.0	0.0	5.610594749450684	0.0	0.0	0.0	6.0636491775512695	0.0	6.53984260559082	0.0	0.0	0.0	0.0	0.0	0.0	0.0	0.0	0.0	0.0	0.0	0.0	0.0	4.695084095001221	0.0
0.0	0.0	0.0	3.3150997161865234	0.0	0.0	0.0	6.774014949798584	0.0	0.0	0.0	0.0	0.0	3.9760894775390625	0.0	0.0	0.0	0.0	0.0	5.138783931732178	0.0	0.0	0.0	0.0	0.0	0.0	0.0	0.0	0.0	0.0	0.0	0.0	0.0	5.514920234680176	0.0	0.0	0.0	0.0	0.0	5.317944049835205	0.0	0.0	5.603909969329834	0.0	0.0	0.0	6.054528713226318	0.0	6.528214454650879	0.0	0.0	0.0	0.0	0.0	0.0	0.0	0.0	0.0	0.0	0.0	0.0	0.0	4.682685852050781	0.0
0.0	0.0	0.0	3.3126347064971924	0.0	0.0	0.0	6.771799087524414	0.0	0.0	0.0	0.0	0.0	3.980355978012085	0.0	0.0	0.0	0.0	0.0	5.139012813568115	0.0	0.0	0.0	0.0	0.0	0.0	0.0	0.0	0.0	0.0	0.0	0.0	0.0	5.515836715698242	0.0	0.0	0.0	0.0	0.0	5.322384357452393	0.0	0.0	5.601848602294922	0.0	0.0	0.0	6.054450511932373	0.0	6.528009414672852	0.0	0.0	0.0	0.0	0.0	0.0	0.0	0.0	0.0	0.0	0.0	0.0	0.0	4.684998035430908	0.0
0.0	0.0	0.0	3.3158814907073975	0.0	0.0	0.0	6.763878345489502	0.0	0.0	0.0	0.0	0.0	3.9700517654418945	0.0	0.0	0.0	0.0	0.0	5.139938831329346	0.0	0.0	0.0	0.0	0.0	0.0	0.0	0.0	0.0	0.0	0.0	0.0	0.0	5.517184734344482	0.0	0.0	0.0	0.0	0.0	5.32215690612793	0.0	0.0	5.600044250488281	0.0	0.0	0.0	6.051074981689453	0.0	6.527169704437256	0.0	0.0	0.0	0.0	0.0	0.0	0.0	0.0	0.0	0.0	0.0	0.0	0.0	4.6878275871276855	0.0
0.0	0.0	0.0	3.287649154663086	0.0	0.0	0.0	6.698094844818115	0.0	0.0	0.0	0.0	0.0	3.9411349296569824	0.0	0.0	0.0	0.0	0.0	5.091771125793457	0.0	0.0	0.0	0.0	0.0	0.0	0.0	0.0	0.0	0.0	0.0	0.0	0.0	5.468199253082275	0.0	0.0	0.0	0.0	0.0	5.273566722869873	0.0	0.0	5.550755500793457	0.0	0.0	0.0	5.993273735046387	0.0	6.469841480255127	0.0	0.0	0.0	0.0	0.0	0.0	0.0	0.0	0.0	0.0	0.0	0.0	0.0	4.64225959777832	0.0
0.0	0.0	0.0	3.316877603530884	0.0	0.0	0.0	6.781036853790283	0.0	0.0	0.0	0.0	0.0	3.9788918495178223	0.0	0.0	0.0	0.0	0.0	5.146020412445068	0.0	0.0	0.0	0.0	0.0	0.0	0.0	0.0	0.0	0.0	0.0	0.0	0.0	5.522838592529297	0.0	0.0	0.0	0.0	0.0	5.327125072479248	0.0	0.0	5.609225749969482	0.0	0.0	0.0	6.060708045959473	0.0	6.538736820220947	0.0	0.0	0.0	0.0	0.0	0.0	0.0	0.0	0.0	0.0	0.0	0.0	0.0	4.694332122802734	0.0
0.0	0.0	0.0	3.282538890838623	0.0	0.0	0.0	6.6834001541137695	0.0	0.0	0.0	0.0	0.0	3.934252977371216	0.0	0.0	0.0	0.0	0.0	5.085796356201172	0.0	0.0	0.0	0.0	0.0	0.0	0.0	0.0	0.0	0.0	0.0	0.0	0.0	5.458100318908691	0.0	0.0	0.0	0.0	0.0	5.262763977050781	0.0	0.0	5.537747859954834	0.0	0.0	0.0	5.98104190826416	0.0	6.455313682556152	0.0	0.0	0.0	0.0	0.0	0.0	0.0	0.0	0.0	0.0	0.0	0.0	0.0	4.631234645843506	0.0
0.0	0.0	0.0	3.271846055984497	0.0	0.0	0.0	6.695956707000732	0.0	0.0	0.0	0.0	0.0	3.9199416637420654	0.0	0.0	0.0	0.0	0.0	5.031402111053467	0.0	0.0	0.0	0.0	0.0	0.0	0.0	0.0	0.0	0.0	0.0	0.0	0.0	5.405995845794678	0.0	0.0	0.0	0.0	0.0	5.224638938903809	0.0	0.0	5.515622615814209	0.0	0.0	0.0	5.950780391693115	0.0	6.380548000335693	0.0	0.0	0.0	0.0	0.0	0.0	0.0	0.0	0.0	0.0	0.0	0.0	0.0	4.605362892150879	0.0
0.0	0.0	0.0	3.309927463531494	0.0	0.0	0.0	6.767001152038574	0.0	0.0	0.0	0.0	0.0	3.970665454864502	0.0	0.0	0.0	0.0	0.0	5.132881164550781	0.0	0.0	0.0	0.0	0.0	0.0	0.0	0.0	0.0	0.0	0.0	0.0	0.0	5.509367942810059	0.0	0.0	0.0	0.0	0.0	5.32061243057251	0.0	0.0	5.599455833435059	0.0	0.0	0.0	6.047989845275879	0.0	6.525871276855469	0.0	0.0	0.0	0.0	0.0	0.0	0.0	0.0	0.0	0.0	0.0	0.0	0.0	4.682344436645508	0.0
0.0	0.0	0.0	3.3137967586517334	0.0	0.0	0.0	6.761559963226318	0.0	0.0	0.0	0.0	0.0	3.9720640182495117	0.0	0.0	0.0	0.0	0.0	5.135519504547119	0.0	0.0	0.0	0.0	0.0	0.0	0.0	0.0	0.0	0.0	0.0	0.0	0.0	5.5133161544799805	0.0	0.0	0.0	0.0	0.0	5.320224761962891	0.0	0.0	5.597074031829834	0.0	0.0	0.0	6.047047138214111	0.0	6.5236992835998535	0.0	0.0	0.0	0.0	0.0	0.0	0.0	0.0	0.0	0.0	0.0	0.0	0.0	4.683445453643799	0.0
0.0	0.0	0.0	3.310917615890503	0.0	0.0	0.0	6.763401031494141	0.0	0.0	0.0	0.0	0.0	3.9686620235443115	0.0	0.0	0.0	0.0	0.0	5.126159191131592	0.0	0.0	0.0	0.0	0.0	0.0	0.0	0.0	0.0	0.0	0.0	0.0	0.0	5.5022382736206055	0.0	0.0	0.0	0.0	0.0	5.313503265380859	0.0	0.0	5.5945963859558105	0.0	0.0	0.0	6.044309616088867	0.0	6.514455318450928	0.0	0.0	0.0	0.0	0.0	0.0	0.0	0.0	0.0	0.0	0.0	0.0	0.0	4.67371129989624	0.0
0.0	0.0	0.0	3.3146355152130127	0.0	0.0	0.0	6.773120403289795	0.0	0.0	0.0	0.0	0.0	3.9784748554229736	0.0	0.0	0.0	0.0	0.0	5.144587993621826	0.0	0.0	0.0	0.0	0.0	0.0	0.0	0.0	0.0	0.0	0.0	0.0	0.0	5.520873546600342	0.0	0.0	0.0	0.0	0.0	5.322805881500244	0.0	0.0	5.6016740798950195	0.0	0.0	0.0	6.057542324066162	0.0	6.531318664550781	0.0	0.0	0.0	0.0	0.0	0.0	0.0	0.0	0.0	0.0	0.0	0.0	0.0	4.688077449798584	0.0
0.0	0.0	0.0	3.306379795074463	0.0	0.0	0.0	6.734529972076416	0.0	0.0	0.0	0.0	0.0	3.9588263034820557	0.0	0.0	0.0	0.0	0.0	5.113589763641357	0.0	0.0	0.0	0.0	0.0	0.0	0.0	0.0	0.0	0.0	0.0	0.0	0.0	5.489192962646484	0.0	0.0	0.0	0.0	0.0	5.291776180267334	0.0	0.0	5.574531555175781	0.0	0.0	0.0	6.014777183532715	0.0	6.486086845397949	0.0	0.0	0.0	0.0	0.0	0.0	0.0	0.0	0.0	0.0	0.0	0.0	0.0	4.657380104064941	0.0
0.0	0.0	0.0	3.3144352436065674	0.0	0.0	0.0	6.769331455230713	0.0	0.0	0.0	0.0	0.0	3.9757931232452393	0.0	0.0	0.0	0.0	0.0	5.127827167510986	0.0	0.0	0.0	0.0	0.0	0.0	0.0	0.0	0.0	0.0	0.0	0.0	0.0	5.5073370933532715	0.0	0.0	0.0	0.0	0.0	5.316145420074463	0.0	0.0	5.598282814025879	0.0	0.0	0.0	6.051785469055176	0.0	6.515318393707275	0.0	0.0	0.0	0.0	0.0	0.0	0.0	0.0	0.0	0.0	0.0	0.0	0.0	4.690619945526123	0.0
0.0	0.0	0.0	3.295957565307617	0.0	0.0	0.0	6.788865089416504	0.0	0.0	0.0	0.0	0.0	3.96392822265625	0.0	0.0	0.0	0.0	0.0	5.126662731170654	0.0	0.0	0.0	0.0	0.0	0.0	0.0	0.0	0.0	0.0	0.0	0.0	0.0	5.496516227722168	0.0	0.0	0.0	0.0	0.0	5.314388751983643	0.0	0.0	5.6046977043151855	0.0	0.0	0.0	6.052901744842529	0.0	6.509194850921631	0.0	0.0	0.0	0.0	0.0	0.0	0.0	0.0	0.0	0.0	0.0	0.0	0.0	4.682473182678223	0.0
0.0	0.0	0.0	3.3117058277130127	0.0	0.0	0.0	6.770468711853027	0.0	0.0	0.0	0.0	0.0	3.9746077060699463	0.0	0.0	0.0	0.0	0.0	5.137648105621338	0.0	0.0	0.0	0.0	0.0	0.0	0.0	0.0	0.0	0.0	0.0	0.0	0.0	5.514220714569092	0.0	0.0	0.0	0.0	0.0	5.3199896812438965	0.0	0.0	5.600009918212891	0.0	0.0	0.0	6.0515265464782715	0.0	6.529750347137451	0.0	0.0	0.0	0.0	0.0	0.0	0.0	0.0	0.0	0.0	0.0	0.0	0.0	4.68687629699707	0.0
0.0	0.0	0.0	3.3076486587524414	0.0	0.0	0.0	6.751623153686523	0.0	0.0	0.0	0.0	0.0	3.967689037322998	0.0	0.0	0.0	0.0	0.0	5.12722110748291	0.0	0.0	0.0	0.0	0.0	0.0	0.0	0.0	0.0	0.0	0.0	0.0	0.0	5.498717784881592	0.0	0.0	0.0	0.0	0.0	5.307311058044434	0.0	0.0	5.585928916931152	0.0	0.0	0.0	6.035612106323242	0.0	6.508779048919678	0.0	0.0	0.0	0.0	0.0	0.0	0.0	0.0	0.0	0.0	0.0	0.0	0.0	4.667174816131592	0.0
0.0	0.0	0.0	3.306690216064453	0.0	0.0	0.0	6.748866081237793	0.0	0.0	0.0	0.0	0.0	3.9681196212768555	0.0	0.0	0.0	0.0	0.0	5.125082492828369	0.0	0.0	0.0	0.0	0.0	0.0	0.0	0.0	0.0	0.0	0.0	0.0	0.0	5.498084545135498	0.0	0.0	0.0	0.0	0.0	5.3090596199035645	0.0	0.0	5.5907673835754395	0.0	0.0	0.0	6.034379482269287	0.0	6.511535167694092	0.0	0.0	0.0	0.0	0.0	0.0	0.0	0.0	0.0	0.0	0.0	0.0	0.0	4.670925140380859	0.0
0.0	0.0	0.0	3.3055379390716553	0.0	0.0	0.0	6.750986099243164	0.0	0.0	0.0	0.0	0.0	3.968015193939209	0.0	0.0	0.0	0.0	0.0	5.132882595062256	0.0	0.0	0.0	0.0	0.0	0.0	0.0	0.0	0.0	0.0	0.0	0.0	0.0	5.504673004150391	0.0	0.0	0.0	0.0	0.0	5.308035373687744	0.0	0.0	5.588596820831299	0.0	0.0	0.0	6.0389933586120605	0.0	6.517669677734375	0.0	0.0	0.0	0.0	0.0	0.0	0.0	0.0	0.0	0.0	0.0	0.0	0.0	4.674215793609619	0.0
0.0	0.0	0.0	3.2931814193725586	0.0	0.0	0.0	6.737854957580566	0.0	0.0	0.0	0.0	0.0	3.9551258087158203	0.0	0.0	0.0	0.0	0.0	5.092228889465332	0.0	0.0	0.0	0.0	0.0	0.0	0.0	0.0	0.0	0.0	0.0	0.0	0.0	5.453624248504639	0.0	0.0	0.0	0.0	0.0	5.2748565673828125	0.0	0.0	5.565632343292236	0.0	0.0	0.0	6.011404037475586	0.0	6.4511895179748535	0.0	0.0	0.0	0.0	0.0	0.0	0.0	0.0	0.0	0.0	0.0	0.0	0.0	4.6459736824035645	0.0
0.0	0.0	0.0	3.313298463821411	0.0	0.0	0.0	6.778306484222412	0.0	0.0	0.0	0.0	0.0	3.9731953144073486	0.0	0.0	0.0	0.0	0.0	5.141656875610352	0.0	0.0	0.0	0.0	0.0	0.0	0.0	0.0	0.0	0.0	0.0	0.0	0.0	5.52101993560791	0.0	0.0	0.0	0.0	0.0	5.324741363525391	0.0	0.0	5.603159427642822	0.0	0.0	0.0	6.058896064758301	0.0	6.537351608276367	0.0	0.0	0.0	0.0	0.0	0.0	0.0	0.0	0.0	0.0	0.0	0.0	0.0	4.688777923583984	0.0
0.0	0.0	0.0	3.260716199874878	0.0	0.0	0.0	6.636352062225342	0.0	0.0	0.0	0.0	0.0	3.891758680343628	0.0	0.0	0.0	0.0	0.0	5.000490188598633	0.0	0.0	0.0	0.0	0.0	0.0	0.0	0.0	0.0	0.0	0.0	0.0	0.0	5.347437858581543	0.0	0.0	0.0	0.0	0.0	5.186813831329346	0.0	0.0	5.49094295501709	0.0	0.0	0.0	5.896469593048096	0.0	6.317638874053955	0.0	0.0	0.0	0.0	0.0	0.0	0.0	0.0	0.0	0.0	0.0	0.0	0.0	4.566347599029541	0.0
0.0	0.0	0.0	3.308004140853882	0.0	0.0	0.0	6.752145290374756	0.0	0.0	0.0	0.0	0.0	3.9680473804473877	0.0	0.0	0.0	0.0	0.0	5.132195949554443	0.0	0.0	0.0	0.0	0.0	0.0	0.0	0.0	0.0	0.0	0.0	0.0	0.0	5.5095624923706055	0.0	0.0	0.0	0.0	0.0	5.312201023101807	0.0	0.0	5.589620590209961	0.0	0.0	0.0	6.040195941925049	0.0	6.519779205322266	0.0	0.0	0.0	0.0	0.0	0.0	0.0	0.0	0.0	0.0	0.0	0.0	0.0	4.677584648132324	0.0
0.0	0.0	0.0	3.310657262802124	0.0	0.0	0.0	6.7588300704956055	0.0	0.0	0.0	0.0	0.0	3.9700353145599365	0.0	0.0	0.0	0.0	0.0	5.132696628570557	0.0	0.0	0.0	0.0	0.0	0.0	0.0	0.0	0.0	0.0	0.0	0.0	0.0	5.5128021240234375	0.0	0.0	0.0	0.0	0.0	5.314400672912598	0.0	0.0	5.594156742095947	0.0	0.0	0.0	6.044194221496582	0.0	6.523836612701416	0.0	0.0	0.0	0.0	0.0	0.0	0.0	0.0	0.0	0.0	0.0	0.0	0.0	4.681280612945557	0.0
0.0	0.0	0.0	3.3139660358428955	0.0	0.0	0.0	6.769217491149902	0.0	0.0	0.0	0.0	0.0	3.9759621620178223	0.0	0.0	0.0	0.0	0.0	5.141819953918457	0.0	0.0	0.0	0.0	0.0	0.0	0.0	0.0	0.0	0.0	0.0	0.0	0.0	5.517565727233887	0.0	0.0	0.0	0.0	0.0	5.325206279754639	0.0	0.0	5.601595878601074	0.0	0.0	0.0	6.056338310241699	0.0	6.533267974853516	0.0	0.0	0.0	0.0	0.0	0.0	0.0	0.0	0.0	0.0	0.0	0.0	0.0	4.688663482666016	0.0
0.0	0.0	0.0	3.314727783203125	0.0	0.0	0.0	6.777807235717773	0.0	0.0	0.0	0.0	0.0	3.9781334400177	0.0	0.0	0.0	0.0	0.0	5.1446533203125	0.0	0.0	0.0	0.0	0.0	0.0	0.0	0.0	0.0	0.0	0.0	0.0	0.0	5.516971588134766	0.0	0.0	0.0	0.0	0.0	5.325222015380859	0.0	0.0	5.60582971572876	0.0	0.0	0.0	6.059326648712158	0.0	6.535327434539795	0.0	0.0	0.0	0.0	0.0	0.0	0.0	0.0	0.0	0.0	0.0	0.0	0.0	4.689428329467773	0.0
0.0	0.0	0.0	3.3143742084503174	0.0	0.0	0.0	6.763624668121338	0.0	0.0	0.0	0.0	0.0	3.9775140285491943	0.0	0.0	0.0	0.0	0.0	5.13840389251709	0.0	0.0	0.0	0.0	0.0	0.0	0.0	0.0	0.0	0.0	0.0	0.0	0.0	5.514314651489258	0.0	0.0	0.0	0.0	0.0	5.319721221923828	0.0	0.0	5.5974578857421875	0.0	0.0	0.0	6.048386573791504	0.0	6.525314807891846	0.0	0.0	0.0	0.0	0.0	0.0	0.0	0.0	0.0	0.0	0.0	0.0	0.0	4.683271884918213	0.0
0.0	0.0	0.0	3.3133904933929443	0.0	0.0	0.0	6.762738227844238	0.0	0.0	0.0	0.0	0.0	3.975339651107788	0.0	0.0	0.0	0.0	0.0	5.1396589279174805	0.0	0.0	0.0	0.0	0.0	0.0	0.0	0.0	0.0	0.0	0.0	0.0	0.0	5.513792037963867	0.0	0.0	0.0	0.0	0.0	5.321258544921875	0.0	0.0	5.597661018371582	0.0	0.0	0.0	6.050559997558594	0.0	6.525923252105713	0.0	0.0	0.0	0.0	0.0	0.0	0.0	0.0	0.0	0.0	0.0	0.0	0.0	4.6826910972595215	0.0
0.0	0.0	0.0	3.2978179454803467	0.0	0.0	0.0	6.724854946136475	0.0	0.0	0.0	0.0	0.0	3.947497606277466	0.0	0.0	0.0	0.0	0.0	5.1034698486328125	0.0	0.0	0.0	0.0	0.0	0.0	0.0	0.0	0.0	0.0	0.0	0.0	0.0	5.473006725311279	0.0	0.0	0.0	0.0	0.0	5.283488750457764	0.0	0.0	5.562954425811768	0.0	0.0	0.0	6.0067033767700195	0.0	6.473483562469482	0.0	0.0	0.0	0.0	0.0	0.0	0.0	0.0	0.0	0.0	0.0	0.0	0.0	4.649535179138184	0.0
0.0	0.0	0.0	3.3151631355285645	0.0	0.0	0.0	6.773041725158691	0.0	0.0	0.0	0.0	0.0	3.9781179428100586	0.0	0.0	0.0	0.0	0.0	5.14387845993042	0.0	0.0	0.0	0.0	0.0	0.0	0.0	0.0	0.0	0.0	0.0	0.0	0.0	5.5190935134887695	0.0	0.0	0.0	0.0	0.0	5.323701858520508	0.0	0.0	5.603288173675537	0.0	0.0	0.0	6.056329250335693	0.0	6.533553123474121	0.0	0.0	0.0	0.0	0.0	0.0	0.0	0.0	0.0	0.0	0.0	0.0	0.0	4.689431190490723	0.0
0.0	0.0	0.0	3.2950503826141357	0.0	0.0	0.0	6.742415904998779	0.0	0.0	0.0	0.0	0.0	3.9557108879089355	0.0	0.0	0.0	0.0	0.0	5.114519119262695	0.0	0.0	0.0	0.0	0.0	0.0	0.0	0.0	0.0	0.0	0.0	0.0	0.0	5.491240501403809	0.0	0.0	0.0	0.0	0.0	5.292250633239746	0.0	0.0	5.575688362121582	0.0	0.0	0.0	6.025050163269043	0.0	6.493415832519531	0.0	0.0	0.0	0.0	0.0	0.0	0.0	0.0	0.0	0.0	0.0	0.0	0.0	4.663735866546631	0.0
0.0	0.0	0.0	3.3173105716705322	0.0	0.0	0.0	6.791790962219238	0.0	0.0	0.0	0.0	0.0	3.9833645820617676	0.0	0.0	0.0	0.0	0.0	5.1506242752075195	0.0	0.0	0.0	0.0	0.0	0.0	0.0	0.0	0.0	0.0	0.0	0.0	0.0	5.530431270599365	0.0	0.0	0.0	0.0	0.0	5.337721824645996	0.0	0.0	5.614959239959717	0.0	0.0	0.0	6.07131290435791	0.0	6.549417018890381	0.0	0.0	0.0	0.0	0.0	0.0	0.0	0.0	0.0	0.0	0.0	0.0	0.0	4.702150821685791	0.0
0.0	0.0	0.0	3.309312582015991	0.0	0.0	0.0	6.769244194030762	0.0	0.0	0.0	0.0	0.0	3.9717624187469482	0.0	0.0	0.0	0.0	0.0	5.135940074920654	0.0	0.0	0.0	0.0	0.0	0.0	0.0	0.0	0.0	0.0	0.0	0.0	0.0	5.511431694030762	0.0	0.0	0.0	0.0	0.0	5.321404457092285	0.0	0.0	5.598320007324219	0.0	0.0	0.0	6.04686975479126	0.0	6.527076721191406	0.0	0.0	0.0	0.0	0.0	0.0	0.0	0.0	0.0	0.0	0.0	0.0	0.0	4.683658123016357	0.0
0.0	0.0	0.0	3.308379888534546	0.0	0.0	0.0	6.750899791717529	0.0	0.0	0.0	0.0	0.0	3.966665744781494	0.0	0.0	0.0	0.0	0.0	5.130731582641602	0.0	0.0	0.0	0.0	0.0	0.0	0.0	0.0	0.0	0.0	0.0	0.0	0.0	5.506440162658691	0.0	0.0	0.0	0.0	0.0	5.31045389175415	0.0	0.0	5.587944984436035	0.0	0.0	0.0	6.038156986236572	0.0	6.516369819641113	0.0	0.0	0.0	0.0	0.0	0.0	0.0	0.0	0.0	0.0	0.0	0.0	0.0	4.676140308380127	0.0
0.0	0.0	0.0	3.312213897705078	0.0	0.0	0.0	6.790419578552246	0.0	0.0	0.0	0.0	0.0	3.9799678325653076	0.0	0.0	0.0	0.0	0.0	5.145201683044434	0.0	0.0	0.0	0.0	0.0	0.0	0.0	0.0	0.0	0.0	0.0	0.0	0.0	5.529966354370117	0.0	0.0	0.0	0.0	0.0	5.332944393157959	0.0	0.0	5.611368179321289	0.0	0.0	0.0	6.070606231689453	0.0	6.547115802764893	0.0	0.0	0.0	0.0	0.0	0.0	0.0	0.0	0.0	0.0	0.0	0.0	0.0	4.698599338531494	0.0
0.0	0.0	0.0	3.3172826766967773	0.0	0.0	0.0	6.780283451080322	0.0	0.0	0.0	0.0	0.0	3.978801727294922	0.0	0.0	0.0	0.0	0.0	5.143491268157959	0.0	0.0	0.0	0.0	0.0	0.0	0.0	0.0	0.0	0.0	0.0	0.0	0.0	5.522622585296631	0.0	0.0	0.0	0.0	0.0	5.329535007476807	0.0	0.0	5.609419345855713	0.0	0.0	0.0	6.0622172355651855	0.0	6.540044784545898	0.0	0.0	0.0	0.0	0.0	0.0	0.0	0.0	0.0	0.0	0.0	0.0	0.0	4.690464496612549	0.0
0.0	0.0	0.0	3.3118362426757812	0.0	0.0	0.0	6.758419990539551	0.0	0.0	0.0	0.0	0.0	3.9716336727142334	0.0	0.0	0.0	0.0	0.0	5.137361526489258	0.0	0.0	0.0	0.0	0.0	0.0	0.0	0.0	0.0	0.0	0.0	0.0	0.0	5.51354455947876	0.0	0.0	0.0	0.0	0.0	5.316871166229248	0.0	0.0	5.594398021697998	0.0	0.0	0.0	6.0455851554870605	0.0	6.525472640991211	0.0	0.0	0.0	0.0	0.0	0.0	0.0	0.0	0.0	0.0	0.0	0.0	0.0	4.682705879211426	0.0
0.0	0.0	0.0	3.215588331222534	0.0	0.0	0.0	6.6011433601379395	0.0	0.0	0.0	0.0	0.0	3.870029926300049	0.0	0.0	0.0	0.0	0.0	4.9821648597717285	0.0	0.0	0.0	0.0	0.0	0.0	0.0	0.0	0.0	0.0	0.0	0.0	0.0	5.318492412567139	0.0	0.0	0.0	0.0	0.0	5.162087917327881	0.0	0.0	5.427493095397949	0.0	0.0	0.0	5.8756842613220215	0.0	6.293699741363525	0.0	0.0	0.0	0.0	0.0	0.0	0.0	0.0	0.0	0.0	0.0	0.0	0.0	4.5297160148620605	0.0
0.0	0.0	0.0	3.318636894226074	0.0	0.0	0.0	6.777583599090576	0.0	0.0	0.0	0.0	0.0	3.9779062271118164	0.0	0.0	0.0	0.0	0.0	5.148583889007568	0.0	0.0	0.0	0.0	0.0	0.0	0.0	0.0	0.0	0.0	0.0	0.0	0.0	5.525538921356201	0.0	0.0	0.0	0.0	0.0	5.328317165374756	0.0	0.0	5.607363224029541	0.0	0.0	0.0	6.058506011962891	0.0	6.538033962249756	0.0	0.0	0.0	0.0	0.0	0.0	0.0	0.0	0.0	0.0	0.0	0.0	0.0	4.692005157470703	0.0
0.0	0.0	0.0	3.3149826526641846	0.0	0.0	0.0	6.760106086730957	0.0	0.0	0.0	0.0	0.0	3.9720120429992676	0.0	0.0	0.0	0.0	0.0	5.138268947601318	0.0	0.0	0.0	0.0	0.0	0.0	0.0	0.0	0.0	0.0	0.0	0.0	0.0	5.512020587921143	0.0	0.0	0.0	0.0	0.0	5.319232940673828	0.0	0.0	5.596890449523926	0.0	0.0	0.0	6.0446858406066895	0.0	6.526124000549316	0.0	0.0	0.0	0.0	0.0	0.0	0.0	0.0	0.0	0.0	0.0	0.0	0.0	4.6785078048706055	0.0
0.0	0.0	0.0	3.3156850337982178	0.0	0.0	0.0	6.768386363983154	0.0	0.0	0.0	0.0	0.0	3.9780471324920654	0.0	0.0	0.0	0.0	0.0	5.139801979064941	0.0	0.0	0.0	0.0	0.0	0.0	0.0	0.0	0.0	0.0	0.0	0.0	0.0	5.5119524002075195	0.0	0.0	0.0	0.0	0.0	5.319637775421143	0.0	0.0	5.600139617919922	0.0	0.0	0.0	6.0492987632751465	0.0	6.523804187774658	0.0	0.0	0.0	0.0	0.0	0.0	0.0	0.0	0.0	0.0	0.0	0.0	0.0	4.685322284698486	0.0
0.0	0.0	0.0	3.3225924968719482	0.0	0.0	0.0	6.779781818389893	0.0	0.0	0.0	0.0	0.0	3.982802152633667	0.0	0.0	0.0	0.0	0.0	5.147365570068359	0.0	0.0	0.0	0.0	0.0	0.0	0.0	0.0	0.0	0.0	0.0	0.0	0.0	5.521498203277588	0.0	0.0	0.0	0.0	0.0	5.3301262855529785	0.0	0.0	5.6083526611328125	0.0	0.0	0.0	6.0610527992248535	0.0	6.532334804534912	0.0	0.0	0.0	0.0	0.0	0.0	0.0	0.0	0.0	0.0	0.0	0.0	0.0	4.690532684326172	0.0
0.0	0.0	0.0	3.314775228500366	0.0	0.0	0.0	6.777615070343018	0.0	0.0	0.0	0.0	0.0	3.9788827896118164	0.0	0.0	0.0	0.0	0.0	5.146284103393555	0.0	0.0	0.0	0.0	0.0	0.0	0.0	0.0	0.0	0.0	0.0	0.0	0.0	5.518616199493408	0.0	0.0	0.0	0.0	0.0	5.3291449546813965	0.0	0.0	5.606985092163086	0.0	0.0	0.0	6.058436393737793	0.0	6.53716516494751	0.0	0.0	0.0	0.0	0.0	0.0	0.0	0.0	0.0	0.0	0.0	0.0	0.0	4.692454814910889	0.0
0.0	0.0	0.0	3.311569929122925	0.0	0.0	0.0	6.77481746673584	0.0	0.0	0.0	0.0	0.0	3.972196578979492	0.0	0.0	0.0	0.0	0.0	5.135965824127197	0.0	0.0	0.0	0.0	0.0	0.0	0.0	0.0	0.0	0.0	0.0	0.0	0.0	5.513777256011963	0.0	0.0	0.0	0.0	0.0	5.318595886230469	0.0	0.0	5.602695465087891	0.0	0.0	0.0	6.05068302154541	0.0	6.524399280548096	0.0	0.0	0.0	0.0	0.0	0.0	0.0	0.0	0.0	0.0	0.0	0.0	0.0	4.685637950897217	0.0
0.0	0.0	0.0	3.315351963043213	0.0	0.0	0.0	6.771288871765137	0.0	0.0	0.0	0.0	0.0	3.981084108352661	0.0	0.0	0.0	0.0	0.0	5.14406681060791	0.0	0.0	0.0	0.0	0.0	0.0	0.0	0.0	0.0	0.0	0.0	0.0	0.0	5.522641658782959	0.0	0.0	0.0	0.0	0.0	5.326494216918945	0.0	0.0	5.601984977722168	0.0	0.0	0.0	6.05584192276001	0.0	6.535271644592285	0.0	0.0	0.0	0.0	0.0	0.0	0.0	0.0	0.0	0.0	0.0	0.0	0.0	4.687539100646973	0.0
0.0	0.0	0.0	3.3119959831237793	0.0	0.0	0.0	6.76527214050293	0.0	0.0	0.0	0.0	0.0	3.9739813804626465	0.0	0.0	0.0	0.0	0.0	5.138988018035889	0.0	0.0	0.0	0.0	0.0	0.0	0.0	0.0	0.0	0.0	0.0	0.0	0.0	5.516086578369141	0.0	0.0	0.0	0.0	0.0	5.320892333984375	0.0	0.0	5.6020026206970215	0.0	0.0	0.0	6.052981376647949	0.0	6.528027534484863	0.0	0.0	0.0	0.0	0.0	0.0	0.0	0.0	0.0	0.0	0.0	0.0	0.0	4.685464382171631	0.0
0.0	0.0	0.0	3.313237428665161	0.0	0.0	0.0	6.7645158767700195	0.0	0.0	0.0	0.0	0.0	3.974153757095337	0.0	0.0	0.0	0.0	0.0	5.137207984924316	0.0	0.0	0.0	0.0	0.0	0.0	0.0	0.0	0.0	0.0	0.0	0.0	0.0	5.516622066497803	0.0	0.0	0.0	0.0	0.0	5.319775581359863	0.0	0.0	5.598934173583984	0.0	0.0	0.0	6.04737663269043	0.0	6.527904033660889	0.0	0.0	0.0	0.0	0.0	0.0	0.0	0.0	0.0	0.0	0.0	0.0	0.0	4.685666084289551	0.0
0.0	0.0	0.0	3.316694736480713	0.0	0.0	0.0	6.77205753326416	0.0	0.0	0.0	0.0	0.0	3.978893518447876	0.0	0.0	0.0	0.0	0.0	5.142587661743164	0.0	0.0	0.0	0.0	0.0	0.0	0.0	0.0	0.0	0.0	0.0	0.0	0.0	5.5202202796936035	0.0	0.0	0.0	0.0	0.0	5.323375225067139	0.0	0.0	5.602576732635498	0.0	0.0	0.0	6.053316593170166	0.0	6.533346176147461	0.0	0.0	0.0	0.0	0.0	0.0	0.0	0.0	0.0	0.0	0.0	0.0	0.0	4.688078880310059	0.0
0.0	0.0	0.0	3.289044141769409	0.0	0.0	0.0	6.7064595222473145	0.0	0.0	0.0	0.0	0.0	3.943195104598999	0.0	0.0	0.0	0.0	0.0	5.095934867858887	0.0	0.0	0.0	0.0	0.0	0.0	0.0	0.0	0.0	0.0	0.0	0.0	0.0	5.471765518188477	0.0	0.0	0.0	0.0	0.0	5.273381233215332	0.0	0.0	5.552403450012207	0.0	0.0	0.0	5.999952793121338	0.0	6.472354888916016	0.0	0.0	0.0	0.0	0.0	0.0	0.0	0.0	0.0	0.0	0.0	0.0	0.0	4.640750408172607	0.0
