0.0	0.0	0.0	2.124394416809082	0.0	0.0	0.0	2.9327023029327393	0.0	0.0	2.9892852306365967	0.0	0.0	0.0	0.0	3.2748453617095947	0.0	0.0	0.0	0.0	2.8916077613830566	0.0	0.0	0.0	0.0	2.848970413208008	3.450754165649414	0.0	0.0	2.810931444168091	0.0	0.0	0.0	0.0	3.359447956085205	3.144798517227173	0.0	0.0	0.0	2.676936388015747	0.0	3.5427355766296387	0.0	1.4872957468032837	0.0	0.0	0.0	0.0	0.0	2.0763204097747803	0.0	0.0	0.0	0.0	0.0	0.0	0.0	0.0	0.0	0.0	3.1825759410858154	0.0	0.0	0.0	0.0	0.0	0.0	0.0	0.0	0.0	0.0	0.0	0.0	0.0	3.3549723625183105	0.0	0.0	0.0	0.0	3.1279537677764893	0.0	0.0	0.0	0.0	0.0	0.0	0.0	2.6382994651794434	2.5535237789154053	0.0	2.6561670303344727	0.0	0.0	0.0	0.0	3.042487382888794	0.0	0.0	2.382439374923706	0.0	1.825439691543579	2.981224536895752	0.0	0.0	0.0	0.0	3.9102253913879395	0.0	0.0	0.0	0.0	0.0	0.0	0.0	0.0	0.0	0.0	0.0	0.0	0.0	0.0	2.4189188480377197	0.0	0.0	0.0	0.0	0.0	0.0
0.0	0.0	0.0	2.139082193374634	0.0	0.0	0.0	2.9437193870544434	0.0	0.0	3.007371664047241	0.0	0.0	0.0	0.0	3.295016050338745	0.0	0.0	0.0	0.0	2.908294916152954	0.0	0.0	0.0	0.0	2.8643298149108887	3.472416877746582	0.0	0.0	2.8231418132781982	0.0	0.0	0.0	0.0	3.379544258117676	3.1557183265686035	0.0	0.0	0.0	2.6894476413726807	0.0	3.5646164417266846	0.0	1.4876751899719238	0.0	0.0	0.0	0.0	0.0	2.0820701122283936	0.0	0.0	0.0	0.0	0.0	0.0	0.0	0.0	0.0	0.0	3.199084520339966	0.0	0.0	0.0	0.0	0.0	0.0	0.0	0.0	0.0	0.0	0.0	0.0	0.0	3.367985486984253	0.0	0.0	0.0	0.0	3.1459670066833496	0.0	0.0	0.0	0.0	0.0	0.0	0.0	2.6556918621063232	2.5673680305480957	0.0	2.6643667221069336	0.0	0.0	0.0	0.0	3.055875301361084	0.0	0.0	2.3954243659973145	0.0	1.8415035009384155	2.994685411453247	0.0	0.0	0.0	0.0	3.934083938598633	0.0	0.0	0.0	0.0	0.0	0.0	0.0	0.0	0.0	0.0	0.0	0.0	0.0	0.0	2.430931806564331	0.0	0.0	0.0	0.0	0.0	0.0
0.0	0.0	0.0	2.1340723037719727	0.0	0.0	0.0	2.9488203525543213	0.0	0.0	3.012254238128662	0.0	0.0	0.0	0.0	3.2979328632354736	0.0	0.0	0.0	0.0	2.9095518589019775	0.0	0.0	0.0	0.0	2.87056565284729	3.4782369136810303	0.0	0.0	2.827491044998169	0.0	0.0	0.0	0.0	3.3840203285217285	3.1618967056274414	0.0	0.0	0.0	2.6948137283325195	0.0	3.5717570781707764	0.0	1.4907268285751343	0.0	0.0	0.0	0.0	0.0	2.086531162261963	0.0	0.0	0.0	0.0	0.0	0.0	0.0	0.0	0.0	0.0	3.202786445617676	0.0	0.0	0.0	0.0	0.0	0.0	0.0	0.0	0.0	0.0	0.0	0.0	0.0	3.370861291885376	0.0	0.0	0.0	0.0	3.1513774394989014	0.0	0.0	0.0	0.0	0.0	0.0	0.0	2.6582627296447754	2.5692203044891357	0.0	2.6689469814300537	0.0	0.0	0.0	0.0	3.0602924823760986	0.0	0.0	2.396287441253662	0.0	1.8329137563705444	2.9973273277282715	0.0	0.0	0.0	0.0	3.9336800575256348	0.0	0.0	0.0	0.0	0.0	0.0	0.0	0.0	0.0	0.0	0.0	0.0	0.0	0.0	2.43507981300354	0.0	0.0	0.0	0.0	0.0	0.0
0.0	0.0	0.0	2.137097120285034	0.0	0.0	0.0	2.9457650184631348	0.0	0.0	3.01125168800354	0.0	0.0	0.0	0.0	3.297879457473755	0.0	0.0	0.0	0.0	2.911868095397949	0.0	0.0	0.0	0.0	2.8703994750976562	3.4721579551696777	0.0	0.0	2.827103853225708	0.0	0.0	0.0	0.0	3.3824892044067383	3.1612093448638916	0.0	0.0	0.0	2.6906676292419434	0.0	3.5679821968078613	0.0	1.491579532623291	0.0	0.0	0.0	0.0	0.0	2.088907241821289	0.0	0.0	0.0	0.0	0.0	0.0	0.0	0.0	0.0	0.0	3.1988651752471924	0.0	0.0	0.0	0.0	0.0	0.0	0.0	0.0	0.0	0.0	0.0	0.0	0.0	3.3726468086242676	0.0	0.0	0.0	0.0	3.152207374572754	0.0	0.0	0.0	0.0	0.0	0.0	0.0	2.6556236743927	2.57254695892334	0.0	2.670342445373535	0.0	0.0	0.0	0.0	3.056060791015625	0.0	0.0	2.3981685638427734	0.0	1.8383885622024536	2.9954569339752197	0.0	0.0	0.0	0.0	3.9360342025756836	0.0	0.0	0.0	0.0	0.0	0.0	0.0	0.0	0.0	0.0	0.0	0.0	0.0	0.0	2.438314437866211	0.0	0.0	0.0	0.0	0.0	0.0
0.0	0.0	0.0	2.1266729831695557	0.0	0.0	0.0	2.934208869934082	0.0	0.0	2.9949121475219727	0.0	0.0	0.0	0.0	3.283900737762451	0.0	0.0	0.0	0.0	2.8994083404541016	0.0	0.0	0.0	0.0	2.8603105545043945	3.4555623531341553	0.0	0.0	2.81594181060791	0.0	0.0	0.0	0.0	3.366617202758789	3.148703098297119	0.0	0.0	0.0	2.6802639961242676	0.0	3.550605535507202	0.0	1.488486647605896	0.0	0.0	0.0	0.0	0.0	2.08171010017395	0.0	0.0	0.0	0.0	0.0	0.0	0.0	0.0	0.0	0.0	3.188952922821045	0.0	0.0	0.0	0.0	0.0	0.0	0.0	0.0	0.0	0.0	0.0	0.0	0.0	3.3548033237457275	0.0	0.0	0.0	0.0	3.1371824741363525	0.0	0.0	0.0	0.0	0.0	0.0	0.0	2.644068479537964	2.553487777709961	0.0	2.658475637435913	0.0	0.0	0.0	0.0	3.0483012199401855	0.0	0.0	2.3844211101531982	0.0	1.8300455808639526	2.9879653453826904	0.0	0.0	0.0	0.0	3.916473865509033	0.0	0.0	0.0	0.0	0.0	0.0	0.0	0.0	0.0	0.0	0.0	0.0	0.0	0.0	2.4217262268066406	0.0	0.0	0.0	0.0	0.0	0.0
0.0	0.0	0.0	2.141324758529663	0.0	0.0	0.0	2.9540486335754395	0.0	0.0	3.0118179321289062	0.0	0.0	0.0	0.0	3.3072361946105957	0.0	0.0	0.0	0.0	2.913501262664795	0.0	0.0	0.0	0.0	2.8708553314208984	3.4742650985717773	0.0	0.0	2.8283002376556396	0.0	0.0	0.0	0.0	3.3858723640441895	3.1661641597747803	0.0	0.0	0.0	2.696425676345825	0.0	3.571199893951416	0.0	1.491957187652588	0.0	0.0	0.0	0.0	0.0	2.094877004623413	0.0	0.0	0.0	0.0	0.0	0.0	0.0	0.0	0.0	0.0	3.202622890472412	0.0	0.0	0.0	0.0	0.0	0.0	0.0	0.0	0.0	0.0	0.0	0.0	0.0	3.3775339126586914	0.0	0.0	0.0	0.0	3.1582248210906982	0.0	0.0	0.0	0.0	0.0	0.0	0.0	2.6581876277923584	2.5750279426574707	0.0	2.6774685382843018	0.0	0.0	0.0	0.0	3.0584707260131836	0.0	0.0	2.399773120880127	0.0	1.838843822479248	2.996570587158203	0.0	0.0	0.0	0.0	3.938647985458374	0.0	0.0	0.0	0.0	0.0	0.0	0.0	0.0	0.0	0.0	0.0	0.0	0.0	0.0	2.4372198581695557	0.0	0.0	0.0	0.0	0.0	0.0
0.0	0.0	0.0	2.1396493911743164	0.0	0.0	0.0	2.946963310241699	0.0	0.0	3.012906551361084	0.0	0.0	0.0	0.0	3.301992416381836	0.0	0.0	0.0	0.0	2.912172794342041	0.0	0.0	0.0	0.0	2.870244026184082	3.4684107303619385	0.0	0.0	2.830153226852417	0.0	0.0	0.0	0.0	3.383026599884033	3.160545825958252	0.0	0.0	0.0	2.695089101791382	0.0	3.565688133239746	0.0	1.492970585823059	0.0	0.0	0.0	0.0	0.0	2.0859177112579346	0.0	0.0	0.0	0.0	0.0	0.0	0.0	0.0	0.0	0.0	3.197906494140625	0.0	0.0	0.0	0.0	0.0	0.0	0.0	0.0	0.0	0.0	0.0	0.0	0.0	3.3732175827026367	0.0	0.0	0.0	0.0	3.1530771255493164	0.0	0.0	0.0	0.0	0.0	0.0	0.0	2.654794692993164	2.5720629692077637	0.0	2.668837547302246	0.0	0.0	0.0	0.0	3.055772304534912	0.0	0.0	2.3989410400390625	0.0	1.8343615531921387	2.997511386871338	0.0	0.0	0.0	0.0	3.9370312690734863	0.0	0.0	0.0	0.0	0.0	0.0	0.0	0.0	0.0	0.0	0.0	0.0	0.0	0.0	2.4366097450256348	0.0	0.0	0.0	0.0	0.0	0.0
0.0	0.0	0.0	2.135484218597412	0.0	0.0	0.0	2.943398952484131	0.0	0.0	3.001798391342163	0.0	0.0	0.0	0.0	3.295048713684082	0.0	0.0	0.0	0.0	2.9057912826538086	0.0	0.0	0.0	0.0	2.8627243041992188	3.463355779647827	0.0	0.0	2.823408842086792	0.0	0.0	0.0	0.0	3.3742098808288574	3.1584742069244385	0.0	0.0	0.0	2.6883385181427	0.0	3.558605432510376	0.0	1.4928959608078003	0.0	0.0	0.0	0.0	0.0	2.08662486076355	0.0	0.0	0.0	0.0	0.0	0.0	0.0	0.0	0.0	0.0	3.1959798336029053	0.0	0.0	0.0	0.0	0.0	0.0	0.0	0.0	0.0	0.0	0.0	0.0	0.0	3.366480827331543	0.0	0.0	0.0	0.0	3.1457998752593994	0.0	0.0	0.0	0.0	0.0	0.0	0.0	2.6477317810058594	2.5612006187438965	0.0	2.667898416519165	0.0	0.0	0.0	0.0	3.055403232574463	0.0	0.0	2.390854835510254	0.0	1.8353925943374634	2.9923062324523926	0.0	0.0	0.0	0.0	3.93115496635437	0.0	0.0	0.0	0.0	0.0	0.0	0.0	0.0	0.0	0.0	0.0	0.0	0.0	0.0	2.433103322982788	0.0	0.0	0.0	0.0	0.0	0.0
0.0	0.0	0.0	2.138568639755249	0.0	0.0	0.0	2.953202962875366	0.0	0.0	3.0144872665405273	0.0	0.0	0.0	0.0	3.3050496578216553	0.0	0.0	0.0	0.0	2.9100217819213867	0.0	0.0	0.0	0.0	2.8738982677459717	3.475395917892456	0.0	0.0	2.8326988220214844	0.0	0.0	0.0	0.0	3.3867006301879883	3.170152187347412	0.0	0.0	0.0	2.698674440383911	0.0	3.571319818496704	0.0	1.4911994934082031	0.0	0.0	0.0	0.0	0.0	2.090860605239868	0.0	0.0	0.0	0.0	0.0	0.0	0.0	0.0	0.0	0.0	3.2036800384521484	0.0	0.0	0.0	0.0	0.0	0.0	0.0	0.0	0.0	0.0	0.0	0.0	0.0	3.376760959625244	0.0	0.0	0.0	0.0	3.156095266342163	0.0	0.0	0.0	0.0	0.0	0.0	0.0	2.661433696746826	2.5747663974761963	0.0	2.6746091842651367	0.0	0.0	0.0	0.0	3.058913469314575	0.0	0.0	2.401244640350342	0.0	1.8373006582260132	2.9992339611053467	0.0	0.0	0.0	0.0	3.940723180770874	0.0	0.0	0.0	0.0	0.0	0.0	0.0	0.0	0.0	0.0	0.0	0.0	0.0	0.0	2.4382941722869873	0.0	0.0	0.0	0.0	0.0	0.0
0.0	0.0	0.0	2.139237403869629	0.0	0.0	0.0	2.94866943359375	0.0	0.0	3.010603904724121	0.0	0.0	0.0	0.0	3.303018569946289	0.0	0.0	0.0	0.0	2.9099555015563965	0.0	0.0	0.0	0.0	2.866738796234131	3.4691996574401855	0.0	0.0	2.826420307159424	0.0	0.0	0.0	0.0	3.3846781253814697	3.1634223461151123	0.0	0.0	0.0	2.6942057609558105	0.0	3.5651752948760986	0.0	1.4886324405670166	0.0	0.0	0.0	0.0	0.0	2.091428518295288	0.0	0.0	0.0	0.0	0.0	0.0	0.0	0.0	0.0	0.0	3.2016661167144775	0.0	0.0	0.0	0.0	0.0	0.0	0.0	0.0	0.0	0.0	0.0	0.0	0.0	3.3733837604522705	0.0	0.0	0.0	0.0	3.1509828567504883	0.0	0.0	0.0	0.0	0.0	0.0	0.0	2.656808614730835	2.568805694580078	0.0	2.6693732738494873	0.0	0.0	0.0	0.0	3.05790376663208	0.0	0.0	2.3961188793182373	0.0	1.835533857345581	2.995032787322998	0.0	0.0	0.0	0.0	3.935741662979126	0.0	0.0	0.0	0.0	0.0	0.0	0.0	0.0	0.0	0.0	0.0	0.0	0.0	0.0	2.4375	0.0	0.0	0.0	0.0	0.0	0.0
0.0	0.0	0.0	2.1396045684814453	0.0	0.0	0.0	2.9549732208251953	0.0	0.0	3.015286922454834	0.0	0.0	0.0	0.0	3.3072609901428223	0.0	0.0	0.0	0.0	2.911839485168457	0.0	0.0	0.0	0.0	2.8750975131988525	3.4749724864959717	0.0	0.0	2.831188201904297	0.0	0.0	0.0	0.0	3.388749122619629	3.1718928813934326	0.0	0.0	0.0	2.696021556854248	0.0	3.574136972427368	0.0	1.4927700757980347	0.0	0.0	0.0	0.0	0.0	2.09523606300354	0.0	0.0	0.0	0.0	0.0	0.0	0.0	0.0	0.0	0.0	3.205549478530884	0.0	0.0	0.0	0.0	0.0	0.0	0.0	0.0	0.0	0.0	0.0	0.0	0.0	3.379300832748413	0.0	0.0	0.0	0.0	3.160057544708252	0.0	0.0	0.0	0.0	0.0	0.0	0.0	2.661381244659424	2.5754871368408203	0.0	2.676215648651123	0.0	0.0	0.0	0.0	3.0604498386383057	0.0	0.0	2.402113199234009	0.0	1.8390636444091797	3.0017242431640625	0.0	0.0	0.0	0.0	3.9423794746398926	0.0	0.0	0.0	0.0	0.0	0.0	0.0	0.0	0.0	0.0	0.0	0.0	0.0	0.0	2.4417388439178467	0.0	0.0	0.0	0.0	0.0	0.0
0.0	0.0	0.0	2.1320807933807373	0.0	0.0	0.0	2.943324089050293	0.0	0.0	3.0049679279327393	0.0	0.0	0.0	0.0	3.2979536056518555	0.0	0.0	0.0	0.0	2.901097059249878	0.0	0.0	0.0	0.0	2.8639957904815674	3.465538501739502	0.0	0.0	2.8201911449432373	0.0	0.0	0.0	0.0	3.3753879070281982	3.156831979751587	0.0	0.0	0.0	2.6854636669158936	0.0	3.5630228519439697	0.0	1.4902085065841675	0.0	0.0	0.0	0.0	0.0	2.0878825187683105	0.0	0.0	0.0	0.0	0.0	0.0	0.0	0.0	0.0	0.0	3.192526340484619	0.0	0.0	0.0	0.0	0.0	0.0	0.0	0.0	0.0	0.0	0.0	0.0	0.0	3.3660013675689697	0.0	0.0	0.0	0.0	3.149439811706543	0.0	0.0	0.0	0.0	0.0	0.0	0.0	2.6532487869262695	2.5704431533813477	0.0	2.6657469272613525	0.0	0.0	0.0	0.0	3.0476484298706055	0.0	0.0	2.391477346420288	0.0	1.8314855098724365	2.989443063735962	0.0	0.0	0.0	0.0	3.927476167678833	0.0	0.0	0.0	0.0	0.0	0.0	0.0	0.0	0.0	0.0	0.0	0.0	0.0	0.0	2.4307401180267334	0.0	0.0	0.0	0.0	0.0	0.0
0.0	0.0	0.0	2.131962299346924	0.0	0.0	0.0	2.9410974979400635	0.0	0.0	3.003542900085449	0.0	0.0	0.0	0.0	3.287726879119873	0.0	0.0	0.0	0.0	2.9029483795166016	0.0	0.0	0.0	0.0	2.8579518795013428	3.4587302207946777	0.0	0.0	2.8175766468048096	0.0	0.0	0.0	0.0	3.3712942600250244	3.1575379371643066	0.0	0.0	0.0	2.6802942752838135	0.0	3.5538761615753174	0.0	1.486576795578003	0.0	0.0	0.0	0.0	0.0	2.081815242767334	0.0	0.0	0.0	0.0	0.0	0.0	0.0	0.0	0.0	0.0	3.195359230041504	0.0	0.0	0.0	0.0	0.0	0.0	0.0	0.0	0.0	0.0	0.0	0.0	0.0	3.361140251159668	0.0	0.0	0.0	0.0	3.1366703510284424	0.0	0.0	0.0	0.0	0.0	0.0	0.0	2.6499032974243164	2.561876058578491	0.0	2.661376953125	0.0	0.0	0.0	0.0	3.0536649227142334	0.0	0.0	2.386822462081909	0.0	1.8307737112045288	2.9867899417877197	0.0	0.0	0.0	0.0	3.9240639209747314	0.0	0.0	0.0	0.0	0.0	0.0	0.0	0.0	0.0	0.0	0.0	0.0	0.0	0.0	2.4275829792022705	0.0	0.0	0.0	0.0	0.0	0.0
0.0	0.0	0.0	2.139526605606079	0.0	0.0	0.0	2.9528968334198	0.0	0.0	3.012035846710205	0.0	0.0	0.0	0.0	3.3071913719177246	0.0	0.0	0.0	0.0	2.9121408462524414	0.0	0.0	0.0	0.0	2.874176502227783	3.472435235977173	0.0	0.0	2.8275582790374756	0.0	0.0	0.0	0.0	3.386754274368286	3.166489362716675	0.0	0.0	0.0	2.6953508853912354	0.0	3.569282054901123	0.0	1.4891728162765503	0.0	0.0	0.0	0.0	0.0	2.0933279991149902	0.0	0.0	0.0	0.0	0.0	0.0	0.0	0.0	0.0	0.0	3.203967809677124	0.0	0.0	0.0	0.0	0.0	0.0	0.0	0.0	0.0	0.0	0.0	0.0	0.0	3.3780953884124756	0.0	0.0	0.0	0.0	3.1562511920928955	0.0	0.0	0.0	0.0	0.0	0.0	0.0	2.657761335372925	2.575608491897583	0.0	2.6749563217163086	0.0	0.0	0.0	0.0	3.0565781593322754	0.0	0.0	2.398451805114746	0.0	1.8405473232269287	3.0000908374786377	0.0	0.0	0.0	0.0	3.939995765686035	0.0	0.0	0.0	0.0	0.0	0.0	0.0	0.0	0.0	0.0	0.0	0.0	0.0	0.0	2.4363863468170166	0.0	0.0	0.0	0.0	0.0	0.0
0.0	0.0	0.0	2.1268205642700195	0.0	0.0	0.0	2.9377474784851074	0.0	0.0	2.997063398361206	0.0	0.0	0.0	0.0	3.286527633666992	0.0	0.0	0.0	0.0	2.9001197814941406	0.0	0.0	0.0	0.0	2.858163595199585	3.4564244747161865	0.0	0.0	2.8145716190338135	0.0	0.0	0.0	0.0	3.3708999156951904	3.154656410217285	0.0	0.0	0.0	2.6785874366760254	0.0	3.5497565269470215	0.0	1.490087628364563	0.0	0.0	0.0	0.0	0.0	2.0815470218658447	0.0	0.0	0.0	0.0	0.0	0.0	0.0	0.0	0.0	0.0	3.192150831222534	0.0	0.0	0.0	0.0	0.0	0.0	0.0	0.0	0.0	0.0	0.0	0.0	0.0	3.359790086746216	0.0	0.0	0.0	0.0	3.137913465499878	0.0	0.0	0.0	0.0	0.0	0.0	0.0	2.6455976963043213	2.561654806137085	0.0	2.6597061157226562	0.0	0.0	0.0	0.0	3.047506093978882	0.0	0.0	2.386423349380493	0.0	1.8291640281677246	2.9878432750701904	0.0	0.0	0.0	0.0	3.917804718017578	0.0	0.0	0.0	0.0	0.0	0.0	0.0	0.0	0.0	0.0	0.0	0.0	0.0	0.0	2.4207193851470947	0.0	0.0	0.0	0.0	0.0	0.0
0.0	0.0	0.0	2.143958806991577	0.0	0.0	0.0	2.9470880031585693	0.0	0.0	3.010209083557129	0.0	0.0	0.0	0.0	3.3056745529174805	0.0	0.0	0.0	0.0	2.913874864578247	0.0	0.0	0.0	0.0	2.86698842048645	3.471099615097046	0.0	0.0	2.8287434577941895	0.0	0.0	0.0	0.0	3.3798654079437256	3.1619985103607178	0.0	0.0	0.0	2.702166795730591	0.0	3.5647785663604736	0.0	1.4893382787704468	0.0	0.0	0.0	0.0	0.0	2.0932323932647705	0.0	0.0	0.0	0.0	0.0	0.0	0.0	0.0	0.0	0.0	3.196007013320923	0.0	0.0	0.0	0.0	0.0	0.0	0.0	0.0	0.0	0.0	0.0	0.0	0.0	3.372408151626587	0.0	0.0	0.0	0.0	3.1538033485412598	0.0	0.0	0.0	0.0	0.0	0.0	0.0	2.6544878482818604	2.564363479614258	0.0	2.670502185821533	0.0	0.0	0.0	0.0	3.0605602264404297	0.0	0.0	2.4001240730285645	0.0	1.8314846754074097	2.9983999729156494	0.0	0.0	0.0	0.0	3.9350292682647705	0.0	0.0	0.0	0.0	0.0	0.0	0.0	0.0	0.0	0.0	0.0	0.0	0.0	0.0	2.4372270107269287	0.0	0.0	0.0	0.0	0.0	0.0
0.0	0.0	0.0	2.1318325996398926	0.0	0.0	0.0	2.943984270095825	0.0	0.0	3.0028271675109863	0.0	0.0	0.0	0.0	3.297820806503296	0.0	0.0	0.0	0.0	2.9074411392211914	0.0	0.0	0.0	0.0	2.8683855533599854	3.4718618392944336	0.0	0.0	2.822521924972534	0.0	0.0	0.0	0.0	3.3756279945373535	3.1627070903778076	0.0	0.0	0.0	2.688264846801758	0.0	3.5660359859466553	0.0	1.490102767944336	0.0	0.0	0.0	0.0	0.0	2.087501287460327	0.0	0.0	0.0	0.0	0.0	0.0	0.0	0.0	0.0	0.0	3.198362112045288	0.0	0.0	0.0	0.0	0.0	0.0	0.0	0.0	0.0	0.0	0.0	0.0	0.0	3.367896556854248	0.0	0.0	0.0	0.0	3.148696184158325	0.0	0.0	0.0	0.0	0.0	0.0	0.0	2.650803804397583	2.5688998699188232	0.0	2.6645846366882324	0.0	0.0	0.0	0.0	3.0554354190826416	0.0	0.0	2.3935933113098145	0.0	1.8339191675186157	2.996145486831665	0.0	0.0	0.0	0.0	3.93239688873291	0.0	0.0	0.0	0.0	0.0	0.0	0.0	0.0	0.0	0.0	0.0	0.0	0.0	0.0	2.432112693786621	0.0	0.0	0.0	0.0	0.0	0.0
0.0	0.0	0.0	2.130791425704956	0.0	0.0	0.0	2.9409239292144775	0.0	0.0	3.0028762817382812	0.0	0.0	0.0	0.0	3.293839931488037	0.0	0.0	0.0	0.0	2.905181646347046	0.0	0.0	0.0	0.0	2.8638365268707275	3.466355323791504	0.0	0.0	2.820873975753784	0.0	0.0	0.0	0.0	3.3746213912963867	3.1543376445770264	0.0	0.0	0.0	2.6893656253814697	0.0	3.5615639686584473	0.0	1.4896783828735352	0.0	0.0	0.0	0.0	0.0	2.0856242179870605	0.0	0.0	0.0	0.0	0.0	0.0	0.0	0.0	0.0	0.0	3.1935462951660156	0.0	0.0	0.0	0.0	0.0	0.0	0.0	0.0	0.0	0.0	0.0	0.0	0.0	3.3708062171936035	0.0	0.0	0.0	0.0	3.1459810733795166	0.0	0.0	0.0	0.0	0.0	0.0	0.0	2.6499366760253906	2.569981098175049	0.0	2.6680424213409424	0.0	0.0	0.0	0.0	3.049740791320801	0.0	0.0	2.3959481716156006	0.0	1.8319138288497925	2.9940226078033447	0.0	0.0	0.0	0.0	3.9299001693725586	0.0	0.0	0.0	0.0	0.0	0.0	0.0	0.0	0.0	0.0	0.0	0.0	0.0	0.0	2.432650566101074	0.0	0.0	0.0	0.0	0.0	0.0
0.0	0.0	0.0	2.1368346214294434	0.0	0.0	0.0	2.9476518630981445	0.0	0.0	3.0074188709259033	0.0	0.0	0.0	0.0	3.292487144470215	0.0	0.0	0.0	0.0	2.908799409866333	0.0	0.0	0.0	0.0	2.8604164123535156	3.469658613204956	0.0	0.0	2.8278958797454834	0.0	0.0	0.0	0.0	3.3836045265197754	3.1627728939056396	0.0	0.0	0.0	2.687628746032715	0.0	3.565168857574463	0.0	1.4947820901870728	0.0	0.0	0.0	0.0	0.0	2.090092658996582	0.0	0.0	0.0	0.0	0.0	0.0	0.0	0.0	0.0	0.0	3.1972436904907227	0.0	0.0	0.0	0.0	0.0	0.0	0.0	0.0	0.0	0.0	0.0	0.0	0.0	3.3731637001037598	0.0	0.0	0.0	0.0	3.1495654582977295	0.0	0.0	0.0	0.0	0.0	0.0	0.0	2.6538610458374023	2.5709004402160645	0.0	2.6666653156280518	0.0	0.0	0.0	0.0	3.0599608421325684	0.0	0.0	2.3966009616851807	0.0	1.833498477935791	2.9963157176971436	0.0	0.0	0.0	0.0	3.9345390796661377	0.0	0.0	0.0	0.0	0.0	0.0	0.0	0.0	0.0	0.0	0.0	0.0	0.0	0.0	2.429828405380249	0.0	0.0	0.0	0.0	0.0	0.0
0.0	0.0	0.0	2.134554386138916	0.0	0.0	0.0	2.948718309402466	0.0	0.0	3.013963460922241	0.0	0.0	0.0	0.0	3.3041436672210693	0.0	0.0	0.0	0.0	2.9090757369995117	0.0	0.0	0.0	0.0	2.8736774921417236	3.473135232925415	0.0	0.0	2.828200340270996	0.0	0.0	0.0	0.0	3.3818135261535645	3.161642074584961	0.0	0.0	0.0	2.6964774131774902	0.0	3.5705533027648926	0.0	1.4925614595413208	0.0	0.0	0.0	0.0	0.0	2.090069055557251	0.0	0.0	0.0	0.0	0.0	0.0	0.0	0.0	0.0	0.0	3.199836015701294	0.0	0.0	0.0	0.0	0.0	0.0	0.0	0.0	0.0	0.0	0.0	0.0	0.0	3.3795347213745117	0.0	0.0	0.0	0.0	3.1545119285583496	0.0	0.0	0.0	0.0	0.0	0.0	0.0	2.6549394130706787	2.5710396766662598	0.0	2.6719040870666504	0.0	0.0	0.0	0.0	3.0583059787750244	0.0	0.0	2.3983144760131836	0.0	1.835828185081482	3.000744342803955	0.0	0.0	0.0	0.0	3.9374840259552	0.0	0.0	0.0	0.0	0.0	0.0	0.0	0.0	0.0	0.0	0.0	0.0	0.0	0.0	2.4352355003356934	0.0	0.0	0.0	0.0	0.0	0.0
0.0	0.0	0.0	2.1392292976379395	0.0	0.0	0.0	2.9490907192230225	0.0	0.0	3.0074822902679443	0.0	0.0	0.0	0.0	3.2996160984039307	0.0	0.0	0.0	0.0	2.9103188514709473	0.0	0.0	0.0	0.0	2.864118814468384	3.4719362258911133	0.0	0.0	2.826343297958374	0.0	0.0	0.0	0.0	3.3834545612335205	3.1612770557403564	0.0	0.0	0.0	2.696280002593994	0.0	3.569549798965454	0.0	1.4886425733566284	0.0	0.0	0.0	0.0	0.0	2.08670711517334	0.0	0.0	0.0	0.0	0.0	0.0	0.0	0.0	0.0	0.0	3.207134962081909	0.0	0.0	0.0	0.0	0.0	0.0	0.0	0.0	0.0	0.0	0.0	0.0	0.0	3.3717849254608154	0.0	0.0	0.0	0.0	3.147395610809326	0.0	0.0	0.0	0.0	0.0	0.0	0.0	2.65643310546875	2.5622193813323975	0.0	2.665785789489746	0.0	0.0	0.0	0.0	3.0654220581054688	0.0	0.0	2.3970911502838135	0.0	1.8383837938308716	3.0000133514404297	0.0	0.0	0.0	0.0	3.93710994720459	0.0	0.0	0.0	0.0	0.0	0.0	0.0	0.0	0.0	0.0	0.0	0.0	0.0	0.0	2.4350600242614746	0.0	0.0	0.0	0.0	0.0	0.0
0.0	0.0	0.0	2.134647846221924	0.0	0.0	0.0	2.9449775218963623	0.0	0.0	3.003283977508545	0.0	0.0	0.0	0.0	3.2893917560577393	0.0	0.0	0.0	0.0	2.904736042022705	0.0	0.0	0.0	0.0	2.863175392150879	3.469869375228882	0.0	0.0	2.8244686126708984	0.0	0.0	0.0	0.0	3.3732986450195312	3.1564440727233887	0.0	0.0	0.0	2.6891777515411377	0.0	3.560081720352173	0.0	1.4892369508743286	0.0	0.0	0.0	0.0	0.0	2.083068609237671	0.0	0.0	0.0	0.0	0.0	0.0	0.0	0.0	0.0	0.0	3.2015421390533447	0.0	0.0	0.0	0.0	0.0	0.0	0.0	0.0	0.0	0.0	0.0	0.0	0.0	3.3661224842071533	0.0	0.0	0.0	0.0	3.143326759338379	0.0	0.0	0.0	0.0	0.0	0.0	0.0	2.6518068313598633	2.5661089420318604	0.0	2.6678335666656494	0.0	0.0	0.0	0.0	3.053499460220337	0.0	0.0	2.394436836242676	0.0	1.834193468093872	2.9945569038391113	0.0	0.0	0.0	0.0	3.928392171859741	0.0	0.0	0.0	0.0	0.0	0.0	0.0	0.0	0.0	0.0	0.0	0.0	0.0	0.0	2.4305522441864014	0.0	0.0	0.0	0.0	0.0	0.0
0.0	0.0	0.0	2.1361777782440186	0.0	0.0	0.0	2.9457497596740723	0.0	0.0	3.001612901687622	0.0	0.0	0.0	0.0	3.2948896884918213	0.0	0.0	0.0	0.0	2.907987594604492	0.0	0.0	0.0	0.0	2.8624300956726074	3.469797372817993	0.0	0.0	2.823633909225464	0.0	0.0	0.0	0.0	3.3737947940826416	3.159181833267212	0.0	0.0	0.0	2.690607786178589	0.0	3.5619328022003174	0.0	1.4892477989196777	0.0	0.0	0.0	0.0	0.0	2.0863587856292725	0.0	0.0	0.0	0.0	0.0	0.0	0.0	0.0	0.0	0.0	3.1974194049835205	0.0	0.0	0.0	0.0	0.0	0.0	0.0	0.0	0.0	0.0	0.0	0.0	0.0	3.3662264347076416	0.0	0.0	0.0	0.0	3.147145986557007	0.0	0.0	0.0	0.0	0.0	0.0	0.0	2.6491386890411377	2.564627170562744	0.0	2.663034677505493	0.0	0.0	0.0	0.0	3.0617010593414307	0.0	0.0	2.395689010620117	0.0	1.83036208152771	2.9970147609710693	0.0	0.0	0.0	0.0	3.9311742782592773	0.0	0.0	0.0	0.0	0.0	0.0	0.0	0.0	0.0	0.0	0.0	0.0	0.0	0.0	2.4314022064208984	0.0	0.0	0.0	0.0	0.0	0.0
0.0	0.0	0.0	2.138056755065918	0.0	0.0	0.0	2.954779863357544	0.0	0.0	3.0077390670776367	0.0	0.0	0.0	0.0	3.2962331771850586	0.0	0.0	0.0	0.0	2.917351484298706	0.0	0.0	0.0	0.0	2.868886709213257	3.467280626296997	0.0	0.0	2.8298025131225586	0.0	0.0	0.0	0.0	3.382908344268799	3.168729305267334	0.0	0.0	0.0	2.701308250427246	0.0	3.5693867206573486	0.0	1.4927866458892822	0.0	0.0	0.0	0.0	0.0	2.0895938873291016	0.0	0.0	0.0	0.0	0.0	0.0	0.0	0.0	0.0	0.0	3.2051026821136475	0.0	0.0	0.0	0.0	0.0	0.0	0.0	0.0	0.0	0.0	0.0	0.0	0.0	3.3769690990448	0.0	0.0	0.0	0.0	3.1533899307250977	0.0	0.0	0.0	0.0	0.0	0.0	0.0	2.660505533218384	2.5648722648620605	0.0	2.674571990966797	0.0	0.0	0.0	0.0	3.0587894916534424	0.0	0.0	2.4028472900390625	0.0	1.8389205932617188	3.0047948360443115	0.0	0.0	0.0	0.0	3.9360549449920654	0.0	0.0	0.0	0.0	0.0	0.0	0.0	0.0	0.0	0.0	0.0	0.0	0.0	0.0	2.433065176010132	0.0	0.0	0.0	0.0	0.0	0.0
0.0	0.0	0.0	2.140617609024048	0.0	0.0	0.0	2.9514875411987305	0.0	0.0	3.009352445602417	0.0	0.0	0.0	0.0	3.299057722091675	0.0	0.0	0.0	0.0	2.9093568325042725	0.0	0.0	0.0	0.0	2.872210741043091	3.470655679702759	0.0	0.0	2.8241844177246094	0.0	0.0	0.0	0.0	3.3823370933532715	3.162325382232666	0.0	0.0	0.0	2.6920809745788574	0.0	3.5656394958496094	0.0	1.489569902420044	0.0	0.0	0.0	0.0	0.0	2.088595151901245	0.0	0.0	0.0	0.0	0.0	0.0	0.0	0.0	0.0	0.0	3.1993675231933594	0.0	0.0	0.0	0.0	0.0	0.0	0.0	0.0	0.0	0.0	0.0	0.0	0.0	3.3736116886138916	0.0	0.0	0.0	0.0	3.1483263969421387	0.0	0.0	0.0	0.0	0.0	0.0	0.0	2.6567749977111816	2.5752086639404297	0.0	2.6693732738494873	0.0	0.0	0.0	0.0	3.0572509765625	0.0	0.0	2.396240472793579	0.0	1.8350008726119995	2.995535373687744	0.0	0.0	0.0	0.0	3.937343120574951	0.0	0.0	0.0	0.0	0.0	0.0	0.0	0.0	0.0	0.0	0.0	0.0	0.0	0.0	2.4344396591186523	0.0	0.0	0.0	0.0	0.0	0.0
0.0	0.0	0.0	2.1367135047912598	0.0	0.0	0.0	2.9506454467773438	0.0	0.0	3.0113635063171387	0.0	0.0	0.0	0.0	3.304128646850586	0.0	0.0	0.0	0.0	2.910203456878662	0.0	0.0	0.0	0.0	2.8740952014923096	3.477015972137451	0.0	0.0	2.8293263912200928	0.0	0.0	0.0	0.0	3.3855302333831787	3.1659798622131348	0.0	0.0	0.0	2.6920359134674072	0.0	3.573991060256958	0.0	1.4948952198028564	0.0	0.0	0.0	0.0	0.0	2.0907020568847656	0.0	0.0	0.0	0.0	0.0	0.0	0.0	0.0	0.0	0.0	3.20363187789917	0.0	0.0	0.0	0.0	0.0	0.0	0.0	0.0	0.0	0.0	0.0	0.0	0.0	3.3759701251983643	0.0	0.0	0.0	0.0	3.1552176475524902	0.0	0.0	0.0	0.0	0.0	0.0	0.0	2.656982898712158	2.5716373920440674	0.0	2.6737117767333984	0.0	0.0	0.0	0.0	3.0579416751861572	0.0	0.0	2.3979461193084717	0.0	1.837876796722412	3.0017902851104736	0.0	0.0	0.0	0.0	3.9391543865203857	0.0	0.0	0.0	0.0	0.0	0.0	0.0	0.0	0.0	0.0	0.0	0.0	0.0	0.0	2.433154344558716	0.0	0.0	0.0	0.0	0.0	0.0
0.0	0.0	0.0	2.1385016441345215	0.0	0.0	0.0	2.948068857192993	0.0	0.0	3.0089664459228516	0.0	0.0	0.0	0.0	3.293606996536255	0.0	0.0	0.0	0.0	2.914069175720215	0.0	0.0	0.0	0.0	2.8646061420440674	3.4703705310821533	0.0	0.0	2.822349786758423	0.0	0.0	0.0	0.0	3.382483720779419	3.162018299102783	0.0	0.0	0.0	2.6889963150024414	0.0	3.5699057579040527	0.0	1.4974995851516724	0.0	0.0	0.0	0.0	0.0	2.083409070968628	0.0	0.0	0.0	0.0	0.0	0.0	0.0	0.0	0.0	0.0	3.20243239402771	0.0	0.0	0.0	0.0	0.0	0.0	0.0	0.0	0.0	0.0	0.0	0.0	0.0	3.3696787357330322	0.0	0.0	0.0	0.0	3.1464390754699707	0.0	0.0	0.0	0.0	0.0	0.0	0.0	2.653000593185425	2.564786911010742	0.0	2.667536735534668	0.0	0.0	0.0	0.0	3.062567949295044	0.0	0.0	2.3940863609313965	0.0	1.843908667564392	3.000450611114502	0.0	0.0	0.0	0.0	3.931837558746338	0.0	0.0	0.0	0.0	0.0	0.0	0.0	0.0	0.0	0.0	0.0	0.0	0.0	0.0	2.429168224334717	0.0	0.0	0.0	0.0	0.0	0.0
0.0	0.0	0.0	2.138389825820923	0.0	0.0	0.0	2.950669288635254	0.0	0.0	3.0117337703704834	0.0	0.0	0.0	0.0	3.304647922515869	0.0	0.0	0.0	0.0	2.909900188446045	0.0	0.0	0.0	0.0	2.8744895458221436	3.475815773010254	0.0	0.0	2.8270082473754883	0.0	0.0	0.0	0.0	3.3833296298980713	3.1668591499328613	0.0	0.0	0.0	2.693053722381592	0.0	3.5692567825317383	0.0	1.4942190647125244	0.0	0.0	0.0	0.0	0.0	2.092850923538208	0.0	0.0	0.0	0.0	0.0	0.0	0.0	0.0	0.0	0.0	3.2055275440216064	0.0	0.0	0.0	0.0	0.0	0.0	0.0	0.0	0.0	0.0	0.0	0.0	0.0	3.375951051712036	0.0	0.0	0.0	0.0	3.1547045707702637	0.0	0.0	0.0	0.0	0.0	0.0	0.0	2.6568000316619873	2.5769121646881104	0.0	2.673305034637451	0.0	0.0	0.0	0.0	3.058107614517212	0.0	0.0	2.3970601558685303	0.0	1.8370203971862793	2.997222900390625	0.0	0.0	0.0	0.0	3.938192367553711	0.0	0.0	0.0	0.0	0.0	0.0	0.0	0.0	0.0	0.0	0.0	0.0	0.0	0.0	2.4368326663970947	0.0	0.0	0.0	0.0	0.0	0.0
0.0	0.0	0.0	2.133415699005127	0.0	0.0	0.0	2.9498744010925293	0.0	0.0	3.0059452056884766	0.0	0.0	0.0	0.0	3.3000450134277344	0.0	0.0	0.0	0.0	2.9089837074279785	0.0	0.0	0.0	0.0	2.867203950881958	3.469190835952759	0.0	0.0	2.826803684234619	0.0	0.0	0.0	0.0	3.3794398307800293	3.161381244659424	0.0	0.0	0.0	2.691443920135498	0.0	3.5637564659118652	0.0	1.4877132177352905	0.0	0.0	0.0	0.0	0.0	2.0906455516815186	0.0	0.0	0.0	0.0	0.0	0.0	0.0	0.0	0.0	0.0	3.201920747756958	0.0	0.0	0.0	0.0	0.0	0.0	0.0	0.0	0.0	0.0	0.0	0.0	0.0	3.3732781410217285	0.0	0.0	0.0	0.0	3.1486246585845947	0.0	0.0	0.0	0.0	0.0	0.0	0.0	2.652863025665283	2.568952798843384	0.0	2.671156644821167	0.0	0.0	0.0	0.0	3.05912184715271	0.0	0.0	2.395045280456543	0.0	1.8354874849319458	2.9956185817718506	0.0	0.0	0.0	0.0	3.9359192848205566	0.0	0.0	0.0	0.0	0.0	0.0	0.0	0.0	0.0	0.0	0.0	0.0	0.0	0.0	2.4332549571990967	0.0	0.0	0.0	0.0	0.0	0.0
0.0	0.0	0.0	2.1294057369232178	0.0	0.0	0.0	2.936645984649658	0.0	0.0	2.9958081245422363	0.0	0.0	0.0	0.0	3.2807672023773193	0.0	0.0	0.0	0.0	2.896294593811035	0.0	0.0	0.0	0.0	2.856804847717285	3.4571125507354736	0.0	0.0	2.81823468208313	0.0	0.0	0.0	0.0	3.365755081176758	3.1507179737091064	0.0	0.0	0.0	2.6797332763671875	0.0	3.5548338890075684	0.0	1.4867215156555176	0.0	0.0	0.0	0.0	0.0	2.079254388809204	0.0	0.0	0.0	0.0	0.0	0.0	0.0	0.0	0.0	0.0	3.187467098236084	0.0	0.0	0.0	0.0	0.0	0.0	0.0	0.0	0.0	0.0	0.0	0.0	0.0	3.360626697540283	0.0	0.0	0.0	0.0	3.1379430294036865	0.0	0.0	0.0	0.0	0.0	0.0	0.0	2.64953875541687	2.5553042888641357	0.0	2.6616413593292236	0.0	0.0	0.0	0.0	3.048999309539795	0.0	0.0	2.387770652770996	0.0	1.8278464078903198	2.9831554889678955	0.0	0.0	0.0	0.0	3.9142379760742188	0.0	0.0	0.0	0.0	0.0	0.0	0.0	0.0	0.0	0.0	0.0	0.0	0.0	0.0	2.4267120361328125	0.0	0.0	0.0	0.0	0.0	0.0
0.0	0.0	0.0	2.137533664703369	0.0	0.0	0.0	2.9502151012420654	0.0	0.0	3.010993480682373	0.0	0.0	0.0	0.0	3.3017728328704834	0.0	0.0	0.0	0.0	2.9090943336486816	0.0	0.0	0.0	0.0	2.872509479522705	3.47705340385437	0.0	0.0	2.83272123336792	0.0	0.0	0.0	0.0	3.3821799755096436	3.1664693355560303	0.0	0.0	0.0	2.691518783569336	0.0	3.5699563026428223	0.0	1.492267370223999	0.0	0.0	0.0	0.0	0.0	2.0884439945220947	0.0	0.0	0.0	0.0	0.0	0.0	0.0	0.0	0.0	0.0	3.2023913860321045	0.0	0.0	0.0	0.0	0.0	0.0	0.0	0.0	0.0	0.0	0.0	0.0	0.0	3.3782732486724854	0.0	0.0	0.0	0.0	3.1558310985565186	0.0	0.0	0.0	0.0	0.0	0.0	0.0	2.6579976081848145	2.574021577835083	0.0	2.6699228286743164	0.0	0.0	0.0	0.0	3.056971549987793	0.0	0.0	2.3988864421844482	0.0	1.8354684114456177	3.0002477169036865	0.0	0.0	0.0	0.0	3.936370849609375	0.0	0.0	0.0	0.0	0.0	0.0	0.0	0.0	0.0	0.0	0.0	0.0	0.0	0.0	2.4319140911102295	0.0	0.0	0.0	0.0	0.0	0.0
0.0	0.0	0.0	2.140061378479004	0.0	0.0	0.0	2.9548933506011963	0.0	0.0	3.015346050262451	0.0	0.0	0.0	0.0	3.3004510402679443	0.0	0.0	0.0	0.0	2.9097065925598145	0.0	0.0	0.0	0.0	2.872587203979492	3.4788620471954346	0.0	0.0	2.8393406867980957	0.0	0.0	0.0	0.0	3.388800621032715	3.1696431636810303	0.0	0.0	0.0	2.697932243347168	0.0	3.5808703899383545	0.0	1.4944285154342651	0.0	0.0	0.0	0.0	0.0	2.095057964324951	0.0	0.0	0.0	0.0	0.0	0.0	0.0	0.0	0.0	0.0	3.2101004123687744	0.0	0.0	0.0	0.0	0.0	0.0	0.0	0.0	0.0	0.0	0.0	0.0	0.0	3.3808372020721436	0.0	0.0	0.0	0.0	3.15657114982605	0.0	0.0	0.0	0.0	0.0	0.0	0.0	2.658135175704956	2.570380210876465	0.0	2.680248975753784	0.0	0.0	0.0	0.0	3.0648021697998047	0.0	0.0	2.3990724086761475	0.0	1.8376200199127197	3.0032029151916504	0.0	0.0	0.0	0.0	3.939511775970459	0.0	0.0	0.0	0.0	0.0	0.0	0.0	0.0	0.0	0.0	0.0	0.0	0.0	0.0	2.436038017272949	0.0	0.0	0.0	0.0	0.0	0.0
0.0	0.0	0.0	2.122222423553467	0.0	0.0	0.0	2.934020519256592	0.0	0.0	2.9840261936187744	0.0	0.0	0.0	0.0	3.2755939960479736	0.0	0.0	0.0	0.0	2.895423650741577	0.0	0.0	0.0	0.0	2.850578546524048	3.452359914779663	0.0	0.0	2.8096542358398438	0.0	0.0	0.0	0.0	3.358170986175537	3.147003412246704	0.0	0.0	0.0	2.6752448081970215	0.0	3.5398261547088623	0.0	1.4844475984573364	0.0	0.0	0.0	0.0	0.0	2.070906400680542	0.0	0.0	0.0	0.0	0.0	0.0	0.0	0.0	0.0	0.0	3.1827826499938965	0.0	0.0	0.0	0.0	0.0	0.0	0.0	0.0	0.0	0.0	0.0	0.0	0.0	3.3486790657043457	0.0	0.0	0.0	0.0	3.127201557159424	0.0	0.0	0.0	0.0	0.0	0.0	0.0	2.6385293006896973	2.547429323196411	0.0	2.6511881351470947	0.0	0.0	0.0	0.0	3.0448622703552246	0.0	0.0	2.37618350982666	0.0	1.8266355991363525	2.978959321975708	0.0	0.0	0.0	0.0	3.910875082015991	0.0	0.0	0.0	0.0	0.0	0.0	0.0	0.0	0.0	0.0	0.0	0.0	0.0	0.0	2.4174485206604004	0.0	0.0	0.0	0.0	0.0	0.0
0.0	0.0	0.0	2.1385631561279297	0.0	0.0	0.0	2.9474639892578125	0.0	0.0	3.0051627159118652	0.0	0.0	0.0	0.0	3.299478530883789	0.0	0.0	0.0	0.0	2.912945032119751	0.0	0.0	0.0	0.0	2.864137649536133	3.4702975749969482	0.0	0.0	2.8263955116271973	0.0	0.0	0.0	0.0	3.381457567214966	3.162971258163452	0.0	0.0	0.0	2.6943771839141846	0.0	3.5704119205474854	0.0	1.4877105951309204	0.0	0.0	0.0	0.0	0.0	2.0873138904571533	0.0	0.0	0.0	0.0	0.0	0.0	0.0	0.0	0.0	0.0	3.204024314880371	0.0	0.0	0.0	0.0	0.0	0.0	0.0	0.0	0.0	0.0	0.0	0.0	0.0	3.373195171356201	0.0	0.0	0.0	0.0	3.1470823287963867	0.0	0.0	0.0	0.0	0.0	0.0	0.0	2.657745122909546	2.564934730529785	0.0	2.667989730834961	0.0	0.0	0.0	0.0	3.0664620399475098	0.0	0.0	2.3961660861968994	0.0	1.8395413160324097	2.999937057495117	0.0	0.0	0.0	0.0	3.9349539279937744	0.0	0.0	0.0	0.0	0.0	0.0	0.0	0.0	0.0	0.0	0.0	0.0	0.0	0.0	2.4337596893310547	0.0	0.0	0.0	0.0	0.0	0.0
0.0	0.0	0.0	2.1325440406799316	0.0	0.0	0.0	2.941903829574585	0.0	0.0	3.00394868850708	0.0	0.0	0.0	0.0	3.2920215129852295	0.0	0.0	0.0	0.0	2.9115591049194336	0.0	0.0	0.0	0.0	2.8593082427978516	3.468198776245117	0.0	0.0	2.822904109954834	0.0	0.0	0.0	0.0	3.3750569820404053	3.1568961143493652	0.0	0.0	0.0	2.6886484622955322	0.0	3.5601413249969482	0.0	1.4929999113082886	0.0	0.0	0.0	0.0	0.0	2.078425884246826	0.0	0.0	0.0	0.0	0.0	0.0	0.0	0.0	0.0	0.0	3.1980607509613037	0.0	0.0	0.0	0.0	0.0	0.0	0.0	0.0	0.0	0.0	0.0	0.0	0.0	3.3688395023345947	0.0	0.0	0.0	0.0	3.138645887374878	0.0	0.0	0.0	0.0	0.0	0.0	0.0	2.6509196758270264	2.5532071590423584	0.0	2.662672519683838	0.0	0.0	0.0	0.0	3.059823989868164	0.0	0.0	2.3921244144439697	0.0	1.8368926048278809	2.993046760559082	0.0	0.0	0.0	0.0	3.927482843399048	0.0	0.0	0.0	0.0	0.0	0.0	0.0	0.0	0.0	0.0	0.0	0.0	0.0	0.0	2.4254026412963867	0.0	0.0	0.0	0.0	0.0	0.0
0.0	0.0	0.0	2.126676321029663	0.0	0.0	0.0	2.938520908355713	0.0	0.0	2.999058961868286	0.0	0.0	0.0	0.0	3.287584066390991	0.0	0.0	0.0	0.0	2.90124773979187	0.0	0.0	0.0	0.0	2.8590590953826904	3.465219259262085	0.0	0.0	2.8134827613830566	0.0	0.0	0.0	0.0	3.370033025741577	3.1545283794403076	0.0	0.0	0.0	2.681070327758789	0.0	3.5517570972442627	0.0	1.4865155220031738	0.0	0.0	0.0	0.0	0.0	2.0819461345672607	0.0	0.0	0.0	0.0	0.0	0.0	0.0	0.0	0.0	0.0	3.1912007331848145	0.0	0.0	0.0	0.0	0.0	0.0	0.0	0.0	0.0	0.0	0.0	0.0	0.0	3.360722541809082	0.0	0.0	0.0	0.0	3.1367404460906982	0.0	0.0	0.0	0.0	0.0	0.0	0.0	2.6499030590057373	2.563356876373291	0.0	2.666504144668579	0.0	0.0	0.0	0.0	3.051891326904297	0.0	0.0	2.386899471282959	0.0	1.8265588283538818	2.987598180770874	0.0	0.0	0.0	0.0	3.921173334121704	0.0	0.0	0.0	0.0	0.0	0.0	0.0	0.0	0.0	0.0	0.0	0.0	0.0	0.0	2.4273569583892822	0.0	0.0	0.0	0.0	0.0	0.0
0.0	0.0	0.0	2.1337075233459473	0.0	0.0	0.0	2.944908857345581	0.0	0.0	3.0044870376586914	0.0	0.0	0.0	0.0	3.2978475093841553	0.0	0.0	0.0	0.0	2.9045138359069824	0.0	0.0	0.0	0.0	2.863295316696167	3.4601376056671143	0.0	0.0	2.8203988075256348	0.0	0.0	0.0	0.0	3.373522996902466	3.155867099761963	0.0	0.0	0.0	2.6908786296844482	0.0	3.5598998069763184	0.0	1.4868863821029663	0.0	0.0	0.0	0.0	0.0	2.0872044563293457	0.0	0.0	0.0	0.0	0.0	0.0	0.0	0.0	0.0	0.0	3.192106008529663	0.0	0.0	0.0	0.0	0.0	0.0	0.0	0.0	0.0	0.0	0.0	0.0	0.0	3.3699514865875244	0.0	0.0	0.0	0.0	3.145728588104248	0.0	0.0	0.0	0.0	0.0	0.0	0.0	2.6504273414611816	2.567049264907837	0.0	2.6648356914520264	0.0	0.0	0.0	0.0	3.050384283065796	0.0	0.0	2.389810085296631	0.0	1.831170916557312	2.9901137351989746	0.0	0.0	0.0	0.0	3.925252914428711	0.0	0.0	0.0	0.0	0.0	0.0	0.0	0.0	0.0	0.0	0.0	0.0	0.0	0.0	2.4314393997192383	0.0	0.0	0.0	0.0	0.0	0.0
0.0	0.0	0.0	2.132920980453491	0.0	0.0	0.0	2.9346022605895996	0.0	0.0	2.9968833923339844	0.0	0.0	0.0	0.0	3.283815860748291	0.0	0.0	0.0	0.0	2.9019994735717773	0.0	0.0	0.0	0.0	2.859375	3.4602229595184326	0.0	0.0	2.8155555725097656	0.0	0.0	0.0	0.0	3.3668012619018555	3.1555910110473633	0.0	0.0	0.0	2.679933547973633	0.0	3.554319381713867	0.0	1.4894944429397583	0.0	0.0	0.0	0.0	0.0	2.081456422805786	0.0	0.0	0.0	0.0	0.0	0.0	0.0	0.0	0.0	0.0	3.1916821002960205	0.0	0.0	0.0	0.0	0.0	0.0	0.0	0.0	0.0	0.0	0.0	0.0	0.0	3.361788272857666	0.0	0.0	0.0	0.0	3.1380417346954346	0.0	0.0	0.0	0.0	0.0	0.0	0.0	2.6406469345092773	2.559708833694458	0.0	2.6615710258483887	0.0	0.0	0.0	0.0	3.0537989139556885	0.0	0.0	2.3859710693359375	0.0	1.827135443687439	2.9814980030059814	0.0	0.0	0.0	0.0	3.9198546409606934	0.0	0.0	0.0	0.0	0.0	0.0	0.0	0.0	0.0	0.0	0.0	0.0	0.0	0.0	2.4269790649414062	0.0	0.0	0.0	0.0	0.0	0.0
0.0	0.0	0.0	2.131869316101074	0.0	0.0	0.0	2.937614679336548	0.0	0.0	3.003377676010132	0.0	0.0	0.0	0.0	3.2906620502471924	0.0	0.0	0.0	0.0	2.9047207832336426	0.0	0.0	0.0	0.0	2.8614108562469482	3.4642484188079834	0.0	0.0	2.8209919929504395	0.0	0.0	0.0	0.0	3.3696272373199463	3.1546807289123535	0.0	0.0	0.0	2.686788320541382	0.0	3.5616238117218018	0.0	1.4908288717269897	0.0	0.0	0.0	0.0	0.0	2.089491605758667	0.0	0.0	0.0	0.0	0.0	0.0	0.0	0.0	0.0	0.0	3.1921889781951904	0.0	0.0	0.0	0.0	0.0	0.0	0.0	0.0	0.0	0.0	0.0	0.0	0.0	3.364351272583008	0.0	0.0	0.0	0.0	3.142451763153076	0.0	0.0	0.0	0.0	0.0	0.0	0.0	2.6510133743286133	2.564189910888672	0.0	2.6623902320861816	0.0	0.0	0.0	0.0	3.0468878746032715	0.0	0.0	2.392122983932495	0.0	1.8301687240600586	2.991628885269165	0.0	0.0	0.0	0.0	3.9287867546081543	0.0	0.0	0.0	0.0	0.0	0.0	0.0	0.0	0.0	0.0	0.0	0.0	0.0	0.0	2.432810068130493	0.0	0.0	0.0	0.0	0.0	0.0
0.0	0.0	0.0	2.131603956222534	0.0	0.0	0.0	2.942233085632324	0.0	0.0	3.005176544189453	0.0	0.0	0.0	0.0	3.2924022674560547	0.0	0.0	0.0	0.0	2.902984380722046	0.0	0.0	0.0	0.0	2.8615810871124268	3.4672629833221436	0.0	0.0	2.8241827487945557	0.0	0.0	0.0	0.0	3.373380661010742	3.1541266441345215	0.0	0.0	0.0	2.6853013038635254	0.0	3.559659481048584	0.0	1.4909279346466064	0.0	0.0	0.0	0.0	0.0	2.0841257572174072	0.0	0.0	0.0	0.0	0.0	0.0	0.0	0.0	0.0	0.0	3.192969560623169	0.0	0.0	0.0	0.0	0.0	0.0	0.0	0.0	0.0	0.0	0.0	0.0	0.0	3.3666136264801025	0.0	0.0	0.0	0.0	3.145695209503174	0.0	0.0	0.0	0.0	0.0	0.0	0.0	2.650325298309326	2.5629429817199707	0.0	2.6643402576446533	0.0	0.0	0.0	0.0	3.0575273036956787	0.0	0.0	2.388716220855713	0.0	1.8324787616729736	2.9920480251312256	0.0	0.0	0.0	0.0	3.9269282817840576	0.0	0.0	0.0	0.0	0.0	0.0	0.0	0.0	0.0	0.0	0.0	0.0	0.0	0.0	2.4296038150787354	0.0	0.0	0.0	0.0	0.0	0.0
0.0	0.0	0.0	2.139768123626709	0.0	0.0	0.0	2.9501755237579346	0.0	0.0	3.007822036743164	0.0	0.0	0.0	0.0	3.294468641281128	0.0	0.0	0.0	0.0	2.9089109897613525	0.0	0.0	0.0	0.0	2.8661961555480957	3.4703781604766846	0.0	0.0	2.8349430561065674	0.0	0.0	0.0	0.0	3.3807742595672607	3.161236524581909	0.0	0.0	0.0	2.6928229331970215	0.0	3.567631721496582	0.0	1.4903995990753174	0.0	0.0	0.0	0.0	0.0	2.0807993412017822	0.0	0.0	0.0	0.0	0.0	0.0	0.0	0.0	0.0	0.0	3.2034599781036377	0.0	0.0	0.0	0.0	0.0	0.0	0.0	0.0	0.0	0.0	0.0	0.0	0.0	3.3724448680877686	0.0	0.0	0.0	0.0	3.146127462387085	0.0	0.0	0.0	0.0	0.0	0.0	0.0	2.6583847999572754	2.570193290710449	0.0	2.6713201999664307	0.0	0.0	0.0	0.0	3.0604915618896484	0.0	0.0	2.3969569206237793	0.0	1.836338996887207	2.9989817142486572	0.0	0.0	0.0	0.0	3.932760715484619	0.0	0.0	0.0	0.0	0.0	0.0	0.0	0.0	0.0	0.0	0.0	0.0	0.0	0.0	2.4334733486175537	0.0	0.0	0.0	0.0	0.0	0.0
0.0	0.0	0.0	2.1316092014312744	0.0	0.0	0.0	2.9430813789367676	0.0	0.0	2.999046802520752	0.0	0.0	0.0	0.0	3.2880547046661377	0.0	0.0	0.0	0.0	2.8998711109161377	0.0	0.0	0.0	0.0	2.862009048461914	3.46305775642395	0.0	0.0	2.8249149322509766	0.0	0.0	0.0	0.0	3.37237286567688	3.156698703765869	0.0	0.0	0.0	2.681769609451294	0.0	3.5598912239074707	0.0	1.4946972131729126	0.0	0.0	0.0	0.0	0.0	2.082437753677368	0.0	0.0	0.0	0.0	0.0	0.0	0.0	0.0	0.0	0.0	3.2000632286071777	0.0	0.0	0.0	0.0	0.0	0.0	0.0	0.0	0.0	0.0	0.0	0.0	0.0	3.368485927581787	0.0	0.0	0.0	0.0	3.1434144973754883	0.0	0.0	0.0	0.0	0.0	0.0	0.0	2.6485798358917236	2.563739061355591	0.0	2.664055824279785	0.0	0.0	0.0	0.0	3.0532023906707764	0.0	0.0	2.3891050815582275	0.0	1.8349907398223877	2.9903647899627686	0.0	0.0	0.0	0.0	3.924529552459717	0.0	0.0	0.0	0.0	0.0	0.0	0.0	0.0	0.0	0.0	0.0	0.0	0.0	0.0	2.425478458404541	0.0	0.0	0.0	0.0	0.0	0.0
0.0	0.0	0.0	2.1391184329986572	0.0	0.0	0.0	2.952017307281494	0.0	0.0	3.0179996490478516	0.0	0.0	0.0	0.0	3.3124618530273438	0.0	0.0	0.0	0.0	2.9188334941864014	0.0	0.0	0.0	0.0	2.8730580806732178	3.478119134902954	0.0	0.0	2.832759141921997	0.0	0.0	0.0	0.0	3.390383720397949	3.1634960174560547	0.0	0.0	0.0	2.703019380569458	0.0	3.5798323154449463	0.0	1.4922914505004883	0.0	0.0	0.0	0.0	0.0	2.0967161655426025	0.0	0.0	0.0	0.0	0.0	0.0	0.0	0.0	0.0	0.0	3.2057042121887207	0.0	0.0	0.0	0.0	0.0	0.0	0.0	0.0	0.0	0.0	0.0	0.0	0.0	3.382430076599121	0.0	0.0	0.0	0.0	3.1622133255004883	0.0	0.0	0.0	0.0	0.0	0.0	0.0	2.6597788333892822	2.5693962574005127	0.0	2.675908327102661	0.0	0.0	0.0	0.0	3.062432289123535	0.0	0.0	2.4012563228607178	0.0	1.8388644456863403	3.0055923461914062	0.0	0.0	0.0	0.0	3.944857597351074	0.0	0.0	0.0	0.0	0.0	0.0	0.0	0.0	0.0	0.0	0.0	0.0	0.0	0.0	2.4420363903045654	0.0	0.0	0.0	0.0	0.0	0.0
0.0	0.0	0.0	2.1369941234588623	0.0	0.0	0.0	2.9432919025421143	0.0	0.0	3.007826566696167	0.0	0.0	0.0	0.0	3.2986693382263184	0.0	0.0	0.0	0.0	2.9073517322540283	0.0	0.0	0.0	0.0	2.864899158477783	3.465618848800659	0.0	0.0	2.8232100009918213	0.0	0.0	0.0	0.0	3.3746232986450195	3.1588335037231445	0.0	0.0	0.0	2.692716360092163	0.0	3.560140371322632	0.0	1.4872077703475952	0.0	0.0	0.0	0.0	0.0	2.089923143386841	0.0	0.0	0.0	0.0	0.0	0.0	0.0	0.0	0.0	0.0	3.196506977081299	0.0	0.0	0.0	0.0	0.0	0.0	0.0	0.0	0.0	0.0	0.0	0.0	0.0	3.371054172515869	0.0	0.0	0.0	0.0	3.147723436355591	0.0	0.0	0.0	0.0	0.0	0.0	0.0	2.650404453277588	2.56549072265625	0.0	2.6696813106536865	0.0	0.0	0.0	0.0	3.050872564315796	0.0	0.0	2.3942437171936035	0.0	1.831518292427063	2.9961133003234863	0.0	0.0	0.0	0.0	3.9258790016174316	0.0	0.0	0.0	0.0	0.0	0.0	0.0	0.0	0.0	0.0	0.0	0.0	0.0	0.0	2.4324488639831543	0.0	0.0	0.0	0.0	0.0	0.0
0.0	0.0	0.0	2.1368114948272705	0.0	0.0	0.0	2.9490954875946045	0.0	0.0	3.0093982219696045	0.0	0.0	0.0	0.0	3.3020377159118652	0.0	0.0	0.0	0.0	2.9110562801361084	0.0	0.0	0.0	0.0	2.867354154586792	3.4709300994873047	0.0	0.0	2.824906349182129	0.0	0.0	0.0	0.0	3.383265256881714	3.1633002758026123	0.0	0.0	0.0	2.6904635429382324	0.0	3.568227767944336	0.0	1.4870015382766724	0.0	0.0	0.0	0.0	0.0	2.087319850921631	0.0	0.0	0.0	0.0	0.0	0.0	0.0	0.0	0.0	0.0	3.2040717601776123	0.0	0.0	0.0	0.0	0.0	0.0	0.0	0.0	0.0	0.0	0.0	0.0	0.0	3.3731236457824707	0.0	0.0	0.0	0.0	3.1464953422546387	0.0	0.0	0.0	0.0	0.0	0.0	0.0	2.6579527854919434	2.5667004585266113	0.0	2.6692354679107666	0.0	0.0	0.0	0.0	3.0621776580810547	0.0	0.0	2.391707181930542	0.0	1.8346452713012695	2.9958455562591553	0.0	0.0	0.0	0.0	3.9370622634887695	0.0	0.0	0.0	0.0	0.0	0.0	0.0	0.0	0.0	0.0	0.0	0.0	0.0	0.0	2.435967206954956	0.0	0.0	0.0	0.0	0.0	0.0
0.0	0.0	0.0	2.1351380348205566	0.0	0.0	0.0	2.944091796875	0.0	0.0	3.001356601715088	0.0	0.0	0.0	0.0	3.2927186489105225	0.0	0.0	0.0	0.0	2.9057490825653076	0.0	0.0	0.0	0.0	2.8603107929229736	3.4656994342803955	0.0	0.0	2.815985679626465	0.0	0.0	0.0	0.0	3.377685308456421	3.157569169998169	0.0	0.0	0.0	2.685626745223999	0.0	3.5581657886505127	0.0	1.4884432554244995	0.0	0.0	0.0	0.0	0.0	2.0877342224121094	0.0	0.0	0.0	0.0	0.0	0.0	0.0	0.0	0.0	0.0	3.198612689971924	0.0	0.0	0.0	0.0	0.0	0.0	0.0	0.0	0.0	0.0	0.0	0.0	0.0	3.364544153213501	0.0	0.0	0.0	0.0	3.1433191299438477	0.0	0.0	0.0	0.0	0.0	0.0	0.0	2.6536285877227783	2.5658247470855713	0.0	2.664851665496826	0.0	0.0	0.0	0.0	3.052762746810913	0.0	0.0	2.3952598571777344	0.0	1.8331502676010132	2.993675708770752	0.0	0.0	0.0	0.0	3.9313244819641113	0.0	0.0	0.0	0.0	0.0	0.0	0.0	0.0	0.0	0.0	0.0	0.0	0.0	0.0	2.4299063682556152	0.0	0.0	0.0	0.0	0.0	0.0
0.0	0.0	0.0	2.1295084953308105	0.0	0.0	0.0	2.934094190597534	0.0	0.0	2.991429090499878	0.0	0.0	0.0	0.0	3.282352924346924	0.0	0.0	0.0	0.0	2.896986484527588	0.0	0.0	0.0	0.0	2.8520777225494385	3.454714059829712	0.0	0.0	2.8121261596679688	0.0	0.0	0.0	0.0	3.3666834831237793	3.147451639175415	0.0	0.0	0.0	2.676610231399536	0.0	3.5474631786346436	0.0	1.4853861331939697	0.0	0.0	0.0	0.0	0.0	2.07555890083313	0.0	0.0	0.0	0.0	0.0	0.0	0.0	0.0	0.0	0.0	3.1824843883514404	0.0	0.0	0.0	0.0	0.0	0.0	0.0	0.0	0.0	0.0	0.0	0.0	0.0	3.3521859645843506	0.0	0.0	0.0	0.0	3.13152813911438	0.0	0.0	0.0	0.0	0.0	0.0	0.0	2.6419506072998047	2.5554330348968506	0.0	2.657562017440796	0.0	0.0	0.0	0.0	3.0423715114593506	0.0	0.0	2.3837621212005615	0.0	1.8276944160461426	2.9818859100341797	0.0	0.0	0.0	0.0	3.915663719177246	0.0	0.0	0.0	0.0	0.0	0.0	0.0	0.0	0.0	0.0	0.0	0.0	0.0	0.0	2.423410654067993	0.0	0.0	0.0	0.0	0.0	0.0
0.0	0.0	0.0	2.134605884552002	0.0	0.0	0.0	2.9494831562042236	0.0	0.0	3.010617971420288	0.0	0.0	0.0	0.0	3.302868366241455	0.0	0.0	0.0	0.0	2.907088041305542	0.0	0.0	0.0	0.0	2.8697638511657715	3.47098708152771	0.0	0.0	2.8279690742492676	0.0	0.0	0.0	0.0	3.3790781497955322	3.1631076335906982	0.0	0.0	0.0	2.6930325031280518	0.0	3.567880630493164	0.0	1.4918931722640991	0.0	0.0	0.0	0.0	0.0	2.0894618034362793	0.0	0.0	0.0	0.0	0.0	0.0	0.0	0.0	0.0	0.0	3.1985549926757812	0.0	0.0	0.0	0.0	0.0	0.0	0.0	0.0	0.0	0.0	0.0	0.0	0.0	3.373539686203003	0.0	0.0	0.0	0.0	3.1519904136657715	0.0	0.0	0.0	0.0	0.0	0.0	0.0	2.65498685836792	2.5727696418762207	0.0	2.671541929244995	0.0	0.0	0.0	0.0	3.0553176403045654	0.0	0.0	2.397488594055176	0.0	1.8322014808654785	2.994556427001953	0.0	0.0	0.0	0.0	3.9331400394439697	0.0	0.0	0.0	0.0	0.0	0.0	0.0	0.0	0.0	0.0	0.0	0.0	0.0	0.0	2.433910369873047	0.0	0.0	0.0	0.0	0.0	0.0
0.0	0.0	0.0	2.1339783668518066	0.0	0.0	0.0	2.943948745727539	0.0	0.0	3.0018279552459717	0.0	0.0	0.0	0.0	3.29193115234375	0.0	0.0	0.0	0.0	2.901005744934082	0.0	0.0	0.0	0.0	2.8630263805389404	3.463637113571167	0.0	0.0	2.825136184692383	0.0	0.0	0.0	0.0	3.3746635913848877	3.1542627811431885	0.0	0.0	0.0	2.6932766437530518	0.0	3.5619170665740967	0.0	1.4912753105163574	0.0	0.0	0.0	0.0	0.0	2.08351993560791	0.0	0.0	0.0	0.0	0.0	0.0	0.0	0.0	0.0	0.0	3.1985793113708496	0.0	0.0	0.0	0.0	0.0	0.0	0.0	0.0	0.0	0.0	0.0	0.0	0.0	3.365929126739502	0.0	0.0	0.0	0.0	3.1472604274749756	0.0	0.0	0.0	0.0	0.0	0.0	0.0	2.6522912979125977	2.569026231765747	0.0	2.669645071029663	0.0	0.0	0.0	0.0	3.0509049892425537	0.0	0.0	2.3940393924713135	0.0	1.8332855701446533	2.994752883911133	0.0	0.0	0.0	0.0	3.9309754371643066	0.0	0.0	0.0	0.0	0.0	0.0	0.0	0.0	0.0	0.0	0.0	0.0	0.0	0.0	2.4333746433258057	0.0	0.0	0.0	0.0	0.0	0.0
0.0	0.0	0.0	2.130704641342163	0.0	0.0	0.0	2.9409561157226562	0.0	0.0	3.0024232864379883	0.0	0.0	0.0	0.0	3.288820743560791	0.0	0.0	0.0	0.0	2.9016566276550293	0.0	0.0	0.0	0.0	2.8619940280914307	3.463196277618408	0.0	0.0	2.8216066360473633	0.0	0.0	0.0	0.0	3.3740394115448	3.152989625930786	0.0	0.0	0.0	2.6824421882629395	0.0	3.5613017082214355	0.0	1.4884345531463623	0.0	0.0	0.0	0.0	0.0	2.087947368621826	0.0	0.0	0.0	0.0	0.0	0.0	0.0	0.0	0.0	0.0	3.1919872760772705	0.0	0.0	0.0	0.0	0.0	0.0	0.0	0.0	0.0	0.0	0.0	0.0	0.0	3.363116979598999	0.0	0.0	0.0	0.0	3.141477108001709	0.0	0.0	0.0	0.0	0.0	0.0	0.0	2.6453874111175537	2.565279960632324	0.0	2.6661105155944824	0.0	0.0	0.0	0.0	3.0484273433685303	0.0	0.0	2.3916268348693848	0.0	1.8318156003952026	2.991468667984009	0.0	0.0	0.0	0.0	3.92472243309021	0.0	0.0	0.0	0.0	0.0	0.0	0.0	0.0	0.0	0.0	0.0	0.0	0.0	0.0	2.4310760498046875	0.0	0.0	0.0	0.0	0.0	0.0
0.0	0.0	0.0	2.1325314044952393	0.0	0.0	0.0	2.9408047199249268	0.0	0.0	3.000767469406128	0.0	0.0	0.0	0.0	3.286031723022461	0.0	0.0	0.0	0.0	2.9045138359069824	0.0	0.0	0.0	0.0	2.861637830734253	3.461118698120117	0.0	0.0	2.8261735439300537	0.0	0.0	0.0	0.0	3.3731629848480225	3.157278537750244	0.0	0.0	0.0	2.688072443008423	0.0	3.562589406967163	0.0	1.4920796155929565	0.0	0.0	0.0	0.0	0.0	2.0809569358825684	0.0	0.0	0.0	0.0	0.0	0.0	0.0	0.0	0.0	0.0	3.191678047180176	0.0	0.0	0.0	0.0	0.0	0.0	0.0	0.0	0.0	0.0	0.0	0.0	0.0	3.3662843704223633	0.0	0.0	0.0	0.0	3.1455278396606445	0.0	0.0	0.0	0.0	0.0	0.0	0.0	2.6461970806121826	2.5612599849700928	0.0	2.662257432937622	0.0	0.0	0.0	0.0	3.0489580631256104	0.0	0.0	2.39383864402771	0.0	1.8330460786819458	2.990056276321411	0.0	0.0	0.0	0.0	3.9218406677246094	0.0	0.0	0.0	0.0	0.0	0.0	0.0	0.0	0.0	0.0	0.0	0.0	0.0	0.0	2.425590991973877	0.0	0.0	0.0	0.0	0.0	0.0
0.0	0.0	0.0	2.138685941696167	0.0	0.0	0.0	2.951979637145996	0.0	0.0	3.0110301971435547	0.0	0.0	0.0	0.0	3.3005683422088623	0.0	0.0	0.0	0.0	2.9075005054473877	0.0	0.0	0.0	0.0	2.869499683380127	3.471741199493408	0.0	0.0	2.827465057373047	0.0	0.0	0.0	0.0	3.3831284046173096	3.1641430854797363	0.0	0.0	0.0	2.6952321529388428	0.0	3.567645311355591	0.0	1.4895081520080566	0.0	0.0	0.0	0.0	0.0	2.088036298751831	0.0	0.0	0.0	0.0	0.0	0.0	0.0	0.0	0.0	0.0	3.200035572052002	0.0	0.0	0.0	0.0	0.0	0.0	0.0	0.0	0.0	0.0	0.0	0.0	0.0	3.37571120262146	0.0	0.0	0.0	0.0	3.153930187225342	0.0	0.0	0.0	0.0	0.0	0.0	0.0	2.658968210220337	2.5756871700286865	0.0	2.6716420650482178	0.0	0.0	0.0	0.0	3.0569891929626465	0.0	0.0	2.396939992904663	0.0	1.8368394374847412	2.9942970275878906	0.0	0.0	0.0	0.0	3.9359452724456787	0.0	0.0	0.0	0.0	0.0	0.0	0.0	0.0	0.0	0.0	0.0	0.0	0.0	0.0	2.4337942600250244	0.0	0.0	0.0	0.0	0.0	0.0
0.0	0.0	0.0	2.137721538543701	0.0	0.0	0.0	2.9512014389038086	0.0	0.0	3.009373188018799	0.0	0.0	0.0	0.0	3.301750421524048	0.0	0.0	0.0	0.0	2.907581090927124	0.0	0.0	0.0	0.0	2.868884563446045	3.4791312217712402	0.0	0.0	2.8330576419830322	0.0	0.0	0.0	0.0	3.3769514560699463	3.162280797958374	0.0	0.0	0.0	2.6982357501983643	0.0	3.5701794624328613	0.0	1.499096155166626	0.0	0.0	0.0	0.0	0.0	2.0898756980895996	0.0	0.0	0.0	0.0	0.0	0.0	0.0	0.0	0.0	0.0	3.203822612762451	0.0	0.0	0.0	0.0	0.0	0.0	0.0	0.0	0.0	0.0	0.0	0.0	0.0	3.373225688934326	0.0	0.0	0.0	0.0	3.1530046463012695	0.0	0.0	0.0	0.0	0.0	0.0	0.0	2.653602123260498	2.56876277923584	0.0	2.6718521118164062	0.0	0.0	0.0	0.0	3.0600593090057373	0.0	0.0	2.395395517349243	0.0	1.837961196899414	3.002713441848755	0.0	0.0	0.0	0.0	3.937323808670044	0.0	0.0	0.0	0.0	0.0	0.0	0.0	0.0	0.0	0.0	0.0	0.0	0.0	0.0	2.4325079917907715	0.0	0.0	0.0	0.0	0.0	0.0
0.0	0.0	0.0	2.1348278522491455	0.0	0.0	0.0	2.9505860805511475	0.0	0.0	3.00826096534729	0.0	0.0	0.0	0.0	3.29868483543396	0.0	0.0	0.0	0.0	2.9090168476104736	0.0	0.0	0.0	0.0	2.8668506145477295	3.4687869548797607	0.0	0.0	2.82560396194458	0.0	0.0	0.0	0.0	3.380446195602417	3.1624674797058105	0.0	0.0	0.0	2.6855075359344482	0.0	3.5678963661193848	0.0	1.4926469326019287	0.0	0.0	0.0	0.0	0.0	2.0909552574157715	0.0	0.0	0.0	0.0	0.0	0.0	0.0	0.0	0.0	0.0	3.2007057666778564	0.0	0.0	0.0	0.0	0.0	0.0	0.0	0.0	0.0	0.0	0.0	0.0	0.0	3.3716886043548584	0.0	0.0	0.0	0.0	3.1523733139038086	0.0	0.0	0.0	0.0	0.0	0.0	0.0	2.654979944229126	2.5704948902130127	0.0	2.6707448959350586	0.0	0.0	0.0	0.0	3.0544803142547607	0.0	0.0	2.3961637020111084	0.0	1.8356571197509766	2.992828607559204	0.0	0.0	0.0	0.0	3.929837703704834	0.0	0.0	0.0	0.0	0.0	0.0	0.0	0.0	0.0	0.0	0.0	0.0	0.0	0.0	2.4328978061676025	0.0	0.0	0.0	0.0	0.0	0.0
0.0	0.0	0.0	2.1307404041290283	0.0	0.0	0.0	2.9404964447021484	0.0	0.0	3.0009360313415527	0.0	0.0	0.0	0.0	3.2847821712493896	0.0	0.0	0.0	0.0	2.904534339904785	0.0	0.0	0.0	0.0	2.8603694438934326	3.4643867015838623	0.0	0.0	2.821237564086914	0.0	0.0	0.0	0.0	3.375706911087036	3.1554601192474365	0.0	0.0	0.0	2.680919885635376	0.0	3.559030532836914	0.0	1.4867439270019531	0.0	0.0	0.0	0.0	0.0	2.0813159942626953	0.0	0.0	0.0	0.0	0.0	0.0	0.0	0.0	0.0	0.0	3.191683053970337	0.0	0.0	0.0	0.0	0.0	0.0	0.0	0.0	0.0	0.0	0.0	0.0	0.0	3.3595917224884033	0.0	0.0	0.0	0.0	3.140918016433716	0.0	0.0	0.0	0.0	0.0	0.0	0.0	2.6461081504821777	2.556122064590454	0.0	2.6628623008728027	0.0	0.0	0.0	0.0	3.0559334754943848	0.0	0.0	2.3891804218292236	0.0	1.8324596881866455	2.985461473464966	0.0	0.0	0.0	0.0	3.9267871379852295	0.0	0.0	0.0	0.0	0.0	0.0	0.0	0.0	0.0	0.0	0.0	0.0	0.0	0.0	2.4320883750915527	0.0	0.0	0.0	0.0	0.0	0.0
0.0	0.0	0.0	2.130035400390625	0.0	0.0	0.0	2.9419796466827393	0.0	0.0	3.0054872035980225	0.0	0.0	0.0	0.0	3.298649311065674	0.0	0.0	0.0	0.0	2.9055962562561035	0.0	0.0	0.0	0.0	2.8640544414520264	3.4659054279327393	0.0	0.0	2.8240203857421875	0.0	0.0	0.0	0.0	3.3741331100463867	3.154186725616455	0.0	0.0	0.0	2.6962945461273193	0.0	3.560427188873291	0.0	1.486756682395935	0.0	0.0	0.0	0.0	0.0	2.088719606399536	0.0	0.0	0.0	0.0	0.0	0.0	0.0	0.0	0.0	0.0	3.19523024559021	0.0	0.0	0.0	0.0	0.0	0.0	0.0	0.0	0.0	0.0	0.0	0.0	0.0	3.366591691970825	0.0	0.0	0.0	0.0	3.1484854221343994	0.0	0.0	0.0	0.0	0.0	0.0	0.0	2.6455891132354736	2.559504985809326	0.0	2.6636769771575928	0.0	0.0	0.0	0.0	3.054795026779175	0.0	0.0	2.393610715866089	0.0	1.8309358358383179	2.993382215499878	0.0	0.0	0.0	0.0	3.930253267288208	0.0	0.0	0.0	0.0	0.0	0.0	0.0	0.0	0.0	0.0	0.0	0.0	0.0	0.0	2.4358320236206055	0.0	0.0	0.0	0.0	0.0	0.0
0.0	0.0	0.0	2.138207197189331	0.0	0.0	0.0	2.9525744915008545	0.0	0.0	3.013427495956421	0.0	0.0	0.0	0.0	3.305544137954712	0.0	0.0	0.0	0.0	2.9127886295318604	0.0	0.0	0.0	0.0	2.8760573863983154	3.4764602184295654	0.0	0.0	2.82891583442688	0.0	0.0	0.0	0.0	3.387218713760376	3.1682913303375244	0.0	0.0	0.0	2.695793390274048	0.0	3.571279525756836	0.0	1.4909279346466064	0.0	0.0	0.0	0.0	0.0	2.093444585800171	0.0	0.0	0.0	0.0	0.0	0.0	0.0	0.0	0.0	0.0	3.203594446182251	0.0	0.0	0.0	0.0	0.0	0.0	0.0	0.0	0.0	0.0	0.0	0.0	0.0	3.3795530796051025	0.0	0.0	0.0	0.0	3.157569408416748	0.0	0.0	0.0	0.0	0.0	0.0	0.0	2.6581668853759766	2.574183225631714	0.0	2.6735496520996094	0.0	0.0	0.0	0.0	3.057671546936035	0.0	0.0	2.3977386951446533	0.0	1.8391801118850708	2.9994328022003174	0.0	0.0	0.0	0.0	3.9400932788848877	0.0	0.0	0.0	0.0	0.0	0.0	0.0	0.0	0.0	0.0	0.0	0.0	0.0	0.0	2.4387173652648926	0.0	0.0	0.0	0.0	0.0	0.0
0.0	0.0	0.0	2.1368050575256348	0.0	0.0	0.0	2.9492945671081543	0.0	0.0	3.0073957443237305	0.0	0.0	0.0	0.0	3.2966225147247314	0.0	0.0	0.0	0.0	2.913390636444092	0.0	0.0	0.0	0.0	2.865487575531006	3.4711320400238037	0.0	0.0	2.8248291015625	0.0	0.0	0.0	0.0	3.378638982772827	3.1652467250823975	0.0	0.0	0.0	2.6908321380615234	0.0	3.5641603469848633	0.0	1.4938256740570068	0.0	0.0	0.0	0.0	0.0	2.0900228023529053	0.0	0.0	0.0	0.0	0.0	0.0	0.0	0.0	0.0	0.0	3.204066276550293	0.0	0.0	0.0	0.0	0.0	0.0	0.0	0.0	0.0	0.0	0.0	0.0	0.0	3.3757307529449463	0.0	0.0	0.0	0.0	3.1516942977905273	0.0	0.0	0.0	0.0	0.0	0.0	0.0	2.6565871238708496	2.5740106105804443	0.0	2.6703696250915527	0.0	0.0	0.0	0.0	3.0600616931915283	0.0	0.0	2.3969004154205322	0.0	1.8377970457077026	2.9989001750946045	0.0	0.0	0.0	0.0	3.9356467723846436	0.0	0.0	0.0	0.0	0.0	0.0	0.0	0.0	0.0	0.0	0.0	0.0	0.0	0.0	2.4342153072357178	0.0	0.0	0.0	0.0	0.0	0.0
0.0	0.0	0.0	2.1385018825531006	0.0	0.0	0.0	2.9431610107421875	0.0	0.0	3.0076916217803955	0.0	0.0	0.0	0.0	3.2941431999206543	0.0	0.0	0.0	0.0	2.9061195850372314	0.0	0.0	0.0	0.0	2.8663954734802246	3.4707603454589844	0.0	0.0	2.824521780014038	0.0	0.0	0.0	0.0	3.376364231109619	3.1593096256256104	0.0	0.0	0.0	2.6908681392669678	0.0	3.563223361968994	0.0	1.489776849746704	0.0	0.0	0.0	0.0	0.0	2.085669755935669	0.0	0.0	0.0	0.0	0.0	0.0	0.0	0.0	0.0	0.0	3.1966261863708496	0.0	0.0	0.0	0.0	0.0	0.0	0.0	0.0	0.0	0.0	0.0	0.0	0.0	3.367868661880493	0.0	0.0	0.0	0.0	3.151123046875	0.0	0.0	0.0	0.0	0.0	0.0	0.0	2.651590347290039	2.5675647258758545	0.0	2.6680986881256104	0.0	0.0	0.0	0.0	3.0547168254852295	0.0	0.0	2.3945798873901367	0.0	1.8365072011947632	2.9939143657684326	0.0	0.0	0.0	0.0	3.9295825958251953	0.0	0.0	0.0	0.0	0.0	0.0	0.0	0.0	0.0	0.0	0.0	0.0	0.0	0.0	2.4320950508117676	0.0	0.0	0.0	0.0	0.0	0.0
0.0	0.0	0.0	2.1377131938934326	0.0	0.0	0.0	2.94514536857605	0.0	0.0	3.002868175506592	0.0	0.0	0.0	0.0	3.294478416442871	0.0	0.0	0.0	0.0	2.9103810787200928	0.0	0.0	0.0	0.0	2.867582321166992	3.4640953540802	0.0	0.0	2.823411464691162	0.0	0.0	0.0	0.0	3.3790204524993896	3.163137912750244	0.0	0.0	0.0	2.688901662826538	0.0	3.5637495517730713	0.0	1.4927791357040405	0.0	0.0	0.0	0.0	0.0	2.082575798034668	0.0	0.0	0.0	0.0	0.0	0.0	0.0	0.0	0.0	0.0	3.2009124755859375	0.0	0.0	0.0	0.0	0.0	0.0	0.0	0.0	0.0	0.0	0.0	0.0	0.0	3.371248960494995	0.0	0.0	0.0	0.0	3.148987054824829	0.0	0.0	0.0	0.0	0.0	0.0	0.0	2.6515750885009766	2.565568685531616	0.0	2.670121431350708	0.0	0.0	0.0	0.0	3.058370590209961	0.0	0.0	2.394238233566284	0.0	1.83357834815979	2.996659994125366	0.0	0.0	0.0	0.0	3.930128335952759	0.0	0.0	0.0	0.0	0.0	0.0	0.0	0.0	0.0	0.0	0.0	0.0	0.0	0.0	2.429429531097412	0.0	0.0	0.0	0.0	0.0	0.0
0.0	0.0	0.0	2.136592388153076	0.0	0.0	0.0	2.945786476135254	0.0	0.0	3.0142133235931396	0.0	0.0	0.0	0.0	3.2996740341186523	0.0	0.0	0.0	0.0	2.907958984375	0.0	0.0	0.0	0.0	2.8701906204223633	3.470853567123413	0.0	0.0	2.8259031772613525	0.0	0.0	0.0	0.0	3.3790769577026367	3.1636223793029785	0.0	0.0	0.0	2.691694736480713	0.0	3.567034959793091	0.0	1.4890093803405762	0.0	0.0	0.0	0.0	0.0	2.089804172515869	0.0	0.0	0.0	0.0	0.0	0.0	0.0	0.0	0.0	0.0	3.1991255283355713	0.0	0.0	0.0	0.0	0.0	0.0	0.0	0.0	0.0	0.0	0.0	0.0	0.0	3.370159387588501	0.0	0.0	0.0	0.0	3.1539392471313477	0.0	0.0	0.0	0.0	0.0	0.0	0.0	2.659120798110962	2.5740606784820557	0.0	2.668936014175415	0.0	0.0	0.0	0.0	3.049309492111206	0.0	0.0	2.3918099403381348	0.0	1.8373812437057495	2.9921154975891113	0.0	0.0	0.0	0.0	3.9349305629730225	0.0	0.0	0.0	0.0	0.0	0.0	0.0	0.0	0.0	0.0	0.0	0.0	0.0	0.0	2.439849615097046	0.0	0.0	0.0	0.0	0.0	0.0
0.0	0.0	0.0	2.1377506256103516	0.0	0.0	0.0	2.9490444660186768	0.0	0.0	3.0097386837005615	0.0	0.0	0.0	0.0	3.298380136489868	0.0	0.0	0.0	0.0	2.9102790355682373	0.0	0.0	0.0	0.0	2.8649909496307373	3.4711384773254395	0.0	0.0	2.8252460956573486	0.0	0.0	0.0	0.0	3.383223056793213	3.1611697673797607	0.0	0.0	0.0	2.6927528381347656	0.0	3.5628011226654053	0.0	1.487154483795166	0.0	0.0	0.0	0.0	0.0	2.0841729640960693	0.0	0.0	0.0	0.0	0.0	0.0	0.0	0.0	0.0	0.0	3.2024810314178467	0.0	0.0	0.0	0.0	0.0	0.0	0.0	0.0	0.0	0.0	0.0	0.0	0.0	3.3719820976257324	0.0	0.0	0.0	0.0	3.147742748260498	0.0	0.0	0.0	0.0	0.0	0.0	0.0	2.655319929122925	2.5680336952209473	0.0	2.666083574295044	0.0	0.0	0.0	0.0	3.060617208480835	0.0	0.0	2.395077705383301	0.0	1.838628888130188	2.996387481689453	0.0	0.0	0.0	0.0	3.9359586238861084	0.0	0.0	0.0	0.0	0.0	0.0	0.0	0.0	0.0	0.0	0.0	0.0	0.0	0.0	2.4321823120117188	0.0	0.0	0.0	0.0	0.0	0.0
0.0	0.0	0.0	2.1328766345977783	0.0	0.0	0.0	2.940908432006836	0.0	0.0	3.0003299713134766	0.0	0.0	0.0	0.0	3.2946789264678955	0.0	0.0	0.0	0.0	2.9059650897979736	0.0	0.0	0.0	0.0	2.8605480194091797	3.4586234092712402	0.0	0.0	2.8195037841796875	0.0	0.0	0.0	0.0	3.3741068840026855	3.1558797359466553	0.0	0.0	0.0	2.690404176712036	0.0	3.557497262954712	0.0	1.4881198406219482	0.0	0.0	0.0	0.0	0.0	2.0832502841949463	0.0	0.0	0.0	0.0	0.0	0.0	0.0	0.0	0.0	0.0	3.1909427642822266	0.0	0.0	0.0	0.0	0.0	0.0	0.0	0.0	0.0	0.0	0.0	0.0	0.0	3.366356134414673	0.0	0.0	0.0	0.0	3.143721580505371	0.0	0.0	0.0	0.0	0.0	0.0	0.0	2.6468875408172607	2.560046672821045	0.0	2.663787364959717	0.0	0.0	0.0	0.0	3.054288864135742	0.0	0.0	2.388526439666748	0.0	1.8323591947555542	2.991028308868408	0.0	0.0	0.0	0.0	3.921365737915039	0.0	0.0	0.0	0.0	0.0	0.0	0.0	0.0	0.0	0.0	0.0	0.0	0.0	0.0	2.4317195415496826	0.0	0.0	0.0	0.0	0.0	0.0
0.0	0.0	0.0	2.139509916305542	0.0	0.0	0.0	2.9464938640594482	0.0	0.0	3.006317138671875	0.0	0.0	0.0	0.0	3.2975664138793945	0.0	0.0	0.0	0.0	2.9092984199523926	0.0	0.0	0.0	0.0	2.8674018383026123	3.4677467346191406	0.0	0.0	2.823620557785034	0.0	0.0	0.0	0.0	3.377910852432251	3.1605656147003174	0.0	0.0	0.0	2.6887710094451904	0.0	3.5665135383605957	0.0	1.4876238107681274	0.0	0.0	0.0	0.0	0.0	2.0900092124938965	0.0	0.0	0.0	0.0	0.0	0.0	0.0	0.0	0.0	0.0	3.1985509395599365	0.0	0.0	0.0	0.0	0.0	0.0	0.0	0.0	0.0	0.0	0.0	0.0	0.0	3.36940860748291	0.0	0.0	0.0	0.0	3.151926040649414	0.0	0.0	0.0	0.0	0.0	0.0	0.0	2.653852701187134	2.5703823566436768	0.0	2.6678433418273926	0.0	0.0	0.0	0.0	3.05500864982605	0.0	0.0	2.3907666206359863	0.0	1.8350580930709839	2.992281675338745	0.0	0.0	0.0	0.0	3.9316165447235107	0.0	0.0	0.0	0.0	0.0	0.0	0.0	0.0	0.0	0.0	0.0	0.0	0.0	0.0	2.431628465652466	0.0	0.0	0.0	0.0	0.0	0.0
0.0	0.0	0.0	2.127652406692505	0.0	0.0	0.0	2.937225103378296	0.0	0.0	2.996169090270996	0.0	0.0	0.0	0.0	3.279768943786621	0.0	0.0	0.0	0.0	2.897891044616699	0.0	0.0	0.0	0.0	2.8579752445220947	3.455129861831665	0.0	0.0	2.818063259124756	0.0	0.0	0.0	0.0	3.363368034362793	3.15053391456604	0.0	0.0	0.0	2.678964138031006	0.0	3.5537288188934326	0.0	1.4879028797149658	0.0	0.0	0.0	0.0	0.0	2.0771749019622803	0.0	0.0	0.0	0.0	0.0	0.0	0.0	0.0	0.0	0.0	3.1851541996002197	0.0	0.0	0.0	0.0	0.0	0.0	0.0	0.0	0.0	0.0	0.0	0.0	0.0	3.3607723712921143	0.0	0.0	0.0	0.0	3.137092351913452	0.0	0.0	0.0	0.0	0.0	0.0	0.0	2.6407711505889893	2.5539474487304688	0.0	2.6579790115356445	0.0	0.0	0.0	0.0	3.044754981994629	0.0	0.0	2.3854880332946777	0.0	1.827671766281128	2.9845316410064697	0.0	0.0	0.0	0.0	3.9150550365448	0.0	0.0	0.0	0.0	0.0	0.0	0.0	0.0	0.0	0.0	0.0	0.0	0.0	0.0	2.4236390590667725	0.0	0.0	0.0	0.0	0.0	0.0
0.0	0.0	0.0	2.1420228481292725	0.0	0.0	0.0	2.9519612789154053	0.0	0.0	3.008694887161255	0.0	0.0	0.0	0.0	3.299116373062134	0.0	0.0	0.0	0.0	2.9132258892059326	0.0	0.0	0.0	0.0	2.866115093231201	3.4730002880096436	0.0	0.0	2.823837995529175	0.0	0.0	0.0	0.0	3.3856654167175293	3.1647567749023438	0.0	0.0	0.0	2.6950016021728516	0.0	3.568084239959717	0.0	1.4889671802520752	0.0	0.0	0.0	0.0	0.0	2.084211826324463	0.0	0.0	0.0	0.0	0.0	0.0	0.0	0.0	0.0	0.0	3.204702854156494	0.0	0.0	0.0	0.0	0.0	0.0	0.0	0.0	0.0	0.0	0.0	0.0	0.0	3.37278151512146	0.0	0.0	0.0	0.0	3.145285129547119	0.0	0.0	0.0	0.0	0.0	0.0	0.0	2.6592018604278564	2.565049171447754	0.0	2.6701555252075195	0.0	0.0	0.0	0.0	3.0638551712036133	0.0	0.0	2.3952462673187256	0.0	1.8394602537155151	2.9975171089172363	0.0	0.0	0.0	0.0	3.940847635269165	0.0	0.0	0.0	0.0	0.0	0.0	0.0	0.0	0.0	0.0	0.0	0.0	0.0	0.0	2.438629150390625	0.0	0.0	0.0	0.0	0.0	0.0
0.0	0.0	0.0	2.138601779937744	0.0	0.0	0.0	2.948141098022461	0.0	0.0	3.014582633972168	0.0	0.0	0.0	0.0	3.302952527999878	0.0	0.0	0.0	0.0	2.910792589187622	0.0	0.0	0.0	0.0	2.8707756996154785	3.4726364612579346	0.0	0.0	2.8289947509765625	0.0	0.0	0.0	0.0	3.3811492919921875	3.1640236377716064	0.0	0.0	0.0	2.6939010620117188	0.0	3.566460609436035	0.0	1.4917680025100708	0.0	0.0	0.0	0.0	0.0	2.0876808166503906	0.0	0.0	0.0	0.0	0.0	0.0	0.0	0.0	0.0	0.0	3.201456308364868	0.0	0.0	0.0	0.0	0.0	0.0	0.0	0.0	0.0	0.0	0.0	0.0	0.0	3.372831106185913	0.0	0.0	0.0	0.0	3.150402545928955	0.0	0.0	0.0	0.0	0.0	0.0	0.0	2.6580233573913574	2.568243980407715	0.0	2.67303466796875	0.0	0.0	0.0	0.0	3.058283567428589	0.0	0.0	2.401303768157959	0.0	1.8372458219528198	2.999020576477051	0.0	0.0	0.0	0.0	3.9389102458953857	0.0	0.0	0.0	0.0	0.0	0.0	0.0	0.0	0.0	0.0	0.0	0.0	0.0	0.0	2.4364092350006104	0.0	0.0	0.0	0.0	0.0	0.0
0.0	0.0	0.0	2.1424105167388916	0.0	0.0	0.0	2.9484219551086426	0.0	0.0	3.0084753036499023	0.0	0.0	0.0	0.0	3.2987418174743652	0.0	0.0	0.0	0.0	2.916064977645874	0.0	0.0	0.0	0.0	2.864572763442993	3.4698843955993652	0.0	0.0	2.825434923171997	0.0	0.0	0.0	0.0	3.3842966556549072	3.162137031555176	0.0	0.0	0.0	2.697258710861206	0.0	3.5723752975463867	0.0	1.4886938333511353	0.0	0.0	0.0	0.0	0.0	2.0896213054656982	0.0	0.0	0.0	0.0	0.0	0.0	0.0	0.0	0.0	0.0	3.2040905952453613	0.0	0.0	0.0	0.0	0.0	0.0	0.0	0.0	0.0	0.0	0.0	0.0	0.0	3.3737378120422363	0.0	0.0	0.0	0.0	3.146892547607422	0.0	0.0	0.0	0.0	0.0	0.0	0.0	2.6564295291900635	2.5633389949798584	0.0	2.670367479324341	0.0	0.0	0.0	0.0	3.0650436878204346	0.0	0.0	2.397000312805176	0.0	1.8390153646469116	3.001801013946533	0.0	0.0	0.0	0.0	3.9356462955474854	0.0	0.0	0.0	0.0	0.0	0.0	0.0	0.0	0.0	0.0	0.0	0.0	0.0	0.0	2.438030481338501	0.0	0.0	0.0	0.0	0.0	0.0
0.0	0.0	0.0	2.1409082412719727	0.0	0.0	0.0	2.952294111251831	0.0	0.0	3.00960111618042	0.0	0.0	0.0	0.0	3.3007781505584717	0.0	0.0	0.0	0.0	2.908289909362793	0.0	0.0	0.0	0.0	2.86816668510437	3.4704537391662598	0.0	0.0	2.8233065605163574	0.0	0.0	0.0	0.0	3.3825109004974365	3.163254976272583	0.0	0.0	0.0	2.6867218017578125	0.0	3.5656654834747314	0.0	1.4900377988815308	0.0	0.0	0.0	0.0	0.0	2.084635019302368	0.0	0.0	0.0	0.0	0.0	0.0	0.0	0.0	0.0	0.0	3.1996734142303467	0.0	0.0	0.0	0.0	0.0	0.0	0.0	0.0	0.0	0.0	0.0	0.0	0.0	3.3717782497406006	0.0	0.0	0.0	0.0	3.1485249996185303	0.0	0.0	0.0	0.0	0.0	0.0	0.0	2.6577272415161133	2.569039821624756	0.0	2.667727470397949	0.0	0.0	0.0	0.0	3.0554797649383545	0.0	0.0	2.396684408187866	0.0	1.8347680568695068	2.9988038539886475	0.0	0.0	0.0	0.0	3.937269926071167	0.0	0.0	0.0	0.0	0.0	0.0	0.0	0.0	0.0	0.0	0.0	0.0	0.0	0.0	2.438356637954712	0.0	0.0	0.0	0.0	0.0	0.0
0.0	0.0	0.0	2.1386830806732178	0.0	0.0	0.0	2.9472906589508057	0.0	0.0	3.009610414505005	0.0	0.0	0.0	0.0	3.3052172660827637	0.0	0.0	0.0	0.0	2.909897804260254	0.0	0.0	0.0	0.0	2.8704018592834473	3.470700740814209	0.0	0.0	2.830033779144287	0.0	0.0	0.0	0.0	3.38551664352417	3.163370370864868	0.0	0.0	0.0	2.6960959434509277	0.0	3.568044424057007	0.0	1.4859060049057007	0.0	0.0	0.0	0.0	0.0	2.0891079902648926	0.0	0.0	0.0	0.0	0.0	0.0	0.0	0.0	0.0	0.0	3.201688051223755	0.0	0.0	0.0	0.0	0.0	0.0	0.0	0.0	0.0	0.0	0.0	0.0	0.0	3.3737432956695557	0.0	0.0	0.0	0.0	3.1516761779785156	0.0	0.0	0.0	0.0	0.0	0.0	0.0	2.6576218605041504	2.5673985481262207	0.0	2.672926425933838	0.0	0.0	0.0	0.0	3.0584728717803955	0.0	0.0	2.4002761840820312	0.0	1.8371996879577637	2.997248888015747	0.0	0.0	0.0	0.0	3.9395084381103516	0.0	0.0	0.0	0.0	0.0	0.0	0.0	0.0	0.0	0.0	0.0	0.0	0.0	0.0	2.4377706050872803	0.0	0.0	0.0	0.0	0.0	0.0
0.0	0.0	0.0	2.1302857398986816	0.0	0.0	0.0	2.9434313774108887	0.0	0.0	3.004685640335083	0.0	0.0	0.0	0.0	3.295363426208496	0.0	0.0	0.0	0.0	2.9018590450286865	0.0	0.0	0.0	0.0	2.866525173187256	3.463902235031128	0.0	0.0	2.8198468685150146	0.0	0.0	0.0	0.0	3.3755006790161133	3.155451774597168	0.0	0.0	0.0	2.6872806549072266	0.0	3.5612971782684326	0.0	1.4893178939819336	0.0	0.0	0.0	0.0	0.0	2.0861833095550537	0.0	0.0	0.0	0.0	0.0	0.0	0.0	0.0	0.0	0.0	3.196007013320923	0.0	0.0	0.0	0.0	0.0	0.0	0.0	0.0	0.0	0.0	0.0	0.0	0.0	3.3669939041137695	0.0	0.0	0.0	0.0	3.145164966583252	0.0	0.0	0.0	0.0	0.0	0.0	0.0	2.6527082920074463	2.5680136680603027	0.0	2.6642723083496094	0.0	0.0	0.0	0.0	3.0491721630096436	0.0	0.0	2.3891541957855225	0.0	1.8308048248291016	2.9914183616638184	0.0	0.0	0.0	0.0	3.926753282546997	0.0	0.0	0.0	0.0	0.0	0.0	0.0	0.0	0.0	0.0	0.0	0.0	0.0	0.0	2.4311673641204834	0.0	0.0	0.0	0.0	0.0	0.0
0.0	0.0	0.0	2.140451192855835	0.0	0.0	0.0	2.946636199951172	0.0	0.0	3.0076067447662354	0.0	0.0	0.0	0.0	3.2986209392547607	0.0	0.0	0.0	0.0	2.910531997680664	0.0	0.0	0.0	0.0	2.8638010025024414	3.4698543548583984	0.0	0.0	2.82031512260437	0.0	0.0	0.0	0.0	3.380119800567627	3.1615488529205322	0.0	0.0	0.0	2.689652919769287	0.0	3.5623137950897217	0.0	1.4856857061386108	0.0	0.0	0.0	0.0	0.0	2.0841681957244873	0.0	0.0	0.0	0.0	0.0	0.0	0.0	0.0	0.0	0.0	3.1979546546936035	0.0	0.0	0.0	0.0	0.0	0.0	0.0	0.0	0.0	0.0	0.0	0.0	0.0	3.3682730197906494	0.0	0.0	0.0	0.0	3.1469688415527344	0.0	0.0	0.0	0.0	0.0	0.0	0.0	2.6582775115966797	2.566511392593384	0.0	2.6656367778778076	0.0	0.0	0.0	0.0	3.055375576019287	0.0	0.0	2.3967227935791016	0.0	1.8343312740325928	2.993088960647583	0.0	0.0	0.0	0.0	3.934309244155884	0.0	0.0	0.0	0.0	0.0	0.0	0.0	0.0	0.0	0.0	0.0	0.0	0.0	0.0	2.432425022125244	0.0	0.0	0.0	0.0	0.0	0.0
0.0	0.0	0.0	2.1345839500427246	0.0	0.0	0.0	2.948925495147705	0.0	0.0	3.010559320449829	0.0	0.0	0.0	0.0	3.2982897758483887	0.0	0.0	0.0	0.0	2.9097201824188232	0.0	0.0	0.0	0.0	2.870729446411133	3.4666242599487305	0.0	0.0	2.8264856338500977	0.0	0.0	0.0	0.0	3.3791000843048096	3.162989616394043	0.0	0.0	0.0	2.695751905441284	0.0	3.568795919418335	0.0	1.491714596748352	0.0	0.0	0.0	0.0	0.0	2.087313413619995	0.0	0.0	0.0	0.0	0.0	0.0	0.0	0.0	0.0	0.0	3.198556423187256	0.0	0.0	0.0	0.0	0.0	0.0	0.0	0.0	0.0	0.0	0.0	0.0	0.0	3.377584218978882	0.0	0.0	0.0	0.0	3.1508371829986572	0.0	0.0	0.0	0.0	0.0	0.0	0.0	2.650296688079834	2.567275047302246	0.0	2.668928861618042	0.0	0.0	0.0	0.0	3.0549652576446533	0.0	0.0	2.3964619636535645	0.0	1.831832766532898	3.000169515609741	0.0	0.0	0.0	0.0	3.930795669555664	0.0	0.0	0.0	0.0	0.0	0.0	0.0	0.0	0.0	0.0	0.0	0.0	0.0	0.0	2.4359123706817627	0.0	0.0	0.0	0.0	0.0	0.0
0.0	0.0	0.0	2.1367745399475098	0.0	0.0	0.0	2.9513819217681885	0.0	0.0	3.0185792446136475	0.0	0.0	0.0	0.0	3.3081767559051514	0.0	0.0	0.0	0.0	2.913783550262451	0.0	0.0	0.0	0.0	2.869645357131958	3.4844207763671875	0.0	0.0	2.836366653442383	0.0	0.0	0.0	0.0	3.385537624359131	3.1678013801574707	0.0	0.0	0.0	2.6963436603546143	0.0	3.5743842124938965	0.0	1.494165301322937	0.0	0.0	0.0	0.0	0.0	2.0959131717681885	0.0	0.0	0.0	0.0	0.0	0.0	0.0	0.0	0.0	0.0	3.209059476852417	0.0	0.0	0.0	0.0	0.0	0.0	0.0	0.0	0.0	0.0	0.0	0.0	0.0	3.3778233528137207	0.0	0.0	0.0	0.0	3.15805983543396	0.0	0.0	0.0	0.0	0.0	0.0	0.0	2.6616053581237793	2.58048677444458	0.0	2.679326295852661	0.0	0.0	0.0	0.0	3.060762882232666	0.0	0.0	2.4036362171173096	0.0	1.839937686920166	3.0051209926605225	0.0	0.0	0.0	0.0	3.9493181705474854	0.0	0.0	0.0	0.0	0.0	0.0	0.0	0.0	0.0	0.0	0.0	0.0	0.0	0.0	2.438032388687134	0.0	0.0	0.0	0.0	0.0	0.0
0.0	0.0	0.0	2.133274793624878	0.0	0.0	0.0	2.9429445266723633	0.0	0.0	3.000767946243286	0.0	0.0	0.0	0.0	3.2914535999298096	0.0	0.0	0.0	0.0	2.9010508060455322	0.0	0.0	0.0	0.0	2.8611562252044678	3.4656717777252197	0.0	0.0	2.8188204765319824	0.0	0.0	0.0	0.0	3.3772151470184326	3.157313585281372	0.0	0.0	0.0	2.684030055999756	0.0	3.564950466156006	0.0	1.4909260272979736	0.0	0.0	0.0	0.0	0.0	2.0849504470825195	0.0	0.0	0.0	0.0	0.0	0.0	0.0	0.0	0.0	0.0	3.1951963901519775	0.0	0.0	0.0	0.0	0.0	0.0	0.0	0.0	0.0	0.0	0.0	0.0	0.0	3.3667690753936768	0.0	0.0	0.0	0.0	3.1445586681365967	0.0	0.0	0.0	0.0	0.0	0.0	0.0	2.6494557857513428	2.564242124557495	0.0	2.6676652431488037	0.0	0.0	0.0	0.0	3.051347255706787	0.0	0.0	2.389695644378662	0.0	1.8338608741760254	2.987933397293091	0.0	0.0	0.0	0.0	3.9273219108581543	0.0	0.0	0.0	0.0	0.0	0.0	0.0	0.0	0.0	0.0	0.0	0.0	0.0	0.0	2.427582263946533	0.0	0.0	0.0	0.0	0.0	0.0
0.0	0.0	0.0	2.1316213607788086	0.0	0.0	0.0	2.9360389709472656	0.0	0.0	2.994310140609741	0.0	0.0	0.0	0.0	3.287188768386841	0.0	0.0	0.0	0.0	2.8994593620300293	0.0	0.0	0.0	0.0	2.8601796627044678	3.463463068008423	0.0	0.0	2.8170924186706543	0.0	0.0	0.0	0.0	3.3715176582336426	3.1540839672088623	0.0	0.0	0.0	2.682567596435547	0.0	3.5589330196380615	0.0	1.4894088506698608	0.0	0.0	0.0	0.0	0.0	2.0815494060516357	0.0	0.0	0.0	0.0	0.0	0.0	0.0	0.0	0.0	0.0	3.1952435970306396	0.0	0.0	0.0	0.0	0.0	0.0	0.0	0.0	0.0	0.0	0.0	0.0	0.0	3.3632450103759766	0.0	0.0	0.0	0.0	3.137662887573242	0.0	0.0	0.0	0.0	0.0	0.0	0.0	2.6440742015838623	2.5587821006774902	0.0	2.663796901702881	0.0	0.0	0.0	0.0	3.05538272857666	0.0	0.0	2.3994970321655273	0.0	1.8350749015808105	2.987833023071289	0.0	0.0	0.0	0.0	3.9247708320617676	0.0	0.0	0.0	0.0	0.0	0.0	0.0	0.0	0.0	0.0	0.0	0.0	0.0	0.0	2.4293596744537354	0.0	0.0	0.0	0.0	0.0	0.0
0.0	0.0	0.0	2.141486406326294	0.0	0.0	0.0	2.9526150226593018	0.0	0.0	3.0168542861938477	0.0	0.0	0.0	0.0	3.306487560272217	0.0	0.0	0.0	0.0	2.913802146911621	0.0	0.0	0.0	0.0	2.8720779418945312	3.473076820373535	0.0	0.0	2.8328449726104736	0.0	0.0	0.0	0.0	3.3804867267608643	3.163881301879883	0.0	0.0	0.0	2.7027716636657715	0.0	3.571294069290161	0.0	1.4891451597213745	0.0	0.0	0.0	0.0	0.0	2.0926289558410645	0.0	0.0	0.0	0.0	0.0	0.0	0.0	0.0	0.0	0.0	3.200866937637329	0.0	0.0	0.0	0.0	0.0	0.0	0.0	0.0	0.0	0.0	0.0	0.0	0.0	3.3782238960266113	0.0	0.0	0.0	0.0	3.153519630432129	0.0	0.0	0.0	0.0	0.0	0.0	0.0	2.6512529850006104	2.568005323410034	0.0	2.674936056137085	0.0	0.0	0.0	0.0	3.0625977516174316	0.0	0.0	2.4032649993896484	0.0	1.8356913328170776	3.0029938220977783	0.0	0.0	0.0	0.0	3.9387404918670654	0.0	0.0	0.0	0.0	0.0	0.0	0.0	0.0	0.0	0.0	0.0	0.0	0.0	0.0	2.4388935565948486	0.0	0.0	0.0	0.0	0.0	0.0
0.0	0.0	0.0	2.140836477279663	0.0	0.0	0.0	2.955855369567871	0.0	0.0	3.0143418312072754	0.0	0.0	0.0	0.0	3.3057351112365723	0.0	0.0	0.0	0.0	2.9130101203918457	0.0	0.0	0.0	0.0	2.8746566772460938	3.4767465591430664	0.0	0.0	2.8332407474517822	0.0	0.0	0.0	0.0	3.3862903118133545	3.1683499813079834	0.0	0.0	0.0	2.695716381072998	0.0	3.574500322341919	0.0	1.4930741786956787	0.0	0.0	0.0	0.0	0.0	2.0928971767425537	0.0	0.0	0.0	0.0	0.0	0.0	0.0	0.0	0.0	0.0	3.205491304397583	0.0	0.0	0.0	0.0	0.0	0.0	0.0	0.0	0.0	0.0	0.0	0.0	0.0	3.380321979522705	0.0	0.0	0.0	0.0	3.1582159996032715	0.0	0.0	0.0	0.0	0.0	0.0	0.0	2.6613359451293945	2.57796049118042	0.0	2.6769089698791504	0.0	0.0	0.0	0.0	3.0584051609039307	0.0	0.0	2.3993947505950928	0.0	1.839127779006958	2.999105453491211	0.0	0.0	0.0	0.0	3.9401602745056152	0.0	0.0	0.0	0.0	0.0	0.0	0.0	0.0	0.0	0.0	0.0	0.0	0.0	0.0	2.439621686935425	0.0	0.0	0.0	0.0	0.0	0.0
0.0	0.0	0.0	2.139103889465332	0.0	0.0	0.0	2.9532065391540527	0.0	0.0	3.008986711502075	0.0	0.0	0.0	0.0	3.2983756065368652	0.0	0.0	0.0	0.0	2.905728340148926	0.0	0.0	0.0	0.0	2.8691813945770264	3.4707770347595215	0.0	0.0	2.827005624771118	0.0	0.0	0.0	0.0	3.38059401512146	3.1640164852142334	0.0	0.0	0.0	2.6908462047576904	0.0	3.567708969116211	0.0	1.4913066625595093	0.0	0.0	0.0	0.0	0.0	2.089740753173828	0.0	0.0	0.0	0.0	0.0	0.0	0.0	0.0	0.0	0.0	3.2006022930145264	0.0	0.0	0.0	0.0	0.0	0.0	0.0	0.0	0.0	0.0	0.0	0.0	0.0	3.3722944259643555	0.0	0.0	0.0	0.0	3.1536078453063965	0.0	0.0	0.0	0.0	0.0	0.0	0.0	2.656848430633545	2.574117422103882	0.0	2.6719565391540527	0.0	0.0	0.0	0.0	3.0554487705230713	0.0	0.0	2.3937742710113525	0.0	1.8362958431243896	2.997591972351074	0.0	0.0	0.0	0.0	3.9360721111297607	0.0	0.0	0.0	0.0	0.0	0.0	0.0	0.0	0.0	0.0	0.0	0.0	0.0	0.0	2.4342217445373535	0.0	0.0	0.0	0.0	0.0	0.0
0.0	0.0	0.0	2.128800630569458	0.0	0.0	0.0	2.9396262168884277	0.0	0.0	2.9970521926879883	0.0	0.0	0.0	0.0	3.2880172729492188	0.0	0.0	0.0	0.0	2.9040238857269287	0.0	0.0	0.0	0.0	2.861741781234741	3.464478015899658	0.0	0.0	2.8203885555267334	0.0	0.0	0.0	0.0	3.3709189891815186	3.1545469760894775	0.0	0.0	0.0	2.683882713317871	0.0	3.5554115772247314	0.0	1.4919931888580322	0.0	0.0	0.0	0.0	0.0	2.0796396732330322	0.0	0.0	0.0	0.0	0.0	0.0	0.0	0.0	0.0	0.0	3.194856643676758	0.0	0.0	0.0	0.0	0.0	0.0	0.0	0.0	0.0	0.0	0.0	0.0	0.0	3.3595733642578125	0.0	0.0	0.0	0.0	3.139629602432251	0.0	0.0	0.0	0.0	0.0	0.0	0.0	2.6500017642974854	2.56386399269104	0.0	2.6630871295928955	0.0	0.0	0.0	0.0	3.0450172424316406	0.0	0.0	2.3862316608428955	0.0	1.8351240158081055	2.988682746887207	0.0	0.0	0.0	0.0	3.929044008255005	0.0	0.0	0.0	0.0	0.0	0.0	0.0	0.0	0.0	0.0	0.0	0.0	0.0	0.0	2.43194842338562	0.0	0.0	0.0	0.0	0.0	0.0
0.0	0.0	0.0	2.130467176437378	0.0	0.0	0.0	2.935629367828369	0.0	0.0	2.996992588043213	0.0	0.0	0.0	0.0	3.284316301345825	0.0	0.0	0.0	0.0	2.8989765644073486	0.0	0.0	0.0	0.0	2.854682207107544	3.4554038047790527	0.0	0.0	2.812544107437134	0.0	0.0	0.0	0.0	3.3697707653045654	3.147920608520508	0.0	0.0	0.0	2.6799979209899902	0.0	3.5466132164001465	0.0	1.4818416833877563	0.0	0.0	0.0	0.0	0.0	2.0787699222564697	0.0	0.0	0.0	0.0	0.0	0.0	0.0	0.0	0.0	0.0	3.1870474815368652	0.0	0.0	0.0	0.0	0.0	0.0	0.0	0.0	0.0	0.0	0.0	0.0	0.0	3.3553147315979004	0.0	0.0	0.0	0.0	3.134439706802368	0.0	0.0	0.0	0.0	0.0	0.0	0.0	2.644353151321411	2.556584358215332	0.0	2.6580045223236084	0.0	0.0	0.0	0.0	3.046424150466919	0.0	0.0	2.384122848510742	0.0	1.8293761014938354	2.982703924179077	0.0	0.0	0.0	0.0	3.916607618331909	0.0	0.0	0.0	0.0	0.0	0.0	0.0	0.0	0.0	0.0	0.0	0.0	0.0	0.0	2.4227983951568604	0.0	0.0	0.0	0.0	0.0	0.0
0.0	0.0	0.0	2.1345951557159424	0.0	0.0	0.0	2.948678493499756	0.0	0.0	3.005512237548828	0.0	0.0	0.0	0.0	3.2978856563568115	0.0	0.0	0.0	0.0	2.9094831943511963	0.0	0.0	0.0	0.0	2.8700461387634277	3.469142436981201	0.0	0.0	2.8260247707366943	0.0	0.0	0.0	0.0	3.3804638385772705	3.1622238159179688	0.0	0.0	0.0	2.692310333251953	0.0	3.5644333362579346	0.0	1.4909815788269043	0.0	0.0	0.0	0.0	0.0	2.087228536605835	0.0	0.0	0.0	0.0	0.0	0.0	0.0	0.0	0.0	0.0	3.2017507553100586	0.0	0.0	0.0	0.0	0.0	0.0	0.0	0.0	0.0	0.0	0.0	0.0	0.0	3.372677803039551	0.0	0.0	0.0	0.0	3.1503708362579346	0.0	0.0	0.0	0.0	0.0	0.0	0.0	2.6551120281219482	2.5729176998138428	0.0	2.6686341762542725	0.0	0.0	0.0	0.0	3.056375741958618	0.0	0.0	2.394529104232788	0.0	1.8347201347351074	2.9952354431152344	0.0	0.0	0.0	0.0	3.9329888820648193	0.0	0.0	0.0	0.0	0.0	0.0	0.0	0.0	0.0	0.0	0.0	0.0	0.0	0.0	2.434685707092285	0.0	0.0	0.0	0.0	0.0	0.0
0.0	0.0	0.0	2.137500762939453	0.0	0.0	0.0	2.949099063873291	0.0	0.0	3.011462926864624	0.0	0.0	0.0	0.0	3.300896644592285	0.0	0.0	0.0	0.0	2.9104583263397217	0.0	0.0	0.0	0.0	2.87040638923645	3.4695680141448975	0.0	0.0	2.824779510498047	0.0	0.0	0.0	0.0	3.382873058319092	3.1641182899475098	0.0	0.0	0.0	2.6896779537200928	0.0	3.566117763519287	0.0	1.4895607233047485	0.0	0.0	0.0	0.0	0.0	2.093721628189087	0.0	0.0	0.0	0.0	0.0	0.0	0.0	0.0	0.0	0.0	3.2011525630950928	0.0	0.0	0.0	0.0	0.0	0.0	0.0	0.0	0.0	0.0	0.0	0.0	0.0	3.372945547103882	0.0	0.0	0.0	0.0	3.1523659229278564	0.0	0.0	0.0	0.0	0.0	0.0	0.0	2.654625177383423	2.5714375972747803	0.0	2.671865463256836	0.0	0.0	0.0	0.0	3.0562000274658203	0.0	0.0	2.3974132537841797	0.0	1.8366725444793701	2.9977951049804688	0.0	0.0	0.0	0.0	3.9353506565093994	0.0	0.0	0.0	0.0	0.0	0.0	0.0	0.0	0.0	0.0	0.0	0.0	0.0	0.0	2.4357008934020996	0.0	0.0	0.0	0.0	0.0	0.0
0.0	0.0	0.0	2.132356882095337	0.0	0.0	0.0	2.9414665699005127	0.0	0.0	3.000243663787842	0.0	0.0	0.0	0.0	3.2907824516296387	0.0	0.0	0.0	0.0	2.900470018386841	0.0	0.0	0.0	0.0	2.861179828643799	3.4645116329193115	0.0	0.0	2.817931652069092	0.0	0.0	0.0	0.0	3.371603012084961	3.1585400104522705	0.0	0.0	0.0	2.681835651397705	0.0	3.557621479034424	0.0	1.4889603853225708	0.0	0.0	0.0	0.0	0.0	2.0840799808502197	0.0	0.0	0.0	0.0	0.0	0.0	0.0	0.0	0.0	0.0	3.188688278198242	0.0	0.0	0.0	0.0	0.0	0.0	0.0	0.0	0.0	0.0	0.0	0.0	0.0	3.3648009300231934	0.0	0.0	0.0	0.0	3.1402270793914795	0.0	0.0	0.0	0.0	0.0	0.0	0.0	2.6502721309661865	2.556386709213257	0.0	2.6620969772338867	0.0	0.0	0.0	0.0	3.0460309982299805	0.0	0.0	2.392430543899536	0.0	1.8327089548110962	2.988297462463379	0.0	0.0	0.0	0.0	3.9257378578186035	0.0	0.0	0.0	0.0	0.0	0.0	0.0	0.0	0.0	0.0	0.0	0.0	0.0	0.0	2.4237475395202637	0.0	0.0	0.0	0.0	0.0	0.0
0.0	0.0	0.0	2.138273239135742	0.0	0.0	0.0	2.9500181674957275	0.0	0.0	3.0131492614746094	0.0	0.0	0.0	0.0	3.3027536869049072	0.0	0.0	0.0	0.0	2.9108164310455322	0.0	0.0	0.0	0.0	2.8717758655548096	3.4725348949432373	0.0	0.0	2.829047441482544	0.0	0.0	0.0	0.0	3.386507987976074	3.1679277420043945	0.0	0.0	0.0	2.69419002532959	0.0	3.570241928100586	0.0	1.4912209510803223	0.0	0.0	0.0	0.0	0.0	2.0927679538726807	0.0	0.0	0.0	0.0	0.0	0.0	0.0	0.0	0.0	0.0	3.2024052143096924	0.0	0.0	0.0	0.0	0.0	0.0	0.0	0.0	0.0	0.0	0.0	0.0	0.0	3.374713897705078	0.0	0.0	0.0	0.0	3.154973030090332	0.0	0.0	0.0	0.0	0.0	0.0	0.0	2.658804178237915	2.574921131134033	0.0	2.6733195781707764	0.0	0.0	0.0	0.0	3.0580642223358154	0.0	0.0	2.395983934402466	0.0	1.8372036218643188	2.9972922801971436	0.0	0.0	0.0	0.0	3.9365599155426025	0.0	0.0	0.0	0.0	0.0	0.0	0.0	0.0	0.0	0.0	0.0	0.0	0.0	0.0	2.4360384941101074	0.0	0.0	0.0	0.0	0.0	0.0
0.0	0.0	0.0	2.1343932151794434	0.0	0.0	0.0	2.943573236465454	0.0	0.0	3.004312038421631	0.0	0.0	0.0	0.0	3.297045946121216	0.0	0.0	0.0	0.0	2.901296377182007	0.0	0.0	0.0	0.0	2.86356520652771	3.4646880626678467	0.0	0.0	2.821026563644409	0.0	0.0	0.0	0.0	3.37563419342041	3.1541290283203125	0.0	0.0	0.0	2.6940581798553467	0.0	3.563035249710083	0.0	1.4895515441894531	0.0	0.0	0.0	0.0	0.0	2.088404655456543	0.0	0.0	0.0	0.0	0.0	0.0	0.0	0.0	0.0	0.0	3.1931610107421875	0.0	0.0	0.0	0.0	0.0	0.0	0.0	0.0	0.0	0.0	0.0	0.0	0.0	3.370795488357544	0.0	0.0	0.0	0.0	3.1503689289093018	0.0	0.0	0.0	0.0	0.0	0.0	0.0	2.6469876766204834	2.5666863918304443	0.0	2.66691255569458	0.0	0.0	0.0	0.0	3.0495247840881348	0.0	0.0	2.3930845260620117	0.0	1.829160213470459	2.991762161254883	0.0	0.0	0.0	0.0	3.9246671199798584	0.0	0.0	0.0	0.0	0.0	0.0	0.0	0.0	0.0	0.0	0.0	0.0	0.0	0.0	2.434223175048828	0.0	0.0	0.0	0.0	0.0	0.0
0.0	0.0	0.0	2.1365292072296143	0.0	0.0	0.0	2.949314832687378	0.0	0.0	3.0103447437286377	0.0	0.0	0.0	0.0	3.3020410537719727	0.0	0.0	0.0	0.0	2.911020040512085	0.0	0.0	0.0	0.0	2.8712947368621826	3.4718918800354004	0.0	0.0	2.827803373336792	0.0	0.0	0.0	0.0	3.3824117183685303	3.1639811992645264	0.0	0.0	0.0	2.6954329013824463	0.0	3.567457675933838	0.0	1.488332986831665	0.0	0.0	0.0	0.0	0.0	2.0913422107696533	0.0	0.0	0.0	0.0	0.0	0.0	0.0	0.0	0.0	0.0	3.204636812210083	0.0	0.0	0.0	0.0	0.0	0.0	0.0	0.0	0.0	0.0	0.0	0.0	0.0	3.373701572418213	0.0	0.0	0.0	0.0	3.1544737815856934	0.0	0.0	0.0	0.0	0.0	0.0	0.0	2.6565232276916504	2.5731611251831055	0.0	2.6708381175994873	0.0	0.0	0.0	0.0	3.0586986541748047	0.0	0.0	2.3936917781829834	0.0	1.8369604349136353	2.995222330093384	0.0	0.0	0.0	0.0	3.9360411167144775	0.0	0.0	0.0	0.0	0.0	0.0	0.0	0.0	0.0	0.0	0.0	0.0	0.0	0.0	2.4369382858276367	0.0	0.0	0.0	0.0	0.0	0.0
0.0	0.0	0.0	2.138364791870117	0.0	0.0	0.0	2.952369213104248	0.0	0.0	3.008192777633667	0.0	0.0	0.0	0.0	3.299424171447754	0.0	0.0	0.0	0.0	2.907384157180786	0.0	0.0	0.0	0.0	2.8657307624816895	3.4702210426330566	0.0	0.0	2.8231592178344727	0.0	0.0	0.0	0.0	3.380990743637085	3.16235089302063	0.0	0.0	0.0	2.691023111343384	0.0	3.5633599758148193	0.0	1.4885441064834595	0.0	0.0	0.0	0.0	0.0	2.086901903152466	0.0	0.0	0.0	0.0	0.0	0.0	0.0	0.0	0.0	0.0	3.20106840133667	0.0	0.0	0.0	0.0	0.0	0.0	0.0	0.0	0.0	0.0	0.0	0.0	0.0	3.3689305782318115	0.0	0.0	0.0	0.0	3.147064208984375	0.0	0.0	0.0	0.0	0.0	0.0	0.0	2.653416156768799	2.569967269897461	0.0	2.668776035308838	0.0	0.0	0.0	0.0	3.056983232498169	0.0	0.0	2.392101764678955	0.0	1.835239052772522	2.9949228763580322	0.0	0.0	0.0	0.0	3.934558153152466	0.0	0.0	0.0	0.0	0.0	0.0	0.0	0.0	0.0	0.0	0.0	0.0	0.0	0.0	2.434774160385132	0.0	0.0	0.0	0.0	0.0	0.0
0.0	0.0	0.0	2.125688314437866	0.0	0.0	0.0	2.923182725906372	0.0	0.0	2.9856526851654053	0.0	0.0	0.0	0.0	3.2694337368011475	0.0	0.0	0.0	0.0	2.8902342319488525	0.0	0.0	0.0	0.0	2.853780746459961	3.451735258102417	0.0	0.0	2.8095834255218506	0.0	0.0	0.0	0.0	3.360194206237793	3.148345470428467	0.0	0.0	0.0	2.670729160308838	0.0	3.5416159629821777	0.0	1.4916367530822754	0.0	0.0	0.0	0.0	0.0	2.0744218826293945	0.0	0.0	0.0	0.0	0.0	0.0	0.0	0.0	0.0	0.0	3.1833643913269043	0.0	0.0	0.0	0.0	0.0	0.0	0.0	0.0	0.0	0.0	0.0	0.0	0.0	3.347385883331299	0.0	0.0	0.0	0.0	3.134361743927002	0.0	0.0	0.0	0.0	0.0	0.0	0.0	2.6397788524627686	2.5581345558166504	0.0	2.6517083644866943	0.0	0.0	0.0	0.0	3.0359325408935547	0.0	0.0	2.3824338912963867	0.0	1.8361948728561401	2.977214813232422	0.0	0.0	0.0	0.0	3.911355972290039	0.0	0.0	0.0	0.0	0.0	0.0	0.0	0.0	0.0	0.0	0.0	0.0	0.0	0.0	2.417891025543213	0.0	0.0	0.0	0.0	0.0	0.0
0.0	0.0	0.0	2.1320462226867676	0.0	0.0	0.0	2.9411327838897705	0.0	0.0	3.000309705734253	0.0	0.0	0.0	0.0	3.2853622436523438	0.0	0.0	0.0	0.0	2.8968546390533447	0.0	0.0	0.0	0.0	2.855877637863159	3.461641550064087	0.0	0.0	2.8198046684265137	0.0	0.0	0.0	0.0	3.3708088397979736	3.152602434158325	0.0	0.0	0.0	2.6850993633270264	0.0	3.5562593936920166	0.0	1.4942779541015625	0.0	0.0	0.0	0.0	0.0	2.0766794681549072	0.0	0.0	0.0	0.0	0.0	0.0	0.0	0.0	0.0	0.0	3.19895601272583	0.0	0.0	0.0	0.0	0.0	0.0	0.0	0.0	0.0	0.0	0.0	0.0	0.0	3.3628158569335938	0.0	0.0	0.0	0.0	3.141331195831299	0.0	0.0	0.0	0.0	0.0	0.0	0.0	2.646130323410034	2.5642809867858887	0.0	2.662633180618286	0.0	0.0	0.0	0.0	3.0482940673828125	0.0	0.0	2.3892436027526855	0.0	1.8333319425582886	2.9916932582855225	0.0	0.0	0.0	0.0	3.923225164413452	0.0	0.0	0.0	0.0	0.0	0.0	0.0	0.0	0.0	0.0	0.0	0.0	0.0	0.0	2.4283745288848877	0.0	0.0	0.0	0.0	0.0	0.0
0.0	0.0	0.0	2.1438097953796387	0.0	0.0	0.0	2.954169511795044	0.0	0.0	3.01725172996521	0.0	0.0	0.0	0.0	3.3052098751068115	0.0	0.0	0.0	0.0	2.9141910076141357	0.0	0.0	0.0	0.0	2.874678373336792	3.481088876724243	0.0	0.0	2.8313651084899902	0.0	0.0	0.0	0.0	3.3890604972839355	3.1666598320007324	0.0	0.0	0.0	2.700169324874878	0.0	3.575096368789673	0.0	1.4924813508987427	0.0	0.0	0.0	0.0	0.0	2.0949978828430176	0.0	0.0	0.0	0.0	0.0	0.0	0.0	0.0	0.0	0.0	3.208665132522583	0.0	0.0	0.0	0.0	0.0	0.0	0.0	0.0	0.0	0.0	0.0	0.0	0.0	3.378798246383667	0.0	0.0	0.0	0.0	3.162520408630371	0.0	0.0	0.0	0.0	0.0	0.0	0.0	2.6624460220336914	2.575679063796997	0.0	2.674274206161499	0.0	0.0	0.0	0.0	3.0624961853027344	0.0	0.0	2.402435064315796	0.0	1.8393218517303467	3.0044453144073486	0.0	0.0	0.0	0.0	3.9425230026245117	0.0	0.0	0.0	0.0	0.0	0.0	0.0	0.0	0.0	0.0	0.0	0.0	0.0	0.0	2.440065383911133	0.0	0.0	0.0	0.0	0.0	0.0
0.0	0.0	0.0	2.1360599994659424	0.0	0.0	0.0	2.9521079063415527	0.0	0.0	3.010592460632324	0.0	0.0	0.0	0.0	3.301723003387451	0.0	0.0	0.0	0.0	2.9078879356384277	0.0	0.0	0.0	0.0	2.873410940170288	3.4686667919158936	0.0	0.0	2.826814889907837	0.0	0.0	0.0	0.0	3.381967067718506	3.1649179458618164	0.0	0.0	0.0	2.6913886070251465	0.0	3.565434694290161	0.0	1.4904612302780151	0.0	0.0	0.0	0.0	0.0	2.091207504272461	0.0	0.0	0.0	0.0	0.0	0.0	0.0	0.0	0.0	0.0	3.198540449142456	0.0	0.0	0.0	0.0	0.0	0.0	0.0	0.0	0.0	0.0	0.0	0.0	0.0	3.374955177307129	0.0	0.0	0.0	0.0	3.1557915210723877	0.0	0.0	0.0	0.0	0.0	0.0	0.0	2.6561498641967773	2.5740950107574463	0.0	2.6695637702941895	0.0	0.0	0.0	0.0	3.0536420345306396	0.0	0.0	2.396629810333252	0.0	1.8343884944915771	2.99554181098938	0.0	0.0	0.0	0.0	3.9343321323394775	0.0	0.0	0.0	0.0	0.0	0.0	0.0	0.0	0.0	0.0	0.0	0.0	0.0	0.0	2.434896230697632	0.0	0.0	0.0	0.0	0.0	0.0
0.0	0.0	0.0	2.144414186477661	0.0	0.0	0.0	2.9563093185424805	0.0	0.0	3.017970323562622	0.0	0.0	0.0	0.0	3.3060686588287354	0.0	0.0	0.0	0.0	2.9152019023895264	0.0	0.0	0.0	0.0	2.8742270469665527	3.4779367446899414	0.0	0.0	2.829007863998413	0.0	0.0	0.0	0.0	3.387460470199585	3.1678667068481445	0.0	0.0	0.0	2.699242353439331	0.0	3.574470043182373	0.0	1.4925239086151123	0.0	0.0	0.0	0.0	0.0	2.094217538833618	0.0	0.0	0.0	0.0	0.0	0.0	0.0	0.0	0.0	0.0	3.207322359085083	0.0	0.0	0.0	0.0	0.0	0.0	0.0	0.0	0.0	0.0	0.0	0.0	0.0	3.37782883644104	0.0	0.0	0.0	0.0	3.156825542449951	0.0	0.0	0.0	0.0	0.0	0.0	0.0	2.6632068157196045	2.5783917903900146	0.0	2.6760449409484863	0.0	0.0	0.0	0.0	3.060669183731079	0.0	0.0	2.4005541801452637	0.0	1.839572787284851	3.000624895095825	0.0	0.0	0.0	0.0	3.943610191345215	0.0	0.0	0.0	0.0	0.0	0.0	0.0	0.0	0.0	0.0	0.0	0.0	0.0	0.0	2.4445228576660156	0.0	0.0	0.0	0.0	0.0	0.0
0.0	0.0	0.0	2.140029191970825	0.0	0.0	0.0	2.9518470764160156	0.0	0.0	3.0132572650909424	0.0	0.0	0.0	0.0	3.301146984100342	0.0	0.0	0.0	0.0	2.9118990898132324	0.0	0.0	0.0	0.0	2.871182680130005	3.474790573120117	0.0	0.0	2.8297853469848633	0.0	0.0	0.0	0.0	3.381082057952881	3.166025161743164	0.0	0.0	0.0	2.6954774856567383	0.0	3.5689902305603027	0.0	1.4909015893936157	0.0	0.0	0.0	0.0	0.0	2.089954376220703	0.0	0.0	0.0	0.0	0.0	0.0	0.0	0.0	0.0	0.0	3.202545404434204	0.0	0.0	0.0	0.0	0.0	0.0	0.0	0.0	0.0	0.0	0.0	0.0	0.0	3.3751323223114014	0.0	0.0	0.0	0.0	3.1537821292877197	0.0	0.0	0.0	0.0	0.0	0.0	0.0	2.6570799350738525	2.5753002166748047	0.0	2.6745879650115967	0.0	0.0	0.0	0.0	3.058366060256958	0.0	0.0	2.398404121398926	0.0	1.8364228010177612	3.000925302505493	0.0	0.0	0.0	0.0	3.9375078678131104	0.0	0.0	0.0	0.0	0.0	0.0	0.0	0.0	0.0	0.0	0.0	0.0	0.0	0.0	2.4383223056793213	0.0	0.0	0.0	0.0	0.0	0.0
0.0	0.0	0.0	2.1378519535064697	0.0	0.0	0.0	2.951068162918091	0.0	0.0	3.0099716186523438	0.0	0.0	0.0	0.0	3.3031203746795654	0.0	0.0	0.0	0.0	2.9096953868865967	0.0	0.0	0.0	0.0	2.8726978302001953	3.4721271991729736	0.0	0.0	2.828333616256714	0.0	0.0	0.0	0.0	3.3845913410186768	3.1676876544952393	0.0	0.0	0.0	2.6913299560546875	0.0	3.570716142654419	0.0	1.491145133972168	0.0	0.0	0.0	0.0	0.0	2.0927209854125977	0.0	0.0	0.0	0.0	0.0	0.0	0.0	0.0	0.0	0.0	3.202000617980957	0.0	0.0	0.0	0.0	0.0	0.0	0.0	0.0	0.0	0.0	0.0	0.0	0.0	3.3747458457946777	0.0	0.0	0.0	0.0	3.154650926589966	0.0	0.0	0.0	0.0	0.0	0.0	0.0	2.655338764190674	2.573402166366577	0.0	2.6729719638824463	0.0	0.0	0.0	0.0	3.0576717853546143	0.0	0.0	2.394883155822754	0.0	1.8362627029418945	2.9979772567749023	0.0	0.0	0.0	0.0	3.9361066818237305	0.0	0.0	0.0	0.0	0.0	0.0	0.0	0.0	0.0	0.0	0.0	0.0	0.0	0.0	2.4339287281036377	0.0	0.0	0.0	0.0	0.0	0.0
0.0	0.0	0.0	2.1404032707214355	0.0	0.0	0.0	2.9488637447357178	0.0	0.0	3.007432460784912	0.0	0.0	0.0	0.0	3.298961877822876	0.0	0.0	0.0	0.0	2.9101991653442383	0.0	0.0	0.0	0.0	2.86942195892334	3.4689743518829346	0.0	0.0	2.819401741027832	0.0	0.0	0.0	0.0	3.3810081481933594	3.1625585556030273	0.0	0.0	0.0	2.6852192878723145	0.0	3.5655694007873535	0.0	1.4933686256408691	0.0	0.0	0.0	0.0	0.0	2.0863375663757324	0.0	0.0	0.0	0.0	0.0	0.0	0.0	0.0	0.0	0.0	3.201275587081909	0.0	0.0	0.0	0.0	0.0	0.0	0.0	0.0	0.0	0.0	0.0	0.0	0.0	3.3675637245178223	0.0	0.0	0.0	0.0	3.146221876144409	0.0	0.0	0.0	0.0	0.0	0.0	0.0	2.659536361694336	2.5706188678741455	0.0	2.667391538619995	0.0	0.0	0.0	0.0	3.0537447929382324	0.0	0.0	2.3927597999572754	0.0	1.8313060998916626	2.9948863983154297	0.0	0.0	0.0	0.0	3.9338464736938477	0.0	0.0	0.0	0.0	0.0	0.0	0.0	0.0	0.0	0.0	0.0	0.0	0.0	0.0	2.4352920055389404	0.0	0.0	0.0	0.0	0.0	0.0
0.0	0.0	0.0	2.1430768966674805	0.0	0.0	0.0	2.949563503265381	0.0	0.0	3.010725736618042	0.0	0.0	0.0	0.0	3.301318645477295	0.0	0.0	0.0	0.0	2.9132378101348877	0.0	0.0	0.0	0.0	2.87215518951416	3.470332384109497	0.0	0.0	2.8232991695404053	0.0	0.0	0.0	0.0	3.384143590927124	3.163787603378296	0.0	0.0	0.0	2.691784620285034	0.0	3.567110776901245	0.0	1.4928877353668213	0.0	0.0	0.0	0.0	0.0	2.088052272796631	0.0	0.0	0.0	0.0	0.0	0.0	0.0	0.0	0.0	0.0	3.201396942138672	0.0	0.0	0.0	0.0	0.0	0.0	0.0	0.0	0.0	0.0	0.0	0.0	0.0	3.372892141342163	0.0	0.0	0.0	0.0	3.1484084129333496	0.0	0.0	0.0	0.0	0.0	0.0	0.0	2.6570467948913574	2.571415901184082	0.0	2.6712303161621094	0.0	0.0	0.0	0.0	3.056820869445801	0.0	0.0	2.3987984657287598	0.0	1.8353570699691772	2.997779369354248	0.0	0.0	0.0	0.0	3.940258026123047	0.0	0.0	0.0	0.0	0.0	0.0	0.0	0.0	0.0	0.0	0.0	0.0	0.0	0.0	2.434627056121826	0.0	0.0	0.0	0.0	0.0	0.0
0.0	0.0	0.0	2.1365504264831543	0.0	0.0	0.0	2.9466488361358643	0.0	0.0	3.010443687438965	0.0	0.0	0.0	0.0	3.2945773601531982	0.0	0.0	0.0	0.0	2.907012701034546	0.0	0.0	0.0	0.0	2.8698577880859375	3.46712589263916	0.0	0.0	2.8268465995788574	0.0	0.0	0.0	0.0	3.3765676021575928	3.1567888259887695	0.0	0.0	0.0	2.6926281452178955	0.0	3.565420389175415	0.0	1.4909517765045166	0.0	0.0	0.0	0.0	0.0	2.08780574798584	0.0	0.0	0.0	0.0	0.0	0.0	0.0	0.0	0.0	0.0	3.195751190185547	0.0	0.0	0.0	0.0	0.0	0.0	0.0	0.0	0.0	0.0	0.0	0.0	0.0	3.3713884353637695	0.0	0.0	0.0	0.0	3.1503746509552	0.0	0.0	0.0	0.0	0.0	0.0	0.0	2.6511313915252686	2.5706918239593506	0.0	2.6685752868652344	0.0	0.0	0.0	0.0	3.052615165710449	0.0	0.0	2.396371841430664	0.0	1.8324908018112183	2.9942989349365234	0.0	0.0	0.0	0.0	3.9302916526794434	0.0	0.0	0.0	0.0	0.0	0.0	0.0	0.0	0.0	0.0	0.0	0.0	0.0	0.0	2.4345037937164307	0.0	0.0	0.0	0.0	0.0	0.0
0.0	0.0	0.0	2.1359333992004395	0.0	0.0	0.0	2.94705867767334	0.0	0.0	3.0084075927734375	0.0	0.0	0.0	0.0	3.2970762252807617	0.0	0.0	0.0	0.0	2.906285524368286	0.0	0.0	0.0	0.0	2.8693346977233887	3.4685466289520264	0.0	0.0	2.8255043029785156	0.0	0.0	0.0	0.0	3.3832345008850098	3.161073923110962	0.0	0.0	0.0	2.6880581378936768	0.0	3.567403793334961	0.0	1.4907381534576416	0.0	0.0	0.0	0.0	0.0	2.0898075103759766	0.0	0.0	0.0	0.0	0.0	0.0	0.0	0.0	0.0	0.0	3.195300817489624	0.0	0.0	0.0	0.0	0.0	0.0	0.0	0.0	0.0	0.0	0.0	0.0	0.0	3.3714373111724854	0.0	0.0	0.0	0.0	3.1485350131988525	0.0	0.0	0.0	0.0	0.0	0.0	0.0	2.6535277366638184	2.5707404613494873	0.0	2.6699728965759277	0.0	0.0	0.0	0.0	3.051854133605957	0.0	0.0	2.395888566970825	0.0	1.835301160812378	2.9934592247009277	0.0	0.0	0.0	0.0	3.933720350265503	0.0	0.0	0.0	0.0	0.0	0.0	0.0	0.0	0.0	0.0	0.0	0.0	0.0	0.0	2.436138391494751	0.0	0.0	0.0	0.0	0.0	0.0
0.0	0.0	0.0	2.132171869277954	0.0	0.0	0.0	2.939427614212036	0.0	0.0	2.996630907058716	0.0	0.0	0.0	0.0	3.2829601764678955	0.0	0.0	0.0	0.0	2.902512788772583	0.0	0.0	0.0	0.0	2.8603062629699707	3.4613962173461914	0.0	0.0	2.815089702606201	0.0	0.0	0.0	0.0	3.375143527984619	3.1571760177612305	0.0	0.0	0.0	2.6802968978881836	0.0	3.5557007789611816	0.0	1.4903315305709839	0.0	0.0	0.0	0.0	0.0	2.0814096927642822	0.0	0.0	0.0	0.0	0.0	0.0	0.0	0.0	0.0	0.0	3.1953461170196533	0.0	0.0	0.0	0.0	0.0	0.0	0.0	0.0	0.0	0.0	0.0	0.0	0.0	3.36370849609375	0.0	0.0	0.0	0.0	3.141775608062744	0.0	0.0	0.0	0.0	0.0	0.0	0.0	2.6489288806915283	2.5564658641815186	0.0	2.6648337841033936	0.0	0.0	0.0	0.0	3.046469211578369	0.0	0.0	2.3880271911621094	0.0	1.8312865495681763	2.9870526790618896	0.0	0.0	0.0	0.0	3.9236090183258057	0.0	0.0	0.0	0.0	0.0	0.0	0.0	0.0	0.0	0.0	0.0	0.0	0.0	0.0	2.428694725036621	0.0	0.0	0.0	0.0	0.0	0.0
0.0	0.0	0.0	2.137918710708618	0.0	0.0	0.0	2.944722890853882	0.0	0.0	3.0053746700286865	0.0	0.0	0.0	0.0	3.294600009918213	0.0	0.0	0.0	0.0	2.9052000045776367	0.0	0.0	0.0	0.0	2.86277437210083	3.4640982151031494	0.0	0.0	2.8233327865600586	0.0	0.0	0.0	0.0	3.3757498264312744	3.1589925289154053	0.0	0.0	0.0	2.6916420459747314	0.0	3.5617969036102295	0.0	1.4888803958892822	0.0	0.0	0.0	0.0	0.0	2.084679365158081	0.0	0.0	0.0	0.0	0.0	0.0	0.0	0.0	0.0	0.0	3.1966466903686523	0.0	0.0	0.0	0.0	0.0	0.0	0.0	0.0	0.0	0.0	0.0	0.0	0.0	3.371943473815918	0.0	0.0	0.0	0.0	3.1491236686706543	0.0	0.0	0.0	0.0	0.0	0.0	0.0	2.6517174243927	2.568976402282715	0.0	2.6670401096343994	0.0	0.0	0.0	0.0	3.0557212829589844	0.0	0.0	2.3931844234466553	0.0	1.8339520692825317	2.9920406341552734	0.0	0.0	0.0	0.0	3.9259397983551025	0.0	0.0	0.0	0.0	0.0	0.0	0.0	0.0	0.0	0.0	0.0	0.0	0.0	0.0	2.4320640563964844	0.0	0.0	0.0	0.0	0.0	0.0
0.0	0.0	0.0	2.139482259750366	0.0	0.0	0.0	2.9501731395721436	0.0	0.0	3.0092222690582275	0.0	0.0	0.0	0.0	3.30021071434021	0.0	0.0	0.0	0.0	2.9111006259918213	0.0	0.0	0.0	0.0	2.8710081577301025	3.473360061645508	0.0	0.0	2.831942319869995	0.0	0.0	0.0	0.0	3.3870701789855957	3.163036346435547	0.0	0.0	0.0	2.697108268737793	0.0	3.5648064613342285	0.0	1.4886451959609985	0.0	0.0	0.0	0.0	0.0	2.087698459625244	0.0	0.0	0.0	0.0	0.0	0.0	0.0	0.0	0.0	0.0	3.2025973796844482	0.0	0.0	0.0	0.0	0.0	0.0	0.0	0.0	0.0	0.0	0.0	0.0	0.0	3.3742527961730957	0.0	0.0	0.0	0.0	3.1540465354919434	0.0	0.0	0.0	0.0	0.0	0.0	0.0	2.654886484146118	2.5725786685943604	0.0	2.6714398860931396	0.0	0.0	0.0	0.0	3.0563981533050537	0.0	0.0	2.3995847702026367	0.0	1.8370345830917358	2.995971441268921	0.0	0.0	0.0	0.0	3.9387950897216797	0.0	0.0	0.0	0.0	0.0	0.0	0.0	0.0	0.0	0.0	0.0	0.0	0.0	0.0	2.4348294734954834	0.0	0.0	0.0	0.0	0.0	0.0
0.0	0.0	0.0	2.1353774070739746	0.0	0.0	0.0	2.9465560913085938	0.0	0.0	3.012481689453125	0.0	0.0	0.0	0.0	3.297361135482788	0.0	0.0	0.0	0.0	2.910294532775879	0.0	0.0	0.0	0.0	2.8663737773895264	3.4751176834106445	0.0	0.0	2.830188035964966	0.0	0.0	0.0	0.0	3.3849897384643555	3.164287567138672	0.0	0.0	0.0	2.6915249824523926	0.0	3.5712921619415283	0.0	1.490748405456543	0.0	0.0	0.0	0.0	0.0	2.0888710021972656	0.0	0.0	0.0	0.0	0.0	0.0	0.0	0.0	0.0	0.0	3.199679374694824	0.0	0.0	0.0	0.0	0.0	0.0	0.0	0.0	0.0	0.0	0.0	0.0	0.0	3.3750157356262207	0.0	0.0	0.0	0.0	3.1510298252105713	0.0	0.0	0.0	0.0	0.0	0.0	0.0	2.6550168991088867	2.5687742233276367	0.0	2.673518180847168	0.0	0.0	0.0	0.0	3.0589468479156494	0.0	0.0	2.396970272064209	0.0	1.8360671997070312	2.9962570667266846	0.0	0.0	0.0	0.0	3.9385855197906494	0.0	0.0	0.0	0.0	0.0	0.0	0.0	0.0	0.0	0.0	0.0	0.0	0.0	0.0	2.432220220565796	0.0	0.0	0.0	0.0	0.0	0.0
0.0	0.0	0.0	2.1496009826660156	0.0	0.0	0.0	2.963012218475342	0.0	0.0	3.0170605182647705	0.0	0.0	0.0	0.0	3.3059918880462646	0.0	0.0	0.0	0.0	2.926806688308716	0.0	0.0	0.0	0.0	2.881701946258545	3.4876439571380615	0.0	0.0	2.8369972705841064	0.0	0.0	0.0	0.0	3.399369478225708	3.1780731678009033	0.0	0.0	0.0	2.7064528465270996	0.0	3.5835866928100586	0.0	1.5022157430648804	0.0	0.0	0.0	0.0	0.0	2.089928150177002	0.0	0.0	0.0	0.0	0.0	0.0	0.0	0.0	0.0	0.0	3.21990704536438	0.0	0.0	0.0	0.0	0.0	0.0	0.0	0.0	0.0	0.0	0.0	0.0	0.0	3.3884201049804688	0.0	0.0	0.0	0.0	3.1616711616516113	0.0	0.0	0.0	0.0	0.0	0.0	0.0	2.6643340587615967	2.5770745277404785	0.0	2.685910224914551	0.0	0.0	0.0	0.0	3.0711867809295654	0.0	0.0	2.403914451599121	0.0	1.846177339553833	3.0096187591552734	0.0	0.0	0.0	0.0	3.950545310974121	0.0	0.0	0.0	0.0	0.0	0.0	0.0	0.0	0.0	0.0	0.0	0.0	0.0	0.0	2.4436256885528564	0.0	0.0	0.0	0.0	0.0	0.0
0.0	0.0	0.0	2.137434244155884	0.0	0.0	0.0	2.9469878673553467	0.0	0.0	3.0063741207122803	0.0	0.0	0.0	0.0	3.293135166168213	0.0	0.0	0.0	0.0	2.9091079235076904	0.0	0.0	0.0	0.0	2.8620858192443848	3.464712381362915	0.0	0.0	2.823334217071533	0.0	0.0	0.0	0.0	3.3814051151275635	3.161933183670044	0.0	0.0	0.0	2.689288377761841	0.0	3.5629916191101074	0.0	1.4888081550598145	0.0	0.0	0.0	0.0	0.0	2.086878776550293	0.0	0.0	0.0	0.0	0.0	0.0	0.0	0.0	0.0	0.0	3.1962027549743652	0.0	0.0	0.0	0.0	0.0	0.0	0.0	0.0	0.0	0.0	0.0	0.0	0.0	3.366830348968506	0.0	0.0	0.0	0.0	3.141345977783203	0.0	0.0	0.0	0.0	0.0	0.0	0.0	2.6506099700927734	2.5630781650543213	0.0	2.6645402908325195	0.0	0.0	0.0	0.0	3.055885076522827	0.0	0.0	2.3941071033477783	0.0	1.8375226259231567	2.993039131164551	0.0	0.0	0.0	0.0	3.932554006576538	0.0	0.0	0.0	0.0	0.0	0.0	0.0	0.0	0.0	0.0	0.0	0.0	0.0	0.0	2.4317288398742676	0.0	0.0	0.0	0.0	0.0	0.0
0.0	0.0	0.0	2.139761209487915	0.0	0.0	0.0	2.9487433433532715	0.0	0.0	3.012634515762329	0.0	0.0	0.0	0.0	3.302771806716919	0.0	0.0	0.0	0.0	2.913339376449585	0.0	0.0	0.0	0.0	2.872180223464966	3.4710607528686523	0.0	0.0	2.8326261043548584	0.0	0.0	0.0	0.0	3.385261058807373	3.163062334060669	0.0	0.0	0.0	2.693230390548706	0.0	3.5693376064300537	0.0	1.4965111017227173	0.0	0.0	0.0	0.0	0.0	2.0905838012695312	0.0	0.0	0.0	0.0	0.0	0.0	0.0	0.0	0.0	0.0	3.1991946697235107	0.0	0.0	0.0	0.0	0.0	0.0	0.0	0.0	0.0	0.0	0.0	0.0	0.0	3.376922369003296	0.0	0.0	0.0	0.0	3.1558287143707275	0.0	0.0	0.0	0.0	0.0	0.0	0.0	2.658865451812744	2.5720298290252686	0.0	2.6709184646606445	0.0	0.0	0.0	0.0	3.060544490814209	0.0	0.0	2.3948757648468018	0.0	1.8386492729187012	3.0026962757110596	0.0	0.0	0.0	0.0	3.939601182937622	0.0	0.0	0.0	0.0	0.0	0.0	0.0	0.0	0.0	0.0	0.0	0.0	0.0	0.0	2.4374639987945557	0.0	0.0	0.0	0.0	0.0	0.0
0.0	0.0	0.0	2.134274959564209	0.0	0.0	0.0	2.946028709411621	0.0	0.0	3.0046308040618896	0.0	0.0	0.0	0.0	3.2970778942108154	0.0	0.0	0.0	0.0	2.907938003540039	0.0	0.0	0.0	0.0	2.8667349815368652	3.469597578048706	0.0	0.0	2.82820200920105	0.0	0.0	0.0	0.0	3.381571054458618	3.1607038974761963	0.0	0.0	0.0	2.688039541244507	0.0	3.570547580718994	0.0	1.4948612451553345	0.0	0.0	0.0	0.0	0.0	2.0922632217407227	0.0	0.0	0.0	0.0	0.0	0.0	0.0	0.0	0.0	0.0	3.200639247894287	0.0	0.0	0.0	0.0	0.0	0.0	0.0	0.0	0.0	0.0	0.0	0.0	0.0	3.3712968826293945	0.0	0.0	0.0	0.0	3.152686834335327	0.0	0.0	0.0	0.0	0.0	0.0	0.0	2.653674602508545	2.568225860595703	0.0	2.672680377960205	0.0	0.0	0.0	0.0	3.0578396320343018	0.0	0.0	2.3972597122192383	0.0	1.8359569311141968	2.9946632385253906	0.0	0.0	0.0	0.0	3.9332756996154785	0.0	0.0	0.0	0.0	0.0	0.0	0.0	0.0	0.0	0.0	0.0	0.0	0.0	0.0	2.4347212314605713	0.0	0.0	0.0	0.0	0.0	0.0
0.0	0.0	0.0	2.140159845352173	0.0	0.0	0.0	2.9494972229003906	0.0	0.0	3.0165345668792725	0.0	0.0	0.0	0.0	3.302640914916992	0.0	0.0	0.0	0.0	2.9118432998657227	0.0	0.0	0.0	0.0	2.871450424194336	3.4744062423706055	0.0	0.0	2.832282781600952	0.0	0.0	0.0	0.0	3.382774591445923	3.161912441253662	0.0	0.0	0.0	2.699313163757324	0.0	3.571626663208008	0.0	1.4922348260879517	0.0	0.0	0.0	0.0	0.0	2.0881268978118896	0.0	0.0	0.0	0.0	0.0	0.0	0.0	0.0	0.0	0.0	3.2074697017669678	0.0	0.0	0.0	0.0	0.0	0.0	0.0	0.0	0.0	0.0	0.0	0.0	0.0	3.3751351833343506	0.0	0.0	0.0	0.0	3.1527717113494873	0.0	0.0	0.0	0.0	0.0	0.0	0.0	2.654007911682129	2.56850528717041	0.0	2.6775898933410645	0.0	0.0	0.0	0.0	3.063331127166748	0.0	0.0	2.400249719619751	0.0	1.8359895944595337	3.002403974533081	0.0	0.0	0.0	0.0	3.937340497970581	0.0	0.0	0.0	0.0	0.0	0.0	0.0	0.0	0.0	0.0	0.0	0.0	0.0	0.0	2.434823751449585	0.0	0.0	0.0	0.0	0.0	0.0
0.0	0.0	0.0	2.132326364517212	0.0	0.0	0.0	2.9386699199676514	0.0	0.0	2.994565725326538	0.0	0.0	0.0	0.0	3.2840664386749268	0.0	0.0	0.0	0.0	2.8992607593536377	0.0	0.0	0.0	0.0	2.855774402618408	3.4591760635375977	0.0	0.0	2.816943407058716	0.0	0.0	0.0	0.0	3.375225305557251	3.155226707458496	0.0	0.0	0.0	2.681518077850342	0.0	3.554347038269043	0.0	1.496790885925293	0.0	0.0	0.0	0.0	0.0	2.079104423522949	0.0	0.0	0.0	0.0	0.0	0.0	0.0	0.0	0.0	0.0	3.19693660736084	0.0	0.0	0.0	0.0	0.0	0.0	0.0	0.0	0.0	0.0	0.0	0.0	0.0	3.362358808517456	0.0	0.0	0.0	0.0	3.138962984085083	0.0	0.0	0.0	0.0	0.0	0.0	0.0	2.650995969772339	2.561722755432129	0.0	2.662027359008789	0.0	0.0	0.0	0.0	3.055433750152588	0.0	0.0	2.3942530155181885	0.0	1.833877444267273	2.985907554626465	0.0	0.0	0.0	0.0	3.921490430831909	0.0	0.0	0.0	0.0	0.0	0.0	0.0	0.0	0.0	0.0	0.0	0.0	0.0	0.0	2.4277420043945312	0.0	0.0	0.0	0.0	0.0	0.0
0.0	0.0	0.0	2.1454381942749023	0.0	0.0	0.0	2.9548845291137695	0.0	0.0	3.016587257385254	0.0	0.0	0.0	0.0	3.3023195266723633	0.0	0.0	0.0	0.0	2.9138665199279785	0.0	0.0	0.0	0.0	2.876377582550049	3.476255178451538	0.0	0.0	2.8291053771972656	0.0	0.0	0.0	0.0	3.3890790939331055	3.168013334274292	0.0	0.0	0.0	2.695528745651245	0.0	3.572772264480591	0.0	1.4935930967330933	0.0	0.0	0.0	0.0	0.0	2.09377384185791	0.0	0.0	0.0	0.0	0.0	0.0	0.0	0.0	0.0	0.0	3.207066535949707	0.0	0.0	0.0	0.0	0.0	0.0	0.0	0.0	0.0	0.0	0.0	0.0	0.0	3.3754045963287354	0.0	0.0	0.0	0.0	3.152184247970581	0.0	0.0	0.0	0.0	0.0	0.0	0.0	2.660223960876465	2.577667236328125	0.0	2.67748761177063	0.0	0.0	0.0	0.0	3.061352014541626	0.0	0.0	2.4014041423797607	0.0	1.8376494646072388	3.0001862049102783	0.0	0.0	0.0	0.0	3.9448790550231934	0.0	0.0	0.0	0.0	0.0	0.0	0.0	0.0	0.0	0.0	0.0	0.0	0.0	0.0	2.438215970993042	0.0	0.0	0.0	0.0	0.0	0.0
0.0	0.0	0.0	2.135430097579956	0.0	0.0	0.0	2.94639253616333	0.0	0.0	3.0073976516723633	0.0	0.0	0.0	0.0	3.2969987392425537	0.0	0.0	0.0	0.0	2.905177354812622	0.0	0.0	0.0	0.0	2.8665575981140137	3.4638044834136963	0.0	0.0	2.8215904235839844	0.0	0.0	0.0	0.0	3.3792386054992676	3.1579248905181885	0.0	0.0	0.0	2.6879475116729736	0.0	3.5629303455352783	0.0	1.4880504608154297	0.0	0.0	0.0	0.0	0.0	2.0861575603485107	0.0	0.0	0.0	0.0	0.0	0.0	0.0	0.0	0.0	0.0	3.197016954421997	0.0	0.0	0.0	0.0	0.0	0.0	0.0	0.0	0.0	0.0	0.0	0.0	0.0	3.3685710430145264	0.0	0.0	0.0	0.0	3.145277738571167	0.0	0.0	0.0	0.0	0.0	0.0	0.0	2.652862310409546	2.5707285404205322	0.0	2.6691367626190186	0.0	0.0	0.0	0.0	3.048877239227295	0.0	0.0	2.393566131591797	0.0	1.830306053161621	2.989637851715088	0.0	0.0	0.0	0.0	3.9319820404052734	0.0	0.0	0.0	0.0	0.0	0.0	0.0	0.0	0.0	0.0	0.0	0.0	0.0	0.0	2.4307034015655518	0.0	0.0	0.0	0.0	0.0	0.0
0.0	0.0	0.0	2.1388535499572754	0.0	0.0	0.0	2.9465229511260986	0.0	0.0	3.0097270011901855	0.0	0.0	0.0	0.0	3.3002450466156006	0.0	0.0	0.0	0.0	2.911421775817871	0.0	0.0	0.0	0.0	2.863776445388794	3.4724929332733154	0.0	0.0	2.8255767822265625	0.0	0.0	0.0	0.0	3.386779546737671	3.1586995124816895	0.0	0.0	0.0	2.692548990249634	0.0	3.5664265155792236	0.0	1.4898630380630493	0.0	0.0	0.0	0.0	0.0	2.084487199783325	0.0	0.0	0.0	0.0	0.0	0.0	0.0	0.0	0.0	0.0	3.2062795162200928	0.0	0.0	0.0	0.0	0.0	0.0	0.0	0.0	0.0	0.0	0.0	0.0	0.0	3.3684041500091553	0.0	0.0	0.0	0.0	3.1464993953704834	0.0	0.0	0.0	0.0	0.0	0.0	0.0	2.653237819671631	2.564584732055664	0.0	2.6667306423187256	0.0	0.0	0.0	0.0	3.0631790161132812	0.0	0.0	2.3965795040130615	0.0	1.8381280899047852	2.998178005218506	0.0	0.0	0.0	0.0	3.9342432022094727	0.0	0.0	0.0	0.0	0.0	0.0	0.0	0.0	0.0	0.0	0.0	0.0	0.0	0.0	2.4332382678985596	0.0	0.0	0.0	0.0	0.0	0.0
0.0	0.0	0.0	2.140066146850586	0.0	0.0	0.0	2.9514031410217285	0.0	0.0	3.009953260421753	0.0	0.0	0.0	0.0	3.3023014068603516	0.0	0.0	0.0	0.0	2.912372589111328	0.0	0.0	0.0	0.0	2.8673744201660156	3.4736216068267822	0.0	0.0	2.826366662979126	0.0	0.0	0.0	0.0	3.3851969242095947	3.1648731231689453	0.0	0.0	0.0	2.694692611694336	0.0	3.5709340572357178	0.0	1.4934766292572021	0.0	0.0	0.0	0.0	0.0	2.0916199684143066	0.0	0.0	0.0	0.0	0.0	0.0	0.0	0.0	0.0	0.0	3.1999502182006836	0.0	0.0	0.0	0.0	0.0	0.0	0.0	0.0	0.0	0.0	0.0	0.0	0.0	3.371659278869629	0.0	0.0	0.0	0.0	3.1502959728240967	0.0	0.0	0.0	0.0	0.0	0.0	0.0	2.6572394371032715	2.5720367431640625	0.0	2.671630382537842	0.0	0.0	0.0	0.0	3.060528039932251	0.0	0.0	2.3974802494049072	0.0	1.8361188173294067	2.995396375656128	0.0	0.0	0.0	0.0	3.9353256225585938	0.0	0.0	0.0	0.0	0.0	0.0	0.0	0.0	0.0	0.0	0.0	0.0	0.0	0.0	2.4354617595672607	0.0	0.0	0.0	0.0	0.0	0.0
0.0	0.0	0.0	2.1382689476013184	0.0	0.0	0.0	2.9459264278411865	0.0	0.0	3.002044916152954	0.0	0.0	0.0	0.0	3.297250270843506	0.0	0.0	0.0	0.0	2.90883469581604	0.0	0.0	0.0	0.0	2.8613035678863525	3.46317720413208	0.0	0.0	2.821101665496826	0.0	0.0	0.0	0.0	3.377188205718994	3.159075975418091	0.0	0.0	0.0	2.6909546852111816	0.0	3.5574493408203125	0.0	1.490029215812683	0.0	0.0	0.0	0.0	0.0	2.085869789123535	0.0	0.0	0.0	0.0	0.0	0.0	0.0	0.0	0.0	0.0	3.1938774585723877	0.0	0.0	0.0	0.0	0.0	0.0	0.0	0.0	0.0	0.0	0.0	0.0	0.0	3.368647336959839	0.0	0.0	0.0	0.0	3.1451542377471924	0.0	0.0	0.0	0.0	0.0	0.0	0.0	2.6526284217834473	2.5631778240203857	0.0	2.6632132530212402	0.0	0.0	0.0	0.0	3.0559804439544678	0.0	0.0	2.393113374710083	0.0	1.8310657739639282	2.99310040473938	0.0	0.0	0.0	0.0	3.9275996685028076	0.0	0.0	0.0	0.0	0.0	0.0	0.0	0.0	0.0	0.0	0.0	0.0	0.0	0.0	2.430882453918457	0.0	0.0	0.0	0.0	0.0	0.0
0.0	0.0	0.0	2.137178659439087	0.0	0.0	0.0	2.9510183334350586	0.0	0.0	3.009647846221924	0.0	0.0	0.0	0.0	3.2999989986419678	0.0	0.0	0.0	0.0	2.913560390472412	0.0	0.0	0.0	0.0	2.8641703128814697	3.475571632385254	0.0	0.0	2.8278026580810547	0.0	0.0	0.0	0.0	3.383643865585327	3.1647777557373047	0.0	0.0	0.0	2.691438913345337	0.0	3.567859172821045	0.0	1.4921119213104248	0.0	0.0	0.0	0.0	0.0	2.088501453399658	0.0	0.0	0.0	0.0	0.0	0.0	0.0	0.0	0.0	0.0	3.2026631832122803	0.0	0.0	0.0	0.0	0.0	0.0	0.0	0.0	0.0	0.0	0.0	0.0	0.0	3.37304949760437	0.0	0.0	0.0	0.0	3.1544899940490723	0.0	0.0	0.0	0.0	0.0	0.0	0.0	2.659975290298462	2.5737221240997314	0.0	2.667710781097412	0.0	0.0	0.0	0.0	3.0620949268341064	0.0	0.0	2.3954060077667236	0.0	1.8383655548095703	2.996650218963623	0.0	0.0	0.0	0.0	3.9375264644622803	0.0	0.0	0.0	0.0	0.0	0.0	0.0	0.0	0.0	0.0	0.0	0.0	0.0	0.0	2.439335823059082	0.0	0.0	0.0	0.0	0.0	0.0
0.0	0.0	0.0	2.138209342956543	0.0	0.0	0.0	2.952394485473633	0.0	0.0	3.0122551918029785	0.0	0.0	0.0	0.0	3.300814390182495	0.0	0.0	0.0	0.0	2.912004232406616	0.0	0.0	0.0	0.0	2.8688676357269287	3.468231201171875	0.0	0.0	2.8301949501037598	0.0	0.0	0.0	0.0	3.3812224864959717	3.164128065109253	0.0	0.0	0.0	2.7015774250030518	0.0	3.5668630599975586	0.0	1.4915741682052612	0.0	0.0	0.0	0.0	0.0	2.0918917655944824	0.0	0.0	0.0	0.0	0.0	0.0	0.0	0.0	0.0	0.0	3.1977524757385254	0.0	0.0	0.0	0.0	0.0	0.0	0.0	0.0	0.0	0.0	0.0	0.0	0.0	3.3765082359313965	0.0	0.0	0.0	0.0	3.152406930923462	0.0	0.0	0.0	0.0	0.0	0.0	0.0	2.6532983779907227	2.568056344985962	0.0	2.670421838760376	0.0	0.0	0.0	0.0	3.0579919815063477	0.0	0.0	2.397700786590576	0.0	1.8379443883895874	2.998756170272827	0.0	0.0	0.0	0.0	3.9334518909454346	0.0	0.0	0.0	0.0	0.0	0.0	0.0	0.0	0.0	0.0	0.0	0.0	0.0	0.0	2.436047077178955	0.0	0.0	0.0	0.0	0.0	0.0
0.0	0.0	0.0	2.1348867416381836	0.0	0.0	0.0	2.932628631591797	0.0	0.0	2.996537208557129	0.0	0.0	0.0	0.0	3.2810416221618652	0.0	0.0	0.0	0.0	2.895892381668091	0.0	0.0	0.0	0.0	2.8586738109588623	3.462498903274536	0.0	0.0	2.81766414642334	0.0	0.0	0.0	0.0	3.37109112739563	3.1533946990966797	0.0	0.0	0.0	2.6878368854522705	0.0	3.554208517074585	0.0	1.4910368919372559	0.0	0.0	0.0	0.0	0.0	2.083115577697754	0.0	0.0	0.0	0.0	0.0	0.0	0.0	0.0	0.0	0.0	3.1910009384155273	0.0	0.0	0.0	0.0	0.0	0.0	0.0	0.0	0.0	0.0	0.0	0.0	0.0	3.366097927093506	0.0	0.0	0.0	0.0	3.141979455947876	0.0	0.0	0.0	0.0	0.0	0.0	0.0	2.642774820327759	2.5594210624694824	0.0	2.65975022315979	0.0	0.0	0.0	0.0	3.051750659942627	0.0	0.0	2.388582468032837	0.0	1.8282418251037598	2.9873452186584473	0.0	0.0	0.0	0.0	3.9202327728271484	0.0	0.0	0.0	0.0	0.0	0.0	0.0	0.0	0.0	0.0	0.0	0.0	0.0	0.0	2.425910711288452	0.0	0.0	0.0	0.0	0.0	0.0
0.0	0.0	0.0	2.1343677043914795	0.0	0.0	0.0	2.94242000579834	0.0	0.0	2.998185634613037	0.0	0.0	0.0	0.0	3.2881245613098145	0.0	0.0	0.0	0.0	2.9017295837402344	0.0	0.0	0.0	0.0	2.8610546588897705	3.4652557373046875	0.0	0.0	2.8238840103149414	0.0	0.0	0.0	0.0	3.3782341480255127	3.1570382118225098	0.0	0.0	0.0	2.685269832611084	0.0	3.5624868869781494	0.0	1.4913626909255981	0.0	0.0	0.0	0.0	0.0	2.088587522506714	0.0	0.0	0.0	0.0	0.0	0.0	0.0	0.0	0.0	0.0	3.1953248977661133	0.0	0.0	0.0	0.0	0.0	0.0	0.0	0.0	0.0	0.0	0.0	0.0	0.0	3.3643319606781006	0.0	0.0	0.0	0.0	3.1397545337677	0.0	0.0	0.0	0.0	0.0	0.0	0.0	2.6504085063934326	2.5640430450439453	0.0	2.6676642894744873	0.0	0.0	0.0	0.0	3.052330493927002	0.0	0.0	2.389808416366577	0.0	1.83205246925354	2.9893739223480225	0.0	0.0	0.0	0.0	3.927748680114746	0.0	0.0	0.0	0.0	0.0	0.0	0.0	0.0	0.0	0.0	0.0	0.0	0.0	0.0	2.428189516067505	0.0	0.0	0.0	0.0	0.0	0.0
0.0	0.0	0.0	2.1424050331115723	0.0	0.0	0.0	2.9550869464874268	0.0	0.0	3.012702703475952	0.0	0.0	0.0	0.0	3.3032617568969727	0.0	0.0	0.0	0.0	2.911696434020996	0.0	0.0	0.0	0.0	2.8706724643707275	3.474454402923584	0.0	0.0	2.8291642665863037	0.0	0.0	0.0	0.0	3.3847827911376953	3.167936325073242	0.0	0.0	0.0	2.693657636642456	0.0	3.5719594955444336	0.0	1.4919978380203247	0.0	0.0	0.0	0.0	0.0	2.092261791229248	0.0	0.0	0.0	0.0	0.0	0.0	0.0	0.0	0.0	0.0	3.204866409301758	0.0	0.0	0.0	0.0	0.0	0.0	0.0	0.0	0.0	0.0	0.0	0.0	0.0	3.3807787895202637	0.0	0.0	0.0	0.0	3.1550519466400146	0.0	0.0	0.0	0.0	0.0	0.0	0.0	2.660698175430298	2.5765602588653564	0.0	2.676215887069702	0.0	0.0	0.0	0.0	3.0547008514404297	0.0	0.0	2.405935049057007	0.0	1.8327583074569702	2.9970703125	0.0	0.0	0.0	0.0	3.943850040435791	0.0	0.0	0.0	0.0	0.0	0.0	0.0	0.0	0.0	0.0	0.0	0.0	0.0	0.0	2.435403347015381	0.0	0.0	0.0	0.0	0.0	0.0
0.0	0.0	0.0	2.135714530944824	0.0	0.0	0.0	2.94336199760437	0.0	0.0	3.0048279762268066	0.0	0.0	0.0	0.0	3.2968626022338867	0.0	0.0	0.0	0.0	2.906773805618286	0.0	0.0	0.0	0.0	2.859600782394409	3.4687774181365967	0.0	0.0	2.820554494857788	0.0	0.0	0.0	0.0	3.3778457641601562	3.1544625759124756	0.0	0.0	0.0	2.6897284984588623	0.0	3.5617547035217285	0.0	1.4866809844970703	0.0	0.0	0.0	0.0	0.0	2.086409568786621	0.0	0.0	0.0	0.0	0.0	0.0	0.0	0.0	0.0	0.0	3.1990983486175537	0.0	0.0	0.0	0.0	0.0	0.0	0.0	0.0	0.0	0.0	0.0	0.0	0.0	3.3675553798675537	0.0	0.0	0.0	0.0	3.145214557647705	0.0	0.0	0.0	0.0	0.0	0.0	0.0	2.651862382888794	2.562220573425293	0.0	2.6652398109436035	0.0	0.0	0.0	0.0	3.05828857421875	0.0	0.0	2.3950955867767334	0.0	1.8353383541107178	2.993824005126953	0.0	0.0	0.0	0.0	3.92910099029541	0.0	0.0	0.0	0.0	0.0	0.0	0.0	0.0	0.0	0.0	0.0	0.0	0.0	0.0	2.4303512573242188	0.0	0.0	0.0	0.0	0.0	0.0
0.0	0.0	0.0	2.1383025646209717	0.0	0.0	0.0	2.9470794200897217	0.0	0.0	3.0053799152374268	0.0	0.0	0.0	0.0	3.292966842651367	0.0	0.0	0.0	0.0	2.9055182933807373	0.0	0.0	0.0	0.0	2.865750789642334	3.4681272506713867	0.0	0.0	2.826380491256714	0.0	0.0	0.0	0.0	3.377816677093506	3.162893772125244	0.0	0.0	0.0	2.6887686252593994	0.0	3.566805601119995	0.0	1.4930903911590576	0.0	0.0	0.0	0.0	0.0	2.091338872909546	0.0	0.0	0.0	0.0	0.0	0.0	0.0	0.0	0.0	0.0	3.201824426651001	0.0	0.0	0.0	0.0	0.0	0.0	0.0	0.0	0.0	0.0	0.0	0.0	0.0	3.369868278503418	0.0	0.0	0.0	0.0	3.147801637649536	0.0	0.0	0.0	0.0	0.0	0.0	0.0	2.6519272327423096	2.5690197944641113	0.0	2.668994665145874	0.0	0.0	0.0	0.0	3.0572729110717773	0.0	0.0	2.3963441848754883	0.0	1.835570216178894	2.9925639629364014	0.0	0.0	0.0	0.0	3.930680274963379	0.0	0.0	0.0	0.0	0.0	0.0	0.0	0.0	0.0	0.0	0.0	0.0	0.0	0.0	2.431584358215332	0.0	0.0	0.0	0.0	0.0	0.0
0.0	0.0	0.0	2.134889602661133	0.0	0.0	0.0	2.939101219177246	0.0	0.0	3.0009260177612305	0.0	0.0	0.0	0.0	3.2886807918548584	0.0	0.0	0.0	0.0	2.9038002490997314	0.0	0.0	0.0	0.0	2.859125852584839	3.464002847671509	0.0	0.0	2.820675849914551	0.0	0.0	0.0	0.0	3.370677947998047	3.1537795066833496	0.0	0.0	0.0	2.683706521987915	0.0	3.553816318511963	0.0	1.4933788776397705	0.0	0.0	0.0	0.0	0.0	2.0872292518615723	0.0	0.0	0.0	0.0	0.0	0.0	0.0	0.0	0.0	0.0	3.1920487880706787	0.0	0.0	0.0	0.0	0.0	0.0	0.0	0.0	0.0	0.0	0.0	0.0	0.0	3.3604793548583984	0.0	0.0	0.0	0.0	3.13777494430542	0.0	0.0	0.0	0.0	0.0	0.0	0.0	2.647803783416748	2.560791254043579	0.0	2.66058611869812	0.0	0.0	0.0	0.0	3.054074764251709	0.0	0.0	2.387471914291382	0.0	1.8322086334228516	2.9888761043548584	0.0	0.0	0.0	0.0	3.925930976867676	0.0	0.0	0.0	0.0	0.0	0.0	0.0	0.0	0.0	0.0	0.0	0.0	0.0	0.0	2.432145595550537	0.0	0.0	0.0	0.0	0.0	0.0
0.0	0.0	0.0	2.1396563053131104	0.0	0.0	0.0	2.9515891075134277	0.0	0.0	3.0114500522613525	0.0	0.0	0.0	0.0	3.3000824451446533	0.0	0.0	0.0	0.0	2.914149522781372	0.0	0.0	0.0	0.0	2.8707427978515625	3.475433111190796	0.0	0.0	2.826960802078247	0.0	0.0	0.0	0.0	3.3822827339172363	3.16280198097229	0.0	0.0	0.0	2.696171760559082	0.0	3.5686404705047607	0.0	1.4917558431625366	0.0	0.0	0.0	0.0	0.0	2.0914790630340576	0.0	0.0	0.0	0.0	0.0	0.0	0.0	0.0	0.0	0.0	3.200251817703247	0.0	0.0	0.0	0.0	0.0	0.0	0.0	0.0	0.0	0.0	0.0	0.0	0.0	3.374676465988159	0.0	0.0	0.0	0.0	3.1515748500823975	0.0	0.0	0.0	0.0	0.0	0.0	0.0	2.6572189331054688	2.574568510055542	0.0	2.673917531967163	0.0	0.0	0.0	0.0	3.0557925701141357	0.0	0.0	2.3972249031066895	0.0	1.835939645767212	2.995969295501709	0.0	0.0	0.0	0.0	3.939415454864502	0.0	0.0	0.0	0.0	0.0	0.0	0.0	0.0	0.0	0.0	0.0	0.0	0.0	0.0	2.436875820159912	0.0	0.0	0.0	0.0	0.0	0.0
0.0	0.0	0.0	2.142453193664551	0.0	0.0	0.0	2.953467607498169	0.0	0.0	3.012423276901245	0.0	0.0	0.0	0.0	3.303285598754883	0.0	0.0	0.0	0.0	2.9128670692443848	0.0	0.0	0.0	0.0	2.8676180839538574	3.4761438369750977	0.0	0.0	2.8260445594787598	0.0	0.0	0.0	0.0	3.385676145553589	3.1619858741760254	0.0	0.0	0.0	2.6944518089294434	0.0	3.5693936347961426	0.0	1.490619421005249	0.0	0.0	0.0	0.0	0.0	2.0872480869293213	0.0	0.0	0.0	0.0	0.0	0.0	0.0	0.0	0.0	0.0	3.2028231620788574	0.0	0.0	0.0	0.0	0.0	0.0	0.0	0.0	0.0	0.0	0.0	0.0	0.0	3.3710949420928955	0.0	0.0	0.0	0.0	3.1481869220733643	0.0	0.0	0.0	0.0	0.0	0.0	0.0	2.658482074737549	2.56844425201416	0.0	2.670949697494507	0.0	0.0	0.0	0.0	3.061150550842285	0.0	0.0	2.39650297164917	0.0	1.8382059335708618	2.9985134601593018	0.0	0.0	0.0	0.0	3.938844919204712	0.0	0.0	0.0	0.0	0.0	0.0	0.0	0.0	0.0	0.0	0.0	0.0	0.0	0.0	2.436553478240967	0.0	0.0	0.0	0.0	0.0	0.0
0.0	0.0	0.0	2.13075590133667	0.0	0.0	0.0	2.9410178661346436	0.0	0.0	2.9992165565490723	0.0	0.0	0.0	0.0	3.2877135276794434	0.0	0.0	0.0	0.0	2.897289991378784	0.0	0.0	0.0	0.0	2.8582184314727783	3.4586570262908936	0.0	0.0	2.8189637660980225	0.0	0.0	0.0	0.0	3.370271921157837	3.148777723312378	0.0	0.0	0.0	2.6822478771209717	0.0	3.5544521808624268	0.0	1.4875186681747437	0.0	0.0	0.0	0.0	0.0	2.0818774700164795	0.0	0.0	0.0	0.0	0.0	0.0	0.0	0.0	0.0	0.0	3.1877565383911133	0.0	0.0	0.0	0.0	0.0	0.0	0.0	0.0	0.0	0.0	0.0	0.0	0.0	3.361449956893921	0.0	0.0	0.0	0.0	3.13938307762146	0.0	0.0	0.0	0.0	0.0	0.0	0.0	2.6461286544799805	2.5662105083465576	0.0	2.6611945629119873	0.0	0.0	0.0	0.0	3.046046018600464	0.0	0.0	2.383809804916382	0.0	1.8311786651611328	2.981926202774048	0.0	0.0	0.0	0.0	3.919426679611206	0.0	0.0	0.0	0.0	0.0	0.0	0.0	0.0	0.0	0.0	0.0	0.0	0.0	0.0	2.429699420928955	0.0	0.0	0.0	0.0	0.0	0.0
0.0	0.0	0.0	2.13777756690979	0.0	0.0	0.0	2.937997817993164	0.0	0.0	3.00498104095459	0.0	0.0	0.0	0.0	3.286318063735962	0.0	0.0	0.0	0.0	2.9036524295806885	0.0	0.0	0.0	0.0	2.8569483757019043	3.463624954223633	0.0	0.0	2.8201546669006348	0.0	0.0	0.0	0.0	3.3734893798828125	3.1526858806610107	0.0	0.0	0.0	2.686253547668457	0.0	3.5602128505706787	0.0	1.4883427619934082	0.0	0.0	0.0	0.0	0.0	2.0813894271850586	0.0	0.0	0.0	0.0	0.0	0.0	0.0	0.0	0.0	0.0	3.201246738433838	0.0	0.0	0.0	0.0	0.0	0.0	0.0	0.0	0.0	0.0	0.0	0.0	0.0	3.36509370803833	0.0	0.0	0.0	0.0	3.141146421432495	0.0	0.0	0.0	0.0	0.0	0.0	0.0	2.642164945602417	2.5594165325164795	0.0	2.664820909500122	0.0	0.0	0.0	0.0	3.0568952560424805	0.0	0.0	2.389575719833374	0.0	1.8412048816680908	2.98616099357605	0.0	0.0	0.0	0.0	3.9166221618652344	0.0	0.0	0.0	0.0	0.0	0.0	0.0	0.0	0.0	0.0	0.0	0.0	0.0	0.0	2.4214096069335938	0.0	0.0	0.0	0.0	0.0	0.0
0.0	0.0	0.0	2.1421167850494385	0.0	0.0	0.0	2.956453323364258	0.0	0.0	3.0151045322418213	0.0	0.0	0.0	0.0	3.3098742961883545	0.0	0.0	0.0	0.0	2.917654514312744	0.0	0.0	0.0	0.0	2.874660015106201	3.4775290489196777	0.0	0.0	2.830096960067749	0.0	0.0	0.0	0.0	3.3929193019866943	3.166473150253296	0.0	0.0	0.0	2.70143723487854	0.0	3.576005220413208	0.0	1.4935067892074585	0.0	0.0	0.0	0.0	0.0	2.0948550701141357	0.0	0.0	0.0	0.0	0.0	0.0	0.0	0.0	0.0	0.0	3.2066447734832764	0.0	0.0	0.0	0.0	0.0	0.0	0.0	0.0	0.0	0.0	0.0	0.0	0.0	3.3829774856567383	0.0	0.0	0.0	0.0	3.155150890350342	0.0	0.0	0.0	0.0	0.0	0.0	0.0	2.657733917236328	2.575376272201538	0.0	2.6758689880371094	0.0	0.0	0.0	0.0	3.0656957626342773	0.0	0.0	2.4016852378845215	0.0	1.836423635482788	3.0077052116394043	0.0	0.0	0.0	0.0	3.943549394607544	0.0	0.0	0.0	0.0	0.0	0.0	0.0	0.0	0.0	0.0	0.0	0.0	0.0	0.0	2.439816951751709	0.0	0.0	0.0	0.0	0.0	0.0
0.0	0.0	0.0	2.136608839035034	0.0	0.0	0.0	2.948690891265869	0.0	0.0	3.011941909790039	0.0	0.0	0.0	0.0	3.2981324195861816	0.0	0.0	0.0	0.0	2.910932779312134	0.0	0.0	0.0	0.0	2.865813970565796	3.4730799198150635	0.0	0.0	2.8272273540496826	0.0	0.0	0.0	0.0	3.383100748062134	3.1594629287719727	0.0	0.0	0.0	2.6942784786224365	0.0	3.566028118133545	0.0	1.4907420873641968	0.0	0.0	0.0	0.0	0.0	2.0879592895507812	0.0	0.0	0.0	0.0	0.0	0.0	0.0	0.0	0.0	0.0	3.2043893337249756	0.0	0.0	0.0	0.0	0.0	0.0	0.0	0.0	0.0	0.0	0.0	0.0	0.0	3.3753929138183594	0.0	0.0	0.0	0.0	3.1505956649780273	0.0	0.0	0.0	0.0	0.0	0.0	0.0	2.6565661430358887	2.569014072418213	0.0	2.668789863586426	0.0	0.0	0.0	0.0	3.058260917663574	0.0	0.0	2.399319648742676	0.0	1.8373476266860962	2.999544620513916	0.0	0.0	0.0	0.0	3.9395220279693604	0.0	0.0	0.0	0.0	0.0	0.0	0.0	0.0	0.0	0.0	0.0	0.0	0.0	0.0	2.4325335025787354	0.0	0.0	0.0	0.0	0.0	0.0
0.0	0.0	0.0	2.128969430923462	0.0	0.0	0.0	2.9405405521392822	0.0	0.0	3.0035064220428467	0.0	0.0	0.0	0.0	3.2892727851867676	0.0	0.0	0.0	0.0	2.89918851852417	0.0	0.0	0.0	0.0	2.863635301589966	3.4601783752441406	0.0	0.0	2.820100784301758	0.0	0.0	0.0	0.0	3.371354341506958	3.1545004844665527	0.0	0.0	0.0	2.683136224746704	0.0	3.556652069091797	0.0	1.4887632131576538	0.0	0.0	0.0	0.0	0.0	2.0805106163024902	0.0	0.0	0.0	0.0	0.0	0.0	0.0	0.0	0.0	0.0	3.1942551136016846	0.0	0.0	0.0	0.0	0.0	0.0	0.0	0.0	0.0	0.0	0.0	0.0	0.0	3.362945318222046	0.0	0.0	0.0	0.0	3.1444005966186523	0.0	0.0	0.0	0.0	0.0	0.0	0.0	2.6484365463256836	2.5650622844696045	0.0	2.6615846157073975	0.0	0.0	0.0	0.0	3.0470733642578125	0.0	0.0	2.391840696334839	0.0	1.8314064741134644	2.9865758419036865	0.0	0.0	0.0	0.0	3.924464464187622	0.0	0.0	0.0	0.0	0.0	0.0	0.0	0.0	0.0	0.0	0.0	0.0	0.0	0.0	2.426212787628174	0.0	0.0	0.0	0.0	0.0	0.0
0.0	0.0	0.0	2.1394991874694824	0.0	0.0	0.0	2.9483184814453125	0.0	0.0	3.0078136920928955	0.0	0.0	0.0	0.0	3.2905619144439697	0.0	0.0	0.0	0.0	2.906183958053589	0.0	0.0	0.0	0.0	2.8658041954040527	3.4749672412872314	0.0	0.0	2.8297061920166016	0.0	0.0	0.0	0.0	3.3808164596557617	3.158707618713379	0.0	0.0	0.0	2.689319133758545	0.0	3.5668230056762695	0.0	1.492101788520813	0.0	0.0	0.0	0.0	0.0	2.0906012058258057	0.0	0.0	0.0	0.0	0.0	0.0	0.0	0.0	0.0	0.0	3.1969895362854004	0.0	0.0	0.0	0.0	0.0	0.0	0.0	0.0	0.0	0.0	0.0	0.0	0.0	3.3693840503692627	0.0	0.0	0.0	0.0	3.1469998359680176	0.0	0.0	0.0	0.0	0.0	0.0	0.0	2.652689218521118	2.5626797676086426	0.0	2.666433334350586	0.0	0.0	0.0	0.0	3.060790777206421	0.0	0.0	2.3966691493988037	0.0	1.8356572389602661	2.994785785675049	0.0	0.0	0.0	0.0	3.930802345275879	0.0	0.0	0.0	0.0	0.0	0.0	0.0	0.0	0.0	0.0	0.0	0.0	0.0	0.0	2.4303696155548096	0.0	0.0	0.0	0.0	0.0	0.0
0.0	0.0	0.0	2.140428304672241	0.0	0.0	0.0	2.9489264488220215	0.0	0.0	3.0085337162017822	0.0	0.0	0.0	0.0	3.2927682399749756	0.0	0.0	0.0	0.0	2.907262086868286	0.0	0.0	0.0	0.0	2.8666880130767822	3.468101978302002	0.0	0.0	2.824441432952881	0.0	0.0	0.0	0.0	3.3822314739227295	3.1597049236297607	0.0	0.0	0.0	2.6884207725524902	0.0	3.5667924880981445	0.0	1.4942656755447388	0.0	0.0	0.0	0.0	0.0	2.086353302001953	0.0	0.0	0.0	0.0	0.0	0.0	0.0	0.0	0.0	0.0	3.201622247695923	0.0	0.0	0.0	0.0	0.0	0.0	0.0	0.0	0.0	0.0	0.0	0.0	0.0	3.3720338344573975	0.0	0.0	0.0	0.0	3.1485588550567627	0.0	0.0	0.0	0.0	0.0	0.0	0.0	2.6570701599121094	2.5659286975860596	0.0	2.666619062423706	0.0	0.0	0.0	0.0	3.0580546855926514	0.0	0.0	2.397695541381836	0.0	1.8361461162567139	2.993523597717285	0.0	0.0	0.0	0.0	3.9346022605895996	0.0	0.0	0.0	0.0	0.0	0.0	0.0	0.0	0.0	0.0	0.0	0.0	0.0	0.0	2.4343879222869873	0.0	0.0	0.0	0.0	0.0	0.0
0.0	0.0	0.0	2.1385512351989746	0.0	0.0	0.0	2.9524054527282715	0.0	0.0	3.0091805458068848	0.0	0.0	0.0	0.0	3.2992043495178223	0.0	0.0	0.0	0.0	2.910172939300537	0.0	0.0	0.0	0.0	2.8652384281158447	3.4698848724365234	0.0	0.0	2.8234503269195557	0.0	0.0	0.0	0.0	3.385343313217163	3.1624643802642822	0.0	0.0	0.0	2.6919548511505127	0.0	3.567535877227783	0.0	1.4874114990234375	0.0	0.0	0.0	0.0	0.0	2.0909557342529297	0.0	0.0	0.0	0.0	0.0	0.0	0.0	0.0	0.0	0.0	3.1980087757110596	0.0	0.0	0.0	0.0	0.0	0.0	0.0	0.0	0.0	0.0	0.0	0.0	0.0	3.3701798915863037	0.0	0.0	0.0	0.0	3.1526038646698	0.0	0.0	0.0	0.0	0.0	0.0	0.0	2.6575767993927	2.5710041522979736	0.0	2.667818069458008	0.0	0.0	0.0	0.0	3.0575077533721924	0.0	0.0	2.396735429763794	0.0	1.8349634408950806	2.9932963848114014	0.0	0.0	0.0	0.0	3.9378716945648193	0.0	0.0	0.0	0.0	0.0	0.0	0.0	0.0	0.0	0.0	0.0	0.0	0.0	0.0	2.4377408027648926	0.0	0.0	0.0	0.0	0.0	0.0
0.0	0.0	0.0	2.145500421524048	0.0	0.0	0.0	2.9553074836730957	0.0	0.0	3.0130696296691895	0.0	0.0	0.0	0.0	3.303903341293335	0.0	0.0	0.0	0.0	2.9136202335357666	0.0	0.0	0.0	0.0	2.8704206943511963	3.4722726345062256	0.0	0.0	2.8301103115081787	0.0	0.0	0.0	0.0	3.3858847618103027	3.1687567234039307	0.0	0.0	0.0	2.693570375442505	0.0	3.572732925415039	0.0	1.4927767515182495	0.0	0.0	0.0	0.0	0.0	2.0916168689727783	0.0	0.0	0.0	0.0	0.0	0.0	0.0	0.0	0.0	0.0	3.2041265964508057	0.0	0.0	0.0	0.0	0.0	0.0	0.0	0.0	0.0	0.0	0.0	0.0	0.0	3.3773653507232666	0.0	0.0	0.0	0.0	3.1525275707244873	0.0	0.0	0.0	0.0	0.0	0.0	0.0	2.660609722137451	2.573640823364258	0.0	2.6728432178497314	0.0	0.0	0.0	0.0	3.061547040939331	0.0	0.0	2.398705005645752	0.0	1.8351854085922241	3.0023508071899414	0.0	0.0	0.0	0.0	3.94484806060791	0.0	0.0	0.0	0.0	0.0	0.0	0.0	0.0	0.0	0.0	0.0	0.0	0.0	0.0	2.4373013973236084	0.0	0.0	0.0	0.0	0.0	0.0
0.0	0.0	0.0	2.1359684467315674	0.0	0.0	0.0	2.9462075233459473	0.0	0.0	3.0031051635742188	0.0	0.0	0.0	0.0	3.293381690979004	0.0	0.0	0.0	0.0	2.9061782360076904	0.0	0.0	0.0	0.0	2.864483594894409	3.4663710594177246	0.0	0.0	2.825561046600342	0.0	0.0	0.0	0.0	3.3782193660736084	3.162766695022583	0.0	0.0	0.0	2.687615156173706	0.0	3.5656943321228027	0.0	1.4928689002990723	0.0	0.0	0.0	0.0	0.0	2.0879862308502197	0.0	0.0	0.0	0.0	0.0	0.0	0.0	0.0	0.0	0.0	3.1968934535980225	0.0	0.0	0.0	0.0	0.0	0.0	0.0	0.0	0.0	0.0	0.0	0.0	0.0	3.3696024417877197	0.0	0.0	0.0	0.0	3.1443657875061035	0.0	0.0	0.0	0.0	0.0	0.0	0.0	2.6528844833374023	2.570922374725342	0.0	2.6687281131744385	0.0	0.0	0.0	0.0	3.054089069366455	0.0	0.0	2.3936190605163574	0.0	1.8373963832855225	2.992178201675415	0.0	0.0	0.0	0.0	3.9267256259918213	0.0	0.0	0.0	0.0	0.0	0.0	0.0	0.0	0.0	0.0	0.0	0.0	0.0	0.0	2.4304049015045166	0.0	0.0	0.0	0.0	0.0	0.0
0.0	0.0	0.0	2.134456157684326	0.0	0.0	0.0	2.941499710083008	0.0	0.0	3.0029072761535645	0.0	0.0	0.0	0.0	3.2959611415863037	0.0	0.0	0.0	0.0	2.904843330383301	0.0	0.0	0.0	0.0	2.863880157470703	3.4677224159240723	0.0	0.0	2.8210723400115967	0.0	0.0	0.0	0.0	3.3737802505493164	3.156177520751953	0.0	0.0	0.0	2.684920072555542	0.0	3.5582664012908936	0.0	1.4898593425750732	0.0	0.0	0.0	0.0	0.0	2.0896284580230713	0.0	0.0	0.0	0.0	0.0	0.0	0.0	0.0	0.0	0.0	3.192427158355713	0.0	0.0	0.0	0.0	0.0	0.0	0.0	0.0	0.0	0.0	0.0	0.0	0.0	3.3688409328460693	0.0	0.0	0.0	0.0	3.148376703262329	0.0	0.0	0.0	0.0	0.0	0.0	0.0	2.6525282859802246	2.5672104358673096	0.0	2.6671693325042725	0.0	0.0	0.0	0.0	3.050055980682373	0.0	0.0	2.3935024738311768	0.0	1.835260272026062	2.988081455230713	0.0	0.0	0.0	0.0	3.9277517795562744	0.0	0.0	0.0	0.0	0.0	0.0	0.0	0.0	0.0	0.0	0.0	0.0	0.0	0.0	2.4294042587280273	0.0	0.0	0.0	0.0	0.0	0.0
0.0	0.0	0.0	2.1369662284851074	0.0	0.0	0.0	2.940098285675049	0.0	0.0	3.0018796920776367	0.0	0.0	0.0	0.0	3.2907207012176514	0.0	0.0	0.0	0.0	2.897045612335205	0.0	0.0	0.0	0.0	2.864600896835327	3.4633705615997314	0.0	0.0	2.82234525680542	0.0	0.0	0.0	0.0	3.372694730758667	3.1587250232696533	0.0	0.0	0.0	2.684746026992798	0.0	3.556640386581421	0.0	1.485752820968628	0.0	0.0	0.0	0.0	0.0	2.08064341545105	0.0	0.0	0.0	0.0	0.0	0.0	0.0	0.0	0.0	0.0	3.193786382675171	0.0	0.0	0.0	0.0	0.0	0.0	0.0	0.0	0.0	0.0	0.0	0.0	0.0	3.3640453815460205	0.0	0.0	0.0	0.0	3.143821954727173	0.0	0.0	0.0	0.0	0.0	0.0	0.0	2.6493937969207764	2.56056547164917	0.0	2.6620218753814697	0.0	0.0	0.0	0.0	3.048002243041992	0.0	0.0	2.3886919021606445	0.0	1.83176851272583	2.9912075996398926	0.0	0.0	0.0	0.0	3.922860622406006	0.0	0.0	0.0	0.0	0.0	0.0	0.0	0.0	0.0	0.0	0.0	0.0	0.0	0.0	2.431995391845703	0.0	0.0	0.0	0.0	0.0	0.0
0.0	0.0	0.0	2.132063150405884	0.0	0.0	0.0	2.932502508163452	0.0	0.0	2.9949891567230225	0.0	0.0	0.0	0.0	3.280442714691162	0.0	0.0	0.0	0.0	2.899411201477051	0.0	0.0	0.0	0.0	2.850762128829956	3.4580891132354736	0.0	0.0	2.8110625743865967	0.0	0.0	0.0	0.0	3.3689846992492676	3.1507503986358643	0.0	0.0	0.0	2.674132823944092	0.0	3.5459706783294678	0.0	1.488346815109253	0.0	0.0	0.0	0.0	0.0	2.077084541320801	0.0	0.0	0.0	0.0	0.0	0.0	0.0	0.0	0.0	0.0	3.189406633377075	0.0	0.0	0.0	0.0	0.0	0.0	0.0	0.0	0.0	0.0	0.0	0.0	0.0	3.352118492126465	0.0	0.0	0.0	0.0	3.1342313289642334	0.0	0.0	0.0	0.0	0.0	0.0	0.0	2.643160343170166	2.5562453269958496	0.0	2.6578149795532227	0.0	0.0	0.0	0.0	3.047935962677002	0.0	0.0	2.3865129947662354	0.0	1.8332602977752686	2.9833056926727295	0.0	0.0	0.0	0.0	3.9163591861724854	0.0	0.0	0.0	0.0	0.0	0.0	0.0	0.0	0.0	0.0	0.0	0.0	0.0	0.0	2.4219868183135986	0.0	0.0	0.0	0.0	0.0	0.0
0.0	0.0	0.0	2.1405770778656006	0.0	0.0	0.0	2.9467175006866455	0.0	0.0	3.0141913890838623	0.0	0.0	0.0	0.0	3.3024685382843018	0.0	0.0	0.0	0.0	2.910694122314453	0.0	0.0	0.0	0.0	2.871447801589966	3.4752519130706787	0.0	0.0	2.825164318084717	0.0	0.0	0.0	0.0	3.3842127323150635	3.161104917526245	0.0	0.0	0.0	2.69408917427063	0.0	3.5709521770477295	0.0	1.4917043447494507	0.0	0.0	0.0	0.0	0.0	2.0916521549224854	0.0	0.0	0.0	0.0	0.0	0.0	0.0	0.0	0.0	0.0	3.202737808227539	0.0	0.0	0.0	0.0	0.0	0.0	0.0	0.0	0.0	0.0	0.0	0.0	0.0	3.375176191329956	0.0	0.0	0.0	0.0	3.15147066116333	0.0	0.0	0.0	0.0	0.0	0.0	0.0	2.6598668098449707	2.573052167892456	0.0	2.6731643676757812	0.0	0.0	0.0	0.0	3.05966854095459	0.0	0.0	2.398078441619873	0.0	1.8373775482177734	2.9979400634765625	0.0	0.0	0.0	0.0	3.9387712478637695	0.0	0.0	0.0	0.0	0.0	0.0	0.0	0.0	0.0	0.0	0.0	0.0	0.0	0.0	2.43876576423645	0.0	0.0	0.0	0.0	0.0	0.0
0.0	0.0	0.0	2.1458029747009277	0.0	0.0	0.0	2.9523000717163086	0.0	0.0	3.0161783695220947	0.0	0.0	0.0	0.0	3.3035430908203125	0.0	0.0	0.0	0.0	2.9140069484710693	0.0	0.0	0.0	0.0	2.8743791580200195	3.4768760204315186	0.0	0.0	2.831306219100952	0.0	0.0	0.0	0.0	3.389730453491211	3.167999744415283	0.0	0.0	0.0	2.699066638946533	0.0	3.5729546546936035	0.0	1.4906374216079712	0.0	0.0	0.0	0.0	0.0	2.0941696166992188	0.0	0.0	0.0	0.0	0.0	0.0	0.0	0.0	0.0	0.0	3.2090682983398438	0.0	0.0	0.0	0.0	0.0	0.0	0.0	0.0	0.0	0.0	0.0	0.0	0.0	3.3803820610046387	0.0	0.0	0.0	0.0	3.157813310623169	0.0	0.0	0.0	0.0	0.0	0.0	0.0	2.661752700805664	2.5733463764190674	0.0	2.673530340194702	0.0	0.0	0.0	0.0	3.058990478515625	0.0	0.0	2.3994734287261963	0.0	1.8386300802230835	3.000460386276245	0.0	0.0	0.0	0.0	3.943502426147461	0.0	0.0	0.0	0.0	0.0	0.0	0.0	0.0	0.0	0.0	0.0	0.0	0.0	0.0	2.4376609325408936	0.0	0.0	0.0	0.0	0.0	0.0
0.0	0.0	0.0	2.1380224227905273	0.0	0.0	0.0	2.944650650024414	0.0	0.0	3.0069730281829834	0.0	0.0	0.0	0.0	3.299129009246826	0.0	0.0	0.0	0.0	2.906869411468506	0.0	0.0	0.0	0.0	2.8677897453308105	3.463313102722168	0.0	0.0	2.8229494094848633	0.0	0.0	0.0	0.0	3.3768413066864014	3.155109405517578	0.0	0.0	0.0	2.6926827430725098	0.0	3.5640013217926025	0.0	1.4868561029434204	0.0	0.0	0.0	0.0	0.0	2.0903310775756836	0.0	0.0	0.0	0.0	0.0	0.0	0.0	0.0	0.0	0.0	3.1951498985290527	0.0	0.0	0.0	0.0	0.0	0.0	0.0	0.0	0.0	0.0	0.0	0.0	0.0	3.3700149059295654	0.0	0.0	0.0	0.0	3.14674711227417	0.0	0.0	0.0	0.0	0.0	0.0	0.0	2.6516499519348145	2.565147638320923	0.0	2.6674208641052246	0.0	0.0	0.0	0.0	3.0520246028900146	0.0	0.0	2.3926117420196533	0.0	1.8320242166519165	2.99363374710083	0.0	0.0	0.0	0.0	3.9283244609832764	0.0	0.0	0.0	0.0	0.0	0.0	0.0	0.0	0.0	0.0	0.0	0.0	0.0	0.0	2.4321696758270264	0.0	0.0	0.0	0.0	0.0	0.0
0.0	0.0	0.0	2.121873617172241	0.0	0.0	0.0	2.9220027923583984	0.0	0.0	2.9898953437805176	0.0	0.0	0.0	0.0	3.2775275707244873	0.0	0.0	0.0	0.0	2.8885529041290283	0.0	0.0	0.0	0.0	2.851386308670044	3.450751543045044	0.0	0.0	2.8089535236358643	0.0	0.0	0.0	0.0	3.3582534790039062	3.145551919937134	0.0	0.0	0.0	2.6682558059692383	0.0	3.5431606769561768	0.0	1.4852869510650635	0.0	0.0	0.0	0.0	0.0	2.0768625736236572	0.0	0.0	0.0	0.0	0.0	0.0	0.0	0.0	0.0	0.0	3.179433822631836	0.0	0.0	0.0	0.0	0.0	0.0	0.0	0.0	0.0	0.0	0.0	0.0	0.0	3.348773241043091	0.0	0.0	0.0	0.0	3.1343514919281006	0.0	0.0	0.0	0.0	0.0	0.0	0.0	2.640160322189331	2.5582058429718018	0.0	2.6524085998535156	0.0	0.0	0.0	0.0	3.032301425933838	0.0	0.0	2.3822121620178223	0.0	1.8285096883773804	2.977170467376709	0.0	0.0	0.0	0.0	3.908043384552002	0.0	0.0	0.0	0.0	0.0	0.0	0.0	0.0	0.0	0.0	0.0	0.0	0.0	0.0	2.417222261428833	0.0	0.0	0.0	0.0	0.0	0.0
0.0	0.0	0.0	2.131683588027954	0.0	0.0	0.0	2.937904119491577	0.0	0.0	2.9992334842681885	0.0	0.0	0.0	0.0	3.2880825996398926	0.0	0.0	0.0	0.0	2.9023921489715576	0.0	0.0	0.0	0.0	2.8628413677215576	3.464871883392334	0.0	0.0	2.8236372470855713	0.0	0.0	0.0	0.0	3.374274253845215	3.1575586795806885	0.0	0.0	0.0	2.687014102935791	0.0	3.560373306274414	0.0	1.4890470504760742	0.0	0.0	0.0	0.0	0.0	2.0802862644195557	0.0	0.0	0.0	0.0	0.0	0.0	0.0	0.0	0.0	0.0	3.1946957111358643	0.0	0.0	0.0	0.0	0.0	0.0	0.0	0.0	0.0	0.0	0.0	0.0	0.0	3.3721795082092285	0.0	0.0	0.0	0.0	3.140277862548828	0.0	0.0	0.0	0.0	0.0	0.0	0.0	2.6504037380218506	2.558987617492676	0.0	2.663831949234009	0.0	0.0	0.0	0.0	3.0591013431549072	0.0	0.0	2.3930249214172363	0.0	1.8305302858352661	2.993459701538086	0.0	0.0	0.0	0.0	3.928295612335205	0.0	0.0	0.0	0.0	0.0	0.0	0.0	0.0	0.0	0.0	0.0	0.0	0.0	0.0	2.430706739425659	0.0	0.0	0.0	0.0	0.0	0.0
0.0	0.0	0.0	2.1415414810180664	0.0	0.0	0.0	2.9494712352752686	0.0	0.0	3.0137014389038086	0.0	0.0	0.0	0.0	3.305501699447632	0.0	0.0	0.0	0.0	2.9105303287506104	0.0	0.0	0.0	0.0	2.870548725128174	3.477968454360962	0.0	0.0	2.8298840522766113	0.0	0.0	0.0	0.0	3.38908052444458	3.1670780181884766	0.0	0.0	0.0	2.696565628051758	0.0	3.5683467388153076	0.0	1.490058183670044	0.0	0.0	0.0	0.0	0.0	2.0920047760009766	0.0	0.0	0.0	0.0	0.0	0.0	0.0	0.0	0.0	0.0	3.209510326385498	0.0	0.0	0.0	0.0	0.0	0.0	0.0	0.0	0.0	0.0	0.0	0.0	0.0	3.3732118606567383	0.0	0.0	0.0	0.0	3.15193772315979	0.0	0.0	0.0	0.0	0.0	0.0	0.0	2.659411907196045	2.5739023685455322	0.0	2.6746017932891846	0.0	0.0	0.0	0.0	3.057635545730591	0.0	0.0	2.3986778259277344	0.0	1.8390837907791138	2.9971704483032227	0.0	0.0	0.0	0.0	3.941185712814331	0.0	0.0	0.0	0.0	0.0	0.0	0.0	0.0	0.0	0.0	0.0	0.0	0.0	0.0	2.4407200813293457	0.0	0.0	0.0	0.0	0.0	0.0
0.0	0.0	0.0	2.143724203109741	0.0	0.0	0.0	2.9478745460510254	0.0	0.0	3.0118963718414307	0.0	0.0	0.0	0.0	3.304257392883301	0.0	0.0	0.0	0.0	2.9173243045806885	0.0	0.0	0.0	0.0	2.8696534633636475	3.470460891723633	0.0	0.0	2.832620859146118	0.0	0.0	0.0	0.0	3.3868744373321533	3.164961814880371	0.0	0.0	0.0	2.7063562870025635	0.0	3.5690793991088867	0.0	1.4945032596588135	0.0	0.0	0.0	0.0	0.0	2.0905799865722656	0.0	0.0	0.0	0.0	0.0	0.0	0.0	0.0	0.0	0.0	3.20268177986145	0.0	0.0	0.0	0.0	0.0	0.0	0.0	0.0	0.0	0.0	0.0	0.0	0.0	3.3832244873046875	0.0	0.0	0.0	0.0	3.158087968826294	0.0	0.0	0.0	0.0	0.0	0.0	0.0	2.656297445297241	2.56680965423584	0.0	2.669830083847046	0.0	0.0	0.0	0.0	3.0641229152679443	0.0	0.0	2.402146100997925	0.0	1.8343571424484253	3.000762939453125	0.0	0.0	0.0	0.0	3.937720537185669	0.0	0.0	0.0	0.0	0.0	0.0	0.0	0.0	0.0	0.0	0.0	0.0	0.0	0.0	2.4403975009918213	0.0	0.0	0.0	0.0	0.0	0.0
0.0	0.0	0.0	2.1331677436828613	0.0	0.0	0.0	2.941960334777832	0.0	0.0	3.0009355545043945	0.0	0.0	0.0	0.0	3.2899343967437744	0.0	0.0	0.0	0.0	2.90811824798584	0.0	0.0	0.0	0.0	2.8576576709747314	3.459545850753784	0.0	0.0	2.821857452392578	0.0	0.0	0.0	0.0	3.3729937076568604	3.154082775115967	0.0	0.0	0.0	2.6943979263305664	0.0	3.5573620796203613	0.0	1.4839234352111816	0.0	0.0	0.0	0.0	0.0	2.083810329437256	0.0	0.0	0.0	0.0	0.0	0.0	0.0	0.0	0.0	0.0	3.1946563720703125	0.0	0.0	0.0	0.0	0.0	0.0	0.0	0.0	0.0	0.0	0.0	0.0	0.0	3.367159128189087	0.0	0.0	0.0	0.0	3.1419594287872314	0.0	0.0	0.0	0.0	0.0	0.0	0.0	2.6452476978302	2.5511527061462402	0.0	2.6656811237335205	0.0	0.0	0.0	0.0	3.053903102874756	0.0	0.0	2.3897151947021484	0.0	1.8339836597442627	2.9914143085479736	0.0	0.0	0.0	0.0	3.9233551025390625	0.0	0.0	0.0	0.0	0.0	0.0	0.0	0.0	0.0	0.0	0.0	0.0	0.0	0.0	2.4299612045288086	0.0	0.0	0.0	0.0	0.0	0.0
0.0	0.0	0.0	2.1478190422058105	0.0	0.0	0.0	2.9609787464141846	0.0	0.0	3.0197205543518066	0.0	0.0	0.0	0.0	3.3116838932037354	0.0	0.0	0.0	0.0	2.9208455085754395	0.0	0.0	0.0	0.0	2.8768346309661865	3.483781099319458	0.0	0.0	2.835385799407959	0.0	0.0	0.0	0.0	3.3944618701934814	3.173232316970825	0.0	0.0	0.0	2.7008042335510254	0.0	3.574516534805298	0.0	1.4932971000671387	0.0	0.0	0.0	0.0	0.0	2.092388153076172	0.0	0.0	0.0	0.0	0.0	0.0	0.0	0.0	0.0	0.0	3.210747718811035	0.0	0.0	0.0	0.0	0.0	0.0	0.0	0.0	0.0	0.0	0.0	0.0	0.0	3.3791284561157227	0.0	0.0	0.0	0.0	3.154294490814209	0.0	0.0	0.0	0.0	0.0	0.0	0.0	2.662567377090454	2.576566696166992	0.0	2.684969663619995	0.0	0.0	0.0	0.0	3.0638914108276367	0.0	0.0	2.403738021850586	0.0	1.8421841859817505	3.0080645084381104	0.0	0.0	0.0	0.0	3.9508676528930664	0.0	0.0	0.0	0.0	0.0	0.0	0.0	0.0	0.0	0.0	0.0	0.0	0.0	0.0	2.4382779598236084	0.0	0.0	0.0	0.0	0.0	0.0
0.0	0.0	0.0	2.1379497051239014	0.0	0.0	0.0	2.950835943222046	0.0	0.0	3.017193078994751	0.0	0.0	0.0	0.0	3.303189754486084	0.0	0.0	0.0	0.0	2.914494752883911	0.0	0.0	0.0	0.0	2.8755433559417725	3.479505777359009	0.0	0.0	2.8323307037353516	0.0	0.0	0.0	0.0	3.3885724544525146	3.168591022491455	0.0	0.0	0.0	2.696274995803833	0.0	3.5715577602386475	0.0	1.4926034212112427	0.0	0.0	0.0	0.0	0.0	2.0902891159057617	0.0	0.0	0.0	0.0	0.0	0.0	0.0	0.0	0.0	0.0	3.2115325927734375	0.0	0.0	0.0	0.0	0.0	0.0	0.0	0.0	0.0	0.0	0.0	0.0	0.0	3.3803584575653076	0.0	0.0	0.0	0.0	3.155808687210083	0.0	0.0	0.0	0.0	0.0	0.0	0.0	2.659106492996216	2.57106351852417	0.0	2.677441120147705	0.0	0.0	0.0	0.0	3.057666063308716	0.0	0.0	2.3999416828155518	0.0	1.8406621217727661	3.003596067428589	0.0	0.0	0.0	0.0	3.939509868621826	0.0	0.0	0.0	0.0	0.0	0.0	0.0	0.0	0.0	0.0	0.0	0.0	0.0	0.0	2.435135841369629	0.0	0.0	0.0	0.0	0.0	0.0
0.0	0.0	0.0	2.135808229446411	0.0	0.0	0.0	2.945469379425049	0.0	0.0	3.00492262840271	0.0	0.0	0.0	0.0	3.293449640274048	0.0	0.0	0.0	0.0	2.9048726558685303	0.0	0.0	0.0	0.0	2.8646912574768066	3.4661812782287598	0.0	0.0	2.8242387771606445	0.0	0.0	0.0	0.0	3.3780088424682617	3.1584181785583496	0.0	0.0	0.0	2.689945936203003	0.0	3.563764810562134	0.0	1.492935061454773	0.0	0.0	0.0	0.0	0.0	2.087749719619751	0.0	0.0	0.0	0.0	0.0	0.0	0.0	0.0	0.0	0.0	3.199362277984619	0.0	0.0	0.0	0.0	0.0	0.0	0.0	0.0	0.0	0.0	0.0	0.0	0.0	3.3698019981384277	0.0	0.0	0.0	0.0	3.145430326461792	0.0	0.0	0.0	0.0	0.0	0.0	0.0	2.6546380519866943	2.562528133392334	0.0	2.6634204387664795	0.0	0.0	0.0	0.0	3.0535387992858887	0.0	0.0	2.392791748046875	0.0	1.834241509437561	2.9934873580932617	0.0	0.0	0.0	0.0	3.926689624786377	0.0	0.0	0.0	0.0	0.0	0.0	0.0	0.0	0.0	0.0	0.0	0.0	0.0	0.0	2.435868740081787	0.0	0.0	0.0	0.0	0.0	0.0
0.0	0.0	0.0	2.1359477043151855	0.0	0.0	0.0	2.9472477436065674	0.0	0.0	3.0090255737304688	0.0	0.0	0.0	0.0	3.2995235919952393	0.0	0.0	0.0	0.0	2.9090330600738525	0.0	0.0	0.0	0.0	2.8650496006011963	3.4663474559783936	0.0	0.0	2.818448543548584	0.0	0.0	0.0	0.0	3.3813655376434326	3.1612653732299805	0.0	0.0	0.0	2.687722682952881	0.0	3.5629990100860596	0.0	1.4869129657745361	0.0	0.0	0.0	0.0	0.0	2.0901076793670654	0.0	0.0	0.0	0.0	0.0	0.0	0.0	0.0	0.0	0.0	3.198427677154541	0.0	0.0	0.0	0.0	0.0	0.0	0.0	0.0	0.0	0.0	0.0	0.0	0.0	3.366058111190796	0.0	0.0	0.0	0.0	3.152369499206543	0.0	0.0	0.0	0.0	0.0	0.0	0.0	2.6536319255828857	2.569723606109619	0.0	2.6652870178222656	0.0	0.0	0.0	0.0	3.052835464477539	0.0	0.0	2.393256902694702	0.0	1.8334674835205078	2.993790864944458	0.0	0.0	0.0	0.0	3.931894302368164	0.0	0.0	0.0	0.0	0.0	0.0	0.0	0.0	0.0	0.0	0.0	0.0	0.0	0.0	2.433842897415161	0.0	0.0	0.0	0.0	0.0	0.0
0.0	0.0	0.0	2.1302874088287354	0.0	0.0	0.0	2.9358036518096924	0.0	0.0	2.997748851776123	0.0	0.0	0.0	0.0	3.2818775177001953	0.0	0.0	0.0	0.0	2.9000930786132812	0.0	0.0	0.0	0.0	2.8614180088043213	3.464905023574829	0.0	0.0	2.8202154636383057	0.0	0.0	0.0	0.0	3.3726072311401367	3.1543455123901367	0.0	0.0	0.0	2.6820735931396484	0.0	3.5571775436401367	0.0	1.4881902933120728	0.0	0.0	0.0	0.0	0.0	2.084803581237793	0.0	0.0	0.0	0.0	0.0	0.0	0.0	0.0	0.0	0.0	3.192103385925293	0.0	0.0	0.0	0.0	0.0	0.0	0.0	0.0	0.0	0.0	0.0	0.0	0.0	3.3657312393188477	0.0	0.0	0.0	0.0	3.1442792415618896	0.0	0.0	0.0	0.0	0.0	0.0	0.0	2.642512083053589	2.5635619163513184	0.0	2.6640491485595703	0.0	0.0	0.0	0.0	3.046549081802368	0.0	0.0	2.3892338275909424	0.0	1.8316386938095093	2.986457347869873	0.0	0.0	0.0	0.0	3.9232330322265625	0.0	0.0	0.0	0.0	0.0	0.0	0.0	0.0	0.0	0.0	0.0	0.0	0.0	0.0	2.427807092666626	0.0	0.0	0.0	0.0	0.0	0.0
0.0	0.0	0.0	2.132398843765259	0.0	0.0	0.0	2.941756248474121	0.0	0.0	3.0060598850250244	0.0	0.0	0.0	0.0	3.2942869663238525	0.0	0.0	0.0	0.0	2.9014360904693604	0.0	0.0	0.0	0.0	2.863774299621582	3.4603161811828613	0.0	0.0	2.818920135498047	0.0	0.0	0.0	0.0	3.371638059616089	3.1544036865234375	0.0	0.0	0.0	2.690835475921631	0.0	3.5587117671966553	0.0	1.4839119911193848	0.0	0.0	0.0	0.0	0.0	2.0849194526672363	0.0	0.0	0.0	0.0	0.0	0.0	0.0	0.0	0.0	0.0	3.1900601387023926	0.0	0.0	0.0	0.0	0.0	0.0	0.0	0.0	0.0	0.0	0.0	0.0	0.0	3.368286609649658	0.0	0.0	0.0	0.0	3.143934965133667	0.0	0.0	0.0	0.0	0.0	0.0	0.0	2.6483330726623535	2.56502366065979	0.0	2.66499662399292	0.0	0.0	0.0	0.0	3.0457143783569336	0.0	0.0	2.3909518718719482	0.0	1.8274145126342773	2.9876694679260254	0.0	0.0	0.0	0.0	3.9224517345428467	0.0	0.0	0.0	0.0	0.0	0.0	0.0	0.0	0.0	0.0	0.0	0.0	0.0	0.0	2.4293453693389893	0.0	0.0	0.0	0.0	0.0	0.0
0.0	0.0	0.0	2.1383872032165527	0.0	0.0	0.0	2.9513814449310303	0.0	0.0	3.014618396759033	0.0	0.0	0.0	0.0	3.3052284717559814	0.0	0.0	0.0	0.0	2.910106658935547	0.0	0.0	0.0	0.0	2.8713126182556152	3.4746639728546143	0.0	0.0	2.828904390335083	0.0	0.0	0.0	0.0	3.386173963546753	3.167902946472168	0.0	0.0	0.0	2.6947147846221924	0.0	3.568351984024048	0.0	1.4928654432296753	0.0	0.0	0.0	0.0	0.0	2.0912320613861084	0.0	0.0	0.0	0.0	0.0	0.0	0.0	0.0	0.0	0.0	3.2034895420074463	0.0	0.0	0.0	0.0	0.0	0.0	0.0	0.0	0.0	0.0	0.0	0.0	0.0	3.3758673667907715	0.0	0.0	0.0	0.0	3.155775547027588	0.0	0.0	0.0	0.0	0.0	0.0	0.0	2.6567142009735107	2.572443723678589	0.0	2.6739745140075684	0.0	0.0	0.0	0.0	3.057992935180664	0.0	0.0	2.3980135917663574	0.0	1.839237093925476	2.997758150100708	0.0	0.0	0.0	0.0	3.939868211746216	0.0	0.0	0.0	0.0	0.0	0.0	0.0	0.0	0.0	0.0	0.0	0.0	0.0	0.0	2.435412883758545	0.0	0.0	0.0	0.0	0.0	0.0
0.0	0.0	0.0	2.139397382736206	0.0	0.0	0.0	2.9452097415924072	0.0	0.0	3.0054540634155273	0.0	0.0	0.0	0.0	3.2973344326019287	0.0	0.0	0.0	0.0	2.9068572521209717	0.0	0.0	0.0	0.0	2.8666775226593018	3.465182065963745	0.0	0.0	2.823045015335083	0.0	0.0	0.0	0.0	3.380781888961792	3.1587018966674805	0.0	0.0	0.0	2.6877288818359375	0.0	3.561223030090332	0.0	1.4919871091842651	0.0	0.0	0.0	0.0	0.0	2.086690902709961	0.0	0.0	0.0	0.0	0.0	0.0	0.0	0.0	0.0	0.0	3.19564151763916	0.0	0.0	0.0	0.0	0.0	0.0	0.0	0.0	0.0	0.0	0.0	0.0	0.0	3.369814395904541	0.0	0.0	0.0	0.0	3.148660659790039	0.0	0.0	0.0	0.0	0.0	0.0	0.0	2.654956817626953	2.56978702545166	0.0	2.6685733795166016	0.0	0.0	0.0	0.0	3.052680730819702	0.0	0.0	2.3921046257019043	0.0	1.8345263004302979	2.9922337532043457	0.0	0.0	0.0	0.0	3.9318807125091553	0.0	0.0	0.0	0.0	0.0	0.0	0.0	0.0	0.0	0.0	0.0	0.0	0.0	0.0	2.43388032913208	0.0	0.0	0.0	0.0	0.0	0.0
0.0	0.0	0.0	2.1260175704956055	0.0	0.0	0.0	2.9304425716400146	0.0	0.0	2.9909493923187256	0.0	0.0	0.0	0.0	3.2775726318359375	0.0	0.0	0.0	0.0	2.8906171321868896	0.0	0.0	0.0	0.0	2.8518447875976562	3.4532408714294434	0.0	0.0	2.810539960861206	0.0	0.0	0.0	0.0	3.361210346221924	3.145258903503418	0.0	0.0	0.0	2.6789186000823975	0.0	3.5482115745544434	0.0	1.4852720499038696	0.0	0.0	0.0	0.0	0.0	2.078746795654297	0.0	0.0	0.0	0.0	0.0	0.0	0.0	0.0	0.0	0.0	3.1808724403381348	0.0	0.0	0.0	0.0	0.0	0.0	0.0	0.0	0.0	0.0	0.0	0.0	0.0	3.351699113845825	0.0	0.0	0.0	0.0	3.131314992904663	0.0	0.0	0.0	0.0	0.0	0.0	0.0	2.6398682594299316	2.5493757724761963	0.0	2.658871650695801	0.0	0.0	0.0	0.0	3.0422537326812744	0.0	0.0	2.3824684619903564	0.0	1.8264650106430054	2.9790565967559814	0.0	0.0	0.0	0.0	3.9147775173187256	0.0	0.0	0.0	0.0	0.0	0.0	0.0	0.0	0.0	0.0	0.0	0.0	0.0	0.0	2.4186716079711914	0.0	0.0	0.0	0.0	0.0	0.0
0.0	0.0	0.0	2.136610746383667	0.0	0.0	0.0	2.9435200691223145	0.0	0.0	3.0026259422302246	0.0	0.0	0.0	0.0	3.2979543209075928	0.0	0.0	0.0	0.0	2.904545783996582	0.0	0.0	0.0	0.0	2.8641130924224854	3.4636807441711426	0.0	0.0	2.817774772644043	0.0	0.0	0.0	0.0	3.3739185333251953	3.1545603275299072	0.0	0.0	0.0	2.6947033405303955	0.0	3.5580105781555176	0.0	1.4873619079589844	0.0	0.0	0.0	0.0	0.0	2.0892348289489746	0.0	0.0	0.0	0.0	0.0	0.0	0.0	0.0	0.0	0.0	3.192517042160034	0.0	0.0	0.0	0.0	0.0	0.0	0.0	0.0	0.0	0.0	0.0	0.0	0.0	3.3705081939697266	0.0	0.0	0.0	0.0	3.1487808227539062	0.0	0.0	0.0	0.0	0.0	0.0	0.0	2.649365186691284	2.5609617233276367	0.0	2.66379451751709	0.0	0.0	0.0	0.0	3.052058696746826	0.0	0.0	2.393441677093506	0.0	1.8312790393829346	2.990405559539795	0.0	0.0	0.0	0.0	3.923858880996704	0.0	0.0	0.0	0.0	0.0	0.0	0.0	0.0	0.0	0.0	0.0	0.0	0.0	0.0	2.432054042816162	0.0	0.0	0.0	0.0	0.0	0.0
0.0	0.0	0.0	2.1403450965881348	0.0	0.0	0.0	2.952545166015625	0.0	0.0	3.0125186443328857	0.0	0.0	0.0	0.0	3.304985284805298	0.0	0.0	0.0	0.0	2.9139113426208496	0.0	0.0	0.0	0.0	2.8702125549316406	3.4735071659088135	0.0	0.0	2.8287081718444824	0.0	0.0	0.0	0.0	3.386353015899658	3.1641359329223633	0.0	0.0	0.0	2.690343141555786	0.0	3.5705347061157227	0.0	1.4929590225219727	0.0	0.0	0.0	0.0	0.0	2.0942044258117676	0.0	0.0	0.0	0.0	0.0	0.0	0.0	0.0	0.0	0.0	3.2032392024993896	0.0	0.0	0.0	0.0	0.0	0.0	0.0	0.0	0.0	0.0	0.0	0.0	0.0	3.375258207321167	0.0	0.0	0.0	0.0	3.153815507888794	0.0	0.0	0.0	0.0	0.0	0.0	0.0	2.6586077213287354	2.573094367980957	0.0	2.6714303493499756	0.0	0.0	0.0	0.0	3.0593600273132324	0.0	0.0	2.396235704421997	0.0	1.8368223905563354	2.9979231357574463	0.0	0.0	0.0	0.0	3.9383225440979004	0.0	0.0	0.0	0.0	0.0	0.0	0.0	0.0	0.0	0.0	0.0	0.0	0.0	0.0	2.436218738555908	0.0	0.0	0.0	0.0	0.0	0.0
0.0	0.0	0.0	2.133124589920044	0.0	0.0	0.0	2.9416306018829346	0.0	0.0	3.0026848316192627	0.0	0.0	0.0	0.0	3.291775703430176	0.0	0.0	0.0	0.0	2.9042859077453613	0.0	0.0	0.0	0.0	2.861478567123413	3.4634974002838135	0.0	0.0	2.822453260421753	0.0	0.0	0.0	0.0	3.3760721683502197	3.157609701156616	0.0	0.0	0.0	2.6837501525878906	0.0	3.556929111480713	0.0	1.4963157176971436	0.0	0.0	0.0	0.0	0.0	2.0826098918914795	0.0	0.0	0.0	0.0	0.0	0.0	0.0	0.0	0.0	0.0	3.198734998703003	0.0	0.0	0.0	0.0	0.0	0.0	0.0	0.0	0.0	0.0	0.0	0.0	0.0	3.3621506690979004	0.0	0.0	0.0	0.0	3.142718553543091	0.0	0.0	0.0	0.0	0.0	0.0	0.0	2.6519291400909424	2.5631906986236572	0.0	2.664865732192993	0.0	0.0	0.0	0.0	3.054464101791382	0.0	0.0	2.392232894897461	0.0	1.8346447944641113	2.9910428524017334	0.0	0.0	0.0	0.0	3.9279329776763916	0.0	0.0	0.0	0.0	0.0	0.0	0.0	0.0	0.0	0.0	0.0	0.0	0.0	0.0	2.4263362884521484	0.0	0.0	0.0	0.0	0.0	0.0
0.0	0.0	0.0	2.1360461711883545	0.0	0.0	0.0	2.946488380432129	0.0	0.0	3.001024007797241	0.0	0.0	0.0	0.0	3.2907934188842773	0.0	0.0	0.0	0.0	2.904414415359497	0.0	0.0	0.0	0.0	2.859144926071167	3.463669538497925	0.0	0.0	2.8180999755859375	0.0	0.0	0.0	0.0	3.375610113143921	3.15498948097229	0.0	0.0	0.0	2.687572956085205	0.0	3.5594592094421387	0.0	1.4867832660675049	0.0	0.0	0.0	0.0	0.0	2.081192970275879	0.0	0.0	0.0	0.0	0.0	0.0	0.0	0.0	0.0	0.0	3.191390037536621	0.0	0.0	0.0	0.0	0.0	0.0	0.0	0.0	0.0	0.0	0.0	0.0	0.0	3.362513542175293	0.0	0.0	0.0	0.0	3.1403160095214844	0.0	0.0	0.0	0.0	0.0	0.0	0.0	2.647799253463745	2.5653274059295654	0.0	2.6611127853393555	0.0	0.0	0.0	0.0	3.052844762802124	0.0	0.0	2.39018177986145	0.0	1.8338325023651123	2.990967035293579	0.0	0.0	0.0	0.0	3.9293973445892334	0.0	0.0	0.0	0.0	0.0	0.0	0.0	0.0	0.0	0.0	0.0	0.0	0.0	0.0	2.4307050704956055	0.0	0.0	0.0	0.0	0.0	0.0
0.0	0.0	0.0	2.139705181121826	0.0	0.0	0.0	2.9515271186828613	0.0	0.0	3.0101022720336914	0.0	0.0	0.0	0.0	3.3038930892944336	0.0	0.0	0.0	0.0	2.910163640975952	0.0	0.0	0.0	0.0	2.872015953063965	3.474226951599121	0.0	0.0	2.830078601837158	0.0	0.0	0.0	0.0	3.3836421966552734	3.1647918224334717	0.0	0.0	0.0	2.691044807434082	0.0	3.568746566772461	0.0	1.4918268918991089	0.0	0.0	0.0	0.0	0.0	2.087606430053711	0.0	0.0	0.0	0.0	0.0	0.0	0.0	0.0	0.0	0.0	3.2011659145355225	0.0	0.0	0.0	0.0	0.0	0.0	0.0	0.0	0.0	0.0	0.0	0.0	0.0	3.3745369911193848	0.0	0.0	0.0	0.0	3.1553916931152344	0.0	0.0	0.0	0.0	0.0	0.0	0.0	2.658454418182373	2.575190544128418	0.0	2.67350435256958	0.0	0.0	0.0	0.0	3.0565571784973145	0.0	0.0	2.399948835372925	0.0	1.8349124193191528	2.9979395866394043	0.0	0.0	0.0	0.0	3.9368412494659424	0.0	0.0	0.0	0.0	0.0	0.0	0.0	0.0	0.0	0.0	0.0	0.0	0.0	0.0	2.438992500305176	0.0	0.0	0.0	0.0	0.0	0.0
0.0	0.0	0.0	2.1356723308563232	0.0	0.0	0.0	2.9442806243896484	0.0	0.0	3.002375841140747	0.0	0.0	0.0	0.0	3.2912344932556152	0.0	0.0	0.0	0.0	2.9041788578033447	0.0	0.0	0.0	0.0	2.8624322414398193	3.4629383087158203	0.0	0.0	2.8249752521514893	0.0	0.0	0.0	0.0	3.3761088848114014	3.160454750061035	0.0	0.0	0.0	2.687974214553833	0.0	3.562323570251465	0.0	1.4888900518417358	0.0	0.0	0.0	0.0	0.0	2.0884785652160645	0.0	0.0	0.0	0.0	0.0	0.0	0.0	0.0	0.0	0.0	3.1996119022369385	0.0	0.0	0.0	0.0	0.0	0.0	0.0	0.0	0.0	0.0	0.0	0.0	0.0	3.37014102935791	0.0	0.0	0.0	0.0	3.1437370777130127	0.0	0.0	0.0	0.0	0.0	0.0	0.0	2.655977964401245	2.562440872192383	0.0	2.666844606399536	0.0	0.0	0.0	0.0	3.054919958114624	0.0	0.0	2.3933677673339844	0.0	1.8334158658981323	2.9989984035491943	0.0	0.0	0.0	0.0	3.928834915161133	0.0	0.0	0.0	0.0	0.0	0.0	0.0	0.0	0.0	0.0	0.0	0.0	0.0	0.0	2.430227756500244	0.0	0.0	0.0	0.0	0.0	0.0
0.0	0.0	0.0	2.1362006664276123	0.0	0.0	0.0	2.9425692558288574	0.0	0.0	2.997493028640747	0.0	0.0	0.0	0.0	3.2893316745758057	0.0	0.0	0.0	0.0	2.9089884757995605	0.0	0.0	0.0	0.0	2.854663372039795	3.4687514305114746	0.0	0.0	2.8198933601379395	0.0	0.0	0.0	0.0	3.368718147277832	3.1550986766815186	0.0	0.0	0.0	2.682971477508545	0.0	3.5559747219085693	0.0	1.4925503730773926	0.0	0.0	0.0	0.0	0.0	2.084934711456299	0.0	0.0	0.0	0.0	0.0	0.0	0.0	0.0	0.0	0.0	3.19670033454895	0.0	0.0	0.0	0.0	0.0	0.0	0.0	0.0	0.0	0.0	0.0	0.0	0.0	3.3647799491882324	0.0	0.0	0.0	0.0	3.1436452865600586	0.0	0.0	0.0	0.0	0.0	0.0	0.0	2.6516401767730713	2.5615174770355225	0.0	2.6629178524017334	0.0	0.0	0.0	0.0	3.053464412689209	0.0	0.0	2.393672466278076	0.0	1.8371624946594238	2.994196653366089	0.0	0.0	0.0	0.0	3.9243967533111572	0.0	0.0	0.0	0.0	0.0	0.0	0.0	0.0	0.0	0.0	0.0	0.0	0.0	0.0	2.430363893508911	0.0	0.0	0.0	0.0	0.0	0.0
0.0	0.0	0.0	2.138279676437378	0.0	0.0	0.0	2.9487266540527344	0.0	0.0	3.0122504234313965	0.0	0.0	0.0	0.0	3.299950361251831	0.0	0.0	0.0	0.0	2.9070682525634766	0.0	0.0	0.0	0.0	2.8710761070251465	3.473604202270508	0.0	0.0	2.8306376934051514	0.0	0.0	0.0	0.0	3.3827481269836426	3.166750431060791	0.0	0.0	0.0	2.6897714138031006	0.0	3.571603298187256	0.0	1.4956117868423462	0.0	0.0	0.0	0.0	0.0	2.0915586948394775	0.0	0.0	0.0	0.0	0.0	0.0	0.0	0.0	0.0	0.0	3.2010631561279297	0.0	0.0	0.0	0.0	0.0	0.0	0.0	0.0	0.0	0.0	0.0	0.0	0.0	3.3768763542175293	0.0	0.0	0.0	0.0	3.1525118350982666	0.0	0.0	0.0	0.0	0.0	0.0	0.0	2.6559314727783203	2.572129011154175	0.0	2.673081636428833	0.0	0.0	0.0	0.0	3.0550737380981445	0.0	0.0	2.401294231414795	0.0	1.8359935283660889	3.000446081161499	0.0	0.0	0.0	0.0	3.940268039703369	0.0	0.0	0.0	0.0	0.0	0.0	0.0	0.0	0.0	0.0	0.0	0.0	0.0	0.0	2.4330594539642334	0.0	0.0	0.0	0.0	0.0	0.0
0.0	0.0	0.0	2.1316897869110107	0.0	0.0	0.0	2.940613269805908	0.0	0.0	3.0016419887542725	0.0	0.0	0.0	0.0	3.286404848098755	0.0	0.0	0.0	0.0	2.901294469833374	0.0	0.0	0.0	0.0	2.8627283573150635	3.462650775909424	0.0	0.0	2.8235225677490234	0.0	0.0	0.0	0.0	3.3704283237457275	3.159999370574951	0.0	0.0	0.0	2.686206579208374	0.0	3.5586962699890137	0.0	1.491812825202942	0.0	0.0	0.0	0.0	0.0	2.082742691040039	0.0	0.0	0.0	0.0	0.0	0.0	0.0	0.0	0.0	0.0	3.1947433948516846	0.0	0.0	0.0	0.0	0.0	0.0	0.0	0.0	0.0	0.0	0.0	0.0	0.0	3.365615129470825	0.0	0.0	0.0	0.0	3.1425321102142334	0.0	0.0	0.0	0.0	0.0	0.0	0.0	2.6483399868011475	2.559135913848877	0.0	2.664334774017334	0.0	0.0	0.0	0.0	3.0533394813537598	0.0	0.0	2.389098882675171	0.0	1.8317298889160156	2.992156982421875	0.0	0.0	0.0	0.0	3.928555727005005	0.0	0.0	0.0	0.0	0.0	0.0	0.0	0.0	0.0	0.0	0.0	0.0	0.0	0.0	2.428952932357788	0.0	0.0	0.0	0.0	0.0	0.0
0.0	0.0	0.0	2.138599395751953	0.0	0.0	0.0	2.950484037399292	0.0	0.0	3.0111770629882812	0.0	0.0	0.0	0.0	3.304380178451538	0.0	0.0	0.0	0.0	2.9088521003723145	0.0	0.0	0.0	0.0	2.8699138164520264	3.4727365970611572	0.0	0.0	2.829064130783081	0.0	0.0	0.0	0.0	3.384291172027588	3.1665048599243164	0.0	0.0	0.0	2.69626784324646	0.0	3.569354772567749	0.0	1.4895648956298828	0.0	0.0	0.0	0.0	0.0	2.091046094894409	0.0	0.0	0.0	0.0	0.0	0.0	0.0	0.0	0.0	0.0	3.1986823081970215	0.0	0.0	0.0	0.0	0.0	0.0	0.0	0.0	0.0	0.0	0.0	0.0	0.0	3.3748364448547363	0.0	0.0	0.0	0.0	3.153416156768799	0.0	0.0	0.0	0.0	0.0	0.0	0.0	2.657818078994751	2.5742104053497314	0.0	2.669529914855957	0.0	0.0	0.0	0.0	3.0530197620391846	0.0	0.0	2.3992466926574707	0.0	1.8372620344161987	2.9972054958343506	0.0	0.0	0.0	0.0	3.9366064071655273	0.0	0.0	0.0	0.0	0.0	0.0	0.0	0.0	0.0	0.0	0.0	0.0	0.0	0.0	2.435995101928711	0.0	0.0	0.0	0.0	0.0	0.0
0.0	0.0	0.0	2.137474775314331	0.0	0.0	0.0	2.948927640914917	0.0	0.0	3.00961971282959	0.0	0.0	0.0	0.0	3.2966866493225098	0.0	0.0	0.0	0.0	2.9114439487457275	0.0	0.0	0.0	0.0	2.8633267879486084	3.477276086807251	0.0	0.0	2.8293380737304688	0.0	0.0	0.0	0.0	3.3784103393554688	3.1641955375671387	0.0	0.0	0.0	2.69366717338562	0.0	3.57120680809021	0.0	1.4950634241104126	0.0	0.0	0.0	0.0	0.0	2.0896809101104736	0.0	0.0	0.0	0.0	0.0	0.0	0.0	0.0	0.0	0.0	3.2040512561798096	0.0	0.0	0.0	0.0	0.0	0.0	0.0	0.0	0.0	0.0	0.0	0.0	0.0	3.3742473125457764	0.0	0.0	0.0	0.0	3.1476385593414307	0.0	0.0	0.0	0.0	0.0	0.0	0.0	2.6557743549346924	2.5661866664886475	0.0	2.67012882232666	0.0	0.0	0.0	0.0	3.060365915298462	0.0	0.0	2.398540735244751	0.0	1.833590030670166	2.9962105751037598	0.0	0.0	0.0	0.0	3.9387216567993164	0.0	0.0	0.0	0.0	0.0	0.0	0.0	0.0	0.0	0.0	0.0	0.0	0.0	0.0	2.435032844543457	0.0	0.0	0.0	0.0	0.0	0.0
0.0	0.0	0.0	2.1222732067108154	0.0	0.0	0.0	2.931391477584839	0.0	0.0	2.9929728507995605	0.0	0.0	0.0	0.0	3.2831923961639404	0.0	0.0	0.0	0.0	2.8898870944976807	0.0	0.0	0.0	0.0	2.8554024696350098	3.4479024410247803	0.0	0.0	2.8075873851776123	0.0	0.0	0.0	0.0	3.3596105575561523	3.1450912952423096	0.0	0.0	0.0	2.6770310401916504	0.0	3.5457382202148438	0.0	1.4785857200622559	0.0	0.0	0.0	0.0	0.0	2.0805344581604004	0.0	0.0	0.0	0.0	0.0	0.0	0.0	0.0	0.0	0.0	3.180079221725464	0.0	0.0	0.0	0.0	0.0	0.0	0.0	0.0	0.0	0.0	0.0	0.0	0.0	3.352008104324341	0.0	0.0	0.0	0.0	3.134843111038208	0.0	0.0	0.0	0.0	0.0	0.0	0.0	2.6397387981414795	2.5574560165405273	0.0	2.653757095336914	0.0	0.0	0.0	0.0	3.0324039459228516	0.0	0.0	2.3814730644226074	0.0	1.8236175775527954	2.9744651317596436	0.0	0.0	0.0	0.0	3.912018060684204	0.0	0.0	0.0	0.0	0.0	0.0	0.0	0.0	0.0	0.0	0.0	0.0	0.0	0.0	2.420621156692505	0.0	0.0	0.0	0.0	0.0	0.0
0.0	0.0	0.0	2.1339926719665527	0.0	0.0	0.0	2.9423091411590576	0.0	0.0	2.998560667037964	0.0	0.0	0.0	0.0	3.2890522480010986	0.0	0.0	0.0	0.0	2.896474599838257	0.0	0.0	0.0	0.0	2.860623598098755	3.4638614654541016	0.0	0.0	2.822458028793335	0.0	0.0	0.0	0.0	3.3720943927764893	3.15342378616333	0.0	0.0	0.0	2.6823372840881348	0.0	3.5556225776672363	0.0	1.489412546157837	0.0	0.0	0.0	0.0	0.0	2.0821263790130615	0.0	0.0	0.0	0.0	0.0	0.0	0.0	0.0	0.0	0.0	3.1971256732940674	0.0	0.0	0.0	0.0	0.0	0.0	0.0	0.0	0.0	0.0	0.0	0.0	0.0	3.3606295585632324	0.0	0.0	0.0	0.0	3.1463286876678467	0.0	0.0	0.0	0.0	0.0	0.0	0.0	2.6436381340026855	2.5639004707336426	0.0	2.6615235805511475	0.0	0.0	0.0	0.0	3.0499815940856934	0.0	0.0	2.3918685913085938	0.0	1.8345856666564941	2.989786148071289	0.0	0.0	0.0	0.0	3.9264392852783203	0.0	0.0	0.0	0.0	0.0	0.0	0.0	0.0	0.0	0.0	0.0	0.0	0.0	0.0	2.429561138153076	0.0	0.0	0.0	0.0	0.0	0.0
0.0	0.0	0.0	2.1377198696136475	0.0	0.0	0.0	2.9468283653259277	0.0	0.0	3.0076160430908203	0.0	0.0	0.0	0.0	3.2987422943115234	0.0	0.0	0.0	0.0	2.9086687564849854	0.0	0.0	0.0	0.0	2.861954689025879	3.468261241912842	0.0	0.0	2.8245112895965576	0.0	0.0	0.0	0.0	3.3787477016448975	3.1578574180603027	0.0	0.0	0.0	2.687852144241333	0.0	3.561310291290283	0.0	1.4863699674606323	0.0	0.0	0.0	0.0	0.0	2.0820014476776123	0.0	0.0	0.0	0.0	0.0	0.0	0.0	0.0	0.0	0.0	3.1971068382263184	0.0	0.0	0.0	0.0	0.0	0.0	0.0	0.0	0.0	0.0	0.0	0.0	0.0	3.3645522594451904	0.0	0.0	0.0	0.0	3.143317937850952	0.0	0.0	0.0	0.0	0.0	0.0	0.0	2.6548843383789062	2.565423011779785	0.0	2.664550542831421	0.0	0.0	0.0	0.0	3.0549776554107666	0.0	0.0	2.393442392349243	0.0	1.8357703685760498	2.9934747219085693	0.0	0.0	0.0	0.0	3.9339404106140137	0.0	0.0	0.0	0.0	0.0	0.0	0.0	0.0	0.0	0.0	0.0	0.0	0.0	0.0	2.434976816177368	0.0	0.0	0.0	0.0	0.0	0.0
0.0	0.0	0.0	2.1331071853637695	0.0	0.0	0.0	2.9439024925231934	0.0	0.0	2.9999032020568848	0.0	0.0	0.0	0.0	3.288004159927368	0.0	0.0	0.0	0.0	2.9027903079986572	0.0	0.0	0.0	0.0	2.861647605895996	3.463676929473877	0.0	0.0	2.8244247436523438	0.0	0.0	0.0	0.0	3.3705379962921143	3.157383441925049	0.0	0.0	0.0	2.6792802810668945	0.0	3.5597774982452393	0.0	1.4909096956253052	0.0	0.0	0.0	0.0	0.0	2.083223342895508	0.0	0.0	0.0	0.0	0.0	0.0	0.0	0.0	0.0	0.0	3.192530870437622	0.0	0.0	0.0	0.0	0.0	0.0	0.0	0.0	0.0	0.0	0.0	0.0	0.0	3.3662750720977783	0.0	0.0	0.0	0.0	3.1487009525299072	0.0	0.0	0.0	0.0	0.0	0.0	0.0	2.648951530456543	2.562018394470215	0.0	2.6639645099639893	0.0	0.0	0.0	0.0	3.050156354904175	0.0	0.0	2.395339012145996	0.0	1.83506178855896	2.989786148071289	0.0	0.0	0.0	0.0	3.9239566326141357	0.0	0.0	0.0	0.0	0.0	0.0	0.0	0.0	0.0	0.0	0.0	0.0	0.0	0.0	2.4306771755218506	0.0	0.0	0.0	0.0	0.0	0.0
0.0	0.0	0.0	2.1318790912628174	0.0	0.0	0.0	2.9470343589782715	0.0	0.0	3.002861499786377	0.0	0.0	0.0	0.0	3.2945358753204346	0.0	0.0	0.0	0.0	2.9076895713806152	0.0	0.0	0.0	0.0	2.8653881549835205	3.463564872741699	0.0	0.0	2.819807291030884	0.0	0.0	0.0	0.0	3.375959873199463	3.1567933559417725	0.0	0.0	0.0	2.689516305923462	0.0	3.560586929321289	0.0	1.4901739358901978	0.0	0.0	0.0	0.0	0.0	2.084883213043213	0.0	0.0	0.0	0.0	0.0	0.0	0.0	0.0	0.0	0.0	3.1973516941070557	0.0	0.0	0.0	0.0	0.0	0.0	0.0	0.0	0.0	0.0	0.0	0.0	0.0	3.3696272373199463	0.0	0.0	0.0	0.0	3.145599365234375	0.0	0.0	0.0	0.0	0.0	0.0	0.0	2.6508636474609375	2.564513921737671	0.0	2.6676762104034424	0.0	0.0	0.0	0.0	3.0515379905700684	0.0	0.0	2.3905575275421143	0.0	1.8320785760879517	2.9919018745422363	0.0	0.0	0.0	0.0	3.9284582138061523	0.0	0.0	0.0	0.0	0.0	0.0	0.0	0.0	0.0	0.0	0.0	0.0	0.0	0.0	2.4316859245300293	0.0	0.0	0.0	0.0	0.0	0.0
0.0	0.0	0.0	2.1367599964141846	0.0	0.0	0.0	2.949150800704956	0.0	0.0	3.011683464050293	0.0	0.0	0.0	0.0	3.302593231201172	0.0	0.0	0.0	0.0	2.9101531505584717	0.0	0.0	0.0	0.0	2.871400833129883	3.471597671508789	0.0	0.0	2.826629638671875	0.0	0.0	0.0	0.0	3.3834304809570312	3.163177251815796	0.0	0.0	0.0	2.6900506019592285	0.0	3.5687484741210938	0.0	1.4891482591629028	0.0	0.0	0.0	0.0	0.0	2.089972972869873	0.0	0.0	0.0	0.0	0.0	0.0	0.0	0.0	0.0	0.0	3.2017807960510254	0.0	0.0	0.0	0.0	0.0	0.0	0.0	0.0	0.0	0.0	0.0	0.0	0.0	3.374929428100586	0.0	0.0	0.0	0.0	3.1563775539398193	0.0	0.0	0.0	0.0	0.0	0.0	0.0	2.6561355590820312	2.573126792907715	0.0	2.6720263957977295	0.0	0.0	0.0	0.0	3.0567610263824463	0.0	0.0	2.396868944168091	0.0	1.8361907005310059	2.9949636459350586	0.0	0.0	0.0	0.0	3.9337334632873535	0.0	0.0	0.0	0.0	0.0	0.0	0.0	0.0	0.0	0.0	0.0	0.0	0.0	0.0	2.435776472091675	0.0	0.0	0.0	0.0	0.0	0.0
0.0	0.0	0.0	2.1402642726898193	0.0	0.0	0.0	2.953373670578003	0.0	0.0	3.0097148418426514	0.0	0.0	0.0	0.0	3.3061912059783936	0.0	0.0	0.0	0.0	2.9121780395507812	0.0	0.0	0.0	0.0	2.866908073425293	3.4752612113952637	0.0	0.0	2.8272318840026855	0.0	0.0	0.0	0.0	3.3861258029937744	3.1653335094451904	0.0	0.0	0.0	2.6991770267486572	0.0	3.5719218254089355	0.0	1.4896026849746704	0.0	0.0	0.0	0.0	0.0	2.0897140502929688	0.0	0.0	0.0	0.0	0.0	0.0	0.0	0.0	0.0	0.0	3.2087395191192627	0.0	0.0	0.0	0.0	0.0	0.0	0.0	0.0	0.0	0.0	0.0	0.0	0.0	3.3736073970794678	0.0	0.0	0.0	0.0	3.1540846824645996	0.0	0.0	0.0	0.0	0.0	0.0	0.0	2.660606861114502	2.5680699348449707	0.0	2.6712594032287598	0.0	0.0	0.0	0.0	3.063300848007202	0.0	0.0	2.4000439643859863	0.0	1.839382529258728	3.0021371841430664	0.0	0.0	0.0	0.0	3.9362716674804688	0.0	0.0	0.0	0.0	0.0	0.0	0.0	0.0	0.0	0.0	0.0	0.0	0.0	0.0	2.4351863861083984	0.0	0.0	0.0	0.0	0.0	0.0
0.0	0.0	0.0	2.141909599304199	0.0	0.0	0.0	2.950186252593994	0.0	0.0	3.0128395557403564	0.0	0.0	0.0	0.0	3.304614782333374	0.0	0.0	0.0	0.0	2.916830539703369	0.0	0.0	0.0	0.0	2.868905782699585	3.4709930419921875	0.0	0.0	2.829282522201538	0.0	0.0	0.0	0.0	3.386423110961914	3.162961483001709	0.0	0.0	0.0	2.7041544914245605	0.0	3.5737221240997314	0.0	1.4889792203903198	0.0	0.0	0.0	0.0	0.0	2.091282367706299	0.0	0.0	0.0	0.0	0.0	0.0	0.0	0.0	0.0	0.0	3.2079050540924072	0.0	0.0	0.0	0.0	0.0	0.0	0.0	0.0	0.0	0.0	0.0	0.0	0.0	3.3797967433929443	0.0	0.0	0.0	0.0	3.1561036109924316	0.0	0.0	0.0	0.0	0.0	0.0	0.0	2.6601357460021973	2.5653629302978516	0.0	2.677443265914917	0.0	0.0	0.0	0.0	3.0669972896575928	0.0	0.0	2.4040627479553223	0.0	1.83979070186615	2.998898983001709	0.0	0.0	0.0	0.0	3.9348411560058594	0.0	0.0	0.0	0.0	0.0	0.0	0.0	0.0	0.0	0.0	0.0	0.0	0.0	0.0	2.438040018081665	0.0	0.0	0.0	0.0	0.0	0.0
0.0	0.0	0.0	2.137226104736328	0.0	0.0	0.0	2.949307918548584	0.0	0.0	3.00876784324646	0.0	0.0	0.0	0.0	3.301575183868408	0.0	0.0	0.0	0.0	2.908444404602051	0.0	0.0	0.0	0.0	2.8706867694854736	3.466296672821045	0.0	0.0	2.824171304702759	0.0	0.0	0.0	0.0	3.3814492225646973	3.1642513275146484	0.0	0.0	0.0	2.6938066482543945	0.0	3.5691940784454346	0.0	1.4937275648117065	0.0	0.0	0.0	0.0	0.0	2.0882174968719482	0.0	0.0	0.0	0.0	0.0	0.0	0.0	0.0	0.0	0.0	3.2055506706237793	0.0	0.0	0.0	0.0	0.0	0.0	0.0	0.0	0.0	0.0	0.0	0.0	0.0	3.370807409286499	0.0	0.0	0.0	0.0	3.153488874435425	0.0	0.0	0.0	0.0	0.0	0.0	0.0	2.657809019088745	2.5712647438049316	0.0	2.6698482036590576	0.0	0.0	0.0	0.0	3.054328680038452	0.0	0.0	2.3947458267211914	0.0	1.8317921161651611	2.994023561477661	0.0	0.0	0.0	0.0	3.9339921474456787	0.0	0.0	0.0	0.0	0.0	0.0	0.0	0.0	0.0	0.0	0.0	0.0	0.0	0.0	2.4333536624908447	0.0	0.0	0.0	0.0	0.0	0.0
0.0	0.0	0.0	2.14312481880188	0.0	0.0	0.0	2.9521608352661133	0.0	0.0	3.012415647506714	0.0	0.0	0.0	0.0	3.3052241802215576	0.0	0.0	0.0	0.0	2.911799907684326	0.0	0.0	0.0	0.0	2.8743386268615723	3.4778075218200684	0.0	0.0	2.830110549926758	0.0	0.0	0.0	0.0	3.3874166011810303	3.1683311462402344	0.0	0.0	0.0	2.6954591274261475	0.0	3.5729711055755615	0.0	1.4949768781661987	0.0	0.0	0.0	0.0	0.0	2.091740369796753	0.0	0.0	0.0	0.0	0.0	0.0	0.0	0.0	0.0	0.0	3.2035694122314453	0.0	0.0	0.0	0.0	0.0	0.0	0.0	0.0	0.0	0.0	0.0	0.0	0.0	3.3791866302490234	0.0	0.0	0.0	0.0	3.157836437225342	0.0	0.0	0.0	0.0	0.0	0.0	0.0	2.6593034267425537	2.57296085357666	0.0	2.6709680557250977	0.0	0.0	0.0	0.0	3.0640928745269775	0.0	0.0	2.402092456817627	0.0	1.839002251625061	3.000788688659668	0.0	0.0	0.0	0.0	3.9415132999420166	0.0	0.0	0.0	0.0	0.0	0.0	0.0	0.0	0.0	0.0	0.0	0.0	0.0	0.0	2.4384925365448	0.0	0.0	0.0	0.0	0.0	0.0
0.0	0.0	0.0	2.1356146335601807	0.0	0.0	0.0	2.939432144165039	0.0	0.0	2.9998462200164795	0.0	0.0	0.0	0.0	3.2943575382232666	0.0	0.0	0.0	0.0	2.904763698577881	0.0	0.0	0.0	0.0	2.8592188358306885	3.4603750705718994	0.0	0.0	2.818906784057617	0.0	0.0	0.0	0.0	3.3728315830230713	3.1554183959960938	0.0	0.0	0.0	2.6930010318756104	0.0	3.5549848079681396	0.0	1.4887237548828125	0.0	0.0	0.0	0.0	0.0	2.086703300476074	0.0	0.0	0.0	0.0	0.0	0.0	0.0	0.0	0.0	0.0	3.1914443969726562	0.0	0.0	0.0	0.0	0.0	0.0	0.0	0.0	0.0	0.0	0.0	0.0	0.0	3.3660271167755127	0.0	0.0	0.0	0.0	3.142636775970459	0.0	0.0	0.0	0.0	0.0	0.0	0.0	2.6450510025024414	2.5580458641052246	0.0	2.663094997406006	0.0	0.0	0.0	0.0	3.052326202392578	0.0	0.0	2.391458749771118	0.0	1.8321393728256226	2.990131139755249	0.0	0.0	0.0	0.0	3.9219107627868652	0.0	0.0	0.0	0.0	0.0	0.0	0.0	0.0	0.0	0.0	0.0	0.0	0.0	0.0	2.4288978576660156	0.0	0.0	0.0	0.0	0.0	0.0
0.0	0.0	0.0	2.1426432132720947	0.0	0.0	0.0	2.9492154121398926	0.0	0.0	3.009207010269165	0.0	0.0	0.0	0.0	3.2996528148651123	0.0	0.0	0.0	0.0	2.9106850624084473	0.0	0.0	0.0	0.0	2.8622090816497803	3.4710605144500732	0.0	0.0	2.826085329055786	0.0	0.0	0.0	0.0	3.377845048904419	3.159824848175049	0.0	0.0	0.0	2.6882925033569336	0.0	3.562893867492676	0.0	1.489131212234497	0.0	0.0	0.0	0.0	0.0	2.0857579708099365	0.0	0.0	0.0	0.0	0.0	0.0	0.0	0.0	0.0	0.0	3.203232765197754	0.0	0.0	0.0	0.0	0.0	0.0	0.0	0.0	0.0	0.0	0.0	0.0	0.0	3.3690025806427	0.0	0.0	0.0	0.0	3.1444711685180664	0.0	0.0	0.0	0.0	0.0	0.0	0.0	2.6573946475982666	2.5677127838134766	0.0	2.667248010635376	0.0	0.0	0.0	0.0	3.0585734844207764	0.0	0.0	2.3933589458465576	0.0	1.8391327857971191	2.992093563079834	0.0	0.0	0.0	0.0	3.9375956058502197	0.0	0.0	0.0	0.0	0.0	0.0	0.0	0.0	0.0	0.0	0.0	0.0	0.0	0.0	2.4352197647094727	0.0	0.0	0.0	0.0	0.0	0.0
0.0	0.0	0.0	2.1373376846313477	0.0	0.0	0.0	2.950408935546875	0.0	0.0	3.0109829902648926	0.0	0.0	0.0	0.0	3.302668809890747	0.0	0.0	0.0	0.0	2.9122416973114014	0.0	0.0	0.0	0.0	2.873112440109253	3.474169969558716	0.0	0.0	2.8282110691070557	0.0	0.0	0.0	0.0	3.3814802169799805	3.167165756225586	0.0	0.0	0.0	2.6936938762664795	0.0	3.5688257217407227	0.0	1.4909772872924805	0.0	0.0	0.0	0.0	0.0	2.0919337272644043	0.0	0.0	0.0	0.0	0.0	0.0	0.0	0.0	0.0	0.0	3.2019805908203125	0.0	0.0	0.0	0.0	0.0	0.0	0.0	0.0	0.0	0.0	0.0	0.0	0.0	3.375412702560425	0.0	0.0	0.0	0.0	3.156852960586548	0.0	0.0	0.0	0.0	0.0	0.0	0.0	2.656534194946289	2.5740511417388916	0.0	2.6729958057403564	0.0	0.0	0.0	0.0	3.058443307876587	0.0	0.0	2.399176597595215	0.0	1.8365960121154785	2.9974098205566406	0.0	0.0	0.0	0.0	3.936211109161377	0.0	0.0	0.0	0.0	0.0	0.0	0.0	0.0	0.0	0.0	0.0	0.0	0.0	0.0	2.434075117111206	0.0	0.0	0.0	0.0	0.0	0.0
0.0	0.0	0.0	2.14017391204834	0.0	0.0	0.0	2.95168399810791	0.0	0.0	3.010103225708008	0.0	0.0	0.0	0.0	3.2992684841156006	0.0	0.0	0.0	0.0	2.912051200866699	0.0	0.0	0.0	0.0	2.8659815788269043	3.470329523086548	0.0	0.0	2.826491594314575	0.0	0.0	0.0	0.0	3.3825008869171143	3.163186550140381	0.0	0.0	0.0	2.6937739849090576	0.0	3.564516067504883	0.0	1.4923486709594727	0.0	0.0	0.0	0.0	0.0	2.088156223297119	0.0	0.0	0.0	0.0	0.0	0.0	0.0	0.0	0.0	0.0	3.2031047344207764	0.0	0.0	0.0	0.0	0.0	0.0	0.0	0.0	0.0	0.0	0.0	0.0	0.0	3.3709192276000977	0.0	0.0	0.0	0.0	3.149488687515259	0.0	0.0	0.0	0.0	0.0	0.0	0.0	2.656731367111206	2.567727565765381	0.0	2.668794870376587	0.0	0.0	0.0	0.0	3.0607614517211914	0.0	0.0	2.3963732719421387	0.0	1.8332338333129883	2.9996721744537354	0.0	0.0	0.0	0.0	3.934556007385254	0.0	0.0	0.0	0.0	0.0	0.0	0.0	0.0	0.0	0.0	0.0	0.0	0.0	0.0	2.437288761138916	0.0	0.0	0.0	0.0	0.0	0.0
0.0	0.0	0.0	2.1385574340820312	0.0	0.0	0.0	2.952397584915161	0.0	0.0	3.0120086669921875	0.0	0.0	0.0	0.0	3.304542303085327	0.0	0.0	0.0	0.0	2.9118943214416504	0.0	0.0	0.0	0.0	2.8732805252075195	3.4757797718048096	0.0	0.0	2.8276171684265137	0.0	0.0	0.0	0.0	3.3853659629821777	3.1672186851501465	0.0	0.0	0.0	2.694455146789551	0.0	3.5702922344207764	0.0	1.4915964603424072	0.0	0.0	0.0	0.0	0.0	2.0950253009796143	0.0	0.0	0.0	0.0	0.0	0.0	0.0	0.0	0.0	0.0	3.203979969024658	0.0	0.0	0.0	0.0	0.0	0.0	0.0	0.0	0.0	0.0	0.0	0.0	0.0	3.379398822784424	0.0	0.0	0.0	0.0	3.1574506759643555	0.0	0.0	0.0	0.0	0.0	0.0	0.0	2.661323070526123	2.574002742767334	0.0	2.6733527183532715	0.0	0.0	0.0	0.0	3.0560386180877686	0.0	0.0	2.397768497467041	0.0	1.8374457359313965	2.999563455581665	0.0	0.0	0.0	0.0	3.937533378601074	0.0	0.0	0.0	0.0	0.0	0.0	0.0	0.0	0.0	0.0	0.0	0.0	0.0	0.0	2.4368982315063477	0.0	0.0	0.0	0.0	0.0	0.0
0.0	0.0	0.0	2.1237175464630127	0.0	0.0	0.0	2.938089370727539	0.0	0.0	2.99943470954895	0.0	0.0	0.0	0.0	3.285177707672119	0.0	0.0	0.0	0.0	2.9046037197113037	0.0	0.0	0.0	0.0	2.855804443359375	3.46293306350708	0.0	0.0	2.8265881538391113	0.0	0.0	0.0	0.0	3.3704349994659424	3.1527774333953857	0.0	0.0	0.0	2.680536985397339	0.0	3.5588908195495605	0.0	1.4923412799835205	0.0	0.0	0.0	0.0	0.0	2.0825860500335693	0.0	0.0	0.0	0.0	0.0	0.0	0.0	0.0	0.0	0.0	3.193861484527588	0.0	0.0	0.0	0.0	0.0	0.0	0.0	0.0	0.0	0.0	0.0	0.0	0.0	3.3619067668914795	0.0	0.0	0.0	0.0	3.1375133991241455	0.0	0.0	0.0	0.0	0.0	0.0	0.0	2.647325038909912	2.5556557178497314	0.0	2.6596269607543945	0.0	0.0	0.0	0.0	3.0532665252685547	0.0	0.0	2.394230604171753	0.0	1.8355138301849365	2.9893620014190674	0.0	0.0	0.0	0.0	3.92384672164917	0.0	0.0	0.0	0.0	0.0	0.0	0.0	0.0	0.0	0.0	0.0	0.0	0.0	0.0	2.4284186363220215	0.0	0.0	0.0	0.0	0.0	0.0
0.0	0.0	0.0	2.128453493118286	0.0	0.0	0.0	2.927778482437134	0.0	0.0	2.9847962856292725	0.0	0.0	0.0	0.0	3.272841215133667	0.0	0.0	0.0	0.0	2.8968961238861084	0.0	0.0	0.0	0.0	2.848815441131592	3.452576160430908	0.0	0.0	2.810713768005371	0.0	0.0	0.0	0.0	3.357527256011963	3.1488451957702637	0.0	0.0	0.0	2.673459053039551	0.0	3.5481927394866943	0.0	1.4887187480926514	0.0	0.0	0.0	0.0	0.0	2.0742597579956055	0.0	0.0	0.0	0.0	0.0	0.0	0.0	0.0	0.0	0.0	3.184155225753784	0.0	0.0	0.0	0.0	0.0	0.0	0.0	0.0	0.0	0.0	0.0	0.0	0.0	3.3478167057037354	0.0	0.0	0.0	0.0	3.1295316219329834	0.0	0.0	0.0	0.0	0.0	0.0	0.0	2.636138916015625	2.550372838973999	0.0	2.658109426498413	0.0	0.0	0.0	0.0	3.0481998920440674	0.0	0.0	2.378906726837158	0.0	1.8267542123794556	2.982815980911255	0.0	0.0	0.0	0.0	3.912933111190796	0.0	0.0	0.0	0.0	0.0	0.0	0.0	0.0	0.0	0.0	0.0	0.0	0.0	0.0	2.4187357425689697	0.0	0.0	0.0	0.0	0.0	0.0
0.0	0.0	0.0	2.13698148727417	0.0	0.0	0.0	2.937580108642578	0.0	0.0	3.0022265911102295	0.0	0.0	0.0	0.0	3.2880916595458984	0.0	0.0	0.0	0.0	2.9003634452819824	0.0	0.0	0.0	0.0	2.86506724357605	3.469409465789795	0.0	0.0	2.8219614028930664	0.0	0.0	0.0	0.0	3.3755922317504883	3.1574742794036865	0.0	0.0	0.0	2.68900465965271	0.0	3.5625274181365967	0.0	1.4881250858306885	0.0	0.0	0.0	0.0	0.0	2.084442138671875	0.0	0.0	0.0	0.0	0.0	0.0	0.0	0.0	0.0	0.0	3.1992321014404297	0.0	0.0	0.0	0.0	0.0	0.0	0.0	0.0	0.0	0.0	0.0	0.0	0.0	3.3648428916931152	0.0	0.0	0.0	0.0	3.147533416748047	0.0	0.0	0.0	0.0	0.0	0.0	0.0	2.6495611667633057	2.563000440597534	0.0	2.6663153171539307	0.0	0.0	0.0	0.0	3.0532901287078857	0.0	0.0	2.390561819076538	0.0	1.8340407609939575	2.98608136177063	0.0	0.0	0.0	0.0	3.9266300201416016	0.0	0.0	0.0	0.0	0.0	0.0	0.0	0.0	0.0	0.0	0.0	0.0	0.0	0.0	2.427177906036377	0.0	0.0	0.0	0.0	0.0	0.0
0.0	0.0	0.0	2.1387686729431152	0.0	0.0	0.0	2.948038101196289	0.0	0.0	3.007833480834961	0.0	0.0	0.0	0.0	3.2959201335906982	0.0	0.0	0.0	0.0	2.908292293548584	0.0	0.0	0.0	0.0	2.872004270553589	3.4720757007598877	0.0	0.0	2.828071355819702	0.0	0.0	0.0	0.0	3.385392665863037	3.1689534187316895	0.0	0.0	0.0	2.6920719146728516	0.0	3.56906795501709	0.0	1.493905782699585	0.0	0.0	0.0	0.0	0.0	2.081392288208008	0.0	0.0	0.0	0.0	0.0	0.0	0.0	0.0	0.0	0.0	3.2012758255004883	0.0	0.0	0.0	0.0	0.0	0.0	0.0	0.0	0.0	0.0	0.0	0.0	0.0	3.366860866546631	0.0	0.0	0.0	0.0	3.153826951980591	0.0	0.0	0.0	0.0	0.0	0.0	0.0	2.655726432800293	2.566642999649048	0.0	2.67244029045105	0.0	0.0	0.0	0.0	3.055523633956909	0.0	0.0	2.3931968212127686	0.0	1.8358656167984009	2.9984233379364014	0.0	0.0	0.0	0.0	3.9395906925201416	0.0	0.0	0.0	0.0	0.0	0.0	0.0	0.0	0.0	0.0	0.0	0.0	0.0	0.0	2.4333605766296387	0.0	0.0	0.0	0.0	0.0	0.0
0.0	0.0	0.0	2.1337530612945557	0.0	0.0	0.0	2.947310209274292	0.0	0.0	3.0016837120056152	0.0	0.0	0.0	0.0	3.2938156127929688	0.0	0.0	0.0	0.0	2.9058306217193604	0.0	0.0	0.0	0.0	2.8660998344421387	3.4708786010742188	0.0	0.0	2.8231492042541504	0.0	0.0	0.0	0.0	3.377688407897949	3.161562919616699	0.0	0.0	0.0	2.6898701190948486	0.0	3.5639944076538086	0.0	1.4896209239959717	0.0	0.0	0.0	0.0	0.0	2.0898568630218506	0.0	0.0	0.0	0.0	0.0	0.0	0.0	0.0	0.0	0.0	3.2013587951660156	0.0	0.0	0.0	0.0	0.0	0.0	0.0	0.0	0.0	0.0	0.0	0.0	0.0	3.3699522018432617	0.0	0.0	0.0	0.0	3.150515556335449	0.0	0.0	0.0	0.0	0.0	0.0	0.0	2.653233289718628	2.5698909759521484	0.0	2.6672768592834473	0.0	0.0	0.0	0.0	3.055847644805908	0.0	0.0	2.391721248626709	0.0	1.836210012435913	2.9926540851593018	0.0	0.0	0.0	0.0	3.9303643703460693	0.0	0.0	0.0	0.0	0.0	0.0	0.0	0.0	0.0	0.0	0.0	0.0	0.0	0.0	2.4342050552368164	0.0	0.0	0.0	0.0	0.0	0.0
0.0	0.0	0.0	2.134793281555176	0.0	0.0	0.0	2.947021007537842	0.0	0.0	3.007108211517334	0.0	0.0	0.0	0.0	3.2858874797821045	0.0	0.0	0.0	0.0	2.905406951904297	0.0	0.0	0.0	0.0	2.8554883003234863	3.464635133743286	0.0	0.0	2.8193612098693848	0.0	0.0	0.0	0.0	3.3733420372009277	3.1556239128112793	0.0	0.0	0.0	2.6898982524871826	0.0	3.5619428157806396	0.0	1.4883061647415161	0.0	0.0	0.0	0.0	0.0	2.0845518112182617	0.0	0.0	0.0	0.0	0.0	0.0	0.0	0.0	0.0	0.0	3.1905336380004883	0.0	0.0	0.0	0.0	0.0	0.0	0.0	0.0	0.0	0.0	0.0	0.0	0.0	3.3631856441497803	0.0	0.0	0.0	0.0	3.1488595008850098	0.0	0.0	0.0	0.0	0.0	0.0	0.0	2.6505956649780273	2.5622029304504395	0.0	2.665188789367676	0.0	0.0	0.0	0.0	3.0551657676696777	0.0	0.0	2.393974542617798	0.0	1.8317285776138306	2.9903018474578857	0.0	0.0	0.0	0.0	3.928013324737549	0.0	0.0	0.0	0.0	0.0	0.0	0.0	0.0	0.0	0.0	0.0	0.0	0.0	0.0	2.4253756999969482	0.0	0.0	0.0	0.0	0.0	0.0
0.0	0.0	0.0	2.137392282485962	0.0	0.0	0.0	2.948474168777466	0.0	0.0	3.010154962539673	0.0	0.0	0.0	0.0	3.3015525341033936	0.0	0.0	0.0	0.0	2.912821054458618	0.0	0.0	0.0	0.0	2.8671133518218994	3.4634294509887695	0.0	0.0	2.8268282413482666	0.0	0.0	0.0	0.0	3.3814399242401123	3.158646821975708	0.0	0.0	0.0	2.696432590484619	0.0	3.5635743141174316	0.0	1.489672303199768	0.0	0.0	0.0	0.0	0.0	2.091550827026367	0.0	0.0	0.0	0.0	0.0	0.0	0.0	0.0	0.0	0.0	3.19950795173645	0.0	0.0	0.0	0.0	0.0	0.0	0.0	0.0	0.0	0.0	0.0	0.0	0.0	3.3730716705322266	0.0	0.0	0.0	0.0	3.1493563652038574	0.0	0.0	0.0	0.0	0.0	0.0	0.0	2.6539835929870605	2.564744472503662	0.0	2.671539545059204	0.0	0.0	0.0	0.0	3.0638437271118164	0.0	0.0	2.396028757095337	0.0	1.8370225429534912	2.996307373046875	0.0	0.0	0.0	0.0	3.9311776161193848	0.0	0.0	0.0	0.0	0.0	0.0	0.0	0.0	0.0	0.0	0.0	0.0	0.0	0.0	2.438697576522827	0.0	0.0	0.0	0.0	0.0	0.0
0.0	0.0	0.0	2.1476550102233887	0.0	0.0	0.0	2.959105968475342	0.0	0.0	3.017019748687744	0.0	0.0	0.0	0.0	3.3072409629821777	0.0	0.0	0.0	0.0	2.9214730262756348	0.0	0.0	0.0	0.0	2.8772454261779785	3.482383966445923	0.0	0.0	2.836545944213867	0.0	0.0	0.0	0.0	3.3945791721343994	3.1755101680755615	0.0	0.0	0.0	2.7039244174957275	0.0	3.5837197303771973	0.0	1.502373218536377	0.0	0.0	0.0	0.0	0.0	2.096393585205078	0.0	0.0	0.0	0.0	0.0	0.0	0.0	0.0	0.0	0.0	3.2175440788269043	0.0	0.0	0.0	0.0	0.0	0.0	0.0	0.0	0.0	0.0	0.0	0.0	0.0	3.3845906257629395	0.0	0.0	0.0	0.0	3.1600635051727295	0.0	0.0	0.0	0.0	0.0	0.0	0.0	2.6652235984802246	2.575408935546875	0.0	2.684504747390747	0.0	0.0	0.0	0.0	3.0673012733459473	0.0	0.0	2.4071526527404785	0.0	1.842041254043579	3.01029372215271	0.0	0.0	0.0	0.0	3.951465368270874	0.0	0.0	0.0	0.0	0.0	0.0	0.0	0.0	0.0	0.0	0.0	0.0	0.0	0.0	2.4432969093322754	0.0	0.0	0.0	0.0	0.0	0.0
0.0	0.0	0.0	2.131377696990967	0.0	0.0	0.0	2.944124460220337	0.0	0.0	3.002338171005249	0.0	0.0	0.0	0.0	3.2938926219940186	0.0	0.0	0.0	0.0	2.904541492462158	0.0	0.0	0.0	0.0	2.8645517826080322	3.465000867843628	0.0	0.0	2.8215646743774414	0.0	0.0	0.0	0.0	3.3726470470428467	3.1548640727996826	0.0	0.0	0.0	2.6861166954040527	0.0	3.5578761100769043	0.0	1.4865696430206299	0.0	0.0	0.0	0.0	0.0	2.087339162826538	0.0	0.0	0.0	0.0	0.0	0.0	0.0	0.0	0.0	0.0	3.1949362754821777	0.0	0.0	0.0	0.0	0.0	0.0	0.0	0.0	0.0	0.0	0.0	0.0	0.0	3.3675270080566406	0.0	0.0	0.0	0.0	3.146822452545166	0.0	0.0	0.0	0.0	0.0	0.0	0.0	2.6533961296081543	2.565932512283325	0.0	2.662153720855713	0.0	0.0	0.0	0.0	3.049154758453369	0.0	0.0	2.3892102241516113	0.0	1.8361048698425293	2.991421937942505	0.0	0.0	0.0	0.0	3.9267468452453613	0.0	0.0	0.0	0.0	0.0	0.0	0.0	0.0	0.0	0.0	0.0	0.0	0.0	0.0	2.430992364883423	0.0	0.0	0.0	0.0	0.0	0.0
0.0	0.0	0.0	2.1373965740203857	0.0	0.0	0.0	2.9504380226135254	0.0	0.0	3.007990837097168	0.0	0.0	0.0	0.0	3.299309730529785	0.0	0.0	0.0	0.0	2.911794662475586	0.0	0.0	0.0	0.0	2.867767333984375	3.4608101844787598	0.0	0.0	2.828713893890381	0.0	0.0	0.0	0.0	3.375913619995117	3.159919261932373	0.0	0.0	0.0	2.7022459506988525	0.0	3.560940980911255	0.0	1.489574670791626	0.0	0.0	0.0	0.0	0.0	2.0854105949401855	0.0	0.0	0.0	0.0	0.0	0.0	0.0	0.0	0.0	0.0	3.1990644931793213	0.0	0.0	0.0	0.0	0.0	0.0	0.0	0.0	0.0	0.0	0.0	0.0	0.0	3.372749090194702	0.0	0.0	0.0	0.0	3.1479170322418213	0.0	0.0	0.0	0.0	0.0	0.0	0.0	2.6489384174346924	2.5614800453186035	0.0	2.663381576538086	0.0	0.0	0.0	0.0	3.056246757507324	0.0	0.0	2.3955326080322266	0.0	1.8347777128219604	2.9943056106567383	0.0	0.0	0.0	0.0	3.9314651489257812	0.0	0.0	0.0	0.0	0.0	0.0	0.0	0.0	0.0	0.0	0.0	0.0	0.0	0.0	2.4334044456481934	0.0	0.0	0.0	0.0	0.0	0.0
0.0	0.0	0.0	2.1416258811950684	0.0	0.0	0.0	2.951658010482788	0.0	0.0	3.0136425495147705	0.0	0.0	0.0	0.0	3.3051867485046387	0.0	0.0	0.0	0.0	2.9149301052093506	0.0	0.0	0.0	0.0	2.8703560829162598	3.4756877422332764	0.0	0.0	2.8258302211761475	0.0	0.0	0.0	0.0	3.3847427368164062	3.164001226425171	0.0	0.0	0.0	2.702380657196045	0.0	3.5698401927948	0.0	1.491486668586731	0.0	0.0	0.0	0.0	0.0	2.094564914703369	0.0	0.0	0.0	0.0	0.0	0.0	0.0	0.0	0.0	0.0	3.1989858150482178	0.0	0.0	0.0	0.0	0.0	0.0	0.0	0.0	0.0	0.0	0.0	0.0	0.0	3.3783628940582275	0.0	0.0	0.0	0.0	3.157360315322876	0.0	0.0	0.0	0.0	0.0	0.0	0.0	2.6566145420074463	2.571457624435425	0.0	2.6744585037231445	0.0	0.0	0.0	0.0	3.0575144290924072	0.0	0.0	2.4012770652770996	0.0	1.836465835571289	3.0007705688476562	0.0	0.0	0.0	0.0	3.938328266143799	0.0	0.0	0.0	0.0	0.0	0.0	0.0	0.0	0.0	0.0	0.0	0.0	0.0	0.0	2.4380087852478027	0.0	0.0	0.0	0.0	0.0	0.0
0.0	0.0	0.0	2.1419849395751953	0.0	0.0	0.0	2.9534108638763428	0.0	0.0	3.0090949535369873	0.0	0.0	0.0	0.0	3.298933506011963	0.0	0.0	0.0	0.0	2.91349720954895	0.0	0.0	0.0	0.0	2.8701648712158203	3.472720146179199	0.0	0.0	2.8326735496520996	0.0	0.0	0.0	0.0	3.382699728012085	3.1658103466033936	0.0	0.0	0.0	2.694612741470337	0.0	3.5700936317443848	0.0	1.493274211883545	0.0	0.0	0.0	0.0	0.0	2.0839805603027344	0.0	0.0	0.0	0.0	0.0	0.0	0.0	0.0	0.0	0.0	3.2018661499023438	0.0	0.0	0.0	0.0	0.0	0.0	0.0	0.0	0.0	0.0	0.0	0.0	0.0	3.3767905235290527	0.0	0.0	0.0	0.0	3.1516735553741455	0.0	0.0	0.0	0.0	0.0	0.0	0.0	2.6568503379821777	2.5700414180755615	0.0	2.6708052158355713	0.0	0.0	0.0	0.0	3.0580904483795166	0.0	0.0	2.3964180946350098	0.0	1.839771032333374	3.000491142272949	0.0	0.0	0.0	0.0	3.9396650791168213	0.0	0.0	0.0	0.0	0.0	0.0	0.0	0.0	0.0	0.0	0.0	0.0	0.0	0.0	2.428976535797119	0.0	0.0	0.0	0.0	0.0	0.0
0.0	0.0	0.0	2.133195161819458	0.0	0.0	0.0	2.9387354850769043	0.0	0.0	2.9980342388153076	0.0	0.0	0.0	0.0	3.2884624004364014	0.0	0.0	0.0	0.0	2.9005649089813232	0.0	0.0	0.0	0.0	2.860725164413452	3.4601023197174072	0.0	0.0	2.8225579261779785	0.0	0.0	0.0	0.0	3.370645761489868	3.152967691421509	0.0	0.0	0.0	2.684784173965454	0.0	3.560835123062134	0.0	1.4895621538162231	0.0	0.0	0.0	0.0	0.0	2.0800576210021973	0.0	0.0	0.0	0.0	0.0	0.0	0.0	0.0	0.0	0.0	3.192784547805786	0.0	0.0	0.0	0.0	0.0	0.0	0.0	0.0	0.0	0.0	0.0	0.0	0.0	3.362300157546997	0.0	0.0	0.0	0.0	3.139981985092163	0.0	0.0	0.0	0.0	0.0	0.0	0.0	2.6456122398376465	2.5626559257507324	0.0	2.665677070617676	0.0	0.0	0.0	0.0	3.0454723834991455	0.0	0.0	2.3903911113739014	0.0	1.8306524753570557	2.9873154163360596	0.0	0.0	0.0	0.0	3.9234790802001953	0.0	0.0	0.0	0.0	0.0	0.0	0.0	0.0	0.0	0.0	0.0	0.0	0.0	0.0	2.425971746444702	0.0	0.0	0.0	0.0	0.0	0.0
0.0	0.0	0.0	2.1359481811523438	0.0	0.0	0.0	2.9527080059051514	0.0	0.0	3.011075735092163	0.0	0.0	0.0	0.0	3.3061251640319824	0.0	0.0	0.0	0.0	2.912163496017456	0.0	0.0	0.0	0.0	2.873659133911133	3.472954511642456	0.0	0.0	2.828338623046875	0.0	0.0	0.0	0.0	3.385854721069336	3.1664669513702393	0.0	0.0	0.0	2.693115234375	0.0	3.5703158378601074	0.0	1.4941891431808472	0.0	0.0	0.0	0.0	0.0	2.0922698974609375	0.0	0.0	0.0	0.0	0.0	0.0	0.0	0.0	0.0	0.0	3.203547239303589	0.0	0.0	0.0	0.0	0.0	0.0	0.0	0.0	0.0	0.0	0.0	0.0	0.0	3.3756606578826904	0.0	0.0	0.0	0.0	3.159435272216797	0.0	0.0	0.0	0.0	0.0	0.0	0.0	2.65785551071167	2.5748236179351807	0.0	2.6741721630096436	0.0	0.0	0.0	0.0	3.0592727661132812	0.0	0.0	2.3966617584228516	0.0	1.835922360420227	2.997792959213257	0.0	0.0	0.0	0.0	3.937849521636963	0.0	0.0	0.0	0.0	0.0	0.0	0.0	0.0	0.0	0.0	0.0	0.0	0.0	0.0	2.436461925506592	0.0	0.0	0.0	0.0	0.0	0.0
0.0	0.0	0.0	2.141533613204956	0.0	0.0	0.0	2.946911096572876	0.0	0.0	3.0066800117492676	0.0	0.0	0.0	0.0	3.298410177230835	0.0	0.0	0.0	0.0	2.910341739654541	0.0	0.0	0.0	0.0	2.8701388835906982	3.473513126373291	0.0	0.0	2.829381227493286	0.0	0.0	0.0	0.0	3.384018898010254	3.1626205444335938	0.0	0.0	0.0	2.6956233978271484	0.0	3.5718066692352295	0.0	1.4904530048370361	0.0	0.0	0.0	0.0	0.0	2.087656021118164	0.0	0.0	0.0	0.0	0.0	0.0	0.0	0.0	0.0	0.0	3.2024776935577393	0.0	0.0	0.0	0.0	0.0	0.0	0.0	0.0	0.0	0.0	0.0	0.0	0.0	3.3777079582214355	0.0	0.0	0.0	0.0	3.1490676403045654	0.0	0.0	0.0	0.0	0.0	0.0	0.0	2.6546895503997803	2.5719432830810547	0.0	2.6712145805358887	0.0	0.0	0.0	0.0	3.057432174682617	0.0	0.0	2.401636838912964	0.0	1.8434470891952515	2.999082088470459	0.0	0.0	0.0	0.0	3.9417104721069336	0.0	0.0	0.0	0.0	0.0	0.0	0.0	0.0	0.0	0.0	0.0	0.0	0.0	0.0	2.437140941619873	0.0	0.0	0.0	0.0	0.0	0.0
0.0	0.0	0.0	2.135824680328369	0.0	0.0	0.0	2.948679208755493	0.0	0.0	3.0085952281951904	0.0	0.0	0.0	0.0	3.297391414642334	0.0	0.0	0.0	0.0	2.9071123600006104	0.0	0.0	0.0	0.0	2.8676564693450928	3.4688823223114014	0.0	0.0	2.823467493057251	0.0	0.0	0.0	0.0	3.381981372833252	3.162285566329956	0.0	0.0	0.0	2.689023494720459	0.0	3.564344882965088	0.0	1.4878771305084229	0.0	0.0	0.0	0.0	0.0	2.0883684158325195	0.0	0.0	0.0	0.0	0.0	0.0	0.0	0.0	0.0	0.0	3.1989970207214355	0.0	0.0	0.0	0.0	0.0	0.0	0.0	0.0	0.0	0.0	0.0	0.0	0.0	3.3695802688598633	0.0	0.0	0.0	0.0	3.146467924118042	0.0	0.0	0.0	0.0	0.0	0.0	0.0	2.652763843536377	2.569186210632324	0.0	2.6666369438171387	0.0	0.0	0.0	0.0	3.0539605617523193	0.0	0.0	2.394676923751831	0.0	1.8329468965530396	2.9924895763397217	0.0	0.0	0.0	0.0	3.9347000122070312	0.0	0.0	0.0	0.0	0.0	0.0	0.0	0.0	0.0	0.0	0.0	0.0	0.0	0.0	2.433377265930176	0.0	0.0	0.0	0.0	0.0	0.0
0.0	0.0	0.0	2.1360726356506348	0.0	0.0	0.0	2.942910671234131	0.0	0.0	3.004701852798462	0.0	0.0	0.0	0.0	3.28834867477417	0.0	0.0	0.0	0.0	2.901965379714966	0.0	0.0	0.0	0.0	2.861293077468872	3.4611902236938477	0.0	0.0	2.8154194355010986	0.0	0.0	0.0	0.0	3.375016450881958	3.158118963241577	0.0	0.0	0.0	2.6877222061157227	0.0	3.561025381088257	0.0	1.4887837171554565	0.0	0.0	0.0	0.0	0.0	2.0848336219787598	0.0	0.0	0.0	0.0	0.0	0.0	0.0	0.0	0.0	0.0	3.1937038898468018	0.0	0.0	0.0	0.0	0.0	0.0	0.0	0.0	0.0	0.0	0.0	0.0	0.0	3.3622806072235107	0.0	0.0	0.0	0.0	3.1430764198303223	0.0	0.0	0.0	0.0	0.0	0.0	0.0	2.6513419151306152	2.5605034828186035	0.0	2.663433313369751	0.0	0.0	0.0	0.0	3.050861358642578	0.0	0.0	2.392083168029785	0.0	1.8273684978485107	2.9885714054107666	0.0	0.0	0.0	0.0	3.9272918701171875	0.0	0.0	0.0	0.0	0.0	0.0	0.0	0.0	0.0	0.0	0.0	0.0	0.0	0.0	2.4301605224609375	0.0	0.0	0.0	0.0	0.0	0.0
0.0	0.0	0.0	2.1364810466766357	0.0	0.0	0.0	2.9484307765960693	0.0	0.0	3.005497455596924	0.0	0.0	0.0	0.0	3.297508955001831	0.0	0.0	0.0	0.0	2.907090902328491	0.0	0.0	0.0	0.0	2.8672332763671875	3.466322422027588	0.0	0.0	2.8243165016174316	0.0	0.0	0.0	0.0	3.3800392150878906	3.1623647212982178	0.0	0.0	0.0	2.6891355514526367	0.0	3.5604963302612305	0.0	1.489212155342102	0.0	0.0	0.0	0.0	0.0	2.0857601165771484	0.0	0.0	0.0	0.0	0.0	0.0	0.0	0.0	0.0	0.0	3.1958882808685303	0.0	0.0	0.0	0.0	0.0	0.0	0.0	0.0	0.0	0.0	0.0	0.0	0.0	3.368600845336914	0.0	0.0	0.0	0.0	3.147584915161133	0.0	0.0	0.0	0.0	0.0	0.0	0.0	2.6528267860412598	2.5688350200653076	0.0	2.669081926345825	0.0	0.0	0.0	0.0	3.052903413772583	0.0	0.0	2.3936970233917236	0.0	1.8322668075561523	2.991360664367676	0.0	0.0	0.0	0.0	3.9314217567443848	0.0	0.0	0.0	0.0	0.0	0.0	0.0	0.0	0.0	0.0	0.0	0.0	0.0	0.0	2.43232798576355	0.0	0.0	0.0	0.0	0.0	0.0
0.0	0.0	0.0	2.132704734802246	0.0	0.0	0.0	2.9410433769226074	0.0	0.0	3.00386643409729	0.0	0.0	0.0	0.0	3.2863054275512695	0.0	0.0	0.0	0.0	2.8988661766052246	0.0	0.0	0.0	0.0	2.8636691570281982	3.4612927436828613	0.0	0.0	2.824734926223755	0.0	0.0	0.0	0.0	3.374721050262451	3.157081365585327	0.0	0.0	0.0	2.686323642730713	0.0	3.561347246170044	0.0	1.4905681610107422	0.0	0.0	0.0	0.0	0.0	2.087376832962036	0.0	0.0	0.0	0.0	0.0	0.0	0.0	0.0	0.0	0.0	3.195819854736328	0.0	0.0	0.0	0.0	0.0	0.0	0.0	0.0	0.0	0.0	0.0	0.0	0.0	3.364133358001709	0.0	0.0	0.0	0.0	3.14037823677063	0.0	0.0	0.0	0.0	0.0	0.0	0.0	2.6502625942230225	2.5643253326416016	0.0	2.663925886154175	0.0	0.0	0.0	0.0	3.0553672313690186	0.0	0.0	2.393566131591797	0.0	1.8313050270080566	2.9887654781341553	0.0	0.0	0.0	0.0	3.9244534969329834	0.0	0.0	0.0	0.0	0.0	0.0	0.0	0.0	0.0	0.0	0.0	0.0	0.0	0.0	2.427741050720215	0.0	0.0	0.0	0.0	0.0	0.0
0.0	0.0	0.0	2.1367347240448	0.0	0.0	0.0	2.951774835586548	0.0	0.0	3.0061850547790527	0.0	0.0	0.0	0.0	3.2919771671295166	0.0	0.0	0.0	0.0	2.9054293632507324	0.0	0.0	0.0	0.0	2.8653926849365234	3.4666709899902344	0.0	0.0	2.8288373947143555	0.0	0.0	0.0	0.0	3.379190683364868	3.1603121757507324	0.0	0.0	0.0	2.687342643737793	0.0	3.5640170574188232	0.0	1.4911824464797974	0.0	0.0	0.0	0.0	0.0	2.089416980743408	0.0	0.0	0.0	0.0	0.0	0.0	0.0	0.0	0.0	0.0	3.1987898349761963	0.0	0.0	0.0	0.0	0.0	0.0	0.0	0.0	0.0	0.0	0.0	0.0	0.0	3.3709332942962646	0.0	0.0	0.0	0.0	3.1477603912353516	0.0	0.0	0.0	0.0	0.0	0.0	0.0	2.6512069702148438	2.5701370239257812	0.0	2.668503999710083	0.0	0.0	0.0	0.0	3.0540266036987305	0.0	0.0	2.3951833248138428	0.0	1.835633635520935	2.992429733276367	0.0	0.0	0.0	0.0	3.931703805923462	0.0	0.0	0.0	0.0	0.0	0.0	0.0	0.0	0.0	0.0	0.0	0.0	0.0	0.0	2.4288063049316406	0.0	0.0	0.0	0.0	0.0	0.0
0.0	0.0	0.0	2.1360280513763428	0.0	0.0	0.0	2.9451441764831543	0.0	0.0	3.007866382598877	0.0	0.0	0.0	0.0	3.2964706420898438	0.0	0.0	0.0	0.0	2.9099745750427246	0.0	0.0	0.0	0.0	2.864497661590576	3.4701008796691895	0.0	0.0	2.825575113296509	0.0	0.0	0.0	0.0	3.3737430572509766	3.15942645072937	0.0	0.0	0.0	2.6955726146698	0.0	3.565129518508911	0.0	1.4873268604278564	0.0	0.0	0.0	0.0	0.0	2.089015245437622	0.0	0.0	0.0	0.0	0.0	0.0	0.0	0.0	0.0	0.0	3.1956751346588135	0.0	0.0	0.0	0.0	0.0	0.0	0.0	0.0	0.0	0.0	0.0	0.0	0.0	3.37597393989563	0.0	0.0	0.0	0.0	3.14912748336792	0.0	0.0	0.0	0.0	0.0	0.0	0.0	2.653564453125	2.5644030570983887	0.0	2.666311502456665	0.0	0.0	0.0	0.0	3.054143190383911	0.0	0.0	2.399794340133667	0.0	1.831072211265564	2.9980075359344482	0.0	0.0	0.0	0.0	3.932821750640869	0.0	0.0	0.0	0.0	0.0	0.0	0.0	0.0	0.0	0.0	0.0	0.0	0.0	0.0	2.434204339981079	0.0	0.0	0.0	0.0	0.0	0.0
0.0	0.0	0.0	2.129103899002075	0.0	0.0	0.0	2.944755792617798	0.0	0.0	3.004368782043457	0.0	0.0	0.0	0.0	3.2942681312561035	0.0	0.0	0.0	0.0	2.9019691944122314	0.0	0.0	0.0	0.0	2.863827705383301	3.465625524520874	0.0	0.0	2.8307971954345703	0.0	0.0	0.0	0.0	3.3766448497772217	3.1573424339294434	0.0	0.0	0.0	2.6871607303619385	0.0	3.5622880458831787	0.0	1.489262580871582	0.0	0.0	0.0	0.0	0.0	2.0834574699401855	0.0	0.0	0.0	0.0	0.0	0.0	0.0	0.0	0.0	0.0	3.198755979537964	0.0	0.0	0.0	0.0	0.0	0.0	0.0	0.0	0.0	0.0	0.0	0.0	0.0	3.3672502040863037	0.0	0.0	0.0	0.0	3.143704891204834	0.0	0.0	0.0	0.0	0.0	0.0	0.0	2.65238094329834	2.5674710273742676	0.0	2.665574312210083	0.0	0.0	0.0	0.0	3.0555431842803955	0.0	0.0	2.3924622535705566	0.0	1.8332713842391968	2.9931182861328125	0.0	0.0	0.0	0.0	3.9356675148010254	0.0	0.0	0.0	0.0	0.0	0.0	0.0	0.0	0.0	0.0	0.0	0.0	0.0	0.0	2.4301421642303467	0.0	0.0	0.0	0.0	0.0	0.0
0.0	0.0	0.0	2.1311182975769043	0.0	0.0	0.0	2.94075870513916	0.0	0.0	3.0040323734283447	0.0	0.0	0.0	0.0	3.2888710498809814	0.0	0.0	0.0	0.0	2.9010391235351562	0.0	0.0	0.0	0.0	2.863537549972534	3.4601094722747803	0.0	0.0	2.8185489177703857	0.0	0.0	0.0	0.0	3.371779441833496	3.151700496673584	0.0	0.0	0.0	2.6932835578918457	0.0	3.5599722862243652	0.0	1.48859441280365	0.0	0.0	0.0	0.0	0.0	2.0828843116760254	0.0	0.0	0.0	0.0	0.0	0.0	0.0	0.0	0.0	0.0	3.194251537322998	0.0	0.0	0.0	0.0	0.0	0.0	0.0	0.0	0.0	0.0	0.0	0.0	0.0	3.3637795448303223	0.0	0.0	0.0	0.0	3.139366865158081	0.0	0.0	0.0	0.0	0.0	0.0	0.0	2.645598888397217	2.5582656860351562	0.0	2.663973808288574	0.0	0.0	0.0	0.0	3.0550715923309326	0.0	0.0	2.3869071006774902	0.0	1.8312716484069824	2.9914438724517822	0.0	0.0	0.0	0.0	3.923935651779175	0.0	0.0	0.0	0.0	0.0	0.0	0.0	0.0	0.0	0.0	0.0	0.0	0.0	0.0	2.4287917613983154	0.0	0.0	0.0	0.0	0.0	0.0
0.0	0.0	0.0	2.137645721435547	0.0	0.0	0.0	2.9424850940704346	0.0	0.0	3.0044469833374023	0.0	0.0	0.0	0.0	3.2970988750457764	0.0	0.0	0.0	0.0	2.9057326316833496	0.0	0.0	0.0	0.0	2.8650920391082764	3.4707751274108887	0.0	0.0	2.825099229812622	0.0	0.0	0.0	0.0	3.3778038024902344	3.1599953174591064	0.0	0.0	0.0	2.688232183456421	0.0	3.565444231033325	0.0	1.4986366033554077	0.0	0.0	0.0	0.0	0.0	2.0834102630615234	0.0	0.0	0.0	0.0	0.0	0.0	0.0	0.0	0.0	0.0	3.203298330307007	0.0	0.0	0.0	0.0	0.0	0.0	0.0	0.0	0.0	0.0	0.0	0.0	0.0	3.370140552520752	0.0	0.0	0.0	0.0	3.14886736869812	0.0	0.0	0.0	0.0	0.0	0.0	0.0	2.6590402126312256	2.5648443698883057	0.0	2.6634786128997803	0.0	0.0	0.0	0.0	3.061312198638916	0.0	0.0	2.3955211639404297	0.0	1.842880368232727	2.995426654815674	0.0	0.0	0.0	0.0	3.9291837215423584	0.0	0.0	0.0	0.0	0.0	0.0	0.0	0.0	0.0	0.0	0.0	0.0	0.0	0.0	2.4355297088623047	0.0	0.0	0.0	0.0	0.0	0.0
0.0	0.0	0.0	2.137794256210327	0.0	0.0	0.0	2.9500961303710938	0.0	0.0	3.009619951248169	0.0	0.0	0.0	0.0	3.304661273956299	0.0	0.0	0.0	0.0	2.9093995094299316	0.0	0.0	0.0	0.0	2.867357015609741	3.474184274673462	0.0	0.0	2.833261489868164	0.0	0.0	0.0	0.0	3.382554769515991	3.16226863861084	0.0	0.0	0.0	2.691776752471924	0.0	3.5745887756347656	0.0	1.492279291152954	0.0	0.0	0.0	0.0	0.0	2.089927911758423	0.0	0.0	0.0	0.0	0.0	0.0	0.0	0.0	0.0	0.0	3.206566333770752	0.0	0.0	0.0	0.0	0.0	0.0	0.0	0.0	0.0	0.0	0.0	0.0	0.0	3.3772172927856445	0.0	0.0	0.0	0.0	3.152017831802368	0.0	0.0	0.0	0.0	0.0	0.0	0.0	2.659423589706421	2.570836067199707	0.0	2.67067289352417	0.0	0.0	0.0	0.0	3.0583136081695557	0.0	0.0	2.3955163955688477	0.0	1.8398821353912354	3.0007576942443848	0.0	0.0	0.0	0.0	3.936899185180664	0.0	0.0	0.0	0.0	0.0	0.0	0.0	0.0	0.0	0.0	0.0	0.0	0.0	0.0	2.438260555267334	0.0	0.0	0.0	0.0	0.0	0.0
0.0	0.0	0.0	2.138745069503784	0.0	0.0	0.0	2.950572967529297	0.0	0.0	3.0094425678253174	0.0	0.0	0.0	0.0	3.301377058029175	0.0	0.0	0.0	0.0	2.912339448928833	0.0	0.0	0.0	0.0	2.8646488189697266	3.47527813911438	0.0	0.0	2.8235785961151123	0.0	0.0	0.0	0.0	3.384550094604492	3.1633753776550293	0.0	0.0	0.0	2.6944708824157715	0.0	3.5675082206726074	0.0	1.488664150238037	0.0	0.0	0.0	0.0	0.0	2.0874080657958984	0.0	0.0	0.0	0.0	0.0	0.0	0.0	0.0	0.0	0.0	3.2023861408233643	0.0	0.0	0.0	0.0	0.0	0.0	0.0	0.0	0.0	0.0	0.0	0.0	0.0	3.3710076808929443	0.0	0.0	0.0	0.0	3.1456453800201416	0.0	0.0	0.0	0.0	0.0	0.0	0.0	2.6576976776123047	2.5686919689178467	0.0	2.6681082248687744	0.0	0.0	0.0	0.0	3.0633342266082764	0.0	0.0	2.3962209224700928	0.0	1.8381195068359375	2.997812271118164	0.0	0.0	0.0	0.0	3.9374873638153076	0.0	0.0	0.0	0.0	0.0	0.0	0.0	0.0	0.0	0.0	0.0	0.0	0.0	0.0	2.436697483062744	0.0	0.0	0.0	0.0	0.0	0.0
0.0	0.0	0.0	2.1416544914245605	0.0	0.0	0.0	2.9509317874908447	0.0	0.0	3.0111846923828125	0.0	0.0	0.0	0.0	3.2983057498931885	0.0	0.0	0.0	0.0	2.9092719554901123	0.0	0.0	0.0	0.0	2.8716347217559814	3.4714179039001465	0.0	0.0	2.827378988265991	0.0	0.0	0.0	0.0	3.3842334747314453	3.1644673347473145	0.0	0.0	0.0	2.694701671600342	0.0	3.5706732273101807	0.0	1.49006187915802	0.0	0.0	0.0	0.0	0.0	2.0896897315979004	0.0	0.0	0.0	0.0	0.0	0.0	0.0	0.0	0.0	0.0	3.2012033462524414	0.0	0.0	0.0	0.0	0.0	0.0	0.0	0.0	0.0	0.0	0.0	0.0	0.0	3.374041795730591	0.0	0.0	0.0	0.0	3.146257162094116	0.0	0.0	0.0	0.0	0.0	0.0	0.0	2.6554503440856934	2.5754616260528564	0.0	2.6719348430633545	0.0	0.0	0.0	0.0	3.0562899112701416	0.0	0.0	2.3996379375457764	0.0	1.8335254192352295	2.9973409175872803	0.0	0.0	0.0	0.0	3.9391937255859375	0.0	0.0	0.0	0.0	0.0	0.0	0.0	0.0	0.0	0.0	0.0	0.0	0.0	0.0	2.4354844093322754	0.0	0.0	0.0	0.0	0.0	0.0
0.0	0.0	0.0	2.143793821334839	0.0	0.0	0.0	2.95406174659729	0.0	0.0	3.016066789627075	0.0	0.0	0.0	0.0	3.3050031661987305	0.0	0.0	0.0	0.0	2.9128408432006836	0.0	0.0	0.0	0.0	2.8726837635040283	3.479266405105591	0.0	0.0	2.8305418491363525	0.0	0.0	0.0	0.0	3.3889167308807373	3.168797254562378	0.0	0.0	0.0	2.699336528778076	0.0	3.576035737991333	0.0	1.4929602146148682	0.0	0.0	0.0	0.0	0.0	2.089520215988159	0.0	0.0	0.0	0.0	0.0	0.0	0.0	0.0	0.0	0.0	3.205671787261963	0.0	0.0	0.0	0.0	0.0	0.0	0.0	0.0	0.0	0.0	0.0	0.0	0.0	3.3763463497161865	0.0	0.0	0.0	0.0	3.1565756797790527	0.0	0.0	0.0	0.0	0.0	0.0	0.0	2.6554408073425293	2.571371078491211	0.0	2.6733222007751465	0.0	0.0	0.0	0.0	3.059767007827759	0.0	0.0	2.400238513946533	0.0	1.8383591175079346	3.001368999481201	0.0	0.0	0.0	0.0	3.9396743774414062	0.0	0.0	0.0	0.0	0.0	0.0	0.0	0.0	0.0	0.0	0.0	0.0	0.0	0.0	2.437441825866699	0.0	0.0	0.0	0.0	0.0	0.0
0.0	0.0	0.0	2.1280195713043213	0.0	0.0	0.0	2.9421792030334473	0.0	0.0	2.9995927810668945	0.0	0.0	0.0	0.0	3.286936044692993	0.0	0.0	0.0	0.0	2.9055943489074707	0.0	0.0	0.0	0.0	2.8562991619110107	3.4649415016174316	0.0	0.0	2.8187546730041504	0.0	0.0	0.0	0.0	3.3762764930725098	3.1560263633728027	0.0	0.0	0.0	2.687817335128784	0.0	3.560533046722412	0.0	1.4932283163070679	0.0	0.0	0.0	0.0	0.0	2.0878231525421143	0.0	0.0	0.0	0.0	0.0	0.0	0.0	0.0	0.0	0.0	3.195838451385498	0.0	0.0	0.0	0.0	0.0	0.0	0.0	0.0	0.0	0.0	0.0	0.0	0.0	3.366154909133911	0.0	0.0	0.0	0.0	3.1382639408111572	0.0	0.0	0.0	0.0	0.0	0.0	0.0	2.6460225582122803	2.556304454803467	0.0	2.6610267162323	0.0	0.0	0.0	0.0	3.051743745803833	0.0	0.0	2.3953583240509033	0.0	1.8357208967208862	2.999257802963257	0.0	0.0	0.0	0.0	3.9262592792510986	0.0	0.0	0.0	0.0	0.0	0.0	0.0	0.0	0.0	0.0	0.0	0.0	0.0	0.0	2.425008535385132	0.0	0.0	0.0	0.0	0.0	0.0
0.0	0.0	0.0	2.144028425216675	0.0	0.0	0.0	2.955317735671997	0.0	0.0	3.0153772830963135	0.0	0.0	0.0	0.0	3.3054423332214355	0.0	0.0	0.0	0.0	2.9132022857666016	0.0	0.0	0.0	0.0	2.8735787868499756	3.4760191440582275	0.0	0.0	2.831820487976074	0.0	0.0	0.0	0.0	3.3868305683135986	3.168088912963867	0.0	0.0	0.0	2.6958866119384766	0.0	3.5725371837615967	0.0	1.4912569522857666	0.0	0.0	0.0	0.0	0.0	2.091648817062378	0.0	0.0	0.0	0.0	0.0	0.0	0.0	0.0	0.0	0.0	3.2044641971588135	0.0	0.0	0.0	0.0	0.0	0.0	0.0	0.0	0.0	0.0	0.0	0.0	0.0	3.37703275680542	0.0	0.0	0.0	0.0	3.1574549674987793	0.0	0.0	0.0	0.0	0.0	0.0	0.0	2.659458637237549	2.575653314590454	0.0	2.6742913722991943	0.0	0.0	0.0	0.0	3.058790445327759	0.0	0.0	2.398294448852539	0.0	1.837829351425171	2.9992403984069824	0.0	0.0	0.0	0.0	3.9401533603668213	0.0	0.0	0.0	0.0	0.0	0.0	0.0	0.0	0.0	0.0	0.0	0.0	0.0	0.0	2.4376087188720703	0.0	0.0	0.0	0.0	0.0	0.0
0.0	0.0	0.0	2.1363799571990967	0.0	0.0	0.0	2.9431369304656982	0.0	0.0	3.0088648796081543	0.0	0.0	0.0	0.0	3.294523239135742	0.0	0.0	0.0	0.0	2.909071445465088	0.0	0.0	0.0	0.0	2.864116907119751	3.470400333404541	0.0	0.0	2.8286643028259277	0.0	0.0	0.0	0.0	3.37758207321167	3.163217306137085	0.0	0.0	0.0	2.6872966289520264	0.0	3.568488836288452	0.0	1.49376380443573	0.0	0.0	0.0	0.0	0.0	2.085911512374878	0.0	0.0	0.0	0.0	0.0	0.0	0.0	0.0	0.0	0.0	3.201125383377075	0.0	0.0	0.0	0.0	0.0	0.0	0.0	0.0	0.0	0.0	0.0	0.0	0.0	3.3744592666625977	0.0	0.0	0.0	0.0	3.1491150856018066	0.0	0.0	0.0	0.0	0.0	0.0	0.0	2.6512014865875244	2.5694591999053955	0.0	2.67177414894104	0.0	0.0	0.0	0.0	3.0566866397857666	0.0	0.0	2.4018845558166504	0.0	1.837893009185791	2.998018741607666	0.0	0.0	0.0	0.0	3.9321093559265137	0.0	0.0	0.0	0.0	0.0	0.0	0.0	0.0	0.0	0.0	0.0	0.0	0.0	0.0	2.4298458099365234	0.0	0.0	0.0	0.0	0.0	0.0
0.0	0.0	0.0	2.1325931549072266	0.0	0.0	0.0	2.940200090408325	0.0	0.0	3.0013670921325684	0.0	0.0	0.0	0.0	3.292311668395996	0.0	0.0	0.0	0.0	2.900315761566162	0.0	0.0	0.0	0.0	2.8606719970703125	3.4592983722686768	0.0	0.0	2.8202857971191406	0.0	0.0	0.0	0.0	3.368739604949951	3.1515860557556152	0.0	0.0	0.0	2.6888647079467773	0.0	3.555028200149536	0.0	1.4830659627914429	0.0	0.0	0.0	0.0	0.0	2.0839004516601562	0.0	0.0	0.0	0.0	0.0	0.0	0.0	0.0	0.0	0.0	3.189870834350586	0.0	0.0	0.0	0.0	0.0	0.0	0.0	0.0	0.0	0.0	0.0	0.0	0.0	3.3640408515930176	0.0	0.0	0.0	0.0	3.142479419708252	0.0	0.0	0.0	0.0	0.0	0.0	0.0	2.6463472843170166	2.5615103244781494	0.0	2.661292314529419	0.0	0.0	0.0	0.0	3.046783447265625	0.0	0.0	2.3907365798950195	0.0	1.8303645849227905	2.9881179332733154	0.0	0.0	0.0	0.0	3.9215424060821533	0.0	0.0	0.0	0.0	0.0	0.0	0.0	0.0	0.0	0.0	0.0	0.0	0.0	0.0	2.4270262718200684	0.0	0.0	0.0	0.0	0.0	0.0
0.0	0.0	0.0	2.128571033477783	0.0	0.0	0.0	2.939732074737549	0.0	0.0	2.99902606010437	0.0	0.0	0.0	0.0	3.2846667766571045	0.0	0.0	0.0	0.0	2.902547597885132	0.0	0.0	0.0	0.0	2.8569839000701904	3.4632019996643066	0.0	0.0	2.817265033721924	0.0	0.0	0.0	0.0	3.3667056560516357	3.1534435749053955	0.0	0.0	0.0	2.6818740367889404	0.0	3.551724433898926	0.0	1.4880924224853516	0.0	0.0	0.0	0.0	0.0	2.081867218017578	0.0	0.0	0.0	0.0	0.0	0.0	0.0	0.0	0.0	0.0	3.192631483078003	0.0	0.0	0.0	0.0	0.0	0.0	0.0	0.0	0.0	0.0	0.0	0.0	0.0	3.359327793121338	0.0	0.0	0.0	0.0	3.1389689445495605	0.0	0.0	0.0	0.0	0.0	0.0	0.0	2.6451025009155273	2.557305097579956	0.0	2.663769483566284	0.0	0.0	0.0	0.0	3.0497961044311523	0.0	0.0	2.3881537914276123	0.0	1.8287975788116455	2.9870262145996094	0.0	0.0	0.0	0.0	3.919713020324707	0.0	0.0	0.0	0.0	0.0	0.0	0.0	0.0	0.0	0.0	0.0	0.0	0.0	0.0	2.426994800567627	0.0	0.0	0.0	0.0	0.0	0.0
0.0	0.0	0.0	2.137922763824463	0.0	0.0	0.0	2.949634552001953	0.0	0.0	3.012126922607422	0.0	0.0	0.0	0.0	3.2997336387634277	0.0	0.0	0.0	0.0	2.9091062545776367	0.0	0.0	0.0	0.0	2.869779109954834	3.4705286026000977	0.0	0.0	2.8297336101531982	0.0	0.0	0.0	0.0	3.381378650665283	3.1646976470947266	0.0	0.0	0.0	2.7000362873077393	0.0	3.568340301513672	0.0	1.4882731437683105	0.0	0.0	0.0	0.0	0.0	2.0889532566070557	0.0	0.0	0.0	0.0	0.0	0.0	0.0	0.0	0.0	0.0	3.201977252960205	0.0	0.0	0.0	0.0	0.0	0.0	0.0	0.0	0.0	0.0	0.0	0.0	0.0	3.377978801727295	0.0	0.0	0.0	0.0	3.1531271934509277	0.0	0.0	0.0	0.0	0.0	0.0	0.0	2.6565916538238525	2.5687403678894043	0.0	2.6686220169067383	0.0	0.0	0.0	0.0	3.05656361579895	0.0	0.0	2.3991267681121826	0.0	1.835085391998291	2.999739408493042	0.0	0.0	0.0	0.0	3.9352517127990723	0.0	0.0	0.0	0.0	0.0	0.0	0.0	0.0	0.0	0.0	0.0	0.0	0.0	0.0	2.4348971843719482	0.0	0.0	0.0	0.0	0.0	0.0
0.0	0.0	0.0	2.1339478492736816	0.0	0.0	0.0	2.943203926086426	0.0	0.0	3.0029494762420654	0.0	0.0	0.0	0.0	3.293616533279419	0.0	0.0	0.0	0.0	2.9029994010925293	0.0	0.0	0.0	0.0	2.864368200302124	3.4628374576568604	0.0	0.0	2.823817729949951	0.0	0.0	0.0	0.0	3.372764825820923	3.157273530960083	0.0	0.0	0.0	2.6868083477020264	0.0	3.5583255290985107	0.0	1.490276575088501	0.0	0.0	0.0	0.0	0.0	2.0780410766601562	0.0	0.0	0.0	0.0	0.0	0.0	0.0	0.0	0.0	0.0	3.199526071548462	0.0	0.0	0.0	0.0	0.0	0.0	0.0	0.0	0.0	0.0	0.0	0.0	0.0	3.3679988384246826	0.0	0.0	0.0	0.0	3.141873598098755	0.0	0.0	0.0	0.0	0.0	0.0	0.0	2.6528115272521973	2.564330816268921	0.0	2.6641509532928467	0.0	0.0	0.0	0.0	3.0558154582977295	0.0	0.0	2.387126922607422	0.0	1.830216407775879	2.990419864654541	0.0	0.0	0.0	0.0	3.9294023513793945	0.0	0.0	0.0	0.0	0.0	0.0	0.0	0.0	0.0	0.0	0.0	0.0	0.0	0.0	2.42765474319458	0.0	0.0	0.0	0.0	0.0	0.0
0.0	0.0	0.0	2.1410374641418457	0.0	0.0	0.0	2.9497973918914795	0.0	0.0	3.013014793395996	0.0	0.0	0.0	0.0	3.3028063774108887	0.0	0.0	0.0	0.0	2.9068381786346436	0.0	0.0	0.0	0.0	2.8719284534454346	3.4723243713378906	0.0	0.0	2.82886004447937	0.0	0.0	0.0	0.0	3.3832690715789795	3.165837049484253	0.0	0.0	0.0	2.6950345039367676	0.0	3.569337844848633	0.0	1.4897792339324951	0.0	0.0	0.0	0.0	0.0	2.0913102626800537	0.0	0.0	0.0	0.0	0.0	0.0	0.0	0.0	0.0	0.0	3.20373797416687	0.0	0.0	0.0	0.0	0.0	0.0	0.0	0.0	0.0	0.0	0.0	0.0	0.0	3.3724067211151123	0.0	0.0	0.0	0.0	3.15370512008667	0.0	0.0	0.0	0.0	0.0	0.0	0.0	2.657256603240967	2.5712392330169678	0.0	2.67061448097229	0.0	0.0	0.0	0.0	3.0571117401123047	0.0	0.0	2.3937830924987793	0.0	1.8368488550186157	2.997976541519165	0.0	0.0	0.0	0.0	3.936157703399658	0.0	0.0	0.0	0.0	0.0	0.0	0.0	0.0	0.0	0.0	0.0	0.0	0.0	0.0	2.4359209537506104	0.0	0.0	0.0	0.0	0.0	0.0
0.0	0.0	0.0	2.1405794620513916	0.0	0.0	0.0	2.9532594680786133	0.0	0.0	3.011352062225342	0.0	0.0	0.0	0.0	3.302421808242798	0.0	0.0	0.0	0.0	2.9109628200531006	0.0	0.0	0.0	0.0	2.8689446449279785	3.4706592559814453	0.0	0.0	2.824368476867676	0.0	0.0	0.0	0.0	3.38196063041687	3.163376808166504	0.0	0.0	0.0	2.696446657180786	0.0	3.5683727264404297	0.0	1.4883705377578735	0.0	0.0	0.0	0.0	0.0	2.0915377140045166	0.0	0.0	0.0	0.0	0.0	0.0	0.0	0.0	0.0	0.0	3.2011334896087646	0.0	0.0	0.0	0.0	0.0	0.0	0.0	0.0	0.0	0.0	0.0	0.0	0.0	3.37284255027771	0.0	0.0	0.0	0.0	3.1508853435516357	0.0	0.0	0.0	0.0	0.0	0.0	0.0	2.6595613956451416	2.571932315826416	0.0	2.6722218990325928	0.0	0.0	0.0	0.0	3.0589396953582764	0.0	0.0	2.394049882888794	0.0	1.8359003067016602	2.997706890106201	0.0	0.0	0.0	0.0	3.9387190341949463	0.0	0.0	0.0	0.0	0.0	0.0	0.0	0.0	0.0	0.0	0.0	0.0	0.0	0.0	2.43898344039917	0.0	0.0	0.0	0.0	0.0	0.0
0.0	0.0	0.0	2.132269859313965	0.0	0.0	0.0	2.9405834674835205	0.0	0.0	2.997363567352295	0.0	0.0	0.0	0.0	3.286057472229004	0.0	0.0	0.0	0.0	2.9044432640075684	0.0	0.0	0.0	0.0	2.8586504459381104	3.46418833732605	0.0	0.0	2.8185815811157227	0.0	0.0	0.0	0.0	3.37372088432312	3.154055595397949	0.0	0.0	0.0	2.6813290119171143	0.0	3.556168794631958	0.0	1.4881492853164673	0.0	0.0	0.0	0.0	0.0	2.0851590633392334	0.0	0.0	0.0	0.0	0.0	0.0	0.0	0.0	0.0	0.0	3.1909239292144775	0.0	0.0	0.0	0.0	0.0	0.0	0.0	0.0	0.0	0.0	0.0	0.0	0.0	3.363003969192505	0.0	0.0	0.0	0.0	3.145381450653076	0.0	0.0	0.0	0.0	0.0	0.0	0.0	2.6448845863342285	2.565957546234131	0.0	2.6642696857452393	0.0	0.0	0.0	0.0	3.0513904094696045	0.0	0.0	2.388213872909546	0.0	1.833108901977539	2.987060785293579	0.0	0.0	0.0	0.0	3.923788070678711	0.0	0.0	0.0	0.0	0.0	0.0	0.0	0.0	0.0	0.0	0.0	0.0	0.0	0.0	2.4287264347076416	0.0	0.0	0.0	0.0	0.0	0.0
0.0	0.0	0.0	2.1422111988067627	0.0	0.0	0.0	2.956289052963257	0.0	0.0	3.0126070976257324	0.0	0.0	0.0	0.0	3.305645704269409	0.0	0.0	0.0	0.0	2.914754629135132	0.0	0.0	0.0	0.0	2.8751468658447266	3.4781622886657715	0.0	0.0	2.833462953567505	0.0	0.0	0.0	0.0	3.386430263519287	3.16935658454895	0.0	0.0	0.0	2.6997532844543457	0.0	3.574176788330078	0.0	1.4955182075500488	0.0	0.0	0.0	0.0	0.0	2.0954482555389404	0.0	0.0	0.0	0.0	0.0	0.0	0.0	0.0	0.0	0.0	3.2063281536102295	0.0	0.0	0.0	0.0	0.0	0.0	0.0	0.0	0.0	0.0	0.0	0.0	0.0	3.3824474811553955	0.0	0.0	0.0	0.0	3.1581318378448486	0.0	0.0	0.0	0.0	0.0	0.0	0.0	2.6623520851135254	2.577469825744629	0.0	2.6762075424194336	0.0	0.0	0.0	0.0	3.0633931159973145	0.0	0.0	2.403919219970703	0.0	1.8409929275512695	3.0023977756500244	0.0	0.0	0.0	0.0	3.9435195922851562	0.0	0.0	0.0	0.0	0.0	0.0	0.0	0.0	0.0	0.0	0.0	0.0	0.0	0.0	2.4407875537872314	0.0	0.0	0.0	0.0	0.0	0.0
0.0	0.0	0.0	2.135098457336426	0.0	0.0	0.0	2.9371256828308105	0.0	0.0	3.000621795654297	0.0	0.0	0.0	0.0	3.289313316345215	0.0	0.0	0.0	0.0	2.9006168842315674	0.0	0.0	0.0	0.0	2.8592529296875	3.4627137184143066	0.0	0.0	2.814232110977173	0.0	0.0	0.0	0.0	3.374828338623047	3.1550967693328857	0.0	0.0	0.0	2.6854071617126465	0.0	3.558494806289673	0.0	1.4842219352722168	0.0	0.0	0.0	0.0	0.0	2.0809547901153564	0.0	0.0	0.0	0.0	0.0	0.0	0.0	0.0	0.0	0.0	3.195648193359375	0.0	0.0	0.0	0.0	0.0	0.0	0.0	0.0	0.0	0.0	0.0	0.0	0.0	3.360842227935791	0.0	0.0	0.0	0.0	3.140702962875366	0.0	0.0	0.0	0.0	0.0	0.0	0.0	2.648292064666748	2.559940814971924	0.0	2.6678624153137207	0.0	0.0	0.0	0.0	3.049697160720825	0.0	0.0	2.390131711959839	0.0	1.8330096006393433	2.986976385116577	0.0	0.0	0.0	0.0	3.9278006553649902	0.0	0.0	0.0	0.0	0.0	0.0	0.0	0.0	0.0	0.0	0.0	0.0	0.0	0.0	2.4287936687469482	0.0	0.0	0.0	0.0	0.0	0.0
0.0	0.0	0.0	2.1390607357025146	0.0	0.0	0.0	2.949500560760498	0.0	0.0	3.010406494140625	0.0	0.0	0.0	0.0	3.297185182571411	0.0	0.0	0.0	0.0	2.910752296447754	0.0	0.0	0.0	0.0	2.867771625518799	3.4724020957946777	0.0	0.0	2.8223142623901367	0.0	0.0	0.0	0.0	3.381319761276245	3.1639404296875	0.0	0.0	0.0	2.691272497177124	0.0	3.566378116607666	0.0	1.488495111465454	0.0	0.0	0.0	0.0	0.0	2.0897276401519775	0.0	0.0	0.0	0.0	0.0	0.0	0.0	0.0	0.0	0.0	3.2014219760894775	0.0	0.0	0.0	0.0	0.0	0.0	0.0	0.0	0.0	0.0	0.0	0.0	0.0	3.371164321899414	0.0	0.0	0.0	0.0	3.148256301879883	0.0	0.0	0.0	0.0	0.0	0.0	0.0	2.656157970428467	2.570033311843872	0.0	2.670081377029419	0.0	0.0	0.0	0.0	3.0585315227508545	0.0	0.0	2.398151159286499	0.0	1.8323261737823486	2.996187925338745	0.0	0.0	0.0	0.0	3.937528133392334	0.0	0.0	0.0	0.0	0.0	0.0	0.0	0.0	0.0	0.0	0.0	0.0	0.0	0.0	2.43518328666687	0.0	0.0	0.0	0.0	0.0	0.0
0.0	0.0	0.0	2.1301770210266113	0.0	0.0	0.0	2.9385123252868652	0.0	0.0	2.9974141120910645	0.0	0.0	0.0	0.0	3.2850427627563477	0.0	0.0	0.0	0.0	2.903921604156494	0.0	0.0	0.0	0.0	2.861729621887207	3.460496664047241	0.0	0.0	2.8166162967681885	0.0	0.0	0.0	0.0	3.374023914337158	3.155261278152466	0.0	0.0	0.0	2.685499906539917	0.0	3.556020498275757	0.0	1.490389347076416	0.0	0.0	0.0	0.0	0.0	2.082655668258667	0.0	0.0	0.0	0.0	0.0	0.0	0.0	0.0	0.0	0.0	3.1949973106384277	0.0	0.0	0.0	0.0	0.0	0.0	0.0	0.0	0.0	0.0	0.0	0.0	0.0	3.3614346981048584	0.0	0.0	0.0	0.0	3.1435065269470215	0.0	0.0	0.0	0.0	0.0	0.0	0.0	2.6443872451782227	2.559480667114258	0.0	2.6623051166534424	0.0	0.0	0.0	0.0	3.0508573055267334	0.0	0.0	2.3881232738494873	0.0	1.8336580991744995	2.987595796585083	0.0	0.0	0.0	0.0	3.923187732696533	0.0	0.0	0.0	0.0	0.0	0.0	0.0	0.0	0.0	0.0	0.0	0.0	0.0	0.0	2.4256749153137207	0.0	0.0	0.0	0.0	0.0	0.0
0.0	0.0	0.0	2.1387975215911865	0.0	0.0	0.0	2.9452199935913086	0.0	0.0	3.012953042984009	0.0	0.0	0.0	0.0	3.296649217605591	0.0	0.0	0.0	0.0	2.9136626720428467	0.0	0.0	0.0	0.0	2.8660430908203125	3.467658042907715	0.0	0.0	2.8249857425689697	0.0	0.0	0.0	0.0	3.378180503845215	3.1588501930236816	0.0	0.0	0.0	2.6943275928497314	0.0	3.5638036727905273	0.0	1.4882161617279053	0.0	0.0	0.0	0.0	0.0	2.087090492248535	0.0	0.0	0.0	0.0	0.0	0.0	0.0	0.0	0.0	0.0	3.1972920894622803	0.0	0.0	0.0	0.0	0.0	0.0	0.0	0.0	0.0	0.0	0.0	0.0	0.0	3.371804714202881	0.0	0.0	0.0	0.0	3.1512296199798584	0.0	0.0	0.0	0.0	0.0	0.0	0.0	2.6525676250457764	2.563110589981079	0.0	2.6700215339660645	0.0	0.0	0.0	0.0	3.060249090194702	0.0	0.0	2.396184206008911	0.0	1.8356482982635498	2.9954779148101807	0.0	0.0	0.0	0.0	3.9368298053741455	0.0	0.0	0.0	0.0	0.0	0.0	0.0	0.0	0.0	0.0	0.0	0.0	0.0	0.0	2.433213949203491	0.0	0.0	0.0	0.0	0.0	0.0
0.0	0.0	0.0	2.1326375007629395	0.0	0.0	0.0	2.9337241649627686	0.0	0.0	2.997398614883423	0.0	0.0	0.0	0.0	3.2817647457122803	0.0	0.0	0.0	0.0	2.898517370223999	0.0	0.0	0.0	0.0	2.859832763671875	3.464003562927246	0.0	0.0	2.8141026496887207	0.0	0.0	0.0	0.0	3.367990493774414	3.1551854610443115	0.0	0.0	0.0	2.6772842407226562	0.0	3.5509793758392334	0.0	1.492769479751587	0.0	0.0	0.0	0.0	0.0	2.0828537940979004	0.0	0.0	0.0	0.0	0.0	0.0	0.0	0.0	0.0	0.0	3.192896842956543	0.0	0.0	0.0	0.0	0.0	0.0	0.0	0.0	0.0	0.0	0.0	0.0	0.0	3.3554325103759766	0.0	0.0	0.0	0.0	3.1395347118377686	0.0	0.0	0.0	0.0	0.0	0.0	0.0	2.647467851638794	2.5626766681671143	0.0	2.6584959030151367	0.0	0.0	0.0	0.0	3.051286220550537	0.0	0.0	2.387270212173462	0.0	1.834862232208252	2.986748456954956	0.0	0.0	0.0	0.0	3.9219439029693604	0.0	0.0	0.0	0.0	0.0	0.0	0.0	0.0	0.0	0.0	0.0	0.0	0.0	0.0	2.4258081912994385	0.0	0.0	0.0	0.0	0.0	0.0
0.0	0.0	0.0	2.1394505500793457	0.0	0.0	0.0	2.951686382293701	0.0	0.0	3.0112197399139404	0.0	0.0	0.0	0.0	3.303398847579956	0.0	0.0	0.0	0.0	2.9099936485290527	0.0	0.0	0.0	0.0	2.8690783977508545	3.472778797149658	0.0	0.0	2.8242852687835693	0.0	0.0	0.0	0.0	3.382063388824463	3.1658363342285156	0.0	0.0	0.0	2.6932873725891113	0.0	3.5673108100891113	0.0	1.4896290302276611	0.0	0.0	0.0	0.0	0.0	2.090846538543701	0.0	0.0	0.0	0.0	0.0	0.0	0.0	0.0	0.0	0.0	3.20196270942688	0.0	0.0	0.0	0.0	0.0	0.0	0.0	0.0	0.0	0.0	0.0	0.0	0.0	3.371706485748291	0.0	0.0	0.0	0.0	3.151059865951538	0.0	0.0	0.0	0.0	0.0	0.0	0.0	2.6582233905792236	2.5723862648010254	0.0	2.667407274246216	0.0	0.0	0.0	0.0	3.0573065280914307	0.0	0.0	2.3991193771362305	0.0	1.8379815816879272	2.9984898567199707	0.0	0.0	0.0	0.0	3.937492609024048	0.0	0.0	0.0	0.0	0.0	0.0	0.0	0.0	0.0	0.0	0.0	0.0	0.0	0.0	2.433448076248169	0.0	0.0	0.0	0.0	0.0	0.0
0.0	0.0	0.0	2.139209270477295	0.0	0.0	0.0	2.958536148071289	0.0	0.0	3.0152037143707275	0.0	0.0	0.0	0.0	3.3071422576904297	0.0	0.0	0.0	0.0	2.9138081073760986	0.0	0.0	0.0	0.0	2.8764657974243164	3.477435827255249	0.0	0.0	2.833994150161743	0.0	0.0	0.0	0.0	3.3856570720672607	3.1691601276397705	0.0	0.0	0.0	2.6949541568756104	0.0	3.5749387741088867	0.0	1.4957751035690308	0.0	0.0	0.0	0.0	0.0	2.0935299396514893	0.0	0.0	0.0	0.0	0.0	0.0	0.0	0.0	0.0	0.0	3.2056727409362793	0.0	0.0	0.0	0.0	0.0	0.0	0.0	0.0	0.0	0.0	0.0	0.0	0.0	3.3835935592651367	0.0	0.0	0.0	0.0	3.1572113037109375	0.0	0.0	0.0	0.0	0.0	0.0	0.0	2.6636245250701904	2.576899528503418	0.0	2.6809334754943848	0.0	0.0	0.0	0.0	3.058980703353882	0.0	0.0	2.4017107486724854	0.0	1.839016079902649	3.002351999282837	0.0	0.0	0.0	0.0	3.9423911571502686	0.0	0.0	0.0	0.0	0.0	0.0	0.0	0.0	0.0	0.0	0.0	0.0	0.0	0.0	2.43623423576355	0.0	0.0	0.0	0.0	0.0	0.0
0.0	0.0	0.0	2.138437271118164	0.0	0.0	0.0	2.9478211402893066	0.0	0.0	3.0119245052337646	0.0	0.0	0.0	0.0	3.3030827045440674	0.0	0.0	0.0	0.0	2.9086074829101562	0.0	0.0	0.0	0.0	2.8717448711395264	3.4715769290924072	0.0	0.0	2.8251023292541504	0.0	0.0	0.0	0.0	3.3822038173675537	3.16094708442688	0.0	0.0	0.0	2.694443464279175	0.0	3.5679922103881836	0.0	1.488938808441162	0.0	0.0	0.0	0.0	0.0	2.091187000274658	0.0	0.0	0.0	0.0	0.0	0.0	0.0	0.0	0.0	0.0	3.1982502937316895	0.0	0.0	0.0	0.0	0.0	0.0	0.0	0.0	0.0	0.0	0.0	0.0	0.0	3.3730673789978027	0.0	0.0	0.0	0.0	3.1506547927856445	0.0	0.0	0.0	0.0	0.0	0.0	0.0	2.6548657417297363	2.5722813606262207	0.0	2.6694929599761963	0.0	0.0	0.0	0.0	3.0543501377105713	0.0	0.0	2.396674156188965	0.0	1.8344460725784302	2.9945874214172363	0.0	0.0	0.0	0.0	3.9346346855163574	0.0	0.0	0.0	0.0	0.0	0.0	0.0	0.0	0.0	0.0	0.0	0.0	0.0	0.0	2.437134027481079	0.0	0.0	0.0	0.0	0.0	0.0
0.0	0.0	0.0	2.1397743225097656	0.0	0.0	0.0	2.9544737339019775	0.0	0.0	3.0125420093536377	0.0	0.0	0.0	0.0	3.3012523651123047	0.0	0.0	0.0	0.0	2.9125328063964844	0.0	0.0	0.0	0.0	2.8742589950561523	3.474048376083374	0.0	0.0	2.828540086746216	0.0	0.0	0.0	0.0	3.3881893157958984	3.1656062602996826	0.0	0.0	0.0	2.6955904960632324	0.0	3.571558713912964	0.0	1.4929492473602295	0.0	0.0	0.0	0.0	0.0	2.0920019149780273	0.0	0.0	0.0	0.0	0.0	0.0	0.0	0.0	0.0	0.0	3.204105854034424	0.0	0.0	0.0	0.0	0.0	0.0	0.0	0.0	0.0	0.0	0.0	0.0	0.0	3.376805543899536	0.0	0.0	0.0	0.0	3.156757354736328	0.0	0.0	0.0	0.0	0.0	0.0	0.0	2.6609694957733154	2.5771782398223877	0.0	2.6743056774139404	0.0	0.0	0.0	0.0	3.058828830718994	0.0	0.0	2.399688720703125	0.0	1.837600827217102	3.0	0.0	0.0	0.0	0.0	3.940913438796997	0.0	0.0	0.0	0.0	0.0	0.0	0.0	0.0	0.0	0.0	0.0	0.0	0.0	0.0	2.4370782375335693	0.0	0.0	0.0	0.0	0.0	0.0
0.0	0.0	0.0	2.1355652809143066	0.0	0.0	0.0	2.9399609565734863	0.0	0.0	3.0024735927581787	0.0	0.0	0.0	0.0	3.284977674484253	0.0	0.0	0.0	0.0	2.9014880657196045	0.0	0.0	0.0	0.0	2.858503818511963	3.465132236480713	0.0	0.0	2.8155734539031982	0.0	0.0	0.0	0.0	3.3720109462738037	3.1528916358947754	0.0	0.0	0.0	2.6824159622192383	0.0	3.553208827972412	0.0	1.486985445022583	0.0	0.0	0.0	0.0	0.0	2.0797104835510254	0.0	0.0	0.0	0.0	0.0	0.0	0.0	0.0	0.0	0.0	3.1922004222869873	0.0	0.0	0.0	0.0	0.0	0.0	0.0	0.0	0.0	0.0	0.0	0.0	0.0	3.360276222229004	0.0	0.0	0.0	0.0	3.133592128753662	0.0	0.0	0.0	0.0	0.0	0.0	0.0	2.6483709812164307	2.561683416366577	0.0	2.6661884784698486	0.0	0.0	0.0	0.0	3.05059552192688	0.0	0.0	2.3878607749938965	0.0	1.8325910568237305	2.983875274658203	0.0	0.0	0.0	0.0	3.9220550060272217	0.0	0.0	0.0	0.0	0.0	0.0	0.0	0.0	0.0	0.0	0.0	0.0	0.0	0.0	2.4285237789154053	0.0	0.0	0.0	0.0	0.0	0.0
0.0	0.0	0.0	2.1366403102874756	0.0	0.0	0.0	2.9469637870788574	0.0	0.0	3.004992723464966	0.0	0.0	0.0	0.0	3.296354055404663	0.0	0.0	0.0	0.0	2.9066460132598877	0.0	0.0	0.0	0.0	2.867737293243408	3.469130039215088	0.0	0.0	2.8268277645111084	0.0	0.0	0.0	0.0	3.3836495876312256	3.1647393703460693	0.0	0.0	0.0	2.6875717639923096	0.0	3.567532777786255	0.0	1.4940192699432373	0.0	0.0	0.0	0.0	0.0	2.0878283977508545	0.0	0.0	0.0	0.0	0.0	0.0	0.0	0.0	0.0	0.0	3.1995086669921875	0.0	0.0	0.0	0.0	0.0	0.0	0.0	0.0	0.0	0.0	0.0	0.0	0.0	3.3757243156433105	0.0	0.0	0.0	0.0	3.148646593093872	0.0	0.0	0.0	0.0	0.0	0.0	0.0	2.65669584274292	2.5711967945098877	0.0	2.6717236042022705	0.0	0.0	0.0	0.0	3.05403995513916	0.0	0.0	2.394019842147827	0.0	1.8340632915496826	2.9964652061462402	0.0	0.0	0.0	0.0	3.931387186050415	0.0	0.0	0.0	0.0	0.0	0.0	0.0	0.0	0.0	0.0	0.0	0.0	0.0	0.0	2.4329333305358887	0.0	0.0	0.0	0.0	0.0	0.0
0.0	0.0	0.0	2.1374778747558594	0.0	0.0	0.0	2.949521064758301	0.0	0.0	3.0095763206481934	0.0	0.0	0.0	0.0	3.2997655868530273	0.0	0.0	0.0	0.0	2.911991596221924	0.0	0.0	0.0	0.0	2.872982978820801	3.472578763961792	0.0	0.0	2.832648515701294	0.0	0.0	0.0	0.0	3.381828546524048	3.163429021835327	0.0	0.0	0.0	2.6917476654052734	0.0	3.5706844329833984	0.0	1.4960408210754395	0.0	0.0	0.0	0.0	0.0	2.0902864933013916	0.0	0.0	0.0	0.0	0.0	0.0	0.0	0.0	0.0	0.0	3.2003238201141357	0.0	0.0	0.0	0.0	0.0	0.0	0.0	0.0	0.0	0.0	0.0	0.0	0.0	3.3765556812286377	0.0	0.0	0.0	0.0	3.1540868282318115	0.0	0.0	0.0	0.0	0.0	0.0	0.0	2.657240390777588	2.5710906982421875	0.0	2.6726462841033936	0.0	0.0	0.0	0.0	3.056504726409912	0.0	0.0	2.3997180461883545	0.0	1.8366414308547974	2.996255874633789	0.0	0.0	0.0	0.0	3.9388833045959473	0.0	0.0	0.0	0.0	0.0	0.0	0.0	0.0	0.0	0.0	0.0	0.0	0.0	0.0	2.4356656074523926	0.0	0.0	0.0	0.0	0.0	0.0
0.0	0.0	0.0	2.134964942932129	0.0	0.0	0.0	2.9428763389587402	0.0	0.0	3.0049479007720947	0.0	0.0	0.0	0.0	3.2956840991973877	0.0	0.0	0.0	0.0	2.9020698070526123	0.0	0.0	0.0	0.0	2.8664095401763916	3.464385747909546	0.0	0.0	2.8216874599456787	0.0	0.0	0.0	0.0	3.3743209838867188	3.1553845405578613	0.0	0.0	0.0	2.6927051544189453	0.0	3.559875726699829	0.0	1.4865586757659912	0.0	0.0	0.0	0.0	0.0	2.0873935222625732	0.0	0.0	0.0	0.0	0.0	0.0	0.0	0.0	0.0	0.0	3.1926963329315186	0.0	0.0	0.0	0.0	0.0	0.0	0.0	0.0	0.0	0.0	0.0	0.0	0.0	3.3679566383361816	0.0	0.0	0.0	0.0	3.144214630126953	0.0	0.0	0.0	0.0	0.0	0.0	0.0	2.6513218879699707	2.5673940181732178	0.0	2.6654305458068848	0.0	0.0	0.0	0.0	3.0485050678253174	0.0	0.0	2.3923277854919434	0.0	1.8302079439163208	2.989799976348877	0.0	0.0	0.0	0.0	3.9264540672302246	0.0	0.0	0.0	0.0	0.0	0.0	0.0	0.0	0.0	0.0	0.0	0.0	0.0	0.0	2.4305639266967773	0.0	0.0	0.0	0.0	0.0	0.0
0.0	0.0	0.0	2.13155198097229	0.0	0.0	0.0	2.939330816268921	0.0	0.0	3.0033445358276367	0.0	0.0	0.0	0.0	3.2935919761657715	0.0	0.0	0.0	0.0	2.9013876914978027	0.0	0.0	0.0	0.0	2.86041259765625	3.462329149246216	0.0	0.0	2.8204164505004883	0.0	0.0	0.0	0.0	3.370018482208252	3.1540417671203613	0.0	0.0	0.0	2.6894023418426514	0.0	3.5604021549224854	0.0	1.4829180240631104	0.0	0.0	0.0	0.0	0.0	2.0836472511291504	0.0	0.0	0.0	0.0	0.0	0.0	0.0	0.0	0.0	0.0	3.1936392784118652	0.0	0.0	0.0	0.0	0.0	0.0	0.0	0.0	0.0	0.0	0.0	0.0	0.0	3.3705804347991943	0.0	0.0	0.0	0.0	3.1436526775360107	0.0	0.0	0.0	0.0	0.0	0.0	0.0	2.648036003112793	2.5602304935455322	0.0	2.662325620651245	0.0	0.0	0.0	0.0	3.0515899658203125	0.0	0.0	2.3918426036834717	0.0	1.8308329582214355	2.989189863204956	0.0	0.0	0.0	0.0	3.9266297817230225	0.0	0.0	0.0	0.0	0.0	0.0	0.0	0.0	0.0	0.0	0.0	0.0	0.0	0.0	2.4317681789398193	0.0	0.0	0.0	0.0	0.0	0.0
0.0	0.0	0.0	2.134601593017578	0.0	0.0	0.0	2.9452805519104004	0.0	0.0	3.002784013748169	0.0	0.0	0.0	0.0	3.2927379608154297	0.0	0.0	0.0	0.0	2.9054453372955322	0.0	0.0	0.0	0.0	2.8669981956481934	3.466855525970459	0.0	0.0	2.8245081901550293	0.0	0.0	0.0	0.0	3.376795768737793	3.157759189605713	0.0	0.0	0.0	2.689168930053711	0.0	3.5612199306488037	0.0	1.49274480342865	0.0	0.0	0.0	0.0	0.0	2.083340883255005	0.0	0.0	0.0	0.0	0.0	0.0	0.0	0.0	0.0	0.0	3.1969690322875977	0.0	0.0	0.0	0.0	0.0	0.0	0.0	0.0	0.0	0.0	0.0	0.0	0.0	3.3673696517944336	0.0	0.0	0.0	0.0	3.1449968814849854	0.0	0.0	0.0	0.0	0.0	0.0	0.0	2.650449514389038	2.56494402885437	0.0	2.668560743331909	0.0	0.0	0.0	0.0	3.056002616882324	0.0	0.0	2.3960273265838623	0.0	1.8308314085006714	2.9942314624786377	0.0	0.0	0.0	0.0	3.927428960800171	0.0	0.0	0.0	0.0	0.0	0.0	0.0	0.0	0.0	0.0	0.0	0.0	0.0	0.0	2.428302764892578	0.0	0.0	0.0	0.0	0.0	0.0
0.0	0.0	0.0	2.13712215423584	0.0	0.0	0.0	2.946744918823242	0.0	0.0	3.0045082569122314	0.0	0.0	0.0	0.0	3.2978198528289795	0.0	0.0	0.0	0.0	2.9081530570983887	0.0	0.0	0.0	0.0	2.8639395236968994	3.4715516567230225	0.0	0.0	2.8288159370422363	0.0	0.0	0.0	0.0	3.3799149990081787	3.158195734024048	0.0	0.0	0.0	2.6902966499328613	0.0	3.5650646686553955	0.0	1.4911689758300781	0.0	0.0	0.0	0.0	0.0	2.0853991508483887	0.0	0.0	0.0	0.0	0.0	0.0	0.0	0.0	0.0	0.0	3.198733329772949	0.0	0.0	0.0	0.0	0.0	0.0	0.0	0.0	0.0	0.0	0.0	0.0	0.0	3.365236759185791	0.0	0.0	0.0	0.0	3.146552801132202	0.0	0.0	0.0	0.0	0.0	0.0	0.0	2.655205726623535	2.5659635066986084	0.0	2.6683189868927	0.0	0.0	0.0	0.0	3.059471607208252	0.0	0.0	2.390012741088867	0.0	1.8365719318389893	2.9920413494110107	0.0	0.0	0.0	0.0	3.9279489517211914	0.0	0.0	0.0	0.0	0.0	0.0	0.0	0.0	0.0	0.0	0.0	0.0	0.0	0.0	2.4313199520111084	0.0	0.0	0.0	0.0	0.0	0.0
0.0	0.0	0.0	2.1391642093658447	0.0	0.0	0.0	2.950252056121826	0.0	0.0	3.0099692344665527	0.0	0.0	0.0	0.0	3.300584554672241	0.0	0.0	0.0	0.0	2.9104530811309814	0.0	0.0	0.0	0.0	2.8651840686798096	3.4715166091918945	0.0	0.0	2.8276047706604004	0.0	0.0	0.0	0.0	3.3865559101104736	3.1618924140930176	0.0	0.0	0.0	2.692852258682251	0.0	3.5625975131988525	0.0	1.4926581382751465	0.0	0.0	0.0	0.0	0.0	2.0854363441467285	0.0	0.0	0.0	0.0	0.0	0.0	0.0	0.0	0.0	0.0	3.205028533935547	0.0	0.0	0.0	0.0	0.0	0.0	0.0	0.0	0.0	0.0	0.0	0.0	0.0	3.372732639312744	0.0	0.0	0.0	0.0	3.147916078567505	0.0	0.0	0.0	0.0	0.0	0.0	0.0	2.6581168174743652	2.5666911602020264	0.0	2.6691627502441406	0.0	0.0	0.0	0.0	3.061405897140503	0.0	0.0	2.3965072631835938	0.0	1.8375391960144043	2.996196746826172	0.0	0.0	0.0	0.0	3.9378910064697266	0.0	0.0	0.0	0.0	0.0	0.0	0.0	0.0	0.0	0.0	0.0	0.0	0.0	0.0	2.437012195587158	0.0	0.0	0.0	0.0	0.0	0.0
0.0	0.0	0.0	2.1375718116760254	0.0	0.0	0.0	2.946579933166504	0.0	0.0	3.0043630599975586	0.0	0.0	0.0	0.0	3.3003623485565186	0.0	0.0	0.0	0.0	2.9068009853363037	0.0	0.0	0.0	0.0	2.864079236984253	3.470273494720459	0.0	0.0	2.8231301307678223	0.0	0.0	0.0	0.0	3.3823885917663574	3.158647060394287	0.0	0.0	0.0	2.6867637634277344	0.0	3.5597448348999023	0.0	1.4856393337249756	0.0	0.0	0.0	0.0	0.0	2.0873661041259766	0.0	0.0	0.0	0.0	0.0	0.0	0.0	0.0	0.0	0.0	3.199671983718872	0.0	0.0	0.0	0.0	0.0	0.0	0.0	0.0	0.0	0.0	0.0	0.0	0.0	3.368936061859131	0.0	0.0	0.0	0.0	3.1430726051330566	0.0	0.0	0.0	0.0	0.0	0.0	0.0	2.654254913330078	2.5647096633911133	0.0	2.66471529006958	0.0	0.0	0.0	0.0	3.054384708404541	0.0	0.0	2.393284559249878	0.0	1.833303451538086	2.992300033569336	0.0	0.0	0.0	0.0	3.9288570880889893	0.0	0.0	0.0	0.0	0.0	0.0	0.0	0.0	0.0	0.0	0.0	0.0	0.0	0.0	2.43607234954834	0.0	0.0	0.0	0.0	0.0	0.0
0.0	0.0	0.0	2.1292920112609863	0.0	0.0	0.0	2.9324729442596436	0.0	0.0	2.9921905994415283	0.0	0.0	0.0	0.0	3.280740976333618	0.0	0.0	0.0	0.0	2.904696464538574	0.0	0.0	0.0	0.0	2.852689743041992	3.4595394134521484	0.0	0.0	2.814365863800049	0.0	0.0	0.0	0.0	3.362952947616577	3.145411252975464	0.0	0.0	0.0	2.6830570697784424	0.0	3.5548787117004395	0.0	1.4889724254608154	0.0	0.0	0.0	0.0	0.0	2.0762739181518555	0.0	0.0	0.0	0.0	0.0	0.0	0.0	0.0	0.0	0.0	3.1837403774261475	0.0	0.0	0.0	0.0	0.0	0.0	0.0	0.0	0.0	0.0	0.0	0.0	0.0	3.3577513694763184	0.0	0.0	0.0	0.0	3.132534980773926	0.0	0.0	0.0	0.0	0.0	0.0	0.0	2.6435272693634033	2.5545108318328857	0.0	2.6581380367279053	0.0	0.0	0.0	0.0	3.0470032691955566	0.0	0.0	2.3869831562042236	0.0	1.8293273448944092	2.985244035720825	0.0	0.0	0.0	0.0	3.9188992977142334	0.0	0.0	0.0	0.0	0.0	0.0	0.0	0.0	0.0	0.0	0.0	0.0	0.0	0.0	2.4269602298736572	0.0	0.0	0.0	0.0	0.0	0.0
0.0	0.0	0.0	2.1366584300994873	0.0	0.0	0.0	2.9449706077575684	0.0	0.0	3.0025553703308105	0.0	0.0	0.0	0.0	3.290426731109619	0.0	0.0	0.0	0.0	2.902930974960327	0.0	0.0	0.0	0.0	2.8631350994110107	3.4653985500335693	0.0	0.0	2.822632074356079	0.0	0.0	0.0	0.0	3.379467248916626	3.1599104404449463	0.0	0.0	0.0	2.6881213188171387	0.0	3.5615665912628174	0.0	1.4892137050628662	0.0	0.0	0.0	0.0	0.0	2.084258794784546	0.0	0.0	0.0	0.0	0.0	0.0	0.0	0.0	0.0	0.0	3.19577693939209	0.0	0.0	0.0	0.0	0.0	0.0	0.0	0.0	0.0	0.0	0.0	0.0	0.0	3.367385149002075	0.0	0.0	0.0	0.0	3.1412668228149414	0.0	0.0	0.0	0.0	0.0	0.0	0.0	2.6518399715423584	2.5652928352355957	0.0	2.6654787063598633	0.0	0.0	0.0	0.0	3.0498526096343994	0.0	0.0	2.389237642288208	0.0	1.832777500152588	2.992053747177124	0.0	0.0	0.0	0.0	3.9281044006347656	0.0	0.0	0.0	0.0	0.0	0.0	0.0	0.0	0.0	0.0	0.0	0.0	0.0	0.0	2.4295265674591064	0.0	0.0	0.0	0.0	0.0	0.0
0.0	0.0	0.0	2.13687801361084	0.0	0.0	0.0	2.9478724002838135	0.0	0.0	3.007124185562134	0.0	0.0	0.0	0.0	3.2972497940063477	0.0	0.0	0.0	0.0	2.909001350402832	0.0	0.0	0.0	0.0	2.869399309158325	3.4712941646575928	0.0	0.0	2.8264193534851074	0.0	0.0	0.0	0.0	3.3808441162109375	3.1622188091278076	0.0	0.0	0.0	2.691995143890381	0.0	3.5663092136383057	0.0	1.4929198026657104	0.0	0.0	0.0	0.0	0.0	2.0906386375427246	0.0	0.0	0.0	0.0	0.0	0.0	0.0	0.0	0.0	0.0	3.197558879852295	0.0	0.0	0.0	0.0	0.0	0.0	0.0	0.0	0.0	0.0	0.0	0.0	0.0	3.3716421127319336	0.0	0.0	0.0	0.0	3.1539382934570312	0.0	0.0	0.0	0.0	0.0	0.0	0.0	2.654242753982544	2.5689709186553955	0.0	2.668394088745117	0.0	0.0	0.0	0.0	3.0545105934143066	0.0	0.0	2.3981213569641113	0.0	1.836623191833496	2.995117664337158	0.0	0.0	0.0	0.0	3.9315121173858643	0.0	0.0	0.0	0.0	0.0	0.0	0.0	0.0	0.0	0.0	0.0	0.0	0.0	0.0	2.429908037185669	0.0	0.0	0.0	0.0	0.0	0.0
0.0	0.0	0.0	2.1346986293792725	0.0	0.0	0.0	2.945416212081909	0.0	0.0	3.0039942264556885	0.0	0.0	0.0	0.0	3.2920572757720947	0.0	0.0	0.0	0.0	2.9079418182373047	0.0	0.0	0.0	0.0	2.8663015365600586	3.4684576988220215	0.0	0.0	2.8233582973480225	0.0	0.0	0.0	0.0	3.3772904872894287	3.1612675189971924	0.0	0.0	0.0	2.6869733333587646	0.0	3.5625369548797607	0.0	1.4906164407730103	0.0	0.0	0.0	0.0	0.0	2.084810495376587	0.0	0.0	0.0	0.0	0.0	0.0	0.0	0.0	0.0	0.0	3.1976962089538574	0.0	0.0	0.0	0.0	0.0	0.0	0.0	0.0	0.0	0.0	0.0	0.0	0.0	3.3673245906829834	0.0	0.0	0.0	0.0	3.1455206871032715	0.0	0.0	0.0	0.0	0.0	0.0	0.0	2.650895357131958	2.5694456100463867	0.0	2.669452428817749	0.0	0.0	0.0	0.0	3.054929494857788	0.0	0.0	2.3919878005981445	0.0	1.8325103521347046	2.9917027950286865	0.0	0.0	0.0	0.0	3.930952548980713	0.0	0.0	0.0	0.0	0.0	0.0	0.0	0.0	0.0	0.0	0.0	0.0	0.0	0.0	2.433215856552124	0.0	0.0	0.0	0.0	0.0	0.0
0.0	0.0	0.0	2.1358139514923096	0.0	0.0	0.0	2.9481563568115234	0.0	0.0	3.0055465698242188	0.0	0.0	0.0	0.0	3.2998292446136475	0.0	0.0	0.0	0.0	2.90732479095459	0.0	0.0	0.0	0.0	2.8637876510620117	3.463897466659546	0.0	0.0	2.8307607173919678	0.0	0.0	0.0	0.0	3.3743205070495605	3.1561269760131836	0.0	0.0	0.0	2.696439504623413	0.0	3.568594217300415	0.0	1.4901220798492432	0.0	0.0	0.0	0.0	0.0	2.08852219581604	0.0	0.0	0.0	0.0	0.0	0.0	0.0	0.0	0.0	0.0	3.1993069648742676	0.0	0.0	0.0	0.0	0.0	0.0	0.0	0.0	0.0	0.0	0.0	0.0	0.0	3.37375807762146	0.0	0.0	0.0	0.0	3.1474623680114746	0.0	0.0	0.0	0.0	0.0	0.0	0.0	2.6512773036956787	2.5638034343719482	0.0	2.6656429767608643	0.0	0.0	0.0	0.0	3.0564117431640625	0.0	0.0	2.392141580581665	0.0	1.8337211608886719	2.99643611907959	0.0	0.0	0.0	0.0	3.929821491241455	0.0	0.0	0.0	0.0	0.0	0.0	0.0	0.0	0.0	0.0	0.0	0.0	0.0	0.0	2.4286978244781494	0.0	0.0	0.0	0.0	0.0	0.0
0.0	0.0	0.0	2.1378843784332275	0.0	0.0	0.0	2.957838296890259	0.0	0.0	3.0157968997955322	0.0	0.0	0.0	0.0	3.3078620433807373	0.0	0.0	0.0	0.0	2.9129929542541504	0.0	0.0	0.0	0.0	2.8731637001037598	3.475611925125122	0.0	0.0	2.8338890075683594	0.0	0.0	0.0	0.0	3.3854546546936035	3.165464401245117	0.0	0.0	0.0	2.7008111476898193	0.0	3.5772488117218018	0.0	1.4929271936416626	0.0	0.0	0.0	0.0	0.0	2.0922060012817383	0.0	0.0	0.0	0.0	0.0	0.0	0.0	0.0	0.0	0.0	3.2061307430267334	0.0	0.0	0.0	0.0	0.0	0.0	0.0	0.0	0.0	0.0	0.0	0.0	0.0	3.378950834274292	0.0	0.0	0.0	0.0	3.157085657119751	0.0	0.0	0.0	0.0	0.0	0.0	0.0	2.659902811050415	2.5726559162139893	0.0	2.6729166507720947	0.0	0.0	0.0	0.0	3.0646324157714844	0.0	0.0	2.3960933685302734	0.0	1.8383852243423462	2.9996232986450195	0.0	0.0	0.0	0.0	3.939533233642578	0.0	0.0	0.0	0.0	0.0	0.0	0.0	0.0	0.0	0.0	0.0	0.0	0.0	0.0	2.4389843940734863	0.0	0.0	0.0	0.0	0.0	0.0
0.0	0.0	0.0	2.1292366981506348	0.0	0.0	0.0	2.942577600479126	0.0	0.0	2.9989712238311768	0.0	0.0	0.0	0.0	3.2836201190948486	0.0	0.0	0.0	0.0	2.903886556625366	0.0	0.0	0.0	0.0	2.8638970851898193	3.4631917476654053	0.0	0.0	2.8247668743133545	0.0	0.0	0.0	0.0	3.368156671524048	3.156156539916992	0.0	0.0	0.0	2.6826229095458984	0.0	3.557237148284912	0.0	1.4886713027954102	0.0	0.0	0.0	0.0	0.0	2.0776784420013428	0.0	0.0	0.0	0.0	0.0	0.0	0.0	0.0	0.0	0.0	3.1956403255462646	0.0	0.0	0.0	0.0	0.0	0.0	0.0	0.0	0.0	0.0	0.0	0.0	0.0	3.3602447509765625	0.0	0.0	0.0	0.0	3.1381728649139404	0.0	0.0	0.0	0.0	0.0	0.0	0.0	2.6460070610046387	2.558389902114868	0.0	2.6605799198150635	0.0	0.0	0.0	0.0	3.054523229598999	0.0	0.0	2.3871824741363525	0.0	1.8367725610733032	2.9941680431365967	0.0	0.0	0.0	0.0	3.924636125564575	0.0	0.0	0.0	0.0	0.0	0.0	0.0	0.0	0.0	0.0	0.0	0.0	0.0	0.0	2.425543785095215	0.0	0.0	0.0	0.0	0.0	0.0
0.0	0.0	0.0	2.1334965229034424	0.0	0.0	0.0	2.9407880306243896	0.0	0.0	3.004039764404297	0.0	0.0	0.0	0.0	3.294642925262451	0.0	0.0	0.0	0.0	2.9071290493011475	0.0	0.0	0.0	0.0	2.867217540740967	3.4655675888061523	0.0	0.0	2.82446026802063	0.0	0.0	0.0	0.0	3.3755717277526855	3.1612865924835205	0.0	0.0	0.0	2.685476303100586	0.0	3.563997745513916	0.0	1.49369215965271	0.0	0.0	0.0	0.0	0.0	2.083146810531616	0.0	0.0	0.0	0.0	0.0	0.0	0.0	0.0	0.0	0.0	3.195497512817383	0.0	0.0	0.0	0.0	0.0	0.0	0.0	0.0	0.0	0.0	0.0	0.0	0.0	3.368152141571045	0.0	0.0	0.0	0.0	3.149883270263672	0.0	0.0	0.0	0.0	0.0	0.0	0.0	2.6511712074279785	2.5716652870178223	0.0	2.6704208850860596	0.0	0.0	0.0	0.0	3.051429271697998	0.0	0.0	2.392461061477661	0.0	1.8358277082443237	2.992213487625122	0.0	0.0	0.0	0.0	3.9290618896484375	0.0	0.0	0.0	0.0	0.0	0.0	0.0	0.0	0.0	0.0	0.0	0.0	0.0	0.0	2.430884838104248	0.0	0.0	0.0	0.0	0.0	0.0
0.0	0.0	0.0	2.133845329284668	0.0	0.0	0.0	2.9388744831085205	0.0	0.0	2.9999334812164307	0.0	0.0	0.0	0.0	3.287562847137451	0.0	0.0	0.0	0.0	2.901259422302246	0.0	0.0	0.0	0.0	2.8614959716796875	3.4624264240264893	0.0	0.0	2.817168951034546	0.0	0.0	0.0	0.0	3.3735344409942627	3.1560654640197754	0.0	0.0	0.0	2.6868715286254883	0.0	3.5544846057891846	0.0	1.4885729551315308	0.0	0.0	0.0	0.0	0.0	2.081407070159912	0.0	0.0	0.0	0.0	0.0	0.0	0.0	0.0	0.0	0.0	3.197354555130005	0.0	0.0	0.0	0.0	0.0	0.0	0.0	0.0	0.0	0.0	0.0	0.0	0.0	3.363306760787964	0.0	0.0	0.0	0.0	3.1404876708984375	0.0	0.0	0.0	0.0	0.0	0.0	0.0	2.6486763954162598	2.5645408630371094	0.0	2.664133310317993	0.0	0.0	0.0	0.0	3.052407741546631	0.0	0.0	2.3893818855285645	0.0	1.8365581035614014	2.989471673965454	0.0	0.0	0.0	0.0	3.9225263595581055	0.0	0.0	0.0	0.0	0.0	0.0	0.0	0.0	0.0	0.0	0.0	0.0	0.0	0.0	2.4288036823272705	0.0	0.0	0.0	0.0	0.0	0.0
0.0	0.0	0.0	2.1301910877227783	0.0	0.0	0.0	2.942905902862549	0.0	0.0	3.002558469772339	0.0	0.0	0.0	0.0	3.2949066162109375	0.0	0.0	0.0	0.0	2.9033586978912354	0.0	0.0	0.0	0.0	2.862560272216797	3.4611623287200928	0.0	0.0	2.8236491680145264	0.0	0.0	0.0	0.0	3.3703670501708984	3.1569247245788574	0.0	0.0	0.0	2.6917481422424316	0.0	3.558746337890625	0.0	1.4913314580917358	0.0	0.0	0.0	0.0	0.0	2.083815097808838	0.0	0.0	0.0	0.0	0.0	0.0	0.0	0.0	0.0	0.0	3.1921534538269043	0.0	0.0	0.0	0.0	0.0	0.0	0.0	0.0	0.0	0.0	0.0	0.0	0.0	3.366868019104004	0.0	0.0	0.0	0.0	3.143620729446411	0.0	0.0	0.0	0.0	0.0	0.0	0.0	2.6439974308013916	2.5606529712677	0.0	2.6619954109191895	0.0	0.0	0.0	0.0	3.048525094985962	0.0	0.0	2.392072916030884	0.0	1.8303825855255127	2.9912283420562744	0.0	0.0	0.0	0.0	3.926945447921753	0.0	0.0	0.0	0.0	0.0	0.0	0.0	0.0	0.0	0.0	0.0	0.0	0.0	0.0	2.4282944202423096	0.0	0.0	0.0	0.0	0.0	0.0
0.0	0.0	0.0	2.141956090927124	0.0	0.0	0.0	2.9450480937957764	0.0	0.0	3.0098471641540527	0.0	0.0	0.0	0.0	3.3020315170288086	0.0	0.0	0.0	0.0	2.9087936878204346	0.0	0.0	0.0	0.0	2.866150379180908	3.4629881381988525	0.0	0.0	2.8262245655059814	0.0	0.0	0.0	0.0	3.3776357173919678	3.159961462020874	0.0	0.0	0.0	2.6947617530822754	0.0	3.5640833377838135	0.0	1.4913616180419922	0.0	0.0	0.0	0.0	0.0	2.091975688934326	0.0	0.0	0.0	0.0	0.0	0.0	0.0	0.0	0.0	0.0	3.197093963623047	0.0	0.0	0.0	0.0	0.0	0.0	0.0	0.0	0.0	0.0	0.0	0.0	0.0	3.370877981185913	0.0	0.0	0.0	0.0	3.148927688598633	0.0	0.0	0.0	0.0	0.0	0.0	0.0	2.6514692306518555	2.5678746700286865	0.0	2.6655938625335693	0.0	0.0	0.0	0.0	3.056845188140869	0.0	0.0	2.392819404602051	0.0	1.8324661254882812	2.9947030544281006	0.0	0.0	0.0	0.0	3.9292080402374268	0.0	0.0	0.0	0.0	0.0	0.0	0.0	0.0	0.0	0.0	0.0	0.0	0.0	0.0	2.4339969158172607	0.0	0.0	0.0	0.0	0.0	0.0
0.0	0.0	0.0	2.1398582458496094	0.0	0.0	0.0	2.949782133102417	0.0	0.0	3.0066325664520264	0.0	0.0	0.0	0.0	3.29685640335083	0.0	0.0	0.0	0.0	2.9080567359924316	0.0	0.0	0.0	0.0	2.8698832988739014	3.467506170272827	0.0	0.0	2.823230743408203	0.0	0.0	0.0	0.0	3.3783607482910156	3.161841869354248	0.0	0.0	0.0	2.688805103302002	0.0	3.564953088760376	0.0	1.4894683361053467	0.0	0.0	0.0	0.0	0.0	2.0883045196533203	0.0	0.0	0.0	0.0	0.0	0.0	0.0	0.0	0.0	0.0	3.197910785675049	0.0	0.0	0.0	0.0	0.0	0.0	0.0	0.0	0.0	0.0	0.0	0.0	0.0	3.370650053024292	0.0	0.0	0.0	0.0	3.1445319652557373	0.0	0.0	0.0	0.0	0.0	0.0	0.0	2.651036024093628	2.5699775218963623	0.0	2.6685407161712646	0.0	0.0	0.0	0.0	3.053962469100952	0.0	0.0	2.395725727081299	0.0	1.832372784614563	2.9930458068847656	0.0	0.0	0.0	0.0	3.930068254470825	0.0	0.0	0.0	0.0	0.0	0.0	0.0	0.0	0.0	0.0	0.0	0.0	0.0	0.0	2.431973934173584	0.0	0.0	0.0	0.0	0.0	0.0
0.0	0.0	0.0	2.129379987716675	0.0	0.0	0.0	2.935795783996582	0.0	0.0	3.0003113746643066	0.0	0.0	0.0	0.0	3.289987087249756	0.0	0.0	0.0	0.0	2.9017913341522217	0.0	0.0	0.0	0.0	2.8578128814697266	3.4611434936523438	0.0	0.0	2.821716070175171	0.0	0.0	0.0	0.0	3.369555950164795	3.1546332836151123	0.0	0.0	0.0	2.6849145889282227	0.0	3.5542731285095215	0.0	1.4940872192382812	0.0	0.0	0.0	0.0	0.0	2.078991174697876	0.0	0.0	0.0	0.0	0.0	0.0	0.0	0.0	0.0	0.0	3.189061164855957	0.0	0.0	0.0	0.0	0.0	0.0	0.0	0.0	0.0	0.0	0.0	0.0	0.0	3.3638839721679688	0.0	0.0	0.0	0.0	3.1447153091430664	0.0	0.0	0.0	0.0	0.0	0.0	0.0	2.648344039916992	2.558864116668701	0.0	2.66192889213562	0.0	0.0	0.0	0.0	3.0471062660217285	0.0	0.0	2.3913967609405518	0.0	1.8338948488235474	2.9837262630462646	0.0	0.0	0.0	0.0	3.9220128059387207	0.0	0.0	0.0	0.0	0.0	0.0	0.0	0.0	0.0	0.0	0.0	0.0	0.0	0.0	2.424791097640991	0.0	0.0	0.0	0.0	0.0	0.0
0.0	0.0	0.0	2.137284517288208	0.0	0.0	0.0	2.9486405849456787	0.0	0.0	3.006995916366577	0.0	0.0	0.0	0.0	3.3012397289276123	0.0	0.0	0.0	0.0	2.9119811058044434	0.0	0.0	0.0	0.0	2.869753837585449	3.4707441329956055	0.0	0.0	2.824282169342041	0.0	0.0	0.0	0.0	3.383598566055298	3.163055896759033	0.0	0.0	0.0	2.6931803226470947	0.0	3.5661094188690186	0.0	1.489971399307251	0.0	0.0	0.0	0.0	0.0	2.092316150665283	0.0	0.0	0.0	0.0	0.0	0.0	0.0	0.0	0.0	0.0	3.1995937824249268	0.0	0.0	0.0	0.0	0.0	0.0	0.0	0.0	0.0	0.0	0.0	0.0	0.0	3.3741347789764404	0.0	0.0	0.0	0.0	3.152297258377075	0.0	0.0	0.0	0.0	0.0	0.0	0.0	2.654923677444458	2.571972370147705	0.0	2.671017646789551	0.0	0.0	0.0	0.0	3.0538151264190674	0.0	0.0	2.3958756923675537	0.0	1.8353012800216675	2.996244430541992	0.0	0.0	0.0	0.0	3.935220241546631	0.0	0.0	0.0	0.0	0.0	0.0	0.0	0.0	0.0	0.0	0.0	0.0	0.0	0.0	2.433763265609741	0.0	0.0	0.0	0.0	0.0	0.0
0.0	0.0	0.0	2.1362292766571045	0.0	0.0	0.0	2.9511072635650635	0.0	0.0	3.0114216804504395	0.0	0.0	0.0	0.0	3.3014044761657715	0.0	0.0	0.0	0.0	2.9071731567382812	0.0	0.0	0.0	0.0	2.866330623626709	3.468867778778076	0.0	0.0	2.8281219005584717	0.0	0.0	0.0	0.0	3.3810575008392334	3.159334659576416	0.0	0.0	0.0	2.702061414718628	0.0	3.5689034461975098	0.0	1.4910672903060913	0.0	0.0	0.0	0.0	0.0	2.0879623889923096	0.0	0.0	0.0	0.0	0.0	0.0	0.0	0.0	0.0	0.0	3.198518753051758	0.0	0.0	0.0	0.0	0.0	0.0	0.0	0.0	0.0	0.0	0.0	0.0	0.0	3.375044584274292	0.0	0.0	0.0	0.0	3.152740240097046	0.0	0.0	0.0	0.0	0.0	0.0	0.0	2.649968147277832	2.5687010288238525	0.0	2.669410228729248	0.0	0.0	0.0	0.0	3.0559966564178467	0.0	0.0	2.401165008544922	0.0	1.8308155536651611	2.9969780445098877	0.0	0.0	0.0	0.0	3.9340980052948	0.0	0.0	0.0	0.0	0.0	0.0	0.0	0.0	0.0	0.0	0.0	0.0	0.0	0.0	2.436819553375244	0.0	0.0	0.0	0.0	0.0	0.0
0.0	0.0	0.0	2.136967658996582	0.0	0.0	0.0	2.9484286308288574	0.0	0.0	3.004770278930664	0.0	0.0	0.0	0.0	3.2965686321258545	0.0	0.0	0.0	0.0	2.9103341102600098	0.0	0.0	0.0	0.0	2.8688361644744873	3.469327211380005	0.0	0.0	2.8238232135772705	0.0	0.0	0.0	0.0	3.3803837299346924	3.1610920429229736	0.0	0.0	0.0	2.6913442611694336	0.0	3.5661110877990723	0.0	1.4897276163101196	0.0	0.0	0.0	0.0	0.0	2.0872879028320312	0.0	0.0	0.0	0.0	0.0	0.0	0.0	0.0	0.0	0.0	3.196772813796997	0.0	0.0	0.0	0.0	0.0	0.0	0.0	0.0	0.0	0.0	0.0	0.0	0.0	3.3721585273742676	0.0	0.0	0.0	0.0	3.151740074157715	0.0	0.0	0.0	0.0	0.0	0.0	0.0	2.6524996757507324	2.5663225650787354	0.0	2.6704862117767334	0.0	0.0	0.0	0.0	3.052964925765991	0.0	0.0	2.3956098556518555	0.0	1.8358925580978394	2.9947054386138916	0.0	0.0	0.0	0.0	3.9313526153564453	0.0	0.0	0.0	0.0	0.0	0.0	0.0	0.0	0.0	0.0	0.0	0.0	0.0	0.0	2.4317667484283447	0.0	0.0	0.0	0.0	0.0	0.0
0.0	0.0	0.0	2.131053924560547	0.0	0.0	0.0	2.9467670917510986	0.0	0.0	3.004362106323242	0.0	0.0	0.0	0.0	3.289175271987915	0.0	0.0	0.0	0.0	2.9060449600219727	0.0	0.0	0.0	0.0	2.8642659187316895	3.4703214168548584	0.0	0.0	2.8261866569519043	0.0	0.0	0.0	0.0	3.381204605102539	3.161020517349243	0.0	0.0	0.0	2.6867048740386963	0.0	3.5654265880584717	0.0	1.4936503171920776	0.0	0.0	0.0	0.0	0.0	2.086594581604004	0.0	0.0	0.0	0.0	0.0	0.0	0.0	0.0	0.0	0.0	3.1980082988739014	0.0	0.0	0.0	0.0	0.0	0.0	0.0	0.0	0.0	0.0	0.0	0.0	0.0	3.372713088989258	0.0	0.0	0.0	0.0	3.1471524238586426	0.0	0.0	0.0	0.0	0.0	0.0	0.0	2.6563456058502197	2.5675270557403564	0.0	2.6673107147216797	0.0	0.0	0.0	0.0	3.054150342941284	0.0	0.0	2.392749786376953	0.0	1.8383660316467285	2.991720676422119	0.0	0.0	0.0	0.0	3.931251287460327	0.0	0.0	0.0	0.0	0.0	0.0	0.0	0.0	0.0	0.0	0.0	0.0	0.0	0.0	2.432652711868286	0.0	0.0	0.0	0.0	0.0	0.0
0.0	0.0	0.0	2.1358158588409424	0.0	0.0	0.0	2.946826457977295	0.0	0.0	3.009998321533203	0.0	0.0	0.0	0.0	3.293653964996338	0.0	0.0	0.0	0.0	2.9048008918762207	0.0	0.0	0.0	0.0	2.8631834983825684	3.469928026199341	0.0	0.0	2.8271114826202393	0.0	0.0	0.0	0.0	3.375962257385254	3.159379005432129	0.0	0.0	0.0	2.687817096710205	0.0	3.5679354667663574	0.0	1.4950919151306152	0.0	0.0	0.0	0.0	0.0	2.084832191467285	0.0	0.0	0.0	0.0	0.0	0.0	0.0	0.0	0.0	0.0	3.2014827728271484	0.0	0.0	0.0	0.0	0.0	0.0	0.0	0.0	0.0	0.0	0.0	0.0	0.0	3.3698508739471436	0.0	0.0	0.0	0.0	3.150211811065674	0.0	0.0	0.0	0.0	0.0	0.0	0.0	2.652813196182251	2.5670645236968994	0.0	2.664172649383545	0.0	0.0	0.0	0.0	3.0563647747039795	0.0	0.0	2.3892085552215576	0.0	1.8348603248596191	2.995002269744873	0.0	0.0	0.0	0.0	3.9347805976867676	0.0	0.0	0.0	0.0	0.0	0.0	0.0	0.0	0.0	0.0	0.0	0.0	0.0	0.0	2.4302895069122314	0.0	0.0	0.0	0.0	0.0	0.0
0.0	0.0	0.0	2.138840436935425	0.0	0.0	0.0	2.9490609169006348	0.0	0.0	3.012238025665283	0.0	0.0	0.0	0.0	3.2978460788726807	0.0	0.0	0.0	0.0	2.908280372619629	0.0	0.0	0.0	0.0	2.867027997970581	3.469534397125244	0.0	0.0	2.828249216079712	0.0	0.0	0.0	0.0	3.380798101425171	3.166935920715332	0.0	0.0	0.0	2.693174123764038	0.0	3.5667612552642822	0.0	1.494634985923767	0.0	0.0	0.0	0.0	0.0	2.088087797164917	0.0	0.0	0.0	0.0	0.0	0.0	0.0	0.0	0.0	0.0	3.2015721797943115	0.0	0.0	0.0	0.0	0.0	0.0	0.0	0.0	0.0	0.0	0.0	0.0	0.0	3.374269962310791	0.0	0.0	0.0	0.0	3.1525115966796875	0.0	0.0	0.0	0.0	0.0	0.0	0.0	2.6566884517669678	2.572106122970581	0.0	2.67073392868042	0.0	0.0	0.0	0.0	3.057218313217163	0.0	0.0	2.3974149227142334	0.0	1.8341763019561768	2.9960968494415283	0.0	0.0	0.0	0.0	3.938202142715454	0.0	0.0	0.0	0.0	0.0	0.0	0.0	0.0	0.0	0.0	0.0	0.0	0.0	0.0	2.4371719360351562	0.0	0.0	0.0	0.0	0.0	0.0
0.0	0.0	0.0	2.135590076446533	0.0	0.0	0.0	2.9376602172851562	0.0	0.0	2.9950366020202637	0.0	0.0	0.0	0.0	3.285975217819214	0.0	0.0	0.0	0.0	2.9042978286743164	0.0	0.0	0.0	0.0	2.855938196182251	3.4579696655273438	0.0	0.0	2.8168435096740723	0.0	0.0	0.0	0.0	3.3672568798065186	3.152151346206665	0.0	0.0	0.0	2.6805102825164795	0.0	3.5551629066467285	0.0	1.4933558702468872	0.0	0.0	0.0	0.0	0.0	2.074298143386841	0.0	0.0	0.0	0.0	0.0	0.0	0.0	0.0	0.0	0.0	3.190878391265869	0.0	0.0	0.0	0.0	0.0	0.0	0.0	0.0	0.0	0.0	0.0	0.0	0.0	3.3587043285369873	0.0	0.0	0.0	0.0	3.139186143875122	0.0	0.0	0.0	0.0	0.0	0.0	0.0	2.642371892929077	2.5553042888641357	0.0	2.65421199798584	0.0	0.0	0.0	0.0	3.0501227378845215	0.0	0.0	2.386592388153076	0.0	1.8275164365768433	2.9854543209075928	0.0	0.0	0.0	0.0	3.9235174655914307	0.0	0.0	0.0	0.0	0.0	0.0	0.0	0.0	0.0	0.0	0.0	0.0	0.0	0.0	2.422874927520752	0.0	0.0	0.0	0.0	0.0	0.0
0.0	0.0	0.0	2.1383213996887207	0.0	0.0	0.0	2.9506170749664307	0.0	0.0	3.0037732124328613	0.0	0.0	0.0	0.0	3.2942681312561035	0.0	0.0	0.0	0.0	2.9116106033325195	0.0	0.0	0.0	0.0	2.8675007820129395	3.4652392864227295	0.0	0.0	2.823216199874878	0.0	0.0	0.0	0.0	3.3791980743408203	3.156420946121216	0.0	0.0	0.0	2.6902925968170166	0.0	3.5623772144317627	0.0	1.487730622291565	0.0	0.0	0.0	0.0	0.0	2.0817785263061523	0.0	0.0	0.0	0.0	0.0	0.0	0.0	0.0	0.0	0.0	3.2000885009765625	0.0	0.0	0.0	0.0	0.0	0.0	0.0	0.0	0.0	0.0	0.0	0.0	0.0	3.369293451309204	0.0	0.0	0.0	0.0	3.145742893218994	0.0	0.0	0.0	0.0	0.0	0.0	0.0	2.651453733444214	2.565319299697876	0.0	2.668426275253296	0.0	0.0	0.0	0.0	3.0624852180480957	0.0	0.0	2.395646572113037	0.0	1.8321641683578491	2.995776891708374	0.0	0.0	0.0	0.0	3.933671712875366	0.0	0.0	0.0	0.0	0.0	0.0	0.0	0.0	0.0	0.0	0.0	0.0	0.0	0.0	2.4330649375915527	0.0	0.0	0.0	0.0	0.0	0.0
0.0	0.0	0.0	2.1299102306365967	0.0	0.0	0.0	2.937354326248169	0.0	0.0	2.996504068374634	0.0	0.0	0.0	0.0	3.285257577896118	0.0	0.0	0.0	0.0	2.8993992805480957	0.0	0.0	0.0	0.0	2.853511095046997	3.4587676525115967	0.0	0.0	2.8134591579437256	0.0	0.0	0.0	0.0	3.367886543273926	3.1512861251831055	0.0	0.0	0.0	2.6809377670288086	0.0	3.551731824874878	0.0	1.4887977838516235	0.0	0.0	0.0	0.0	0.0	2.0808563232421875	0.0	0.0	0.0	0.0	0.0	0.0	0.0	0.0	0.0	0.0	3.1921658515930176	0.0	0.0	0.0	0.0	0.0	0.0	0.0	0.0	0.0	0.0	0.0	0.0	0.0	3.3580517768859863	0.0	0.0	0.0	0.0	3.1376969814300537	0.0	0.0	0.0	0.0	0.0	0.0	0.0	2.642744302749634	2.5597615242004395	0.0	2.663301944732666	0.0	0.0	0.0	0.0	3.0472311973571777	0.0	0.0	2.380858898162842	0.0	1.8289330005645752	2.982261896133423	0.0	0.0	0.0	0.0	3.918423891067505	0.0	0.0	0.0	0.0	0.0	0.0	0.0	0.0	0.0	0.0	0.0	0.0	0.0	0.0	2.4238603115081787	0.0	0.0	0.0	0.0	0.0	0.0
0.0	0.0	0.0	2.140533208847046	0.0	0.0	0.0	2.946737051010132	0.0	0.0	3.0089902877807617	0.0	0.0	0.0	0.0	3.2984185218811035	0.0	0.0	0.0	0.0	2.910843849182129	0.0	0.0	0.0	0.0	2.8700106143951416	3.474632501602173	0.0	0.0	2.825767993927002	0.0	0.0	0.0	0.0	3.3828330039978027	3.164168119430542	0.0	0.0	0.0	2.6922197341918945	0.0	3.5676069259643555	0.0	1.4900730848312378	0.0	0.0	0.0	0.0	0.0	2.0850539207458496	0.0	0.0	0.0	0.0	0.0	0.0	0.0	0.0	0.0	0.0	3.2019903659820557	0.0	0.0	0.0	0.0	0.0	0.0	0.0	0.0	0.0	0.0	0.0	0.0	0.0	3.374317169189453	0.0	0.0	0.0	0.0	3.1513712406158447	0.0	0.0	0.0	0.0	0.0	0.0	0.0	2.6584928035736084	2.568509340286255	0.0	2.6690571308135986	0.0	0.0	0.0	0.0	3.0580787658691406	0.0	0.0	2.3941705226898193	0.0	1.8376675844192505	2.9949445724487305	0.0	0.0	0.0	0.0	3.9407286643981934	0.0	0.0	0.0	0.0	0.0	0.0	0.0	0.0	0.0	0.0	0.0	0.0	0.0	0.0	2.4349517822265625	0.0	0.0	0.0	0.0	0.0	0.0
0.0	0.0	0.0	2.136298179626465	0.0	0.0	0.0	2.9487969875335693	0.0	0.0	3.0124237537384033	0.0	0.0	0.0	0.0	3.300886631011963	0.0	0.0	0.0	0.0	2.911224603652954	0.0	0.0	0.0	0.0	2.86989688873291	3.470392942428589	0.0	0.0	2.830552577972412	0.0	0.0	0.0	0.0	3.3842411041259766	3.1629860401153564	0.0	0.0	0.0	2.6935157775878906	0.0	3.569671392440796	0.0	1.490203857421875	0.0	0.0	0.0	0.0	0.0	2.0869102478027344	0.0	0.0	0.0	0.0	0.0	0.0	0.0	0.0	0.0	0.0	3.2032999992370605	0.0	0.0	0.0	0.0	0.0	0.0	0.0	0.0	0.0	0.0	0.0	0.0	0.0	3.376067876815796	0.0	0.0	0.0	0.0	3.152405261993408	0.0	0.0	0.0	0.0	0.0	0.0	0.0	2.6553430557250977	2.5694046020507812	0.0	2.6734769344329834	0.0	0.0	0.0	0.0	3.057319402694702	0.0	0.0	2.395498514175415	0.0	1.833587408065796	2.9971964359283447	0.0	0.0	0.0	0.0	3.9376187324523926	0.0	0.0	0.0	0.0	0.0	0.0	0.0	0.0	0.0	0.0	0.0	0.0	0.0	0.0	2.434063196182251	0.0	0.0	0.0	0.0	0.0	0.0
0.0	0.0	0.0	2.134749412536621	0.0	0.0	0.0	2.944135904312134	0.0	0.0	3.0076115131378174	0.0	0.0	0.0	0.0	3.2966561317443848	0.0	0.0	0.0	0.0	2.9058265686035156	0.0	0.0	0.0	0.0	2.8656227588653564	3.4643609523773193	0.0	0.0	2.823108673095703	0.0	0.0	0.0	0.0	3.3751304149627686	3.1583917140960693	0.0	0.0	0.0	2.692544937133789	0.0	3.562086343765259	0.0	1.4881712198257446	0.0	0.0	0.0	0.0	0.0	2.090693950653076	0.0	0.0	0.0	0.0	0.0	0.0	0.0	0.0	0.0	0.0	3.191852569580078	0.0	0.0	0.0	0.0	0.0	0.0	0.0	0.0	0.0	0.0	0.0	0.0	0.0	3.371419668197632	0.0	0.0	0.0	0.0	3.1440961360931396	0.0	0.0	0.0	0.0	0.0	0.0	0.0	2.6492722034454346	2.566119432449341	0.0	2.668252468109131	0.0	0.0	0.0	0.0	3.05230975151062	0.0	0.0	2.3929779529571533	0.0	1.8321713209152222	2.992227077484131	0.0	0.0	0.0	0.0	3.9252986907958984	0.0	0.0	0.0	0.0	0.0	0.0	0.0	0.0	0.0	0.0	0.0	0.0	0.0	0.0	2.4303481578826904	0.0	0.0	0.0	0.0	0.0	0.0
0.0	0.0	0.0	2.13234281539917	0.0	0.0	0.0	2.944988250732422	0.0	0.0	3.005018472671509	0.0	0.0	0.0	0.0	3.2947380542755127	0.0	0.0	0.0	0.0	2.903320550918579	0.0	0.0	0.0	0.0	2.865724802017212	3.4617271423339844	0.0	0.0	2.8229660987854004	0.0	0.0	0.0	0.0	3.3747615814208984	3.155796527862549	0.0	0.0	0.0	2.6925771236419678	0.0	3.5613789558410645	0.0	1.4848517179489136	0.0	0.0	0.0	0.0	0.0	2.0845859050750732	0.0	0.0	0.0	0.0	0.0	0.0	0.0	0.0	0.0	0.0	3.190927028656006	0.0	0.0	0.0	0.0	0.0	0.0	0.0	0.0	0.0	0.0	0.0	0.0	0.0	3.3673927783966064	0.0	0.0	0.0	0.0	3.1467831134796143	0.0	0.0	0.0	0.0	0.0	0.0	0.0	2.6467738151550293	2.5654706954956055	0.0	2.663006067276001	0.0	0.0	0.0	0.0	3.0508248805999756	0.0	0.0	2.3937199115753174	0.0	1.831405758857727	2.9894914627075195	0.0	0.0	0.0	0.0	3.9230215549468994	0.0	0.0	0.0	0.0	0.0	0.0	0.0	0.0	0.0	0.0	0.0	0.0	0.0	0.0	2.4300742149353027	0.0	0.0	0.0	0.0	0.0	0.0
0.0	0.0	0.0	2.132873296737671	0.0	0.0	0.0	2.9415841102600098	0.0	0.0	3.000896692276001	0.0	0.0	0.0	0.0	3.292928695678711	0.0	0.0	0.0	0.0	2.90525484085083	0.0	0.0	0.0	0.0	2.8654427528381348	3.461050033569336	0.0	0.0	2.8178157806396484	0.0	0.0	0.0	0.0	3.37172269821167	3.1543185710906982	0.0	0.0	0.0	2.694366693496704	0.0	3.5570993423461914	0.0	1.4844963550567627	0.0	0.0	0.0	0.0	0.0	2.0869457721710205	0.0	0.0	0.0	0.0	0.0	0.0	0.0	0.0	0.0	0.0	3.1898128986358643	0.0	0.0	0.0	0.0	0.0	0.0	0.0	0.0	0.0	0.0	0.0	0.0	0.0	3.369140625	0.0	0.0	0.0	0.0	3.1447207927703857	0.0	0.0	0.0	0.0	0.0	0.0	0.0	2.6457247734069824	2.5620832443237305	0.0	2.6656391620635986	0.0	0.0	0.0	0.0	3.0509049892425537	0.0	0.0	2.3923797607421875	0.0	1.8285958766937256	2.9877066612243652	0.0	0.0	0.0	0.0	3.9204366207122803	0.0	0.0	0.0	0.0	0.0	0.0	0.0	0.0	0.0	0.0	0.0	0.0	0.0	0.0	2.4322986602783203	0.0	0.0	0.0	0.0	0.0	0.0
0.0	0.0	0.0	2.1397531032562256	0.0	0.0	0.0	2.9510116577148438	0.0	0.0	3.0131404399871826	0.0	0.0	0.0	0.0	3.307856559753418	0.0	0.0	0.0	0.0	2.9151771068573	0.0	0.0	0.0	0.0	2.8738131523132324	3.4772844314575195	0.0	0.0	2.8359222412109375	0.0	0.0	0.0	0.0	3.3816442489624023	3.167766571044922	0.0	0.0	0.0	2.7008254528045654	0.0	3.574431896209717	0.0	1.4867522716522217	0.0	0.0	0.0	0.0	0.0	2.0888891220092773	0.0	0.0	0.0	0.0	0.0	0.0	0.0	0.0	0.0	0.0	3.2043509483337402	0.0	0.0	0.0	0.0	0.0	0.0	0.0	0.0	0.0	0.0	0.0	0.0	0.0	3.3778388500213623	0.0	0.0	0.0	0.0	3.152710437774658	0.0	0.0	0.0	0.0	0.0	0.0	0.0	2.654489755630493	2.575813055038452	0.0	2.6742331981658936	0.0	0.0	0.0	0.0	3.061645269393921	0.0	0.0	2.40261173248291	0.0	1.8354774713516235	3.0046498775482178	0.0	0.0	0.0	0.0	3.942173480987549	0.0	0.0	0.0	0.0	0.0	0.0	0.0	0.0	0.0	0.0	0.0	0.0	0.0	0.0	2.439878225326538	0.0	0.0	0.0	0.0	0.0	0.0
0.0	0.0	0.0	2.132486581802368	0.0	0.0	0.0	2.9362974166870117	0.0	0.0	2.9984350204467773	0.0	0.0	0.0	0.0	3.284250020980835	0.0	0.0	0.0	0.0	2.8992326259613037	0.0	0.0	0.0	0.0	2.8585574626922607	3.4599251747131348	0.0	0.0	2.816317558288574	0.0	0.0	0.0	0.0	3.3711776733398438	3.151543617248535	0.0	0.0	0.0	2.682433843612671	0.0	3.553069591522217	0.0	1.4888567924499512	0.0	0.0	0.0	0.0	0.0	2.0810930728912354	0.0	0.0	0.0	0.0	0.0	0.0	0.0	0.0	0.0	0.0	3.196190118789673	0.0	0.0	0.0	0.0	0.0	0.0	0.0	0.0	0.0	0.0	0.0	0.0	0.0	3.3548386096954346	0.0	0.0	0.0	0.0	3.137705087661743	0.0	0.0	0.0	0.0	0.0	0.0	0.0	2.6432344913482666	2.5580432415008545	0.0	2.659701108932495	0.0	0.0	0.0	0.0	3.05238938331604	0.0	0.0	2.385305404663086	0.0	1.8343294858932495	2.9851014614105225	0.0	0.0	0.0	0.0	3.922816276550293	0.0	0.0	0.0	0.0	0.0	0.0	0.0	0.0	0.0	0.0	0.0	0.0	0.0	0.0	2.427549123764038	0.0	0.0	0.0	0.0	0.0	0.0
0.0	0.0	0.0	2.1298112869262695	0.0	0.0	0.0	2.933589458465576	0.0	0.0	2.988741874694824	0.0	0.0	0.0	0.0	3.283632516860962	0.0	0.0	0.0	0.0	2.893489360809326	0.0	0.0	0.0	0.0	2.849562644958496	3.451603412628174	0.0	0.0	2.814767599105835	0.0	0.0	0.0	0.0	3.3646867275238037	3.1476426124572754	0.0	0.0	0.0	2.675619602203369	0.0	3.5488224029541016	0.0	1.4858533143997192	0.0	0.0	0.0	0.0	0.0	2.0783145427703857	0.0	0.0	0.0	0.0	0.0	0.0	0.0	0.0	0.0	0.0	3.188192367553711	0.0	0.0	0.0	0.0	0.0	0.0	0.0	0.0	0.0	0.0	0.0	0.0	0.0	3.35194993019104	0.0	0.0	0.0	0.0	3.135355234146118	0.0	0.0	0.0	0.0	0.0	0.0	0.0	2.6387078762054443	2.5552470684051514	0.0	2.6547820568084717	0.0	0.0	0.0	0.0	3.0487186908721924	0.0	0.0	2.3800041675567627	0.0	1.8288298845291138	2.982877254486084	0.0	0.0	0.0	0.0	3.9161267280578613	0.0	0.0	0.0	0.0	0.0	0.0	0.0	0.0	0.0	0.0	0.0	0.0	0.0	0.0	2.423243761062622	0.0	0.0	0.0	0.0	0.0	0.0
0.0	0.0	0.0	2.1413941383361816	0.0	0.0	0.0	2.947535514831543	0.0	0.0	3.0133748054504395	0.0	0.0	0.0	0.0	3.2999346256256104	0.0	0.0	0.0	0.0	2.912001132965088	0.0	0.0	0.0	0.0	2.8709709644317627	3.4733874797821045	0.0	0.0	2.8314926624298096	0.0	0.0	0.0	0.0	3.3829569816589355	3.1654438972473145	0.0	0.0	0.0	2.6969871520996094	0.0	3.57224702835083	0.0	1.4919965267181396	0.0	0.0	0.0	0.0	0.0	2.089082956314087	0.0	0.0	0.0	0.0	0.0	0.0	0.0	0.0	0.0	0.0	3.1986234188079834	0.0	0.0	0.0	0.0	0.0	0.0	0.0	0.0	0.0	0.0	0.0	0.0	0.0	3.3745391368865967	0.0	0.0	0.0	0.0	3.1517486572265625	0.0	0.0	0.0	0.0	0.0	0.0	0.0	2.656906843185425	2.5644609928131104	0.0	2.6697821617126465	0.0	0.0	0.0	0.0	3.0619022846221924	0.0	0.0	2.3948974609375	0.0	1.836835503578186	2.9996225833892822	0.0	0.0	0.0	0.0	3.933772325515747	0.0	0.0	0.0	0.0	0.0	0.0	0.0	0.0	0.0	0.0	0.0	0.0	0.0	0.0	2.4321999549865723	0.0	0.0	0.0	0.0	0.0	0.0
0.0	0.0	0.0	2.1434006690979004	0.0	0.0	0.0	2.9470555782318115	0.0	0.0	3.0136680603027344	0.0	0.0	0.0	0.0	3.3052785396575928	0.0	0.0	0.0	0.0	2.918032169342041	0.0	0.0	0.0	0.0	2.869553565979004	3.478444814682007	0.0	0.0	2.830552339553833	0.0	0.0	0.0	0.0	3.3870723247528076	3.164881944656372	0.0	0.0	0.0	2.692960739135742	0.0	3.569990873336792	0.0	1.4952455759048462	0.0	0.0	0.0	0.0	0.0	2.0905086994171143	0.0	0.0	0.0	0.0	0.0	0.0	0.0	0.0	0.0	0.0	3.2057254314422607	0.0	0.0	0.0	0.0	0.0	0.0	0.0	0.0	0.0	0.0	0.0	0.0	0.0	3.376286745071411	0.0	0.0	0.0	0.0	3.1563570499420166	0.0	0.0	0.0	0.0	0.0	0.0	0.0	2.6621644496917725	2.5747249126434326	0.0	2.6779415607452393	0.0	0.0	0.0	0.0	3.063750743865967	0.0	0.0	2.401092529296875	0.0	1.8382583856582642	3.0002851486206055	0.0	0.0	0.0	0.0	3.9422664642333984	0.0	0.0	0.0	0.0	0.0	0.0	0.0	0.0	0.0	0.0	0.0	0.0	0.0	0.0	2.4417359828948975	0.0	0.0	0.0	0.0	0.0	0.0
0.0	0.0	0.0	2.140960693359375	0.0	0.0	0.0	2.952988624572754	0.0	0.0	3.0117626190185547	0.0	0.0	0.0	0.0	3.3029589653015137	0.0	0.0	0.0	0.0	2.9136884212493896	0.0	0.0	0.0	0.0	2.86517596244812	3.4754722118377686	0.0	0.0	2.8283846378326416	0.0	0.0	0.0	0.0	3.3862805366516113	3.1622705459594727	0.0	0.0	0.0	2.6970057487487793	0.0	3.571532726287842	0.0	1.4892191886901855	0.0	0.0	0.0	0.0	0.0	2.088289976119995	0.0	0.0	0.0	0.0	0.0	0.0	0.0	0.0	0.0	0.0	3.2072818279266357	0.0	0.0	0.0	0.0	0.0	0.0	0.0	0.0	0.0	0.0	0.0	0.0	0.0	3.373885154724121	0.0	0.0	0.0	0.0	3.149099588394165	0.0	0.0	0.0	0.0	0.0	0.0	0.0	2.656470537185669	2.567502498626709	0.0	2.66837477684021	0.0	0.0	0.0	0.0	3.0622222423553467	0.0	0.0	2.3973166942596436	0.0	1.8369296789169312	2.9995181560516357	0.0	0.0	0.0	0.0	3.9377403259277344	0.0	0.0	0.0	0.0	0.0	0.0	0.0	0.0	0.0	0.0	0.0	0.0	0.0	0.0	2.437831163406372	0.0	0.0	0.0	0.0	0.0	0.0
0.0	0.0	0.0	2.1219322681427	0.0	0.0	0.0	2.925539493560791	0.0	0.0	2.9864063262939453	0.0	0.0	0.0	0.0	3.274393320083618	0.0	0.0	0.0	0.0	2.892307758331299	0.0	0.0	0.0	0.0	2.8444089889526367	3.4512267112731934	0.0	0.0	2.8071296215057373	0.0	0.0	0.0	0.0	3.357754945755005	3.144725799560547	0.0	0.0	0.0	2.673624277114868	0.0	3.5437240600585938	0.0	1.48725163936615	0.0	0.0	0.0	0.0	0.0	2.0786235332489014	0.0	0.0	0.0	0.0	0.0	0.0	0.0	0.0	0.0	0.0	3.1875534057617188	0.0	0.0	0.0	0.0	0.0	0.0	0.0	0.0	0.0	0.0	0.0	0.0	0.0	3.3518972396850586	0.0	0.0	0.0	0.0	3.1269757747650146	0.0	0.0	0.0	0.0	0.0	0.0	0.0	2.638810396194458	2.548210859298706	0.0	2.654280424118042	0.0	0.0	0.0	0.0	3.0415267944335938	0.0	0.0	2.38104248046875	0.0	1.8234059810638428	2.9805190563201904	0.0	0.0	0.0	0.0	3.912459135055542	0.0	0.0	0.0	0.0	0.0	0.0	0.0	0.0	0.0	0.0	0.0	0.0	0.0	0.0	2.4176056385040283	0.0	0.0	0.0	0.0	0.0	0.0
0.0	0.0	0.0	2.1414668560028076	0.0	0.0	0.0	2.952033281326294	0.0	0.0	3.0129892826080322	0.0	0.0	0.0	0.0	3.304321765899658	0.0	0.0	0.0	0.0	2.914350986480713	0.0	0.0	0.0	0.0	2.865593671798706	3.4749937057495117	0.0	0.0	2.829923152923584	0.0	0.0	0.0	0.0	3.3844728469848633	3.1654772758483887	0.0	0.0	0.0	2.6977386474609375	0.0	3.571404457092285	0.0	1.4855026006698608	0.0	0.0	0.0	0.0	0.0	2.088057518005371	0.0	0.0	0.0	0.0	0.0	0.0	0.0	0.0	0.0	0.0	3.2065844535827637	0.0	0.0	0.0	0.0	0.0	0.0	0.0	0.0	0.0	0.0	0.0	0.0	0.0	3.3743999004364014	0.0	0.0	0.0	0.0	3.149432420730591	0.0	0.0	0.0	0.0	0.0	0.0	0.0	2.6603424549102783	2.5710906982421875	0.0	2.672438144683838	0.0	0.0	0.0	0.0	3.062183141708374	0.0	0.0	2.3972461223602295	0.0	1.8358616828918457	3.000028371810913	0.0	0.0	0.0	0.0	3.9402389526367188	0.0	0.0	0.0	0.0	0.0	0.0	0.0	0.0	0.0	0.0	0.0	0.0	0.0	0.0	2.438793897628784	0.0	0.0	0.0	0.0	0.0	0.0
0.0	0.0	0.0	2.1381311416625977	0.0	0.0	0.0	2.9480507373809814	0.0	0.0	3.0086121559143066	0.0	0.0	0.0	0.0	3.3000941276550293	0.0	0.0	0.0	0.0	2.90960431098938	0.0	0.0	0.0	0.0	2.867311954498291	3.471215009689331	0.0	0.0	2.8259899616241455	0.0	0.0	0.0	0.0	3.3804473876953125	3.158982992172241	0.0	0.0	0.0	2.697417736053467	0.0	3.564638614654541	0.0	1.4843850135803223	0.0	0.0	0.0	0.0	0.0	2.0898165702819824	0.0	0.0	0.0	0.0	0.0	0.0	0.0	0.0	0.0	0.0	3.1959211826324463	0.0	0.0	0.0	0.0	0.0	0.0	0.0	0.0	0.0	0.0	0.0	0.0	0.0	3.374743700027466	0.0	0.0	0.0	0.0	3.149876356124878	0.0	0.0	0.0	0.0	0.0	0.0	0.0	2.6542725563049316	2.5685412883758545	0.0	2.6696937084198	0.0	0.0	0.0	0.0	3.0566329956054688	0.0	0.0	2.3930089473724365	0.0	1.8324745893478394	2.996307134628296	0.0	0.0	0.0	0.0	3.930373430252075	0.0	0.0	0.0	0.0	0.0	0.0	0.0	0.0	0.0	0.0	0.0	0.0	0.0	0.0	2.4357922077178955	0.0	0.0	0.0	0.0	0.0	0.0
0.0	0.0	0.0	2.139655590057373	0.0	0.0	0.0	2.950611114501953	0.0	0.0	3.0051825046539307	0.0	0.0	0.0	0.0	3.2985336780548096	0.0	0.0	0.0	0.0	2.91068172454834	0.0	0.0	0.0	0.0	2.865309238433838	3.4706904888153076	0.0	0.0	2.8262596130371094	0.0	0.0	0.0	0.0	3.381495952606201	3.1628129482269287	0.0	0.0	0.0	2.692458391189575	0.0	3.568085193634033	0.0	1.486553430557251	0.0	0.0	0.0	0.0	0.0	2.0851521492004395	0.0	0.0	0.0	0.0	0.0	0.0	0.0	0.0	0.0	0.0	3.204331398010254	0.0	0.0	0.0	0.0	0.0	0.0	0.0	0.0	0.0	0.0	0.0	0.0	0.0	3.371035099029541	0.0	0.0	0.0	0.0	3.1468145847320557	0.0	0.0	0.0	0.0	0.0	0.0	0.0	2.654736280441284	2.5675299167633057	0.0	2.669374465942383	0.0	0.0	0.0	0.0	3.060633659362793	0.0	0.0	2.3932883739471436	0.0	1.8341585397720337	2.999474048614502	0.0	0.0	0.0	0.0	3.937741756439209	0.0	0.0	0.0	0.0	0.0	0.0	0.0	0.0	0.0	0.0	0.0	0.0	0.0	0.0	2.4326441287994385	0.0	0.0	0.0	0.0	0.0	0.0
0.0	0.0	0.0	2.1408700942993164	0.0	0.0	0.0	2.949159622192383	0.0	0.0	3.0096099376678467	0.0	0.0	0.0	0.0	3.2974472045898438	0.0	0.0	0.0	0.0	2.909595251083374	0.0	0.0	0.0	0.0	2.8678338527679443	3.4677538871765137	0.0	0.0	2.8188014030456543	0.0	0.0	0.0	0.0	3.380528450012207	3.1592154502868652	0.0	0.0	0.0	2.6899266242980957	0.0	3.564204454421997	0.0	1.4908006191253662	0.0	0.0	0.0	0.0	0.0	2.0885093212127686	0.0	0.0	0.0	0.0	0.0	0.0	0.0	0.0	0.0	0.0	3.1975834369659424	0.0	0.0	0.0	0.0	0.0	0.0	0.0	0.0	0.0	0.0	0.0	0.0	0.0	3.37369704246521	0.0	0.0	0.0	0.0	3.145963430404663	0.0	0.0	0.0	0.0	0.0	0.0	0.0	2.657515048980713	2.5703234672546387	0.0	2.668382167816162	0.0	0.0	0.0	0.0	3.055549144744873	0.0	0.0	2.3930346965789795	0.0	1.8327534198760986	2.9916813373565674	0.0	0.0	0.0	0.0	3.933664560317993	0.0	0.0	0.0	0.0	0.0	0.0	0.0	0.0	0.0	0.0	0.0	0.0	0.0	0.0	2.4365670680999756	0.0	0.0	0.0	0.0	0.0	0.0
0.0	0.0	0.0	2.129873752593994	0.0	0.0	0.0	2.94476580619812	0.0	0.0	2.9991841316223145	0.0	0.0	0.0	0.0	3.289557456970215	0.0	0.0	0.0	0.0	2.900000810623169	0.0	0.0	0.0	0.0	2.862619400024414	3.4623677730560303	0.0	0.0	2.8221161365509033	0.0	0.0	0.0	0.0	3.3717966079711914	3.151904582977295	0.0	0.0	0.0	2.6839051246643066	0.0	3.55948543548584	0.0	1.4858107566833496	0.0	0.0	0.0	0.0	0.0	2.0841405391693115	0.0	0.0	0.0	0.0	0.0	0.0	0.0	0.0	0.0	0.0	3.1927149295806885	0.0	0.0	0.0	0.0	0.0	0.0	0.0	0.0	0.0	0.0	0.0	0.0	0.0	3.3661437034606934	0.0	0.0	0.0	0.0	3.1426024436950684	0.0	0.0	0.0	0.0	0.0	0.0	0.0	2.6496822834014893	2.5652379989624023	0.0	2.665144681930542	0.0	0.0	0.0	0.0	3.0459721088409424	0.0	0.0	2.3931891918182373	0.0	1.8312512636184692	2.986992359161377	0.0	0.0	0.0	0.0	3.923295497894287	0.0	0.0	0.0	0.0	0.0	0.0	0.0	0.0	0.0	0.0	0.0	0.0	0.0	0.0	2.4275107383728027	0.0	0.0	0.0	0.0	0.0	0.0
0.0	0.0	0.0	2.1350417137145996	0.0	0.0	0.0	2.9434072971343994	0.0	0.0	3.0038790702819824	0.0	0.0	0.0	0.0	3.288583993911743	0.0	0.0	0.0	0.0	2.9005520343780518	0.0	0.0	0.0	0.0	2.865719795227051	3.4727368354797363	0.0	0.0	2.8205034732818604	0.0	0.0	0.0	0.0	3.3740346431732178	3.1565301418304443	0.0	0.0	0.0	2.686245918273926	0.0	3.5571000576019287	0.0	1.4899910688400269	0.0	0.0	0.0	0.0	0.0	2.08075213432312	0.0	0.0	0.0	0.0	0.0	0.0	0.0	0.0	0.0	0.0	3.198209047317505	0.0	0.0	0.0	0.0	0.0	0.0	0.0	0.0	0.0	0.0	0.0	0.0	0.0	3.367125988006592	0.0	0.0	0.0	0.0	3.140395164489746	0.0	0.0	0.0	0.0	0.0	0.0	0.0	2.64707612991333	2.5619311332702637	0.0	2.665604829788208	0.0	0.0	0.0	0.0	3.054652214050293	0.0	0.0	2.390080690383911	0.0	1.837227463722229	2.988574981689453	0.0	0.0	0.0	0.0	3.9327280521392822	0.0	0.0	0.0	0.0	0.0	0.0	0.0	0.0	0.0	0.0	0.0	0.0	0.0	0.0	2.4284496307373047	0.0	0.0	0.0	0.0	0.0	0.0
0.0	0.0	0.0	2.1364006996154785	0.0	0.0	0.0	2.943011999130249	0.0	0.0	3.0061464309692383	0.0	0.0	0.0	0.0	3.2915737628936768	0.0	0.0	0.0	0.0	2.903952121734619	0.0	0.0	0.0	0.0	2.8644680976867676	3.4665815830230713	0.0	0.0	2.824697732925415	0.0	0.0	0.0	0.0	3.379272699356079	3.1590256690979004	0.0	0.0	0.0	2.6859514713287354	0.0	3.5592708587646484	0.0	1.490912914276123	0.0	0.0	0.0	0.0	0.0	2.0843489170074463	0.0	0.0	0.0	0.0	0.0	0.0	0.0	0.0	0.0	0.0	3.1975607872009277	0.0	0.0	0.0	0.0	0.0	0.0	0.0	0.0	0.0	0.0	0.0	0.0	0.0	3.369180202484131	0.0	0.0	0.0	0.0	3.145570993423462	0.0	0.0	0.0	0.0	0.0	0.0	0.0	2.654576063156128	2.563936710357666	0.0	2.661623001098633	0.0	0.0	0.0	0.0	3.0544991493225098	0.0	0.0	2.3924336433410645	0.0	1.836640477180481	2.9923508167266846	0.0	0.0	0.0	0.0	3.925527572631836	0.0	0.0	0.0	0.0	0.0	0.0	0.0	0.0	0.0	0.0	0.0	0.0	0.0	0.0	2.431403398513794	0.0	0.0	0.0	0.0	0.0	0.0
0.0	0.0	0.0	2.136869192123413	0.0	0.0	0.0	2.9385428428649902	0.0	0.0	3.000143051147461	0.0	0.0	0.0	0.0	3.288632869720459	0.0	0.0	0.0	0.0	2.9004852771759033	0.0	0.0	0.0	0.0	2.858062744140625	3.463162660598755	0.0	0.0	2.8194892406463623	0.0	0.0	0.0	0.0	3.3691978454589844	3.1580722332000732	0.0	0.0	0.0	2.687086582183838	0.0	3.557161808013916	0.0	1.485452651977539	0.0	0.0	0.0	0.0	0.0	2.0784599781036377	0.0	0.0	0.0	0.0	0.0	0.0	0.0	0.0	0.0	0.0	3.19287371635437	0.0	0.0	0.0	0.0	0.0	0.0	0.0	0.0	0.0	0.0	0.0	0.0	0.0	3.3643016815185547	0.0	0.0	0.0	0.0	3.138678550720215	0.0	0.0	0.0	0.0	0.0	0.0	0.0	2.6504006385803223	2.562934398651123	0.0	2.666184902191162	0.0	0.0	0.0	0.0	3.05297589302063	0.0	0.0	2.3925421237945557	0.0	1.8384946584701538	2.9895923137664795	0.0	0.0	0.0	0.0	3.9276177883148193	0.0	0.0	0.0	0.0	0.0	0.0	0.0	0.0	0.0	0.0	0.0	0.0	0.0	0.0	2.4253454208374023	0.0	0.0	0.0	0.0	0.0	0.0
0.0	0.0	0.0	2.137605667114258	0.0	0.0	0.0	2.9481616020202637	0.0	0.0	3.0086557865142822	0.0	0.0	0.0	0.0	3.294330596923828	0.0	0.0	0.0	0.0	2.907548666000366	0.0	0.0	0.0	0.0	2.868809700012207	3.468615770339966	0.0	0.0	2.8289170265197754	0.0	0.0	0.0	0.0	3.3784255981445312	3.159763813018799	0.0	0.0	0.0	2.69458270072937	0.0	3.5687832832336426	0.0	1.490040898323059	0.0	0.0	0.0	0.0	0.0	2.0873069763183594	0.0	0.0	0.0	0.0	0.0	0.0	0.0	0.0	0.0	0.0	3.2017951011657715	0.0	0.0	0.0	0.0	0.0	0.0	0.0	0.0	0.0	0.0	0.0	0.0	0.0	3.3724520206451416	0.0	0.0	0.0	0.0	3.1482272148132324	0.0	0.0	0.0	0.0	0.0	0.0	0.0	2.653259038925171	2.5689196586608887	0.0	2.668342113494873	0.0	0.0	0.0	0.0	3.055331230163574	0.0	0.0	2.3942456245422363	0.0	1.8336399793624878	2.99422025680542	0.0	0.0	0.0	0.0	3.934774160385132	0.0	0.0	0.0	0.0	0.0	0.0	0.0	0.0	0.0	0.0	0.0	0.0	0.0	0.0	2.431270122528076	0.0	0.0	0.0	0.0	0.0	0.0
0.0	0.0	0.0	2.1365976333618164	0.0	0.0	0.0	2.9470834732055664	0.0	0.0	3.0099239349365234	0.0	0.0	0.0	0.0	3.3005897998809814	0.0	0.0	0.0	0.0	2.908541202545166	0.0	0.0	0.0	0.0	2.8664443492889404	3.464550495147705	0.0	0.0	2.823606491088867	0.0	0.0	0.0	0.0	3.3810970783233643	3.1596615314483643	0.0	0.0	0.0	2.6942272186279297	0.0	3.562166929244995	0.0	1.4886865615844727	0.0	0.0	0.0	0.0	0.0	2.088794231414795	0.0	0.0	0.0	0.0	0.0	0.0	0.0	0.0	0.0	0.0	3.1959609985351562	0.0	0.0	0.0	0.0	0.0	0.0	0.0	0.0	0.0	0.0	0.0	0.0	0.0	3.3728785514831543	0.0	0.0	0.0	0.0	3.1488170623779297	0.0	0.0	0.0	0.0	0.0	0.0	0.0	2.650411605834961	2.5687458515167236	0.0	2.666775941848755	0.0	0.0	0.0	0.0	3.0528483390808105	0.0	0.0	2.3950369358062744	0.0	1.8330062627792358	2.9941534996032715	0.0	0.0	0.0	0.0	3.929933547973633	0.0	0.0	0.0	0.0	0.0	0.0	0.0	0.0	0.0	0.0	0.0	0.0	0.0	0.0	2.4317641258239746	0.0	0.0	0.0	0.0	0.0	0.0
0.0	0.0	0.0	2.1376912593841553	0.0	0.0	0.0	2.9430198669433594	0.0	0.0	3.0016655921936035	0.0	0.0	0.0	0.0	3.293016195297241	0.0	0.0	0.0	0.0	2.9133152961730957	0.0	0.0	0.0	0.0	2.865004539489746	3.4704430103302	0.0	0.0	2.8268792629241943	0.0	0.0	0.0	0.0	3.3812785148620605	3.164454221725464	0.0	0.0	0.0	2.6949970722198486	0.0	3.5628159046173096	0.0	1.4920028448104858	0.0	0.0	0.0	0.0	0.0	2.0847251415252686	0.0	0.0	0.0	0.0	0.0	0.0	0.0	0.0	0.0	0.0	3.2021191120147705	0.0	0.0	0.0	0.0	0.0	0.0	0.0	0.0	0.0	0.0	0.0	0.0	0.0	3.373389482498169	0.0	0.0	0.0	0.0	3.1479718685150146	0.0	0.0	0.0	0.0	0.0	0.0	0.0	2.653181791305542	2.5624208450317383	0.0	2.669008731842041	0.0	0.0	0.0	0.0	3.0581412315368652	0.0	0.0	2.4011054039001465	0.0	1.8382792472839355	2.9947402477264404	0.0	0.0	0.0	0.0	3.9291164875030518	0.0	0.0	0.0	0.0	0.0	0.0	0.0	0.0	0.0	0.0	0.0	0.0	0.0	0.0	2.431023120880127	0.0	0.0	0.0	0.0	0.0	0.0
0.0	0.0	0.0	2.1451032161712646	0.0	0.0	0.0	2.95562744140625	0.0	0.0	3.0156805515289307	0.0	0.0	0.0	0.0	3.3111038208007812	0.0	0.0	0.0	0.0	2.9198524951934814	0.0	0.0	0.0	0.0	2.878225564956665	3.4815261363983154	0.0	0.0	2.833608627319336	0.0	0.0	0.0	0.0	3.389709949493408	3.1672232151031494	0.0	0.0	0.0	2.6963822841644287	0.0	3.577589273452759	0.0	1.4931674003601074	0.0	0.0	0.0	0.0	0.0	2.0957272052764893	0.0	0.0	0.0	0.0	0.0	0.0	0.0	0.0	0.0	0.0	3.2040891647338867	0.0	0.0	0.0	0.0	0.0	0.0	0.0	0.0	0.0	0.0	0.0	0.0	0.0	3.379286766052246	0.0	0.0	0.0	0.0	3.1599929332733154	0.0	0.0	0.0	0.0	0.0	0.0	0.0	2.6626298427581787	2.578029155731201	0.0	2.6758618354797363	0.0	0.0	0.0	0.0	3.0624797344207764	0.0	0.0	2.4016060829162598	0.0	1.8383792638778687	3.0066733360290527	0.0	0.0	0.0	0.0	3.946596384048462	0.0	0.0	0.0	0.0	0.0	0.0	0.0	0.0	0.0	0.0	0.0	0.0	0.0	0.0	2.444695234298706	0.0	0.0	0.0	0.0	0.0	0.0
0.0	0.0	0.0	2.1317403316497803	0.0	0.0	0.0	2.9401097297668457	0.0	0.0	2.994574785232544	0.0	0.0	0.0	0.0	3.2864761352539062	0.0	0.0	0.0	0.0	2.899005889892578	0.0	0.0	0.0	0.0	2.857417583465576	3.4648211002349854	0.0	0.0	2.8137056827545166	0.0	0.0	0.0	0.0	3.3689866065979004	3.153162956237793	0.0	0.0	0.0	2.6791863441467285	0.0	3.5514681339263916	0.0	1.487202525138855	0.0	0.0	0.0	0.0	0.0	2.078706979751587	0.0	0.0	0.0	0.0	0.0	0.0	0.0	0.0	0.0	0.0	3.1929726600646973	0.0	0.0	0.0	0.0	0.0	0.0	0.0	0.0	0.0	0.0	0.0	0.0	0.0	3.3615827560424805	0.0	0.0	0.0	0.0	3.1357903480529785	0.0	0.0	0.0	0.0	0.0	0.0	0.0	2.6470019817352295	2.56067156791687	0.0	2.656785249710083	0.0	0.0	0.0	0.0	3.0484812259674072	0.0	0.0	2.3878695964813232	0.0	1.8327014446258545	2.9874191284179688	0.0	0.0	0.0	0.0	3.923544406890869	0.0	0.0	0.0	0.0	0.0	0.0	0.0	0.0	0.0	0.0	0.0	0.0	0.0	0.0	2.424046277999878	0.0	0.0	0.0	0.0	0.0	0.0
0.0	0.0	0.0	2.1398119926452637	0.0	0.0	0.0	2.951524019241333	0.0	0.0	3.01137113571167	0.0	0.0	0.0	0.0	3.3022730350494385	0.0	0.0	0.0	0.0	2.918490171432495	0.0	0.0	0.0	0.0	2.868987560272217	3.470670700073242	0.0	0.0	2.8288114070892334	0.0	0.0	0.0	0.0	3.386087417602539	3.160160779953003	0.0	0.0	0.0	2.6999435424804688	0.0	3.5699212551116943	0.0	1.488460898399353	0.0	0.0	0.0	0.0	0.0	2.093647003173828	0.0	0.0	0.0	0.0	0.0	0.0	0.0	0.0	0.0	0.0	3.2041056156158447	0.0	0.0	0.0	0.0	0.0	0.0	0.0	0.0	0.0	0.0	0.0	0.0	0.0	3.375814199447632	0.0	0.0	0.0	0.0	3.151515245437622	0.0	0.0	0.0	0.0	0.0	0.0	0.0	2.655367851257324	2.561655044555664	0.0	2.6695475578308105	0.0	0.0	0.0	0.0	3.0674989223480225	0.0	0.0	2.396772861480713	0.0	1.8388646841049194	3.000007152557373	0.0	0.0	0.0	0.0	3.9378247261047363	0.0	0.0	0.0	0.0	0.0	0.0	0.0	0.0	0.0	0.0	0.0	0.0	0.0	0.0	2.4372024536132812	0.0	0.0	0.0	0.0	0.0	0.0
0.0	0.0	0.0	2.1426844596862793	0.0	0.0	0.0	2.9582269191741943	0.0	0.0	3.012918710708618	0.0	0.0	0.0	0.0	3.3050312995910645	0.0	0.0	0.0	0.0	2.9157185554504395	0.0	0.0	0.0	0.0	2.871793031692505	3.474627733230591	0.0	0.0	2.8254270553588867	0.0	0.0	0.0	0.0	3.3882174491882324	3.164318799972534	0.0	0.0	0.0	2.694598436355591	0.0	3.5729055404663086	0.0	1.491554617881775	0.0	0.0	0.0	0.0	0.0	2.090792417526245	0.0	0.0	0.0	0.0	0.0	0.0	0.0	0.0	0.0	0.0	3.2057411670684814	0.0	0.0	0.0	0.0	0.0	0.0	0.0	0.0	0.0	0.0	0.0	0.0	0.0	3.377443552017212	0.0	0.0	0.0	0.0	3.150780200958252	0.0	0.0	0.0	0.0	0.0	0.0	0.0	2.6610052585601807	2.5741126537323	0.0	2.6752188205718994	0.0	0.0	0.0	0.0	3.0629422664642334	0.0	0.0	2.3990907669067383	0.0	1.834343671798706	2.9976022243499756	0.0	0.0	0.0	0.0	3.9427146911621094	0.0	0.0	0.0	0.0	0.0	0.0	0.0	0.0	0.0	0.0	0.0	0.0	0.0	0.0	2.441143274307251	0.0	0.0	0.0	0.0	0.0	0.0
0.0	0.0	0.0	2.1413302421569824	0.0	0.0	0.0	2.953749418258667	0.0	0.0	3.0156946182250977	0.0	0.0	0.0	0.0	3.3083786964416504	0.0	0.0	0.0	0.0	2.913360357284546	0.0	0.0	0.0	0.0	2.8719780445098877	3.477843999862671	0.0	0.0	2.8329718112945557	0.0	0.0	0.0	0.0	3.3880770206451416	3.1692445278167725	0.0	0.0	0.0	2.6970138549804688	0.0	3.5768656730651855	0.0	1.49394953250885	0.0	0.0	0.0	0.0	0.0	2.091073989868164	0.0	0.0	0.0	0.0	0.0	0.0	0.0	0.0	0.0	0.0	3.2095305919647217	0.0	0.0	0.0	0.0	0.0	0.0	0.0	0.0	0.0	0.0	0.0	0.0	0.0	3.381411552429199	0.0	0.0	0.0	0.0	3.1575233936309814	0.0	0.0	0.0	0.0	0.0	0.0	0.0	2.660494565963745	2.5743613243103027	0.0	2.6739535331726074	0.0	0.0	0.0	0.0	3.0595154762268066	0.0	0.0	2.399416208267212	0.0	1.838926911354065	3.0006022453308105	0.0	0.0	0.0	0.0	3.9404995441436768	0.0	0.0	0.0	0.0	0.0	0.0	0.0	0.0	0.0	0.0	0.0	0.0	0.0	0.0	2.436495542526245	0.0	0.0	0.0	0.0	0.0	0.0
0.0	0.0	0.0	2.1344308853149414	0.0	0.0	0.0	2.9417734146118164	0.0	0.0	3.006391763687134	0.0	0.0	0.0	0.0	3.2956552505493164	0.0	0.0	0.0	0.0	2.904641628265381	0.0	0.0	0.0	0.0	2.860325336456299	3.459559440612793	0.0	0.0	2.822633981704712	0.0	0.0	0.0	0.0	3.374574661254883	3.152315139770508	0.0	0.0	0.0	2.6955668926239014	0.0	3.558943510055542	0.0	1.4874324798583984	0.0	0.0	0.0	0.0	0.0	2.083434581756592	0.0	0.0	0.0	0.0	0.0	0.0	0.0	0.0	0.0	0.0	3.1934070587158203	0.0	0.0	0.0	0.0	0.0	0.0	0.0	0.0	0.0	0.0	0.0	0.0	0.0	3.3659512996673584	0.0	0.0	0.0	0.0	3.142906427383423	0.0	0.0	0.0	0.0	0.0	0.0	0.0	2.6459929943084717	2.560149669647217	0.0	2.666247844696045	0.0	0.0	0.0	0.0	3.05387544631958	0.0	0.0	2.394169569015503	0.0	1.832352876663208	2.991335153579712	0.0	0.0	0.0	0.0	3.9229252338409424	0.0	0.0	0.0	0.0	0.0	0.0	0.0	0.0	0.0	0.0	0.0	0.0	0.0	0.0	2.430753707885742	0.0	0.0	0.0	0.0	0.0	0.0
0.0	0.0	0.0	2.1376841068267822	0.0	0.0	0.0	2.952876567840576	0.0	0.0	3.0109615325927734	0.0	0.0	0.0	0.0	3.305619955062866	0.0	0.0	0.0	0.0	2.9121227264404297	0.0	0.0	0.0	0.0	2.872863292694092	3.4729816913604736	0.0	0.0	2.8292934894561768	0.0	0.0	0.0	0.0	3.3869011402130127	3.169027090072632	0.0	0.0	0.0	2.693434953689575	0.0	3.570244073867798	0.0	1.4909641742706299	0.0	0.0	0.0	0.0	0.0	2.09086275100708	0.0	0.0	0.0	0.0	0.0	0.0	0.0	0.0	0.0	0.0	3.203572988510132	0.0	0.0	0.0	0.0	0.0	0.0	0.0	0.0	0.0	0.0	0.0	0.0	0.0	3.376084327697754	0.0	0.0	0.0	0.0	3.1576926708221436	0.0	0.0	0.0	0.0	0.0	0.0	0.0	2.659261465072632	2.5745913982391357	0.0	2.674936056137085	0.0	0.0	0.0	0.0	3.056652784347534	0.0	0.0	2.3982205390930176	0.0	1.8364192247390747	2.9988439083099365	0.0	0.0	0.0	0.0	3.9378983974456787	0.0	0.0	0.0	0.0	0.0	0.0	0.0	0.0	0.0	0.0	0.0	0.0	0.0	0.0	2.438495635986328	0.0	0.0	0.0	0.0	0.0	0.0
0.0	0.0	0.0	2.1360723972320557	0.0	0.0	0.0	2.945125102996826	0.0	0.0	3.007756471633911	0.0	0.0	0.0	0.0	3.2952842712402344	0.0	0.0	0.0	0.0	2.9107859134674072	0.0	0.0	0.0	0.0	2.8660264015197754	3.462737798690796	0.0	0.0	2.8223257064819336	0.0	0.0	0.0	0.0	3.377922773361206	3.15704345703125	0.0	0.0	0.0	2.6930289268493652	0.0	3.5615859031677246	0.0	1.4891760349273682	0.0	0.0	0.0	0.0	0.0	2.0887250900268555	0.0	0.0	0.0	0.0	0.0	0.0	0.0	0.0	0.0	0.0	3.1943888664245605	0.0	0.0	0.0	0.0	0.0	0.0	0.0	0.0	0.0	0.0	0.0	0.0	0.0	3.3685762882232666	0.0	0.0	0.0	0.0	3.146824836730957	0.0	0.0	0.0	0.0	0.0	0.0	0.0	2.6489570140838623	2.559591293334961	0.0	2.666259288787842	0.0	0.0	0.0	0.0	3.0588135719299316	0.0	0.0	2.393764019012451	0.0	1.8321325778961182	2.996107816696167	0.0	0.0	0.0	0.0	3.9282498359680176	0.0	0.0	0.0	0.0	0.0	0.0	0.0	0.0	0.0	0.0	0.0	0.0	0.0	0.0	2.4336695671081543	0.0	0.0	0.0	0.0	0.0	0.0
0.0	0.0	0.0	2.135185718536377	0.0	0.0	0.0	2.9407126903533936	0.0	0.0	3.0084621906280518	0.0	0.0	0.0	0.0	3.290494680404663	0.0	0.0	0.0	0.0	2.9036834239959717	0.0	0.0	0.0	0.0	2.861781597137451	3.4653890132904053	0.0	0.0	2.8218231201171875	0.0	0.0	0.0	0.0	3.3751864433288574	3.162341833114624	0.0	0.0	0.0	2.6878015995025635	0.0	3.559077739715576	0.0	1.4918655157089233	0.0	0.0	0.0	0.0	0.0	2.083676815032959	0.0	0.0	0.0	0.0	0.0	0.0	0.0	0.0	0.0	0.0	3.2028942108154297	0.0	0.0	0.0	0.0	0.0	0.0	0.0	0.0	0.0	0.0	0.0	0.0	0.0	3.366598129272461	0.0	0.0	0.0	0.0	3.1458728313446045	0.0	0.0	0.0	0.0	0.0	0.0	0.0	2.649359703063965	2.5662989616394043	0.0	2.6650283336639404	0.0	0.0	0.0	0.0	3.0545620918273926	0.0	0.0	2.3912689685821533	0.0	1.8355170488357544	2.992492914199829	0.0	0.0	0.0	0.0	3.9328725337982178	0.0	0.0	0.0	0.0	0.0	0.0	0.0	0.0	0.0	0.0	0.0	0.0	0.0	0.0	2.4292802810668945	0.0	0.0	0.0	0.0	0.0	0.0
0.0	0.0	0.0	2.138864517211914	0.0	0.0	0.0	2.9511983394622803	0.0	0.0	3.0084052085876465	0.0	0.0	0.0	0.0	3.29927396774292	0.0	0.0	0.0	0.0	2.911188840866089	0.0	0.0	0.0	0.0	2.8619515895843506	3.468911647796631	0.0	0.0	2.8255269527435303	0.0	0.0	0.0	0.0	3.375903367996216	3.1656112670898438	0.0	0.0	0.0	2.6972696781158447	0.0	3.568852186203003	0.0	1.4885613918304443	0.0	0.0	0.0	0.0	0.0	2.0901196002960205	0.0	0.0	0.0	0.0	0.0	0.0	0.0	0.0	0.0	0.0	3.1993870735168457	0.0	0.0	0.0	0.0	0.0	0.0	0.0	0.0	0.0	0.0	0.0	0.0	0.0	3.3727705478668213	0.0	0.0	0.0	0.0	3.152122735977173	0.0	0.0	0.0	0.0	0.0	0.0	0.0	2.651144027709961	2.563530921936035	0.0	2.669172525405884	0.0	0.0	0.0	0.0	3.0586202144622803	0.0	0.0	2.399998664855957	0.0	1.8315832614898682	3.0004711151123047	0.0	0.0	0.0	0.0	3.931819200515747	0.0	0.0	0.0	0.0	0.0	0.0	0.0	0.0	0.0	0.0	0.0	0.0	0.0	0.0	2.432323455810547	0.0	0.0	0.0	0.0	0.0	0.0
0.0	0.0	0.0	2.1423022747039795	0.0	0.0	0.0	2.952592372894287	0.0	0.0	3.013584852218628	0.0	0.0	0.0	0.0	3.3053267002105713	0.0	0.0	0.0	0.0	2.9125609397888184	0.0	0.0	0.0	0.0	2.8708362579345703	3.4730308055877686	0.0	0.0	2.8282394409179688	0.0	0.0	0.0	0.0	3.3839306831359863	3.1661088466644287	0.0	0.0	0.0	2.6932294368743896	0.0	3.5694336891174316	0.0	1.492904782295227	0.0	0.0	0.0	0.0	0.0	2.091524839401245	0.0	0.0	0.0	0.0	0.0	0.0	0.0	0.0	0.0	0.0	3.2028467655181885	0.0	0.0	0.0	0.0	0.0	0.0	0.0	0.0	0.0	0.0	0.0	0.0	0.0	3.373365640640259	0.0	0.0	0.0	0.0	3.156012535095215	0.0	0.0	0.0	0.0	0.0	0.0	0.0	2.6574180126190186	2.5743868350982666	0.0	2.6734044551849365	0.0	0.0	0.0	0.0	3.05863618850708	0.0	0.0	2.39803147315979	0.0	1.8388864994049072	3.000171184539795	0.0	0.0	0.0	0.0	3.9374070167541504	0.0	0.0	0.0	0.0	0.0	0.0	0.0	0.0	0.0	0.0	0.0	0.0	0.0	0.0	2.436185359954834	0.0	0.0	0.0	0.0	0.0	0.0
0.0	0.0	0.0	2.1323938369750977	0.0	0.0	0.0	2.9377546310424805	0.0	0.0	2.996781587600708	0.0	0.0	0.0	0.0	3.2911322116851807	0.0	0.0	0.0	0.0	2.9010009765625	0.0	0.0	0.0	0.0	2.8563663959503174	3.454397439956665	0.0	0.0	2.8180625438690186	0.0	0.0	0.0	0.0	3.370051860809326	3.1498587131500244	0.0	0.0	0.0	2.6907246112823486	0.0	3.5496857166290283	0.0	1.4844677448272705	0.0	0.0	0.0	0.0	0.0	2.083115339279175	0.0	0.0	0.0	0.0	0.0	0.0	0.0	0.0	0.0	0.0	3.186716318130493	0.0	0.0	0.0	0.0	0.0	0.0	0.0	0.0	0.0	0.0	0.0	0.0	0.0	3.3630332946777344	0.0	0.0	0.0	0.0	3.1391258239746094	0.0	0.0	0.0	0.0	0.0	0.0	0.0	2.641942262649536	2.555680751800537	0.0	2.6597349643707275	0.0	0.0	0.0	0.0	3.0465362071990967	0.0	0.0	2.3892741203308105	0.0	1.8303868770599365	2.986609697341919	0.0	0.0	0.0	0.0	3.9160852432250977	0.0	0.0	0.0	0.0	0.0	0.0	0.0	0.0	0.0	0.0	0.0	0.0	0.0	0.0	2.426088809967041	0.0	0.0	0.0	0.0	0.0	0.0
0.0	0.0	0.0	2.1389262676239014	0.0	0.0	0.0	2.9485771656036377	0.0	0.0	3.011021375656128	0.0	0.0	0.0	0.0	3.3015785217285156	0.0	0.0	0.0	0.0	2.9113404750823975	0.0	0.0	0.0	0.0	2.8664863109588623	3.4673824310302734	0.0	0.0	2.8264265060424805	0.0	0.0	0.0	0.0	3.3810997009277344	3.161522150039673	0.0	0.0	0.0	2.690552234649658	0.0	3.567260265350342	0.0	1.4880778789520264	0.0	0.0	0.0	0.0	0.0	2.088914632797241	0.0	0.0	0.0	0.0	0.0	0.0	0.0	0.0	0.0	0.0	3.200576066970825	0.0	0.0	0.0	0.0	0.0	0.0	0.0	0.0	0.0	0.0	0.0	0.0	0.0	3.3729734420776367	0.0	0.0	0.0	0.0	3.1504573822021484	0.0	0.0	0.0	0.0	0.0	0.0	0.0	2.654557228088379	2.572000026702881	0.0	2.6715641021728516	0.0	0.0	0.0	0.0	3.053274393081665	0.0	0.0	2.3986711502075195	0.0	1.8370689153671265	2.995720148086548	0.0	0.0	0.0	0.0	3.9352903366088867	0.0	0.0	0.0	0.0	0.0	0.0	0.0	0.0	0.0	0.0	0.0	0.0	0.0	0.0	2.433119058609009	0.0	0.0	0.0	0.0	0.0	0.0
0.0	0.0	0.0	2.132039785385132	0.0	0.0	0.0	2.935045003890991	0.0	0.0	2.991908073425293	0.0	0.0	0.0	0.0	3.2825398445129395	0.0	0.0	0.0	0.0	2.8982276916503906	0.0	0.0	0.0	0.0	2.8586790561676025	3.4619641304016113	0.0	0.0	2.8196909427642822	0.0	0.0	0.0	0.0	3.3658835887908936	3.152949094772339	0.0	0.0	0.0	2.6817455291748047	0.0	3.556107759475708	0.0	1.4874982833862305	0.0	0.0	0.0	0.0	0.0	2.0842413902282715	0.0	0.0	0.0	0.0	0.0	0.0	0.0	0.0	0.0	0.0	3.1920506954193115	0.0	0.0	0.0	0.0	0.0	0.0	0.0	0.0	0.0	0.0	0.0	0.0	0.0	3.361384868621826	0.0	0.0	0.0	0.0	3.1402368545532227	0.0	0.0	0.0	0.0	0.0	0.0	0.0	2.648970127105713	2.5568065643310547	0.0	2.665205955505371	0.0	0.0	0.0	0.0	3.0493452548980713	0.0	0.0	2.3849241733551025	0.0	1.8310598134994507	2.9870564937591553	0.0	0.0	0.0	0.0	3.9244000911712646	0.0	0.0	0.0	0.0	0.0	0.0	0.0	0.0	0.0	0.0	0.0	0.0	0.0	0.0	2.4297401905059814	0.0	0.0	0.0	0.0	0.0	0.0
0.0	0.0	0.0	2.125741958618164	0.0	0.0	0.0	2.93466854095459	0.0	0.0	2.99165415763855	0.0	0.0	0.0	0.0	3.2829084396362305	0.0	0.0	0.0	0.0	2.9004459381103516	0.0	0.0	0.0	0.0	2.8563461303710938	3.458615303039551	0.0	0.0	2.812436580657959	0.0	0.0	0.0	0.0	3.367361545562744	3.1514620780944824	0.0	0.0	0.0	2.68174409866333	0.0	3.553929567337036	0.0	1.4927575588226318	0.0	0.0	0.0	0.0	0.0	2.080779552459717	0.0	0.0	0.0	0.0	0.0	0.0	0.0	0.0	0.0	0.0	3.1890907287597656	0.0	0.0	0.0	0.0	0.0	0.0	0.0	0.0	0.0	0.0	0.0	0.0	0.0	3.362112045288086	0.0	0.0	0.0	0.0	3.136643171310425	0.0	0.0	0.0	0.0	0.0	0.0	0.0	2.644932270050049	2.5594916343688965	0.0	2.6595964431762695	0.0	0.0	0.0	0.0	3.044611930847168	0.0	0.0	2.3872392177581787	0.0	1.8332796096801758	2.9859626293182373	0.0	0.0	0.0	0.0	3.919041872024536	0.0	0.0	0.0	0.0	0.0	0.0	0.0	0.0	0.0	0.0	0.0	0.0	0.0	0.0	2.417245626449585	0.0	0.0	0.0	0.0	0.0	0.0
0.0	0.0	0.0	2.1257450580596924	0.0	0.0	0.0	2.9406776428222656	0.0	0.0	2.997490406036377	0.0	0.0	0.0	0.0	3.284846067428589	0.0	0.0	0.0	0.0	2.899294853210449	0.0	0.0	0.0	0.0	2.8614068031311035	3.461655855178833	0.0	0.0	2.8246402740478516	0.0	0.0	0.0	0.0	3.3749454021453857	3.1573195457458496	0.0	0.0	0.0	2.6825506687164307	0.0	3.559436559677124	0.0	1.486974835395813	0.0	0.0	0.0	0.0	0.0	2.0833466053009033	0.0	0.0	0.0	0.0	0.0	0.0	0.0	0.0	0.0	0.0	3.2005655765533447	0.0	0.0	0.0	0.0	0.0	0.0	0.0	0.0	0.0	0.0	0.0	0.0	0.0	3.3658206462860107	0.0	0.0	0.0	0.0	3.1397504806518555	0.0	0.0	0.0	0.0	0.0	0.0	0.0	2.646052837371826	2.5591394901275635	0.0	2.6598622798919678	0.0	0.0	0.0	0.0	3.0531632900238037	0.0	0.0	2.3931212425231934	0.0	1.836147665977478	2.9931392669677734	0.0	0.0	0.0	0.0	3.926065444946289	0.0	0.0	0.0	0.0	0.0	0.0	0.0	0.0	0.0	0.0	0.0	0.0	0.0	0.0	2.420553684234619	0.0	0.0	0.0	0.0	0.0	0.0
0.0	0.0	0.0	2.141516923904419	0.0	0.0	0.0	2.9510867595672607	0.0	0.0	3.0137195587158203	0.0	0.0	0.0	0.0	3.3011956214904785	0.0	0.0	0.0	0.0	2.9103505611419678	0.0	0.0	0.0	0.0	2.863032341003418	3.473721981048584	0.0	0.0	2.8280863761901855	0.0	0.0	0.0	0.0	3.384343147277832	3.1645636558532715	0.0	0.0	0.0	2.6919093132019043	0.0	3.566225051879883	0.0	1.4913585186004639	0.0	0.0	0.0	0.0	0.0	2.087169885635376	0.0	0.0	0.0	0.0	0.0	0.0	0.0	0.0	0.0	0.0	3.20503306388855	0.0	0.0	0.0	0.0	0.0	0.0	0.0	0.0	0.0	0.0	0.0	0.0	0.0	3.3726260662078857	0.0	0.0	0.0	0.0	3.149937152862549	0.0	0.0	0.0	0.0	0.0	0.0	0.0	2.658129930496216	2.568814516067505	0.0	2.6673076152801514	0.0	0.0	0.0	0.0	3.0613930225372314	0.0	0.0	2.3948566913604736	0.0	1.8389902114868164	2.995340347290039	0.0	0.0	0.0	0.0	3.935727119445801	0.0	0.0	0.0	0.0	0.0	0.0	0.0	0.0	0.0	0.0	0.0	0.0	0.0	0.0	2.4390740394592285	0.0	0.0	0.0	0.0	0.0	0.0
0.0	0.0	0.0	2.139561891555786	0.0	0.0	0.0	2.9473471641540527	0.0	0.0	3.007228374481201	0.0	0.0	0.0	0.0	3.2956831455230713	0.0	0.0	0.0	0.0	2.9093942642211914	0.0	0.0	0.0	0.0	2.8696513175964355	3.4713611602783203	0.0	0.0	2.827420234680176	0.0	0.0	0.0	0.0	3.382205009460449	3.162888288497925	0.0	0.0	0.0	2.694706916809082	0.0	3.5660512447357178	0.0	1.491933822631836	0.0	0.0	0.0	0.0	0.0	2.087855100631714	0.0	0.0	0.0	0.0	0.0	0.0	0.0	0.0	0.0	0.0	3.196028232574463	0.0	0.0	0.0	0.0	0.0	0.0	0.0	0.0	0.0	0.0	0.0	0.0	0.0	3.3724520206451416	0.0	0.0	0.0	0.0	3.1519198417663574	0.0	0.0	0.0	0.0	0.0	0.0	0.0	2.657201051712036	2.5683016777038574	0.0	2.6714885234832764	0.0	0.0	0.0	0.0	3.0577452182769775	0.0	0.0	2.395552635192871	0.0	1.8324966430664062	2.9915428161621094	0.0	0.0	0.0	0.0	3.93481707572937	0.0	0.0	0.0	0.0	0.0	0.0	0.0	0.0	0.0	0.0	0.0	0.0	0.0	0.0	2.4351258277893066	0.0	0.0	0.0	0.0	0.0	0.0
0.0	0.0	0.0	2.135676145553589	0.0	0.0	0.0	2.9428374767303467	0.0	0.0	3.0023229122161865	0.0	0.0	0.0	0.0	3.2945687770843506	0.0	0.0	0.0	0.0	2.903794765472412	0.0	0.0	0.0	0.0	2.860093116760254	3.467442512512207	0.0	0.0	2.820500612258911	0.0	0.0	0.0	0.0	3.3762261867523193	3.1571128368377686	0.0	0.0	0.0	2.6847009658813477	0.0	3.557584762573242	0.0	1.49247407913208	0.0	0.0	0.0	0.0	0.0	2.081334352493286	0.0	0.0	0.0	0.0	0.0	0.0	0.0	0.0	0.0	0.0	3.1993818283081055	0.0	0.0	0.0	0.0	0.0	0.0	0.0	0.0	0.0	0.0	0.0	0.0	0.0	3.366668462753296	0.0	0.0	0.0	0.0	3.1427040100097656	0.0	0.0	0.0	0.0	0.0	0.0	0.0	2.653008460998535	2.561842441558838	0.0	2.6638786792755127	0.0	0.0	0.0	0.0	3.0520880222320557	0.0	0.0	2.392660617828369	0.0	1.8381701707839966	2.992157220840454	0.0	0.0	0.0	0.0	3.930816411972046	0.0	0.0	0.0	0.0	0.0	0.0	0.0	0.0	0.0	0.0	0.0	0.0	0.0	0.0	2.431161403656006	0.0	0.0	0.0	0.0	0.0	0.0
0.0	0.0	0.0	2.138000726699829	0.0	0.0	0.0	2.9459640979766846	0.0	0.0	3.006676197052002	0.0	0.0	0.0	0.0	3.2983667850494385	0.0	0.0	0.0	0.0	2.907565116882324	0.0	0.0	0.0	0.0	2.8635270595550537	3.4663143157958984	0.0	0.0	2.8270936012268066	0.0	0.0	0.0	0.0	3.3805716037750244	3.1633377075195312	0.0	0.0	0.0	2.6898155212402344	0.0	3.5676980018615723	0.0	1.4941874742507935	0.0	0.0	0.0	0.0	0.0	2.0830910205841064	0.0	0.0	0.0	0.0	0.0	0.0	0.0	0.0	0.0	0.0	3.1996448040008545	0.0	0.0	0.0	0.0	0.0	0.0	0.0	0.0	0.0	0.0	0.0	0.0	0.0	3.371537685394287	0.0	0.0	0.0	0.0	3.144683361053467	0.0	0.0	0.0	0.0	0.0	0.0	0.0	2.653965473175049	2.566847562789917	0.0	2.6704511642456055	0.0	0.0	0.0	0.0	3.0527498722076416	0.0	0.0	2.3925087451934814	0.0	1.8340367078781128	2.992872476577759	0.0	0.0	0.0	0.0	3.932047128677368	0.0	0.0	0.0	0.0	0.0	0.0	0.0	0.0	0.0	0.0	0.0	0.0	0.0	0.0	2.4366278648376465	0.0	0.0	0.0	0.0	0.0	0.0
0.0	0.0	0.0	2.1379427909851074	0.0	0.0	0.0	2.9518208503723145	0.0	0.0	3.008099317550659	0.0	0.0	0.0	0.0	3.2930243015289307	0.0	0.0	0.0	0.0	2.902705669403076	0.0	0.0	0.0	0.0	2.869227647781372	3.4754533767700195	0.0	0.0	2.8285882472991943	0.0	0.0	0.0	0.0	3.383991003036499	3.1600658893585205	0.0	0.0	0.0	2.6908953189849854	0.0	3.5665900707244873	0.0	1.4911038875579834	0.0	0.0	0.0	0.0	0.0	2.085676908493042	0.0	0.0	0.0	0.0	0.0	0.0	0.0	0.0	0.0	0.0	3.200225591659546	0.0	0.0	0.0	0.0	0.0	0.0	0.0	0.0	0.0	0.0	0.0	0.0	0.0	3.372108221054077	0.0	0.0	0.0	0.0	3.1491167545318604	0.0	0.0	0.0	0.0	0.0	0.0	0.0	2.6601245403289795	2.571277141571045	0.0	2.669440984725952	0.0	0.0	0.0	0.0	3.0549051761627197	0.0	0.0	2.3972909450531006	0.0	1.8348188400268555	2.998562812805176	0.0	0.0	0.0	0.0	3.9357047080993652	0.0	0.0	0.0	0.0	0.0	0.0	0.0	0.0	0.0	0.0	0.0	0.0	0.0	0.0	2.434962749481201	0.0	0.0	0.0	0.0	0.0	0.0
0.0	0.0	0.0	2.1383039951324463	0.0	0.0	0.0	2.9463844299316406	0.0	0.0	3.006073236465454	0.0	0.0	0.0	0.0	3.293811559677124	0.0	0.0	0.0	0.0	2.9072093963623047	0.0	0.0	0.0	0.0	2.867662191390991	3.4702463150024414	0.0	0.0	2.825544595718384	0.0	0.0	0.0	0.0	3.3810253143310547	3.1592721939086914	0.0	0.0	0.0	2.6890742778778076	0.0	3.567164421081543	0.0	1.49453604221344	0.0	0.0	0.0	0.0	0.0	2.0866153240203857	0.0	0.0	0.0	0.0	0.0	0.0	0.0	0.0	0.0	0.0	3.201626777648926	0.0	0.0	0.0	0.0	0.0	0.0	0.0	0.0	0.0	0.0	0.0	0.0	0.0	3.3721132278442383	0.0	0.0	0.0	0.0	3.1497111320495605	0.0	0.0	0.0	0.0	0.0	0.0	0.0	2.655083179473877	2.569803237915039	0.0	2.6722378730773926	0.0	0.0	0.0	0.0	3.056487560272217	0.0	0.0	2.395887613296509	0.0	1.8346284627914429	2.995924234390259	0.0	0.0	0.0	0.0	3.93542218208313	0.0	0.0	0.0	0.0	0.0	0.0	0.0	0.0	0.0	0.0	0.0	0.0	0.0	0.0	2.435417413711548	0.0	0.0	0.0	0.0	0.0	0.0
0.0	0.0	0.0	2.138023853302002	0.0	0.0	0.0	2.9548070430755615	0.0	0.0	3.0127902030944824	0.0	0.0	0.0	0.0	3.3035695552825928	0.0	0.0	0.0	0.0	2.9119038581848145	0.0	0.0	0.0	0.0	2.872000217437744	3.474752187728882	0.0	0.0	2.8292582035064697	0.0	0.0	0.0	0.0	3.3838019371032715	3.1667168140411377	0.0	0.0	0.0	2.6938557624816895	0.0	3.5698091983795166	0.0	1.4886661767959595	0.0	0.0	0.0	0.0	0.0	2.0951435565948486	0.0	0.0	0.0	0.0	0.0	0.0	0.0	0.0	0.0	0.0	3.203857898712158	0.0	0.0	0.0	0.0	0.0	0.0	0.0	0.0	0.0	0.0	0.0	0.0	0.0	3.375941514968872	0.0	0.0	0.0	0.0	3.1566803455352783	0.0	0.0	0.0	0.0	0.0	0.0	0.0	2.658278703689575	2.5774476528167725	0.0	2.6736724376678467	0.0	0.0	0.0	0.0	3.0566036701202393	0.0	0.0	2.3965530395507812	0.0	1.8383169174194336	2.9973158836364746	0.0	0.0	0.0	0.0	3.9401721954345703	0.0	0.0	0.0	0.0	0.0	0.0	0.0	0.0	0.0	0.0	0.0	0.0	0.0	0.0	2.4368605613708496	0.0	0.0	0.0	0.0	0.0	0.0
0.0	0.0	0.0	2.1477315425872803	0.0	0.0	0.0	2.961479663848877	0.0	0.0	3.015904188156128	0.0	0.0	0.0	0.0	3.3118255138397217	0.0	0.0	0.0	0.0	2.916687250137329	0.0	0.0	0.0	0.0	2.8786885738372803	3.484609603881836	0.0	0.0	2.8337159156799316	0.0	0.0	0.0	0.0	3.390777587890625	3.1698622703552246	0.0	0.0	0.0	2.700955390930176	0.0	3.5822014808654785	0.0	1.4975407123565674	0.0	0.0	0.0	0.0	0.0	2.094999313354492	0.0	0.0	0.0	0.0	0.0	0.0	0.0	0.0	0.0	0.0	3.2116031646728516	0.0	0.0	0.0	0.0	0.0	0.0	0.0	0.0	0.0	0.0	0.0	0.0	0.0	3.3864972591400146	0.0	0.0	0.0	0.0	3.1623008251190186	0.0	0.0	0.0	0.0	0.0	0.0	0.0	2.662222385406494	2.5760014057159424	0.0	2.681337833404541	0.0	0.0	0.0	0.0	3.066892385482788	0.0	0.0	2.401435613632202	0.0	1.8414541482925415	3.0086331367492676	0.0	0.0	0.0	0.0	3.946776866912842	0.0	0.0	0.0	0.0	0.0	0.0	0.0	0.0	0.0	0.0	0.0	0.0	0.0	0.0	2.4442241191864014	0.0	0.0	0.0	0.0	0.0	0.0
0.0	0.0	0.0	2.1380977630615234	0.0	0.0	0.0	2.9522786140441895	0.0	0.0	3.0106754302978516	0.0	0.0	0.0	0.0	3.303664445877075	0.0	0.0	0.0	0.0	2.9126553535461426	0.0	0.0	0.0	0.0	2.8723065853118896	3.4711484909057617	0.0	0.0	2.825485944747925	0.0	0.0	0.0	0.0	3.3855371475219727	3.1695072650909424	0.0	0.0	0.0	2.695396661758423	0.0	3.567939043045044	0.0	1.4880051612854004	0.0	0.0	0.0	0.0	0.0	2.092468738555908	0.0	0.0	0.0	0.0	0.0	0.0	0.0	0.0	0.0	0.0	3.202895402908325	0.0	0.0	0.0	0.0	0.0	0.0	0.0	0.0	0.0	0.0	0.0	0.0	0.0	3.3718833923339844	0.0	0.0	0.0	0.0	3.1544642448425293	0.0	0.0	0.0	0.0	0.0	0.0	0.0	2.658310890197754	2.573638916015625	0.0	2.6700899600982666	0.0	0.0	0.0	0.0	3.0589346885681152	0.0	0.0	2.400333881378174	0.0	1.8381824493408203	2.9981157779693604	0.0	0.0	0.0	0.0	3.938049793243408	0.0	0.0	0.0	0.0	0.0	0.0	0.0	0.0	0.0	0.0	0.0	0.0	0.0	0.0	2.440399408340454	0.0	0.0	0.0	0.0	0.0	0.0
0.0	0.0	0.0	2.1408865451812744	0.0	0.0	0.0	2.9564812183380127	0.0	0.0	3.0102016925811768	0.0	0.0	0.0	0.0	3.295417547225952	0.0	0.0	0.0	0.0	2.909391403198242	0.0	0.0	0.0	0.0	2.8698883056640625	3.473881244659424	0.0	0.0	2.8312418460845947	0.0	0.0	0.0	0.0	3.384661912918091	3.1663973331451416	0.0	0.0	0.0	2.6909303665161133	0.0	3.570854902267456	0.0	1.4951345920562744	0.0	0.0	0.0	0.0	0.0	2.087273359298706	0.0	0.0	0.0	0.0	0.0	0.0	0.0	0.0	0.0	0.0	3.2015628814697266	0.0	0.0	0.0	0.0	0.0	0.0	0.0	0.0	0.0	0.0	0.0	0.0	0.0	3.377605438232422	0.0	0.0	0.0	0.0	3.1543617248535156	0.0	0.0	0.0	0.0	0.0	0.0	0.0	2.657606363296509	2.5743277072906494	0.0	2.6717824935913086	0.0	0.0	0.0	0.0	3.0610976219177246	0.0	0.0	2.3965439796447754	0.0	1.839067816734314	2.996260404586792	0.0	0.0	0.0	0.0	3.938430070877075	0.0	0.0	0.0	0.0	0.0	0.0	0.0	0.0	0.0	0.0	0.0	0.0	0.0	0.0	2.4375882148742676	0.0	0.0	0.0	0.0	0.0	0.0
0.0	0.0	0.0	2.138658285140991	0.0	0.0	0.0	2.9356181621551514	0.0	0.0	3.0009758472442627	0.0	0.0	0.0	0.0	3.286850929260254	0.0	0.0	0.0	0.0	2.902683734893799	0.0	0.0	0.0	0.0	2.8564512729644775	3.457639694213867	0.0	0.0	2.8187122344970703	0.0	0.0	0.0	0.0	3.3716177940368652	3.157480478286743	0.0	0.0	0.0	2.681722640991211	0.0	3.5602502822875977	0.0	1.4912749528884888	0.0	0.0	0.0	0.0	0.0	2.0857961177825928	0.0	0.0	0.0	0.0	0.0	0.0	0.0	0.0	0.0	0.0	3.1960346698760986	0.0	0.0	0.0	0.0	0.0	0.0	0.0	0.0	0.0	0.0	0.0	0.0	0.0	3.3674659729003906	0.0	0.0	0.0	0.0	3.14217209815979	0.0	0.0	0.0	0.0	0.0	0.0	0.0	2.6513099670410156	2.5614171028137207	0.0	2.6656925678253174	0.0	0.0	0.0	0.0	3.048513650894165	0.0	0.0	2.3928945064544678	0.0	1.835463523864746	2.9934747219085693	0.0	0.0	0.0	0.0	3.920593023300171	0.0	0.0	0.0	0.0	0.0	0.0	0.0	0.0	0.0	0.0	0.0	0.0	0.0	0.0	2.4275975227355957	0.0	0.0	0.0	0.0	0.0	0.0
0.0	0.0	0.0	2.12624454498291	0.0	0.0	0.0	2.9333889484405518	0.0	0.0	2.991112470626831	0.0	0.0	0.0	0.0	3.281369686126709	0.0	0.0	0.0	0.0	2.898618459701538	0.0	0.0	0.0	0.0	2.8540239334106445	3.45939302444458	0.0	0.0	2.816986322402954	0.0	0.0	0.0	0.0	3.3650152683258057	3.149841785430908	0.0	0.0	0.0	2.6795742511749268	0.0	3.5534558296203613	0.0	1.4880566596984863	0.0	0.0	0.0	0.0	0.0	2.0793135166168213	0.0	0.0	0.0	0.0	0.0	0.0	0.0	0.0	0.0	0.0	3.1924264430999756	0.0	0.0	0.0	0.0	0.0	0.0	0.0	0.0	0.0	0.0	0.0	0.0	0.0	3.3569555282592773	0.0	0.0	0.0	0.0	3.1379292011260986	0.0	0.0	0.0	0.0	0.0	0.0	0.0	2.6425065994262695	2.5564072132110596	0.0	2.6606690883636475	0.0	0.0	0.0	0.0	3.049494504928589	0.0	0.0	2.384493350982666	0.0	1.8263044357299805	2.984152317047119	0.0	0.0	0.0	0.0	3.9182794094085693	0.0	0.0	0.0	0.0	0.0	0.0	0.0	0.0	0.0	0.0	0.0	0.0	0.0	0.0	2.420908212661743	0.0	0.0	0.0	0.0	0.0	0.0
0.0	0.0	0.0	2.137251615524292	0.0	0.0	0.0	2.9433939456939697	0.0	0.0	3.0014584064483643	0.0	0.0	0.0	0.0	3.288520574569702	0.0	0.0	0.0	0.0	2.908116579055786	0.0	0.0	0.0	0.0	2.8592517375946045	3.467482566833496	0.0	0.0	2.8222362995147705	0.0	0.0	0.0	0.0	3.37274169921875	3.1552908420562744	0.0	0.0	0.0	2.688418388366699	0.0	3.559504270553589	0.0	1.4873836040496826	0.0	0.0	0.0	0.0	0.0	2.0859036445617676	0.0	0.0	0.0	0.0	0.0	0.0	0.0	0.0	0.0	0.0	3.197073459625244	0.0	0.0	0.0	0.0	0.0	0.0	0.0	0.0	0.0	0.0	0.0	0.0	0.0	3.367847442626953	0.0	0.0	0.0	0.0	3.1437814235687256	0.0	0.0	0.0	0.0	0.0	0.0	0.0	2.6518399715423584	2.565168619155884	0.0	2.667937755584717	0.0	0.0	0.0	0.0	3.0516772270202637	0.0	0.0	2.3898353576660156	0.0	1.8314982652664185	2.9888815879821777	0.0	0.0	0.0	0.0	3.925536870956421	0.0	0.0	0.0	0.0	0.0	0.0	0.0	0.0	0.0	0.0	0.0	0.0	0.0	0.0	2.4312942028045654	0.0	0.0	0.0	0.0	0.0	0.0
0.0	0.0	0.0	2.149278163909912	0.0	0.0	0.0	2.9510982036590576	0.0	0.0	3.019866943359375	0.0	0.0	0.0	0.0	3.3047730922698975	0.0	0.0	0.0	0.0	2.9134204387664795	0.0	0.0	0.0	0.0	2.873253345489502	3.4804599285125732	0.0	0.0	2.831892967224121	0.0	0.0	0.0	0.0	3.3896324634552	3.17352032661438	0.0	0.0	0.0	2.700282335281372	0.0	3.5772159099578857	0.0	1.4934971332550049	0.0	0.0	0.0	0.0	0.0	2.091276168823242	0.0	0.0	0.0	0.0	0.0	0.0	0.0	0.0	0.0	0.0	3.2068896293640137	0.0	0.0	0.0	0.0	0.0	0.0	0.0	0.0	0.0	0.0	0.0	0.0	0.0	3.3787267208099365	0.0	0.0	0.0	0.0	3.154545307159424	0.0	0.0	0.0	0.0	0.0	0.0	0.0	2.6630358695983887	2.5753915309906006	0.0	2.6777873039245605	0.0	0.0	0.0	0.0	3.065037250518799	0.0	0.0	2.403698444366455	0.0	1.8403654098510742	2.9983887672424316	0.0	0.0	0.0	0.0	3.948652744293213	0.0	0.0	0.0	0.0	0.0	0.0	0.0	0.0	0.0	0.0	0.0	0.0	0.0	0.0	2.441127300262451	0.0	0.0	0.0	0.0	0.0	0.0
0.0	0.0	0.0	2.1379129886627197	0.0	0.0	0.0	2.9469573497772217	0.0	0.0	3.011263847351074	0.0	0.0	0.0	0.0	3.2995176315307617	0.0	0.0	0.0	0.0	2.9111990928649902	0.0	0.0	0.0	0.0	2.870028018951416	3.4722697734832764	0.0	0.0	2.829406499862671	0.0	0.0	0.0	0.0	3.37888240814209	3.1617655754089355	0.0	0.0	0.0	2.693530797958374	0.0	3.5693249702453613	0.0	1.493086576461792	0.0	0.0	0.0	0.0	0.0	2.0886342525482178	0.0	0.0	0.0	0.0	0.0	0.0	0.0	0.0	0.0	0.0	3.1998062133789062	0.0	0.0	0.0	0.0	0.0	0.0	0.0	0.0	0.0	0.0	0.0	0.0	0.0	3.3741466999053955	0.0	0.0	0.0	0.0	3.152402639389038	0.0	0.0	0.0	0.0	0.0	0.0	0.0	2.6569607257843018	2.5736336708068848	0.0	2.6728909015655518	0.0	0.0	0.0	0.0	3.0567786693573	0.0	0.0	2.398952007293701	0.0	1.834592580795288	2.9962892532348633	0.0	0.0	0.0	0.0	3.939732074737549	0.0	0.0	0.0	0.0	0.0	0.0	0.0	0.0	0.0	0.0	0.0	0.0	0.0	0.0	2.4371068477630615	0.0	0.0	0.0	0.0	0.0	0.0
0.0	0.0	0.0	2.1361312866210938	0.0	0.0	0.0	2.9501280784606934	0.0	0.0	3.0081124305725098	0.0	0.0	0.0	0.0	3.296675443649292	0.0	0.0	0.0	0.0	2.9097869396209717	0.0	0.0	0.0	0.0	2.8678297996520996	3.462632656097412	0.0	0.0	2.827528238296509	0.0	0.0	0.0	0.0	3.3794119358062744	3.1586754322052	0.0	0.0	0.0	2.6962320804595947	0.0	3.5628254413604736	0.0	1.4874452352523804	0.0	0.0	0.0	0.0	0.0	2.088702440261841	0.0	0.0	0.0	0.0	0.0	0.0	0.0	0.0	0.0	0.0	3.1966118812561035	0.0	0.0	0.0	0.0	0.0	0.0	0.0	0.0	0.0	0.0	0.0	0.0	0.0	3.371744155883789	0.0	0.0	0.0	0.0	3.151822805404663	0.0	0.0	0.0	0.0	0.0	0.0	0.0	2.6477105617523193	2.5661821365356445	0.0	2.6685941219329834	0.0	0.0	0.0	0.0	3.053866386413574	0.0	0.0	2.3952889442443848	0.0	1.833961844444275	2.997532367706299	0.0	0.0	0.0	0.0	3.9285264015197754	0.0	0.0	0.0	0.0	0.0	0.0	0.0	0.0	0.0	0.0	0.0	0.0	0.0	0.0	2.4354968070983887	0.0	0.0	0.0	0.0	0.0	0.0
0.0	0.0	0.0	2.142714500427246	0.0	0.0	0.0	2.95246958732605	0.0	0.0	3.0136008262634277	0.0	0.0	0.0	0.0	3.30287504196167	0.0	0.0	0.0	0.0	2.912386417388916	0.0	0.0	0.0	0.0	2.874401092529297	3.4738707542419434	0.0	0.0	2.8363661766052246	0.0	0.0	0.0	0.0	3.382342576980591	3.162802219390869	0.0	0.0	0.0	2.695751667022705	0.0	3.5712006092071533	0.0	1.4924310445785522	0.0	0.0	0.0	0.0	0.0	2.090832471847534	0.0	0.0	0.0	0.0	0.0	0.0	0.0	0.0	0.0	0.0	3.199526786804199	0.0	0.0	0.0	0.0	0.0	0.0	0.0	0.0	0.0	0.0	0.0	0.0	0.0	3.3750977516174316	0.0	0.0	0.0	0.0	3.1561226844787598	0.0	0.0	0.0	0.0	0.0	0.0	0.0	2.654902219772339	2.569068670272827	0.0	2.674086332321167	0.0	0.0	0.0	0.0	3.054565191268921	0.0	0.0	2.3973472118377686	0.0	1.8359073400497437	2.999807357788086	0.0	0.0	0.0	0.0	3.936551809310913	0.0	0.0	0.0	0.0	0.0	0.0	0.0	0.0	0.0	0.0	0.0	0.0	0.0	0.0	2.4391989707946777	0.0	0.0	0.0	0.0	0.0	0.0
0.0	0.0	0.0	2.127251625061035	0.0	0.0	0.0	2.9395251274108887	0.0	0.0	2.995164632797241	0.0	0.0	0.0	0.0	3.277833938598633	0.0	0.0	0.0	0.0	2.904290199279785	0.0	0.0	0.0	0.0	2.8569231033325195	3.4579684734344482	0.0	0.0	2.816981554031372	0.0	0.0	0.0	0.0	3.366456985473633	3.150097131729126	0.0	0.0	0.0	2.680809497833252	0.0	3.5518884658813477	0.0	1.4948979616165161	0.0	0.0	0.0	0.0	0.0	2.0810277462005615	0.0	0.0	0.0	0.0	0.0	0.0	0.0	0.0	0.0	0.0	3.18951153755188	0.0	0.0	0.0	0.0	0.0	0.0	0.0	0.0	0.0	0.0	0.0	0.0	0.0	3.3594064712524414	0.0	0.0	0.0	0.0	3.1375370025634766	0.0	0.0	0.0	0.0	0.0	0.0	0.0	2.642293691635132	2.5598738193511963	0.0	2.659536838531494	0.0	0.0	0.0	0.0	3.04607892036438	0.0	0.0	2.3844549655914307	0.0	1.8277626037597656	2.985151767730713	0.0	0.0	0.0	0.0	3.9197793006896973	0.0	0.0	0.0	0.0	0.0	0.0	0.0	0.0	0.0	0.0	0.0	0.0	0.0	0.0	2.424367666244507	0.0	0.0	0.0	0.0	0.0	0.0
0.0	0.0	0.0	2.140444040298462	0.0	0.0	0.0	2.952350616455078	0.0	0.0	3.0132288932800293	0.0	0.0	0.0	0.0	3.305189609527588	0.0	0.0	0.0	0.0	2.914590835571289	0.0	0.0	0.0	0.0	2.8745877742767334	3.4767279624938965	0.0	0.0	2.8329780101776123	0.0	0.0	0.0	0.0	3.3902313709259033	3.167862892150879	0.0	0.0	0.0	2.6989567279815674	0.0	3.5722603797912598	0.0	1.4921988248825073	0.0	0.0	0.0	0.0	0.0	2.0911710262298584	0.0	0.0	0.0	0.0	0.0	0.0	0.0	0.0	0.0	0.0	3.207165479660034	0.0	0.0	0.0	0.0	0.0	0.0	0.0	0.0	0.0	0.0	0.0	0.0	0.0	3.3771722316741943	0.0	0.0	0.0	0.0	3.1544978618621826	0.0	0.0	0.0	0.0	0.0	0.0	0.0	2.6615936756134033	2.5747668743133545	0.0	2.6736867427825928	0.0	0.0	0.0	0.0	3.0586798191070557	0.0	0.0	2.4016611576080322	0.0	1.8362046480178833	2.999030113220215	0.0	0.0	0.0	0.0	3.9414868354797363	0.0	0.0	0.0	0.0	0.0	0.0	0.0	0.0	0.0	0.0	0.0	0.0	0.0	0.0	2.438505172729492	0.0	0.0	0.0	0.0	0.0	0.0
0.0	0.0	0.0	2.1322035789489746	0.0	0.0	0.0	2.939600944519043	0.0	0.0	3.0005805492401123	0.0	0.0	0.0	0.0	3.292919635772705	0.0	0.0	0.0	0.0	2.9055449962615967	0.0	0.0	0.0	0.0	2.8634512424468994	3.4643380641937256	0.0	0.0	2.8178353309631348	0.0	0.0	0.0	0.0	3.368241310119629	3.1490159034729004	0.0	0.0	0.0	2.6804280281066895	0.0	3.5585789680480957	0.0	1.4915528297424316	0.0	0.0	0.0	0.0	0.0	2.083054542541504	0.0	0.0	0.0	0.0	0.0	0.0	0.0	0.0	0.0	0.0	3.1951630115509033	0.0	0.0	0.0	0.0	0.0	0.0	0.0	0.0	0.0	0.0	0.0	0.0	0.0	3.3651297092437744	0.0	0.0	0.0	0.0	3.146780014038086	0.0	0.0	0.0	0.0	0.0	0.0	0.0	2.6448566913604736	2.5591511726379395	0.0	2.660722494125366	0.0	0.0	0.0	0.0	3.0521738529205322	0.0	0.0	2.3901772499084473	0.0	1.8334013223648071	2.9895317554473877	0.0	0.0	0.0	0.0	3.9254024028778076	0.0	0.0	0.0	0.0	0.0	0.0	0.0	0.0	0.0	0.0	0.0	0.0	0.0	0.0	2.425485372543335	0.0	0.0	0.0	0.0	0.0	0.0
0.0	0.0	0.0	2.1294775009155273	0.0	0.0	0.0	2.9472477436065674	0.0	0.0	3.0065107345581055	0.0	0.0	0.0	0.0	3.293524980545044	0.0	0.0	0.0	0.0	2.904149293899536	0.0	0.0	0.0	0.0	2.8668100833892822	3.464836359024048	0.0	0.0	2.825551748275757	0.0	0.0	0.0	0.0	3.373034954071045	3.159839630126953	0.0	0.0	0.0	2.6875834465026855	0.0	3.561797857284546	0.0	1.4910255670547485	0.0	0.0	0.0	0.0	0.0	2.0834479331970215	0.0	0.0	0.0	0.0	0.0	0.0	0.0	0.0	0.0	0.0	3.1984505653381348	0.0	0.0	0.0	0.0	0.0	0.0	0.0	0.0	0.0	0.0	0.0	0.0	0.0	3.3661465644836426	0.0	0.0	0.0	0.0	3.1448934078216553	0.0	0.0	0.0	0.0	0.0	0.0	0.0	2.6505703926086426	2.5669515132904053	0.0	2.66545033454895	0.0	0.0	0.0	0.0	3.051666021347046	0.0	0.0	2.393709182739258	0.0	1.8348913192749023	2.9904987812042236	0.0	0.0	0.0	0.0	3.930572509765625	0.0	0.0	0.0	0.0	0.0	0.0	0.0	0.0	0.0	0.0	0.0	0.0	0.0	0.0	2.4280588626861572	0.0	0.0	0.0	0.0	0.0	0.0
0.0	0.0	0.0	2.1377875804901123	0.0	0.0	0.0	2.9426121711730957	0.0	0.0	3.0062248706817627	0.0	0.0	0.0	0.0	3.298002243041992	0.0	0.0	0.0	0.0	2.9086265563964844	0.0	0.0	0.0	0.0	2.8671722412109375	3.472277879714966	0.0	0.0	2.8221383094787598	0.0	0.0	0.0	0.0	3.379124879837036	3.1601576805114746	0.0	0.0	0.0	2.6881673336029053	0.0	3.5595452785491943	0.0	1.4875470399856567	0.0	0.0	0.0	0.0	0.0	2.0876779556274414	0.0	0.0	0.0	0.0	0.0	0.0	0.0	0.0	0.0	0.0	3.1975460052490234	0.0	0.0	0.0	0.0	0.0	0.0	0.0	0.0	0.0	0.0	0.0	0.0	0.0	3.36875319480896	0.0	0.0	0.0	0.0	3.1484806537628174	0.0	0.0	0.0	0.0	0.0	0.0	0.0	2.651329278945923	2.5667638778686523	0.0	2.669382333755493	0.0	0.0	0.0	0.0	3.0541372299194336	0.0	0.0	2.39274001121521	0.0	1.833411455154419	2.992602825164795	0.0	0.0	0.0	0.0	3.935366153717041	0.0	0.0	0.0	0.0	0.0	0.0	0.0	0.0	0.0	0.0	0.0	0.0	0.0	0.0	2.4359312057495117	0.0	0.0	0.0	0.0	0.0	0.0
0.0	0.0	0.0	2.131986141204834	0.0	0.0	0.0	2.9411652088165283	0.0	0.0	3.0009639263153076	0.0	0.0	0.0	0.0	3.28823184967041	0.0	0.0	0.0	0.0	2.9017300605773926	0.0	0.0	0.0	0.0	2.857844352722168	3.4613499641418457	0.0	0.0	2.8186845779418945	0.0	0.0	0.0	0.0	3.37100887298584	3.1518094539642334	0.0	0.0	0.0	2.6816656589508057	0.0	3.5599846839904785	0.0	1.484454870223999	0.0	0.0	0.0	0.0	0.0	2.080907106399536	0.0	0.0	0.0	0.0	0.0	0.0	0.0	0.0	0.0	0.0	3.194272756576538	0.0	0.0	0.0	0.0	0.0	0.0	0.0	0.0	0.0	0.0	0.0	0.0	0.0	3.3582186698913574	0.0	0.0	0.0	0.0	3.1396327018737793	0.0	0.0	0.0	0.0	0.0	0.0	0.0	2.6496741771698	2.561485767364502	0.0	2.6611173152923584	0.0	0.0	0.0	0.0	3.0492262840270996	0.0	0.0	2.3886611461639404	0.0	1.826932430267334	2.9879183769226074	0.0	0.0	0.0	0.0	3.92362904548645	0.0	0.0	0.0	0.0	0.0	0.0	0.0	0.0	0.0	0.0	0.0	0.0	0.0	0.0	2.428799867630005	0.0	0.0	0.0	0.0	0.0	0.0
0.0	0.0	0.0	2.1385865211486816	0.0	0.0	0.0	2.948112964630127	0.0	0.0	3.0124659538269043	0.0	0.0	0.0	0.0	3.299454689025879	0.0	0.0	0.0	0.0	2.9098706245422363	0.0	0.0	0.0	0.0	2.868722677230835	3.474658727645874	0.0	0.0	2.8314590454101562	0.0	0.0	0.0	0.0	3.3844218254089355	3.1670966148376465	0.0	0.0	0.0	2.691920042037964	0.0	3.5729000568389893	0.0	1.493812918663025	0.0	0.0	0.0	0.0	0.0	2.088007926940918	0.0	0.0	0.0	0.0	0.0	0.0	0.0	0.0	0.0	0.0	3.204789161682129	0.0	0.0	0.0	0.0	0.0	0.0	0.0	0.0	0.0	0.0	0.0	0.0	0.0	3.372166872024536	0.0	0.0	0.0	0.0	3.154296398162842	0.0	0.0	0.0	0.0	0.0	0.0	0.0	2.6591508388519287	2.5735788345336914	0.0	2.6722898483276367	0.0	0.0	0.0	0.0	3.054321765899658	0.0	0.0	2.3987441062927246	0.0	1.841550588607788	2.998697280883789	0.0	0.0	0.0	0.0	3.9399983882904053	0.0	0.0	0.0	0.0	0.0	0.0	0.0	0.0	0.0	0.0	0.0	0.0	0.0	0.0	2.4345104694366455	0.0	0.0	0.0	0.0	0.0	0.0
0.0	0.0	0.0	2.139221429824829	0.0	0.0	0.0	2.9506919384002686	0.0	0.0	3.0144786834716797	0.0	0.0	0.0	0.0	3.3012313842773438	0.0	0.0	0.0	0.0	2.90875244140625	0.0	0.0	0.0	0.0	2.871746063232422	3.477834701538086	0.0	0.0	2.8294098377227783	0.0	0.0	0.0	0.0	3.383587121963501	3.1668519973754883	0.0	0.0	0.0	2.695580244064331	0.0	3.5687215328216553	0.0	1.4934200048446655	0.0	0.0	0.0	0.0	0.0	2.094700574874878	0.0	0.0	0.0	0.0	0.0	0.0	0.0	0.0	0.0	0.0	3.1993863582611084	0.0	0.0	0.0	0.0	0.0	0.0	0.0	0.0	0.0	0.0	0.0	0.0	0.0	3.3782713413238525	0.0	0.0	0.0	0.0	3.155592918395996	0.0	0.0	0.0	0.0	0.0	0.0	0.0	2.6567800045013428	2.5726757049560547	0.0	2.6730809211730957	0.0	0.0	0.0	0.0	3.0614407062530518	0.0	0.0	2.397139072418213	0.0	1.8356707096099854	3.000206708908081	0.0	0.0	0.0	0.0	3.9385316371917725	0.0	0.0	0.0	0.0	0.0	0.0	0.0	0.0	0.0	0.0	0.0	0.0	0.0	0.0	2.440396308898926	0.0	0.0	0.0	0.0	0.0	0.0
0.0	0.0	0.0	2.1391189098358154	0.0	0.0	0.0	2.948918581008911	0.0	0.0	3.009068250656128	0.0	0.0	0.0	0.0	3.299567461013794	0.0	0.0	0.0	0.0	2.9068918228149414	0.0	0.0	0.0	0.0	2.867644786834717	3.4676249027252197	0.0	0.0	2.8260488510131836	0.0	0.0	0.0	0.0	3.3817076683044434	3.1615495681762695	0.0	0.0	0.0	2.6886818408966064	0.0	3.5628061294555664	0.0	1.4909300804138184	0.0	0.0	0.0	0.0	0.0	2.0876708030700684	0.0	0.0	0.0	0.0	0.0	0.0	0.0	0.0	0.0	0.0	3.2009341716766357	0.0	0.0	0.0	0.0	0.0	0.0	0.0	0.0	0.0	0.0	0.0	0.0	0.0	3.3708860874176025	0.0	0.0	0.0	0.0	3.1504714488983154	0.0	0.0	0.0	0.0	0.0	0.0	0.0	2.6554934978485107	2.5702149868011475	0.0	2.6705472469329834	0.0	0.0	0.0	0.0	3.0544168949127197	0.0	0.0	2.396484851837158	0.0	1.8349295854568481	2.9965856075286865	0.0	0.0	0.0	0.0	3.933009386062622	0.0	0.0	0.0	0.0	0.0	0.0	0.0	0.0	0.0	0.0	0.0	0.0	0.0	0.0	2.434105157852173	0.0	0.0	0.0	0.0	0.0	0.0
0.0	0.0	0.0	2.1389784812927246	0.0	0.0	0.0	2.9471638202667236	0.0	0.0	3.0066897869110107	0.0	0.0	0.0	0.0	3.293471574783325	0.0	0.0	0.0	0.0	2.9066619873046875	0.0	0.0	0.0	0.0	2.8676700592041016	3.4686436653137207	0.0	0.0	2.821429491043091	0.0	0.0	0.0	0.0	3.37890625	3.1619021892547607	0.0	0.0	0.0	2.6893839836120605	0.0	3.5619869232177734	0.0	1.48953115940094	0.0	0.0	0.0	0.0	0.0	2.0858113765716553	0.0	0.0	0.0	0.0	0.0	0.0	0.0	0.0	0.0	0.0	3.1997056007385254	0.0	0.0	0.0	0.0	0.0	0.0	0.0	0.0	0.0	0.0	0.0	0.0	0.0	3.370248794555664	0.0	0.0	0.0	0.0	3.147616147994995	0.0	0.0	0.0	0.0	0.0	0.0	0.0	2.654958724975586	2.564549684524536	0.0	2.663367509841919	0.0	0.0	0.0	0.0	3.056989908218384	0.0	0.0	2.393874406814575	0.0	1.8368726968765259	2.9947543144226074	0.0	0.0	0.0	0.0	3.931746482849121	0.0	0.0	0.0	0.0	0.0	0.0	0.0	0.0	0.0	0.0	0.0	0.0	0.0	0.0	2.4340579509735107	0.0	0.0	0.0	0.0	0.0	0.0
0.0	0.0	0.0	2.1382381916046143	0.0	0.0	0.0	2.9537315368652344	0.0	0.0	3.0138912200927734	0.0	0.0	0.0	0.0	3.3048055171966553	0.0	0.0	0.0	0.0	2.911557197570801	0.0	0.0	0.0	0.0	2.8746895790100098	3.4742085933685303	0.0	0.0	2.8276400566101074	0.0	0.0	0.0	0.0	3.3871190547943115	3.1680805683135986	0.0	0.0	0.0	2.6946260929107666	0.0	3.5714070796966553	0.0	1.4920674562454224	0.0	0.0	0.0	0.0	0.0	2.093034029006958	0.0	0.0	0.0	0.0	0.0	0.0	0.0	0.0	0.0	0.0	3.202545166015625	0.0	0.0	0.0	0.0	0.0	0.0	0.0	0.0	0.0	0.0	0.0	0.0	0.0	3.3775553703308105	0.0	0.0	0.0	0.0	3.1570982933044434	0.0	0.0	0.0	0.0	0.0	0.0	0.0	2.6578001976013184	2.5747885704040527	0.0	2.672750234603882	0.0	0.0	0.0	0.0	3.05676007270813	0.0	0.0	2.398743152618408	0.0	1.8386256694793701	3.0001513957977295	0.0	0.0	0.0	0.0	3.9402434825897217	0.0	0.0	0.0	0.0	0.0	0.0	0.0	0.0	0.0	0.0	0.0	0.0	0.0	0.0	2.436954975128174	0.0	0.0	0.0	0.0	0.0	0.0
0.0	0.0	0.0	2.1461093425750732	0.0	0.0	0.0	2.9511289596557617	0.0	0.0	3.0128157138824463	0.0	0.0	0.0	0.0	3.3089966773986816	0.0	0.0	0.0	0.0	2.9172496795654297	0.0	0.0	0.0	0.0	2.8754847049713135	3.470327377319336	0.0	0.0	2.830955743789673	0.0	0.0	0.0	0.0	3.388126850128174	3.1656150817871094	0.0	0.0	0.0	2.7043213844299316	0.0	3.5687825679779053	0.0	1.4942883253097534	0.0	0.0	0.0	0.0	0.0	2.097437858581543	0.0	0.0	0.0	0.0	0.0	0.0	0.0	0.0	0.0	0.0	3.203670024871826	0.0	0.0	0.0	0.0	0.0	0.0	0.0	0.0	0.0	0.0	0.0	0.0	0.0	3.3816988468170166	0.0	0.0	0.0	0.0	3.1586320400238037	0.0	0.0	0.0	0.0	0.0	0.0	0.0	2.660762310028076	2.571538209915161	0.0	2.6747589111328125	0.0	0.0	0.0	0.0	3.0621249675750732	0.0	0.0	2.3997106552124023	0.0	1.8380433320999146	3.002429246902466	0.0	0.0	0.0	0.0	3.9360923767089844	0.0	0.0	0.0	0.0	0.0	0.0	0.0	0.0	0.0	0.0	0.0	0.0	0.0	0.0	2.4395933151245117	0.0	0.0	0.0	0.0	0.0	0.0
0.0	0.0	0.0	2.1353843212127686	0.0	0.0	0.0	2.9407832622528076	0.0	0.0	3.0040676593780518	0.0	0.0	0.0	0.0	3.294651746749878	0.0	0.0	0.0	0.0	2.905437707901001	0.0	0.0	0.0	0.0	2.8588829040527344	3.463496208190918	0.0	0.0	2.819727897644043	0.0	0.0	0.0	0.0	3.3765032291412354	3.159794807434082	0.0	0.0	0.0	2.6849541664123535	0.0	3.5569467544555664	0.0	1.4916571378707886	0.0	0.0	0.0	0.0	0.0	2.0857627391815186	0.0	0.0	0.0	0.0	0.0	0.0	0.0	0.0	0.0	0.0	3.1932027339935303	0.0	0.0	0.0	0.0	0.0	0.0	0.0	0.0	0.0	0.0	0.0	0.0	0.0	3.3622376918792725	0.0	0.0	0.0	0.0	3.145035982131958	0.0	0.0	0.0	0.0	0.0	0.0	0.0	2.649813175201416	2.5673296451568604	0.0	2.665503740310669	0.0	0.0	0.0	0.0	3.0510568618774414	0.0	0.0	2.3914616107940674	0.0	1.832809567451477	2.9934439659118652	0.0	0.0	0.0	0.0	3.9241087436676025	0.0	0.0	0.0	0.0	0.0	0.0	0.0	0.0	0.0	0.0	0.0	0.0	0.0	0.0	2.4271085262298584	0.0	0.0	0.0	0.0	0.0	0.0
0.0	0.0	0.0	2.1334755420684814	0.0	0.0	0.0	2.944209337234497	0.0	0.0	3.004514694213867	0.0	0.0	0.0	0.0	3.295048713684082	0.0	0.0	0.0	0.0	2.9016220569610596	0.0	0.0	0.0	0.0	2.8651957511901855	3.4602725505828857	0.0	0.0	2.8189516067504883	0.0	0.0	0.0	0.0	3.374816656112671	3.1570961475372314	0.0	0.0	0.0	2.6881158351898193	0.0	3.559267997741699	0.0	1.4838989973068237	0.0	0.0	0.0	0.0	0.0	2.0865166187286377	0.0	0.0	0.0	0.0	0.0	0.0	0.0	0.0	0.0	0.0	3.1904215812683105	0.0	0.0	0.0	0.0	0.0	0.0	0.0	0.0	0.0	0.0	0.0	0.0	0.0	3.365539312362671	0.0	0.0	0.0	0.0	3.1463584899902344	0.0	0.0	0.0	0.0	0.0	0.0	0.0	2.6507415771484375	2.569797992706299	0.0	2.6673901081085205	0.0	0.0	0.0	0.0	3.0475573539733887	0.0	0.0	2.3899452686309814	0.0	1.8279531002044678	2.9865658283233643	0.0	0.0	0.0	0.0	3.9267091751098633	0.0	0.0	0.0	0.0	0.0	0.0	0.0	0.0	0.0	0.0	0.0	0.0	0.0	0.0	2.4314637184143066	0.0	0.0	0.0	0.0	0.0	0.0
0.0	0.0	0.0	2.1414520740509033	0.0	0.0	0.0	2.951664924621582	0.0	0.0	3.017442464828491	0.0	0.0	0.0	0.0	3.3053948879241943	0.0	0.0	0.0	0.0	2.914522409439087	0.0	0.0	0.0	0.0	2.873037099838257	3.4812066555023193	0.0	0.0	2.8343379497528076	0.0	0.0	0.0	0.0	3.3875057697296143	3.168830156326294	0.0	0.0	0.0	2.696699857711792	0.0	3.5733885765075684	0.0	1.4904545545578003	0.0	0.0	0.0	0.0	0.0	2.0922911167144775	0.0	0.0	0.0	0.0	0.0	0.0	0.0	0.0	0.0	0.0	3.2077536582946777	0.0	0.0	0.0	0.0	0.0	0.0	0.0	0.0	0.0	0.0	0.0	0.0	0.0	3.3769478797912598	0.0	0.0	0.0	0.0	3.157823085784912	0.0	0.0	0.0	0.0	0.0	0.0	0.0	2.6632192134857178	2.5737860202789307	0.0	2.674272060394287	0.0	0.0	0.0	0.0	3.0607659816741943	0.0	0.0	2.4030308723449707	0.0	1.841389775276184	3.001255750656128	0.0	0.0	0.0	0.0	3.943302631378174	0.0	0.0	0.0	0.0	0.0	0.0	0.0	0.0	0.0	0.0	0.0	0.0	0.0	0.0	2.4395933151245117	0.0	0.0	0.0	0.0	0.0	0.0
0.0	0.0	0.0	2.140878200531006	0.0	0.0	0.0	2.9518473148345947	0.0	0.0	3.010814905166626	0.0	0.0	0.0	0.0	3.3050496578216553	0.0	0.0	0.0	0.0	2.912083148956299	0.0	0.0	0.0	0.0	2.8717005252838135	3.472843885421753	0.0	0.0	2.826608180999756	0.0	0.0	0.0	0.0	3.3835511207580566	3.1645262241363525	0.0	0.0	0.0	2.698159694671631	0.0	3.5678791999816895	0.0	1.4891754388809204	0.0	0.0	0.0	0.0	0.0	2.094020366668701	0.0	0.0	0.0	0.0	0.0	0.0	0.0	0.0	0.0	0.0	3.200063467025757	0.0	0.0	0.0	0.0	0.0	0.0	0.0	0.0	0.0	0.0	0.0	0.0	0.0	3.37778377532959	0.0	0.0	0.0	0.0	3.154844284057617	0.0	0.0	0.0	0.0	0.0	0.0	0.0	2.6541481018066406	2.571991443634033	0.0	2.6735947132110596	0.0	0.0	0.0	0.0	3.058908224105835	0.0	0.0	2.3977808952331543	0.0	1.8362317085266113	2.9990761280059814	0.0	0.0	0.0	0.0	3.9367105960845947	0.0	0.0	0.0	0.0	0.0	0.0	0.0	0.0	0.0	0.0	0.0	0.0	0.0	0.0	2.4377477169036865	0.0	0.0	0.0	0.0	0.0	0.0
0.0	0.0	0.0	2.136774778366089	0.0	0.0	0.0	2.9492056369781494	0.0	0.0	3.0018162727355957	0.0	0.0	0.0	0.0	3.2935543060302734	0.0	0.0	0.0	0.0	2.904428243637085	0.0	0.0	0.0	0.0	2.8641560077667236	3.464841842651367	0.0	0.0	2.829458713531494	0.0	0.0	0.0	0.0	3.374394416809082	3.1619386672973633	0.0	0.0	0.0	2.6890950202941895	0.0	3.5626206398010254	0.0	1.4907242059707642	0.0	0.0	0.0	0.0	0.0	2.09075665473938	0.0	0.0	0.0	0.0	0.0	0.0	0.0	0.0	0.0	0.0	3.1938610076904297	0.0	0.0	0.0	0.0	0.0	0.0	0.0	0.0	0.0	0.0	0.0	0.0	0.0	3.3677475452423096	0.0	0.0	0.0	0.0	3.146320104598999	0.0	0.0	0.0	0.0	0.0	0.0	0.0	2.653247594833374	2.563929796218872	0.0	2.6648144721984863	0.0	0.0	0.0	0.0	3.0540056228637695	0.0	0.0	2.394317150115967	0.0	1.8341431617736816	2.991769790649414	0.0	0.0	0.0	0.0	3.929856777191162	0.0	0.0	0.0	0.0	0.0	0.0	0.0	0.0	0.0	0.0	0.0	0.0	0.0	0.0	2.4302890300750732	0.0	0.0	0.0	0.0	0.0	0.0
0.0	0.0	0.0	2.1372177600860596	0.0	0.0	0.0	2.9494712352752686	0.0	0.0	3.011781692504883	0.0	0.0	0.0	0.0	3.3020644187927246	0.0	0.0	0.0	0.0	2.910419225692749	0.0	0.0	0.0	0.0	2.8717916011810303	3.4748177528381348	0.0	0.0	2.8319597244262695	0.0	0.0	0.0	0.0	3.383394241333008	3.1622812747955322	0.0	0.0	0.0	2.6937403678894043	0.0	3.570761203765869	0.0	1.493575930595398	0.0	0.0	0.0	0.0	0.0	2.0901260375976562	0.0	0.0	0.0	0.0	0.0	0.0	0.0	0.0	0.0	0.0	3.2051827907562256	0.0	0.0	0.0	0.0	0.0	0.0	0.0	0.0	0.0	0.0	0.0	0.0	0.0	3.375607490539551	0.0	0.0	0.0	0.0	3.152193546295166	0.0	0.0	0.0	0.0	0.0	0.0	0.0	2.655900478363037	2.566864252090454	0.0	2.6713836193084717	0.0	0.0	0.0	0.0	3.0576589107513428	0.0	0.0	2.3978383541107178	0.0	1.8350375890731812	2.999643564224243	0.0	0.0	0.0	0.0	3.9337520599365234	0.0	0.0	0.0	0.0	0.0	0.0	0.0	0.0	0.0	0.0	0.0	0.0	0.0	0.0	2.4403769969940186	0.0	0.0	0.0	0.0	0.0	0.0
0.0	0.0	0.0	2.140496253967285	0.0	0.0	0.0	2.9485397338867188	0.0	0.0	3.0155227184295654	0.0	0.0	0.0	0.0	3.304365873336792	0.0	0.0	0.0	0.0	2.9127657413482666	0.0	0.0	0.0	0.0	2.8732035160064697	3.4755043983459473	0.0	0.0	2.8306007385253906	0.0	0.0	0.0	0.0	3.3860275745391846	3.1656055450439453	0.0	0.0	0.0	2.7012391090393066	0.0	3.569610595703125	0.0	1.4905831813812256	0.0	0.0	0.0	0.0	0.0	2.090355396270752	0.0	0.0	0.0	0.0	0.0	0.0	0.0	0.0	0.0	0.0	3.203219175338745	0.0	0.0	0.0	0.0	0.0	0.0	0.0	0.0	0.0	0.0	0.0	0.0	0.0	3.377680778503418	0.0	0.0	0.0	0.0	3.157391309738159	0.0	0.0	0.0	0.0	0.0	0.0	0.0	2.6603269577026367	2.5749588012695312	0.0	2.6742007732391357	0.0	0.0	0.0	0.0	3.056610345840454	0.0	0.0	2.401395797729492	0.0	1.8399596214294434	3.001664161682129	0.0	0.0	0.0	0.0	3.9415345191955566	0.0	0.0	0.0	0.0	0.0	0.0	0.0	0.0	0.0	0.0	0.0	0.0	0.0	0.0	2.437523603439331	0.0	0.0	0.0	0.0	0.0	0.0
0.0	0.0	0.0	2.1391141414642334	0.0	0.0	0.0	2.949629545211792	0.0	0.0	3.0140624046325684	0.0	0.0	0.0	0.0	3.3039638996124268	0.0	0.0	0.0	0.0	2.9150402545928955	0.0	0.0	0.0	0.0	2.8678643703460693	3.477241277694702	0.0	0.0	2.827366590499878	0.0	0.0	0.0	0.0	3.384629726409912	3.1627037525177	0.0	0.0	0.0	2.6954689025878906	0.0	3.5651936531066895	0.0	1.4841750860214233	0.0	0.0	0.0	0.0	0.0	2.086440086364746	0.0	0.0	0.0	0.0	0.0	0.0	0.0	0.0	0.0	0.0	3.2066495418548584	0.0	0.0	0.0	0.0	0.0	0.0	0.0	0.0	0.0	0.0	0.0	0.0	0.0	3.3733034133911133	0.0	0.0	0.0	0.0	3.1499369144439697	0.0	0.0	0.0	0.0	0.0	0.0	0.0	2.660198926925659	2.5693275928497314	0.0	2.6709067821502686	0.0	0.0	0.0	0.0	3.0603606700897217	0.0	0.0	2.398577928543091	0.0	1.838356614112854	2.9991888999938965	0.0	0.0	0.0	0.0	3.9393863677978516	0.0	0.0	0.0	0.0	0.0	0.0	0.0	0.0	0.0	0.0	0.0	0.0	0.0	0.0	2.434657573699951	0.0	0.0	0.0	0.0	0.0	0.0
0.0	0.0	0.0	2.137744665145874	0.0	0.0	0.0	2.9526495933532715	0.0	0.0	3.011939764022827	0.0	0.0	0.0	0.0	3.2993857860565186	0.0	0.0	0.0	0.0	2.91007661819458	0.0	0.0	0.0	0.0	2.8698432445526123	3.4681904315948486	0.0	0.0	2.8290820121765137	0.0	0.0	0.0	0.0	3.384335994720459	3.1610076427459717	0.0	0.0	0.0	2.700735569000244	0.0	3.5690319538116455	0.0	1.4928890466690063	0.0	0.0	0.0	0.0	0.0	2.0882511138916016	0.0	0.0	0.0	0.0	0.0	0.0	0.0	0.0	0.0	0.0	3.202026844024658	0.0	0.0	0.0	0.0	0.0	0.0	0.0	0.0	0.0	0.0	0.0	0.0	0.0	3.3728456497192383	0.0	0.0	0.0	0.0	3.1556432247161865	0.0	0.0	0.0	0.0	0.0	0.0	0.0	2.6555774211883545	2.5651752948760986	0.0	2.670742988586426	0.0	0.0	0.0	0.0	3.0567705631256104	0.0	0.0	2.3972935676574707	0.0	1.8335766792297363	3.000039577484131	0.0	0.0	0.0	0.0	3.933591365814209	0.0	0.0	0.0	0.0	0.0	0.0	0.0	0.0	0.0	0.0	0.0	0.0	0.0	0.0	2.437307596206665	0.0	0.0	0.0	0.0	0.0	0.0
0.0	0.0	0.0	2.136458396911621	0.0	0.0	0.0	2.9495716094970703	0.0	0.0	3.008294105529785	0.0	0.0	0.0	0.0	3.2984654903411865	0.0	0.0	0.0	0.0	2.9098026752471924	0.0	0.0	0.0	0.0	2.8734517097473145	3.4761526584625244	0.0	0.0	2.8346316814422607	0.0	0.0	0.0	0.0	3.3802201747894287	3.1616313457489014	0.0	0.0	0.0	2.697734832763672	0.0	3.568559408187866	0.0	1.4936702251434326	0.0	0.0	0.0	0.0	0.0	2.0863475799560547	0.0	0.0	0.0	0.0	0.0	0.0	0.0	0.0	0.0	0.0	3.2014403343200684	0.0	0.0	0.0	0.0	0.0	0.0	0.0	0.0	0.0	0.0	0.0	0.0	0.0	3.376580238342285	0.0	0.0	0.0	0.0	3.153761625289917	0.0	0.0	0.0	0.0	0.0	0.0	0.0	2.652731418609619	2.568624496459961	0.0	2.6696109771728516	0.0	0.0	0.0	0.0	3.056471824645996	0.0	0.0	2.4019205570220947	0.0	1.8376861810684204	3.001462936401367	0.0	0.0	0.0	0.0	3.9365696907043457	0.0	0.0	0.0	0.0	0.0	0.0	0.0	0.0	0.0	0.0	0.0	0.0	0.0	0.0	2.4368340969085693	0.0	0.0	0.0	0.0	0.0	0.0
0.0	0.0	0.0	2.1358978748321533	0.0	0.0	0.0	2.9508650302886963	0.0	0.0	3.018751859664917	0.0	0.0	0.0	0.0	3.3009932041168213	0.0	0.0	0.0	0.0	2.9104156494140625	0.0	0.0	0.0	0.0	2.867772340774536	3.4706015586853027	0.0	0.0	2.8306827545166016	0.0	0.0	0.0	0.0	3.383507490158081	3.1635358333587646	0.0	0.0	0.0	2.697120428085327	0.0	3.5723843574523926	0.0	1.4897050857543945	0.0	0.0	0.0	0.0	0.0	2.0898962020874023	0.0	0.0	0.0	0.0	0.0	0.0	0.0	0.0	0.0	0.0	3.203486442565918	0.0	0.0	0.0	0.0	0.0	0.0	0.0	0.0	0.0	0.0	0.0	0.0	0.0	3.3780648708343506	0.0	0.0	0.0	0.0	3.152405261993408	0.0	0.0	0.0	0.0	0.0	0.0	0.0	2.6554229259490967	2.571934223175049	0.0	2.6698288917541504	0.0	0.0	0.0	0.0	3.057621479034424	0.0	0.0	2.3991503715515137	0.0	1.8343605995178223	2.994633197784424	0.0	0.0	0.0	0.0	3.939085006713867	0.0	0.0	0.0	0.0	0.0	0.0	0.0	0.0	0.0	0.0	0.0	0.0	0.0	0.0	2.4397664070129395	0.0	0.0	0.0	0.0	0.0	0.0
0.0	0.0	0.0	2.1354734897613525	0.0	0.0	0.0	2.9479668140411377	0.0	0.0	3.0093307495117188	0.0	0.0	0.0	0.0	3.2966792583465576	0.0	0.0	0.0	0.0	2.9074275493621826	0.0	0.0	0.0	0.0	2.866809129714966	3.471130609512329	0.0	0.0	2.824704170227051	0.0	0.0	0.0	0.0	3.379382610321045	3.1621780395507812	0.0	0.0	0.0	2.6897475719451904	0.0	3.5639777183532715	0.0	1.4902894496917725	0.0	0.0	0.0	0.0	0.0	2.0898213386535645	0.0	0.0	0.0	0.0	0.0	0.0	0.0	0.0	0.0	0.0	3.196491241455078	0.0	0.0	0.0	0.0	0.0	0.0	0.0	0.0	0.0	0.0	0.0	0.0	0.0	3.370400905609131	0.0	0.0	0.0	0.0	3.1528573036193848	0.0	0.0	0.0	0.0	0.0	0.0	0.0	2.6558268070220947	2.568336009979248	0.0	2.668877124786377	0.0	0.0	0.0	0.0	3.0542004108428955	0.0	0.0	2.3947691917419434	0.0	1.8318302631378174	2.992521047592163	0.0	0.0	0.0	0.0	3.93046236038208	0.0	0.0	0.0	0.0	0.0	0.0	0.0	0.0	0.0	0.0	0.0	0.0	0.0	0.0	2.4353766441345215	0.0	0.0	0.0	0.0	0.0	0.0
0.0	0.0	0.0	2.141648530960083	0.0	0.0	0.0	2.9464473724365234	0.0	0.0	3.00931453704834	0.0	0.0	0.0	0.0	3.299419641494751	0.0	0.0	0.0	0.0	2.9069671630859375	0.0	0.0	0.0	0.0	2.865508556365967	3.4724385738372803	0.0	0.0	2.826944351196289	0.0	0.0	0.0	0.0	3.3813717365264893	3.159947395324707	0.0	0.0	0.0	2.692138671875	0.0	3.566955804824829	0.0	1.4890196323394775	0.0	0.0	0.0	0.0	0.0	2.08673357963562	0.0	0.0	0.0	0.0	0.0	0.0	0.0	0.0	0.0	0.0	3.1998977661132812	0.0	0.0	0.0	0.0	0.0	0.0	0.0	0.0	0.0	0.0	0.0	0.0	0.0	3.3704416751861572	0.0	0.0	0.0	0.0	3.1505661010742188	0.0	0.0	0.0	0.0	0.0	0.0	0.0	2.6543219089508057	2.5706427097320557	0.0	2.6731245517730713	0.0	0.0	0.0	0.0	3.055310010910034	0.0	0.0	2.39808988571167	0.0	1.8383710384368896	2.995028495788574	0.0	0.0	0.0	0.0	3.9319772720336914	0.0	0.0	0.0	0.0	0.0	0.0	0.0	0.0	0.0	0.0	0.0	0.0	0.0	0.0	2.432373285293579	0.0	0.0	0.0	0.0	0.0	0.0
0.0	0.0	0.0	2.1357057094573975	0.0	0.0	0.0	2.944157361984253	0.0	0.0	3.0053679943084717	0.0	0.0	0.0	0.0	3.293628215789795	0.0	0.0	0.0	0.0	2.9046647548675537	0.0	0.0	0.0	0.0	2.864459991455078	3.4616751670837402	0.0	0.0	2.8206937313079834	0.0	0.0	0.0	0.0	3.3744418621063232	3.158968687057495	0.0	0.0	0.0	2.686338186264038	0.0	3.564124345779419	0.0	1.4890104532241821	0.0	0.0	0.0	0.0	0.0	2.084927558898926	0.0	0.0	0.0	0.0	0.0	0.0	0.0	0.0	0.0	0.0	3.1953744888305664	0.0	0.0	0.0	0.0	0.0	0.0	0.0	0.0	0.0	0.0	0.0	0.0	0.0	3.366619348526001	0.0	0.0	0.0	0.0	3.1454641819000244	0.0	0.0	0.0	0.0	0.0	0.0	0.0	2.651183605194092	2.5621821880340576	0.0	2.6650681495666504	0.0	0.0	0.0	0.0	3.0481741428375244	0.0	0.0	2.3900468349456787	0.0	1.833209753036499	2.9925293922424316	0.0	0.0	0.0	0.0	3.9288418292999268	0.0	0.0	0.0	0.0	0.0	0.0	0.0	0.0	0.0	0.0	0.0	0.0	0.0	0.0	2.430488109588623	0.0	0.0	0.0	0.0	0.0	0.0
0.0	0.0	0.0	2.1387312412261963	0.0	0.0	0.0	2.9491820335388184	0.0	0.0	3.010326385498047	0.0	0.0	0.0	0.0	3.302258253097534	0.0	0.0	0.0	0.0	2.910951852798462	0.0	0.0	0.0	0.0	2.872076988220215	3.4717721939086914	0.0	0.0	2.8295092582702637	0.0	0.0	0.0	0.0	3.3864057064056396	3.1623384952545166	0.0	0.0	0.0	2.6925129890441895	0.0	3.5669050216674805	0.0	1.491912603378296	0.0	0.0	0.0	0.0	0.0	2.0933353900909424	0.0	0.0	0.0	0.0	0.0	0.0	0.0	0.0	0.0	0.0	3.1998534202575684	0.0	0.0	0.0	0.0	0.0	0.0	0.0	0.0	0.0	0.0	0.0	0.0	0.0	3.376105308532715	0.0	0.0	0.0	0.0	3.154114246368408	0.0	0.0	0.0	0.0	0.0	0.0	0.0	2.657958984375	2.5728580951690674	0.0	2.6722216606140137	0.0	0.0	0.0	0.0	3.057290554046631	0.0	0.0	2.399462938308716	0.0	1.835958480834961	2.9965555667877197	0.0	0.0	0.0	0.0	3.9390268325805664	0.0	0.0	0.0	0.0	0.0	0.0	0.0	0.0	0.0	0.0	0.0	0.0	0.0	0.0	2.4360806941986084	0.0	0.0	0.0	0.0	0.0	0.0
0.0	0.0	0.0	2.132570266723633	0.0	0.0	0.0	2.9383420944213867	0.0	0.0	2.9973299503326416	0.0	0.0	0.0	0.0	3.288149356842041	0.0	0.0	0.0	0.0	2.900665760040283	0.0	0.0	0.0	0.0	2.8575446605682373	3.4596221446990967	0.0	0.0	2.81977915763855	0.0	0.0	0.0	0.0	3.366489887237549	3.1517159938812256	0.0	0.0	0.0	2.682177782058716	0.0	3.5553128719329834	0.0	1.483163833618164	0.0	0.0	0.0	0.0	0.0	2.082019090652466	0.0	0.0	0.0	0.0	0.0	0.0	0.0	0.0	0.0	0.0	3.1888487339019775	0.0	0.0	0.0	0.0	0.0	0.0	0.0	0.0	0.0	0.0	0.0	0.0	0.0	3.359313726425171	0.0	0.0	0.0	0.0	3.139439105987549	0.0	0.0	0.0	0.0	0.0	0.0	0.0	2.6450090408325195	2.556743860244751	0.0	2.6618845462799072	0.0	0.0	0.0	0.0	3.0435292720794678	0.0	0.0	2.3897194862365723	0.0	1.8320157527923584	2.9880053997039795	0.0	0.0	0.0	0.0	3.922799587249756	0.0	0.0	0.0	0.0	0.0	0.0	0.0	0.0	0.0	0.0	0.0	0.0	0.0	0.0	2.428919553756714	0.0	0.0	0.0	0.0	0.0	0.0
0.0	0.0	0.0	2.130899429321289	0.0	0.0	0.0	2.94317889213562	0.0	0.0	3.0051913261413574	0.0	0.0	0.0	0.0	3.296128034591675	0.0	0.0	0.0	0.0	2.905791997909546	0.0	0.0	0.0	0.0	2.8651039600372314	3.459188222885132	0.0	0.0	2.82380747795105	0.0	0.0	0.0	0.0	3.3772711753845215	3.1526381969451904	0.0	0.0	0.0	2.6939382553100586	0.0	3.562135934829712	0.0	1.487984299659729	0.0	0.0	0.0	0.0	0.0	2.0874428749084473	0.0	0.0	0.0	0.0	0.0	0.0	0.0	0.0	0.0	0.0	3.1945345401763916	0.0	0.0	0.0	0.0	0.0	0.0	0.0	0.0	0.0	0.0	0.0	0.0	0.0	3.3708088397979736	0.0	0.0	0.0	0.0	3.146660804748535	0.0	0.0	0.0	0.0	0.0	0.0	0.0	2.6484081745147705	2.5614733695983887	0.0	2.6659138202667236	0.0	0.0	0.0	0.0	3.0560719966888428	0.0	0.0	2.3948583602905273	0.0	1.8305977582931519	2.9923250675201416	0.0	0.0	0.0	0.0	3.927794933319092	0.0	0.0	0.0	0.0	0.0	0.0	0.0	0.0	0.0	0.0	0.0	0.0	0.0	0.0	2.4333598613739014	0.0	0.0	0.0	0.0	0.0	0.0
0.0	0.0	0.0	2.1319355964660645	0.0	0.0	0.0	2.9350781440734863	0.0	0.0	2.9993722438812256	0.0	0.0	0.0	0.0	3.290025472640991	0.0	0.0	0.0	0.0	2.9042882919311523	0.0	0.0	0.0	0.0	2.85729718208313	3.4632670879364014	0.0	0.0	2.818704128265381	0.0	0.0	0.0	0.0	3.370934009552002	3.15071177482605	0.0	0.0	0.0	2.6801984310150146	0.0	3.5563130378723145	0.0	1.4914582967758179	0.0	0.0	0.0	0.0	0.0	2.0768916606903076	0.0	0.0	0.0	0.0	0.0	0.0	0.0	0.0	0.0	0.0	3.1956071853637695	0.0	0.0	0.0	0.0	0.0	0.0	0.0	0.0	0.0	0.0	0.0	0.0	0.0	3.3628735542297363	0.0	0.0	0.0	0.0	3.139526605606079	0.0	0.0	0.0	0.0	0.0	0.0	0.0	2.6467206478118896	2.557135820388794	0.0	2.66237473487854	0.0	0.0	0.0	0.0	3.0505733489990234	0.0	0.0	2.3905746936798096	0.0	1.834061861038208	2.989776134490967	0.0	0.0	0.0	0.0	3.928389549255371	0.0	0.0	0.0	0.0	0.0	0.0	0.0	0.0	0.0	0.0	0.0	0.0	0.0	0.0	2.4287354946136475	0.0	0.0	0.0	0.0	0.0	0.0
0.0	0.0	0.0	2.1384806632995605	0.0	0.0	0.0	2.950025796890259	0.0	0.0	3.012118339538574	0.0	0.0	0.0	0.0	3.3016855716705322	0.0	0.0	0.0	0.0	2.9179792404174805	0.0	0.0	0.0	0.0	2.868482828140259	3.47031307220459	0.0	0.0	2.8383302688598633	0.0	0.0	0.0	0.0	3.380972385406494	3.1649625301361084	0.0	0.0	0.0	2.7055823802948	0.0	3.5742807388305664	0.0	1.491769790649414	0.0	0.0	0.0	0.0	0.0	2.090010643005371	0.0	0.0	0.0	0.0	0.0	0.0	0.0	0.0	0.0	0.0	3.201394557952881	0.0	0.0	0.0	0.0	0.0	0.0	0.0	0.0	0.0	0.0	0.0	0.0	0.0	3.374976873397827	0.0	0.0	0.0	0.0	3.154914140701294	0.0	0.0	0.0	0.0	0.0	0.0	0.0	2.6516311168670654	2.5653302669525146	0.0	2.6704213619232178	0.0	0.0	0.0	0.0	3.062657117843628	0.0	0.0	2.400263547897339	0.0	1.8352946043014526	3.001356840133667	0.0	0.0	0.0	0.0	3.9401755332946777	0.0	0.0	0.0	0.0	0.0	0.0	0.0	0.0	0.0	0.0	0.0	0.0	0.0	0.0	2.439028263092041	0.0	0.0	0.0	0.0	0.0	0.0
0.0	0.0	0.0	2.1352052688598633	0.0	0.0	0.0	2.9460577964782715	0.0	0.0	3.0070078372955322	0.0	0.0	0.0	0.0	3.300276756286621	0.0	0.0	0.0	0.0	2.9060192108154297	0.0	0.0	0.0	0.0	2.865156412124634	3.4625463485717773	0.0	0.0	2.8222923278808594	0.0	0.0	0.0	0.0	3.3772172927856445	3.1606662273406982	0.0	0.0	0.0	2.69218111038208	0.0	3.5607988834381104	0.0	1.4880390167236328	0.0	0.0	0.0	0.0	0.0	2.0891690254211426	0.0	0.0	0.0	0.0	0.0	0.0	0.0	0.0	0.0	0.0	3.1946473121643066	0.0	0.0	0.0	0.0	0.0	0.0	0.0	0.0	0.0	0.0	0.0	0.0	0.0	3.3699309825897217	0.0	0.0	0.0	0.0	3.1463496685028076	0.0	0.0	0.0	0.0	0.0	0.0	0.0	2.6494739055633545	2.5652682781219482	0.0	2.6675305366516113	0.0	0.0	0.0	0.0	3.052882432937622	0.0	0.0	2.3921587467193604	0.0	1.8308743238449097	2.9930179119110107	0.0	0.0	0.0	0.0	3.927090883255005	0.0	0.0	0.0	0.0	0.0	0.0	0.0	0.0	0.0	0.0	0.0	0.0	0.0	0.0	2.4338057041168213	0.0	0.0	0.0	0.0	0.0	0.0
0.0	0.0	0.0	2.1416194438934326	0.0	0.0	0.0	2.9536147117614746	0.0	0.0	3.0132555961608887	0.0	0.0	0.0	0.0	3.3001487255096436	0.0	0.0	0.0	0.0	2.9138906002044678	0.0	0.0	0.0	0.0	2.869469165802002	3.476491689682007	0.0	0.0	2.831169843673706	0.0	0.0	0.0	0.0	3.382389545440674	3.166806936264038	0.0	0.0	0.0	2.6968445777893066	0.0	3.572654962539673	0.0	1.4926402568817139	0.0	0.0	0.0	0.0	0.0	2.088759422302246	0.0	0.0	0.0	0.0	0.0	0.0	0.0	0.0	0.0	0.0	3.2029261589050293	0.0	0.0	0.0	0.0	0.0	0.0	0.0	0.0	0.0	0.0	0.0	0.0	0.0	3.376328945159912	0.0	0.0	0.0	0.0	3.1524569988250732	0.0	0.0	0.0	0.0	0.0	0.0	0.0	2.6561856269836426	2.5677013397216797	0.0	2.677717685699463	0.0	0.0	0.0	0.0	3.056469440460205	0.0	0.0	2.4002959728240967	0.0	1.8382683992385864	2.9983532428741455	0.0	0.0	0.0	0.0	3.9373066425323486	0.0	0.0	0.0	0.0	0.0	0.0	0.0	0.0	0.0	0.0	0.0	0.0	0.0	0.0	2.4410016536712646	0.0	0.0	0.0	0.0	0.0	0.0
0.0	0.0	0.0	2.140369415283203	0.0	0.0	0.0	2.946643590927124	0.0	0.0	3.012321949005127	0.0	0.0	0.0	0.0	3.296541213989258	0.0	0.0	0.0	0.0	2.9088141918182373	0.0	0.0	0.0	0.0	2.86316180229187	3.4709391593933105	0.0	0.0	2.8254475593566895	0.0	0.0	0.0	0.0	3.379607677459717	3.160829782485962	0.0	0.0	0.0	2.689051628112793	0.0	3.560849189758301	0.0	1.4847347736358643	0.0	0.0	0.0	0.0	0.0	2.0851359367370605	0.0	0.0	0.0	0.0	0.0	0.0	0.0	0.0	0.0	0.0	3.2037618160247803	0.0	0.0	0.0	0.0	0.0	0.0	0.0	0.0	0.0	0.0	0.0	0.0	0.0	3.3702075481414795	0.0	0.0	0.0	0.0	3.143864154815674	0.0	0.0	0.0	0.0	0.0	0.0	0.0	2.6556479930877686	2.567671775817871	0.0	2.6632392406463623	0.0	0.0	0.0	0.0	3.0566272735595703	0.0	0.0	2.3927838802337646	0.0	1.8356274366378784	2.9941225051879883	0.0	0.0	0.0	0.0	3.934148073196411	0.0	0.0	0.0	0.0	0.0	0.0	0.0	0.0	0.0	0.0	0.0	0.0	0.0	0.0	2.4349045753479004	0.0	0.0	0.0	0.0	0.0	0.0
0.0	0.0	0.0	2.127537250518799	0.0	0.0	0.0	2.9313712120056152	0.0	0.0	2.9887771606445312	0.0	0.0	0.0	0.0	3.2724552154541016	0.0	0.0	0.0	0.0	2.8946142196655273	0.0	0.0	0.0	0.0	2.851633310317993	3.4495840072631836	0.0	0.0	2.8096530437469482	0.0	0.0	0.0	0.0	3.3571460247039795	3.148590326309204	0.0	0.0	0.0	2.671973466873169	0.0	3.5419509410858154	0.0	1.4879727363586426	0.0	0.0	0.0	0.0	0.0	2.0726072788238525	0.0	0.0	0.0	0.0	0.0	0.0	0.0	0.0	0.0	0.0	3.183417320251465	0.0	0.0	0.0	0.0	0.0	0.0	0.0	0.0	0.0	0.0	0.0	0.0	0.0	3.3491172790527344	0.0	0.0	0.0	0.0	3.129333972930908	0.0	0.0	0.0	0.0	0.0	0.0	0.0	2.6383094787597656	2.5525381565093994	0.0	2.6552815437316895	0.0	0.0	0.0	0.0	3.0406758785247803	0.0	0.0	2.3789784908294678	0.0	1.8242837190628052	2.973717451095581	0.0	0.0	0.0	0.0	3.910860538482666	0.0	0.0	0.0	0.0	0.0	0.0	0.0	0.0	0.0	0.0	0.0	0.0	0.0	0.0	2.4199886322021484	0.0	0.0	0.0	0.0	0.0	0.0
0.0	0.0	0.0	2.137803792953491	0.0	0.0	0.0	2.9494822025299072	0.0	0.0	3.0106406211853027	0.0	0.0	0.0	0.0	3.3054146766662598	0.0	0.0	0.0	0.0	2.9100685119628906	0.0	0.0	0.0	0.0	2.872103214263916	3.470484972000122	0.0	0.0	2.826002836227417	0.0	0.0	0.0	0.0	3.385072708129883	3.165365219116211	0.0	0.0	0.0	2.6931865215301514	0.0	3.56754207611084	0.0	1.489393711090088	0.0	0.0	0.0	0.0	0.0	2.091313362121582	0.0	0.0	0.0	0.0	0.0	0.0	0.0	0.0	0.0	0.0	3.201179027557373	0.0	0.0	0.0	0.0	0.0	0.0	0.0	0.0	0.0	0.0	0.0	0.0	0.0	3.3743624687194824	0.0	0.0	0.0	0.0	3.1540896892547607	0.0	0.0	0.0	0.0	0.0	0.0	0.0	2.6615078449249268	2.570342779159546	0.0	2.6680614948272705	0.0	0.0	0.0	0.0	3.057638645172119	0.0	0.0	2.3998520374298096	0.0	1.8384050130844116	3.00112247467041	0.0	0.0	0.0	0.0	3.937167167663574	0.0	0.0	0.0	0.0	0.0	0.0	0.0	0.0	0.0	0.0	0.0	0.0	0.0	0.0	2.4343059062957764	0.0	0.0	0.0	0.0	0.0	0.0
0.0	0.0	0.0	2.138232707977295	0.0	0.0	0.0	2.948084831237793	0.0	0.0	3.0079891681671143	0.0	0.0	0.0	0.0	3.3013663291931152	0.0	0.0	0.0	0.0	2.9089927673339844	0.0	0.0	0.0	0.0	2.8681931495666504	3.4725704193115234	0.0	0.0	2.822848320007324	0.0	0.0	0.0	0.0	3.383192300796509	3.1617040634155273	0.0	0.0	0.0	2.6887271404266357	0.0	3.563467025756836	0.0	1.4896299839019775	0.0	0.0	0.0	0.0	0.0	2.087445020675659	0.0	0.0	0.0	0.0	0.0	0.0	0.0	0.0	0.0	0.0	3.1974332332611084	0.0	0.0	0.0	0.0	0.0	0.0	0.0	0.0	0.0	0.0	0.0	0.0	0.0	3.3701295852661133	0.0	0.0	0.0	0.0	3.151557207107544	0.0	0.0	0.0	0.0	0.0	0.0	0.0	2.6564297676086426	2.571197986602783	0.0	2.6672379970550537	0.0	0.0	0.0	0.0	3.0567944049835205	0.0	0.0	2.393423557281494	0.0	1.835353136062622	2.9947688579559326	0.0	0.0	0.0	0.0	3.934781551361084	0.0	0.0	0.0	0.0	0.0	0.0	0.0	0.0	0.0	0.0	0.0	0.0	0.0	0.0	2.4324657917022705	0.0	0.0	0.0	0.0	0.0	0.0
0.0	0.0	0.0	2.1384425163269043	0.0	0.0	0.0	2.957657814025879	0.0	0.0	3.015410900115967	0.0	0.0	0.0	0.0	3.30486798286438	0.0	0.0	0.0	0.0	2.914668321609497	0.0	0.0	0.0	0.0	2.8735458850860596	3.475412130355835	0.0	0.0	2.831226348876953	0.0	0.0	0.0	0.0	3.3832755088806152	3.1646888256073	0.0	0.0	0.0	2.694135904312134	0.0	3.5711238384246826	0.0	1.4954702854156494	0.0	0.0	0.0	0.0	0.0	2.0927212238311768	0.0	0.0	0.0	0.0	0.0	0.0	0.0	0.0	0.0	0.0	3.204166889190674	0.0	0.0	0.0	0.0	0.0	0.0	0.0	0.0	0.0	0.0	0.0	0.0	0.0	3.378521680831909	0.0	0.0	0.0	0.0	3.156240701675415	0.0	0.0	0.0	0.0	0.0	0.0	0.0	2.6604652404785156	2.5749433040618896	0.0	2.6729259490966797	0.0	0.0	0.0	0.0	3.0559630393981934	0.0	0.0	2.4011871814727783	0.0	1.8360464572906494	2.9992713928222656	0.0	0.0	0.0	0.0	3.938784122467041	0.0	0.0	0.0	0.0	0.0	0.0	0.0	0.0	0.0	0.0	0.0	0.0	0.0	0.0	2.440059185028076	0.0	0.0	0.0	0.0	0.0	0.0
0.0	0.0	0.0	2.1370949745178223	0.0	0.0	0.0	2.9500999450683594	0.0	0.0	3.0101497173309326	0.0	0.0	0.0	0.0	3.3030142784118652	0.0	0.0	0.0	0.0	2.909592390060425	0.0	0.0	0.0	0.0	2.8717076778411865	3.4741311073303223	0.0	0.0	2.8286759853363037	0.0	0.0	0.0	0.0	3.382535696029663	3.165444850921631	0.0	0.0	0.0	2.692774534225464	0.0	3.565756320953369	0.0	1.491921067237854	0.0	0.0	0.0	0.0	0.0	2.089262008666992	0.0	0.0	0.0	0.0	0.0	0.0	0.0	0.0	0.0	0.0	3.202472686767578	0.0	0.0	0.0	0.0	0.0	0.0	0.0	0.0	0.0	0.0	0.0	0.0	0.0	3.3732786178588867	0.0	0.0	0.0	0.0	3.1525561809539795	0.0	0.0	0.0	0.0	0.0	0.0	0.0	2.657839298248291	2.5721468925476074	0.0	2.6717450618743896	0.0	0.0	0.0	0.0	3.0595219135284424	0.0	0.0	2.395545244216919	0.0	1.838377833366394	2.9993159770965576	0.0	0.0	0.0	0.0	3.9369893074035645	0.0	0.0	0.0	0.0	0.0	0.0	0.0	0.0	0.0	0.0	0.0	0.0	0.0	0.0	2.4360885620117188	0.0	0.0	0.0	0.0	0.0	0.0
0.0	0.0	0.0	2.142515182495117	0.0	0.0	0.0	2.9488365650177	0.0	0.0	3.015699863433838	0.0	0.0	0.0	0.0	3.302530288696289	0.0	0.0	0.0	0.0	2.9099013805389404	0.0	0.0	0.0	0.0	2.8700807094573975	3.4721150398254395	0.0	0.0	2.824279308319092	0.0	0.0	0.0	0.0	3.3828442096710205	3.16420841217041	0.0	0.0	0.0	2.6932122707366943	0.0	3.5670599937438965	0.0	1.4894887208938599	0.0	0.0	0.0	0.0	0.0	2.090726375579834	0.0	0.0	0.0	0.0	0.0	0.0	0.0	0.0	0.0	0.0	3.20009708404541	0.0	0.0	0.0	0.0	0.0	0.0	0.0	0.0	0.0	0.0	0.0	0.0	0.0	3.3708512783050537	0.0	0.0	0.0	0.0	3.1490676403045654	0.0	0.0	0.0	0.0	0.0	0.0	0.0	2.6554644107818604	2.572821855545044	0.0	2.6752474308013916	0.0	0.0	0.0	0.0	3.0566201210021973	0.0	0.0	2.3976008892059326	0.0	1.836105227470398	2.9969677925109863	0.0	0.0	0.0	0.0	3.9393625259399414	0.0	0.0	0.0	0.0	0.0	0.0	0.0	0.0	0.0	0.0	0.0	0.0	0.0	0.0	2.4356236457824707	0.0	0.0	0.0	0.0	0.0	0.0
0.0	0.0	0.0	2.137495279312134	0.0	0.0	0.0	2.9493236541748047	0.0	0.0	3.007418155670166	0.0	0.0	0.0	0.0	3.299118995666504	0.0	0.0	0.0	0.0	2.9117374420166016	0.0	0.0	0.0	0.0	2.871800184249878	3.471325159072876	0.0	0.0	2.828594446182251	0.0	0.0	0.0	0.0	3.3812062740325928	3.165992021560669	0.0	0.0	0.0	2.6928374767303467	0.0	3.5669772624969482	0.0	1.489640235900879	0.0	0.0	0.0	0.0	0.0	2.092355251312256	0.0	0.0	0.0	0.0	0.0	0.0	0.0	0.0	0.0	0.0	3.1993019580841064	0.0	0.0	0.0	0.0	0.0	0.0	0.0	0.0	0.0	0.0	0.0	0.0	0.0	3.3741984367370605	0.0	0.0	0.0	0.0	3.158186197280884	0.0	0.0	0.0	0.0	0.0	0.0	0.0	2.6575493812561035	2.573810338973999	0.0	2.6740126609802246	0.0	0.0	0.0	0.0	3.056795835494995	0.0	0.0	2.3968594074249268	0.0	1.8356889486312866	2.9975390434265137	0.0	0.0	0.0	0.0	3.9390416145324707	0.0	0.0	0.0	0.0	0.0	0.0	0.0	0.0	0.0	0.0	0.0	0.0	0.0	0.0	2.4346306324005127	0.0	0.0	0.0	0.0	0.0	0.0
0.0	0.0	0.0	2.1331756114959717	0.0	0.0	0.0	2.938645362854004	0.0	0.0	2.9954919815063477	0.0	0.0	0.0	0.0	3.2899580001831055	0.0	0.0	0.0	0.0	2.9022183418273926	0.0	0.0	0.0	0.0	2.862051010131836	3.4627163410186768	0.0	0.0	2.8240649700164795	0.0	0.0	0.0	0.0	3.3754782676696777	3.15582275390625	0.0	0.0	0.0	2.6835572719573975	0.0	3.5605356693267822	0.0	1.4890538454055786	0.0	0.0	0.0	0.0	0.0	2.0834603309631348	0.0	0.0	0.0	0.0	0.0	0.0	0.0	0.0	0.0	0.0	3.1991655826568604	0.0	0.0	0.0	0.0	0.0	0.0	0.0	0.0	0.0	0.0	0.0	0.0	0.0	3.3669228553771973	0.0	0.0	0.0	0.0	3.1393649578094482	0.0	0.0	0.0	0.0	0.0	0.0	0.0	2.6500234603881836	2.560786485671997	0.0	2.664151906967163	0.0	0.0	0.0	0.0	3.0548043251037598	0.0	0.0	2.3942203521728516	0.0	1.8328149318695068	2.9923017024993896	0.0	0.0	0.0	0.0	3.9236538410186768	0.0	0.0	0.0	0.0	0.0	0.0	0.0	0.0	0.0	0.0	0.0	0.0	0.0	0.0	2.4276914596557617	0.0	0.0	0.0	0.0	0.0	0.0
0.0	0.0	0.0	2.1383495330810547	0.0	0.0	0.0	2.950028896331787	0.0	0.0	3.0088114738464355	0.0	0.0	0.0	0.0	3.298685073852539	0.0	0.0	0.0	0.0	2.909580945968628	0.0	0.0	0.0	0.0	2.870793342590332	3.4709997177124023	0.0	0.0	2.827645778656006	0.0	0.0	0.0	0.0	3.379051446914673	3.164369583129883	0.0	0.0	0.0	2.692331075668335	0.0	3.566936492919922	0.0	1.4871571063995361	0.0	0.0	0.0	0.0	0.0	2.0918667316436768	0.0	0.0	0.0	0.0	0.0	0.0	0.0	0.0	0.0	0.0	3.2000043392181396	0.0	0.0	0.0	0.0	0.0	0.0	0.0	0.0	0.0	0.0	0.0	0.0	0.0	3.374471426010132	0.0	0.0	0.0	0.0	3.1541786193847656	0.0	0.0	0.0	0.0	0.0	0.0	0.0	2.6567161083221436	2.571932554244995	0.0	2.669009208679199	0.0	0.0	0.0	0.0	3.056288480758667	0.0	0.0	2.395662546157837	0.0	1.8366978168487549	2.994962215423584	0.0	0.0	0.0	0.0	3.934539556503296	0.0	0.0	0.0	0.0	0.0	0.0	0.0	0.0	0.0	0.0	0.0	0.0	0.0	0.0	2.43496036529541	0.0	0.0	0.0	0.0	0.0	0.0
0.0	0.0	0.0	2.139312505722046	0.0	0.0	0.0	2.947345495223999	0.0	0.0	3.0083858966827393	0.0	0.0	0.0	0.0	3.3005211353302	0.0	0.0	0.0	0.0	2.9098777770996094	0.0	0.0	0.0	0.0	2.8661508560180664	3.4703872203826904	0.0	0.0	2.820960521697998	0.0	0.0	0.0	0.0	3.3809549808502197	3.158994436264038	0.0	0.0	0.0	2.6885111331939697	0.0	3.5667314529418945	0.0	1.48753023147583	0.0	0.0	0.0	0.0	0.0	2.0867137908935547	0.0	0.0	0.0	0.0	0.0	0.0	0.0	0.0	0.0	0.0	3.200019359588623	0.0	0.0	0.0	0.0	0.0	0.0	0.0	0.0	0.0	0.0	0.0	0.0	0.0	3.370218515396118	0.0	0.0	0.0	0.0	3.145787477493286	0.0	0.0	0.0	0.0	0.0	0.0	0.0	2.6552748680114746	2.569366455078125	0.0	2.6693716049194336	0.0	0.0	0.0	0.0	3.0574347972869873	0.0	0.0	2.3951351642608643	0.0	1.834218978881836	2.9959137439727783	0.0	0.0	0.0	0.0	3.936378240585327	0.0	0.0	0.0	0.0	0.0	0.0	0.0	0.0	0.0	0.0	0.0	0.0	0.0	0.0	2.434122085571289	0.0	0.0	0.0	0.0	0.0	0.0
0.0	0.0	0.0	2.141463041305542	0.0	0.0	0.0	2.9472570419311523	0.0	0.0	3.010343074798584	0.0	0.0	0.0	0.0	3.2931642532348633	0.0	0.0	0.0	0.0	2.912508010864258	0.0	0.0	0.0	0.0	2.8678383827209473	3.4771029949188232	0.0	0.0	2.833139657974243	0.0	0.0	0.0	0.0	3.380790948867798	3.167753219604492	0.0	0.0	0.0	2.6964964866638184	0.0	3.5761075019836426	0.0	1.4956012964248657	0.0	0.0	0.0	0.0	0.0	2.0911622047424316	0.0	0.0	0.0	0.0	0.0	0.0	0.0	0.0	0.0	0.0	3.2049529552459717	0.0	0.0	0.0	0.0	0.0	0.0	0.0	0.0	0.0	0.0	0.0	0.0	0.0	3.379854679107666	0.0	0.0	0.0	0.0	3.1489202976226807	0.0	0.0	0.0	0.0	0.0	0.0	0.0	2.654613733291626	2.569009304046631	0.0	2.672212600708008	0.0	0.0	0.0	0.0	3.0660195350646973	0.0	0.0	2.3999671936035156	0.0	1.8352270126342773	3.001682758331299	0.0	0.0	0.0	0.0	3.9342219829559326	0.0	0.0	0.0	0.0	0.0	0.0	0.0	0.0	0.0	0.0	0.0	0.0	0.0	0.0	2.4367518424987793	0.0	0.0	0.0	0.0	0.0	0.0
0.0	0.0	0.0	2.135823965072632	0.0	0.0	0.0	2.9418041706085205	0.0	0.0	3.003523111343384	0.0	0.0	0.0	0.0	3.2911949157714844	0.0	0.0	0.0	0.0	2.9015066623687744	0.0	0.0	0.0	0.0	2.86519193649292	3.4696671962738037	0.0	0.0	2.8223512172698975	0.0	0.0	0.0	0.0	3.376544237136841	3.156660556793213	0.0	0.0	0.0	2.6845791339874268	0.0	3.5610244274139404	0.0	1.496352195739746	0.0	0.0	0.0	0.0	0.0	2.0864038467407227	0.0	0.0	0.0	0.0	0.0	0.0	0.0	0.0	0.0	0.0	3.194876194000244	0.0	0.0	0.0	0.0	0.0	0.0	0.0	0.0	0.0	0.0	0.0	0.0	0.0	3.368076801300049	0.0	0.0	0.0	0.0	3.1479177474975586	0.0	0.0	0.0	0.0	0.0	0.0	0.0	2.648979663848877	2.569523334503174	0.0	2.6685729026794434	0.0	0.0	0.0	0.0	3.0510475635528564	0.0	0.0	2.3922088146209717	0.0	1.8334770202636719	2.9913463592529297	0.0	0.0	0.0	0.0	3.9293789863586426	0.0	0.0	0.0	0.0	0.0	0.0	0.0	0.0	0.0	0.0	0.0	0.0	0.0	0.0	2.4292023181915283	0.0	0.0	0.0	0.0	0.0	0.0
0.0	0.0	0.0	2.141407012939453	0.0	0.0	0.0	2.951382637023926	0.0	0.0	3.0151405334472656	0.0	0.0	0.0	0.0	3.3042263984680176	0.0	0.0	0.0	0.0	2.912099838256836	0.0	0.0	0.0	0.0	2.879145622253418	3.4813454151153564	0.0	0.0	2.8358514308929443	0.0	0.0	0.0	0.0	3.393361806869507	3.1719515323638916	0.0	0.0	0.0	2.700864553451538	0.0	3.5705947875976562	0.0	1.496071457862854	0.0	0.0	0.0	0.0	0.0	2.092311143875122	0.0	0.0	0.0	0.0	0.0	0.0	0.0	0.0	0.0	0.0	3.2137014865875244	0.0	0.0	0.0	0.0	0.0	0.0	0.0	0.0	0.0	0.0	0.0	0.0	0.0	3.3815369606018066	0.0	0.0	0.0	0.0	3.158865213394165	0.0	0.0	0.0	0.0	0.0	0.0	0.0	2.659818649291992	2.5790798664093018	0.0	2.67229962348938	0.0	0.0	0.0	0.0	3.064394235610962	0.0	0.0	2.4035980701446533	0.0	1.8457841873168945	3.0023553371429443	0.0	0.0	0.0	0.0	3.948340892791748	0.0	0.0	0.0	0.0	0.0	0.0	0.0	0.0	0.0	0.0	0.0	0.0	0.0	0.0	2.4416465759277344	0.0	0.0	0.0	0.0	0.0	0.0
0.0	0.0	0.0	2.1402719020843506	0.0	0.0	0.0	2.9527835845947266	0.0	0.0	3.012763261795044	0.0	0.0	0.0	0.0	3.306156635284424	0.0	0.0	0.0	0.0	2.91151762008667	0.0	0.0	0.0	0.0	2.8688395023345947	3.474736213684082	0.0	0.0	2.826306104660034	0.0	0.0	0.0	0.0	3.3841381072998047	3.1657707691192627	0.0	0.0	0.0	2.6957249641418457	0.0	3.569406747817993	0.0	1.4910861253738403	0.0	0.0	0.0	0.0	0.0	2.0888595581054688	0.0	0.0	0.0	0.0	0.0	0.0	0.0	0.0	0.0	0.0	3.206477165222168	0.0	0.0	0.0	0.0	0.0	0.0	0.0	0.0	0.0	0.0	0.0	0.0	0.0	3.374485731124878	0.0	0.0	0.0	0.0	3.153209686279297	0.0	0.0	0.0	0.0	0.0	0.0	0.0	2.658569812774658	2.574791193008423	0.0	2.670693874359131	0.0	0.0	0.0	0.0	3.0624330043792725	0.0	0.0	2.3974928855895996	0.0	1.8361759185791016	2.9982452392578125	0.0	0.0	0.0	0.0	3.940476894378662	0.0	0.0	0.0	0.0	0.0	0.0	0.0	0.0	0.0	0.0	0.0	0.0	0.0	0.0	2.4384701251983643	0.0	0.0	0.0	0.0	0.0	0.0
0.0	0.0	0.0	2.1411492824554443	0.0	0.0	0.0	2.947781562805176	0.0	0.0	3.0120418071746826	0.0	0.0	0.0	0.0	3.2987983226776123	0.0	0.0	0.0	0.0	2.909999370574951	0.0	0.0	0.0	0.0	2.8693087100982666	3.470907688140869	0.0	0.0	2.8270843029022217	0.0	0.0	0.0	0.0	3.381728410720825	3.1650092601776123	0.0	0.0	0.0	2.6904757022857666	0.0	3.5635933876037598	0.0	1.489625096321106	0.0	0.0	0.0	0.0	0.0	2.0875155925750732	0.0	0.0	0.0	0.0	0.0	0.0	0.0	0.0	0.0	0.0	3.197416067123413	0.0	0.0	0.0	0.0	0.0	0.0	0.0	0.0	0.0	0.0	0.0	0.0	0.0	3.371399164199829	0.0	0.0	0.0	0.0	3.1457643508911133	0.0	0.0	0.0	0.0	0.0	0.0	0.0	2.6564548015594482	2.5693435668945312	0.0	2.670945644378662	0.0	0.0	0.0	0.0	3.055032968521118	0.0	0.0	2.3929431438446045	0.0	1.833916187286377	2.996980667114258	0.0	0.0	0.0	0.0	3.9320619106292725	0.0	0.0	0.0	0.0	0.0	0.0	0.0	0.0	0.0	0.0	0.0	0.0	0.0	0.0	2.4331772327423096	0.0	0.0	0.0	0.0	0.0	0.0
0.0	0.0	0.0	2.1374919414520264	0.0	0.0	0.0	2.949373483657837	0.0	0.0	3.0105245113372803	0.0	0.0	0.0	0.0	3.3019661903381348	0.0	0.0	0.0	0.0	2.9077088832855225	0.0	0.0	0.0	0.0	2.870534658432007	3.4705326557159424	0.0	0.0	2.826404571533203	0.0	0.0	0.0	0.0	3.3819241523742676	3.162937641143799	0.0	0.0	0.0	2.6911723613739014	0.0	3.5679423809051514	0.0	1.4886870384216309	0.0	0.0	0.0	0.0	0.0	2.089111089706421	0.0	0.0	0.0	0.0	0.0	0.0	0.0	0.0	0.0	0.0	3.200336217880249	0.0	0.0	0.0	0.0	0.0	0.0	0.0	0.0	0.0	0.0	0.0	0.0	0.0	3.374210834503174	0.0	0.0	0.0	0.0	3.150413990020752	0.0	0.0	0.0	0.0	0.0	0.0	0.0	2.6573779582977295	2.5729000568389893	0.0	2.6694304943084717	0.0	0.0	0.0	0.0	3.054417371749878	0.0	0.0	2.3960843086242676	0.0	1.8341392278671265	2.9953722953796387	0.0	0.0	0.0	0.0	3.935600757598877	0.0	0.0	0.0	0.0	0.0	0.0	0.0	0.0	0.0	0.0	0.0	0.0	0.0	0.0	2.4333670139312744	0.0	0.0	0.0	0.0	0.0	0.0
0.0	0.0	0.0	2.1385338306427	0.0	0.0	0.0	2.949944019317627	0.0	0.0	3.009005069732666	0.0	0.0	0.0	0.0	3.297783136367798	0.0	0.0	0.0	0.0	2.909113883972168	0.0	0.0	0.0	0.0	2.865651845932007	3.473470449447632	0.0	0.0	2.825470447540283	0.0	0.0	0.0	0.0	3.38295316696167	3.1625027656555176	0.0	0.0	0.0	2.6922214031219482	0.0	3.5635247230529785	0.0	1.4882464408874512	0.0	0.0	0.0	0.0	0.0	2.0864551067352295	0.0	0.0	0.0	0.0	0.0	0.0	0.0	0.0	0.0	0.0	3.203115940093994	0.0	0.0	0.0	0.0	0.0	0.0	0.0	0.0	0.0	0.0	0.0	0.0	0.0	3.3708441257476807	0.0	0.0	0.0	0.0	3.144932985305786	0.0	0.0	0.0	0.0	0.0	0.0	0.0	2.6531310081481934	2.566016912460327	0.0	2.669581890106201	0.0	0.0	0.0	0.0	3.059232473373413	0.0	0.0	2.3923897743225098	0.0	1.8353999853134155	2.992999792098999	0.0	0.0	0.0	0.0	3.9346425533294678	0.0	0.0	0.0	0.0	0.0	0.0	0.0	0.0	0.0	0.0	0.0	0.0	0.0	0.0	2.436664342880249	0.0	0.0	0.0	0.0	0.0	0.0
0.0	0.0	0.0	2.1398448944091797	0.0	0.0	0.0	2.9438374042510986	0.0	0.0	3.010053873062134	0.0	0.0	0.0	0.0	3.2997965812683105	0.0	0.0	0.0	0.0	2.9070122241973877	0.0	0.0	0.0	0.0	2.866197109222412	3.4768290519714355	0.0	0.0	2.8230082988739014	0.0	0.0	0.0	0.0	3.382106065750122	3.16157865524292	0.0	0.0	0.0	2.6891143321990967	0.0	3.563281297683716	0.0	1.4885764122009277	0.0	0.0	0.0	0.0	0.0	2.0888772010803223	0.0	0.0	0.0	0.0	0.0	0.0	0.0	0.0	0.0	0.0	3.2004737854003906	0.0	0.0	0.0	0.0	0.0	0.0	0.0	0.0	0.0	0.0	0.0	0.0	0.0	3.3701493740081787	0.0	0.0	0.0	0.0	3.1462242603302	0.0	0.0	0.0	0.0	0.0	0.0	0.0	2.6566951274871826	2.5701301097869873	0.0	2.670072317123413	0.0	0.0	0.0	0.0	3.052778720855713	0.0	0.0	2.3979995250701904	0.0	1.838675856590271	2.9949214458465576	0.0	0.0	0.0	0.0	3.934986114501953	0.0	0.0	0.0	0.0	0.0	0.0	0.0	0.0	0.0	0.0	0.0	0.0	0.0	0.0	2.434553861618042	0.0	0.0	0.0	0.0	0.0	0.0
0.0	0.0	0.0	2.1375553607940674	0.0	0.0	0.0	2.953237771987915	0.0	0.0	3.0150818824768066	0.0	0.0	0.0	0.0	3.299207925796509	0.0	0.0	0.0	0.0	2.9087154865264893	0.0	0.0	0.0	0.0	2.86907696723938	3.475181818008423	0.0	0.0	2.8305516242980957	0.0	0.0	0.0	0.0	3.3859469890594482	3.1650218963623047	0.0	0.0	0.0	2.687406063079834	0.0	3.5675158500671387	0.0	1.4925068616867065	0.0	0.0	0.0	0.0	0.0	2.0891966819763184	0.0	0.0	0.0	0.0	0.0	0.0	0.0	0.0	0.0	0.0	3.2049975395202637	0.0	0.0	0.0	0.0	0.0	0.0	0.0	0.0	0.0	0.0	0.0	0.0	0.0	3.371561288833618	0.0	0.0	0.0	0.0	3.1548149585723877	0.0	0.0	0.0	0.0	0.0	0.0	0.0	2.657339572906494	2.5744385719299316	0.0	2.6705894470214844	0.0	0.0	0.0	0.0	3.059264659881592	0.0	0.0	2.39886736869812	0.0	1.8368865251541138	3.001710891723633	0.0	0.0	0.0	0.0	3.9317452907562256	0.0	0.0	0.0	0.0	0.0	0.0	0.0	0.0	0.0	0.0	0.0	0.0	0.0	0.0	2.4348080158233643	0.0	0.0	0.0	0.0	0.0	0.0
0.0	0.0	0.0	2.1396007537841797	0.0	0.0	0.0	2.9531185626983643	0.0	0.0	3.0137269496917725	0.0	0.0	0.0	0.0	3.302920341491699	0.0	0.0	0.0	0.0	2.9135384559631348	0.0	0.0	0.0	0.0	2.8749656677246094	3.4770138263702393	0.0	0.0	2.826514720916748	0.0	0.0	0.0	0.0	3.3887226581573486	3.1684346199035645	0.0	0.0	0.0	2.698294162750244	0.0	3.5728814601898193	0.0	1.4931271076202393	0.0	0.0	0.0	0.0	0.0	2.0905706882476807	0.0	0.0	0.0	0.0	0.0	0.0	0.0	0.0	0.0	0.0	3.2079339027404785	0.0	0.0	0.0	0.0	0.0	0.0	0.0	0.0	0.0	0.0	0.0	0.0	0.0	3.37776255607605	0.0	0.0	0.0	0.0	3.160291910171509	0.0	0.0	0.0	0.0	0.0	0.0	0.0	2.658097267150879	2.5723302364349365	0.0	2.676107883453369	0.0	0.0	0.0	0.0	3.0617427825927734	0.0	0.0	2.4024770259857178	0.0	1.8385646343231201	3.004896879196167	0.0	0.0	0.0	0.0	3.9412317276000977	0.0	0.0	0.0	0.0	0.0	0.0	0.0	0.0	0.0	0.0	0.0	0.0	0.0	0.0	2.440600872039795	0.0	0.0	0.0	0.0	0.0	0.0
0.0	0.0	0.0	2.138347625732422	0.0	0.0	0.0	2.9446003437042236	0.0	0.0	3.005492925643921	0.0	0.0	0.0	0.0	3.2914769649505615	0.0	0.0	0.0	0.0	2.9070239067077637	0.0	0.0	0.0	0.0	2.865461587905884	3.4669721126556396	0.0	0.0	2.821877956390381	0.0	0.0	0.0	0.0	3.3765008449554443	3.1607866287231445	0.0	0.0	0.0	2.6933391094207764	0.0	3.5616707801818848	0.0	1.4935797452926636	0.0	0.0	0.0	0.0	0.0	2.086341381072998	0.0	0.0	0.0	0.0	0.0	0.0	0.0	0.0	0.0	0.0	3.1979832649230957	0.0	0.0	0.0	0.0	0.0	0.0	0.0	0.0	0.0	0.0	0.0	0.0	0.0	3.3679730892181396	0.0	0.0	0.0	0.0	3.1471681594848633	0.0	0.0	0.0	0.0	0.0	0.0	0.0	2.64689302444458	2.568009614944458	0.0	2.6707422733306885	0.0	0.0	0.0	0.0	3.0542774200439453	0.0	0.0	2.3914451599121094	0.0	1.8282171487808228	2.991452932357788	0.0	0.0	0.0	0.0	3.9279820919036865	0.0	0.0	0.0	0.0	0.0	0.0	0.0	0.0	0.0	0.0	0.0	0.0	0.0	0.0	2.4318740367889404	0.0	0.0	0.0	0.0	0.0	0.0
0.0	0.0	0.0	2.135810613632202	0.0	0.0	0.0	2.9450817108154297	0.0	0.0	3.0128376483917236	0.0	0.0	0.0	0.0	3.3015952110290527	0.0	0.0	0.0	0.0	2.9095280170440674	0.0	0.0	0.0	0.0	2.867764711380005	3.4716782569885254	0.0	0.0	2.827592611312866	0.0	0.0	0.0	0.0	3.382373809814453	3.1595311164855957	0.0	0.0	0.0	2.7010319232940674	0.0	3.566696882247925	0.0	1.4908591508865356	0.0	0.0	0.0	0.0	0.0	2.0912129878997803	0.0	0.0	0.0	0.0	0.0	0.0	0.0	0.0	0.0	0.0	3.1996092796325684	0.0	0.0	0.0	0.0	0.0	0.0	0.0	0.0	0.0	0.0	0.0	0.0	0.0	3.375981330871582	0.0	0.0	0.0	0.0	3.1516194343566895	0.0	0.0	0.0	0.0	0.0	0.0	0.0	2.6525979042053223	2.566267490386963	0.0	2.6718273162841797	0.0	0.0	0.0	0.0	3.0554075241088867	0.0	0.0	2.395779848098755	0.0	1.8331283330917358	2.99886417388916	0.0	0.0	0.0	0.0	3.9343831539154053	0.0	0.0	0.0	0.0	0.0	0.0	0.0	0.0	0.0	0.0	0.0	0.0	0.0	0.0	2.4378933906555176	0.0	0.0	0.0	0.0	0.0	0.0
0.0	0.0	0.0	2.133664131164551	0.0	0.0	0.0	2.9460930824279785	0.0	0.0	3.0061492919921875	0.0	0.0	0.0	0.0	3.294584035873413	0.0	0.0	0.0	0.0	2.9084129333496094	0.0	0.0	0.0	0.0	2.869547128677368	3.4706592559814453	0.0	0.0	2.8232345581054688	0.0	0.0	0.0	0.0	3.3834471702575684	3.163151741027832	0.0	0.0	0.0	2.6837542057037354	0.0	3.563713312149048	0.0	1.4918665885925293	0.0	0.0	0.0	0.0	0.0	2.089386463165283	0.0	0.0	0.0	0.0	0.0	0.0	0.0	0.0	0.0	0.0	3.2035229206085205	0.0	0.0	0.0	0.0	0.0	0.0	0.0	0.0	0.0	0.0	0.0	0.0	0.0	3.3726272583007812	0.0	0.0	0.0	0.0	3.1487631797790527	0.0	0.0	0.0	0.0	0.0	0.0	0.0	2.6554718017578125	2.567457675933838	0.0	2.6737449169158936	0.0	0.0	0.0	0.0	3.056234121322632	0.0	0.0	2.39197039604187	0.0	1.8370836973190308	2.991617441177368	0.0	0.0	0.0	0.0	3.931004285812378	0.0	0.0	0.0	0.0	0.0	0.0	0.0	0.0	0.0	0.0	0.0	0.0	0.0	0.0	2.432180404663086	0.0	0.0	0.0	0.0	0.0	0.0
0.0	0.0	0.0	2.137415885925293	0.0	0.0	0.0	2.9475603103637695	0.0	0.0	3.0077812671661377	0.0	0.0	0.0	0.0	3.2994019985198975	0.0	0.0	0.0	0.0	2.9085285663604736	0.0	0.0	0.0	0.0	2.862091302871704	3.4691286087036133	0.0	0.0	2.823054075241089	0.0	0.0	0.0	0.0	3.3811874389648438	3.15664005279541	0.0	0.0	0.0	2.6928489208221436	0.0	3.56231427192688	0.0	1.4873594045639038	0.0	0.0	0.0	0.0	0.0	2.0860886573791504	0.0	0.0	0.0	0.0	0.0	0.0	0.0	0.0	0.0	0.0	3.2008228302001953	0.0	0.0	0.0	0.0	0.0	0.0	0.0	0.0	0.0	0.0	0.0	0.0	0.0	3.3701794147491455	0.0	0.0	0.0	0.0	3.1466927528381348	0.0	0.0	0.0	0.0	0.0	0.0	0.0	2.652222156524658	2.5683324337005615	0.0	2.6661901473999023	0.0	0.0	0.0	0.0	3.0571603775024414	0.0	0.0	2.393707275390625	0.0	1.8371450901031494	2.993908405303955	0.0	0.0	0.0	0.0	3.9334888458251953	0.0	0.0	0.0	0.0	0.0	0.0	0.0	0.0	0.0	0.0	0.0	0.0	0.0	0.0	2.431227207183838	0.0	0.0	0.0	0.0	0.0	0.0
0.0	0.0	0.0	2.135096788406372	0.0	0.0	0.0	2.944127321243286	0.0	0.0	3.0045390129089355	0.0	0.0	0.0	0.0	3.2915754318237305	0.0	0.0	0.0	0.0	2.90289568901062	0.0	0.0	0.0	0.0	2.8631949424743652	3.462768316268921	0.0	0.0	2.822489023208618	0.0	0.0	0.0	0.0	3.3750975131988525	3.155815601348877	0.0	0.0	0.0	2.685546636581421	0.0	3.5563225746154785	0.0	1.486801028251648	0.0	0.0	0.0	0.0	0.0	2.087594747543335	0.0	0.0	0.0	0.0	0.0	0.0	0.0	0.0	0.0	0.0	3.193882942199707	0.0	0.0	0.0	0.0	0.0	0.0	0.0	0.0	0.0	0.0	0.0	0.0	0.0	3.364713191986084	0.0	0.0	0.0	0.0	3.146193265914917	0.0	0.0	0.0	0.0	0.0	0.0	0.0	2.6497747898101807	2.567657232284546	0.0	2.6627392768859863	0.0	0.0	0.0	0.0	3.0511062145233154	0.0	0.0	2.391713857650757	0.0	1.832108974456787	2.9865641593933105	0.0	0.0	0.0	0.0	3.926086187362671	0.0	0.0	0.0	0.0	0.0	0.0	0.0	0.0	0.0	0.0	0.0	0.0	0.0	0.0	2.428988456726074	0.0	0.0	0.0	0.0	0.0	0.0
0.0	0.0	0.0	2.136874198913574	0.0	0.0	0.0	2.9435372352600098	0.0	0.0	3.009185791015625	0.0	0.0	0.0	0.0	3.298248529434204	0.0	0.0	0.0	0.0	2.904283046722412	0.0	0.0	0.0	0.0	2.8628833293914795	3.4708588123321533	0.0	0.0	2.8233907222747803	0.0	0.0	0.0	0.0	3.379575729370117	3.164051055908203	0.0	0.0	0.0	2.69014573097229	0.0	3.5664052963256836	0.0	1.4897172451019287	0.0	0.0	0.0	0.0	0.0	2.0840585231781006	0.0	0.0	0.0	0.0	0.0	0.0	0.0	0.0	0.0	0.0	3.2031149864196777	0.0	0.0	0.0	0.0	0.0	0.0	0.0	0.0	0.0	0.0	0.0	0.0	0.0	3.3663923740386963	0.0	0.0	0.0	0.0	3.145191192626953	0.0	0.0	0.0	0.0	0.0	0.0	0.0	2.656651735305786	2.563415288925171	0.0	2.6650607585906982	0.0	0.0	0.0	0.0	3.0527515411376953	0.0	0.0	2.395162582397461	0.0	1.8370425701141357	2.990539073944092	0.0	0.0	0.0	0.0	3.93353009223938	0.0	0.0	0.0	0.0	0.0	0.0	0.0	0.0	0.0	0.0	0.0	0.0	0.0	0.0	2.4342451095581055	0.0	0.0	0.0	0.0	0.0	0.0
0.0	0.0	0.0	2.1412503719329834	0.0	0.0	0.0	2.940880060195923	0.0	0.0	3.0072078704833984	0.0	0.0	0.0	0.0	3.2935266494750977	0.0	0.0	0.0	0.0	2.909257650375366	0.0	0.0	0.0	0.0	2.8615286350250244	3.4682846069335938	0.0	0.0	2.825589418411255	0.0	0.0	0.0	0.0	3.3776116371154785	3.1605820655822754	0.0	0.0	0.0	2.688974142074585	0.0	3.563159227371216	0.0	1.4879786968231201	0.0	0.0	0.0	0.0	0.0	2.083805561065674	0.0	0.0	0.0	0.0	0.0	0.0	0.0	0.0	0.0	0.0	3.1999518871307373	0.0	0.0	0.0	0.0	0.0	0.0	0.0	0.0	0.0	0.0	0.0	0.0	0.0	3.3711297512054443	0.0	0.0	0.0	0.0	3.1427786350250244	0.0	0.0	0.0	0.0	0.0	0.0	0.0	2.6526546478271484	2.5624125003814697	0.0	2.6681253910064697	0.0	0.0	0.0	0.0	3.058445692062378	0.0	0.0	2.3950319290161133	0.0	1.8361797332763672	2.9974653720855713	0.0	0.0	0.0	0.0	3.931269407272339	0.0	0.0	0.0	0.0	0.0	0.0	0.0	0.0	0.0	0.0	0.0	0.0	0.0	0.0	2.4341819286346436	0.0	0.0	0.0	0.0	0.0	0.0
0.0	0.0	0.0	2.1419146060943604	0.0	0.0	0.0	2.9575533866882324	0.0	0.0	3.014085054397583	0.0	0.0	0.0	0.0	3.307311773300171	0.0	0.0	0.0	0.0	2.911892890930176	0.0	0.0	0.0	0.0	2.877220869064331	3.4779536724090576	0.0	0.0	2.8336007595062256	0.0	0.0	0.0	0.0	3.3884472846984863	3.1675989627838135	0.0	0.0	0.0	2.694528102874756	0.0	3.5745019912719727	0.0	1.4931082725524902	0.0	0.0	0.0	0.0	0.0	2.0944149494171143	0.0	0.0	0.0	0.0	0.0	0.0	0.0	0.0	0.0	0.0	3.204611301422119	0.0	0.0	0.0	0.0	0.0	0.0	0.0	0.0	0.0	0.0	0.0	0.0	0.0	3.3785808086395264	0.0	0.0	0.0	0.0	3.1578128337860107	0.0	0.0	0.0	0.0	0.0	0.0	0.0	2.6589479446411133	2.576580762863159	0.0	2.6765377521514893	0.0	0.0	0.0	0.0	3.0603437423706055	0.0	0.0	2.3979055881500244	0.0	1.8380119800567627	2.999767780303955	0.0	0.0	0.0	0.0	3.9398698806762695	0.0	0.0	0.0	0.0	0.0	0.0	0.0	0.0	0.0	0.0	0.0	0.0	0.0	0.0	2.438358783721924	0.0	0.0	0.0	0.0	0.0	0.0
0.0	0.0	0.0	2.131808280944824	0.0	0.0	0.0	2.9427647590637207	0.0	0.0	3.0040128231048584	0.0	0.0	0.0	0.0	3.296271800994873	0.0	0.0	0.0	0.0	2.9039978981018066	0.0	0.0	0.0	0.0	2.861876964569092	3.464977741241455	0.0	0.0	2.819410800933838	0.0	0.0	0.0	0.0	3.3754546642303467	3.156872272491455	0.0	0.0	0.0	2.687211513519287	0.0	3.5600385665893555	0.0	1.4885307550430298	0.0	0.0	0.0	0.0	0.0	2.0854873657226562	0.0	0.0	0.0	0.0	0.0	0.0	0.0	0.0	0.0	0.0	3.195885419845581	0.0	0.0	0.0	0.0	0.0	0.0	0.0	0.0	0.0	0.0	0.0	0.0	0.0	3.3656015396118164	0.0	0.0	0.0	0.0	3.147233486175537	0.0	0.0	0.0	0.0	0.0	0.0	0.0	2.650709867477417	2.567819833755493	0.0	2.668037176132202	0.0	0.0	0.0	0.0	3.0514097213745117	0.0	0.0	2.3899810314178467	0.0	1.8305044174194336	2.9906554222106934	0.0	0.0	0.0	0.0	3.927590847015381	0.0	0.0	0.0	0.0	0.0	0.0	0.0	0.0	0.0	0.0	0.0	0.0	0.0	0.0	2.4305837154388428	0.0	0.0	0.0	0.0	0.0	0.0
0.0	0.0	0.0	2.1406986713409424	0.0	0.0	0.0	2.9473977088928223	0.0	0.0	2.999842405319214	0.0	0.0	0.0	0.0	3.2889177799224854	0.0	0.0	0.0	0.0	2.9047656059265137	0.0	0.0	0.0	0.0	2.8626456260681152	3.4679765701293945	0.0	0.0	2.824512243270874	0.0	0.0	0.0	0.0	3.378962755203247	3.1592767238616943	0.0	0.0	0.0	2.692674160003662	0.0	3.5621232986450195	0.0	1.4914027452468872	0.0	0.0	0.0	0.0	0.0	2.0828325748443604	0.0	0.0	0.0	0.0	0.0	0.0	0.0	0.0	0.0	0.0	3.20212984085083	0.0	0.0	0.0	0.0	0.0	0.0	0.0	0.0	0.0	0.0	0.0	0.0	0.0	3.3689255714416504	0.0	0.0	0.0	0.0	3.1454951763153076	0.0	0.0	0.0	0.0	0.0	0.0	0.0	2.6488218307495117	2.5598204135894775	0.0	2.665060043334961	0.0	0.0	0.0	0.0	3.0564982891082764	0.0	0.0	2.3897881507873535	0.0	1.835607647895813	2.994739294052124	0.0	0.0	0.0	0.0	3.932950735092163	0.0	0.0	0.0	0.0	0.0	0.0	0.0	0.0	0.0	0.0	0.0	0.0	0.0	0.0	2.4333980083465576	0.0	0.0	0.0	0.0	0.0	0.0
0.0	0.0	0.0	2.136042594909668	0.0	0.0	0.0	2.9501256942749023	0.0	0.0	3.0090043544769287	0.0	0.0	0.0	0.0	3.2999820709228516	0.0	0.0	0.0	0.0	2.9089314937591553	0.0	0.0	0.0	0.0	2.86920428276062	3.4702532291412354	0.0	0.0	2.8247532844543457	0.0	0.0	0.0	0.0	3.381716251373291	3.1653048992156982	0.0	0.0	0.0	2.691160202026367	0.0	3.567260980606079	0.0	1.491079330444336	0.0	0.0	0.0	0.0	0.0	2.0905375480651855	0.0	0.0	0.0	0.0	0.0	0.0	0.0	0.0	0.0	0.0	3.199037790298462	0.0	0.0	0.0	0.0	0.0	0.0	0.0	0.0	0.0	0.0	0.0	0.0	0.0	3.372875452041626	0.0	0.0	0.0	0.0	3.152592420578003	0.0	0.0	0.0	0.0	0.0	0.0	0.0	2.658003330230713	2.5733706951141357	0.0	2.669583320617676	0.0	0.0	0.0	0.0	3.0540637969970703	0.0	0.0	2.392563819885254	0.0	1.8339934349060059	2.99423885345459	0.0	0.0	0.0	0.0	3.935297966003418	0.0	0.0	0.0	0.0	0.0	0.0	0.0	0.0	0.0	0.0	0.0	0.0	0.0	0.0	2.4354915618896484	0.0	0.0	0.0	0.0	0.0	0.0
0.0	0.0	0.0	2.139354944229126	0.0	0.0	0.0	2.949594736099243	0.0	0.0	3.0143167972564697	0.0	0.0	0.0	0.0	3.2983036041259766	0.0	0.0	0.0	0.0	2.915170431137085	0.0	0.0	0.0	0.0	2.874013662338257	3.472867012023926	0.0	0.0	2.834059715270996	0.0	0.0	0.0	0.0	3.3888509273529053	3.166746139526367	0.0	0.0	0.0	2.6940855979919434	0.0	3.5722744464874268	0.0	1.493242859840393	0.0	0.0	0.0	0.0	0.0	2.091913938522339	0.0	0.0	0.0	0.0	0.0	0.0	0.0	0.0	0.0	0.0	3.2098329067230225	0.0	0.0	0.0	0.0	0.0	0.0	0.0	0.0	0.0	0.0	0.0	0.0	0.0	3.379066228866577	0.0	0.0	0.0	0.0	3.148390769958496	0.0	0.0	0.0	0.0	0.0	0.0	0.0	2.6578104496002197	2.5662031173706055	0.0	2.676827907562256	0.0	0.0	0.0	0.0	3.060614824295044	0.0	0.0	2.397284746170044	0.0	1.840541124343872	3.003687620162964	0.0	0.0	0.0	0.0	3.9348671436309814	0.0	0.0	0.0	0.0	0.0	0.0	0.0	0.0	0.0	0.0	0.0	0.0	0.0	0.0	2.4345037937164307	0.0	0.0	0.0	0.0	0.0	0.0
0.0	0.0	0.0	2.1374645233154297	0.0	0.0	0.0	2.9477808475494385	0.0	0.0	3.006345748901367	0.0	0.0	0.0	0.0	3.298936367034912	0.0	0.0	0.0	0.0	2.911792278289795	0.0	0.0	0.0	0.0	2.8712923526763916	3.4713175296783447	0.0	0.0	2.822533130645752	0.0	0.0	0.0	0.0	3.3798084259033203	3.1658124923706055	0.0	0.0	0.0	2.6927356719970703	0.0	3.569643020629883	0.0	1.4976271390914917	0.0	0.0	0.0	0.0	0.0	2.0902388095855713	0.0	0.0	0.0	0.0	0.0	0.0	0.0	0.0	0.0	0.0	3.201869487762451	0.0	0.0	0.0	0.0	0.0	0.0	0.0	0.0	0.0	0.0	0.0	0.0	0.0	3.369797468185425	0.0	0.0	0.0	0.0	3.1502058506011963	0.0	0.0	0.0	0.0	0.0	0.0	0.0	2.6566195487976074	2.57184100151062	0.0	2.6691465377807617	0.0	0.0	0.0	0.0	3.0595240592956543	0.0	0.0	2.3961775302886963	0.0	1.8368710279464722	2.9998056888580322	0.0	0.0	0.0	0.0	3.9382259845733643	0.0	0.0	0.0	0.0	0.0	0.0	0.0	0.0	0.0	0.0	0.0	0.0	0.0	0.0	2.435210943222046	0.0	0.0	0.0	0.0	0.0	0.0
0.0	0.0	0.0	2.1378204822540283	0.0	0.0	0.0	2.9508707523345947	0.0	0.0	3.0103180408477783	0.0	0.0	0.0	0.0	3.3035993576049805	0.0	0.0	0.0	0.0	2.912431240081787	0.0	0.0	0.0	0.0	2.872983932495117	3.4750683307647705	0.0	0.0	2.831275224685669	0.0	0.0	0.0	0.0	3.3848602771759033	3.166611671447754	0.0	0.0	0.0	2.6934280395507812	0.0	3.568120241165161	0.0	1.493504524230957	0.0	0.0	0.0	0.0	0.0	2.0929903984069824	0.0	0.0	0.0	0.0	0.0	0.0	0.0	0.0	0.0	0.0	3.2072865962982178	0.0	0.0	0.0	0.0	0.0	0.0	0.0	0.0	0.0	0.0	0.0	0.0	0.0	3.3768718242645264	0.0	0.0	0.0	0.0	3.1548380851745605	0.0	0.0	0.0	0.0	0.0	0.0	0.0	2.655432939529419	2.575507640838623	0.0	2.671574831008911	0.0	0.0	0.0	0.0	3.056623697280884	0.0	0.0	2.399411201477051	0.0	1.837753176689148	3.0001280307769775	0.0	0.0	0.0	0.0	3.9372003078460693	0.0	0.0	0.0	0.0	0.0	0.0	0.0	0.0	0.0	0.0	0.0	0.0	0.0	0.0	2.433495044708252	0.0	0.0	0.0	0.0	0.0	0.0
0.0	0.0	0.0	2.138820171356201	0.0	0.0	0.0	2.949709177017212	0.0	0.0	3.0116372108459473	0.0	0.0	0.0	0.0	3.303100347518921	0.0	0.0	0.0	0.0	2.909024477005005	0.0	0.0	0.0	0.0	2.867906093597412	3.4701621532440186	0.0	0.0	2.8269412517547607	0.0	0.0	0.0	0.0	3.383543014526367	3.1649458408355713	0.0	0.0	0.0	2.6894378662109375	0.0	3.567408323287964	0.0	1.4881997108459473	0.0	0.0	0.0	0.0	0.0	2.0914669036865234	0.0	0.0	0.0	0.0	0.0	0.0	0.0	0.0	0.0	0.0	3.200376510620117	0.0	0.0	0.0	0.0	0.0	0.0	0.0	0.0	0.0	0.0	0.0	0.0	0.0	3.3741934299468994	0.0	0.0	0.0	0.0	3.153172731399536	0.0	0.0	0.0	0.0	0.0	0.0	0.0	2.65704607963562	2.575850248336792	0.0	2.669454574584961	0.0	0.0	0.0	0.0	3.054934024810791	0.0	0.0	2.396838903427124	0.0	1.8355344533920288	2.9948549270629883	0.0	0.0	0.0	0.0	3.9381983280181885	0.0	0.0	0.0	0.0	0.0	0.0	0.0	0.0	0.0	0.0	0.0	0.0	0.0	0.0	2.435800075531006	0.0	0.0	0.0	0.0	0.0	0.0
0.0	0.0	0.0	2.1326699256896973	0.0	0.0	0.0	2.937971591949463	0.0	0.0	3.003735303878784	0.0	0.0	0.0	0.0	3.283860921859741	0.0	0.0	0.0	0.0	2.9040355682373047	0.0	0.0	0.0	0.0	2.861088514328003	3.467285394668579	0.0	0.0	2.8235740661621094	0.0	0.0	0.0	0.0	3.368675470352173	3.1564993858337402	0.0	0.0	0.0	2.685208320617676	0.0	3.554936647415161	0.0	1.4930611848831177	0.0	0.0	0.0	0.0	0.0	2.0792784690856934	0.0	0.0	0.0	0.0	0.0	0.0	0.0	0.0	0.0	0.0	3.1998794078826904	0.0	0.0	0.0	0.0	0.0	0.0	0.0	0.0	0.0	0.0	0.0	0.0	0.0	3.355782985687256	0.0	0.0	0.0	0.0	3.1393771171569824	0.0	0.0	0.0	0.0	0.0	0.0	0.0	2.647995948791504	2.5561599731445312	0.0	2.658740997314453	0.0	0.0	0.0	0.0	3.0526928901672363	0.0	0.0	2.3892812728881836	0.0	1.836716890335083	2.9900736808776855	0.0	0.0	0.0	0.0	3.925438165664673	0.0	0.0	0.0	0.0	0.0	0.0	0.0	0.0	0.0	0.0	0.0	0.0	0.0	0.0	2.4203643798828125	0.0	0.0	0.0	0.0	0.0	0.0
0.0	0.0	0.0	2.1389236450195312	0.0	0.0	0.0	2.9395508766174316	0.0	0.0	3.0069305896759033	0.0	0.0	0.0	0.0	3.28995418548584	0.0	0.0	0.0	0.0	2.905567169189453	0.0	0.0	0.0	0.0	2.866492986679077	3.4682981967926025	0.0	0.0	2.823221206665039	0.0	0.0	0.0	0.0	3.3765220642089844	3.163051128387451	0.0	0.0	0.0	2.6845693588256836	0.0	3.558476448059082	0.0	1.494624137878418	0.0	0.0	0.0	0.0	0.0	2.084385871887207	0.0	0.0	0.0	0.0	0.0	0.0	0.0	0.0	0.0	0.0	3.1973788738250732	0.0	0.0	0.0	0.0	0.0	0.0	0.0	0.0	0.0	0.0	0.0	0.0	0.0	3.364470958709717	0.0	0.0	0.0	0.0	3.147143840789795	0.0	0.0	0.0	0.0	0.0	0.0	0.0	2.655236005783081	2.5680947303771973	0.0	2.6678457260131836	0.0	0.0	0.0	0.0	3.0521185398101807	0.0	0.0	2.393146276473999	0.0	1.8339200019836426	2.991502523422241	0.0	0.0	0.0	0.0	3.9321937561035156	0.0	0.0	0.0	0.0	0.0	0.0	0.0	0.0	0.0	0.0	0.0	0.0	0.0	0.0	2.433551549911499	0.0	0.0	0.0	0.0	0.0	0.0
0.0	0.0	0.0	2.141319751739502	0.0	0.0	0.0	2.949014902114868	0.0	0.0	3.011829137802124	0.0	0.0	0.0	0.0	3.2992300987243652	0.0	0.0	0.0	0.0	2.9079999923706055	0.0	0.0	0.0	0.0	2.8673555850982666	3.477341890335083	0.0	0.0	2.8259997367858887	0.0	0.0	0.0	0.0	3.3864943981170654	3.1675076484680176	0.0	0.0	0.0	2.694934368133545	0.0	3.5690345764160156	0.0	1.4898601770401	0.0	0.0	0.0	0.0	0.0	2.0899600982666016	0.0	0.0	0.0	0.0	0.0	0.0	0.0	0.0	0.0	0.0	3.202031135559082	0.0	0.0	0.0	0.0	0.0	0.0	0.0	0.0	0.0	0.0	0.0	0.0	0.0	3.3743531703948975	0.0	0.0	0.0	0.0	3.1521594524383545	0.0	0.0	0.0	0.0	0.0	0.0	0.0	2.6586461067199707	2.5681395530700684	0.0	2.6746864318847656	0.0	0.0	0.0	0.0	3.0591659545898438	0.0	0.0	2.401150941848755	0.0	1.8371391296386719	2.9971201419830322	0.0	0.0	0.0	0.0	3.9388270378112793	0.0	0.0	0.0	0.0	0.0	0.0	0.0	0.0	0.0	0.0	0.0	0.0	0.0	0.0	2.437052011489868	0.0	0.0	0.0	0.0	0.0	0.0
0.0	0.0	0.0	2.136988401412964	0.0	0.0	0.0	2.94689679145813	0.0	0.0	3.008533000946045	0.0	0.0	0.0	0.0	3.292989492416382	0.0	0.0	0.0	0.0	2.9111340045928955	0.0	0.0	0.0	0.0	2.865246534347534	3.474378824234009	0.0	0.0	2.828817844390869	0.0	0.0	0.0	0.0	3.3782334327697754	3.1640939712524414	0.0	0.0	0.0	2.6942636966705322	0.0	3.5637247562408447	0.0	1.4921152591705322	0.0	0.0	0.0	0.0	0.0	2.086576461791992	0.0	0.0	0.0	0.0	0.0	0.0	0.0	0.0	0.0	0.0	3.2073490619659424	0.0	0.0	0.0	0.0	0.0	0.0	0.0	0.0	0.0	0.0	0.0	0.0	0.0	3.371657371520996	0.0	0.0	0.0	0.0	3.1455912590026855	0.0	0.0	0.0	0.0	0.0	0.0	0.0	2.65356183052063	2.5677835941314697	0.0	2.6718835830688477	0.0	0.0	0.0	0.0	3.0614864826202393	0.0	0.0	2.3955090045928955	0.0	1.8362517356872559	2.999521493911743	0.0	0.0	0.0	0.0	3.9322173595428467	0.0	0.0	0.0	0.0	0.0	0.0	0.0	0.0	0.0	0.0	0.0	0.0	0.0	0.0	2.4266138076782227	0.0	0.0	0.0	0.0	0.0	0.0
0.0	0.0	0.0	2.1362788677215576	0.0	0.0	0.0	2.95107364654541	0.0	0.0	3.0085830688476562	0.0	0.0	0.0	0.0	3.2970519065856934	0.0	0.0	0.0	0.0	2.9095351696014404	0.0	0.0	0.0	0.0	2.868286371231079	3.4727587699890137	0.0	0.0	2.825906276702881	0.0	0.0	0.0	0.0	3.379929542541504	3.1612167358398438	0.0	0.0	0.0	2.6902716159820557	0.0	3.5669825077056885	0.0	1.4916925430297852	0.0	0.0	0.0	0.0	0.0	2.088294744491577	0.0	0.0	0.0	0.0	0.0	0.0	0.0	0.0	0.0	0.0	3.1989078521728516	0.0	0.0	0.0	0.0	0.0	0.0	0.0	0.0	0.0	0.0	0.0	0.0	0.0	3.370307445526123	0.0	0.0	0.0	0.0	3.145268678665161	0.0	0.0	0.0	0.0	0.0	0.0	0.0	2.6513357162475586	2.5679211616516113	0.0	2.6720614433288574	0.0	0.0	0.0	0.0	3.0547285079956055	0.0	0.0	2.396474599838257	0.0	1.8364447355270386	2.99489688873291	0.0	0.0	0.0	0.0	3.9338274002075195	0.0	0.0	0.0	0.0	0.0	0.0	0.0	0.0	0.0	0.0	0.0	0.0	0.0	0.0	2.435709238052368	0.0	0.0	0.0	0.0	0.0	0.0
0.0	0.0	0.0	2.133340835571289	0.0	0.0	0.0	2.938962936401367	0.0	0.0	3.003347158432007	0.0	0.0	0.0	0.0	3.291461944580078	0.0	0.0	0.0	0.0	2.909374475479126	0.0	0.0	0.0	0.0	2.8652117252349854	3.4717090129852295	0.0	0.0	2.822524309158325	0.0	0.0	0.0	0.0	3.375936985015869	3.156097412109375	0.0	0.0	0.0	2.6924588680267334	0.0	3.559436798095703	0.0	1.4907429218292236	0.0	0.0	0.0	0.0	0.0	2.0908408164978027	0.0	0.0	0.0	0.0	0.0	0.0	0.0	0.0	0.0	0.0	3.197446346282959	0.0	0.0	0.0	0.0	0.0	0.0	0.0	0.0	0.0	0.0	0.0	0.0	0.0	3.3666930198669434	0.0	0.0	0.0	0.0	3.144965648651123	0.0	0.0	0.0	0.0	0.0	0.0	0.0	2.6491219997406006	2.5658555030822754	0.0	2.6681482791900635	0.0	0.0	0.0	0.0	3.0499427318573	0.0	0.0	2.3945372104644775	0.0	1.8352538347244263	2.9917562007904053	0.0	0.0	0.0	0.0	3.926595687866211	0.0	0.0	0.0	0.0	0.0	0.0	0.0	0.0	0.0	0.0	0.0	0.0	0.0	0.0	2.430149793624878	0.0	0.0	0.0	0.0	0.0	0.0
0.0	0.0	0.0	2.137105941772461	0.0	0.0	0.0	2.947840929031372	0.0	0.0	3.009429931640625	0.0	0.0	0.0	0.0	3.3021440505981445	0.0	0.0	0.0	0.0	2.90576434135437	0.0	0.0	0.0	0.0	2.8683581352233887	3.4697725772857666	0.0	0.0	2.8284714221954346	0.0	0.0	0.0	0.0	3.378809690475464	3.167797088623047	0.0	0.0	0.0	2.696115732192993	0.0	3.5685741901397705	0.0	1.4890834093093872	0.0	0.0	0.0	0.0	0.0	2.09320068359375	0.0	0.0	0.0	0.0	0.0	0.0	0.0	0.0	0.0	0.0	3.1991090774536133	0.0	0.0	0.0	0.0	0.0	0.0	0.0	0.0	0.0	0.0	0.0	0.0	0.0	3.373401641845703	0.0	0.0	0.0	0.0	3.1469898223876953	0.0	0.0	0.0	0.0	0.0	0.0	0.0	2.6531546115875244	2.5687108039855957	0.0	2.666287899017334	0.0	0.0	0.0	0.0	3.0569183826446533	0.0	0.0	2.399149179458618	0.0	1.8333219289779663	2.9993653297424316	0.0	0.0	0.0	0.0	3.9311907291412354	0.0	0.0	0.0	0.0	0.0	0.0	0.0	0.0	0.0	0.0	0.0	0.0	0.0	0.0	2.4327869415283203	0.0	0.0	0.0	0.0	0.0	0.0
0.0	0.0	0.0	2.137207269668579	0.0	0.0	0.0	2.953002452850342	0.0	0.0	3.0113515853881836	0.0	0.0	0.0	0.0	3.305727481842041	0.0	0.0	0.0	0.0	2.912492275238037	0.0	0.0	0.0	0.0	2.8700661659240723	3.4732916355133057	0.0	0.0	2.829200267791748	0.0	0.0	0.0	0.0	3.3858344554901123	3.164341926574707	0.0	0.0	0.0	2.6920485496520996	0.0	3.5708396434783936	0.0	1.490691900253296	0.0	0.0	0.0	0.0	0.0	2.093234062194824	0.0	0.0	0.0	0.0	0.0	0.0	0.0	0.0	0.0	0.0	3.2032151222229004	0.0	0.0	0.0	0.0	0.0	0.0	0.0	0.0	0.0	0.0	0.0	0.0	0.0	3.375697135925293	0.0	0.0	0.0	0.0	3.1579835414886475	0.0	0.0	0.0	0.0	0.0	0.0	0.0	2.6590218544006348	2.5768003463745117	0.0	2.675226926803589	0.0	0.0	0.0	0.0	3.056652069091797	0.0	0.0	2.397503614425659	0.0	1.8372315168380737	2.998014211654663	0.0	0.0	0.0	0.0	3.938002824783325	0.0	0.0	0.0	0.0	0.0	0.0	0.0	0.0	0.0	0.0	0.0	0.0	0.0	0.0	2.4371273517608643	0.0	0.0	0.0	0.0	0.0	0.0
0.0	0.0	0.0	2.139401912689209	0.0	0.0	0.0	2.9509825706481934	0.0	0.0	3.0100467205047607	0.0	0.0	0.0	0.0	3.304157257080078	0.0	0.0	0.0	0.0	2.910454034805298	0.0	0.0	0.0	0.0	2.873655080795288	3.471909523010254	0.0	0.0	2.8287367820739746	0.0	0.0	0.0	0.0	3.3821630477905273	3.166355609893799	0.0	0.0	0.0	2.694298505783081	0.0	3.569143772125244	0.0	1.4897891283035278	0.0	0.0	0.0	0.0	0.0	2.092684030532837	0.0	0.0	0.0	0.0	0.0	0.0	0.0	0.0	0.0	0.0	3.1996281147003174	0.0	0.0	0.0	0.0	0.0	0.0	0.0	0.0	0.0	0.0	0.0	0.0	0.0	3.3747341632843018	0.0	0.0	0.0	0.0	3.153676986694336	0.0	0.0	0.0	0.0	0.0	0.0	0.0	2.6591904163360596	2.5751330852508545	0.0	2.670321464538574	0.0	0.0	0.0	0.0	3.0546326637268066	0.0	0.0	2.3966615200042725	0.0	1.8350063562393188	2.996091365814209	0.0	0.0	0.0	0.0	3.9365015029907227	0.0	0.0	0.0	0.0	0.0	0.0	0.0	0.0	0.0	0.0	0.0	0.0	0.0	0.0	2.436309337615967	0.0	0.0	0.0	0.0	0.0	0.0
0.0	0.0	0.0	2.134089231491089	0.0	0.0	0.0	2.9385979175567627	0.0	0.0	3.004700183868408	0.0	0.0	0.0	0.0	3.289964437484741	0.0	0.0	0.0	0.0	2.903423309326172	0.0	0.0	0.0	0.0	2.8608696460723877	3.463627815246582	0.0	0.0	2.8227531909942627	0.0	0.0	0.0	0.0	3.3737032413482666	3.1576108932495117	0.0	0.0	0.0	2.6887009143829346	0.0	3.5599710941314697	0.0	1.4889756441116333	0.0	0.0	0.0	0.0	0.0	2.081766128540039	0.0	0.0	0.0	0.0	0.0	0.0	0.0	0.0	0.0	0.0	3.19587779045105	0.0	0.0	0.0	0.0	0.0	0.0	0.0	0.0	0.0	0.0	0.0	0.0	0.0	3.363243818283081	0.0	0.0	0.0	0.0	3.145625352859497	0.0	0.0	0.0	0.0	0.0	0.0	0.0	2.65096378326416	2.563723087310791	0.0	2.663254737854004	0.0	0.0	0.0	0.0	3.050292730331421	0.0	0.0	2.391597032546997	0.0	1.836257815361023	2.9919850826263428	0.0	0.0	0.0	0.0	3.926804780960083	0.0	0.0	0.0	0.0	0.0	0.0	0.0	0.0	0.0	0.0	0.0	0.0	0.0	0.0	2.428136110305786	0.0	0.0	0.0	0.0	0.0	0.0
0.0	0.0	0.0	2.1419899463653564	0.0	0.0	0.0	2.9529173374176025	0.0	0.0	3.0124359130859375	0.0	0.0	0.0	0.0	3.303408145904541	0.0	0.0	0.0	0.0	2.913161516189575	0.0	0.0	0.0	0.0	2.869292736053467	3.4729435443878174	0.0	0.0	2.8283143043518066	0.0	0.0	0.0	0.0	3.3872880935668945	3.160309076309204	0.0	0.0	0.0	2.694748878479004	0.0	3.570528030395508	0.0	1.4900120496749878	0.0	0.0	0.0	0.0	0.0	2.0856456756591797	0.0	0.0	0.0	0.0	0.0	0.0	0.0	0.0	0.0	0.0	3.2067956924438477	0.0	0.0	0.0	0.0	0.0	0.0	0.0	0.0	0.0	0.0	0.0	0.0	0.0	3.3762338161468506	0.0	0.0	0.0	0.0	3.1504387855529785	0.0	0.0	0.0	0.0	0.0	0.0	0.0	2.6588852405548096	2.5683391094207764	0.0	2.6724414825439453	0.0	0.0	0.0	0.0	3.060340642929077	0.0	0.0	2.3962202072143555	0.0	1.8384877443313599	2.997499465942383	0.0	0.0	0.0	0.0	3.9407570362091064	0.0	0.0	0.0	0.0	0.0	0.0	0.0	0.0	0.0	0.0	0.0	0.0	0.0	0.0	2.4380972385406494	0.0	0.0	0.0	0.0	0.0	0.0
0.0	0.0	0.0	2.1324024200439453	0.0	0.0	0.0	2.9347634315490723	0.0	0.0	2.9908106327056885	0.0	0.0	0.0	0.0	3.2804675102233887	0.0	0.0	0.0	0.0	2.901425838470459	0.0	0.0	0.0	0.0	2.859429121017456	3.453355550765991	0.0	0.0	2.815861940383911	0.0	0.0	0.0	0.0	3.373469114303589	3.1493263244628906	0.0	0.0	0.0	2.6839797496795654	0.0	3.5507161617279053	0.0	1.4921338558197021	0.0	0.0	0.0	0.0	0.0	2.0797154903411865	0.0	0.0	0.0	0.0	0.0	0.0	0.0	0.0	0.0	0.0	3.188236951828003	0.0	0.0	0.0	0.0	0.0	0.0	0.0	0.0	0.0	0.0	0.0	0.0	0.0	3.361175775527954	0.0	0.0	0.0	0.0	3.1367552280426025	0.0	0.0	0.0	0.0	0.0	0.0	0.0	2.6480417251586914	2.558060884475708	0.0	2.662595510482788	0.0	0.0	0.0	0.0	3.0503897666931152	0.0	0.0	2.3880462646484375	0.0	1.8305442333221436	2.9859321117401123	0.0	0.0	0.0	0.0	3.9249188899993896	0.0	0.0	0.0	0.0	0.0	0.0	0.0	0.0	0.0	0.0	0.0	0.0	0.0	0.0	2.426786422729492	0.0	0.0	0.0	0.0	0.0	0.0
0.0	0.0	0.0	2.1420085430145264	0.0	0.0	0.0	2.9530067443847656	0.0	0.0	3.0129034519195557	0.0	0.0	0.0	0.0	3.303236484527588	0.0	0.0	0.0	0.0	2.9103174209594727	0.0	0.0	0.0	0.0	2.8682687282562256	3.4752910137176514	0.0	0.0	2.8287627696990967	0.0	0.0	0.0	0.0	3.3835654258728027	3.166414976119995	0.0	0.0	0.0	2.6935155391693115	0.0	3.569736957550049	0.0	1.4928088188171387	0.0	0.0	0.0	0.0	0.0	2.089021682739258	0.0	0.0	0.0	0.0	0.0	0.0	0.0	0.0	0.0	0.0	3.198180675506592	0.0	0.0	0.0	0.0	0.0	0.0	0.0	0.0	0.0	0.0	0.0	0.0	0.0	3.377575397491455	0.0	0.0	0.0	0.0	3.148427724838257	0.0	0.0	0.0	0.0	0.0	0.0	0.0	2.6627209186553955	2.578716993331909	0.0	2.674097776412964	0.0	0.0	0.0	0.0	3.056260585784912	0.0	0.0	2.3988399505615234	0.0	1.8374240398406982	2.9969022274017334	0.0	0.0	0.0	0.0	3.9421520233154297	0.0	0.0	0.0	0.0	0.0	0.0	0.0	0.0	0.0	0.0	0.0	0.0	0.0	0.0	2.437706232070923	0.0	0.0	0.0	0.0	0.0	0.0
0.0	0.0	0.0	2.1316261291503906	0.0	0.0	0.0	2.9409141540527344	0.0	0.0	2.9983856678009033	0.0	0.0	0.0	0.0	3.2868692874908447	0.0	0.0	0.0	0.0	2.901657819747925	0.0	0.0	0.0	0.0	2.8588409423828125	3.4621851444244385	0.0	0.0	2.822329044342041	0.0	0.0	0.0	0.0	3.3697218894958496	3.1559336185455322	0.0	0.0	0.0	2.6798532009124756	0.0	3.5558230876922607	0.0	1.493275761604309	0.0	0.0	0.0	0.0	0.0	2.082185745239258	0.0	0.0	0.0	0.0	0.0	0.0	0.0	0.0	0.0	0.0	3.192164421081543	0.0	0.0	0.0	0.0	0.0	0.0	0.0	0.0	0.0	0.0	0.0	0.0	0.0	3.360199451446533	0.0	0.0	0.0	0.0	3.1419427394866943	0.0	0.0	0.0	0.0	0.0	0.0	0.0	2.6454079151153564	2.560293436050415	0.0	2.662660837173462	0.0	0.0	0.0	0.0	3.05157470703125	0.0	0.0	2.3918163776397705	0.0	1.8334215879440308	2.9916882514953613	0.0	0.0	0.0	0.0	3.923628807067871	0.0	0.0	0.0	0.0	0.0	0.0	0.0	0.0	0.0	0.0	0.0	0.0	0.0	0.0	2.423215866088867	0.0	0.0	0.0	0.0	0.0	0.0
0.0	0.0	0.0	2.1407999992370605	0.0	0.0	0.0	2.951976776123047	0.0	0.0	3.012000322341919	0.0	0.0	0.0	0.0	3.3019134998321533	0.0	0.0	0.0	0.0	2.915158748626709	0.0	0.0	0.0	0.0	2.874159812927246	3.474294662475586	0.0	0.0	2.8343920707702637	0.0	0.0	0.0	0.0	3.384385347366333	3.1653192043304443	0.0	0.0	0.0	2.696014881134033	0.0	3.5745949745178223	0.0	1.4948828220367432	0.0	0.0	0.0	0.0	0.0	2.090174436569214	0.0	0.0	0.0	0.0	0.0	0.0	0.0	0.0	0.0	0.0	3.2097649574279785	0.0	0.0	0.0	0.0	0.0	0.0	0.0	0.0	0.0	0.0	0.0	0.0	0.0	3.378507137298584	0.0	0.0	0.0	0.0	3.1578996181488037	0.0	0.0	0.0	0.0	0.0	0.0	0.0	2.659888744354248	2.567976474761963	0.0	2.670085906982422	0.0	0.0	0.0	0.0	3.0670413970947266	0.0	0.0	2.406444787979126	0.0	1.8357070684432983	3.001415967941284	0.0	0.0	0.0	0.0	3.9453680515289307	0.0	0.0	0.0	0.0	0.0	0.0	0.0	0.0	0.0	0.0	0.0	0.0	0.0	0.0	2.4373316764831543	0.0	0.0	0.0	0.0	0.0	0.0
0.0	0.0	0.0	2.1364643573760986	0.0	0.0	0.0	2.952141284942627	0.0	0.0	3.010495662689209	0.0	0.0	0.0	0.0	3.3002278804779053	0.0	0.0	0.0	0.0	2.90754771232605	0.0	0.0	0.0	0.0	2.8703417778015137	3.4698376655578613	0.0	0.0	2.8273110389709473	0.0	0.0	0.0	0.0	3.377863883972168	3.1616532802581787	0.0	0.0	0.0	2.696049213409424	0.0	3.5686848163604736	0.0	1.4951070547103882	0.0	0.0	0.0	0.0	0.0	2.087815284729004	0.0	0.0	0.0	0.0	0.0	0.0	0.0	0.0	0.0	0.0	3.2046384811401367	0.0	0.0	0.0	0.0	0.0	0.0	0.0	0.0	0.0	0.0	0.0	0.0	0.0	3.377274751663208	0.0	0.0	0.0	0.0	3.153430223464966	0.0	0.0	0.0	0.0	0.0	0.0	0.0	2.6545162200927734	2.567068576812744	0.0	2.6718459129333496	0.0	0.0	0.0	0.0	3.059683084487915	0.0	0.0	2.3950839042663574	0.0	1.83545982837677	3.000035285949707	0.0	0.0	0.0	0.0	3.9376983642578125	0.0	0.0	0.0	0.0	0.0	0.0	0.0	0.0	0.0	0.0	0.0	0.0	0.0	0.0	2.4322314262390137	0.0	0.0	0.0	0.0	0.0	0.0
0.0	0.0	0.0	2.1391260623931885	0.0	0.0	0.0	2.949429988861084	0.0	0.0	3.012319326400757	0.0	0.0	0.0	0.0	3.2973339557647705	0.0	0.0	0.0	0.0	2.912147045135498	0.0	0.0	0.0	0.0	2.870253324508667	3.471843957901001	0.0	0.0	2.830514907836914	0.0	0.0	0.0	0.0	3.3841519355773926	3.1613221168518066	0.0	0.0	0.0	2.6941184997558594	0.0	3.5707221031188965	0.0	1.494685173034668	0.0	0.0	0.0	0.0	0.0	2.0895016193389893	0.0	0.0	0.0	0.0	0.0	0.0	0.0	0.0	0.0	0.0	3.205343246459961	0.0	0.0	0.0	0.0	0.0	0.0	0.0	0.0	0.0	0.0	0.0	0.0	0.0	3.374972105026245	0.0	0.0	0.0	0.0	3.1546123027801514	0.0	0.0	0.0	0.0	0.0	0.0	0.0	2.6587913036346436	2.569589376449585	0.0	2.6723692417144775	0.0	0.0	0.0	0.0	3.0603291988372803	0.0	0.0	2.3962113857269287	0.0	1.8325495719909668	2.999863624572754	0.0	0.0	0.0	0.0	3.9375832080841064	0.0	0.0	0.0	0.0	0.0	0.0	0.0	0.0	0.0	0.0	0.0	0.0	0.0	0.0	2.436208486557007	0.0	0.0	0.0	0.0	0.0	0.0
0.0	0.0	0.0	2.138885021209717	0.0	0.0	0.0	2.9471287727355957	0.0	0.0	3.003875494003296	0.0	0.0	0.0	0.0	3.297635793685913	0.0	0.0	0.0	0.0	2.907249689102173	0.0	0.0	0.0	0.0	2.8639252185821533	3.4658753871917725	0.0	0.0	2.818297863006592	0.0	0.0	0.0	0.0	3.37860107421875	3.1577088832855225	0.0	0.0	0.0	2.687944173812866	0.0	3.56303071975708	0.0	1.4911530017852783	0.0	0.0	0.0	0.0	0.0	2.0846402645111084	0.0	0.0	0.0	0.0	0.0	0.0	0.0	0.0	0.0	0.0	3.1935946941375732	0.0	0.0	0.0	0.0	0.0	0.0	0.0	0.0	0.0	0.0	0.0	0.0	0.0	3.3678929805755615	0.0	0.0	0.0	0.0	3.149895429611206	0.0	0.0	0.0	0.0	0.0	0.0	0.0	2.6520562171936035	2.5674102306365967	0.0	2.6657700538635254	0.0	0.0	0.0	0.0	3.0511040687561035	0.0	0.0	2.391651153564453	0.0	1.833818793296814	2.9934842586517334	0.0	0.0	0.0	0.0	3.925723075866699	0.0	0.0	0.0	0.0	0.0	0.0	0.0	0.0	0.0	0.0	0.0	0.0	0.0	0.0	2.4317080974578857	0.0	0.0	0.0	0.0	0.0	0.0
0.0	0.0	0.0	2.146632194519043	0.0	0.0	0.0	2.956472873687744	0.0	0.0	3.0176405906677246	0.0	0.0	0.0	0.0	3.30639910697937	0.0	0.0	0.0	0.0	2.9176647663116455	0.0	0.0	0.0	0.0	2.8758034706115723	3.476015090942383	0.0	0.0	2.834373950958252	0.0	0.0	0.0	0.0	3.387810230255127	3.168245315551758	0.0	0.0	0.0	2.7059717178344727	0.0	3.577820062637329	0.0	1.4948650598526	0.0	0.0	0.0	0.0	0.0	2.089482307434082	0.0	0.0	0.0	0.0	0.0	0.0	0.0	0.0	0.0	0.0	3.2083852291107178	0.0	0.0	0.0	0.0	0.0	0.0	0.0	0.0	0.0	0.0	0.0	0.0	0.0	3.38340163230896	0.0	0.0	0.0	0.0	3.16070818901062	0.0	0.0	0.0	0.0	0.0	0.0	0.0	2.659655809402466	2.572756052017212	0.0	2.6761865615844727	0.0	0.0	0.0	0.0	3.0672154426574707	0.0	0.0	2.4011709690093994	0.0	1.8397833108901978	3.0060646533966064	0.0	0.0	0.0	0.0	3.9420900344848633	0.0	0.0	0.0	0.0	0.0	0.0	0.0	0.0	0.0	0.0	0.0	0.0	0.0	0.0	2.440549850463867	0.0	0.0	0.0	0.0	0.0	0.0
0.0	0.0	0.0	2.1385750770568848	0.0	0.0	0.0	2.9502620697021484	0.0	0.0	3.0145537853240967	0.0	0.0	0.0	0.0	3.301614284515381	0.0	0.0	0.0	0.0	2.911087989807129	0.0	0.0	0.0	0.0	2.8752405643463135	3.473810911178589	0.0	0.0	2.8348615169525146	0.0	0.0	0.0	0.0	3.382624864578247	3.1639351844787598	0.0	0.0	0.0	2.693554162979126	0.0	3.575441837310791	0.0	1.4920588731765747	0.0	0.0	0.0	0.0	0.0	2.09149169921875	0.0	0.0	0.0	0.0	0.0	0.0	0.0	0.0	0.0	0.0	3.2041730880737305	0.0	0.0	0.0	0.0	0.0	0.0	0.0	0.0	0.0	0.0	0.0	0.0	0.0	3.378995418548584	0.0	0.0	0.0	0.0	3.160625696182251	0.0	0.0	0.0	0.0	0.0	0.0	0.0	2.658730983734131	2.5712265968322754	0.0	2.6719725131988525	0.0	0.0	0.0	0.0	3.0610475540161133	0.0	0.0	2.3964600563049316	0.0	1.8312467336654663	2.9969735145568848	0.0	0.0	0.0	0.0	3.9435384273529053	0.0	0.0	0.0	0.0	0.0	0.0	0.0	0.0	0.0	0.0	0.0	0.0	0.0	0.0	2.438291072845459	0.0	0.0	0.0	0.0	0.0	0.0
0.0	0.0	0.0	2.1340441703796387	0.0	0.0	0.0	2.941972017288208	0.0	0.0	3.0066843032836914	0.0	0.0	0.0	0.0	3.2886860370635986	0.0	0.0	0.0	0.0	2.905627489089966	0.0	0.0	0.0	0.0	2.8630807399749756	3.462491989135742	0.0	0.0	2.825925588607788	0.0	0.0	0.0	0.0	3.375284433364868	3.1562485694885254	0.0	0.0	0.0	2.6892712116241455	0.0	3.560384750366211	0.0	1.489312767982483	0.0	0.0	0.0	0.0	0.0	2.0875041484832764	0.0	0.0	0.0	0.0	0.0	0.0	0.0	0.0	0.0	0.0	3.19685959815979	0.0	0.0	0.0	0.0	0.0	0.0	0.0	0.0	0.0	0.0	0.0	0.0	0.0	3.3648221492767334	0.0	0.0	0.0	0.0	3.1442317962646484	0.0	0.0	0.0	0.0	0.0	0.0	0.0	2.6498513221740723	2.5569052696228027	0.0	2.6620969772338867	0.0	0.0	0.0	0.0	3.0504627227783203	0.0	0.0	2.392740488052368	0.0	1.8313820362091064	2.9900503158569336	0.0	0.0	0.0	0.0	3.9266669750213623	0.0	0.0	0.0	0.0	0.0	0.0	0.0	0.0	0.0	0.0	0.0	0.0	0.0	0.0	2.432111978530884	0.0	0.0	0.0	0.0	0.0	0.0
0.0	0.0	0.0	2.1359353065490723	0.0	0.0	0.0	2.938164710998535	0.0	0.0	2.999986410140991	0.0	0.0	0.0	0.0	3.2876176834106445	0.0	0.0	0.0	0.0	2.9034478664398193	0.0	0.0	0.0	0.0	2.8588616847991943	3.4621355533599854	0.0	0.0	2.817568302154541	0.0	0.0	0.0	0.0	3.371044635772705	3.1563777923583984	0.0	0.0	0.0	2.6833624839782715	0.0	3.5560786724090576	0.0	1.4857584238052368	0.0	0.0	0.0	0.0	0.0	2.0854787826538086	0.0	0.0	0.0	0.0	0.0	0.0	0.0	0.0	0.0	0.0	3.1903293132781982	0.0	0.0	0.0	0.0	0.0	0.0	0.0	0.0	0.0	0.0	0.0	0.0	0.0	3.364743232727051	0.0	0.0	0.0	0.0	3.140029191970825	0.0	0.0	0.0	0.0	0.0	0.0	0.0	2.650202989578247	2.561209201812744	0.0	2.657716751098633	0.0	0.0	0.0	0.0	3.0510754585266113	0.0	0.0	2.3854634761810303	0.0	1.8326411247253418	2.990283727645874	0.0	0.0	0.0	0.0	3.9257614612579346	0.0	0.0	0.0	0.0	0.0	0.0	0.0	0.0	0.0	0.0	0.0	0.0	0.0	0.0	2.4285449981689453	0.0	0.0	0.0	0.0	0.0	0.0
0.0	0.0	0.0	2.126411199569702	0.0	0.0	0.0	2.9328463077545166	0.0	0.0	2.997701406478882	0.0	0.0	0.0	0.0	3.280806541442871	0.0	0.0	0.0	0.0	2.8984763622283936	0.0	0.0	0.0	0.0	2.8561623096466064	3.457730531692505	0.0	0.0	2.816066026687622	0.0	0.0	0.0	0.0	3.366617202758789	3.1533257961273193	0.0	0.0	0.0	2.6793832778930664	0.0	3.5539982318878174	0.0	1.4871952533721924	0.0	0.0	0.0	0.0	0.0	2.0821661949157715	0.0	0.0	0.0	0.0	0.0	0.0	0.0	0.0	0.0	0.0	3.1922497749328613	0.0	0.0	0.0	0.0	0.0	0.0	0.0	0.0	0.0	0.0	0.0	0.0	0.0	3.3610193729400635	0.0	0.0	0.0	0.0	3.137421131134033	0.0	0.0	0.0	0.0	0.0	0.0	0.0	2.6432716846466064	2.5580060482025146	0.0	2.661552667617798	0.0	0.0	0.0	0.0	3.045440673828125	0.0	0.0	2.387444496154785	0.0	1.8266154527664185	2.9867258071899414	0.0	0.0	0.0	0.0	3.917235851287842	0.0	0.0	0.0	0.0	0.0	0.0	0.0	0.0	0.0	0.0	0.0	0.0	0.0	0.0	2.422046661376953	0.0	0.0	0.0	0.0	0.0	0.0
0.0	0.0	0.0	2.1350507736206055	0.0	0.0	0.0	2.9426255226135254	0.0	0.0	3.0044190883636475	0.0	0.0	0.0	0.0	3.2959084510803223	0.0	0.0	0.0	0.0	2.9044618606567383	0.0	0.0	0.0	0.0	2.863693952560425	3.4654412269592285	0.0	0.0	2.8201401233673096	0.0	0.0	0.0	0.0	3.380274534225464	3.159480333328247	0.0	0.0	0.0	2.6859383583068848	0.0	3.5608789920806885	0.0	1.4894192218780518	0.0	0.0	0.0	0.0	0.0	2.0862507820129395	0.0	0.0	0.0	0.0	0.0	0.0	0.0	0.0	0.0	0.0	3.194187641143799	0.0	0.0	0.0	0.0	0.0	0.0	0.0	0.0	0.0	0.0	0.0	0.0	0.0	3.366072416305542	0.0	0.0	0.0	0.0	3.145217180252075	0.0	0.0	0.0	0.0	0.0	0.0	0.0	2.653247356414795	2.568706512451172	0.0	2.666888952255249	0.0	0.0	0.0	0.0	3.054436445236206	0.0	0.0	2.391453266143799	0.0	1.834193468093872	2.991384267807007	0.0	0.0	0.0	0.0	3.928630828857422	0.0	0.0	0.0	0.0	0.0	0.0	0.0	0.0	0.0	0.0	0.0	0.0	0.0	0.0	2.430509328842163	0.0	0.0	0.0	0.0	0.0	0.0
0.0	0.0	0.0	2.138929843902588	0.0	0.0	0.0	2.9471185207366943	0.0	0.0	3.0060954093933105	0.0	0.0	0.0	0.0	3.294611930847168	0.0	0.0	0.0	0.0	2.907106637954712	0.0	0.0	0.0	0.0	2.8628218173980713	3.4673140048980713	0.0	0.0	2.8196232318878174	0.0	0.0	0.0	0.0	3.3782365322113037	3.1560659408569336	0.0	0.0	0.0	2.6867988109588623	0.0	3.559375286102295	0.0	1.4834471940994263	0.0	0.0	0.0	0.0	0.0	2.083042860031128	0.0	0.0	0.0	0.0	0.0	0.0	0.0	0.0	0.0	0.0	3.197876453399658	0.0	0.0	0.0	0.0	0.0	0.0	0.0	0.0	0.0	0.0	0.0	0.0	0.0	3.3651273250579834	0.0	0.0	0.0	0.0	3.1423394680023193	0.0	0.0	0.0	0.0	0.0	0.0	0.0	2.6537492275238037	2.5615060329437256	0.0	2.663137197494507	0.0	0.0	0.0	0.0	3.0532240867614746	0.0	0.0	2.3928825855255127	0.0	1.8323887586593628	2.9901955127716064	0.0	0.0	0.0	0.0	3.931319236755371	0.0	0.0	0.0	0.0	0.0	0.0	0.0	0.0	0.0	0.0	0.0	0.0	0.0	0.0	2.432305097579956	0.0	0.0	0.0	0.0	0.0	0.0
0.0	0.0	0.0	2.1472926139831543	0.0	0.0	0.0	2.9572951793670654	0.0	0.0	3.0189926624298096	0.0	0.0	0.0	0.0	3.3079607486724854	0.0	0.0	0.0	0.0	2.9188058376312256	0.0	0.0	0.0	0.0	2.8738555908203125	3.4799439907073975	0.0	0.0	2.8329648971557617	0.0	0.0	0.0	0.0	3.3942315578460693	3.1705856323242188	0.0	0.0	0.0	2.700699806213379	0.0	3.576733350753784	0.0	1.4921929836273193	0.0	0.0	0.0	0.0	0.0	2.0930399894714355	0.0	0.0	0.0	0.0	0.0	0.0	0.0	0.0	0.0	0.0	3.211357831954956	0.0	0.0	0.0	0.0	0.0	0.0	0.0	0.0	0.0	0.0	0.0	0.0	0.0	3.381290912628174	0.0	0.0	0.0	0.0	3.1558566093444824	0.0	0.0	0.0	0.0	0.0	0.0	0.0	2.6656713485717773	2.5764644145965576	0.0	2.6783201694488525	0.0	0.0	0.0	0.0	3.067054510116577	0.0	0.0	2.4012465476989746	0.0	1.8424798250198364	3.003154754638672	0.0	0.0	0.0	0.0	3.946105718612671	0.0	0.0	0.0	0.0	0.0	0.0	0.0	0.0	0.0	0.0	0.0	0.0	0.0	0.0	2.444248914718628	0.0	0.0	0.0	0.0	0.0	0.0
0.0	0.0	0.0	2.1403141021728516	0.0	0.0	0.0	2.9527804851531982	0.0	0.0	3.012420177459717	0.0	0.0	0.0	0.0	3.3036081790924072	0.0	0.0	0.0	0.0	2.9127371311187744	0.0	0.0	0.0	0.0	2.866103172302246	3.473945140838623	0.0	0.0	2.8262083530426025	0.0	0.0	0.0	0.0	3.3850200176239014	3.1659529209136963	0.0	0.0	0.0	2.6966469287872314	0.0	3.568958282470703	0.0	1.4899088144302368	0.0	0.0	0.0	0.0	0.0	2.089256763458252	0.0	0.0	0.0	0.0	0.0	0.0	0.0	0.0	0.0	0.0	3.20329213142395	0.0	0.0	0.0	0.0	0.0	0.0	0.0	0.0	0.0	0.0	0.0	0.0	0.0	3.373450517654419	0.0	0.0	0.0	0.0	3.148394823074341	0.0	0.0	0.0	0.0	0.0	0.0	0.0	2.657505989074707	2.570895195007324	0.0	2.671837329864502	0.0	0.0	0.0	0.0	3.059199333190918	0.0	0.0	2.3947598934173584	0.0	1.835217833518982	2.9972777366638184	0.0	0.0	0.0	0.0	3.937840700149536	0.0	0.0	0.0	0.0	0.0	0.0	0.0	0.0	0.0	0.0	0.0	0.0	0.0	0.0	2.439732551574707	0.0	0.0	0.0	0.0	0.0	0.0
0.0	0.0	0.0	2.130908250808716	0.0	0.0	0.0	2.944411277770996	0.0	0.0	3.0013787746429443	0.0	0.0	0.0	0.0	3.2876734733581543	0.0	0.0	0.0	0.0	2.903491258621216	0.0	0.0	0.0	0.0	2.8594970703125	3.464452028274536	0.0	0.0	2.8199195861816406	0.0	0.0	0.0	0.0	3.3729467391967773	3.1578025817871094	0.0	0.0	0.0	2.6879241466522217	0.0	3.5544724464416504	0.0	1.4903533458709717	0.0	0.0	0.0	0.0	0.0	2.079601526260376	0.0	0.0	0.0	0.0	0.0	0.0	0.0	0.0	0.0	0.0	3.1988000869750977	0.0	0.0	0.0	0.0	0.0	0.0	0.0	0.0	0.0	0.0	0.0	0.0	0.0	3.355494737625122	0.0	0.0	0.0	0.0	3.1416385173797607	0.0	0.0	0.0	0.0	0.0	0.0	0.0	2.647306203842163	2.5607385635375977	0.0	2.6634063720703125	0.0	0.0	0.0	0.0	3.056009292602539	0.0	0.0	2.3925020694732666	0.0	1.8313088417053223	2.9900434017181396	0.0	0.0	0.0	0.0	3.9257681369781494	0.0	0.0	0.0	0.0	0.0	0.0	0.0	0.0	0.0	0.0	0.0	0.0	0.0	0.0	2.4274184703826904	0.0	0.0	0.0	0.0	0.0	0.0
0.0	0.0	0.0	2.124274492263794	0.0	0.0	0.0	2.931274890899658	0.0	0.0	2.9910988807678223	0.0	0.0	0.0	0.0	3.2739176750183105	0.0	0.0	0.0	0.0	2.8922483921051025	0.0	0.0	0.0	0.0	2.852694272994995	3.453319787979126	0.0	0.0	2.8106138706207275	0.0	0.0	0.0	0.0	3.3610525131225586	3.1491281986236572	0.0	0.0	0.0	2.674626588821411	0.0	3.5453312397003174	0.0	1.485886812210083	0.0	0.0	0.0	0.0	0.0	2.070704698562622	0.0	0.0	0.0	0.0	0.0	0.0	0.0	0.0	0.0	0.0	3.1897549629211426	0.0	0.0	0.0	0.0	0.0	0.0	0.0	0.0	0.0	0.0	0.0	0.0	0.0	3.354191780090332	0.0	0.0	0.0	0.0	3.1302430629730225	0.0	0.0	0.0	0.0	0.0	0.0	0.0	2.639507293701172	2.548118829727173	0.0	2.655385732650757	0.0	0.0	0.0	0.0	3.045940399169922	0.0	0.0	2.378998041152954	0.0	1.8282777070999146	2.9812214374542236	0.0	0.0	0.0	0.0	3.908998966217041	0.0	0.0	0.0	0.0	0.0	0.0	0.0	0.0	0.0	0.0	0.0	0.0	0.0	0.0	2.4200427532196045	0.0	0.0	0.0	0.0	0.0	0.0
0.0	0.0	0.0	2.1296706199645996	0.0	0.0	0.0	2.939995050430298	0.0	0.0	2.9994561672210693	0.0	0.0	0.0	0.0	3.28406023979187	0.0	0.0	0.0	0.0	2.8978092670440674	0.0	0.0	0.0	0.0	2.855048656463623	3.4565346240997314	0.0	0.0	2.8189198970794678	0.0	0.0	0.0	0.0	3.360736131668091	3.14768385887146	0.0	0.0	0.0	2.677171230316162	0.0	3.554710626602173	0.0	1.4817110300064087	0.0	0.0	0.0	0.0	0.0	2.082352638244629	0.0	0.0	0.0	0.0	0.0	0.0	0.0	0.0	0.0	0.0	3.1864168643951416	0.0	0.0	0.0	0.0	0.0	0.0	0.0	0.0	0.0	0.0	0.0	0.0	0.0	3.362042188644409	0.0	0.0	0.0	0.0	3.1358959674835205	0.0	0.0	0.0	0.0	0.0	0.0	0.0	2.641178846359253	2.5517797470092773	0.0	2.657465934753418	0.0	0.0	0.0	0.0	3.043025255203247	0.0	0.0	2.3836772441864014	0.0	1.8279117345809937	2.984567642211914	0.0	0.0	0.0	0.0	3.9228670597076416	0.0	0.0	0.0	0.0	0.0	0.0	0.0	0.0	0.0	0.0	0.0	0.0	0.0	0.0	2.4279465675354004	0.0	0.0	0.0	0.0	0.0	0.0
0.0	0.0	0.0	2.1337549686431885	0.0	0.0	0.0	2.9459002017974854	0.0	0.0	3.0055320262908936	0.0	0.0	0.0	0.0	3.291027545928955	0.0	0.0	0.0	0.0	2.9073569774627686	0.0	0.0	0.0	0.0	2.8640267848968506	3.464243173599243	0.0	0.0	2.820180654525757	0.0	0.0	0.0	0.0	3.378648519515991	3.154885768890381	0.0	0.0	0.0	2.687932014465332	0.0	3.5577237606048584	0.0	1.491770625114441	0.0	0.0	0.0	0.0	0.0	2.0833241939544678	0.0	0.0	0.0	0.0	0.0	0.0	0.0	0.0	0.0	0.0	3.194969892501831	0.0	0.0	0.0	0.0	0.0	0.0	0.0	0.0	0.0	0.0	0.0	0.0	0.0	3.3705806732177734	0.0	0.0	0.0	0.0	3.1455860137939453	0.0	0.0	0.0	0.0	0.0	0.0	0.0	2.6460726261138916	2.563140630722046	0.0	2.6668031215667725	0.0	0.0	0.0	0.0	3.054483413696289	0.0	0.0	2.3890533447265625	0.0	1.8338109254837036	2.9937386512756348	0.0	0.0	0.0	0.0	3.9287075996398926	0.0	0.0	0.0	0.0	0.0	0.0	0.0	0.0	0.0	0.0	0.0	0.0	0.0	0.0	2.427835702896118	0.0	0.0	0.0	0.0	0.0	0.0
0.0	0.0	0.0	2.131999969482422	0.0	0.0	0.0	2.943557024002075	0.0	0.0	3.0045955181121826	0.0	0.0	0.0	0.0	3.2891359329223633	0.0	0.0	0.0	0.0	2.9076945781707764	0.0	0.0	0.0	0.0	2.8611440658569336	3.4584944248199463	0.0	0.0	2.8219664096832275	0.0	0.0	0.0	0.0	3.3731799125671387	3.1537890434265137	0.0	0.0	0.0	2.684968948364258	0.0	3.561020851135254	0.0	1.4880074262619019	0.0	0.0	0.0	0.0	0.0	2.0840401649475098	0.0	0.0	0.0	0.0	0.0	0.0	0.0	0.0	0.0	0.0	3.199690580368042	0.0	0.0	0.0	0.0	0.0	0.0	0.0	0.0	0.0	0.0	0.0	0.0	0.0	3.3679726123809814	0.0	0.0	0.0	0.0	3.1456687450408936	0.0	0.0	0.0	0.0	0.0	0.0	0.0	2.6504976749420166	2.565666675567627	0.0	2.6609976291656494	0.0	0.0	0.0	0.0	3.0543830394744873	0.0	0.0	2.391481637954712	0.0	1.8364837169647217	2.9958548545837402	0.0	0.0	0.0	0.0	3.928752899169922	0.0	0.0	0.0	0.0	0.0	0.0	0.0	0.0	0.0	0.0	0.0	0.0	0.0	0.0	2.432562828063965	0.0	0.0	0.0	0.0	0.0	0.0
0.0	0.0	0.0	2.137368679046631	0.0	0.0	0.0	2.9513635635375977	0.0	0.0	3.0086586475372314	0.0	0.0	0.0	0.0	3.300393581390381	0.0	0.0	0.0	0.0	2.911463975906372	0.0	0.0	0.0	0.0	2.872004508972168	3.475445032119751	0.0	0.0	2.828158140182495	0.0	0.0	0.0	0.0	3.381155490875244	3.1662707328796387	0.0	0.0	0.0	2.6935384273529053	0.0	3.5678811073303223	0.0	1.4906737804412842	0.0	0.0	0.0	0.0	0.0	2.0902557373046875	0.0	0.0	0.0	0.0	0.0	0.0	0.0	0.0	0.0	0.0	3.2033467292785645	0.0	0.0	0.0	0.0	0.0	0.0	0.0	0.0	0.0	0.0	0.0	0.0	0.0	3.378053903579712	0.0	0.0	0.0	0.0	3.1571743488311768	0.0	0.0	0.0	0.0	0.0	0.0	0.0	2.655914306640625	2.5740559101104736	0.0	2.6748201847076416	0.0	0.0	0.0	0.0	3.058924436569214	0.0	0.0	2.398076295852661	0.0	1.8386621475219727	2.996779441833496	0.0	0.0	0.0	0.0	3.9378724098205566	0.0	0.0	0.0	0.0	0.0	0.0	0.0	0.0	0.0	0.0	0.0	0.0	0.0	0.0	2.4345932006835938	0.0	0.0	0.0	0.0	0.0	0.0
0.0	0.0	0.0	2.134892225265503	0.0	0.0	0.0	2.944915294647217	0.0	0.0	3.0063283443450928	0.0	0.0	0.0	0.0	3.2955644130706787	0.0	0.0	0.0	0.0	2.906536340713501	0.0	0.0	0.0	0.0	2.8690884113311768	3.468021869659424	0.0	0.0	2.8260791301727295	0.0	0.0	0.0	0.0	3.3808352947235107	3.1633358001708984	0.0	0.0	0.0	2.688387393951416	0.0	3.564204216003418	0.0	1.4929553270339966	0.0	0.0	0.0	0.0	0.0	2.0871753692626953	0.0	0.0	0.0	0.0	0.0	0.0	0.0	0.0	0.0	0.0	3.1988983154296875	0.0	0.0	0.0	0.0	0.0	0.0	0.0	0.0	0.0	0.0	0.0	0.0	0.0	3.374664783477783	0.0	0.0	0.0	0.0	3.1503102779388428	0.0	0.0	0.0	0.0	0.0	0.0	0.0	2.6516051292419434	2.5644030570983887	0.0	2.671827554702759	0.0	0.0	0.0	0.0	3.051382541656494	0.0	0.0	2.394482374191284	0.0	1.8372167348861694	2.9977478981018066	0.0	0.0	0.0	0.0	3.9308085441589355	0.0	0.0	0.0	0.0	0.0	0.0	0.0	0.0	0.0	0.0	0.0	0.0	0.0	0.0	2.430830717086792	0.0	0.0	0.0	0.0	0.0	0.0
0.0	0.0	0.0	2.1366915702819824	0.0	0.0	0.0	2.9485487937927246	0.0	0.0	3.0079071521759033	0.0	0.0	0.0	0.0	3.297738552093506	0.0	0.0	0.0	0.0	2.9095067977905273	0.0	0.0	0.0	0.0	2.8699653148651123	3.4669458866119385	0.0	0.0	2.8286356925964355	0.0	0.0	0.0	0.0	3.379619598388672	3.1603291034698486	0.0	0.0	0.0	2.6943743228912354	0.0	3.5690505504608154	0.0	1.4941786527633667	0.0	0.0	0.0	0.0	0.0	2.0892231464385986	0.0	0.0	0.0	0.0	0.0	0.0	0.0	0.0	0.0	0.0	3.2015483379364014	0.0	0.0	0.0	0.0	0.0	0.0	0.0	0.0	0.0	0.0	0.0	0.0	0.0	3.3737800121307373	0.0	0.0	0.0	0.0	3.1512951850891113	0.0	0.0	0.0	0.0	0.0	0.0	0.0	2.653197765350342	2.5708060264587402	0.0	2.67250657081604	0.0	0.0	0.0	0.0	3.0561466217041016	0.0	0.0	2.3969125747680664	0.0	1.838904619216919	2.9935786724090576	0.0	0.0	0.0	0.0	3.9342846870422363	0.0	0.0	0.0	0.0	0.0	0.0	0.0	0.0	0.0	0.0	0.0	0.0	0.0	0.0	2.437199354171753	0.0	0.0	0.0	0.0	0.0	0.0
0.0	0.0	0.0	2.132335901260376	0.0	0.0	0.0	2.9430770874023438	0.0	0.0	3.0057320594787598	0.0	0.0	0.0	0.0	3.2912673950195312	0.0	0.0	0.0	0.0	2.904801607131958	0.0	0.0	0.0	0.0	2.864945411682129	3.466587543487549	0.0	0.0	2.819385051727295	0.0	0.0	0.0	0.0	3.375199556350708	3.1603527069091797	0.0	0.0	0.0	2.6848461627960205	0.0	3.563694715499878	0.0	1.4920687675476074	0.0	0.0	0.0	0.0	0.0	2.0828988552093506	0.0	0.0	0.0	0.0	0.0	0.0	0.0	0.0	0.0	0.0	3.1915483474731445	0.0	0.0	0.0	0.0	0.0	0.0	0.0	0.0	0.0	0.0	0.0	0.0	0.0	3.3662185668945312	0.0	0.0	0.0	0.0	3.1455068588256836	0.0	0.0	0.0	0.0	0.0	0.0	0.0	2.6505684852600098	2.5655980110168457	0.0	2.6652348041534424	0.0	0.0	0.0	0.0	3.052544355392456	0.0	0.0	2.3943018913269043	0.0	1.832483172416687	2.9941670894622803	0.0	0.0	0.0	0.0	3.9293200969696045	0.0	0.0	0.0	0.0	0.0	0.0	0.0	0.0	0.0	0.0	0.0	0.0	0.0	0.0	2.4314212799072266	0.0	0.0	0.0	0.0	0.0	0.0
0.0	0.0	0.0	2.140819787979126	0.0	0.0	0.0	2.9523277282714844	0.0	0.0	3.014772653579712	0.0	0.0	0.0	0.0	3.3062915802001953	0.0	0.0	0.0	0.0	2.911980628967285	0.0	0.0	0.0	0.0	2.869854688644409	3.478510618209839	0.0	0.0	2.831324338912964	0.0	0.0	0.0	0.0	3.3879759311676025	3.171177864074707	0.0	0.0	0.0	2.6949620246887207	0.0	3.5745580196380615	0.0	1.4953069686889648	0.0	0.0	0.0	0.0	0.0	2.0951056480407715	0.0	0.0	0.0	0.0	0.0	0.0	0.0	0.0	0.0	0.0	3.206516981124878	0.0	0.0	0.0	0.0	0.0	0.0	0.0	0.0	0.0	0.0	0.0	0.0	0.0	3.377285957336426	0.0	0.0	0.0	0.0	3.1572916507720947	0.0	0.0	0.0	0.0	0.0	0.0	0.0	2.6607608795166016	2.576887845993042	0.0	2.675009250640869	0.0	0.0	0.0	0.0	3.060898542404175	0.0	0.0	2.3985092639923096	0.0	1.8376622200012207	3.0030314922332764	0.0	0.0	0.0	0.0	3.9415693283081055	0.0	0.0	0.0	0.0	0.0	0.0	0.0	0.0	0.0	0.0	0.0	0.0	0.0	0.0	2.437469244003296	0.0	0.0	0.0	0.0	0.0	0.0
0.0	0.0	0.0	2.139904737472534	0.0	0.0	0.0	2.9510908126831055	0.0	0.0	3.0137412548065186	0.0	0.0	0.0	0.0	3.302243232727051	0.0	0.0	0.0	0.0	2.9094653129577637	0.0	0.0	0.0	0.0	2.8705337047576904	3.47202730178833	0.0	0.0	2.831271171569824	0.0	0.0	0.0	0.0	3.3828635215759277	3.1636807918548584	0.0	0.0	0.0	2.6988210678100586	0.0	3.570158004760742	0.0	1.4917134046554565	0.0	0.0	0.0	0.0	0.0	2.0888280868530273	0.0	0.0	0.0	0.0	0.0	0.0	0.0	0.0	0.0	0.0	3.199460029602051	0.0	0.0	0.0	0.0	0.0	0.0	0.0	0.0	0.0	0.0	0.0	0.0	0.0	3.379859447479248	0.0	0.0	0.0	0.0	3.152764320373535	0.0	0.0	0.0	0.0	0.0	0.0	0.0	2.655996561050415	2.570075511932373	0.0	2.673971176147461	0.0	0.0	0.0	0.0	3.0582563877105713	0.0	0.0	2.397817373275757	0.0	1.8386002779006958	3.0028762817382812	0.0	0.0	0.0	0.0	3.938230276107788	0.0	0.0	0.0	0.0	0.0	0.0	0.0	0.0	0.0	0.0	0.0	0.0	0.0	0.0	2.4374897480010986	0.0	0.0	0.0	0.0	0.0	0.0
0.0	0.0	0.0	2.1426284313201904	0.0	0.0	0.0	2.95023250579834	0.0	0.0	3.0132410526275635	0.0	0.0	0.0	0.0	3.305267810821533	0.0	0.0	0.0	0.0	2.9123246669769287	0.0	0.0	0.0	0.0	2.8707332611083984	3.4721932411193848	0.0	0.0	2.8270533084869385	0.0	0.0	0.0	0.0	3.3842647075653076	3.1650569438934326	0.0	0.0	0.0	2.6921982765197754	0.0	3.5707197189331055	0.0	1.492011308670044	0.0	0.0	0.0	0.0	0.0	2.088144302368164	0.0	0.0	0.0	0.0	0.0	0.0	0.0	0.0	0.0	0.0	3.201850175857544	0.0	0.0	0.0	0.0	0.0	0.0	0.0	0.0	0.0	0.0	0.0	0.0	0.0	3.3744232654571533	0.0	0.0	0.0	0.0	3.1516902446746826	0.0	0.0	0.0	0.0	0.0	0.0	0.0	2.658078908920288	2.571359395980835	0.0	2.671107769012451	0.0	0.0	0.0	0.0	3.0610952377319336	0.0	0.0	2.397108793258667	0.0	1.8358176946640015	3.000514268875122	0.0	0.0	0.0	0.0	3.938508987426758	0.0	0.0	0.0	0.0	0.0	0.0	0.0	0.0	0.0	0.0	0.0	0.0	0.0	0.0	2.4349520206451416	0.0	0.0	0.0	0.0	0.0	0.0
0.0	0.0	0.0	2.13847017288208	0.0	0.0	0.0	2.94582462310791	0.0	0.0	3.006978988647461	0.0	0.0	0.0	0.0	3.2952287197113037	0.0	0.0	0.0	0.0	2.9037907123565674	0.0	0.0	0.0	0.0	2.863767147064209	3.464174747467041	0.0	0.0	2.8257181644439697	0.0	0.0	0.0	0.0	3.3799431324005127	3.160334825515747	0.0	0.0	0.0	2.6884336471557617	0.0	3.563267946243286	0.0	1.4875050783157349	0.0	0.0	0.0	0.0	0.0	2.0862202644348145	0.0	0.0	0.0	0.0	0.0	0.0	0.0	0.0	0.0	0.0	3.1952176094055176	0.0	0.0	0.0	0.0	0.0	0.0	0.0	0.0	0.0	0.0	0.0	0.0	0.0	3.3696110248565674	0.0	0.0	0.0	0.0	3.1484837532043457	0.0	0.0	0.0	0.0	0.0	0.0	0.0	2.655763864517212	2.570601463317871	0.0	2.6691031455993652	0.0	0.0	0.0	0.0	3.0488789081573486	0.0	0.0	2.3941850662231445	0.0	1.8326833248138428	2.9919400215148926	0.0	0.0	0.0	0.0	3.9288086891174316	0.0	0.0	0.0	0.0	0.0	0.0	0.0	0.0	0.0	0.0	0.0	0.0	0.0	0.0	2.4273886680603027	0.0	0.0	0.0	0.0	0.0	0.0
0.0	0.0	0.0	2.135194778442383	0.0	0.0	0.0	2.9491031169891357	0.0	0.0	3.003723382949829	0.0	0.0	0.0	0.0	3.291151285171509	0.0	0.0	0.0	0.0	2.905705690383911	0.0	0.0	0.0	0.0	2.860032320022583	3.4696004390716553	0.0	0.0	2.8202688694000244	0.0	0.0	0.0	0.0	3.3767337799072266	3.1579222679138184	0.0	0.0	0.0	2.687832832336426	0.0	3.5623037815093994	0.0	1.4957456588745117	0.0	0.0	0.0	0.0	0.0	2.0840044021606445	0.0	0.0	0.0	0.0	0.0	0.0	0.0	0.0	0.0	0.0	3.2020833492279053	0.0	0.0	0.0	0.0	0.0	0.0	0.0	0.0	0.0	0.0	0.0	0.0	0.0	3.3648598194122314	0.0	0.0	0.0	0.0	3.1476457118988037	0.0	0.0	0.0	0.0	0.0	0.0	0.0	2.6535279750823975	2.5620369911193848	0.0	2.666843891143799	0.0	0.0	0.0	0.0	3.0507845878601074	0.0	0.0	2.3940136432647705	0.0	1.8357670307159424	2.9923532009124756	0.0	0.0	0.0	0.0	3.9273242950439453	0.0	0.0	0.0	0.0	0.0	0.0	0.0	0.0	0.0	0.0	0.0	0.0	0.0	0.0	2.4282469749450684	0.0	0.0	0.0	0.0	0.0	0.0
0.0	0.0	0.0	2.1374382972717285	0.0	0.0	0.0	2.95019268989563	0.0	0.0	3.012784004211426	0.0	0.0	0.0	0.0	3.3016304969787598	0.0	0.0	0.0	0.0	2.908623456954956	0.0	0.0	0.0	0.0	2.869965076446533	3.4733548164367676	0.0	0.0	2.831077814102173	0.0	0.0	0.0	0.0	3.383056879043579	3.1628453731536865	0.0	0.0	0.0	2.6932373046875	0.0	3.5710864067077637	0.0	1.4899524450302124	0.0	0.0	0.0	0.0	0.0	2.089012861251831	0.0	0.0	0.0	0.0	0.0	0.0	0.0	0.0	0.0	0.0	3.2061901092529297	0.0	0.0	0.0	0.0	0.0	0.0	0.0	0.0	0.0	0.0	0.0	0.0	0.0	3.372582197189331	0.0	0.0	0.0	0.0	3.1547117233276367	0.0	0.0	0.0	0.0	0.0	0.0	0.0	2.6600887775421143	2.570380210876465	0.0	2.67181658744812	0.0	0.0	0.0	0.0	3.0572400093078613	0.0	0.0	2.3930256366729736	0.0	1.837084174156189	2.9963343143463135	0.0	0.0	0.0	0.0	3.9370360374450684	0.0	0.0	0.0	0.0	0.0	0.0	0.0	0.0	0.0	0.0	0.0	0.0	0.0	0.0	2.4349122047424316	0.0	0.0	0.0	0.0	0.0	0.0
0.0	0.0	0.0	2.1433703899383545	0.0	0.0	0.0	2.9492270946502686	0.0	0.0	3.009937286376953	0.0	0.0	0.0	0.0	3.297034502029419	0.0	0.0	0.0	0.0	2.9118740558624268	0.0	0.0	0.0	0.0	2.872260808944702	3.475355386734009	0.0	0.0	2.8234660625457764	0.0	0.0	0.0	0.0	3.3870298862457275	3.165756940841675	0.0	0.0	0.0	2.693467140197754	0.0	3.569122076034546	0.0	1.4907238483428955	0.0	0.0	0.0	0.0	0.0	2.084743022918701	0.0	0.0	0.0	0.0	0.0	0.0	0.0	0.0	0.0	0.0	3.206047773361206	0.0	0.0	0.0	0.0	0.0	0.0	0.0	0.0	0.0	0.0	0.0	0.0	0.0	3.372213840484619	0.0	0.0	0.0	0.0	3.1484386920928955	0.0	0.0	0.0	0.0	0.0	0.0	0.0	2.656233787536621	2.567312717437744	0.0	2.6758196353912354	0.0	0.0	0.0	0.0	3.061018466949463	0.0	0.0	2.396125078201294	0.0	1.8392250537872314	2.999312400817871	0.0	0.0	0.0	0.0	3.935776948928833	0.0	0.0	0.0	0.0	0.0	0.0	0.0	0.0	0.0	0.0	0.0	0.0	0.0	0.0	2.435258150100708	0.0	0.0	0.0	0.0	0.0	0.0
0.0	0.0	0.0	2.137904167175293	0.0	0.0	0.0	2.9527337551116943	0.0	0.0	3.011996269226074	0.0	0.0	0.0	0.0	3.3051722049713135	0.0	0.0	0.0	0.0	2.91229248046875	0.0	0.0	0.0	0.0	2.870894193649292	3.477501153945923	0.0	0.0	2.831984758377075	0.0	0.0	0.0	0.0	3.388277292251587	3.1675426959991455	0.0	0.0	0.0	2.6996145248413086	0.0	3.571122884750366	0.0	1.4936598539352417	0.0	0.0	0.0	0.0	0.0	2.0934736728668213	0.0	0.0	0.0	0.0	0.0	0.0	0.0	0.0	0.0	0.0	3.2059314250946045	0.0	0.0	0.0	0.0	0.0	0.0	0.0	0.0	0.0	0.0	0.0	0.0	0.0	3.3814449310302734	0.0	0.0	0.0	0.0	3.1579861640930176	0.0	0.0	0.0	0.0	0.0	0.0	0.0	2.6588962078094482	2.574956178665161	0.0	2.6757853031158447	0.0	0.0	0.0	0.0	3.0596022605895996	0.0	0.0	2.3999733924865723	0.0	1.8412227630615234	2.9992687702178955	0.0	0.0	0.0	0.0	3.9425156116485596	0.0	0.0	0.0	0.0	0.0	0.0	0.0	0.0	0.0	0.0	0.0	0.0	0.0	0.0	2.4374427795410156	0.0	0.0	0.0	0.0	0.0	0.0
0.0	0.0	0.0	2.1222305297851562	0.0	0.0	0.0	2.92946720123291	0.0	0.0	2.991334915161133	0.0	0.0	0.0	0.0	3.2797398567199707	0.0	0.0	0.0	0.0	2.8907878398895264	0.0	0.0	0.0	0.0	2.852372646331787	3.445035219192505	0.0	0.0	2.8052120208740234	0.0	0.0	0.0	0.0	3.357065200805664	3.1427557468414307	0.0	0.0	0.0	2.6745810508728027	0.0	3.544154405593872	0.0	1.4734935760498047	0.0	0.0	0.0	0.0	0.0	2.0793492794036865	0.0	0.0	0.0	0.0	0.0	0.0	0.0	0.0	0.0	0.0	3.1757404804229736	0.0	0.0	0.0	0.0	0.0	0.0	0.0	0.0	0.0	0.0	0.0	0.0	0.0	3.3505935668945312	0.0	0.0	0.0	0.0	3.132993221282959	0.0	0.0	0.0	0.0	0.0	0.0	0.0	2.6382179260253906	2.555572748184204	0.0	2.6514511108398438	0.0	0.0	0.0	0.0	3.0311553478240967	0.0	0.0	2.3806514739990234	0.0	1.8226357698440552	2.973111867904663	0.0	0.0	0.0	0.0	3.9080519676208496	0.0	0.0	0.0	0.0	0.0	0.0	0.0	0.0	0.0	0.0	0.0	0.0	0.0	0.0	2.4203264713287354	0.0	0.0	0.0	0.0	0.0	0.0
0.0	0.0	0.0	2.1458678245544434	0.0	0.0	0.0	2.959221124649048	0.0	0.0	3.020719289779663	0.0	0.0	0.0	0.0	3.3107316493988037	0.0	0.0	0.0	0.0	2.914395570755005	0.0	0.0	0.0	0.0	2.8753108978271484	3.484950065612793	0.0	0.0	2.835292339324951	0.0	0.0	0.0	0.0	3.392717123031616	3.1730926036834717	0.0	0.0	0.0	2.704089403152466	0.0	3.57895565032959	0.0	1.4884722232818604	0.0	0.0	0.0	0.0	0.0	2.09854793548584	0.0	0.0	0.0	0.0	0.0	0.0	0.0	0.0	0.0	0.0	3.2099618911743164	0.0	0.0	0.0	0.0	0.0	0.0	0.0	0.0	0.0	0.0	0.0	0.0	0.0	3.383453607559204	0.0	0.0	0.0	0.0	3.164367914199829	0.0	0.0	0.0	0.0	0.0	0.0	0.0	2.665003776550293	2.5799200534820557	0.0	2.6799068450927734	0.0	0.0	0.0	0.0	3.0672101974487305	0.0	0.0	2.40368390083313	0.0	1.8397736549377441	3.006681203842163	0.0	0.0	0.0	0.0	3.9451942443847656	0.0	0.0	0.0	0.0	0.0	0.0	0.0	0.0	0.0	0.0	0.0	0.0	0.0	0.0	2.443558931350708	0.0	0.0	0.0	0.0	0.0	0.0
0.0	0.0	0.0	2.1314656734466553	0.0	0.0	0.0	2.9299204349517822	0.0	0.0	2.9968574047088623	0.0	0.0	0.0	0.0	3.282970666885376	0.0	0.0	0.0	0.0	2.895054340362549	0.0	0.0	0.0	0.0	2.8607900142669678	3.461977481842041	0.0	0.0	2.8154633045196533	0.0	0.0	0.0	0.0	3.3705079555511475	3.1554243564605713	0.0	0.0	0.0	2.6769373416900635	0.0	3.554168939590454	0.0	1.4901167154312134	0.0	0.0	0.0	0.0	0.0	2.0812594890594482	0.0	0.0	0.0	0.0	0.0	0.0	0.0	0.0	0.0	0.0	3.1890504360198975	0.0	0.0	0.0	0.0	0.0	0.0	0.0	0.0	0.0	0.0	0.0	0.0	0.0	3.3573286533355713	0.0	0.0	0.0	0.0	3.1411736011505127	0.0	0.0	0.0	0.0	0.0	0.0	0.0	2.6507370471954346	2.564148187637329	0.0	2.661746025085449	0.0	0.0	0.0	0.0	3.040984869003296	0.0	0.0	2.383906841278076	0.0	1.8379591703414917	2.984041690826416	0.0	0.0	0.0	0.0	3.920684337615967	0.0	0.0	0.0	0.0	0.0	0.0	0.0	0.0	0.0	0.0	0.0	0.0	0.0	0.0	2.4281439781188965	0.0	0.0	0.0	0.0	0.0	0.0
0.0	0.0	0.0	2.1446313858032227	0.0	0.0	0.0	2.9544007778167725	0.0	0.0	3.012112855911255	0.0	0.0	0.0	0.0	3.3059723377227783	0.0	0.0	0.0	0.0	2.9179086685180664	0.0	0.0	0.0	0.0	2.871696710586548	3.4747705459594727	0.0	0.0	2.8297111988067627	0.0	0.0	0.0	0.0	3.386183500289917	3.1701669692993164	0.0	0.0	0.0	2.6971187591552734	0.0	3.56893253326416	0.0	1.4959547519683838	0.0	0.0	0.0	0.0	0.0	2.0932765007019043	0.0	0.0	0.0	0.0	0.0	0.0	0.0	0.0	0.0	0.0	3.2041122913360596	0.0	0.0	0.0	0.0	0.0	0.0	0.0	0.0	0.0	0.0	0.0	0.0	0.0	3.3796780109405518	0.0	0.0	0.0	0.0	3.1559972763061523	0.0	0.0	0.0	0.0	0.0	0.0	0.0	2.661763906478882	2.572719097137451	0.0	2.6753175258636475	0.0	0.0	0.0	0.0	3.0598220825195312	0.0	0.0	2.402064561843872	0.0	1.8377145528793335	3.0012435913085938	0.0	0.0	0.0	0.0	3.9426679611206055	0.0	0.0	0.0	0.0	0.0	0.0	0.0	0.0	0.0	0.0	0.0	0.0	0.0	0.0	2.439924955368042	0.0	0.0	0.0	0.0	0.0	0.0
0.0	0.0	0.0	2.1442415714263916	0.0	0.0	0.0	2.952418565750122	0.0	0.0	3.011037588119507	0.0	0.0	0.0	0.0	3.3028740882873535	0.0	0.0	0.0	0.0	2.9094438552856445	0.0	0.0	0.0	0.0	2.867899179458618	3.4753575325012207	0.0	0.0	2.8264098167419434	0.0	0.0	0.0	0.0	3.3829445838928223	3.166323661804199	0.0	0.0	0.0	2.6907122135162354	0.0	3.5699896812438965	0.0	1.4911431074142456	0.0	0.0	0.0	0.0	0.0	2.087167263031006	0.0	0.0	0.0	0.0	0.0	0.0	0.0	0.0	0.0	0.0	3.202965259552002	0.0	0.0	0.0	0.0	0.0	0.0	0.0	0.0	0.0	0.0	0.0	0.0	0.0	3.37481951713562	0.0	0.0	0.0	0.0	3.153294563293457	0.0	0.0	0.0	0.0	0.0	0.0	0.0	2.6602745056152344	2.5775601863861084	0.0	2.6745333671569824	0.0	0.0	0.0	0.0	3.056358575820923	0.0	0.0	2.397458553314209	0.0	1.8404902219772339	2.9966378211975098	0.0	0.0	0.0	0.0	3.9419379234313965	0.0	0.0	0.0	0.0	0.0	0.0	0.0	0.0	0.0	0.0	0.0	0.0	0.0	0.0	2.4353160858154297	0.0	0.0	0.0	0.0	0.0	0.0
0.0	0.0	0.0	2.138714075088501	0.0	0.0	0.0	2.949978828430176	0.0	0.0	3.0132477283477783	0.0	0.0	0.0	0.0	3.300262689590454	0.0	0.0	0.0	0.0	2.9055368900299072	0.0	0.0	0.0	0.0	2.8708505630493164	3.4694151878356934	0.0	0.0	2.8311121463775635	0.0	0.0	0.0	0.0	3.380138397216797	3.1637070178985596	0.0	0.0	0.0	2.69427752494812	0.0	3.5722036361694336	0.0	1.4872773885726929	0.0	0.0	0.0	0.0	0.0	2.090787172317505	0.0	0.0	0.0	0.0	0.0	0.0	0.0	0.0	0.0	0.0	3.2018520832061768	0.0	0.0	0.0	0.0	0.0	0.0	0.0	0.0	0.0	0.0	0.0	0.0	0.0	3.3746519088745117	0.0	0.0	0.0	0.0	3.1484172344207764	0.0	0.0	0.0	0.0	0.0	0.0	0.0	2.6551313400268555	2.569716453552246	0.0	2.6677072048187256	0.0	0.0	0.0	0.0	3.058469533920288	0.0	0.0	2.3995137214660645	0.0	1.8355700969696045	2.9967498779296875	0.0	0.0	0.0	0.0	3.934937000274658	0.0	0.0	0.0	0.0	0.0	0.0	0.0	0.0	0.0	0.0	0.0	0.0	0.0	0.0	2.437471628189087	0.0	0.0	0.0	0.0	0.0	0.0
0.0	0.0	0.0	2.133692502975464	0.0	0.0	0.0	2.9398562908172607	0.0	0.0	3.0007479190826416	0.0	0.0	0.0	0.0	3.294235944747925	0.0	0.0	0.0	0.0	2.902942419052124	0.0	0.0	0.0	0.0	2.856804370880127	3.4665980339050293	0.0	0.0	2.821394443511963	0.0	0.0	0.0	0.0	3.3747239112854004	3.1561882495880127	0.0	0.0	0.0	2.6837480068206787	0.0	3.5569286346435547	0.0	1.4880133867263794	0.0	0.0	0.0	0.0	0.0	2.0811967849731445	0.0	0.0	0.0	0.0	0.0	0.0	0.0	0.0	0.0	0.0	3.1945388317108154	0.0	0.0	0.0	0.0	0.0	0.0	0.0	0.0	0.0	0.0	0.0	0.0	0.0	3.363126754760742	0.0	0.0	0.0	0.0	3.1429128646850586	0.0	0.0	0.0	0.0	0.0	0.0	0.0	2.6467814445495605	2.564570903778076	0.0	2.661863088607788	0.0	0.0	0.0	0.0	3.052515983581543	0.0	0.0	2.3903815746307373	0.0	1.8335285186767578	2.994201183319092	0.0	0.0	0.0	0.0	3.9225516319274902	0.0	0.0	0.0	0.0	0.0	0.0	0.0	0.0	0.0	0.0	0.0	0.0	0.0	0.0	2.43002986907959	0.0	0.0	0.0	0.0	0.0	0.0
0.0	0.0	0.0	2.1369662284851074	0.0	0.0	0.0	2.9518048763275146	0.0	0.0	3.0148611068725586	0.0	0.0	0.0	0.0	3.304009199142456	0.0	0.0	0.0	0.0	2.911986827850342	0.0	0.0	0.0	0.0	2.873727560043335	3.4768948554992676	0.0	0.0	2.8305296897888184	0.0	0.0	0.0	0.0	3.3832285404205322	3.166102886199951	0.0	0.0	0.0	2.6924781799316406	0.0	3.570664882659912	0.0	1.493132472038269	0.0	0.0	0.0	0.0	0.0	2.091054677963257	0.0	0.0	0.0	0.0	0.0	0.0	0.0	0.0	0.0	0.0	3.204129934310913	0.0	0.0	0.0	0.0	0.0	0.0	0.0	0.0	0.0	0.0	0.0	0.0	0.0	3.379047155380249	0.0	0.0	0.0	0.0	3.156503200531006	0.0	0.0	0.0	0.0	0.0	0.0	0.0	2.6603567600250244	2.575070381164551	0.0	2.6770336627960205	0.0	0.0	0.0	0.0	3.059520721435547	0.0	0.0	2.395112991333008	0.0	1.8359375	2.996856689453125	0.0	0.0	0.0	0.0	3.9375367164611816	0.0	0.0	0.0	0.0	0.0	0.0	0.0	0.0	0.0	0.0	0.0	0.0	0.0	0.0	2.4381675720214844	0.0	0.0	0.0	0.0	0.0	0.0
0.0	0.0	0.0	2.1355347633361816	0.0	0.0	0.0	2.9541172981262207	0.0	0.0	3.010885238647461	0.0	0.0	0.0	0.0	3.302825450897217	0.0	0.0	0.0	0.0	2.9193029403686523	0.0	0.0	0.0	0.0	2.873090982437134	3.4724230766296387	0.0	0.0	2.834092378616333	0.0	0.0	0.0	0.0	3.384784698486328	3.1660103797912598	0.0	0.0	0.0	2.7032604217529297	0.0	3.57047700881958	0.0	1.4879884719848633	0.0	0.0	0.0	0.0	0.0	2.092578172683716	0.0	0.0	0.0	0.0	0.0	0.0	0.0	0.0	0.0	0.0	3.202580690383911	0.0	0.0	0.0	0.0	0.0	0.0	0.0	0.0	0.0	0.0	0.0	0.0	0.0	3.3814570903778076	0.0	0.0	0.0	0.0	3.155834913253784	0.0	0.0	0.0	0.0	0.0	0.0	0.0	2.6530401706695557	2.5610909461975098	0.0	2.6727495193481445	0.0	0.0	0.0	0.0	3.0577497482299805	0.0	0.0	2.400928258895874	0.0	1.8336824178695679	2.9994773864746094	0.0	0.0	0.0	0.0	3.933912992477417	0.0	0.0	0.0	0.0	0.0	0.0	0.0	0.0	0.0	0.0	0.0	0.0	0.0	0.0	2.4408586025238037	0.0	0.0	0.0	0.0	0.0	0.0
0.0	0.0	0.0	2.133948564529419	0.0	0.0	0.0	2.943352460861206	0.0	0.0	2.9931955337524414	0.0	0.0	0.0	0.0	3.2859981060028076	0.0	0.0	0.0	0.0	2.9015936851501465	0.0	0.0	0.0	0.0	2.8606162071228027	3.4586055278778076	0.0	0.0	2.817441463470459	0.0	0.0	0.0	0.0	3.3664588928222656	3.150057792663574	0.0	0.0	0.0	2.679675817489624	0.0	3.550584316253662	0.0	1.4874144792556763	0.0	0.0	0.0	0.0	0.0	2.080009937286377	0.0	0.0	0.0	0.0	0.0	0.0	0.0	0.0	0.0	0.0	3.185103416442871	0.0	0.0	0.0	0.0	0.0	0.0	0.0	0.0	0.0	0.0	0.0	0.0	0.0	3.362360954284668	0.0	0.0	0.0	0.0	3.136821985244751	0.0	0.0	0.0	0.0	0.0	0.0	0.0	2.64812970161438	2.5594804286956787	0.0	2.6606101989746094	0.0	0.0	0.0	0.0	3.048699378967285	0.0	0.0	2.3906924724578857	0.0	1.8317313194274902	2.988903760910034	0.0	0.0	0.0	0.0	3.9191346168518066	0.0	0.0	0.0	0.0	0.0	0.0	0.0	0.0	0.0	0.0	0.0	0.0	0.0	0.0	2.4248013496398926	0.0	0.0	0.0	0.0	0.0	0.0
0.0	0.0	0.0	2.1304359436035156	0.0	0.0	0.0	2.9437975883483887	0.0	0.0	3.006575584411621	0.0	0.0	0.0	0.0	3.2884409427642822	0.0	0.0	0.0	0.0	2.905305862426758	0.0	0.0	0.0	0.0	2.8635284900665283	3.473012685775757	0.0	0.0	2.8229942321777344	0.0	0.0	0.0	0.0	3.3753981590270996	3.159982681274414	0.0	0.0	0.0	2.688751697540283	0.0	3.5633623600006104	0.0	1.4911702871322632	0.0	0.0	0.0	0.0	0.0	2.0875911712646484	0.0	0.0	0.0	0.0	0.0	0.0	0.0	0.0	0.0	0.0	3.1956048011779785	0.0	0.0	0.0	0.0	0.0	0.0	0.0	0.0	0.0	0.0	0.0	0.0	0.0	3.3694679737091064	0.0	0.0	0.0	0.0	3.1431643962860107	0.0	0.0	0.0	0.0	0.0	0.0	0.0	2.6481244564056396	2.5622968673706055	0.0	2.6674513816833496	0.0	0.0	0.0	0.0	3.0581655502319336	0.0	0.0	2.3941738605499268	0.0	1.8341925144195557	2.996124267578125	0.0	0.0	0.0	0.0	3.9339938163757324	0.0	0.0	0.0	0.0	0.0	0.0	0.0	0.0	0.0	0.0	0.0	0.0	0.0	0.0	2.4286537170410156	0.0	0.0	0.0	0.0	0.0	0.0
0.0	0.0	0.0	2.142252206802368	0.0	0.0	0.0	2.954270124435425	0.0	0.0	3.018491506576538	0.0	0.0	0.0	0.0	3.305603504180908	0.0	0.0	0.0	0.0	2.917142868041992	0.0	0.0	0.0	0.0	2.8736460208892822	3.479111433029175	0.0	0.0	2.8321030139923096	0.0	0.0	0.0	0.0	3.3889150619506836	3.169421911239624	0.0	0.0	0.0	2.7021572589874268	0.0	3.579714059829712	0.0	1.491799235343933	0.0	0.0	0.0	0.0	0.0	2.0885634422302246	0.0	0.0	0.0	0.0	0.0	0.0	0.0	0.0	0.0	0.0	3.2101399898529053	0.0	0.0	0.0	0.0	0.0	0.0	0.0	0.0	0.0	0.0	0.0	0.0	0.0	3.3813047409057617	0.0	0.0	0.0	0.0	3.1569807529449463	0.0	0.0	0.0	0.0	0.0	0.0	0.0	2.6630916595458984	2.578551769256592	0.0	2.6786885261535645	0.0	0.0	0.0	0.0	3.058962345123291	0.0	0.0	2.402461528778076	0.0	1.8389034271240234	3.0038139820098877	0.0	0.0	0.0	0.0	3.940986156463623	0.0	0.0	0.0	0.0	0.0	0.0	0.0	0.0	0.0	0.0	0.0	0.0	0.0	0.0	2.4389655590057373	0.0	0.0	0.0	0.0	0.0	0.0
0.0	0.0	0.0	2.141507387161255	0.0	0.0	0.0	2.9358041286468506	0.0	0.0	3.002594470977783	0.0	0.0	0.0	0.0	3.286228656768799	0.0	0.0	0.0	0.0	2.9052746295928955	0.0	0.0	0.0	0.0	2.8626270294189453	3.46748423576355	0.0	0.0	2.8205623626708984	0.0	0.0	0.0	0.0	3.3693337440490723	3.15820574760437	0.0	0.0	0.0	2.6845757961273193	0.0	3.55552339553833	0.0	1.4912254810333252	0.0	0.0	0.0	0.0	0.0	2.076312780380249	0.0	0.0	0.0	0.0	0.0	0.0	0.0	0.0	0.0	0.0	3.191437244415283	0.0	0.0	0.0	0.0	0.0	0.0	0.0	0.0	0.0	0.0	0.0	0.0	0.0	3.3635475635528564	0.0	0.0	0.0	0.0	3.1440374851226807	0.0	0.0	0.0	0.0	0.0	0.0	0.0	2.646777868270874	2.5591187477111816	0.0	2.6644556522369385	0.0	0.0	0.0	0.0	3.0501842498779297	0.0	0.0	2.3905138969421387	0.0	1.837442398071289	2.9935760498046875	0.0	0.0	0.0	0.0	3.92753267288208	0.0	0.0	0.0	0.0	0.0	0.0	0.0	0.0	0.0	0.0	0.0	0.0	0.0	0.0	2.426816701889038	0.0	0.0	0.0	0.0	0.0	0.0
0.0	0.0	0.0	2.1340177059173584	0.0	0.0	0.0	2.9399945735931396	0.0	0.0	3.0044922828674316	0.0	0.0	0.0	0.0	3.2910730838775635	0.0	0.0	0.0	0.0	2.9054148197174072	0.0	0.0	0.0	0.0	2.8617937564849854	3.4653518199920654	0.0	0.0	2.8221330642700195	0.0	0.0	0.0	0.0	3.3736488819122314	3.158681631088257	0.0	0.0	0.0	2.686471700668335	0.0	3.557758092880249	0.0	1.4878004789352417	0.0	0.0	0.0	0.0	0.0	2.0799691677093506	0.0	0.0	0.0	0.0	0.0	0.0	0.0	0.0	0.0	0.0	3.191896438598633	0.0	0.0	0.0	0.0	0.0	0.0	0.0	0.0	0.0	0.0	0.0	0.0	0.0	3.3634071350097656	0.0	0.0	0.0	0.0	3.1495721340179443	0.0	0.0	0.0	0.0	0.0	0.0	0.0	2.6451992988586426	2.5601115226745605	0.0	2.6639139652252197	0.0	0.0	0.0	0.0	3.053131103515625	0.0	0.0	2.392426013946533	0.0	1.8330307006835938	2.9911670684814453	0.0	0.0	0.0	0.0	3.924996852874756	0.0	0.0	0.0	0.0	0.0	0.0	0.0	0.0	0.0	0.0	0.0	0.0	0.0	0.0	2.4309775829315186	0.0	0.0	0.0	0.0	0.0	0.0
0.0	0.0	0.0	2.1365702152252197	0.0	0.0	0.0	2.944371223449707	0.0	0.0	3.003241539001465	0.0	0.0	0.0	0.0	3.2940757274627686	0.0	0.0	0.0	0.0	2.9045569896698	0.0	0.0	0.0	0.0	2.860966682434082	3.463219165802002	0.0	0.0	2.8204574584960938	0.0	0.0	0.0	0.0	3.3772664070129395	3.15755558013916	0.0	0.0	0.0	2.6844699382781982	0.0	3.556391477584839	0.0	1.4899441003799438	0.0	0.0	0.0	0.0	0.0	2.0859432220458984	0.0	0.0	0.0	0.0	0.0	0.0	0.0	0.0	0.0	0.0	3.197047472000122	0.0	0.0	0.0	0.0	0.0	0.0	0.0	0.0	0.0	0.0	0.0	0.0	0.0	3.3654873371124268	0.0	0.0	0.0	0.0	3.1433234214782715	0.0	0.0	0.0	0.0	0.0	0.0	0.0	2.6513047218322754	2.5652754306793213	0.0	2.665433168411255	0.0	0.0	0.0	0.0	3.0543670654296875	0.0	0.0	2.389702558517456	0.0	1.8301234245300293	2.992379903793335	0.0	0.0	0.0	0.0	3.927506685256958	0.0	0.0	0.0	0.0	0.0	0.0	0.0	0.0	0.0	0.0	0.0	0.0	0.0	0.0	2.4296069145202637	0.0	0.0	0.0	0.0	0.0	0.0
0.0	0.0	0.0	2.1339876651763916	0.0	0.0	0.0	2.9463841915130615	0.0	0.0	3.0052623748779297	0.0	0.0	0.0	0.0	3.2976369857788086	0.0	0.0	0.0	0.0	2.904566526412964	0.0	0.0	0.0	0.0	2.8666231632232666	3.4670238494873047	0.0	0.0	2.824129343032837	0.0	0.0	0.0	0.0	3.378648042678833	3.160707473754883	0.0	0.0	0.0	2.6910130977630615	0.0	3.5628089904785156	0.0	1.4878613948822021	0.0	0.0	0.0	0.0	0.0	2.087028741836548	0.0	0.0	0.0	0.0	0.0	0.0	0.0	0.0	0.0	0.0	3.196200132369995	0.0	0.0	0.0	0.0	0.0	0.0	0.0	0.0	0.0	0.0	0.0	0.0	0.0	3.3691627979278564	0.0	0.0	0.0	0.0	3.149167060852051	0.0	0.0	0.0	0.0	0.0	0.0	0.0	2.653611183166504	2.5706913471221924	0.0	2.6685585975646973	0.0	0.0	0.0	0.0	3.049238443374634	0.0	0.0	2.3950307369232178	0.0	1.8318393230438232	2.9928057193756104	0.0	0.0	0.0	0.0	3.9311225414276123	0.0	0.0	0.0	0.0	0.0	0.0	0.0	0.0	0.0	0.0	0.0	0.0	0.0	0.0	2.433696746826172	0.0	0.0	0.0	0.0	0.0	0.0
0.0	0.0	0.0	2.1336631774902344	0.0	0.0	0.0	2.9415135383605957	0.0	0.0	2.998833417892456	0.0	0.0	0.0	0.0	3.2916505336761475	0.0	0.0	0.0	0.0	2.903200387954712	0.0	0.0	0.0	0.0	2.8579459190368652	3.4654603004455566	0.0	0.0	2.820613145828247	0.0	0.0	0.0	0.0	3.376678705215454	3.1587204933166504	0.0	0.0	0.0	2.6842715740203857	0.0	3.559576988220215	0.0	1.4846429824829102	0.0	0.0	0.0	0.0	0.0	2.0816385746002197	0.0	0.0	0.0	0.0	0.0	0.0	0.0	0.0	0.0	0.0	3.1980414390563965	0.0	0.0	0.0	0.0	0.0	0.0	0.0	0.0	0.0	0.0	0.0	0.0	0.0	3.3674111366271973	0.0	0.0	0.0	0.0	3.1411635875701904	0.0	0.0	0.0	0.0	0.0	0.0	0.0	2.651583194732666	2.563988447189331	0.0	2.6639809608459473	0.0	0.0	0.0	0.0	3.0541138648986816	0.0	0.0	2.38954758644104	0.0	1.833179235458374	2.9916131496429443	0.0	0.0	0.0	0.0	3.923274040222168	0.0	0.0	0.0	0.0	0.0	0.0	0.0	0.0	0.0	0.0	0.0	0.0	0.0	0.0	2.4297685623168945	0.0	0.0	0.0	0.0	0.0	0.0
0.0	0.0	0.0	2.138951063156128	0.0	0.0	0.0	2.9488987922668457	0.0	0.0	3.0111804008483887	0.0	0.0	0.0	0.0	3.298217296600342	0.0	0.0	0.0	0.0	2.908541679382324	0.0	0.0	0.0	0.0	2.871795415878296	3.4756345748901367	0.0	0.0	2.829484462738037	0.0	0.0	0.0	0.0	3.3852109909057617	3.1663663387298584	0.0	0.0	0.0	2.6925535202026367	0.0	3.568990707397461	0.0	1.493542194366455	0.0	0.0	0.0	0.0	0.0	2.0928966999053955	0.0	0.0	0.0	0.0	0.0	0.0	0.0	0.0	0.0	0.0	3.2006795406341553	0.0	0.0	0.0	0.0	0.0	0.0	0.0	0.0	0.0	0.0	0.0	0.0	0.0	3.376197576522827	0.0	0.0	0.0	0.0	3.1559293270111084	0.0	0.0	0.0	0.0	0.0	0.0	0.0	2.657045364379883	2.572899580001831	0.0	2.672717809677124	0.0	0.0	0.0	0.0	3.057924509048462	0.0	0.0	2.3967700004577637	0.0	1.8355399370193481	2.9963386058807373	0.0	0.0	0.0	0.0	3.937920093536377	0.0	0.0	0.0	0.0	0.0	0.0	0.0	0.0	0.0	0.0	0.0	0.0	0.0	0.0	2.4370791912078857	0.0	0.0	0.0	0.0	0.0	0.0
0.0	0.0	0.0	2.133819341659546	0.0	0.0	0.0	2.9444873332977295	0.0	0.0	3.005587339401245	0.0	0.0	0.0	0.0	3.297437906265259	0.0	0.0	0.0	0.0	2.905123233795166	0.0	0.0	0.0	0.0	2.8645026683807373	3.4620699882507324	0.0	0.0	2.8225131034851074	0.0	0.0	0.0	0.0	3.3761651515960693	3.1577470302581787	0.0	0.0	0.0	2.695441484451294	0.0	3.5608537197113037	0.0	1.4870989322662354	0.0	0.0	0.0	0.0	0.0	2.0883095264434814	0.0	0.0	0.0	0.0	0.0	0.0	0.0	0.0	0.0	0.0	3.1907598972320557	0.0	0.0	0.0	0.0	0.0	0.0	0.0	0.0	0.0	0.0	0.0	0.0	0.0	3.371570348739624	0.0	0.0	0.0	0.0	3.148132801055908	0.0	0.0	0.0	0.0	0.0	0.0	0.0	2.646834135055542	2.564570426940918	0.0	2.666693687438965	0.0	0.0	0.0	0.0	3.0536069869995117	0.0	0.0	2.3933095932006836	0.0	1.8351891040802002	2.9923810958862305	0.0	0.0	0.0	0.0	3.925351858139038	0.0	0.0	0.0	0.0	0.0	0.0	0.0	0.0	0.0	0.0	0.0	0.0	0.0	0.0	2.4327783584594727	0.0	0.0	0.0	0.0	0.0	0.0
0.0	0.0	0.0	2.1306633949279785	0.0	0.0	0.0	2.9431710243225098	0.0	0.0	3.0026564598083496	0.0	0.0	0.0	0.0	3.2890424728393555	0.0	0.0	0.0	0.0	2.904508590698242	0.0	0.0	0.0	0.0	2.8622848987579346	3.4640629291534424	0.0	0.0	2.820197820663452	0.0	0.0	0.0	0.0	3.3734261989593506	3.1565682888031006	0.0	0.0	0.0	2.682650566101074	0.0	3.5571632385253906	0.0	1.4949675798416138	0.0	0.0	0.0	0.0	0.0	2.084876537322998	0.0	0.0	0.0	0.0	0.0	0.0	0.0	0.0	0.0	0.0	3.1935479640960693	0.0	0.0	0.0	0.0	0.0	0.0	0.0	0.0	0.0	0.0	0.0	0.0	0.0	3.3638408184051514	0.0	0.0	0.0	0.0	3.1416890621185303	0.0	0.0	0.0	0.0	0.0	0.0	0.0	2.6476495265960693	2.5616586208343506	0.0	2.6602697372436523	0.0	0.0	0.0	0.0	3.0510778427124023	0.0	0.0	2.3900198936462402	0.0	1.8372831344604492	2.9901938438415527	0.0	0.0	0.0	0.0	3.9279351234436035	0.0	0.0	0.0	0.0	0.0	0.0	0.0	0.0	0.0	0.0	0.0	0.0	0.0	0.0	2.4271798133850098	0.0	0.0	0.0	0.0	0.0	0.0
0.0	0.0	0.0	2.1359708309173584	0.0	0.0	0.0	2.948986530303955	0.0	0.0	3.0100338459014893	0.0	0.0	0.0	0.0	3.299262285232544	0.0	0.0	0.0	0.0	2.908674955368042	0.0	0.0	0.0	0.0	2.8703436851501465	3.470700979232788	0.0	0.0	2.826862335205078	0.0	0.0	0.0	0.0	3.3800477981567383	3.165966272354126	0.0	0.0	0.0	2.6936676502227783	0.0	3.5658974647521973	0.0	1.4893871545791626	0.0	0.0	0.0	0.0	0.0	2.0900802612304688	0.0	0.0	0.0	0.0	0.0	0.0	0.0	0.0	0.0	0.0	3.199007987976074	0.0	0.0	0.0	0.0	0.0	0.0	0.0	0.0	0.0	0.0	0.0	0.0	0.0	3.374192714691162	0.0	0.0	0.0	0.0	3.152387857437134	0.0	0.0	0.0	0.0	0.0	0.0	0.0	2.655764579772949	2.574833869934082	0.0	2.671799421310425	0.0	0.0	0.0	0.0	3.0541248321533203	0.0	0.0	2.397064208984375	0.0	1.8351695537567139	2.995661973953247	0.0	0.0	0.0	0.0	3.936960220336914	0.0	0.0	0.0	0.0	0.0	0.0	0.0	0.0	0.0	0.0	0.0	0.0	0.0	0.0	2.436659812927246	0.0	0.0	0.0	0.0	0.0	0.0
0.0	0.0	0.0	2.1340482234954834	0.0	0.0	0.0	2.938584089279175	0.0	0.0	3.006747007369995	0.0	0.0	0.0	0.0	3.288156747817993	0.0	0.0	0.0	0.0	2.9029650688171387	0.0	0.0	0.0	0.0	2.860651969909668	3.46657133102417	0.0	0.0	2.81931734085083	0.0	0.0	0.0	0.0	3.3732590675354004	3.1574647426605225	0.0	0.0	0.0	2.683673143386841	0.0	3.5577614307403564	0.0	1.49114191532135	0.0	0.0	0.0	0.0	0.0	2.084502935409546	0.0	0.0	0.0	0.0	0.0	0.0	0.0	0.0	0.0	0.0	3.1934707164764404	0.0	0.0	0.0	0.0	0.0	0.0	0.0	0.0	0.0	0.0	0.0	0.0	0.0	3.3628039360046387	0.0	0.0	0.0	0.0	3.1400468349456787	0.0	0.0	0.0	0.0	0.0	0.0	0.0	2.6534993648529053	2.5648083686828613	0.0	2.6664605140686035	0.0	0.0	0.0	0.0	3.0491933822631836	0.0	0.0	2.3904025554656982	0.0	1.8319238424301147	2.9897689819335938	0.0	0.0	0.0	0.0	3.9243030548095703	0.0	0.0	0.0	0.0	0.0	0.0	0.0	0.0	0.0	0.0	0.0	0.0	0.0	0.0	2.4260125160217285	0.0	0.0	0.0	0.0	0.0	0.0
0.0	0.0	0.0	2.132014751434326	0.0	0.0	0.0	2.9441940784454346	0.0	0.0	3.00276517868042	0.0	0.0	0.0	0.0	3.285411834716797	0.0	0.0	0.0	0.0	2.9009368419647217	0.0	0.0	0.0	0.0	2.856245517730713	3.46294903755188	0.0	0.0	2.8225231170654297	0.0	0.0	0.0	0.0	3.3738656044006348	3.1532223224639893	0.0	0.0	0.0	2.689002513885498	0.0	3.554687023162842	0.0	1.486034631729126	0.0	0.0	0.0	0.0	0.0	2.0803956985473633	0.0	0.0	0.0	0.0	0.0	0.0	0.0	0.0	0.0	0.0	3.198160171508789	0.0	0.0	0.0	0.0	0.0	0.0	0.0	0.0	0.0	0.0	0.0	0.0	0.0	3.3625893592834473	0.0	0.0	0.0	0.0	3.132866859436035	0.0	0.0	0.0	0.0	0.0	0.0	0.0	2.6512229442596436	2.5593209266662598	0.0	2.6649389266967773	0.0	0.0	0.0	0.0	3.0532140731811523	0.0	0.0	2.3897995948791504	0.0	1.8319793939590454	2.9900784492492676	0.0	0.0	0.0	0.0	3.921710252761841	0.0	0.0	0.0	0.0	0.0	0.0	0.0	0.0	0.0	0.0	0.0	0.0	0.0	0.0	2.4290683269500732	0.0	0.0	0.0	0.0	0.0	0.0
0.0	0.0	0.0	2.136638641357422	0.0	0.0	0.0	2.943882703781128	0.0	0.0	3.0085010528564453	0.0	0.0	0.0	0.0	3.298133611679077	0.0	0.0	0.0	0.0	2.9061365127563477	0.0	0.0	0.0	0.0	2.867842674255371	3.4706623554229736	0.0	0.0	2.8254857063293457	0.0	0.0	0.0	0.0	3.3794891834259033	3.15962553024292	0.0	0.0	0.0	2.685520648956299	0.0	3.5653107166290283	0.0	1.4919605255126953	0.0	0.0	0.0	0.0	0.0	2.08927845954895	0.0	0.0	0.0	0.0	0.0	0.0	0.0	0.0	0.0	0.0	3.1975584030151367	0.0	0.0	0.0	0.0	0.0	0.0	0.0	0.0	0.0	0.0	0.0	0.0	0.0	3.3707966804504395	0.0	0.0	0.0	0.0	3.1497364044189453	0.0	0.0	0.0	0.0	0.0	0.0	0.0	2.6580092906951904	2.5693459510803223	0.0	2.667907238006592	0.0	0.0	0.0	0.0	3.051260471343994	0.0	0.0	2.389561414718628	0.0	1.8372067213058472	2.993985414505005	0.0	0.0	0.0	0.0	3.932551383972168	0.0	0.0	0.0	0.0	0.0	0.0	0.0	0.0	0.0	0.0	0.0	0.0	0.0	0.0	2.433120012283325	0.0	0.0	0.0	0.0	0.0	0.0
0.0	0.0	0.0	2.141361951828003	0.0	0.0	0.0	2.94797945022583	0.0	0.0	3.0130343437194824	0.0	0.0	0.0	0.0	3.3002426624298096	0.0	0.0	0.0	0.0	2.912991523742676	0.0	0.0	0.0	0.0	2.874128818511963	3.4760308265686035	0.0	0.0	2.8310115337371826	0.0	0.0	0.0	0.0	3.38456130027771	3.1652119159698486	0.0	0.0	0.0	2.6916894912719727	0.0	3.5707900524139404	0.0	1.4958546161651611	0.0	0.0	0.0	0.0	0.0	2.0870985984802246	0.0	0.0	0.0	0.0	0.0	0.0	0.0	0.0	0.0	0.0	3.2010254859924316	0.0	0.0	0.0	0.0	0.0	0.0	0.0	0.0	0.0	0.0	0.0	0.0	0.0	3.3757545948028564	0.0	0.0	0.0	0.0	3.155402183532715	0.0	0.0	0.0	0.0	0.0	0.0	0.0	2.6574039459228516	2.5757553577423096	0.0	2.6741583347320557	0.0	0.0	0.0	0.0	3.057037830352783	0.0	0.0	2.400444746017456	0.0	1.84107506275177	3.0008866786956787	0.0	0.0	0.0	0.0	3.9400441646575928	0.0	0.0	0.0	0.0	0.0	0.0	0.0	0.0	0.0	0.0	0.0	0.0	0.0	0.0	2.436450242996216	0.0	0.0	0.0	0.0	0.0	0.0
0.0	0.0	0.0	2.1346001625061035	0.0	0.0	0.0	2.942741632461548	0.0	0.0	2.9949426651000977	0.0	0.0	0.0	0.0	3.284698963165283	0.0	0.0	0.0	0.0	2.90343976020813	0.0	0.0	0.0	0.0	2.854004144668579	3.463559627532959	0.0	0.0	2.8211238384246826	0.0	0.0	0.0	0.0	3.3730432987213135	3.157158136367798	0.0	0.0	0.0	2.6846816539764404	0.0	3.556772470474243	0.0	1.4902678728103638	0.0	0.0	0.0	0.0	0.0	2.080080270767212	0.0	0.0	0.0	0.0	0.0	0.0	0.0	0.0	0.0	0.0	3.194181442260742	0.0	0.0	0.0	0.0	0.0	0.0	0.0	0.0	0.0	0.0	0.0	0.0	0.0	3.3617427349090576	0.0	0.0	0.0	0.0	3.1400489807128906	0.0	0.0	0.0	0.0	0.0	0.0	0.0	2.6472716331481934	2.5615360736846924	0.0	2.661689281463623	0.0	0.0	0.0	0.0	3.0552423000335693	0.0	0.0	2.386533737182617	0.0	1.82969069480896	2.9898202419281006	0.0	0.0	0.0	0.0	3.924960136413574	0.0	0.0	0.0	0.0	0.0	0.0	0.0	0.0	0.0	0.0	0.0	0.0	0.0	0.0	2.4271206855773926	0.0	0.0	0.0	0.0	0.0	0.0
0.0	0.0	0.0	2.140305519104004	0.0	0.0	0.0	2.955617904663086	0.0	0.0	3.014785051345825	0.0	0.0	0.0	0.0	3.3099305629730225	0.0	0.0	0.0	0.0	2.913492202758789	0.0	0.0	0.0	0.0	2.8713479042053223	3.477247714996338	0.0	0.0	2.8369152545928955	0.0	0.0	0.0	0.0	3.3820042610168457	3.1662042140960693	0.0	0.0	0.0	2.6996474266052246	0.0	3.5753204822540283	0.0	1.4931631088256836	0.0	0.0	0.0	0.0	0.0	2.0941579341888428	0.0	0.0	0.0	0.0	0.0	0.0	0.0	0.0	0.0	0.0	3.207921028137207	0.0	0.0	0.0	0.0	0.0	0.0	0.0	0.0	0.0	0.0	0.0	0.0	0.0	3.3826024532318115	0.0	0.0	0.0	0.0	3.1591310501098633	0.0	0.0	0.0	0.0	0.0	0.0	0.0	2.660027265548706	2.5735692977905273	0.0	2.675703525543213	0.0	0.0	0.0	0.0	3.059845209121704	0.0	0.0	2.401406764984131	0.0	1.835456371307373	3.0026113986968994	0.0	0.0	0.0	0.0	3.944011926651001	0.0	0.0	0.0	0.0	0.0	0.0	0.0	0.0	0.0	0.0	0.0	0.0	0.0	0.0	2.437127113342285	0.0	0.0	0.0	0.0	0.0	0.0
0.0	0.0	0.0	2.1380422115325928	0.0	0.0	0.0	2.944234848022461	0.0	0.0	3.0020642280578613	0.0	0.0	0.0	0.0	3.2916903495788574	0.0	0.0	0.0	0.0	2.905606985092163	0.0	0.0	0.0	0.0	2.8578310012817383	3.4653899669647217	0.0	0.0	2.821171522140503	0.0	0.0	0.0	0.0	3.3761308193206787	3.1571412086486816	0.0	0.0	0.0	2.6858811378479004	0.0	3.5596113204956055	0.0	1.493605136871338	0.0	0.0	0.0	0.0	0.0	2.0827648639678955	0.0	0.0	0.0	0.0	0.0	0.0	0.0	0.0	0.0	0.0	3.201202154159546	0.0	0.0	0.0	0.0	0.0	0.0	0.0	0.0	0.0	0.0	0.0	0.0	0.0	3.365806818008423	0.0	0.0	0.0	0.0	3.1450002193450928	0.0	0.0	0.0	0.0	0.0	0.0	0.0	2.6492435932159424	2.5632197856903076	0.0	2.662531614303589	0.0	0.0	0.0	0.0	3.056286573410034	0.0	0.0	2.3871541023254395	0.0	1.8351128101348877	2.992152690887451	0.0	0.0	0.0	0.0	3.9287357330322266	0.0	0.0	0.0	0.0	0.0	0.0	0.0	0.0	0.0	0.0	0.0	0.0	0.0	0.0	2.43335223197937	0.0	0.0	0.0	0.0	0.0	0.0
0.0	0.0	0.0	2.141648530960083	0.0	0.0	0.0	2.9506022930145264	0.0	0.0	3.0102550983428955	0.0	0.0	0.0	0.0	3.3029017448425293	0.0	0.0	0.0	0.0	2.914597511291504	0.0	0.0	0.0	0.0	2.8707306385040283	3.470655679702759	0.0	0.0	2.828249931335449	0.0	0.0	0.0	0.0	3.383665084838867	3.164057493209839	0.0	0.0	0.0	2.6994850635528564	0.0	3.5702872276306152	0.0	1.4916517734527588	0.0	0.0	0.0	0.0	0.0	2.0917646884918213	0.0	0.0	0.0	0.0	0.0	0.0	0.0	0.0	0.0	0.0	3.200453996658325	0.0	0.0	0.0	0.0	0.0	0.0	0.0	0.0	0.0	0.0	0.0	0.0	0.0	3.379068374633789	0.0	0.0	0.0	0.0	3.1509711742401123	0.0	0.0	0.0	0.0	0.0	0.0	0.0	2.6518523693084717	2.56845760345459	0.0	2.675384759902954	0.0	0.0	0.0	0.0	3.058459997177124	0.0	0.0	2.398289442062378	0.0	1.8364582061767578	2.999872922897339	0.0	0.0	0.0	0.0	3.936483144760132	0.0	0.0	0.0	0.0	0.0	0.0	0.0	0.0	0.0	0.0	0.0	0.0	0.0	0.0	2.439425230026245	0.0	0.0	0.0	0.0	0.0	0.0
0.0	0.0	0.0	2.1370606422424316	0.0	0.0	0.0	2.9463703632354736	0.0	0.0	3.0036063194274902	0.0	0.0	0.0	0.0	3.290659189224243	0.0	0.0	0.0	0.0	2.9101085662841797	0.0	0.0	0.0	0.0	2.865213632583618	3.467804431915283	0.0	0.0	2.8255181312561035	0.0	0.0	0.0	0.0	3.3811216354370117	3.1621527671813965	0.0	0.0	0.0	2.6929328441619873	0.0	3.567307949066162	0.0	1.4935895204544067	0.0	0.0	0.0	0.0	0.0	2.0867624282836914	0.0	0.0	0.0	0.0	0.0	0.0	0.0	0.0	0.0	0.0	3.1989595890045166	0.0	0.0	0.0	0.0	0.0	0.0	0.0	0.0	0.0	0.0	0.0	0.0	0.0	3.3710169792175293	0.0	0.0	0.0	0.0	3.1480956077575684	0.0	0.0	0.0	0.0	0.0	0.0	0.0	2.6512420177459717	2.5645411014556885	0.0	2.6706013679504395	0.0	0.0	0.0	0.0	3.0568718910217285	0.0	0.0	2.393342971801758	0.0	1.8367621898651123	2.9941718578338623	0.0	0.0	0.0	0.0	3.929018259048462	0.0	0.0	0.0	0.0	0.0	0.0	0.0	0.0	0.0	0.0	0.0	0.0	0.0	0.0	2.428065299987793	0.0	0.0	0.0	0.0	0.0	0.0
0.0	0.0	0.0	2.1399757862091064	0.0	0.0	0.0	2.955165386199951	0.0	0.0	3.016225814819336	0.0	0.0	0.0	0.0	3.307924509048462	0.0	0.0	0.0	0.0	2.9143807888031006	0.0	0.0	0.0	0.0	2.874127149581909	3.475956439971924	0.0	0.0	2.830294132232666	0.0	0.0	0.0	0.0	3.3879473209381104	3.16825795173645	0.0	0.0	0.0	2.6964545249938965	0.0	3.573969602584839	0.0	1.4929369688034058	0.0	0.0	0.0	0.0	0.0	2.093336343765259	0.0	0.0	0.0	0.0	0.0	0.0	0.0	0.0	0.0	0.0	3.205482244491577	0.0	0.0	0.0	0.0	0.0	0.0	0.0	0.0	0.0	0.0	0.0	0.0	0.0	3.3802943229675293	0.0	0.0	0.0	0.0	3.156790018081665	0.0	0.0	0.0	0.0	0.0	0.0	0.0	2.662302017211914	2.5750932693481445	0.0	2.675572156906128	0.0	0.0	0.0	0.0	3.059983968734741	0.0	0.0	2.400702714920044	0.0	1.8371771574020386	2.998424530029297	0.0	0.0	0.0	0.0	3.9418370723724365	0.0	0.0	0.0	0.0	0.0	0.0	0.0	0.0	0.0	0.0	0.0	0.0	0.0	0.0	2.4388184547424316	0.0	0.0	0.0	0.0	0.0	0.0
0.0	0.0	0.0	2.1265459060668945	0.0	0.0	0.0	2.938394546508789	0.0	0.0	2.9985549449920654	0.0	0.0	0.0	0.0	3.2895655632019043	0.0	0.0	0.0	0.0	2.8964755535125732	0.0	0.0	0.0	0.0	2.859403371810913	3.4553306102752686	0.0	0.0	2.8146870136260986	0.0	0.0	0.0	0.0	3.368265151977539	3.1508407592773438	0.0	0.0	0.0	2.6833512783050537	0.0	3.5539512634277344	0.0	1.4838920831680298	0.0	0.0	0.0	0.0	0.0	2.0829615592956543	0.0	0.0	0.0	0.0	0.0	0.0	0.0	0.0	0.0	0.0	3.1861681938171387	0.0	0.0	0.0	0.0	0.0	0.0	0.0	0.0	0.0	0.0	0.0	0.0	0.0	3.361927032470703	0.0	0.0	0.0	0.0	3.1422882080078125	0.0	0.0	0.0	0.0	0.0	0.0	0.0	2.6427595615386963	2.564495801925659	0.0	2.6594161987304688	0.0	0.0	0.0	0.0	3.0417697429656982	0.0	0.0	2.385672092437744	0.0	1.8258994817733765	2.984164237976074	0.0	0.0	0.0	0.0	3.919707775115967	0.0	0.0	0.0	0.0	0.0	0.0	0.0	0.0	0.0	0.0	0.0	0.0	0.0	0.0	2.4252917766571045	0.0	0.0	0.0	0.0	0.0	0.0
0.0	0.0	0.0	2.1375508308410645	0.0	0.0	0.0	2.945627212524414	0.0	0.0	3.0042030811309814	0.0	0.0	0.0	0.0	3.2964792251586914	0.0	0.0	0.0	0.0	2.906662940979004	0.0	0.0	0.0	0.0	2.8615214824676514	3.4659130573272705	0.0	0.0	2.8219974040985107	0.0	0.0	0.0	0.0	3.3775079250335693	3.158905267715454	0.0	0.0	0.0	2.6895172595977783	0.0	3.5603294372558594	0.0	1.4862046241760254	0.0	0.0	0.0	0.0	0.0	2.0834827423095703	0.0	0.0	0.0	0.0	0.0	0.0	0.0	0.0	0.0	0.0	3.1970958709716797	0.0	0.0	0.0	0.0	0.0	0.0	0.0	0.0	0.0	0.0	0.0	0.0	0.0	3.3683652877807617	0.0	0.0	0.0	0.0	3.1411328315734863	0.0	0.0	0.0	0.0	0.0	0.0	0.0	2.6473913192749023	2.562920093536377	0.0	2.6681692600250244	0.0	0.0	0.0	0.0	3.0532405376434326	0.0	0.0	2.3934884071350098	0.0	1.8364970684051514	2.99172043800354	0.0	0.0	0.0	0.0	3.9278149604797363	0.0	0.0	0.0	0.0	0.0	0.0	0.0	0.0	0.0	0.0	0.0	0.0	0.0	0.0	2.4305002689361572	0.0	0.0	0.0	0.0	0.0	0.0
0.0	0.0	0.0	2.137098550796509	0.0	0.0	0.0	2.945533275604248	0.0	0.0	3.0105597972869873	0.0	0.0	0.0	0.0	3.2969467639923096	0.0	0.0	0.0	0.0	2.9039931297302246	0.0	0.0	0.0	0.0	2.8675713539123535	3.462162494659424	0.0	0.0	2.8240296840667725	0.0	0.0	0.0	0.0	3.37534499168396	3.158021926879883	0.0	0.0	0.0	2.6922829151153564	0.0	3.561522960662842	0.0	1.4895520210266113	0.0	0.0	0.0	0.0	0.0	2.086047649383545	0.0	0.0	0.0	0.0	0.0	0.0	0.0	0.0	0.0	0.0	3.1960344314575195	0.0	0.0	0.0	0.0	0.0	0.0	0.0	0.0	0.0	0.0	0.0	0.0	0.0	3.369720220565796	0.0	0.0	0.0	0.0	3.1482136249542236	0.0	0.0	0.0	0.0	0.0	0.0	0.0	2.6492974758148193	2.5675699710845947	0.0	2.663360595703125	0.0	0.0	0.0	0.0	3.0481364727020264	0.0	0.0	2.394329786300659	0.0	1.8295650482177734	2.991384983062744	0.0	0.0	0.0	0.0	3.927433967590332	0.0	0.0	0.0	0.0	0.0	0.0	0.0	0.0	0.0	0.0	0.0	0.0	0.0	0.0	2.429725170135498	0.0	0.0	0.0	0.0	0.0	0.0
0.0	0.0	0.0	2.136803150177002	0.0	0.0	0.0	2.944753408432007	0.0	0.0	3.0073845386505127	0.0	0.0	0.0	0.0	3.2962467670440674	0.0	0.0	0.0	0.0	2.9081990718841553	0.0	0.0	0.0	0.0	2.86649751663208	3.4695522785186768	0.0	0.0	2.822805166244507	0.0	0.0	0.0	0.0	3.3772995471954346	3.157287359237671	0.0	0.0	0.0	2.6869990825653076	0.0	3.563612699508667	0.0	1.4892277717590332	0.0	0.0	0.0	0.0	0.0	2.0873398780822754	0.0	0.0	0.0	0.0	0.0	0.0	0.0	0.0	0.0	0.0	3.1984798908233643	0.0	0.0	0.0	0.0	0.0	0.0	0.0	0.0	0.0	0.0	0.0	0.0	0.0	3.3696212768554688	0.0	0.0	0.0	0.0	3.146763563156128	0.0	0.0	0.0	0.0	0.0	0.0	0.0	2.653876304626465	2.5652878284454346	0.0	2.6689517498016357	0.0	0.0	0.0	0.0	3.054701089859009	0.0	0.0	2.3930892944335938	0.0	1.8338679075241089	2.9927332401275635	0.0	0.0	0.0	0.0	3.932347297668457	0.0	0.0	0.0	0.0	0.0	0.0	0.0	0.0	0.0	0.0	0.0	0.0	0.0	0.0	2.4289276599884033	0.0	0.0	0.0	0.0	0.0	0.0
0.0	0.0	0.0	2.137425661087036	0.0	0.0	0.0	2.9542155265808105	0.0	0.0	3.0140178203582764	0.0	0.0	0.0	0.0	3.304731845855713	0.0	0.0	0.0	0.0	2.9130728244781494	0.0	0.0	0.0	0.0	2.8718485832214355	3.4754586219787598	0.0	0.0	2.8321456909179688	0.0	0.0	0.0	0.0	3.386259078979492	3.167231321334839	0.0	0.0	0.0	2.6952240467071533	0.0	3.5711147785186768	0.0	1.4886811971664429	0.0	0.0	0.0	0.0	0.0	2.086246967315674	0.0	0.0	0.0	0.0	0.0	0.0	0.0	0.0	0.0	0.0	3.204603433609009	0.0	0.0	0.0	0.0	0.0	0.0	0.0	0.0	0.0	0.0	0.0	0.0	0.0	3.3788673877716064	0.0	0.0	0.0	0.0	3.1511318683624268	0.0	0.0	0.0	0.0	0.0	0.0	0.0	2.6550612449645996	2.5736758708953857	0.0	2.6784727573394775	0.0	0.0	0.0	0.0	3.056652069091797	0.0	0.0	2.40073823928833	0.0	1.840293288230896	2.998574733734131	0.0	0.0	0.0	0.0	3.9376256465911865	0.0	0.0	0.0	0.0	0.0	0.0	0.0	0.0	0.0	0.0	0.0	0.0	0.0	0.0	2.435281276702881	0.0	0.0	0.0	0.0	0.0	0.0
0.0	0.0	0.0	2.141955852508545	0.0	0.0	0.0	2.9508464336395264	0.0	0.0	3.009532928466797	0.0	0.0	0.0	0.0	3.301600933074951	0.0	0.0	0.0	0.0	2.913936138153076	0.0	0.0	0.0	0.0	2.867774486541748	3.4738144874572754	0.0	0.0	2.823460817337036	0.0	0.0	0.0	0.0	3.3849759101867676	3.160698890686035	0.0	0.0	0.0	2.6944620609283447	0.0	3.5689218044281006	0.0	1.4893451929092407	0.0	0.0	0.0	0.0	0.0	2.088768720626831	0.0	0.0	0.0	0.0	0.0	0.0	0.0	0.0	0.0	0.0	3.202803134918213	0.0	0.0	0.0	0.0	0.0	0.0	0.0	0.0	0.0	0.0	0.0	0.0	0.0	3.3713414669036865	0.0	0.0	0.0	0.0	3.1475274562835693	0.0	0.0	0.0	0.0	0.0	0.0	0.0	2.6588919162750244	2.567741632461548	0.0	2.6689586639404297	0.0	0.0	0.0	0.0	3.060387372970581	0.0	0.0	2.3980002403259277	0.0	1.8371810913085938	2.999502182006836	0.0	0.0	0.0	0.0	3.9359099864959717	0.0	0.0	0.0	0.0	0.0	0.0	0.0	0.0	0.0	0.0	0.0	0.0	0.0	0.0	2.434803009033203	0.0	0.0	0.0	0.0	0.0	0.0
0.0	0.0	0.0	2.1386523246765137	0.0	0.0	0.0	2.9414680004119873	0.0	0.0	3.0097007751464844	0.0	0.0	0.0	0.0	3.296337366104126	0.0	0.0	0.0	0.0	2.905177354812622	0.0	0.0	0.0	0.0	2.8604209423065186	3.467242479324341	0.0	0.0	2.8254289627075195	0.0	0.0	0.0	0.0	3.376054286956787	3.1594862937927246	0.0	0.0	0.0	2.6888065338134766	0.0	3.5620980262756348	0.0	1.4872056245803833	0.0	0.0	0.0	0.0	0.0	2.0859134197235107	0.0	0.0	0.0	0.0	0.0	0.0	0.0	0.0	0.0	0.0	3.2026402950286865	0.0	0.0	0.0	0.0	0.0	0.0	0.0	0.0	0.0	0.0	0.0	0.0	0.0	3.3668735027313232	0.0	0.0	0.0	0.0	3.1448628902435303	0.0	0.0	0.0	0.0	0.0	0.0	0.0	2.652364492416382	2.566222906112671	0.0	2.6658060550689697	0.0	0.0	0.0	0.0	3.054969549179077	0.0	0.0	2.3952701091766357	0.0	1.8403209447860718	2.9925031661987305	0.0	0.0	0.0	0.0	3.93291974067688	0.0	0.0	0.0	0.0	0.0	0.0	0.0	0.0	0.0	0.0	0.0	0.0	0.0	0.0	2.4322407245635986	0.0	0.0	0.0	0.0	0.0	0.0
0.0	0.0	0.0	2.139261245727539	0.0	0.0	0.0	2.950730323791504	0.0	0.0	3.0122902393341064	0.0	0.0	0.0	0.0	3.302476644515991	0.0	0.0	0.0	0.0	2.9127585887908936	0.0	0.0	0.0	0.0	2.871138095855713	3.473900556564331	0.0	0.0	2.8297691345214844	0.0	0.0	0.0	0.0	3.3835713863372803	3.165139675140381	0.0	0.0	0.0	2.693242073059082	0.0	3.56948184967041	0.0	1.4931762218475342	0.0	0.0	0.0	0.0	0.0	2.089693307876587	0.0	0.0	0.0	0.0	0.0	0.0	0.0	0.0	0.0	0.0	3.20059871673584	0.0	0.0	0.0	0.0	0.0	0.0	0.0	0.0	0.0	0.0	0.0	0.0	0.0	3.3754637241363525	0.0	0.0	0.0	0.0	3.1529905796051025	0.0	0.0	0.0	0.0	0.0	0.0	0.0	2.6549441814422607	2.5724775791168213	0.0	2.6701369285583496	0.0	0.0	0.0	0.0	3.0580739974975586	0.0	0.0	2.3972976207733154	0.0	1.8356252908706665	2.998575448989868	0.0	0.0	0.0	0.0	3.937087297439575	0.0	0.0	0.0	0.0	0.0	0.0	0.0	0.0	0.0	0.0	0.0	0.0	0.0	0.0	2.4379630088806152	0.0	0.0	0.0	0.0	0.0	0.0
0.0	0.0	0.0	2.135599136352539	0.0	0.0	0.0	2.9417285919189453	0.0	0.0	3.007915496826172	0.0	0.0	0.0	0.0	3.2962985038757324	0.0	0.0	0.0	0.0	2.907042980194092	0.0	0.0	0.0	0.0	2.8649604320526123	3.4651782512664795	0.0	0.0	2.821009397506714	0.0	0.0	0.0	0.0	3.375558853149414	3.1576809883117676	0.0	0.0	0.0	2.692639112472534	0.0	3.5626015663146973	0.0	1.4900158643722534	0.0	0.0	0.0	0.0	0.0	2.0858781337738037	0.0	0.0	0.0	0.0	0.0	0.0	0.0	0.0	0.0	0.0	3.198413372039795	0.0	0.0	0.0	0.0	0.0	0.0	0.0	0.0	0.0	0.0	0.0	0.0	0.0	3.366356611251831	0.0	0.0	0.0	0.0	3.1468844413757324	0.0	0.0	0.0	0.0	0.0	0.0	0.0	2.6528546810150146	2.560452461242676	0.0	2.6664624214172363	0.0	0.0	0.0	0.0	3.052959680557251	0.0	0.0	2.390233278274536	0.0	1.8323637247085571	2.993159055709839	0.0	0.0	0.0	0.0	3.9278647899627686	0.0	0.0	0.0	0.0	0.0	0.0	0.0	0.0	0.0	0.0	0.0	0.0	0.0	0.0	2.431520700454712	0.0	0.0	0.0	0.0	0.0	0.0
0.0	0.0	0.0	2.1389546394348145	0.0	0.0	0.0	2.94708514213562	0.0	0.0	3.005812644958496	0.0	0.0	0.0	0.0	3.2984235286712646	0.0	0.0	0.0	0.0	2.9091930389404297	0.0	0.0	0.0	0.0	2.8665685653686523	3.4690682888031006	0.0	0.0	2.8250417709350586	0.0	0.0	0.0	0.0	3.379434585571289	3.159074306488037	0.0	0.0	0.0	2.6902034282684326	0.0	3.5629935264587402	0.0	1.4872013330459595	0.0	0.0	0.0	0.0	0.0	2.0877864360809326	0.0	0.0	0.0	0.0	0.0	0.0	0.0	0.0	0.0	0.0	3.197770833969116	0.0	0.0	0.0	0.0	0.0	0.0	0.0	0.0	0.0	0.0	0.0	0.0	0.0	3.3727428913116455	0.0	0.0	0.0	0.0	3.1479651927948	0.0	0.0	0.0	0.0	0.0	0.0	0.0	2.6551480293273926	2.568284273147583	0.0	2.668260335922241	0.0	0.0	0.0	0.0	3.052490472793579	0.0	0.0	2.396196126937866	0.0	1.8354531526565552	2.9947822093963623	0.0	0.0	0.0	0.0	3.932145118713379	0.0	0.0	0.0	0.0	0.0	0.0	0.0	0.0	0.0	0.0	0.0	0.0	0.0	0.0	2.4326817989349365	0.0	0.0	0.0	0.0	0.0	0.0
0.0	0.0	0.0	2.140651226043701	0.0	0.0	0.0	2.9512295722961426	0.0	0.0	3.0089123249053955	0.0	0.0	0.0	0.0	3.302459955215454	0.0	0.0	0.0	0.0	2.9113855361938477	0.0	0.0	0.0	0.0	2.870131731033325	3.4741294384002686	0.0	0.0	2.826686143875122	0.0	0.0	0.0	0.0	3.3828341960906982	3.1670687198638916	0.0	0.0	0.0	2.692256450653076	0.0	3.568474531173706	0.0	1.4930298328399658	0.0	0.0	0.0	0.0	0.0	2.0884616374969482	0.0	0.0	0.0	0.0	0.0	0.0	0.0	0.0	0.0	0.0	3.200552463531494	0.0	0.0	0.0	0.0	0.0	0.0	0.0	0.0	0.0	0.0	0.0	0.0	0.0	3.373854398727417	0.0	0.0	0.0	0.0	3.15425968170166	0.0	0.0	0.0	0.0	0.0	0.0	0.0	2.6590452194213867	2.570338726043701	0.0	2.6700432300567627	0.0	0.0	0.0	0.0	3.056703567504883	0.0	0.0	2.396695137023926	0.0	1.8397561311721802	2.9950432777404785	0.0	0.0	0.0	0.0	3.94095516204834	0.0	0.0	0.0	0.0	0.0	0.0	0.0	0.0	0.0	0.0	0.0	0.0	0.0	0.0	2.438913106918335	0.0	0.0	0.0	0.0	0.0	0.0
0.0	0.0	0.0	2.1323583126068115	0.0	0.0	0.0	2.9438464641571045	0.0	0.0	3.0043113231658936	0.0	0.0	0.0	0.0	3.290992021560669	0.0	0.0	0.0	0.0	2.905190944671631	0.0	0.0	0.0	0.0	2.8595893383026123	3.4649953842163086	0.0	0.0	2.8267295360565186	0.0	0.0	0.0	0.0	3.372692823410034	3.1604018211364746	0.0	0.0	0.0	2.68983793258667	0.0	3.5594401359558105	0.0	1.492922306060791	0.0	0.0	0.0	0.0	0.0	2.085205078125	0.0	0.0	0.0	0.0	0.0	0.0	0.0	0.0	0.0	0.0	3.1976587772369385	0.0	0.0	0.0	0.0	0.0	0.0	0.0	0.0	0.0	0.0	0.0	0.0	0.0	3.366894245147705	0.0	0.0	0.0	0.0	3.1425867080688477	0.0	0.0	0.0	0.0	0.0	0.0	0.0	2.652090072631836	2.563403606414795	0.0	2.6685824394226074	0.0	0.0	0.0	0.0	3.0568294525146484	0.0	0.0	2.3938562870025635	0.0	1.835538625717163	2.99149751663208	0.0	0.0	0.0	0.0	3.92840576171875	0.0	0.0	0.0	0.0	0.0	0.0	0.0	0.0	0.0	0.0	0.0	0.0	0.0	0.0	2.427847385406494	0.0	0.0	0.0	0.0	0.0	0.0
0.0	0.0	0.0	2.139117479324341	0.0	0.0	0.0	2.9441425800323486	0.0	0.0	3.004037857055664	0.0	0.0	0.0	0.0	3.2976760864257812	0.0	0.0	0.0	0.0	2.905059337615967	0.0	0.0	0.0	0.0	2.8610243797302246	3.468177556991577	0.0	0.0	2.825451135635376	0.0	0.0	0.0	0.0	3.37689208984375	3.157654285430908	0.0	0.0	0.0	2.6916589736938477	0.0	3.5639772415161133	0.0	1.4888601303100586	0.0	0.0	0.0	0.0	0.0	2.083549976348877	0.0	0.0	0.0	0.0	0.0	0.0	0.0	0.0	0.0	0.0	3.196774482727051	0.0	0.0	0.0	0.0	0.0	0.0	0.0	0.0	0.0	0.0	0.0	0.0	0.0	3.3657031059265137	0.0	0.0	0.0	0.0	3.1433584690093994	0.0	0.0	0.0	0.0	0.0	0.0	0.0	2.651592254638672	2.566356658935547	0.0	2.6642518043518066	0.0	0.0	0.0	0.0	3.0551648139953613	0.0	0.0	2.394826650619507	0.0	1.8330485820770264	2.9943480491638184	0.0	0.0	0.0	0.0	3.9318413734436035	0.0	0.0	0.0	0.0	0.0	0.0	0.0	0.0	0.0	0.0	0.0	0.0	0.0	0.0	2.4333646297454834	0.0	0.0	0.0	0.0	0.0	0.0
0.0	0.0	0.0	2.128114938735962	0.0	0.0	0.0	2.939716339111328	0.0	0.0	3.0003132820129395	0.0	0.0	0.0	0.0	3.287874221801758	0.0	0.0	0.0	0.0	2.9005727767944336	0.0	0.0	0.0	0.0	2.8594491481781006	3.463019847869873	0.0	0.0	2.818319082260132	0.0	0.0	0.0	0.0	3.3719284534454346	3.1544158458709717	0.0	0.0	0.0	2.6828131675720215	0.0	3.55543851852417	0.0	1.4882466793060303	0.0	0.0	0.0	0.0	0.0	2.081148147583008	0.0	0.0	0.0	0.0	0.0	0.0	0.0	0.0	0.0	0.0	3.1941328048706055	0.0	0.0	0.0	0.0	0.0	0.0	0.0	0.0	0.0	0.0	0.0	0.0	0.0	3.36285662651062	0.0	0.0	0.0	0.0	3.1421127319335938	0.0	0.0	0.0	0.0	0.0	0.0	0.0	2.6470303535461426	2.5598442554473877	0.0	2.6593589782714844	0.0	0.0	0.0	0.0	3.0491254329681396	0.0	0.0	2.390962839126587	0.0	1.832205891609192	2.9868171215057373	0.0	0.0	0.0	0.0	3.923212766647339	0.0	0.0	0.0	0.0	0.0	0.0	0.0	0.0	0.0	0.0	0.0	0.0	0.0	0.0	2.426435708999634	0.0	0.0	0.0	0.0	0.0	0.0
0.0	0.0	0.0	2.1413557529449463	0.0	0.0	0.0	2.948942184448242	0.0	0.0	3.01459002494812	0.0	0.0	0.0	0.0	3.3056235313415527	0.0	0.0	0.0	0.0	2.9119741916656494	0.0	0.0	0.0	0.0	2.868175745010376	3.471900224685669	0.0	0.0	2.827063798904419	0.0	0.0	0.0	0.0	3.3803439140319824	3.1644372940063477	0.0	0.0	0.0	2.703482151031494	0.0	3.5700714588165283	0.0	1.4929355382919312	0.0	0.0	0.0	0.0	0.0	2.0923402309417725	0.0	0.0	0.0	0.0	0.0	0.0	0.0	0.0	0.0	0.0	3.2025930881500244	0.0	0.0	0.0	0.0	0.0	0.0	0.0	0.0	0.0	0.0	0.0	0.0	0.0	3.3774523735046387	0.0	0.0	0.0	0.0	3.155134916305542	0.0	0.0	0.0	0.0	0.0	0.0	0.0	2.6551785469055176	2.5656981468200684	0.0	2.6710500717163086	0.0	0.0	0.0	0.0	3.0589864253997803	0.0	0.0	2.4014809131622314	0.0	1.8359993696212769	2.9973185062408447	0.0	0.0	0.0	0.0	3.936264991760254	0.0	0.0	0.0	0.0	0.0	0.0	0.0	0.0	0.0	0.0	0.0	0.0	0.0	0.0	2.4380180835723877	0.0	0.0	0.0	0.0	0.0	0.0
0.0	0.0	0.0	2.1353044509887695	0.0	0.0	0.0	2.949430227279663	0.0	0.0	3.0077075958251953	0.0	0.0	0.0	0.0	3.2966649532318115	0.0	0.0	0.0	0.0	2.9062063694000244	0.0	0.0	0.0	0.0	2.8669261932373047	3.4610607624053955	0.0	0.0	2.825301170349121	0.0	0.0	0.0	0.0	3.3760671615600586	3.1606457233428955	0.0	0.0	0.0	2.697506904602051	0.0	3.5642189979553223	0.0	1.4880330562591553	0.0	0.0	0.0	0.0	0.0	2.091913938522339	0.0	0.0	0.0	0.0	0.0	0.0	0.0	0.0	0.0	0.0	3.1985113620758057	0.0	0.0	0.0	0.0	0.0	0.0	0.0	0.0	0.0	0.0	0.0	0.0	0.0	3.3758561611175537	0.0	0.0	0.0	0.0	3.1513662338256836	0.0	0.0	0.0	0.0	0.0	0.0	0.0	2.652648687362671	2.566270112991333	0.0	2.6701064109802246	0.0	0.0	0.0	0.0	3.050781488418579	0.0	0.0	2.394947052001953	0.0	1.8330280780792236	2.9953837394714355	0.0	0.0	0.0	0.0	3.9301674365997314	0.0	0.0	0.0	0.0	0.0	0.0	0.0	0.0	0.0	0.0	0.0	0.0	0.0	0.0	2.432588577270508	0.0	0.0	0.0	0.0	0.0	0.0
0.0	0.0	0.0	2.135468006134033	0.0	0.0	0.0	2.945483446121216	0.0	0.0	3.0052804946899414	0.0	0.0	0.0	0.0	3.293323278427124	0.0	0.0	0.0	0.0	2.9049904346466064	0.0	0.0	0.0	0.0	2.859898567199707	3.4587604999542236	0.0	0.0	2.8195927143096924	0.0	0.0	0.0	0.0	3.3752291202545166	3.154327869415283	0.0	0.0	0.0	2.698031425476074	0.0	3.5573086738586426	0.0	1.484657883644104	0.0	0.0	0.0	0.0	0.0	2.087144136428833	0.0	0.0	0.0	0.0	0.0	0.0	0.0	0.0	0.0	0.0	3.1914868354797363	0.0	0.0	0.0	0.0	0.0	0.0	0.0	0.0	0.0	0.0	0.0	0.0	0.0	3.3683831691741943	0.0	0.0	0.0	0.0	3.145954132080078	0.0	0.0	0.0	0.0	0.0	0.0	0.0	2.6467936038970947	2.556706666946411	0.0	2.6618356704711914	0.0	0.0	0.0	0.0	3.0495529174804688	0.0	0.0	2.393834352493286	0.0	1.8327364921569824	2.9920847415924072	0.0	0.0	0.0	0.0	3.925377607345581	0.0	0.0	0.0	0.0	0.0	0.0	0.0	0.0	0.0	0.0	0.0	0.0	0.0	0.0	2.4320762157440186	0.0	0.0	0.0	0.0	0.0	0.0
0.0	0.0	0.0	2.1368236541748047	0.0	0.0	0.0	2.9474146366119385	0.0	0.0	3.0052707195281982	0.0	0.0	0.0	0.0	3.29702091217041	0.0	0.0	0.0	0.0	2.9079980850219727	0.0	0.0	0.0	0.0	2.865172863006592	3.4714200496673584	0.0	0.0	2.826430320739746	0.0	0.0	0.0	0.0	3.380967140197754	3.1619484424591064	0.0	0.0	0.0	2.6886496543884277	0.0	3.563985824584961	0.0	1.4980740547180176	0.0	0.0	0.0	0.0	0.0	2.082470417022705	0.0	0.0	0.0	0.0	0.0	0.0	0.0	0.0	0.0	0.0	3.197972536087036	0.0	0.0	0.0	0.0	0.0	0.0	0.0	0.0	0.0	0.0	0.0	0.0	0.0	3.3691229820251465	0.0	0.0	0.0	0.0	3.142751693725586	0.0	0.0	0.0	0.0	0.0	0.0	0.0	2.6556246280670166	2.5633673667907715	0.0	2.667984962463379	0.0	0.0	0.0	0.0	3.0621836185455322	0.0	0.0	2.396904468536377	0.0	1.8406469821929932	2.9961097240448	0.0	0.0	0.0	0.0	3.934525728225708	0.0	0.0	0.0	0.0	0.0	0.0	0.0	0.0	0.0	0.0	0.0	0.0	0.0	0.0	2.4338109493255615	0.0	0.0	0.0	0.0	0.0	0.0
0.0	0.0	0.0	2.1366400718688965	0.0	0.0	0.0	2.9497721195220947	0.0	0.0	3.0079803466796875	0.0	0.0	0.0	0.0	3.2935519218444824	0.0	0.0	0.0	0.0	2.907958745956421	0.0	0.0	0.0	0.0	2.8670871257781982	3.471313953399658	0.0	0.0	2.827241897583008	0.0	0.0	0.0	0.0	3.3817379474639893	3.159801721572876	0.0	0.0	0.0	2.694748640060425	0.0	3.571852445602417	0.0	1.4937262535095215	0.0	0.0	0.0	0.0	0.0	2.0869081020355225	0.0	0.0	0.0	0.0	0.0	0.0	0.0	0.0	0.0	0.0	3.202165365219116	0.0	0.0	0.0	0.0	0.0	0.0	0.0	0.0	0.0	0.0	0.0	0.0	0.0	3.375495433807373	0.0	0.0	0.0	0.0	3.150245189666748	0.0	0.0	0.0	0.0	0.0	0.0	0.0	2.6528542041778564	2.571262836456299	0.0	2.6684727668762207	0.0	0.0	0.0	0.0	3.061033248901367	0.0	0.0	2.3966283798217773	0.0	1.83380126953125	2.9974818229675293	0.0	0.0	0.0	0.0	3.9369399547576904	0.0	0.0	0.0	0.0	0.0	0.0	0.0	0.0	0.0	0.0	0.0	0.0	0.0	0.0	2.431422233581543	0.0	0.0	0.0	0.0	0.0	0.0
0.0	0.0	0.0	2.1373238563537598	0.0	0.0	0.0	2.9519169330596924	0.0	0.0	3.010411500930786	0.0	0.0	0.0	0.0	3.3036975860595703	0.0	0.0	0.0	0.0	2.9088242053985596	0.0	0.0	0.0	0.0	2.8743155002593994	3.4737308025360107	0.0	0.0	2.8282570838928223	0.0	0.0	0.0	0.0	3.385666608810425	3.1657979488372803	0.0	0.0	0.0	2.693636894226074	0.0	3.5693485736846924	0.0	1.4919852018356323	0.0	0.0	0.0	0.0	0.0	2.0957067012786865	0.0	0.0	0.0	0.0	0.0	0.0	0.0	0.0	0.0	0.0	3.2012429237365723	0.0	0.0	0.0	0.0	0.0	0.0	0.0	0.0	0.0	0.0	0.0	0.0	0.0	3.3761701583862305	0.0	0.0	0.0	0.0	3.157217502593994	0.0	0.0	0.0	0.0	0.0	0.0	0.0	2.6591529846191406	2.573894500732422	0.0	2.6725289821624756	0.0	0.0	0.0	0.0	3.0560619831085205	0.0	0.0	2.3978207111358643	0.0	1.8365063667297363	2.996453046798706	0.0	0.0	0.0	0.0	3.9369120597839355	0.0	0.0	0.0	0.0	0.0	0.0	0.0	0.0	0.0	0.0	0.0	0.0	0.0	0.0	2.4353339672088623	0.0	0.0	0.0	0.0	0.0	0.0
0.0	0.0	0.0	2.1338045597076416	0.0	0.0	0.0	2.939296245574951	0.0	0.0	3.0037951469421387	0.0	0.0	0.0	0.0	3.2957139015197754	0.0	0.0	0.0	0.0	2.9011573791503906	0.0	0.0	0.0	0.0	2.8639614582061768	3.46048903465271	0.0	0.0	2.822430372238159	0.0	0.0	0.0	0.0	3.3725216388702393	3.1506717205047607	0.0	0.0	0.0	2.691263198852539	0.0	3.5579159259796143	0.0	1.486786961555481	0.0	0.0	0.0	0.0	0.0	2.08357572555542	0.0	0.0	0.0	0.0	0.0	0.0	0.0	0.0	0.0	0.0	3.194089651107788	0.0	0.0	0.0	0.0	0.0	0.0	0.0	0.0	0.0	0.0	0.0	0.0	0.0	3.3674466609954834	0.0	0.0	0.0	0.0	3.1447534561157227	0.0	0.0	0.0	0.0	0.0	0.0	0.0	2.6447033882141113	2.5654714107513428	0.0	2.6618101596832275	0.0	0.0	0.0	0.0	3.047208070755005	0.0	0.0	2.3914148807525635	0.0	1.829869031906128	2.991074562072754	0.0	0.0	0.0	0.0	3.9212393760681152	0.0	0.0	0.0	0.0	0.0	0.0	0.0	0.0	0.0	0.0	0.0	0.0	0.0	0.0	2.430748701095581	0.0	0.0	0.0	0.0	0.0	0.0
0.0	0.0	0.0	2.131335735321045	0.0	0.0	0.0	2.939591884613037	0.0	0.0	3.0003929138183594	0.0	0.0	0.0	0.0	3.291644811630249	0.0	0.0	0.0	0.0	2.8997061252593994	0.0	0.0	0.0	0.0	2.8565514087677	3.4552438259124756	0.0	0.0	2.8172812461853027	0.0	0.0	0.0	0.0	3.3674159049987793	3.1525251865386963	0.0	0.0	0.0	2.6857755184173584	0.0	3.5534956455230713	0.0	1.4813483953475952	0.0	0.0	0.0	0.0	0.0	2.0854809284210205	0.0	0.0	0.0	0.0	0.0	0.0	0.0	0.0	0.0	0.0	3.1857199668884277	0.0	0.0	0.0	0.0	0.0	0.0	0.0	0.0	0.0	0.0	0.0	0.0	0.0	3.362867593765259	0.0	0.0	0.0	0.0	3.138921022415161	0.0	0.0	0.0	0.0	0.0	0.0	0.0	2.6451613903045654	2.558819532394409	0.0	2.6618893146514893	0.0	0.0	0.0	0.0	3.043337821960449	0.0	0.0	2.38657546043396	0.0	1.8274272680282593	2.988765001296997	0.0	0.0	0.0	0.0	3.9172003269195557	0.0	0.0	0.0	0.0	0.0	0.0	0.0	0.0	0.0	0.0	0.0	0.0	0.0	0.0	2.4266510009765625	0.0	0.0	0.0	0.0	0.0	0.0
0.0	0.0	0.0	2.1365599632263184	0.0	0.0	0.0	2.9458887577056885	0.0	0.0	3.009103775024414	0.0	0.0	0.0	0.0	3.298034906387329	0.0	0.0	0.0	0.0	2.905263662338257	0.0	0.0	0.0	0.0	2.867915153503418	3.4642417430877686	0.0	0.0	2.824479103088379	0.0	0.0	0.0	0.0	3.3776655197143555	3.1595590114593506	0.0	0.0	0.0	2.6916489601135254	0.0	3.5624775886535645	0.0	1.488403558731079	0.0	0.0	0.0	0.0	0.0	2.088169813156128	0.0	0.0	0.0	0.0	0.0	0.0	0.0	0.0	0.0	0.0	3.1946542263031006	0.0	0.0	0.0	0.0	0.0	0.0	0.0	0.0	0.0	0.0	0.0	0.0	0.0	3.371934652328491	0.0	0.0	0.0	0.0	3.147566556930542	0.0	0.0	0.0	0.0	0.0	0.0	0.0	2.6503288745880127	2.569575071334839	0.0	2.666220188140869	0.0	0.0	0.0	0.0	3.0506296157836914	0.0	0.0	2.3953757286071777	0.0	1.8304115533828735	2.9908361434936523	0.0	0.0	0.0	0.0	3.9284396171569824	0.0	0.0	0.0	0.0	0.0	0.0	0.0	0.0	0.0	0.0	0.0	0.0	0.0	0.0	2.432257890701294	0.0	0.0	0.0	0.0	0.0	0.0
0.0	0.0	0.0	2.135697603225708	0.0	0.0	0.0	2.9493467807769775	0.0	0.0	3.0099151134490967	0.0	0.0	0.0	0.0	3.296190023422241	0.0	0.0	0.0	0.0	2.9132556915283203	0.0	0.0	0.0	0.0	2.863492250442505	3.4635820388793945	0.0	0.0	2.82769775390625	0.0	0.0	0.0	0.0	3.376281976699829	3.1582579612731934	0.0	0.0	0.0	2.696000814437866	0.0	3.5663366317749023	0.0	1.4885671138763428	0.0	0.0	0.0	0.0	0.0	2.088177442550659	0.0	0.0	0.0	0.0	0.0	0.0	0.0	0.0	0.0	0.0	3.200303316116333	0.0	0.0	0.0	0.0	0.0	0.0	0.0	0.0	0.0	0.0	0.0	0.0	0.0	3.371847152709961	0.0	0.0	0.0	0.0	3.1477243900299072	0.0	0.0	0.0	0.0	0.0	0.0	0.0	2.6518137454986572	2.558084726333618	0.0	2.6668426990509033	0.0	0.0	0.0	0.0	3.0629005432128906	0.0	0.0	2.3983569145202637	0.0	1.834088683128357	2.996089458465576	0.0	0.0	0.0	0.0	3.933626174926758	0.0	0.0	0.0	0.0	0.0	0.0	0.0	0.0	0.0	0.0	0.0	0.0	0.0	0.0	2.4337761402130127	0.0	0.0	0.0	0.0	0.0	0.0
0.0	0.0	0.0	2.1387596130371094	0.0	0.0	0.0	2.9468460083007812	0.0	0.0	3.003279209136963	0.0	0.0	0.0	0.0	3.2888619899749756	0.0	0.0	0.0	0.0	2.90873384475708	0.0	0.0	0.0	0.0	2.858423948287964	3.463587999343872	0.0	0.0	2.8264389038085938	0.0	0.0	0.0	0.0	3.379150867462158	3.157201051712036	0.0	0.0	0.0	2.686816930770874	0.0	3.5668163299560547	0.0	1.4892586469650269	0.0	0.0	0.0	0.0	0.0	2.080198049545288	0.0	0.0	0.0	0.0	0.0	0.0	0.0	0.0	0.0	0.0	3.1937990188598633	0.0	0.0	0.0	0.0	0.0	0.0	0.0	0.0	0.0	0.0	0.0	0.0	0.0	3.3638226985931396	0.0	0.0	0.0	0.0	3.1444125175476074	0.0	0.0	0.0	0.0	0.0	0.0	0.0	2.655116558074951	2.5599074363708496	0.0	2.6703619956970215	0.0	0.0	0.0	0.0	3.0592024326324463	0.0	0.0	2.395186424255371	0.0	1.8336882591247559	2.991619825363159	0.0	0.0	0.0	0.0	3.926140785217285	0.0	0.0	0.0	0.0	0.0	0.0	0.0	0.0	0.0	0.0	0.0	0.0	0.0	0.0	2.432868242263794	0.0	0.0	0.0	0.0	0.0	0.0
0.0	0.0	0.0	2.1372859477996826	0.0	0.0	0.0	2.9492509365081787	0.0	0.0	3.0120160579681396	0.0	0.0	0.0	0.0	3.30446457862854	0.0	0.0	0.0	0.0	2.9102437496185303	0.0	0.0	0.0	0.0	2.871602773666382	3.472811222076416	0.0	0.0	2.8275110721588135	0.0	0.0	0.0	0.0	3.384732723236084	3.1635549068450928	0.0	0.0	0.0	2.6971938610076904	0.0	3.572328567504883	0.0	1.4873822927474976	0.0	0.0	0.0	0.0	0.0	2.0882630348205566	0.0	0.0	0.0	0.0	0.0	0.0	0.0	0.0	0.0	0.0	3.2015573978424072	0.0	0.0	0.0	0.0	0.0	0.0	0.0	0.0	0.0	0.0	0.0	0.0	0.0	3.373000144958496	0.0	0.0	0.0	0.0	3.156147003173828	0.0	0.0	0.0	0.0	0.0	0.0	0.0	2.651247024536133	2.5700106620788574	0.0	2.6705162525177	0.0	0.0	0.0	0.0	3.0568954944610596	0.0	0.0	2.394080638885498	0.0	1.8352116346359253	2.9999241828918457	0.0	0.0	0.0	0.0	3.9353013038635254	0.0	0.0	0.0	0.0	0.0	0.0	0.0	0.0	0.0	0.0	0.0	0.0	0.0	0.0	2.4348785877227783	0.0	0.0	0.0	0.0	0.0	0.0
0.0	0.0	0.0	2.1310291290283203	0.0	0.0	0.0	2.93827748298645	0.0	0.0	3.0006613731384277	0.0	0.0	0.0	0.0	3.285792112350464	0.0	0.0	0.0	0.0	2.901575803756714	0.0	0.0	0.0	0.0	2.859023094177246	3.459779739379883	0.0	0.0	2.816347360610962	0.0	0.0	0.0	0.0	3.370744228363037	3.153883457183838	0.0	0.0	0.0	2.6812267303466797	0.0	3.5536930561065674	0.0	1.4887607097625732	0.0	0.0	0.0	0.0	0.0	2.083644390106201	0.0	0.0	0.0	0.0	0.0	0.0	0.0	0.0	0.0	0.0	3.1942596435546875	0.0	0.0	0.0	0.0	0.0	0.0	0.0	0.0	0.0	0.0	0.0	0.0	0.0	3.362293004989624	0.0	0.0	0.0	0.0	3.1435065269470215	0.0	0.0	0.0	0.0	0.0	0.0	0.0	2.6463005542755127	2.560504913330078	0.0	2.664463996887207	0.0	0.0	0.0	0.0	3.0497210025787354	0.0	0.0	2.3890857696533203	0.0	1.8329854011535645	2.9905834197998047	0.0	0.0	0.0	0.0	3.9234910011291504	0.0	0.0	0.0	0.0	0.0	0.0	0.0	0.0	0.0	0.0	0.0	0.0	0.0	0.0	2.429574728012085	0.0	0.0	0.0	0.0	0.0	0.0
0.0	0.0	0.0	2.14078950881958	0.0	0.0	0.0	2.9572229385375977	0.0	0.0	3.0153515338897705	0.0	0.0	0.0	0.0	3.3051376342773438	0.0	0.0	0.0	0.0	2.9112894535064697	0.0	0.0	0.0	0.0	2.8735899925231934	3.48010516166687	0.0	0.0	2.8296470642089844	0.0	0.0	0.0	0.0	3.391227960586548	3.166628122329712	0.0	0.0	0.0	2.696593761444092	0.0	3.5743567943573	0.0	1.490241289138794	0.0	0.0	0.0	0.0	0.0	2.091221332550049	0.0	0.0	0.0	0.0	0.0	0.0	0.0	0.0	0.0	0.0	3.2056937217712402	0.0	0.0	0.0	0.0	0.0	0.0	0.0	0.0	0.0	0.0	0.0	0.0	0.0	3.3743975162506104	0.0	0.0	0.0	0.0	3.155494451522827	0.0	0.0	0.0	0.0	0.0	0.0	0.0	2.6581177711486816	2.5771639347076416	0.0	2.6713733673095703	0.0	0.0	0.0	0.0	3.0570144653320312	0.0	0.0	2.4011430740356445	0.0	1.8372681140899658	2.9967894554138184	0.0	0.0	0.0	0.0	3.945239782333374	0.0	0.0	0.0	0.0	0.0	0.0	0.0	0.0	0.0	0.0	0.0	0.0	0.0	0.0	2.4377501010894775	0.0	0.0	0.0	0.0	0.0	0.0
0.0	0.0	0.0	2.140709400177002	0.0	0.0	0.0	2.9481301307678223	0.0	0.0	3.010240316390991	0.0	0.0	0.0	0.0	3.3009140491485596	0.0	0.0	0.0	0.0	2.913383960723877	0.0	0.0	0.0	0.0	2.869079351425171	3.4737815856933594	0.0	0.0	2.8263325691223145	0.0	0.0	0.0	0.0	3.3797109127044678	3.165316581726074	0.0	0.0	0.0	2.6894209384918213	0.0	3.5671472549438477	0.0	1.4923056364059448	0.0	0.0	0.0	0.0	0.0	2.086203098297119	0.0	0.0	0.0	0.0	0.0	0.0	0.0	0.0	0.0	0.0	3.2023115158081055	0.0	0.0	0.0	0.0	0.0	0.0	0.0	0.0	0.0	0.0	0.0	0.0	0.0	3.372234344482422	0.0	0.0	0.0	0.0	3.1474809646606445	0.0	0.0	0.0	0.0	0.0	0.0	0.0	2.655285358428955	2.5681803226470947	0.0	2.6702253818511963	0.0	0.0	0.0	0.0	3.059314727783203	0.0	0.0	2.399585247039795	0.0	1.8373756408691406	2.9957454204559326	0.0	0.0	0.0	0.0	3.9400858879089355	0.0	0.0	0.0	0.0	0.0	0.0	0.0	0.0	0.0	0.0	0.0	0.0	0.0	0.0	2.434206962585449	0.0	0.0	0.0	0.0	0.0	0.0
0.0	0.0	0.0	2.139786958694458	0.0	0.0	0.0	2.9484682083129883	0.0	0.0	3.006709098815918	0.0	0.0	0.0	0.0	3.2960026264190674	0.0	0.0	0.0	0.0	2.908855676651001	0.0	0.0	0.0	0.0	2.863474130630493	3.4693543910980225	0.0	0.0	2.8240370750427246	0.0	0.0	0.0	0.0	3.382362127304077	3.1611168384552	0.0	0.0	0.0	2.687879800796509	0.0	3.5654873847961426	0.0	1.4864985942840576	0.0	0.0	0.0	0.0	0.0	2.0856215953826904	0.0	0.0	0.0	0.0	0.0	0.0	0.0	0.0	0.0	0.0	3.1976675987243652	0.0	0.0	0.0	0.0	0.0	0.0	0.0	0.0	0.0	0.0	0.0	0.0	0.0	3.3680288791656494	0.0	0.0	0.0	0.0	3.1476571559906006	0.0	0.0	0.0	0.0	0.0	0.0	0.0	2.6564815044403076	2.568861246109009	0.0	2.6656577587127686	0.0	0.0	0.0	0.0	3.0534610748291016	0.0	0.0	2.391148328781128	0.0	1.8354824781417847	2.9938137531280518	0.0	0.0	0.0	0.0	3.933103084564209	0.0	0.0	0.0	0.0	0.0	0.0	0.0	0.0	0.0	0.0	0.0	0.0	0.0	0.0	2.434678792953491	0.0	0.0	0.0	0.0	0.0	0.0
0.0	0.0	0.0	2.140062093734741	0.0	0.0	0.0	2.9497976303100586	0.0	0.0	3.0133719444274902	0.0	0.0	0.0	0.0	3.30485200881958	0.0	0.0	0.0	0.0	2.909149408340454	0.0	0.0	0.0	0.0	2.8674020767211914	3.4721038341522217	0.0	0.0	2.830763578414917	0.0	0.0	0.0	0.0	3.3805336952209473	3.1634159088134766	0.0	0.0	0.0	2.6949081420898438	0.0	3.571573257446289	0.0	1.4963921308517456	0.0	0.0	0.0	0.0	0.0	2.0851283073425293	0.0	0.0	0.0	0.0	0.0	0.0	0.0	0.0	0.0	0.0	3.2056446075439453	0.0	0.0	0.0	0.0	0.0	0.0	0.0	0.0	0.0	0.0	0.0	0.0	0.0	3.3758716583251953	0.0	0.0	0.0	0.0	3.152129650115967	0.0	0.0	0.0	0.0	0.0	0.0	0.0	2.65580153465271	2.5729148387908936	0.0	2.6747281551361084	0.0	0.0	0.0	0.0	3.0555355548858643	0.0	0.0	2.4003798961639404	0.0	1.834412693977356	3.0001187324523926	0.0	0.0	0.0	0.0	3.936129570007324	0.0	0.0	0.0	0.0	0.0	0.0	0.0	0.0	0.0	0.0	0.0	0.0	0.0	0.0	2.439643383026123	0.0	0.0	0.0	0.0	0.0	0.0
0.0	0.0	0.0	2.1379554271698	0.0	0.0	0.0	2.94110107421875	0.0	0.0	3.00335693359375	0.0	0.0	0.0	0.0	3.281961679458618	0.0	0.0	0.0	0.0	2.9025766849517822	0.0	0.0	0.0	0.0	2.8615219593048096	3.464888334274292	0.0	0.0	2.8236536979675293	0.0	0.0	0.0	0.0	3.3754942417144775	3.157371997833252	0.0	0.0	0.0	2.683565616607666	0.0	3.55730938911438	0.0	1.4902257919311523	0.0	0.0	0.0	0.0	0.0	2.08420729637146	0.0	0.0	0.0	0.0	0.0	0.0	0.0	0.0	0.0	0.0	3.1959216594696045	0.0	0.0	0.0	0.0	0.0	0.0	0.0	0.0	0.0	0.0	0.0	0.0	0.0	3.3646597862243652	0.0	0.0	0.0	0.0	3.139937400817871	0.0	0.0	0.0	0.0	0.0	0.0	0.0	2.6512436866760254	2.561922311782837	0.0	2.665605306625366	0.0	0.0	0.0	0.0	3.051403522491455	0.0	0.0	2.388477325439453	0.0	1.8329336643218994	2.9915223121643066	0.0	0.0	0.0	0.0	3.9259939193725586	0.0	0.0	0.0	0.0	0.0	0.0	0.0	0.0	0.0	0.0	0.0	0.0	0.0	0.0	2.4297420978546143	0.0	0.0	0.0	0.0	0.0	0.0
0.0	0.0	0.0	2.13276743888855	0.0	0.0	0.0	2.9493751525878906	0.0	0.0	3.008037805557251	0.0	0.0	0.0	0.0	3.2925305366516113	0.0	0.0	0.0	0.0	2.9027435779571533	0.0	0.0	0.0	0.0	2.865691900253296	3.470238447189331	0.0	0.0	2.826225757598877	0.0	0.0	0.0	0.0	3.3742542266845703	3.1597814559936523	0.0	0.0	0.0	2.6864681243896484	0.0	3.5629947185516357	0.0	1.4991815090179443	0.0	0.0	0.0	0.0	0.0	2.0847127437591553	0.0	0.0	0.0	0.0	0.0	0.0	0.0	0.0	0.0	0.0	3.2033324241638184	0.0	0.0	0.0	0.0	0.0	0.0	0.0	0.0	0.0	0.0	0.0	0.0	0.0	3.371195077896118	0.0	0.0	0.0	0.0	3.146345853805542	0.0	0.0	0.0	0.0	0.0	0.0	0.0	2.6541216373443604	2.5635547637939453	0.0	2.66959810256958	0.0	0.0	0.0	0.0	3.0560672283172607	0.0	0.0	2.3977410793304443	0.0	1.8341506719589233	2.9962961673736572	0.0	0.0	0.0	0.0	3.931774854660034	0.0	0.0	0.0	0.0	0.0	0.0	0.0	0.0	0.0	0.0	0.0	0.0	0.0	0.0	2.429192304611206	0.0	0.0	0.0	0.0	0.0	0.0
0.0	0.0	0.0	2.1388485431671143	0.0	0.0	0.0	2.947319507598877	0.0	0.0	3.0077764987945557	0.0	0.0	0.0	0.0	3.2991602420806885	0.0	0.0	0.0	0.0	2.9126431941986084	0.0	0.0	0.0	0.0	2.8685171604156494	3.467898368835449	0.0	0.0	2.826941967010498	0.0	0.0	0.0	0.0	3.379215955734253	3.1600735187530518	0.0	0.0	0.0	2.699962854385376	0.0	3.5661399364471436	0.0	1.4843116998672485	0.0	0.0	0.0	0.0	0.0	2.088287591934204	0.0	0.0	0.0	0.0	0.0	0.0	0.0	0.0	0.0	0.0	3.1969926357269287	0.0	0.0	0.0	0.0	0.0	0.0	0.0	0.0	0.0	0.0	0.0	0.0	0.0	3.3763482570648193	0.0	0.0	0.0	0.0	3.149345874786377	0.0	0.0	0.0	0.0	0.0	0.0	0.0	2.6498584747314453	2.561662197113037	0.0	2.667006254196167	0.0	0.0	0.0	0.0	3.0606272220611572	0.0	0.0	2.3952255249023438	0.0	1.8342353105545044	2.9973576068878174	0.0	0.0	0.0	0.0	3.930344343185425	0.0	0.0	0.0	0.0	0.0	0.0	0.0	0.0	0.0	0.0	0.0	0.0	0.0	0.0	2.4327754974365234	0.0	0.0	0.0	0.0	0.0	0.0
0.0	0.0	0.0	2.13832426071167	0.0	0.0	0.0	2.9489564895629883	0.0	0.0	3.010854482650757	0.0	0.0	0.0	0.0	3.302358627319336	0.0	0.0	0.0	0.0	2.9102418422698975	0.0	0.0	0.0	0.0	2.867079734802246	3.471747398376465	0.0	0.0	2.830003261566162	0.0	0.0	0.0	0.0	3.3828511238098145	3.160705804824829	0.0	0.0	0.0	2.694295883178711	0.0	3.5690317153930664	0.0	1.4880914688110352	0.0	0.0	0.0	0.0	0.0	2.088409900665283	0.0	0.0	0.0	0.0	0.0	0.0	0.0	0.0	0.0	0.0	3.1991183757781982	0.0	0.0	0.0	0.0	0.0	0.0	0.0	0.0	0.0	0.0	0.0	0.0	0.0	3.3751156330108643	0.0	0.0	0.0	0.0	3.150287628173828	0.0	0.0	0.0	0.0	0.0	0.0	0.0	2.6560921669006348	2.5724620819091797	0.0	2.6677873134613037	0.0	0.0	0.0	0.0	3.0563018321990967	0.0	0.0	2.3963067531585693	0.0	1.8379364013671875	2.995849370956421	0.0	0.0	0.0	0.0	3.937615394592285	0.0	0.0	0.0	0.0	0.0	0.0	0.0	0.0	0.0	0.0	0.0	0.0	0.0	0.0	2.434593439102173	0.0	0.0	0.0	0.0	0.0	0.0
0.0	0.0	0.0	2.1329739093780518	0.0	0.0	0.0	2.943702459335327	0.0	0.0	3.0032854080200195	0.0	0.0	0.0	0.0	3.2895734310150146	0.0	0.0	0.0	0.0	2.9079360961914062	0.0	0.0	0.0	0.0	2.861604690551758	3.460061550140381	0.0	0.0	2.8193163871765137	0.0	0.0	0.0	0.0	3.3727595806121826	3.1542129516601562	0.0	0.0	0.0	2.688769817352295	0.0	3.559527635574341	0.0	1.4882802963256836	0.0	0.0	0.0	0.0	0.0	2.084294080734253	0.0	0.0	0.0	0.0	0.0	0.0	0.0	0.0	0.0	0.0	3.192441463470459	0.0	0.0	0.0	0.0	0.0	0.0	0.0	0.0	0.0	0.0	0.0	0.0	0.0	3.3674533367156982	0.0	0.0	0.0	0.0	3.145202875137329	0.0	0.0	0.0	0.0	0.0	0.0	0.0	2.6488115787506104	2.5630245208740234	0.0	2.6630351543426514	0.0	0.0	0.0	0.0	3.0555028915405273	0.0	0.0	2.3911712169647217	0.0	1.8309351205825806	2.990060567855835	0.0	0.0	0.0	0.0	3.926100492477417	0.0	0.0	0.0	0.0	0.0	0.0	0.0	0.0	0.0	0.0	0.0	0.0	0.0	0.0	2.4298346042633057	0.0	0.0	0.0	0.0	0.0	0.0
0.0	0.0	0.0	2.1431593894958496	0.0	0.0	0.0	2.9537441730499268	0.0	0.0	3.0134952068328857	0.0	0.0	0.0	0.0	3.304262399673462	0.0	0.0	0.0	0.0	2.9129154682159424	0.0	0.0	0.0	0.0	2.868112802505493	3.4757769107818604	0.0	0.0	2.8271894454956055	0.0	0.0	0.0	0.0	3.387078046798706	3.1635427474975586	0.0	0.0	0.0	2.6964316368103027	0.0	3.568418264389038	0.0	1.4870632886886597	0.0	0.0	0.0	0.0	0.0	2.088052749633789	0.0	0.0	0.0	0.0	0.0	0.0	0.0	0.0	0.0	0.0	3.2046780586242676	0.0	0.0	0.0	0.0	0.0	0.0	0.0	0.0	0.0	0.0	0.0	0.0	0.0	3.373171806335449	0.0	0.0	0.0	0.0	3.149108648300171	0.0	0.0	0.0	0.0	0.0	0.0	0.0	2.658853054046631	2.57161808013916	0.0	2.668682336807251	0.0	0.0	0.0	0.0	3.0624301433563232	0.0	0.0	2.396987199783325	0.0	1.836024284362793	2.9989492893218994	0.0	0.0	0.0	0.0	3.9382402896881104	0.0	0.0	0.0	0.0	0.0	0.0	0.0	0.0	0.0	0.0	0.0	0.0	0.0	0.0	2.436131000518799	0.0	0.0	0.0	0.0	0.0	0.0
0.0	0.0	0.0	2.1308815479278564	0.0	0.0	0.0	2.9409918785095215	0.0	0.0	3.000518560409546	0.0	0.0	0.0	0.0	3.2891390323638916	0.0	0.0	0.0	0.0	2.90448260307312	0.0	0.0	0.0	0.0	2.8639168739318848	3.463117837905884	0.0	0.0	2.821676254272461	0.0	0.0	0.0	0.0	3.370980739593506	3.154365301132202	0.0	0.0	0.0	2.6836764812469482	0.0	3.5591695308685303	0.0	1.4894582033157349	0.0	0.0	0.0	0.0	0.0	2.082185745239258	0.0	0.0	0.0	0.0	0.0	0.0	0.0	0.0	0.0	0.0	3.1921274662017822	0.0	0.0	0.0	0.0	0.0	0.0	0.0	0.0	0.0	0.0	0.0	0.0	0.0	3.361942768096924	0.0	0.0	0.0	0.0	3.148606777191162	0.0	0.0	0.0	0.0	0.0	0.0	0.0	2.6480960845947266	2.5676066875457764	0.0	2.666398763656616	0.0	0.0	0.0	0.0	3.048776388168335	0.0	0.0	2.3913285732269287	0.0	1.8301641941070557	2.9894001483917236	0.0	0.0	0.0	0.0	3.9196858406066895	0.0	0.0	0.0	0.0	0.0	0.0	0.0	0.0	0.0	0.0	0.0	0.0	0.0	0.0	2.426056385040283	0.0	0.0	0.0	0.0	0.0	0.0
0.0	0.0	0.0	2.135179281234741	0.0	0.0	0.0	2.9404296875	0.0	0.0	3.0066943168640137	0.0	0.0	0.0	0.0	3.2939274311065674	0.0	0.0	0.0	0.0	2.904306173324585	0.0	0.0	0.0	0.0	2.868459463119507	3.4691555500030518	0.0	0.0	2.8206634521484375	0.0	0.0	0.0	0.0	3.3774051666259766	3.1575541496276855	0.0	0.0	0.0	2.6871376037597656	0.0	3.5624160766601562	0.0	1.4898650646209717	0.0	0.0	0.0	0.0	0.0	2.08547043800354	0.0	0.0	0.0	0.0	0.0	0.0	0.0	0.0	0.0	0.0	3.1976099014282227	0.0	0.0	0.0	0.0	0.0	0.0	0.0	0.0	0.0	0.0	0.0	0.0	0.0	3.367117404937744	0.0	0.0	0.0	0.0	3.1477978229522705	0.0	0.0	0.0	0.0	0.0	0.0	0.0	2.6536428928375244	2.5670084953308105	0.0	2.666064739227295	0.0	0.0	0.0	0.0	3.057354211807251	0.0	0.0	2.392897367477417	0.0	1.8346493244171143	2.9969029426574707	0.0	0.0	0.0	0.0	3.931166172027588	0.0	0.0	0.0	0.0	0.0	0.0	0.0	0.0	0.0	0.0	0.0	0.0	0.0	0.0	2.4335408210754395	0.0	0.0	0.0	0.0	0.0	0.0
0.0	0.0	0.0	2.136749505996704	0.0	0.0	0.0	2.9475934505462646	0.0	0.0	3.0079832077026367	0.0	0.0	0.0	0.0	3.2966842651367188	0.0	0.0	0.0	0.0	2.9137165546417236	0.0	0.0	0.0	0.0	2.869565010070801	3.468625783920288	0.0	0.0	2.826859712600708	0.0	0.0	0.0	0.0	3.3764967918395996	3.1638987064361572	0.0	0.0	0.0	2.6906373500823975	0.0	3.5663273334503174	0.0	1.4904730319976807	0.0	0.0	0.0	0.0	0.0	2.085148572921753	0.0	0.0	0.0	0.0	0.0	0.0	0.0	0.0	0.0	0.0	3.2028722763061523	0.0	0.0	0.0	0.0	0.0	0.0	0.0	0.0	0.0	0.0	0.0	0.0	0.0	3.373847484588623	0.0	0.0	0.0	0.0	3.15382719039917	0.0	0.0	0.0	0.0	0.0	0.0	0.0	2.6554086208343506	2.5725913047790527	0.0	2.669426679611206	0.0	0.0	0.0	0.0	3.056643486022949	0.0	0.0	2.3959319591522217	0.0	1.8328768014907837	2.9973156452178955	0.0	0.0	0.0	0.0	3.92934250831604	0.0	0.0	0.0	0.0	0.0	0.0	0.0	0.0	0.0	0.0	0.0	0.0	0.0	0.0	2.4298646450042725	0.0	0.0	0.0	0.0	0.0	0.0
0.0	0.0	0.0	2.135430335998535	0.0	0.0	0.0	2.9419305324554443	0.0	0.0	3.004300832748413	0.0	0.0	0.0	0.0	3.2903823852539062	0.0	0.0	0.0	0.0	2.902190685272217	0.0	0.0	0.0	0.0	2.864198684692383	3.4623076915740967	0.0	0.0	2.8190815448760986	0.0	0.0	0.0	0.0	3.3734331130981445	3.156965732574463	0.0	0.0	0.0	2.6853277683258057	0.0	3.558727264404297	0.0	1.4899953603744507	0.0	0.0	0.0	0.0	0.0	2.0845115184783936	0.0	0.0	0.0	0.0	0.0	0.0	0.0	0.0	0.0	0.0	3.193488597869873	0.0	0.0	0.0	0.0	0.0	0.0	0.0	0.0	0.0	0.0	0.0	0.0	0.0	3.3627536296844482	0.0	0.0	0.0	0.0	3.1405062675476074	0.0	0.0	0.0	0.0	0.0	0.0	0.0	2.6534621715545654	2.565671682357788	0.0	2.6650187969207764	0.0	0.0	0.0	0.0	3.050410032272339	0.0	0.0	2.3938541412353516	0.0	1.8292782306671143	2.991966485977173	0.0	0.0	0.0	0.0	3.9255733489990234	0.0	0.0	0.0	0.0	0.0	0.0	0.0	0.0	0.0	0.0	0.0	0.0	0.0	0.0	2.4304099082946777	0.0	0.0	0.0	0.0	0.0	0.0
