0.0	0.0	0.0	9.196475982666016	0.0	0.0	0.0	0.0	0.0	6.281937122344971	0.0	0.0	0.0	0.0	0.0	0.0	0.0	9.388155937194824	0.0	8.306731224060059	0.0	0.0	0.0	0.0	0.0	0.0	0.0	9.960416793823242	0.0	0.0	0.0	9.596375465393066	0.0	7.7679972648620605	0.0	0.0	0.0	4.416799545288086	10.862552642822266	0.0	0.0	0.0	0.0	0.0	0.0	0.0	0.0	0.0	9.518442153930664	0.0	0.0	0.0	0.0	0.0	0.0	0.0	0.0	0.0	7.077170372009277	0.0	5.179614543914795	0.0	8.40954875946045	0.0
0.0	0.0	0.0	9.240620613098145	0.0	0.0	0.0	0.0	0.0	6.317677021026611	0.0	0.0	0.0	0.0	0.0	0.0	0.0	9.427660942077637	0.0	8.34341812133789	0.0	0.0	0.0	0.0	0.0	0.0	0.0	10.005132675170898	0.0	0.0	0.0	9.637290954589844	0.0	7.807382106781006	0.0	0.0	0.0	4.4409098625183105	10.913457870483398	0.0	0.0	0.0	0.0	0.0	0.0	0.0	0.0	0.0	9.558310508728027	0.0	0.0	0.0	0.0	0.0	0.0	0.0	0.0	0.0	7.110874652862549	0.0	5.2077813148498535	0.0	8.4479398727417	0.0
0.0	0.0	0.0	9.059542655944824	0.0	0.0	0.0	0.0	0.0	6.181551456451416	0.0	0.0	0.0	0.0	0.0	0.0	0.0	9.232781410217285	0.0	8.169677734375	0.0	0.0	0.0	0.0	0.0	0.0	0.0	9.798398971557617	0.0	0.0	0.0	9.440226554870605	0.0	7.642712116241455	0.0	0.0	0.0	4.350413799285889	10.691518783569336	0.0	0.0	0.0	0.0	0.0	0.0	0.0	0.0	0.0	9.363897323608398	0.0	0.0	0.0	0.0	0.0	0.0	0.0	0.0	0.0	6.963751316070557	0.0	5.101619243621826	0.0	8.272673606872559	0.0
0.0	0.0	0.0	9.002256393432617	0.0	0.0	0.0	0.0	0.0	6.151974678039551	0.0	0.0	0.0	0.0	0.0	0.0	0.0	9.169243812561035	0.0	8.121664047241211	0.0	0.0	0.0	0.0	0.0	0.0	0.0	9.729975700378418	0.0	0.0	0.0	9.370247840881348	0.0	7.594716548919678	0.0	0.0	0.0	4.327306270599365	10.611462593078613	0.0	0.0	0.0	0.0	0.0	0.0	0.0	0.0	0.0	9.314919471740723	0.0	0.0	0.0	0.0	0.0	0.0	0.0	0.0	0.0	6.934084415435791	0.0	5.074935436248779	0.0	8.222184181213379	0.0
0.0	0.0	0.0	8.941962242126465	0.0	0.0	0.0	0.0	0.0	6.096606254577637	0.0	0.0	0.0	0.0	0.0	0.0	0.0	9.116177558898926	0.0	8.065662384033203	0.0	0.0	0.0	0.0	0.0	0.0	0.0	9.680849075317383	0.0	0.0	0.0	9.326242446899414	0.0	7.544913291931152	0.0	0.0	0.0	4.285027503967285	10.563689231872559	0.0	0.0	0.0	0.0	0.0	0.0	0.0	0.0	0.0	9.244841575622559	0.0	0.0	0.0	0.0	0.0	0.0	0.0	0.0	0.0	6.864047527313232	0.0	5.027798175811768	0.0	8.16933822631836	0.0
0.0	0.0	0.0	9.327790260314941	0.0	0.0	0.0	0.0	0.0	6.380924224853516	0.0	0.0	0.0	0.0	0.0	0.0	0.0	9.506760597229004	0.0	8.423686981201172	0.0	0.0	0.0	0.0	0.0	0.0	0.0	10.091740608215332	0.0	0.0	0.0	9.725523948669434	0.0	7.879114627838135	0.0	0.0	0.0	4.49593448638916	11.005144119262695	0.0	0.0	0.0	0.0	0.0	0.0	0.0	0.0	0.0	9.64224624633789	0.0	0.0	0.0	0.0	0.0	0.0	0.0	0.0	0.0	7.195180416107178	0.0	5.264773368835449	0.0	8.52169132232666	0.0
0.0	0.0	0.0	9.131925582885742	0.0	0.0	0.0	0.0	0.0	6.22805118560791	0.0	0.0	0.0	0.0	0.0	0.0	0.0	9.325530052185059	0.0	8.237658500671387	0.0	0.0	0.0	0.0	0.0	0.0	0.0	9.893198013305664	0.0	0.0	0.0	9.532835006713867	0.0	7.713771820068359	0.0	0.0	0.0	4.374949932098389	10.79065990447998	0.0	0.0	0.0	0.0	0.0	0.0	0.0	0.0	0.0	9.45140552520752	0.0	0.0	0.0	0.0	0.0	0.0	0.0	0.0	0.0	7.020240783691406	0.0	5.122621536254883	0.0	8.357645988464355	0.0
0.0	0.0	0.0	9.367161750793457	0.0	0.0	0.0	0.0	0.0	6.404465198516846	0.0	0.0	0.0	0.0	0.0	0.0	0.0	9.5472412109375	0.0	8.45556354522705	0.0	0.0	0.0	0.0	0.0	0.0	0.0	10.133418083190918	0.0	0.0	0.0	9.77192211151123	0.0	7.914459228515625	0.0	0.0	0.0	4.514497756958008	11.05299186706543	0.0	0.0	0.0	0.0	0.0	0.0	0.0	0.0	0.0	9.685009002685547	0.0	0.0	0.0	0.0	0.0	0.0	0.0	0.0	0.0	7.222102165222168	0.0	5.281052112579346	0.0	8.56020736694336	0.0
0.0	0.0	0.0	9.138016700744629	0.0	0.0	0.0	0.0	0.0	6.239150524139404	0.0	0.0	0.0	0.0	0.0	0.0	0.0	9.320634841918945	0.0	8.245248794555664	0.0	0.0	0.0	0.0	0.0	0.0	0.0	9.889772415161133	0.0	0.0	0.0	9.532530784606934	0.0	7.713937282562256	0.0	0.0	0.0	4.388086318969727	10.785292625427246	0.0	0.0	0.0	0.0	0.0	0.0	0.0	0.0	0.0	9.452308654785156	0.0	0.0	0.0	0.0	0.0	0.0	0.0	0.0	0.0	7.024329662322998	0.0	5.145820140838623	0.0	8.350926399230957	0.0
0.0	0.0	0.0	9.184059143066406	0.0	0.0	0.0	0.0	0.0	6.267632007598877	0.0	0.0	0.0	0.0	0.0	0.0	0.0	9.368457794189453	0.0	8.288861274719238	0.0	0.0	0.0	0.0	0.0	0.0	0.0	9.942111015319824	0.0	0.0	0.0	9.582340240478516	0.0	7.752861976623535	0.0	0.0	0.0	4.409488201141357	10.843400955200195	0.0	0.0	0.0	0.0	0.0	0.0	0.0	0.0	0.0	9.496919631958008	0.0	0.0	0.0	0.0	0.0	0.0	0.0	0.0	0.0	7.062110424041748	0.0	5.173019886016846	0.0	8.395895004272461	0.0
0.0	0.0	0.0	8.992470741271973	0.0	0.0	0.0	0.0	0.0	6.141850471496582	0.0	0.0	0.0	0.0	0.0	0.0	0.0	9.153728485107422	0.0	8.107640266418457	0.0	0.0	0.0	0.0	0.0	0.0	0.0	9.71867847442627	0.0	0.0	0.0	9.364215850830078	0.0	7.585779190063477	0.0	0.0	0.0	4.323391914367676	10.606067657470703	0.0	0.0	0.0	0.0	0.0	0.0	0.0	0.0	0.0	9.290666580200195	0.0	0.0	0.0	0.0	0.0	0.0	0.0	0.0	0.0	6.919605731964111	0.0	5.071662902832031	0.0	8.204684257507324	0.0
0.0	0.0	0.0	9.129386901855469	0.0	0.0	0.0	0.0	0.0	6.230962753295898	0.0	0.0	0.0	0.0	0.0	0.0	0.0	9.313551902770996	0.0	8.236040115356445	0.0	0.0	0.0	0.0	0.0	0.0	0.0	9.883970260620117	0.0	0.0	0.0	9.518237113952637	0.0	7.703827857971191	0.0	0.0	0.0	4.382617950439453	10.778579711914062	0.0	0.0	0.0	0.0	0.0	0.0	0.0	0.0	0.0	9.443221092224121	0.0	0.0	0.0	0.0	0.0	0.0	0.0	0.0	0.0	7.019556045532227	0.0	5.138489723205566	0.0	8.345419883728027	0.0
0.0	0.0	0.0	9.03523063659668	0.0	0.0	0.0	0.0	0.0	6.162221908569336	0.0	0.0	0.0	0.0	0.0	0.0	0.0	9.21030044555664	0.0	8.149174690246582	0.0	0.0	0.0	0.0	0.0	0.0	0.0	9.776053428649902	0.0	0.0	0.0	9.413640022277832	0.0	7.621494293212891	0.0	0.0	0.0	4.335053443908691	10.662349700927734	0.0	0.0	0.0	0.0	0.0	0.0	0.0	0.0	0.0	9.336845397949219	0.0	0.0	0.0	0.0	0.0	0.0	0.0	0.0	0.0	6.94273042678833	0.0	5.085292339324951	0.0	8.254868507385254	0.0
0.0	0.0	0.0	8.97982120513916	0.0	0.0	0.0	0.0	0.0	6.125832557678223	0.0	0.0	0.0	0.0	0.0	0.0	0.0	9.15457534790039	0.0	8.095751762390137	0.0	0.0	0.0	0.0	0.0	0.0	0.0	9.718152046203613	0.0	0.0	0.0	9.357386589050293	0.0	7.573973655700684	0.0	0.0	0.0	4.306721210479736	10.599224090576172	0.0	0.0	0.0	0.0	0.0	0.0	0.0	0.0	0.0	9.28535270690918	0.0	0.0	0.0	0.0	0.0	0.0	0.0	0.0	0.0	6.897009372711182	0.0	5.05187463760376	0.0	8.204404830932617	0.0
0.0	0.0	0.0	9.204477310180664	0.0	0.0	0.0	0.0	0.0	6.289607048034668	0.0	0.0	0.0	0.0	0.0	0.0	0.0	9.391016960144043	0.0	8.306594848632812	0.0	0.0	0.0	0.0	0.0	0.0	0.0	9.969152450561523	0.0	0.0	0.0	9.603227615356445	0.0	7.770127773284912	0.0	0.0	0.0	4.423941135406494	10.867752075195312	0.0	0.0	0.0	0.0	0.0	0.0	0.0	0.0	0.0	9.52044677734375	0.0	0.0	0.0	0.0	0.0	0.0	0.0	0.0	0.0	7.086553573608398	0.0	5.180714130401611	0.0	8.418315887451172	0.0
0.0	0.0	0.0	8.803424835205078	0.0	0.0	0.0	0.0	0.0	5.998077869415283	0.0	0.0	0.0	0.0	0.0	0.0	0.0	8.972883224487305	0.0	7.934482097625732	0.0	0.0	0.0	0.0	0.0	0.0	0.0	9.524327278137207	0.0	0.0	0.0	9.175028800964355	0.0	7.420457363128662	0.0	0.0	0.0	4.2138800621032715	10.391077995300293	0.0	0.0	0.0	0.0	0.0	0.0	0.0	0.0	0.0	9.100486755371094	0.0	0.0	0.0	0.0	0.0	0.0	0.0	0.0	0.0	6.756109714508057	0.0	4.9488019943237305	0.0	8.040624618530273	0.0
0.0	0.0	0.0	9.148530960083008	0.0	0.0	0.0	0.0	0.0	6.242216110229492	0.0	0.0	0.0	0.0	0.0	0.0	0.0	9.326431274414062	0.0	8.251829147338867	0.0	0.0	0.0	0.0	0.0	0.0	0.0	9.89659309387207	0.0	0.0	0.0	9.53139591217041	0.0	7.717891693115234	0.0	0.0	0.0	4.395005226135254	10.794060707092285	0.0	0.0	0.0	0.0	0.0	0.0	0.0	0.0	0.0	9.460668563842773	0.0	0.0	0.0	0.0	0.0	0.0	0.0	0.0	0.0	7.0349016189575195	0.0	5.148684978485107	0.0	8.359003067016602	0.0
0.0	0.0	0.0	9.261849403381348	0.0	0.0	0.0	0.0	0.0	6.318668842315674	0.0	0.0	0.0	0.0	0.0	0.0	0.0	9.452591896057129	0.0	8.364482879638672	0.0	0.0	0.0	0.0	0.0	0.0	0.0	10.0322904586792	0.0	0.0	0.0	9.6773099899292	0.0	7.828334331512451	0.0	0.0	0.0	4.445338249206543	10.939836502075195	0.0	0.0	0.0	0.0	0.0	0.0	0.0	0.0	0.0	9.582681655883789	0.0	0.0	0.0	0.0	0.0	0.0	0.0	0.0	0.0	7.123835563659668	0.0	5.208019256591797	0.0	8.467185020446777	0.0
0.0	0.0	0.0	9.05039119720459	0.0	0.0	0.0	0.0	0.0	6.172025680541992	0.0	0.0	0.0	0.0	0.0	0.0	0.0	9.221142768859863	0.0	8.161972999572754	0.0	0.0	0.0	0.0	0.0	0.0	0.0	9.793110847473145	0.0	0.0	0.0	9.433011054992676	0.0	7.635737419128418	0.0	0.0	0.0	4.341014862060547	10.680289268493652	0.0	0.0	0.0	0.0	0.0	0.0	0.0	0.0	0.0	9.352651596069336	0.0	0.0	0.0	0.0	0.0	0.0	0.0	0.0	0.0	6.951307773590088	0.0	5.089311599731445	0.0	8.265324592590332	0.0
0.0	0.0	0.0	8.880634307861328	0.0	0.0	0.0	0.0	0.0	6.065529823303223	0.0	0.0	0.0	0.0	0.0	0.0	0.0	9.042500495910645	0.0	8.005858421325684	0.0	0.0	0.0	0.0	0.0	0.0	0.0	9.594218254089355	0.0	0.0	0.0	9.241485595703125	0.0	7.488417148590088	0.0	0.0	0.0	4.268090724945068	10.472034454345703	0.0	0.0	0.0	0.0	0.0	0.0	0.0	0.0	0.0	9.177085876464844	0.0	0.0	0.0	0.0	0.0	0.0	0.0	0.0	0.0	6.833469867706299	0.0	5.009852886199951	0.0	8.106947898864746	0.0
0.0	0.0	0.0	9.207191467285156	0.0	0.0	0.0	0.0	0.0	6.288270473480225	0.0	0.0	0.0	0.0	0.0	0.0	0.0	9.388199806213379	0.0	8.309330940246582	0.0	0.0	0.0	0.0	0.0	0.0	0.0	9.964300155639648	0.0	0.0	0.0	9.600425720214844	0.0	7.768309593200684	0.0	0.0	0.0	4.42321252822876	10.868163108825684	0.0	0.0	0.0	0.0	0.0	0.0	0.0	0.0	0.0	9.523594856262207	0.0	0.0	0.0	0.0	0.0	0.0	0.0	0.0	0.0	7.083842754364014	0.0	5.183298110961914	0.0	8.415456771850586	0.0
0.0	0.0	0.0	9.52695083618164	0.0	0.0	0.0	0.0	0.0	6.529860496520996	0.0	0.0	0.0	0.0	0.0	0.0	0.0	9.716779708862305	0.0	8.60814380645752	0.0	0.0	0.0	0.0	0.0	0.0	0.0	10.318923950195312	0.0	0.0	0.0	9.940661430358887	0.0	8.052679061889648	0.0	0.0	0.0	4.593904495239258	11.242779731750488	0.0	0.0	0.0	0.0	0.0	0.0	0.0	0.0	0.0	9.855108261108398	0.0	0.0	0.0	0.0	0.0	0.0	0.0	0.0	0.0	7.357696056365967	0.0	5.376028537750244	0.0	8.710468292236328	0.0
0.0	0.0	0.0	9.173224449157715	0.0	0.0	0.0	0.0	0.0	6.264645099639893	0.0	0.0	0.0	0.0	0.0	0.0	0.0	9.359484672546387	0.0	8.279379844665527	0.0	0.0	0.0	0.0	0.0	0.0	0.0	9.933819770812988	0.0	0.0	0.0	9.572616577148438	0.0	7.745774745941162	0.0	0.0	0.0	4.405982971191406	10.832575798034668	0.0	0.0	0.0	0.0	0.0	0.0	0.0	0.0	0.0	9.49040699005127	0.0	0.0	0.0	0.0	0.0	0.0	0.0	0.0	0.0	7.058006286621094	0.0	5.162167549133301	0.0	8.390608787536621	0.0
0.0	0.0	0.0	9.01771354675293	0.0	0.0	0.0	0.0	0.0	6.1561598777771	0.0	0.0	0.0	0.0	0.0	0.0	0.0	9.19097900390625	0.0	8.135305404663086	0.0	0.0	0.0	0.0	0.0	0.0	0.0	9.75537395477295	0.0	0.0	0.0	9.396489143371582	0.0	7.608983993530273	0.0	0.0	0.0	4.330205917358398	10.641475677490234	0.0	0.0	0.0	0.0	0.0	0.0	0.0	0.0	0.0	9.320971488952637	0.0	0.0	0.0	0.0	0.0	0.0	0.0	0.0	0.0	6.931392192840576	0.0	5.082643985748291	0.0	8.235044479370117	0.0
0.0	0.0	0.0	9.174153327941895	0.0	0.0	0.0	0.0	0.0	6.257901191711426	0.0	0.0	0.0	0.0	0.0	0.0	0.0	9.363926887512207	0.0	8.278947830200195	0.0	0.0	0.0	0.0	0.0	0.0	0.0	9.94475269317627	0.0	0.0	0.0	9.571050643920898	0.0	7.743800640106201	0.0	0.0	0.0	4.401769638061523	10.841588973999023	0.0	0.0	0.0	0.0	0.0	0.0	0.0	0.0	0.0	9.494318008422852	0.0	0.0	0.0	0.0	0.0	0.0	0.0	0.0	0.0	7.050104141235352	0.0	5.160654067993164	0.0	8.385275840759277	0.0
0.0	0.0	0.0	9.256927490234375	0.0	0.0	0.0	0.0	0.0	6.32502555847168	0.0	0.0	0.0	0.0	0.0	0.0	0.0	9.441585540771484	0.0	8.357245445251465	0.0	0.0	0.0	0.0	0.0	0.0	0.0	10.019613265991211	0.0	0.0	0.0	9.654297828674316	0.0	7.814494609832764	0.0	0.0	0.0	4.446930408477783	10.921443939208984	0.0	0.0	0.0	0.0	0.0	0.0	0.0	0.0	0.0	9.575483322143555	0.0	0.0	0.0	0.0	0.0	0.0	0.0	0.0	0.0	7.123070240020752	0.0	5.217674255371094	0.0	8.46104621887207	0.0
0.0	0.0	0.0	9.239286422729492	0.0	0.0	0.0	0.0	0.0	6.309043884277344	0.0	0.0	0.0	0.0	0.0	0.0	0.0	9.424386978149414	0.0	8.33262825012207	0.0	0.0	0.0	0.0	0.0	0.0	0.0	10.000190734863281	0.0	0.0	0.0	9.632835388183594	0.0	7.796349048614502	0.0	0.0	0.0	4.437069892883301	10.907794952392578	0.0	0.0	0.0	0.0	0.0	0.0	0.0	0.0	0.0	9.553977966308594	0.0	0.0	0.0	0.0	0.0	0.0	0.0	0.0	0.0	7.104514122009277	0.0	5.198662757873535	0.0	8.447442054748535	0.0
0.0	0.0	0.0	9.700372695922852	0.0	0.0	0.0	0.0	0.0	6.643131256103516	0.0	0.0	0.0	0.0	0.0	0.0	0.0	9.897067070007324	0.0	8.7688570022583	0.0	0.0	0.0	0.0	0.0	0.0	0.0	10.505970001220703	0.0	0.0	0.0	10.1288480758667	0.0	8.204508781433105	0.0	0.0	0.0	4.675575256347656	11.45048713684082	0.0	0.0	0.0	0.0	0.0	0.0	0.0	0.0	0.0	10.03280258178711	0.0	0.0	0.0	0.0	0.0	0.0	0.0	0.0	0.0	7.4913201332092285	0.0	5.46085262298584	0.0	8.871162414550781	0.0
0.0	0.0	0.0	9.091032981872559	0.0	0.0	0.0	0.0	0.0	6.204596519470215	0.0	0.0	0.0	0.0	0.0	0.0	0.0	9.268708229064941	0.0	8.200793266296387	0.0	0.0	0.0	0.0	0.0	0.0	0.0	9.84058666229248	0.0	0.0	0.0	9.480446815490723	0.0	7.673213481903076	0.0	0.0	0.0	4.3660054206848145	10.73371696472168	0.0	0.0	0.0	0.0	0.0	0.0	0.0	0.0	0.0	9.396797180175781	0.0	0.0	0.0	0.0	0.0	0.0	0.0	0.0	0.0	6.9888596534729	0.0	5.11682653427124	0.0	8.307284355163574	0.0
0.0	0.0	0.0	9.15548038482666	0.0	0.0	0.0	0.0	0.0	6.2465105056762695	0.0	0.0	0.0	0.0	0.0	0.0	0.0	9.334168434143066	0.0	8.261439323425293	0.0	0.0	0.0	0.0	0.0	0.0	0.0	9.90488052368164	0.0	0.0	0.0	9.545802116394043	0.0	7.724288463592529	0.0	0.0	0.0	4.396267414093018	10.807351112365723	0.0	0.0	0.0	0.0	0.0	0.0	0.0	0.0	0.0	9.464285850524902	0.0	0.0	0.0	0.0	0.0	0.0	0.0	0.0	0.0	7.035811424255371	0.0	5.154343128204346	0.0	8.36099910736084	0.0
0.0	0.0	0.0	9.100503921508789	0.0	0.0	0.0	0.0	0.0	6.213393211364746	0.0	0.0	0.0	0.0	0.0	0.0	0.0	9.276790618896484	0.0	8.207491874694824	0.0	0.0	0.0	0.0	0.0	0.0	0.0	9.845913887023926	0.0	0.0	0.0	9.480579376220703	0.0	7.67830753326416	0.0	0.0	0.0	4.369396686553955	10.738966941833496	0.0	0.0	0.0	0.0	0.0	0.0	0.0	0.0	0.0	9.405045509338379	0.0	0.0	0.0	0.0	0.0	0.0	0.0	0.0	0.0	6.9965972900390625	0.0	5.124789237976074	0.0	8.313653945922852	0.0
0.0	0.0	0.0	9.205589294433594	0.0	0.0	0.0	0.0	0.0	6.2919230461120605	0.0	0.0	0.0	0.0	0.0	0.0	0.0	9.392232894897461	0.0	8.308684349060059	0.0	0.0	0.0	0.0	0.0	0.0	0.0	9.972341537475586	0.0	0.0	0.0	9.602731704711914	0.0	7.774733543395996	0.0	0.0	0.0	4.424044609069824	10.866435050964355	0.0	0.0	0.0	0.0	0.0	0.0	0.0	0.0	0.0	9.520530700683594	0.0	0.0	0.0	0.0	0.0	0.0	0.0	0.0	0.0	7.0855913162231445	0.0	5.1812262535095215	0.0	8.416587829589844	0.0
0.0	0.0	0.0	9.09717082977295	0.0	0.0	0.0	0.0	0.0	6.207611083984375	0.0	0.0	0.0	0.0	0.0	0.0	0.0	9.276667594909668	0.0	8.205078125	0.0	0.0	0.0	0.0	0.0	0.0	0.0	9.843095779418945	0.0	0.0	0.0	9.482171058654785	0.0	7.677359104156494	0.0	0.0	0.0	4.366360187530518	10.74147891998291	0.0	0.0	0.0	0.0	0.0	0.0	0.0	0.0	0.0	9.406458854675293	0.0	0.0	0.0	0.0	0.0	0.0	0.0	0.0	0.0	6.99289083480835	0.0	5.119827747344971	0.0	8.31371784210205	0.0
0.0	0.0	0.0	9.122356414794922	0.0	0.0	0.0	0.0	0.0	6.227604866027832	0.0	0.0	0.0	0.0	0.0	0.0	0.0	9.305415153503418	0.0	8.234912872314453	0.0	0.0	0.0	0.0	0.0	0.0	0.0	9.877991676330566	0.0	0.0	0.0	9.517563819885254	0.0	7.7017130851745605	0.0	0.0	0.0	4.378702163696289	10.776103973388672	0.0	0.0	0.0	0.0	0.0	0.0	0.0	0.0	0.0	9.435037612915039	0.0	0.0	0.0	0.0	0.0	0.0	0.0	0.0	0.0	7.014855861663818	0.0	5.133631706237793	0.0	8.340134620666504	0.0
0.0	0.0	0.0	8.833699226379395	0.0	0.0	0.0	0.0	0.0	6.029788494110107	0.0	0.0	0.0	0.0	0.0	0.0	0.0	9.000986099243164	0.0	7.962203502655029	0.0	0.0	0.0	0.0	0.0	0.0	0.0	9.55268383026123	0.0	0.0	0.0	9.198749542236328	0.0	7.449936389923096	0.0	0.0	0.0	4.243303298950195	10.427616119384766	0.0	0.0	0.0	0.0	0.0	0.0	0.0	0.0	0.0	9.126673698425293	0.0	0.0	0.0	0.0	0.0	0.0	0.0	0.0	0.0	6.795943260192871	0.0	4.9736833572387695	0.0	8.065979957580566	0.0
0.0	0.0	0.0	9.173388481140137	0.0	0.0	0.0	0.0	0.0	6.260507583618164	0.0	0.0	0.0	0.0	0.0	0.0	0.0	9.359831809997559	0.0	8.277437210083008	0.0	0.0	0.0	0.0	0.0	0.0	0.0	9.932053565979004	0.0	0.0	0.0	9.569446563720703	0.0	7.741642951965332	0.0	0.0	0.0	4.402982234954834	10.829146385192871	0.0	0.0	0.0	0.0	0.0	0.0	0.0	0.0	0.0	9.484349250793457	0.0	0.0	0.0	0.0	0.0	0.0	0.0	0.0	0.0	7.047181606292725	0.0	5.159310340881348	0.0	8.384862899780273	0.0
0.0	0.0	0.0	8.992814064025879	0.0	0.0	0.0	0.0	0.0	6.14438533782959	0.0	0.0	0.0	0.0	0.0	0.0	0.0	9.159423828125	0.0	8.110054016113281	0.0	0.0	0.0	0.0	0.0	0.0	0.0	9.717918395996094	0.0	0.0	0.0	9.35873794555664	0.0	7.585962295532227	0.0	0.0	0.0	4.325505256652832	10.597845077514648	0.0	0.0	0.0	0.0	0.0	0.0	0.0	0.0	0.0	9.299104690551758	0.0	0.0	0.0	0.0	0.0	0.0	0.0	0.0	0.0	6.926203727722168	0.0	5.071817874908447	0.0	8.211310386657715	0.0
0.0	0.0	0.0	9.242916107177734	0.0	0.0	0.0	0.0	0.0	6.3037614822387695	0.0	0.0	0.0	0.0	0.0	0.0	0.0	9.432832717895508	0.0	8.335700988769531	0.0	0.0	0.0	0.0	0.0	0.0	0.0	10.009223937988281	0.0	0.0	0.0	9.639634132385254	0.0	7.804424285888672	0.0	0.0	0.0	4.434723854064941	10.919861793518066	0.0	0.0	0.0	0.0	0.0	0.0	0.0	0.0	0.0	9.561763763427734	0.0	0.0	0.0	0.0	0.0	0.0	0.0	0.0	0.0	7.09971809387207	0.0	5.191396713256836	0.0	8.45030689239502	0.0
0.0	0.0	0.0	9.197535514831543	0.0	0.0	0.0	0.0	0.0	6.281284332275391	0.0	0.0	0.0	0.0	0.0	0.0	0.0	9.381525993347168	0.0	8.302153587341309	0.0	0.0	0.0	0.0	0.0	0.0	0.0	9.952598571777344	0.0	0.0	0.0	9.589524269104004	0.0	7.7648210525512695	0.0	0.0	0.0	4.4192962646484375	10.856447219848633	0.0	0.0	0.0	0.0	0.0	0.0	0.0	0.0	0.0	9.507896423339844	0.0	0.0	0.0	0.0	0.0	0.0	0.0	0.0	0.0	7.072638034820557	0.0	5.181858539581299	0.0	8.404186248779297	0.0
0.0	0.0	0.0	9.243997573852539	0.0	0.0	0.0	0.0	0.0	6.314650058746338	0.0	0.0	0.0	0.0	0.0	0.0	0.0	9.432954788208008	0.0	8.343587875366211	0.0	0.0	0.0	0.0	0.0	0.0	0.0	10.011946678161621	0.0	0.0	0.0	9.645176887512207	0.0	7.809961318969727	0.0	0.0	0.0	4.443016052246094	10.917351722717285	0.0	0.0	0.0	0.0	0.0	0.0	0.0	0.0	0.0	9.563736915588379	0.0	0.0	0.0	0.0	0.0	0.0	0.0	0.0	0.0	7.1116814613342285	0.0	5.205745220184326	0.0	8.449187278747559	0.0
0.0	0.0	0.0	9.254366874694824	0.0	0.0	0.0	0.0	0.0	6.331451416015625	0.0	0.0	0.0	0.0	0.0	0.0	0.0	9.433220863342285	0.0	8.352921485900879	0.0	0.0	0.0	0.0	0.0	0.0	0.0	10.012864112854004	0.0	0.0	0.0	9.647372245788574	0.0	7.817152976989746	0.0	0.0	0.0	4.458673000335693	10.9243803024292	0.0	0.0	0.0	0.0	0.0	0.0	0.0	0.0	0.0	9.567994117736816	0.0	0.0	0.0	0.0	0.0	0.0	0.0	0.0	0.0	7.131842136383057	0.0	5.218300819396973	0.0	8.45794677734375	0.0
0.0	0.0	0.0	9.15489673614502	0.0	0.0	0.0	0.0	0.0	6.255878925323486	0.0	0.0	0.0	0.0	0.0	0.0	0.0	9.33973503112793	0.0	8.26871109008789	0.0	0.0	0.0	0.0	0.0	0.0	0.0	9.91610336303711	0.0	0.0	0.0	9.55357551574707	0.0	7.730475902557373	0.0	0.0	0.0	4.400331497192383	10.808245658874512	0.0	0.0	0.0	0.0	0.0	0.0	0.0	0.0	0.0	9.479493141174316	0.0	0.0	0.0	0.0	0.0	0.0	0.0	0.0	0.0	7.051419734954834	0.0	5.154282093048096	0.0	8.377473831176758	0.0
0.0	0.0	0.0	9.140820503234863	0.0	0.0	0.0	0.0	0.0	6.237095355987549	0.0	0.0	0.0	0.0	0.0	0.0	0.0	9.319765090942383	0.0	8.248902320861816	0.0	0.0	0.0	0.0	0.0	0.0	0.0	9.891292572021484	0.0	0.0	0.0	9.528376579284668	0.0	7.71505880355835	0.0	0.0	0.0	4.393960952758789	10.786214828491211	0.0	0.0	0.0	0.0	0.0	0.0	0.0	0.0	0.0	9.448659896850586	0.0	0.0	0.0	0.0	0.0	0.0	0.0	0.0	0.0	7.03005838394165	0.0	5.1463422775268555	0.0	8.3492431640625	0.0
0.0	0.0	0.0	9.186667442321777	0.0	0.0	0.0	0.0	0.0	6.267699718475342	0.0	0.0	0.0	0.0	0.0	0.0	0.0	9.370125770568848	0.0	8.288990020751953	0.0	0.0	0.0	0.0	0.0	0.0	0.0	9.948610305786133	0.0	0.0	0.0	9.585034370422363	0.0	7.756908416748047	0.0	0.0	0.0	4.412557601928711	10.847624778747559	0.0	0.0	0.0	0.0	0.0	0.0	0.0	0.0	0.0	9.505858421325684	0.0	0.0	0.0	0.0	0.0	0.0	0.0	0.0	0.0	7.067899227142334	0.0	5.167104244232178	0.0	8.401880264282227	0.0
0.0	0.0	0.0	9.163274765014648	0.0	0.0	0.0	0.0	0.0	6.254857540130615	0.0	0.0	0.0	0.0	0.0	0.0	0.0	9.341739654541016	0.0	8.270671844482422	0.0	0.0	0.0	0.0	0.0	0.0	0.0	9.91569995880127	0.0	0.0	0.0	9.554656028747559	0.0	7.735180854797363	0.0	0.0	0.0	4.4030256271362305	10.815298080444336	0.0	0.0	0.0	0.0	0.0	0.0	0.0	0.0	0.0	9.476914405822754	0.0	0.0	0.0	0.0	0.0	0.0	0.0	0.0	0.0	7.047806739807129	0.0	5.158486366271973	0.0	8.37379264831543	0.0
0.0	0.0	0.0	9.282092094421387	0.0	0.0	0.0	0.0	0.0	6.344890117645264	0.0	0.0	0.0	0.0	0.0	0.0	0.0	9.46168041229248	0.0	8.375422477722168	0.0	0.0	0.0	0.0	0.0	0.0	0.0	10.052642822265625	0.0	0.0	0.0	9.68365478515625	0.0	7.841270446777344	0.0	0.0	0.0	4.4665703773498535	10.958179473876953	0.0	0.0	0.0	0.0	0.0	0.0	0.0	0.0	0.0	9.59911060333252	0.0	0.0	0.0	0.0	0.0	0.0	0.0	0.0	0.0	7.147999286651611	0.0	5.2249250411987305	0.0	8.479762077331543	0.0
0.0	0.0	0.0	9.12024974822998	0.0	0.0	0.0	0.0	0.0	6.223455429077148	0.0	0.0	0.0	0.0	0.0	0.0	0.0	9.296457290649414	0.0	8.22591495513916	0.0	0.0	0.0	0.0	0.0	0.0	0.0	9.866761207580566	0.0	0.0	0.0	9.505080223083496	0.0	7.695333957672119	0.0	0.0	0.0	4.376768112182617	10.763754844665527	0.0	0.0	0.0	0.0	0.0	0.0	0.0	0.0	0.0	9.431929588317871	0.0	0.0	0.0	0.0	0.0	0.0	0.0	0.0	0.0	7.006163597106934	0.0	5.13180685043335	0.0	8.334826469421387	0.0
0.0	0.0	0.0	9.197796821594238	0.0	0.0	0.0	0.0	0.0	6.277768611907959	0.0	0.0	0.0	0.0	0.0	0.0	0.0	9.381805419921875	0.0	8.299714088439941	0.0	0.0	0.0	0.0	0.0	0.0	0.0	9.954598426818848	0.0	0.0	0.0	9.591483116149902	0.0	7.763545036315918	0.0	0.0	0.0	4.416511058807373	10.854456901550293	0.0	0.0	0.0	0.0	0.0	0.0	0.0	0.0	0.0	9.506875991821289	0.0	0.0	0.0	0.0	0.0	0.0	0.0	0.0	0.0	7.069386959075928	0.0	5.173834800720215	0.0	8.409246444702148	0.0
0.0	0.0	0.0	9.200235366821289	0.0	0.0	0.0	0.0	0.0	6.284121990203857	0.0	0.0	0.0	0.0	0.0	0.0	0.0	9.380123138427734	0.0	8.301749229431152	0.0	0.0	0.0	0.0	0.0	0.0	0.0	9.953371047973633	0.0	0.0	0.0	9.590591430664062	0.0	7.765789985656738	0.0	0.0	0.0	4.422447681427002	10.853997230529785	0.0	0.0	0.0	0.0	0.0	0.0	0.0	0.0	0.0	9.51028060913086	0.0	0.0	0.0	0.0	0.0	0.0	0.0	0.0	0.0	7.07421875	0.0	5.182126522064209	0.0	8.406294822692871	0.0
0.0	0.0	0.0	8.868072509765625	0.0	0.0	0.0	0.0	0.0	6.040804386138916	0.0	0.0	0.0	0.0	0.0	0.0	0.0	9.043237686157227	0.0	7.99365758895874	0.0	0.0	0.0	0.0	0.0	0.0	0.0	9.598868370056152	0.0	0.0	0.0	9.245908737182617	0.0	7.477272987365723	0.0	0.0	0.0	4.2422871589660645	10.484210014343262	0.0	0.0	0.0	0.0	0.0	0.0	0.0	0.0	0.0	9.163544654846191	0.0	0.0	0.0	0.0	0.0	0.0	0.0	0.0	0.0	6.804459571838379	0.0	4.977468490600586	0.0	8.104962348937988	0.0
0.0	0.0	0.0	9.182242393493652	0.0	0.0	0.0	0.0	0.0	6.2685675621032715	0.0	0.0	0.0	0.0	0.0	0.0	0.0	9.361726760864258	0.0	8.284323692321777	0.0	0.0	0.0	0.0	0.0	0.0	0.0	9.93373966217041	0.0	0.0	0.0	9.5747709274292	0.0	7.752496719360352	0.0	0.0	0.0	4.412692546844482	10.839827537536621	0.0	0.0	0.0	0.0	0.0	0.0	0.0	0.0	0.0	9.490740776062012	0.0	0.0	0.0	0.0	0.0	0.0	0.0	0.0	0.0	7.056527137756348	0.0	5.171270847320557	0.0	8.38957405090332	0.0
0.0	0.0	0.0	9.2656831741333	0.0	0.0	0.0	0.0	0.0	6.3250932693481445	0.0	0.0	0.0	0.0	0.0	0.0	0.0	9.449828147888184	0.0	8.362818717956543	0.0	0.0	0.0	0.0	0.0	0.0	0.0	10.0297212600708	0.0	0.0	0.0	9.667941093444824	0.0	7.827036380767822	0.0	0.0	0.0	4.451179027557373	10.939980506896973	0.0	0.0	0.0	0.0	0.0	0.0	0.0	0.0	0.0	9.57856559753418	0.0	0.0	0.0	0.0	0.0	0.0	0.0	0.0	0.0	7.126395225524902	0.0	5.214019298553467	0.0	8.466998100280762	0.0
0.0	0.0	0.0	9.140993118286133	0.0	0.0	0.0	0.0	0.0	6.250965595245361	0.0	0.0	0.0	0.0	0.0	0.0	0.0	9.303388595581055	0.0	8.244199752807617	0.0	0.0	0.0	0.0	0.0	0.0	0.0	9.875738143920898	0.0	0.0	0.0	9.510440826416016	0.0	7.711246013641357	0.0	0.0	0.0	4.407024383544922	10.763184547424316	0.0	0.0	0.0	0.0	0.0	0.0	0.0	0.0	0.0	9.45815372467041	0.0	0.0	0.0	0.0	0.0	0.0	0.0	0.0	0.0	7.052384853363037	0.0	5.157267093658447	0.0	8.347639083862305	0.0
0.0	0.0	0.0	9.161344528198242	0.0	0.0	0.0	0.0	0.0	6.253847122192383	0.0	0.0	0.0	0.0	0.0	0.0	0.0	9.344328880310059	0.0	8.26363754272461	0.0	0.0	0.0	0.0	0.0	0.0	0.0	9.920150756835938	0.0	0.0	0.0	9.55548095703125	0.0	7.733476638793945	0.0	0.0	0.0	4.398369312286377	10.813212394714355	0.0	0.0	0.0	0.0	0.0	0.0	0.0	0.0	0.0	9.478259086608887	0.0	0.0	0.0	0.0	0.0	0.0	0.0	0.0	0.0	7.0421247482299805	0.0	5.15826416015625	0.0	8.373448371887207	0.0
0.0	0.0	0.0	9.051128387451172	0.0	0.0	0.0	0.0	0.0	6.172114372253418	0.0	0.0	0.0	0.0	0.0	0.0	0.0	9.226387023925781	0.0	8.162408828735352	0.0	0.0	0.0	0.0	0.0	0.0	0.0	9.790132522583008	0.0	0.0	0.0	9.43402099609375	0.0	7.636569499969482	0.0	0.0	0.0	4.344387531280518	10.684310913085938	0.0	0.0	0.0	0.0	0.0	0.0	0.0	0.0	0.0	9.352784156799316	0.0	0.0	0.0	0.0	0.0	0.0	0.0	0.0	0.0	6.9549880027771	0.0	5.094433307647705	0.0	8.265731811523438	0.0
0.0	0.0	0.0	9.313395500183105	0.0	0.0	0.0	0.0	0.0	6.362186431884766	0.0	0.0	0.0	0.0	0.0	0.0	0.0	9.500102996826172	0.0	8.413951873779297	0.0	0.0	0.0	0.0	0.0	0.0	0.0	10.08556842803955	0.0	0.0	0.0	9.721663475036621	0.0	7.8742570877075195	0.0	0.0	0.0	4.4765214920043945	10.9954833984375	0.0	0.0	0.0	0.0	0.0	0.0	0.0	0.0	0.0	9.629054069519043	0.0	0.0	0.0	0.0	0.0	0.0	0.0	0.0	0.0	7.168966770172119	0.0	5.236384868621826	0.0	8.514355659484863	0.0
0.0	0.0	0.0	9.285768508911133	0.0	0.0	0.0	0.0	0.0	6.346685409545898	0.0	0.0	0.0	0.0	0.0	0.0	0.0	9.465863227844238	0.0	8.383442878723145	0.0	0.0	0.0	0.0	0.0	0.0	0.0	10.050338745117188	0.0	0.0	0.0	9.68288516998291	0.0	7.841498374938965	0.0	0.0	0.0	4.464621543884277	10.95923137664795	0.0	0.0	0.0	0.0	0.0	0.0	0.0	0.0	0.0	9.602898597717285	0.0	0.0	0.0	0.0	0.0	0.0	0.0	0.0	0.0	7.154489994049072	0.0	5.228796005249023	0.0	8.486082077026367	0.0
0.0	0.0	0.0	9.165650367736816	0.0	0.0	0.0	0.0	0.0	6.256204605102539	0.0	0.0	0.0	0.0	0.0	0.0	0.0	9.346783638000488	0.0	8.27009391784668	0.0	0.0	0.0	0.0	0.0	0.0	0.0	9.919840812683105	0.0	0.0	0.0	9.5573091506958	0.0	7.735926151275635	0.0	0.0	0.0	4.404488563537598	10.817774772644043	0.0	0.0	0.0	0.0	0.0	0.0	0.0	0.0	0.0	9.477774620056152	0.0	0.0	0.0	0.0	0.0	0.0	0.0	0.0	0.0	7.046240329742432	0.0	5.163143157958984	0.0	8.373505592346191	0.0
0.0	0.0	0.0	9.184038162231445	0.0	0.0	0.0	0.0	0.0	6.273798942565918	0.0	0.0	0.0	0.0	0.0	0.0	0.0	9.367103576660156	0.0	8.290557861328125	0.0	0.0	0.0	0.0	0.0	0.0	0.0	9.943291664123535	0.0	0.0	0.0	9.580497741699219	0.0	7.753439903259277	0.0	0.0	0.0	4.412204265594482	10.843862533569336	0.0	0.0	0.0	0.0	0.0	0.0	0.0	0.0	0.0	9.499159812927246	0.0	0.0	0.0	0.0	0.0	0.0	0.0	0.0	0.0	7.067319869995117	0.0	5.170475959777832	0.0	8.390089988708496	0.0
0.0	0.0	0.0	9.663385391235352	0.0	0.0	0.0	0.0	0.0	6.629128932952881	0.0	0.0	0.0	0.0	0.0	0.0	0.0	9.834375381469727	0.0	8.72642707824707	0.0	0.0	0.0	0.0	0.0	0.0	0.0	10.447365760803223	0.0	0.0	0.0	10.065945625305176	0.0	8.16739559173584	0.0	0.0	0.0	4.672508716583252	11.379973411560059	0.0	0.0	0.0	0.0	0.0	0.0	0.0	0.0	0.0	9.982510566711426	0.0	0.0	0.0	0.0	0.0	0.0	0.0	0.0	0.0	7.482583999633789	0.0	5.455595970153809	0.0	8.82906723022461	0.0
0.0	0.0	0.0	9.223023414611816	0.0	0.0	0.0	0.0	0.0	6.296869277954102	0.0	0.0	0.0	0.0	0.0	0.0	0.0	9.40512752532959	0.0	8.321065902709961	0.0	0.0	0.0	0.0	0.0	0.0	0.0	9.98619270324707	0.0	0.0	0.0	9.620688438415527	0.0	7.789819240570068	0.0	0.0	0.0	4.4288482666015625	10.889653205871582	0.0	0.0	0.0	0.0	0.0	0.0	0.0	0.0	0.0	9.537939071655273	0.0	0.0	0.0	0.0	0.0	0.0	0.0	0.0	0.0	7.089743614196777	0.0	5.187067031860352	0.0	8.42837142944336	0.0
0.0	0.0	0.0	9.282508850097656	0.0	0.0	0.0	0.0	0.0	6.338593482971191	0.0	0.0	0.0	0.0	0.0	0.0	0.0	9.46975040435791	0.0	8.378334999084473	0.0	0.0	0.0	0.0	0.0	0.0	0.0	10.050361633300781	0.0	0.0	0.0	9.68116283416748	0.0	7.840421676635742	0.0	0.0	0.0	4.4598002433776855	10.956063270568848	0.0	0.0	0.0	0.0	0.0	0.0	0.0	0.0	0.0	9.599684715270996	0.0	0.0	0.0	0.0	0.0	0.0	0.0	0.0	0.0	7.140522003173828	0.0	5.2212934494018555	0.0	8.483942031860352	0.0
0.0	0.0	0.0	9.255026817321777	0.0	0.0	0.0	0.0	0.0	6.321242809295654	0.0	0.0	0.0	0.0	0.0	0.0	0.0	9.4424467086792	0.0	8.359633445739746	0.0	0.0	0.0	0.0	0.0	0.0	0.0	10.024139404296875	0.0	0.0	0.0	9.662322044372559	0.0	7.819867134094238	0.0	0.0	0.0	4.441832542419434	10.936288833618164	0.0	0.0	0.0	0.0	0.0	0.0	0.0	0.0	0.0	9.572988510131836	0.0	0.0	0.0	0.0	0.0	0.0	0.0	0.0	0.0	7.117442607879639	0.0	5.2074761390686035	0.0	8.459551811218262	0.0
0.0	0.0	0.0	9.049708366394043	0.0	0.0	0.0	0.0	0.0	6.173833847045898	0.0	0.0	0.0	0.0	0.0	0.0	0.0	9.225263595581055	0.0	8.162151336669922	0.0	0.0	0.0	0.0	0.0	0.0	0.0	9.792288780212402	0.0	0.0	0.0	9.432389259338379	0.0	7.633838653564453	0.0	0.0	0.0	4.342153549194336	10.681516647338867	0.0	0.0	0.0	0.0	0.0	0.0	0.0	0.0	0.0	9.355977058410645	0.0	0.0	0.0	0.0	0.0	0.0	0.0	0.0	0.0	6.955788612365723	0.0	5.091134071350098	0.0	8.267146110534668	0.0
0.0	0.0	0.0	9.056913375854492	0.0	0.0	0.0	0.0	0.0	6.1819376945495605	0.0	0.0	0.0	0.0	0.0	0.0	0.0	9.238421440124512	0.0	8.173047065734863	0.0	0.0	0.0	0.0	0.0	0.0	0.0	9.803494453430176	0.0	0.0	0.0	9.441271781921387	0.0	7.641299724578857	0.0	0.0	0.0	4.349681854248047	10.691935539245605	0.0	0.0	0.0	0.0	0.0	0.0	0.0	0.0	0.0	9.369979858398438	0.0	0.0	0.0	0.0	0.0	0.0	0.0	0.0	0.0	6.963162899017334	0.0	5.099636554718018	0.0	8.277283668518066	0.0
0.0	0.0	0.0	8.973478317260742	0.0	0.0	0.0	0.0	0.0	6.122716903686523	0.0	0.0	0.0	0.0	0.0	0.0	0.0	9.143324851989746	0.0	8.089468002319336	0.0	0.0	0.0	0.0	0.0	0.0	0.0	9.705204010009766	0.0	0.0	0.0	9.349102020263672	0.0	7.568547248840332	0.0	0.0	0.0	4.3078227043151855	10.586560249328613	0.0	0.0	0.0	0.0	0.0	0.0	0.0	0.0	0.0	9.275924682617188	0.0	0.0	0.0	0.0	0.0	0.0	0.0	0.0	0.0	6.896350383758545	0.0	5.0536394119262695	0.0	8.194448471069336	0.0
0.0	0.0	0.0	9.262907981872559	0.0	0.0	0.0	0.0	0.0	6.325761795043945	0.0	0.0	0.0	0.0	0.0	0.0	0.0	9.443546295166016	0.0	8.361551284790039	0.0	0.0	0.0	0.0	0.0	0.0	0.0	10.030318260192871	0.0	0.0	0.0	9.661904335021973	0.0	7.824320316314697	0.0	0.0	0.0	4.451141357421875	10.93774127960205	0.0	0.0	0.0	0.0	0.0	0.0	0.0	0.0	0.0	9.581364631652832	0.0	0.0	0.0	0.0	0.0	0.0	0.0	0.0	0.0	7.127796649932861	0.0	5.219858646392822	0.0	8.464242935180664	0.0
0.0	0.0	0.0	9.209632873535156	0.0	0.0	0.0	0.0	0.0	6.294982433319092	0.0	0.0	0.0	0.0	0.0	0.0	0.0	9.39228630065918	0.0	8.313143730163574	0.0	0.0	0.0	0.0	0.0	0.0	0.0	9.9710111618042	0.0	0.0	0.0	9.598735809326172	0.0	7.77771520614624	0.0	0.0	0.0	4.427577972412109	10.8689603805542	0.0	0.0	0.0	0.0	0.0	0.0	0.0	0.0	0.0	9.529322624206543	0.0	0.0	0.0	0.0	0.0	0.0	0.0	0.0	0.0	7.092216968536377	0.0	5.189393043518066	0.0	8.418970108032227	0.0
0.0	0.0	0.0	8.96938419342041	0.0	0.0	0.0	0.0	0.0	6.119351387023926	0.0	0.0	0.0	0.0	0.0	0.0	0.0	9.143571853637695	0.0	8.088760375976562	0.0	0.0	0.0	0.0	0.0	0.0	0.0	9.703490257263184	0.0	0.0	0.0	9.345664024353027	0.0	7.566249847412109	0.0	0.0	0.0	4.305330276489258	10.585837364196777	0.0	0.0	0.0	0.0	0.0	0.0	0.0	0.0	0.0	9.273640632629395	0.0	0.0	0.0	0.0	0.0	0.0	0.0	0.0	0.0	6.890363693237305	0.0	5.047696113586426	0.0	8.19325065612793	0.0
0.0	0.0	0.0	9.120813369750977	0.0	0.0	0.0	0.0	0.0	6.2291998863220215	0.0	0.0	0.0	0.0	0.0	0.0	0.0	9.299304008483887	0.0	8.23050308227539	0.0	0.0	0.0	0.0	0.0	0.0	0.0	9.867655754089355	0.0	0.0	0.0	9.505800247192383	0.0	7.6978559494018555	0.0	0.0	0.0	4.3833231925964355	10.763299942016602	0.0	0.0	0.0	0.0	0.0	0.0	0.0	0.0	0.0	9.429376602172852	0.0	0.0	0.0	0.0	0.0	0.0	0.0	0.0	0.0	7.01506233215332	0.0	5.139013767242432	0.0	8.33578872680664	0.0
0.0	0.0	0.0	9.22919750213623	0.0	0.0	0.0	0.0	0.0	6.308743476867676	0.0	0.0	0.0	0.0	0.0	0.0	0.0	9.417071342468262	0.0	8.331245422363281	0.0	0.0	0.0	0.0	0.0	0.0	0.0	9.992805480957031	0.0	0.0	0.0	9.6210298538208	0.0	7.797457218170166	0.0	0.0	0.0	4.434208393096924	10.89229679107666	0.0	0.0	0.0	0.0	0.0	0.0	0.0	0.0	0.0	9.54897403717041	0.0	0.0	0.0	0.0	0.0	0.0	0.0	0.0	0.0	7.107171058654785	0.0	5.1986212730407715	0.0	8.438281059265137	0.0
0.0	0.0	0.0	9.109962463378906	0.0	0.0	0.0	0.0	0.0	6.221773624420166	0.0	0.0	0.0	0.0	0.0	0.0	0.0	9.291792869567871	0.0	8.219170570373535	0.0	0.0	0.0	0.0	0.0	0.0	0.0	9.863495826721191	0.0	0.0	0.0	9.497376441955566	0.0	7.690738201141357	0.0	0.0	0.0	4.374597549438477	10.753795623779297	0.0	0.0	0.0	0.0	0.0	0.0	0.0	0.0	0.0	9.424399375915527	0.0	0.0	0.0	0.0	0.0	0.0	0.0	0.0	0.0	7.0066819190979	0.0	5.130545139312744	0.0	8.326910972595215	0.0
0.0	0.0	0.0	9.170299530029297	0.0	0.0	0.0	0.0	0.0	6.264401435852051	0.0	0.0	0.0	0.0	0.0	0.0	0.0	9.354785919189453	0.0	8.282215118408203	0.0	0.0	0.0	0.0	0.0	0.0	0.0	9.9306058883667	0.0	0.0	0.0	9.570426940917969	0.0	7.7448811531066895	0.0	0.0	0.0	4.403686046600342	10.831981658935547	0.0	0.0	0.0	0.0	0.0	0.0	0.0	0.0	0.0	9.48969841003418	0.0	0.0	0.0	0.0	0.0	0.0	0.0	0.0	0.0	7.053461074829102	0.0	5.162527561187744	0.0	8.384590148925781	0.0
0.0	0.0	0.0	9.005127906799316	0.0	0.0	0.0	0.0	0.0	6.141013145446777	0.0	0.0	0.0	0.0	0.0	0.0	0.0	9.175153732299805	0.0	8.11828327178955	0.0	0.0	0.0	0.0	0.0	0.0	0.0	9.736770629882812	0.0	0.0	0.0	9.381016731262207	0.0	7.593255996704102	0.0	0.0	0.0	4.3237833976745605	10.624641418457031	0.0	0.0	0.0	0.0	0.0	0.0	0.0	0.0	0.0	9.310102462768555	0.0	0.0	0.0	0.0	0.0	0.0	0.0	0.0	0.0	6.916548728942871	0.0	5.069757461547852	0.0	8.222735404968262	0.0
0.0	0.0	0.0	9.413016319274902	0.0	0.0	0.0	0.0	0.0	6.463047027587891	0.0	0.0	0.0	0.0	0.0	0.0	0.0	9.562810897827148	0.0	8.492393493652344	0.0	0.0	0.0	0.0	0.0	0.0	0.0	10.146175384521484	0.0	0.0	0.0	9.781508445739746	0.0	7.9585065841674805	0.0	0.0	0.0	4.555703639984131	11.064559936523438	0.0	0.0	0.0	0.0	0.0	0.0	0.0	0.0	0.0	9.744057655334473	0.0	0.0	0.0	0.0	0.0	0.0	0.0	0.0	0.0	7.320559978485107	0.0	5.320032119750977	0.0	8.600396156311035	0.0
0.0	0.0	0.0	9.014933586120605	0.0	0.0	0.0	0.0	0.0	6.1518049240112305	0.0	0.0	0.0	0.0	0.0	0.0	0.0	9.190098762512207	0.0	8.128779411315918	0.0	0.0	0.0	0.0	0.0	0.0	0.0	9.75501823425293	0.0	0.0	0.0	9.390180587768555	0.0	7.603756904602051	0.0	0.0	0.0	4.32309103012085	10.63674545288086	0.0	0.0	0.0	0.0	0.0	0.0	0.0	0.0	0.0	9.318923950195312	0.0	0.0	0.0	0.0	0.0	0.0	0.0	0.0	0.0	6.92771053314209	0.0	5.069496154785156	0.0	8.235347747802734	0.0
0.0	0.0	0.0	9.116113662719727	0.0	0.0	0.0	0.0	0.0	6.2237653732299805	0.0	0.0	0.0	0.0	0.0	0.0	0.0	9.2994384765625	0.0	8.226606369018555	0.0	0.0	0.0	0.0	0.0	0.0	0.0	9.869828224182129	0.0	0.0	0.0	9.509344100952148	0.0	7.694347858428955	0.0	0.0	0.0	4.375557899475098	10.761801719665527	0.0	0.0	0.0	0.0	0.0	0.0	0.0	0.0	0.0	9.433694839477539	0.0	0.0	0.0	0.0	0.0	0.0	0.0	0.0	0.0	7.008152008056641	0.0	5.131845951080322	0.0	8.33258056640625	0.0
0.0	0.0	0.0	9.208235740661621	0.0	0.0	0.0	0.0	0.0	6.28781270980835	0.0	0.0	0.0	0.0	0.0	0.0	0.0	9.387737274169922	0.0	8.308439254760742	0.0	0.0	0.0	0.0	0.0	0.0	0.0	9.968271255493164	0.0	0.0	0.0	9.601449966430664	0.0	7.773601531982422	0.0	0.0	0.0	4.420765399932861	10.871247291564941	0.0	0.0	0.0	0.0	0.0	0.0	0.0	0.0	0.0	9.522943496704102	0.0	0.0	0.0	0.0	0.0	0.0	0.0	0.0	0.0	7.0819220542907715	0.0	5.184055328369141	0.0	8.410768508911133	0.0
0.0	0.0	0.0	9.231123924255371	0.0	0.0	0.0	0.0	0.0	6.3201093673706055	0.0	0.0	0.0	0.0	0.0	0.0	0.0	9.394845008850098	0.0	8.33088207244873	0.0	0.0	0.0	0.0	0.0	0.0	0.0	9.967317581176758	0.0	0.0	0.0	9.604836463928223	0.0	7.793102741241455	0.0	0.0	0.0	4.453577518463135	10.870131492614746	0.0	0.0	0.0	0.0	0.0	0.0	0.0	0.0	0.0	9.546684265136719	0.0	0.0	0.0	0.0	0.0	0.0	0.0	0.0	0.0	7.128380298614502	0.0	5.2152276039123535	0.0	8.430795669555664	0.0
0.0	0.0	0.0	9.174077987670898	0.0	0.0	0.0	0.0	0.0	6.2612624168396	0.0	0.0	0.0	0.0	0.0	0.0	0.0	9.356208801269531	0.0	8.273258209228516	0.0	0.0	0.0	0.0	0.0	0.0	0.0	9.931791305541992	0.0	0.0	0.0	9.56711483001709	0.0	7.740731716156006	0.0	0.0	0.0	4.404254913330078	10.830534934997559	0.0	0.0	0.0	0.0	0.0	0.0	0.0	0.0	0.0	9.486102104187012	0.0	0.0	0.0	0.0	0.0	0.0	0.0	0.0	0.0	7.050111770629883	0.0	5.158843994140625	0.0	8.386945724487305	0.0
0.0	0.0	0.0	9.478813171386719	0.0	0.0	0.0	0.0	0.0	6.487161159515381	0.0	0.0	0.0	0.0	0.0	0.0	0.0	9.671756744384766	0.0	8.562353134155273	0.0	0.0	0.0	0.0	0.0	0.0	0.0	10.267983436584473	0.0	0.0	0.0	9.889822959899902	0.0	8.01352310180664	0.0	0.0	0.0	4.55761194229126	11.182929039001465	0.0	0.0	0.0	0.0	0.0	0.0	0.0	0.0	0.0	9.814957618713379	0.0	0.0	0.0	0.0	0.0	0.0	0.0	0.0	0.0	7.309368133544922	0.0	5.333462238311768	0.0	8.67379093170166	0.0
0.0	0.0	0.0	8.934621810913086	0.0	0.0	0.0	0.0	0.0	6.101154804229736	0.0	0.0	0.0	0.0	0.0	0.0	0.0	9.110634803771973	0.0	8.059441566467285	0.0	0.0	0.0	0.0	0.0	0.0	0.0	9.664469718933105	0.0	0.0	0.0	9.309839248657227	0.0	7.53499174118042	0.0	0.0	0.0	4.288262367248535	10.546680450439453	0.0	0.0	0.0	0.0	0.0	0.0	0.0	0.0	0.0	9.238923072814941	0.0	0.0	0.0	0.0	0.0	0.0	0.0	0.0	0.0	6.864755153656006	0.0	5.035031318664551	0.0	8.161039352416992	0.0
0.0	0.0	0.0	9.15847396850586	0.0	0.0	0.0	0.0	0.0	6.2537713050842285	0.0	0.0	0.0	0.0	0.0	0.0	0.0	9.346131324768066	0.0	8.266587257385254	0.0	0.0	0.0	0.0	0.0	0.0	0.0	9.915816307067871	0.0	0.0	0.0	9.550668716430664	0.0	7.734580039978027	0.0	0.0	0.0	4.394354820251465	10.813281059265137	0.0	0.0	0.0	0.0	0.0	0.0	0.0	0.0	0.0	9.476058006286621	0.0	0.0	0.0	0.0	0.0	0.0	0.0	0.0	0.0	7.041021823883057	0.0	5.1481475830078125	0.0	8.373625755310059	0.0
0.0	0.0	0.0	9.176714897155762	0.0	0.0	0.0	0.0	0.0	6.260101318359375	0.0	0.0	0.0	0.0	0.0	0.0	0.0	9.360154151916504	0.0	8.278240203857422	0.0	0.0	0.0	0.0	0.0	0.0	0.0	9.929545402526855	0.0	0.0	0.0	9.570600509643555	0.0	7.74923849105835	0.0	0.0	0.0	4.40395975112915	10.830890655517578	0.0	0.0	0.0	0.0	0.0	0.0	0.0	0.0	0.0	9.485629081726074	0.0	0.0	0.0	0.0	0.0	0.0	0.0	0.0	0.0	7.051276683807373	0.0	5.161818981170654	0.0	8.38469409942627	0.0
0.0	0.0	0.0	9.021251678466797	0.0	0.0	0.0	0.0	0.0	6.1530680656433105	0.0	0.0	0.0	0.0	0.0	0.0	0.0	9.195759773254395	0.0	8.137063980102539	0.0	0.0	0.0	0.0	0.0	0.0	0.0	9.760282516479492	0.0	0.0	0.0	9.405055046081543	0.0	7.616888999938965	0.0	0.0	0.0	4.331576347351074	10.653624534606934	0.0	0.0	0.0	0.0	0.0	0.0	0.0	0.0	0.0	9.325002670288086	0.0	0.0	0.0	0.0	0.0	0.0	0.0	0.0	0.0	6.9280104637146	0.0	5.075747966766357	0.0	8.23963451385498	0.0
0.0	0.0	0.0	9.371744155883789	0.0	0.0	0.0	0.0	0.0	6.406273365020752	0.0	0.0	0.0	0.0	0.0	0.0	0.0	9.550515174865723	0.0	8.453978538513184	0.0	0.0	0.0	0.0	0.0	0.0	0.0	10.135313034057617	0.0	0.0	0.0	9.767598152160645	0.0	7.917009353637695	0.0	0.0	0.0	4.512455463409424	11.04994010925293	0.0	0.0	0.0	0.0	0.0	0.0	0.0	0.0	0.0	9.683586120605469	0.0	0.0	0.0	0.0	0.0	0.0	0.0	0.0	0.0	7.219625949859619	0.0	5.285068511962891	0.0	8.554433822631836	0.0
0.0	0.0	0.0	9.216572761535645	0.0	0.0	0.0	0.0	0.0	6.297536373138428	0.0	0.0	0.0	0.0	0.0	0.0	0.0	9.394094467163086	0.0	8.314088821411133	0.0	0.0	0.0	0.0	0.0	0.0	0.0	9.970340728759766	0.0	0.0	0.0	9.60670280456543	0.0	7.782909870147705	0.0	0.0	0.0	4.4323248863220215	10.875160217285156	0.0	0.0	0.0	0.0	0.0	0.0	0.0	0.0	0.0	9.52915096282959	0.0	0.0	0.0	0.0	0.0	0.0	0.0	0.0	0.0	7.094867706298828	0.0	5.1928229331970215	0.0	8.421586990356445	0.0
0.0	0.0	0.0	9.574295997619629	0.0	0.0	0.0	0.0	0.0	6.571775436401367	0.0	0.0	0.0	0.0	0.0	0.0	0.0	9.750701904296875	0.0	8.654743194580078	0.0	0.0	0.0	0.0	0.0	0.0	0.0	10.354166984558105	0.0	0.0	0.0	9.980913162231445	0.0	8.094706535339355	0.0	0.0	0.0	4.629922389984131	11.286141395568848	0.0	0.0	0.0	0.0	0.0	0.0	0.0	0.0	0.0	9.900064468383789	0.0	0.0	0.0	0.0	0.0	0.0	0.0	0.0	0.0	7.410215377807617	0.0	5.406357288360596	0.0	8.754339218139648	0.0
0.0	0.0	0.0	9.252350807189941	0.0	0.0	0.0	0.0	0.0	6.3212761878967285	0.0	0.0	0.0	0.0	0.0	0.0	0.0	9.438360214233398	0.0	8.355803489685059	0.0	0.0	0.0	0.0	0.0	0.0	0.0	10.0236177444458	0.0	0.0	0.0	9.654428482055664	0.0	7.815916538238525	0.0	0.0	0.0	4.440995216369629	10.924735069274902	0.0	0.0	0.0	0.0	0.0	0.0	0.0	0.0	0.0	9.569808006286621	0.0	0.0	0.0	0.0	0.0	0.0	0.0	0.0	0.0	7.117825031280518	0.0	5.20328426361084	0.0	8.460474014282227	0.0
0.0	0.0	0.0	9.463228225708008	0.0	0.0	0.0	0.0	0.0	6.480682373046875	0.0	0.0	0.0	0.0	0.0	0.0	0.0	9.641615867614746	0.0	8.547822952270508	0.0	0.0	0.0	0.0	0.0	0.0	0.0	10.234223365783691	0.0	0.0	0.0	9.863407135009766	0.0	7.99938440322876	0.0	0.0	0.0	4.571770191192627	11.160597801208496	0.0	0.0	0.0	0.0	0.0	0.0	0.0	0.0	0.0	9.796875953674316	0.0	0.0	0.0	0.0	0.0	0.0	0.0	0.0	0.0	7.3149614334106445	0.0	5.347410678863525	0.0	8.655787467956543	0.0
0.0	0.0	0.0	8.951804161071777	0.0	0.0	0.0	0.0	0.0	6.100683212280273	0.0	0.0	0.0	0.0	0.0	0.0	0.0	9.12773609161377	0.0	8.071752548217773	0.0	0.0	0.0	0.0	0.0	0.0	0.0	9.688652038574219	0.0	0.0	0.0	9.331536293029785	0.0	7.548879623413086	0.0	0.0	0.0	4.291326999664307	10.571744918823242	0.0	0.0	0.0	0.0	0.0	0.0	0.0	0.0	0.0	9.254715919494629	0.0	0.0	0.0	0.0	0.0	0.0	0.0	0.0	0.0	6.8714470863342285	0.0	5.02964973449707	0.0	8.181900024414062	0.0
0.0	0.0	0.0	9.514004707336426	0.0	0.0	0.0	0.0	0.0	6.517801284790039	0.0	0.0	0.0	0.0	0.0	0.0	0.0	9.700666427612305	0.0	8.597554206848145	0.0	0.0	0.0	0.0	0.0	0.0	0.0	10.30305290222168	0.0	0.0	0.0	9.93087387084961	0.0	8.049031257629395	0.0	0.0	0.0	4.5895586013793945	11.226479530334473	0.0	0.0	0.0	0.0	0.0	0.0	0.0	0.0	0.0	9.842009544372559	0.0	0.0	0.0	0.0	0.0	0.0	0.0	0.0	0.0	7.345772743225098	0.0	5.3618059158325195	0.0	8.701627731323242	0.0
0.0	0.0	0.0	9.074723243713379	0.0	0.0	0.0	0.0	0.0	6.19301700592041	0.0	0.0	0.0	0.0	0.0	0.0	0.0	9.245747566223145	0.0	8.18493366241455	0.0	0.0	0.0	0.0	0.0	0.0	0.0	9.813803672790527	0.0	0.0	0.0	9.455997467041016	0.0	7.654417037963867	0.0	0.0	0.0	4.357873916625977	10.705957412719727	0.0	0.0	0.0	0.0	0.0	0.0	0.0	0.0	0.0	9.37845230102539	0.0	0.0	0.0	0.0	0.0	0.0	0.0	0.0	0.0	6.973499298095703	0.0	5.107249736785889	0.0	8.28623104095459	0.0
0.0	0.0	0.0	9.030509948730469	0.0	0.0	0.0	0.0	0.0	6.166459560394287	0.0	0.0	0.0	0.0	0.0	0.0	0.0	9.203624725341797	0.0	8.143589973449707	0.0	0.0	0.0	0.0	0.0	0.0	0.0	9.769533157348633	0.0	0.0	0.0	9.411676406860352	0.0	7.617031097412109	0.0	0.0	0.0	4.339694499969482	10.658451080322266	0.0	0.0	0.0	0.0	0.0	0.0	0.0	0.0	0.0	9.34028434753418	0.0	0.0	0.0	0.0	0.0	0.0	0.0	0.0	0.0	6.938206195831299	0.0	5.080662727355957	0.0	8.251256942749023	0.0
0.0	0.0	0.0	8.938912391662598	0.0	0.0	0.0	0.0	0.0	6.09318733215332	0.0	0.0	0.0	0.0	0.0	0.0	0.0	9.1128511428833	0.0	8.06006145477295	0.0	0.0	0.0	0.0	0.0	0.0	0.0	9.672142028808594	0.0	0.0	0.0	9.316546440124512	0.0	7.540264129638672	0.0	0.0	0.0	4.2857666015625	10.549870491027832	0.0	0.0	0.0	0.0	0.0	0.0	0.0	0.0	0.0	9.239510536193848	0.0	0.0	0.0	0.0	0.0	0.0	0.0	0.0	0.0	6.863165378570557	0.0	5.028632164001465	0.0	8.165136337280273	0.0
0.0	0.0	0.0	9.130915641784668	0.0	0.0	0.0	0.0	0.0	6.232659816741943	0.0	0.0	0.0	0.0	0.0	0.0	0.0	9.311954498291016	0.0	8.235494613647461	0.0	0.0	0.0	0.0	0.0	0.0	0.0	9.881109237670898	0.0	0.0	0.0	9.519740104675293	0.0	7.704903602600098	0.0	0.0	0.0	4.381950378417969	10.776315689086914	0.0	0.0	0.0	0.0	0.0	0.0	0.0	0.0	0.0	9.4414701461792	0.0	0.0	0.0	0.0	0.0	0.0	0.0	0.0	0.0	7.016053676605225	0.0	5.137300491333008	0.0	8.341506004333496	0.0
0.0	0.0	0.0	9.170034408569336	0.0	0.0	0.0	0.0	0.0	6.261442184448242	0.0	0.0	0.0	0.0	0.0	0.0	0.0	9.344541549682617	0.0	8.268828392028809	0.0	0.0	0.0	0.0	0.0	0.0	0.0	9.92365837097168	0.0	0.0	0.0	9.557648658752441	0.0	7.740254878997803	0.0	0.0	0.0	4.407424449920654	10.822383880615234	0.0	0.0	0.0	0.0	0.0	0.0	0.0	0.0	0.0	9.478148460388184	0.0	0.0	0.0	0.0	0.0	0.0	0.0	0.0	0.0	7.051947116851807	0.0	5.16561222076416	0.0	8.375938415527344	0.0
0.0	0.0	0.0	9.03713321685791	0.0	0.0	0.0	0.0	0.0	6.166863918304443	0.0	0.0	0.0	0.0	0.0	0.0	0.0	9.217361450195312	0.0	8.150673866271973	0.0	0.0	0.0	0.0	0.0	0.0	0.0	9.781636238098145	0.0	0.0	0.0	9.420352935791016	0.0	7.624978065490723	0.0	0.0	0.0	4.337432861328125	10.667009353637695	0.0	0.0	0.0	0.0	0.0	0.0	0.0	0.0	0.0	9.34439468383789	0.0	0.0	0.0	0.0	0.0	0.0	0.0	0.0	0.0	6.942697048187256	0.0	5.083906173706055	0.0	8.25716495513916	0.0
0.0	0.0	0.0	9.035367965698242	0.0	0.0	0.0	0.0	0.0	6.163525581359863	0.0	0.0	0.0	0.0	0.0	0.0	0.0	9.21535873413086	0.0	8.14648723602295	0.0	0.0	0.0	0.0	0.0	0.0	0.0	9.773871421813965	0.0	0.0	0.0	9.417040824890137	0.0	7.620466709136963	0.0	0.0	0.0	4.336667060852051	10.665411949157715	0.0	0.0	0.0	0.0	0.0	0.0	0.0	0.0	0.0	9.3453950881958	0.0	0.0	0.0	0.0	0.0	0.0	0.0	0.0	0.0	6.943043231964111	0.0	5.08643102645874	0.0	8.254263877868652	0.0
0.0	0.0	0.0	9.157848358154297	0.0	0.0	0.0	0.0	0.0	6.250635147094727	0.0	0.0	0.0	0.0	0.0	0.0	0.0	9.341172218322754	0.0	8.262428283691406	0.0	0.0	0.0	0.0	0.0	0.0	0.0	9.910633087158203	0.0	0.0	0.0	9.546914100646973	0.0	7.731743335723877	0.0	0.0	0.0	4.397264003753662	10.811660766601562	0.0	0.0	0.0	0.0	0.0	0.0	0.0	0.0	0.0	9.470237731933594	0.0	0.0	0.0	0.0	0.0	0.0	0.0	0.0	0.0	7.040551662445068	0.0	5.154606342315674	0.0	8.364835739135742	0.0
0.0	0.0	0.0	9.202542304992676	0.0	0.0	0.0	0.0	0.0	6.272132873535156	0.0	0.0	0.0	0.0	0.0	0.0	0.0	9.389460563659668	0.0	8.29879379272461	0.0	0.0	0.0	0.0	0.0	0.0	0.0	9.970307350158691	0.0	0.0	0.0	9.609672546386719	0.0	7.77561616897583	0.0	0.0	0.0	4.411547660827637	10.878204345703125	0.0	0.0	0.0	0.0	0.0	0.0	0.0	0.0	0.0	9.516936302185059	0.0	0.0	0.0	0.0	0.0	0.0	0.0	0.0	0.0	7.068399429321289	0.0	5.16281795501709	0.0	8.416759490966797	0.0
0.0	0.0	0.0	9.158246994018555	0.0	0.0	0.0	0.0	0.0	6.253512859344482	0.0	0.0	0.0	0.0	0.0	0.0	0.0	9.337594032287598	0.0	8.26015853881836	0.0	0.0	0.0	0.0	0.0	0.0	0.0	9.907882690429688	0.0	0.0	0.0	9.546438217163086	0.0	7.727913856506348	0.0	0.0	0.0	4.399718761444092	10.80576229095459	0.0	0.0	0.0	0.0	0.0	0.0	0.0	0.0	0.0	9.46719741821289	0.0	0.0	0.0	0.0	0.0	0.0	0.0	0.0	0.0	7.043702602386475	0.0	5.161409854888916	0.0	8.363186836242676	0.0
0.0	0.0	0.0	9.15857982635498	0.0	0.0	0.0	0.0	0.0	6.253432750701904	0.0	0.0	0.0	0.0	0.0	0.0	0.0	9.338802337646484	0.0	8.263847351074219	0.0	0.0	0.0	0.0	0.0	0.0	0.0	9.912160873413086	0.0	0.0	0.0	9.549805641174316	0.0	7.7320122718811035	0.0	0.0	0.0	4.397397041320801	10.811274528503418	0.0	0.0	0.0	0.0	0.0	0.0	0.0	0.0	0.0	9.46986198425293	0.0	0.0	0.0	0.0	0.0	0.0	0.0	0.0	0.0	7.041281223297119	0.0	5.155671119689941	0.0	8.369720458984375	0.0
0.0	0.0	0.0	9.189593315124512	0.0	0.0	0.0	0.0	0.0	6.274332523345947	0.0	0.0	0.0	0.0	0.0	0.0	0.0	9.364554405212402	0.0	8.290101051330566	0.0	0.0	0.0	0.0	0.0	0.0	0.0	9.935089111328125	0.0	0.0	0.0	9.5735502243042	0.0	7.751657962799072	0.0	0.0	0.0	4.417329788208008	10.844874382019043	0.0	0.0	0.0	0.0	0.0	0.0	0.0	0.0	0.0	9.496960639953613	0.0	0.0	0.0	0.0	0.0	0.0	0.0	0.0	0.0	7.071211814880371	0.0	5.180333614349365	0.0	8.39291000366211	0.0
0.0	0.0	0.0	9.098825454711914	0.0	0.0	0.0	0.0	0.0	6.214356899261475	0.0	0.0	0.0	0.0	0.0	0.0	0.0	9.281617164611816	0.0	8.210098266601562	0.0	0.0	0.0	0.0	0.0	0.0	0.0	9.846384048461914	0.0	0.0	0.0	9.48673152923584	0.0	7.678792953491211	0.0	0.0	0.0	4.368297576904297	10.740456581115723	0.0	0.0	0.0	0.0	0.0	0.0	0.0	0.0	0.0	9.413924217224121	0.0	0.0	0.0	0.0	0.0	0.0	0.0	0.0	0.0	7.001322269439697	0.0	5.119325160980225	0.0	8.316110610961914	0.0
0.0	0.0	0.0	9.258763313293457	0.0	0.0	0.0	0.0	0.0	6.3242716789245605	0.0	0.0	0.0	0.0	0.0	0.0	0.0	9.44468879699707	0.0	8.35692310333252	0.0	0.0	0.0	0.0	0.0	0.0	0.0	10.021184921264648	0.0	0.0	0.0	9.656464576721191	0.0	7.817890167236328	0.0	0.0	0.0	4.4488115310668945	10.933472633361816	0.0	0.0	0.0	0.0	0.0	0.0	0.0	0.0	0.0	9.573186874389648	0.0	0.0	0.0	0.0	0.0	0.0	0.0	0.0	0.0	7.12212610244751	0.0	5.215923309326172	0.0	8.463016510009766	0.0
0.0	0.0	0.0	9.203056335449219	0.0	0.0	0.0	0.0	0.0	6.281628131866455	0.0	0.0	0.0	0.0	0.0	0.0	0.0	9.38107681274414	0.0	8.302027702331543	0.0	0.0	0.0	0.0	0.0	0.0	0.0	9.956043243408203	0.0	0.0	0.0	9.594466209411621	0.0	7.766361713409424	0.0	0.0	0.0	4.419099807739258	10.859439849853516	0.0	0.0	0.0	0.0	0.0	0.0	0.0	0.0	0.0	9.512469291687012	0.0	0.0	0.0	0.0	0.0	0.0	0.0	0.0	0.0	7.073394298553467	0.0	5.183242321014404	0.0	8.40428352355957	0.0
0.0	0.0	0.0	9.297983169555664	0.0	0.0	0.0	0.0	0.0	6.354776382446289	0.0	0.0	0.0	0.0	0.0	0.0	0.0	9.477060317993164	0.0	8.393488883972168	0.0	0.0	0.0	0.0	0.0	0.0	0.0	10.059427261352539	0.0	0.0	0.0	9.6986083984375	0.0	7.851403713226318	0.0	0.0	0.0	4.4713921546936035	10.973664283752441	0.0	0.0	0.0	0.0	0.0	0.0	0.0	0.0	0.0	9.610774040222168	0.0	0.0	0.0	0.0	0.0	0.0	0.0	0.0	0.0	7.158450603485107	0.0	5.237021446228027	0.0	8.497673034667969	0.0
0.0	0.0	0.0	9.252119064331055	0.0	0.0	0.0	0.0	0.0	6.323385715484619	0.0	0.0	0.0	0.0	0.0	0.0	0.0	9.431290626525879	0.0	8.352411270141602	0.0	0.0	0.0	0.0	0.0	0.0	0.0	10.015031814575195	0.0	0.0	0.0	9.649534225463867	0.0	7.8176679611206055	0.0	0.0	0.0	4.450999736785889	10.92444896697998	0.0	0.0	0.0	0.0	0.0	0.0	0.0	0.0	0.0	9.566143035888672	0.0	0.0	0.0	0.0	0.0	0.0	0.0	0.0	0.0	7.118181228637695	0.0	5.21107816696167	0.0	8.453415870666504	0.0
0.0	0.0	0.0	9.195425987243652	0.0	0.0	0.0	0.0	0.0	6.288137912750244	0.0	0.0	0.0	0.0	0.0	0.0	0.0	9.368707656860352	0.0	8.298903465270996	0.0	0.0	0.0	0.0	0.0	0.0	0.0	9.945698738098145	0.0	0.0	0.0	9.582491874694824	0.0	7.7618088722229	0.0	0.0	0.0	4.420705318450928	10.847652435302734	0.0	0.0	0.0	0.0	0.0	0.0	0.0	0.0	0.0	9.51116943359375	0.0	0.0	0.0	0.0	0.0	0.0	0.0	0.0	0.0	7.08794641494751	0.0	5.181816101074219	0.0	8.406893730163574	0.0
0.0	0.0	0.0	9.148393630981445	0.0	0.0	0.0	0.0	0.0	6.243513107299805	0.0	0.0	0.0	0.0	0.0	0.0	0.0	9.327282905578613	0.0	8.251891136169434	0.0	0.0	0.0	0.0	0.0	0.0	0.0	9.904786109924316	0.0	0.0	0.0	9.544365882873535	0.0	7.720349311828613	0.0	0.0	0.0	4.389161109924316	10.801473617553711	0.0	0.0	0.0	0.0	0.0	0.0	0.0	0.0	0.0	9.458067893981934	0.0	0.0	0.0	0.0	0.0	0.0	0.0	0.0	0.0	7.0291619300842285	0.0	5.144975185394287	0.0	8.359796524047852	0.0
0.0	0.0	0.0	9.12166976928711	0.0	0.0	0.0	0.0	0.0	6.226356029510498	0.0	0.0	0.0	0.0	0.0	0.0	0.0	9.300027847290039	0.0	8.227323532104492	0.0	0.0	0.0	0.0	0.0	0.0	0.0	9.875740051269531	0.0	0.0	0.0	9.50888729095459	0.0	7.698108196258545	0.0	0.0	0.0	4.378286361694336	10.765209197998047	0.0	0.0	0.0	0.0	0.0	0.0	0.0	0.0	0.0	9.431844711303711	0.0	0.0	0.0	0.0	0.0	0.0	0.0	0.0	0.0	7.010617256164551	0.0	5.133106231689453	0.0	8.334695816040039	0.0
0.0	0.0	0.0	10.226140022277832	0.0	0.0	0.0	0.0	0.0	7.018492221832275	0.0	0.0	0.0	0.0	0.0	0.0	0.0	10.460244178771973	0.0	9.257295608520508	0.0	0.0	0.0	0.0	0.0	0.0	0.0	11.096654891967773	0.0	0.0	0.0	10.693634986877441	0.0	8.6831636428833	0.0	0.0	0.0	4.938426971435547	12.067527770996094	0.0	0.0	0.0	0.0	0.0	0.0	0.0	0.0	0.0	10.607794761657715	0.0	0.0	0.0	0.0	0.0	0.0	0.0	0.0	0.0	7.91975212097168	0.0	5.752298831939697	0.0	9.372902870178223	0.0
0.0	0.0	0.0	9.32595157623291	0.0	0.0	0.0	0.0	0.0	6.378669738769531	0.0	0.0	0.0	0.0	0.0	0.0	0.0	9.517820358276367	0.0	8.423257827758789	0.0	0.0	0.0	0.0	0.0	0.0	0.0	10.103954315185547	0.0	0.0	0.0	9.73244857788086	0.0	7.881049156188965	0.0	0.0	0.0	4.482487678527832	11.010869979858398	0.0	0.0	0.0	0.0	0.0	0.0	0.0	0.0	0.0	9.658209800720215	0.0	0.0	0.0	0.0	0.0	0.0	0.0	0.0	0.0	7.1839141845703125	0.0	5.2496867179870605	0.0	8.532339096069336	0.0
0.0	0.0	0.0	9.221932411193848	0.0	0.0	0.0	0.0	0.0	6.300197601318359	0.0	0.0	0.0	0.0	0.0	0.0	0.0	9.405892372131348	0.0	8.32327651977539	0.0	0.0	0.0	0.0	0.0	0.0	0.0	9.981335639953613	0.0	0.0	0.0	9.622729301452637	0.0	7.7833709716796875	0.0	0.0	0.0	4.432042598724365	10.890578269958496	0.0	0.0	0.0	0.0	0.0	0.0	0.0	0.0	0.0	9.536750793457031	0.0	0.0	0.0	0.0	0.0	0.0	0.0	0.0	0.0	7.096333980560303	0.0	5.19316291809082	0.0	8.43001651763916	0.0
0.0	0.0	0.0	9.26744556427002	0.0	0.0	0.0	0.0	0.0	6.322498798370361	0.0	0.0	0.0	0.0	0.0	0.0	0.0	9.463128089904785	0.0	8.359461784362793	0.0	0.0	0.0	0.0	0.0	0.0	0.0	10.03840446472168	0.0	0.0	0.0	9.669023513793945	0.0	7.82825231552124	0.0	0.0	0.0	4.452156066894531	10.948305130004883	0.0	0.0	0.0	0.0	0.0	0.0	0.0	0.0	0.0	9.591194152832031	0.0	0.0	0.0	0.0	0.0	0.0	0.0	0.0	0.0	7.131485939025879	0.0	5.212620735168457	0.0	8.474162101745605	0.0
0.0	0.0	0.0	9.863667488098145	0.0	0.0	0.0	0.0	0.0	6.794472694396973	0.0	0.0	0.0	0.0	0.0	0.0	0.0	10.00928020477295	0.0	8.909255027770996	0.0	0.0	0.0	0.0	0.0	0.0	0.0	10.633871078491211	0.0	0.0	0.0	10.241521835327148	0.0	8.356019973754883	0.0	0.0	0.0	4.7971391677856445	11.570963859558105	0.0	0.0	0.0	0.0	0.0	0.0	0.0	0.0	0.0	10.207841873168945	0.0	0.0	0.0	0.0	0.0	0.0	0.0	0.0	0.0	7.709197044372559	0.0	5.584129333496094	0.0	9.013821601867676	0.0
0.0	0.0	0.0	9.10204792022705	0.0	0.0	0.0	0.0	0.0	6.212776184082031	0.0	0.0	0.0	0.0	0.0	0.0	0.0	9.279117584228516	0.0	8.207531929016113	0.0	0.0	0.0	0.0	0.0	0.0	0.0	9.849007606506348	0.0	0.0	0.0	9.487454414367676	0.0	7.679253578186035	0.0	0.0	0.0	4.368914604187012	10.73956298828125	0.0	0.0	0.0	0.0	0.0	0.0	0.0	0.0	0.0	9.409271240234375	0.0	0.0	0.0	0.0	0.0	0.0	0.0	0.0	0.0	6.997236251831055	0.0	5.126292705535889	0.0	8.316388130187988	0.0
0.0	0.0	0.0	9.091934204101562	0.0	0.0	0.0	0.0	0.0	6.20677375793457	0.0	0.0	0.0	0.0	0.0	0.0	0.0	9.267044067382812	0.0	8.202077865600586	0.0	0.0	0.0	0.0	0.0	0.0	0.0	9.837892532348633	0.0	0.0	0.0	9.476347923278809	0.0	7.674562454223633	0.0	0.0	0.0	4.366183280944824	10.732623100280762	0.0	0.0	0.0	0.0	0.0	0.0	0.0	0.0	0.0	9.397521018981934	0.0	0.0	0.0	0.0	0.0	0.0	0.0	0.0	0.0	6.988636016845703	0.0	5.119312763214111	0.0	8.304988861083984	0.0
0.0	0.0	0.0	9.112399101257324	0.0	0.0	0.0	0.0	0.0	6.221749305725098	0.0	0.0	0.0	0.0	0.0	0.0	0.0	9.291088104248047	0.0	8.220976829528809	0.0	0.0	0.0	0.0	0.0	0.0	0.0	9.863384246826172	0.0	0.0	0.0	9.499594688415527	0.0	7.692037105560303	0.0	0.0	0.0	4.3772172927856445	10.754926681518555	0.0	0.0	0.0	0.0	0.0	0.0	0.0	0.0	0.0	9.423416137695312	0.0	0.0	0.0	0.0	0.0	0.0	0.0	0.0	0.0	7.008514881134033	0.0	5.128799915313721	0.0	8.327423095703125	0.0
0.0	0.0	0.0	9.479575157165527	0.0	0.0	0.0	0.0	0.0	6.501369476318359	0.0	0.0	0.0	0.0	0.0	0.0	0.0	9.651957511901855	0.0	8.558677673339844	0.0	0.0	0.0	0.0	0.0	0.0	0.0	10.24592113494873	0.0	0.0	0.0	9.879749298095703	0.0	8.015567779541016	0.0	0.0	0.0	4.585896015167236	11.173881530761719	0.0	0.0	0.0	0.0	0.0	0.0	0.0	0.0	0.0	9.802574157714844	0.0	0.0	0.0	0.0	0.0	0.0	0.0	0.0	0.0	7.33668327331543	0.0	5.354392051696777	0.0	8.666410446166992	0.0
0.0	0.0	0.0	9.059656143188477	0.0	0.0	0.0	0.0	0.0	6.185551166534424	0.0	0.0	0.0	0.0	0.0	0.0	0.0	9.239737510681152	0.0	8.177444458007812	0.0	0.0	0.0	0.0	0.0	0.0	0.0	9.804512023925781	0.0	0.0	0.0	9.443933486938477	0.0	7.646838665008545	0.0	0.0	0.0	4.346964359283447	10.697834014892578	0.0	0.0	0.0	0.0	0.0	0.0	0.0	0.0	0.0	9.36976146697998	0.0	0.0	0.0	0.0	0.0	0.0	0.0	0.0	0.0	6.964754581451416	0.0	5.100821018218994	0.0	8.278788566589355	0.0
0.0	0.0	0.0	9.179290771484375	0.0	0.0	0.0	0.0	0.0	6.268479824066162	0.0	0.0	0.0	0.0	0.0	0.0	0.0	9.356497764587402	0.0	8.2807035446167	0.0	0.0	0.0	0.0	0.0	0.0	0.0	9.934285163879395	0.0	0.0	0.0	9.571850776672363	0.0	7.750703811645508	0.0	0.0	0.0	4.410241603851318	10.835776329040527	0.0	0.0	0.0	0.0	0.0	0.0	0.0	0.0	0.0	9.488017082214355	0.0	0.0	0.0	0.0	0.0	0.0	0.0	0.0	0.0	7.060368061065674	0.0	5.164601802825928	0.0	8.384085655212402	0.0
0.0	0.0	0.0	9.229287147521973	0.0	0.0	0.0	0.0	0.0	6.306178092956543	0.0	0.0	0.0	0.0	0.0	0.0	0.0	9.412208557128906	0.0	8.329859733581543	0.0	0.0	0.0	0.0	0.0	0.0	0.0	9.993839263916016	0.0	0.0	0.0	9.624818801879883	0.0	7.792083740234375	0.0	0.0	0.0	4.4342427253723145	10.898866653442383	0.0	0.0	0.0	0.0	0.0	0.0	0.0	0.0	0.0	9.548036575317383	0.0	0.0	0.0	0.0	0.0	0.0	0.0	0.0	0.0	7.099952220916748	0.0	5.199465751647949	0.0	8.431925773620605	0.0
0.0	0.0	0.0	9.148391723632812	0.0	0.0	0.0	0.0	0.0	6.251989364624023	0.0	0.0	0.0	0.0	0.0	0.0	0.0	9.328137397766113	0.0	8.254364013671875	0.0	0.0	0.0	0.0	0.0	0.0	0.0	9.899394035339355	0.0	0.0	0.0	9.534231185913086	0.0	7.7195515632629395	0.0	0.0	0.0	4.398548603057861	10.795738220214844	0.0	0.0	0.0	0.0	0.0	0.0	0.0	0.0	0.0	9.459720611572266	0.0	0.0	0.0	0.0	0.0	0.0	0.0	0.0	0.0	7.037693500518799	0.0	5.157268524169922	0.0	8.358562469482422	0.0
0.0	0.0	0.0	9.20478630065918	0.0	0.0	0.0	0.0	0.0	6.28300666809082	0.0	0.0	0.0	0.0	0.0	0.0	0.0	9.387550354003906	0.0	8.302393913269043	0.0	0.0	0.0	0.0	0.0	0.0	0.0	9.957146644592285	0.0	0.0	0.0	9.592963218688965	0.0	7.77064847946167	0.0	0.0	0.0	4.4180908203125	10.86063289642334	0.0	0.0	0.0	0.0	0.0	0.0	0.0	0.0	0.0	9.517375946044922	0.0	0.0	0.0	0.0	0.0	0.0	0.0	0.0	0.0	7.076887130737305	0.0	5.175747871398926	0.0	8.41121768951416	0.0
0.0	0.0	0.0	9.04461669921875	0.0	0.0	0.0	0.0	0.0	6.168885231018066	0.0	0.0	0.0	0.0	0.0	0.0	0.0	9.220927238464355	0.0	8.156481742858887	0.0	0.0	0.0	0.0	0.0	0.0	0.0	9.785292625427246	0.0	0.0	0.0	9.424039840698242	0.0	7.630357265472412	0.0	0.0	0.0	4.337798118591309	10.67397403717041	0.0	0.0	0.0	0.0	0.0	0.0	0.0	0.0	0.0	9.350667953491211	0.0	0.0	0.0	0.0	0.0	0.0	0.0	0.0	0.0	6.950230598449707	0.0	5.089120864868164	0.0	8.261301040649414	0.0
0.0	0.0	0.0	9.078949928283691	0.0	0.0	0.0	0.0	0.0	6.196591377258301	0.0	0.0	0.0	0.0	0.0	0.0	0.0	9.25585651397705	0.0	8.1891450881958	0.0	0.0	0.0	0.0	0.0	0.0	0.0	9.818034172058105	0.0	0.0	0.0	9.461385726928711	0.0	7.662806034088135	0.0	0.0	0.0	4.360797882080078	10.714868545532227	0.0	0.0	0.0	0.0	0.0	0.0	0.0	0.0	0.0	9.381492614746094	0.0	0.0	0.0	0.0	0.0	0.0	0.0	0.0	0.0	6.976569652557373	0.0	5.114999771118164	0.0	8.290898323059082	0.0
0.0	0.0	0.0	9.172918319702148	0.0	0.0	0.0	0.0	0.0	6.260490894317627	0.0	0.0	0.0	0.0	0.0	0.0	0.0	9.347947120666504	0.0	8.273553848266602	0.0	0.0	0.0	0.0	0.0	0.0	0.0	9.922504425048828	0.0	0.0	0.0	9.559271812438965	0.0	7.739087104797363	0.0	0.0	0.0	4.406971454620361	10.821463584899902	0.0	0.0	0.0	0.0	0.0	0.0	0.0	0.0	0.0	9.478623390197754	0.0	0.0	0.0	0.0	0.0	0.0	0.0	0.0	0.0	7.051660537719727	0.0	5.161337852478027	0.0	8.377360343933105	0.0
0.0	0.0	0.0	9.374716758728027	0.0	0.0	0.0	0.0	0.0	6.4132513999938965	0.0	0.0	0.0	0.0	0.0	0.0	0.0	9.554093360900879	0.0	8.459113121032715	0.0	0.0	0.0	0.0	0.0	0.0	0.0	10.143688201904297	0.0	0.0	0.0	9.77347183227539	0.0	7.916008949279785	0.0	0.0	0.0	4.515601634979248	11.056097984313965	0.0	0.0	0.0	0.0	0.0	0.0	0.0	0.0	0.0	9.689587593078613	0.0	0.0	0.0	0.0	0.0	0.0	0.0	0.0	0.0	7.229153633117676	0.0	5.287704944610596	0.0	8.562491416931152	0.0
0.0	0.0	0.0	8.975862503051758	0.0	0.0	0.0	0.0	0.0	6.1225504875183105	0.0	0.0	0.0	0.0	0.0	0.0	0.0	9.15000057220459	0.0	8.094488143920898	0.0	0.0	0.0	0.0	0.0	0.0	0.0	9.711572647094727	0.0	0.0	0.0	9.354884147644043	0.0	7.5711894035339355	0.0	0.0	0.0	4.305487155914307	10.5978422164917	0.0	0.0	0.0	0.0	0.0	0.0	0.0	0.0	0.0	9.27927017211914	0.0	0.0	0.0	0.0	0.0	0.0	0.0	0.0	0.0	6.895839214324951	0.0	5.050657272338867	0.0	8.201459884643555	0.0
0.0	0.0	0.0	9.16274642944336	0.0	0.0	0.0	0.0	0.0	6.260065078735352	0.0	0.0	0.0	0.0	0.0	0.0	0.0	9.340621948242188	0.0	8.264887809753418	0.0	0.0	0.0	0.0	0.0	0.0	0.0	9.90926456451416	0.0	0.0	0.0	9.547561645507812	0.0	7.733921527862549	0.0	0.0	0.0	4.407108783721924	10.811089515686035	0.0	0.0	0.0	0.0	0.0	0.0	0.0	0.0	0.0	9.468769073486328	0.0	0.0	0.0	0.0	0.0	0.0	0.0	0.0	0.0	7.049482822418213	0.0	5.165984630584717	0.0	8.370024681091309	0.0
0.0	0.0	0.0	9.295477867126465	0.0	0.0	0.0	0.0	0.0	6.356281757354736	0.0	0.0	0.0	0.0	0.0	0.0	0.0	9.473997116088867	0.0	8.394466400146484	0.0	0.0	0.0	0.0	0.0	0.0	0.0	10.053850173950195	0.0	0.0	0.0	9.694528579711914	0.0	7.853089809417725	0.0	0.0	0.0	4.475903034210205	10.97178840637207	0.0	0.0	0.0	0.0	0.0	0.0	0.0	0.0	0.0	9.614774703979492	0.0	0.0	0.0	0.0	0.0	0.0	0.0	0.0	0.0	7.156901836395264	0.0	5.2364702224731445	0.0	8.492853164672852	0.0
0.0	0.0	0.0	9.131159782409668	0.0	0.0	0.0	0.0	0.0	6.230704307556152	0.0	0.0	0.0	0.0	0.0	0.0	0.0	9.311214447021484	0.0	8.239948272705078	0.0	0.0	0.0	0.0	0.0	0.0	0.0	9.882946968078613	0.0	0.0	0.0	9.52199935913086	0.0	7.704795837402344	0.0	0.0	0.0	4.3823652267456055	10.774815559387207	0.0	0.0	0.0	0.0	0.0	0.0	0.0	0.0	0.0	9.445904731750488	0.0	0.0	0.0	0.0	0.0	0.0	0.0	0.0	0.0	7.018129825592041	0.0	5.139734745025635	0.0	8.344642639160156	0.0
0.0	0.0	0.0	9.312556266784668	0.0	0.0	0.0	0.0	0.0	6.360177516937256	0.0	0.0	0.0	0.0	0.0	0.0	0.0	9.503599166870117	0.0	8.40279483795166	0.0	0.0	0.0	0.0	0.0	0.0	0.0	10.082921028137207	0.0	0.0	0.0	9.717974662780762	0.0	7.863705635070801	0.0	0.0	0.0	4.473456382751465	10.994271278381348	0.0	0.0	0.0	0.0	0.0	0.0	0.0	0.0	0.0	9.63000774383545	0.0	0.0	0.0	0.0	0.0	0.0	0.0	0.0	0.0	7.163819313049316	0.0	5.237903118133545	0.0	8.516324996948242	0.0
0.0	0.0	0.0	9.208756446838379	0.0	0.0	0.0	0.0	0.0	6.286807060241699	0.0	0.0	0.0	0.0	0.0	0.0	0.0	9.389277458190918	0.0	8.310230255126953	0.0	0.0	0.0	0.0	0.0	0.0	0.0	9.963591575622559	0.0	0.0	0.0	9.601356506347656	0.0	7.774898529052734	0.0	0.0	0.0	4.4234700202941895	10.868935585021973	0.0	0.0	0.0	0.0	0.0	0.0	0.0	0.0	0.0	9.520614624023438	0.0	0.0	0.0	0.0	0.0	0.0	0.0	0.0	0.0	7.076503753662109	0.0	5.181694030761719	0.0	8.41276741027832	0.0
0.0	0.0	0.0	9.249464988708496	0.0	0.0	0.0	0.0	0.0	6.31913948059082	0.0	0.0	0.0	0.0	0.0	0.0	0.0	9.437309265136719	0.0	8.347126007080078	0.0	0.0	0.0	0.0	0.0	0.0	0.0	10.011610984802246	0.0	0.0	0.0	9.64369010925293	0.0	7.812034606933594	0.0	0.0	0.0	4.449927806854248	10.916186332702637	0.0	0.0	0.0	0.0	0.0	0.0	0.0	0.0	0.0	9.568156242370605	0.0	0.0	0.0	0.0	0.0	0.0	0.0	0.0	0.0	7.119879245758057	0.0	5.207176208496094	0.0	8.455350875854492	0.0
0.0	0.0	0.0	9.110686302185059	0.0	0.0	0.0	0.0	0.0	6.219716548919678	0.0	0.0	0.0	0.0	0.0	0.0	0.0	9.289006233215332	0.0	8.218801498413086	0.0	0.0	0.0	0.0	0.0	0.0	0.0	9.85303020477295	0.0	0.0	0.0	9.496575355529785	0.0	7.686695575714111	0.0	0.0	0.0	4.374767303466797	10.755693435668945	0.0	0.0	0.0	0.0	0.0	0.0	0.0	0.0	0.0	9.415057182312012	0.0	0.0	0.0	0.0	0.0	0.0	0.0	0.0	0.0	7.003932952880859	0.0	5.129551887512207	0.0	8.323293685913086	0.0
0.0	0.0	0.0	9.142836570739746	0.0	0.0	0.0	0.0	0.0	6.242371082305908	0.0	0.0	0.0	0.0	0.0	0.0	0.0	9.321861267089844	0.0	8.247952461242676	0.0	0.0	0.0	0.0	0.0	0.0	0.0	9.8880615234375	0.0	0.0	0.0	9.529431343078613	0.0	7.716917514801025	0.0	0.0	0.0	4.395066261291504	10.787939071655273	0.0	0.0	0.0	0.0	0.0	0.0	0.0	0.0	0.0	9.448958396911621	0.0	0.0	0.0	0.0	0.0	0.0	0.0	0.0	0.0	7.031025409698486	0.0	5.15239143371582	0.0	8.352463722229004	0.0
0.0	0.0	0.0	9.107519149780273	0.0	0.0	0.0	0.0	0.0	6.213913440704346	0.0	0.0	0.0	0.0	0.0	0.0	0.0	9.287055015563965	0.0	8.212664604187012	0.0	0.0	0.0	0.0	0.0	0.0	0.0	9.853214263916016	0.0	0.0	0.0	9.489361763000488	0.0	7.683776378631592	0.0	0.0	0.0	4.370678901672363	10.746831893920898	0.0	0.0	0.0	0.0	0.0	0.0	0.0	0.0	0.0	9.415609359741211	0.0	0.0	0.0	0.0	0.0	0.0	0.0	0.0	0.0	7.002490043640137	0.0	5.124736309051514	0.0	8.323073387145996	0.0
0.0	0.0	0.0	9.100899696350098	0.0	0.0	0.0	0.0	0.0	6.211073875427246	0.0	0.0	0.0	0.0	0.0	0.0	0.0	9.280637741088867	0.0	8.211261749267578	0.0	0.0	0.0	0.0	0.0	0.0	0.0	9.853785514831543	0.0	0.0	0.0	9.490482330322266	0.0	7.681268692016602	0.0	0.0	0.0	4.369507312774658	10.747567176818848	0.0	0.0	0.0	0.0	0.0	0.0	0.0	0.0	0.0	9.413622856140137	0.0	0.0	0.0	0.0	0.0	0.0	0.0	0.0	0.0	6.996723175048828	0.0	5.127468585968018	0.0	8.316289901733398	0.0
0.0	0.0	0.0	9.502869606018066	0.0	0.0	0.0	0.0	0.0	6.522279739379883	0.0	0.0	0.0	0.0	0.0	0.0	0.0	9.66120719909668	0.0	8.581048011779785	0.0	0.0	0.0	0.0	0.0	0.0	0.0	10.256885528564453	0.0	0.0	0.0	9.879034042358398	0.0	8.031744003295898	0.0	0.0	0.0	4.593240737915039	11.17747688293457	0.0	0.0	0.0	0.0	0.0	0.0	0.0	0.0	0.0	9.835210800170898	0.0	0.0	0.0	0.0	0.0	0.0	0.0	0.0	0.0	7.382024765014648	0.0	5.367365837097168	0.0	8.684244155883789	0.0
0.0	0.0	0.0	9.601815223693848	0.0	0.0	0.0	0.0	0.0	6.587012767791748	0.0	0.0	0.0	0.0	0.0	0.0	0.0	9.786042213439941	0.0	8.67658519744873	0.0	0.0	0.0	0.0	0.0	0.0	0.0	10.38863468170166	0.0	0.0	0.0	10.016297340393066	0.0	8.121094703674316	0.0	0.0	0.0	4.637188911437988	11.322440147399902	0.0	0.0	0.0	0.0	0.0	0.0	0.0	0.0	0.0	9.931178092956543	0.0	0.0	0.0	0.0	0.0	0.0	0.0	0.0	0.0	7.428909778594971	0.0	5.421797275543213	0.0	8.777156829833984	0.0
0.0	0.0	0.0	9.153813362121582	0.0	0.0	0.0	0.0	0.0	6.251863956451416	0.0	0.0	0.0	0.0	0.0	0.0	0.0	9.331581115722656	0.0	8.259482383728027	0.0	0.0	0.0	0.0	0.0	0.0	0.0	9.907632827758789	0.0	0.0	0.0	9.54249382019043	0.0	7.727015018463135	0.0	0.0	0.0	4.399399280548096	10.804625511169434	0.0	0.0	0.0	0.0	0.0	0.0	0.0	0.0	0.0	9.466419219970703	0.0	0.0	0.0	0.0	0.0	0.0	0.0	0.0	0.0	7.03718376159668	0.0	5.15392541885376	0.0	8.362672805786133	0.0
0.0	0.0	0.0	9.275026321411133	0.0	0.0	0.0	0.0	0.0	6.336474895477295	0.0	0.0	0.0	0.0	0.0	0.0	0.0	9.452367782592773	0.0	8.371440887451172	0.0	0.0	0.0	0.0	0.0	0.0	0.0	10.034897804260254	0.0	0.0	0.0	9.668387413024902	0.0	7.831174373626709	0.0	0.0	0.0	4.466098785400391	10.94788932800293	0.0	0.0	0.0	0.0	0.0	0.0	0.0	0.0	0.0	9.58908748626709	0.0	0.0	0.0	0.0	0.0	0.0	0.0	0.0	0.0	7.137199401855469	0.0	5.226088047027588	0.0	8.472825050354004	0.0
0.0	0.0	0.0	9.215877532958984	0.0	0.0	0.0	0.0	0.0	6.296258926391602	0.0	0.0	0.0	0.0	0.0	0.0	0.0	9.39316177368164	0.0	8.31628131866455	0.0	0.0	0.0	0.0	0.0	0.0	0.0	9.975740432739258	0.0	0.0	0.0	9.615422248840332	0.0	7.780316352844238	0.0	0.0	0.0	4.434367656707764	10.881661415100098	0.0	0.0	0.0	0.0	0.0	0.0	0.0	0.0	0.0	9.53288745880127	0.0	0.0	0.0	0.0	0.0	0.0	0.0	0.0	0.0	7.096615314483643	0.0	5.189879894256592	0.0	8.427074432373047	0.0
0.0	0.0	0.0	9.246822357177734	0.0	0.0	0.0	0.0	0.0	6.320338249206543	0.0	0.0	0.0	0.0	0.0	0.0	0.0	9.434048652648926	0.0	8.347894668579102	0.0	0.0	0.0	0.0	0.0	0.0	0.0	10.011734008789062	0.0	0.0	0.0	9.6461763381958	0.0	7.810539245605469	0.0	0.0	0.0	4.443700313568115	10.918512344360352	0.0	0.0	0.0	0.0	0.0	0.0	0.0	0.0	0.0	9.565693855285645	0.0	0.0	0.0	0.0	0.0	0.0	0.0	0.0	0.0	7.117171287536621	0.0	5.208593368530273	0.0	8.45263957977295	0.0
0.0	0.0	0.0	9.37537670135498	0.0	0.0	0.0	0.0	0.0	6.41110372543335	0.0	0.0	0.0	0.0	0.0	0.0	0.0	9.554452896118164	0.0	8.458282470703125	0.0	0.0	0.0	0.0	0.0	0.0	0.0	10.140047073364258	0.0	0.0	0.0	9.77165699005127	0.0	7.918880462646484	0.0	0.0	0.0	4.517831325531006	11.059503555297852	0.0	0.0	0.0	0.0	0.0	0.0	0.0	0.0	0.0	9.688302993774414	0.0	0.0	0.0	0.0	0.0	0.0	0.0	0.0	0.0	7.2272467613220215	0.0	5.2847700119018555	0.0	8.566373825073242	0.0
0.0	0.0	0.0	9.445516586303711	0.0	0.0	0.0	0.0	0.0	6.460873603820801	0.0	0.0	0.0	0.0	0.0	0.0	0.0	9.639176368713379	0.0	8.534090042114258	0.0	0.0	0.0	0.0	0.0	0.0	0.0	10.231000900268555	0.0	0.0	0.0	9.862274169921875	0.0	7.985133647918701	0.0	0.0	0.0	4.547900199890137	11.155769348144531	0.0	0.0	0.0	0.0	0.0	0.0	0.0	0.0	0.0	9.771247863769531	0.0	0.0	0.0	0.0	0.0	0.0	0.0	0.0	0.0	7.277551174163818	0.0	5.3217597007751465	0.0	8.634157180786133	0.0
0.0	0.0	0.0	9.240782737731934	0.0	0.0	0.0	0.0	0.0	6.3162031173706055	0.0	0.0	0.0	0.0	0.0	0.0	0.0	9.427671432495117	0.0	8.342961311340332	0.0	0.0	0.0	0.0	0.0	0.0	0.0	10.002678871154785	0.0	0.0	0.0	9.637557983398438	0.0	7.806257724761963	0.0	0.0	0.0	4.445807456970215	10.906242370605469	0.0	0.0	0.0	0.0	0.0	0.0	0.0	0.0	0.0	9.559335708618164	0.0	0.0	0.0	0.0	0.0	0.0	0.0	0.0	0.0	7.112966060638428	0.0	5.205031394958496	0.0	8.44537353515625	0.0
0.0	0.0	0.0	9.314387321472168	0.0	0.0	0.0	0.0	0.0	6.380777359008789	0.0	0.0	0.0	0.0	0.0	0.0	0.0	9.487653732299805	0.0	8.409977912902832	0.0	0.0	0.0	0.0	0.0	0.0	0.0	10.073421478271484	0.0	0.0	0.0	9.702244758605957	0.0	7.86897087097168	0.0	0.0	0.0	4.491425037384033	10.9829740524292	0.0	0.0	0.0	0.0	0.0	0.0	0.0	0.0	0.0	9.63109302520752	0.0	0.0	0.0	0.0	0.0	0.0	0.0	0.0	0.0	7.1897172927856445	0.0	5.253052711486816	0.0	8.514322280883789	0.0
0.0	0.0	0.0	9.129923820495605	0.0	0.0	0.0	0.0	0.0	6.229697227478027	0.0	0.0	0.0	0.0	0.0	0.0	0.0	9.311861038208008	0.0	8.235398292541504	0.0	0.0	0.0	0.0	0.0	0.0	0.0	9.883218765258789	0.0	0.0	0.0	9.517314910888672	0.0	7.703643798828125	0.0	0.0	0.0	4.38144063949585	10.777361869812012	0.0	0.0	0.0	0.0	0.0	0.0	0.0	0.0	0.0	9.437838554382324	0.0	0.0	0.0	0.0	0.0	0.0	0.0	0.0	0.0	7.0185956954956055	0.0	5.136773109436035	0.0	8.341033935546875	0.0
0.0	0.0	0.0	8.781002044677734	0.0	0.0	0.0	0.0	0.0	5.9893999099731445	0.0	0.0	0.0	0.0	0.0	0.0	0.0	8.943781852722168	0.0	7.915036678314209	0.0	0.0	0.0	0.0	0.0	0.0	0.0	9.496102333068848	0.0	0.0	0.0	9.146199226379395	0.0	7.40266227722168	0.0	0.0	0.0	4.209005832672119	10.368155479431152	0.0	0.0	0.0	0.0	0.0	0.0	0.0	0.0	0.0	9.073853492736816	0.0	0.0	0.0	0.0	0.0	0.0	0.0	0.0	0.0	6.74229097366333	0.0	4.944299221038818	0.0	8.017146110534668	0.0
0.0	0.0	0.0	9.107376098632812	0.0	0.0	0.0	0.0	0.0	6.216250419616699	0.0	0.0	0.0	0.0	0.0	0.0	0.0	9.28342056274414	0.0	8.216353416442871	0.0	0.0	0.0	0.0	0.0	0.0	0.0	9.853119850158691	0.0	0.0	0.0	9.491192817687988	0.0	7.685331344604492	0.0	0.0	0.0	4.370612144470215	10.746121406555176	0.0	0.0	0.0	0.0	0.0	0.0	0.0	0.0	0.0	9.413307189941406	0.0	0.0	0.0	0.0	0.0	0.0	0.0	0.0	0.0	7.00040864944458	0.0	5.125943183898926	0.0	8.319746971130371	0.0
0.0	0.0	0.0	9.082815170288086	0.0	0.0	0.0	0.0	0.0	6.197683334350586	0.0	0.0	0.0	0.0	0.0	0.0	0.0	9.261710166931152	0.0	8.191869735717773	0.0	0.0	0.0	0.0	0.0	0.0	0.0	9.82933521270752	0.0	0.0	0.0	9.470333099365234	0.0	7.662044525146484	0.0	0.0	0.0	4.35744047164917	10.721968650817871	0.0	0.0	0.0	0.0	0.0	0.0	0.0	0.0	0.0	9.389326095581055	0.0	0.0	0.0	0.0	0.0	0.0	0.0	0.0	0.0	6.979231357574463	0.0	5.11125373840332	0.0	8.294930458068848	0.0
0.0	0.0	0.0	9.121261596679688	0.0	0.0	0.0	0.0	0.0	6.226324081420898	0.0	0.0	0.0	0.0	0.0	0.0	0.0	9.296008110046387	0.0	8.226055145263672	0.0	0.0	0.0	0.0	0.0	0.0	0.0	9.86641788482666	0.0	0.0	0.0	9.504517555236816	0.0	7.69940185546875	0.0	0.0	0.0	4.381398677825928	10.761014938354492	0.0	0.0	0.0	0.0	0.0	0.0	0.0	0.0	0.0	9.429646492004395	0.0	0.0	0.0	0.0	0.0	0.0	0.0	0.0	0.0	7.014076232910156	0.0	5.135715484619141	0.0	8.33328914642334	0.0
0.0	0.0	0.0	9.295242309570312	0.0	0.0	0.0	0.0	0.0	6.353954792022705	0.0	0.0	0.0	0.0	0.0	0.0	0.0	9.471457481384277	0.0	8.391185760498047	0.0	0.0	0.0	0.0	0.0	0.0	0.0	10.060906410217285	0.0	0.0	0.0	9.696673393249512	0.0	7.854050159454346	0.0	0.0	0.0	4.4759016036987305	10.968958854675293	0.0	0.0	0.0	0.0	0.0	0.0	0.0	0.0	0.0	9.610225677490234	0.0	0.0	0.0	0.0	0.0	0.0	0.0	0.0	0.0	7.160886287689209	0.0	5.232264995574951	0.0	8.496476173400879	0.0
0.0	0.0	0.0	9.045886039733887	0.0	0.0	0.0	0.0	0.0	6.176496505737305	0.0	0.0	0.0	0.0	0.0	0.0	0.0	9.226764678955078	0.0	8.162697792053223	0.0	0.0	0.0	0.0	0.0	0.0	0.0	9.789219856262207	0.0	0.0	0.0	9.42884635925293	0.0	7.633757591247559	0.0	0.0	0.0	4.339834690093994	10.679405212402344	0.0	0.0	0.0	0.0	0.0	0.0	0.0	0.0	0.0	9.355975151062012	0.0	0.0	0.0	0.0	0.0	0.0	0.0	0.0	0.0	6.955021858215332	0.0	5.092967510223389	0.0	8.26890754699707	0.0
0.0	0.0	0.0	9.17956829071045	0.0	0.0	0.0	0.0	0.0	6.271083831787109	0.0	0.0	0.0	0.0	0.0	0.0	0.0	9.366511344909668	0.0	8.284388542175293	0.0	0.0	0.0	0.0	0.0	0.0	0.0	9.938486099243164	0.0	0.0	0.0	9.575679779052734	0.0	7.750405311584473	0.0	0.0	0.0	4.407395839691162	10.84221363067627	0.0	0.0	0.0	0.0	0.0	0.0	0.0	0.0	0.0	9.49492359161377	0.0	0.0	0.0	0.0	0.0	0.0	0.0	0.0	0.0	7.061481952667236	0.0	5.1687798500061035	0.0	8.389745712280273	0.0
0.0	0.0	0.0	9.210869789123535	0.0	0.0	0.0	0.0	0.0	6.293627738952637	0.0	0.0	0.0	0.0	0.0	0.0	0.0	9.392321586608887	0.0	8.314891815185547	0.0	0.0	0.0	0.0	0.0	0.0	0.0	9.967184066772461	0.0	0.0	0.0	9.602971076965332	0.0	7.775761127471924	0.0	0.0	0.0	4.428145885467529	10.871257781982422	0.0	0.0	0.0	0.0	0.0	0.0	0.0	0.0	0.0	9.523979187011719	0.0	0.0	0.0	0.0	0.0	0.0	0.0	0.0	0.0	7.086611270904541	0.0	5.189576148986816	0.0	8.418442726135254	0.0
0.0	0.0	0.0	8.736907005310059	0.0	0.0	0.0	0.0	0.0	5.95659065246582	0.0	0.0	0.0	0.0	0.0	0.0	0.0	8.902233123779297	0.0	7.876878261566162	0.0	0.0	0.0	0.0	0.0	0.0	0.0	9.451038360595703	0.0	0.0	0.0	9.101717948913574	0.0	7.3671040534973145	0.0	0.0	0.0	4.1838178634643555	10.315910339355469	0.0	0.0	0.0	0.0	0.0	0.0	0.0	0.0	0.0	9.034269332885742	0.0	0.0	0.0	0.0	0.0	0.0	0.0	0.0	0.0	6.708862781524658	0.0	4.914361476898193	0.0	7.979231834411621	0.0
0.0	0.0	0.0	9.203492164611816	0.0	0.0	0.0	0.0	0.0	6.282711029052734	0.0	0.0	0.0	0.0	0.0	0.0	0.0	9.384056091308594	0.0	8.305109977722168	0.0	0.0	0.0	0.0	0.0	0.0	0.0	9.960393905639648	0.0	0.0	0.0	9.596488952636719	0.0	7.765994071960449	0.0	0.0	0.0	4.421611309051514	10.862058639526367	0.0	0.0	0.0	0.0	0.0	0.0	0.0	0.0	0.0	9.514730453491211	0.0	0.0	0.0	0.0	0.0	0.0	0.0	0.0	0.0	7.077626705169678	0.0	5.178961277008057	0.0	8.408282279968262	0.0
0.0	0.0	0.0	8.985357284545898	0.0	0.0	0.0	0.0	0.0	6.128852844238281	0.0	0.0	0.0	0.0	0.0	0.0	0.0	9.159875869750977	0.0	8.103504180908203	0.0	0.0	0.0	0.0	0.0	0.0	0.0	9.720836639404297	0.0	0.0	0.0	9.363898277282715	0.0	7.5802459716796875	0.0	0.0	0.0	4.311788558959961	10.6024808883667	0.0	0.0	0.0	0.0	0.0	0.0	0.0	0.0	0.0	9.286914825439453	0.0	0.0	0.0	0.0	0.0	0.0	0.0	0.0	0.0	6.903345108032227	0.0	5.056921482086182	0.0	8.206408500671387	0.0
0.0	0.0	0.0	9.279261589050293	0.0	0.0	0.0	0.0	0.0	6.342128753662109	0.0	0.0	0.0	0.0	0.0	0.0	0.0	9.468094825744629	0.0	8.379165649414062	0.0	0.0	0.0	0.0	0.0	0.0	0.0	10.046927452087402	0.0	0.0	0.0	9.67953109741211	0.0	7.841104507446289	0.0	0.0	0.0	4.457948207855225	10.95718002319336	0.0	0.0	0.0	0.0	0.0	0.0	0.0	0.0	0.0	9.602330207824707	0.0	0.0	0.0	0.0	0.0	0.0	0.0	0.0	0.0	7.1416425704956055	0.0	5.219841480255127	0.0	8.485535621643066	0.0
0.0	0.0	0.0	8.896738052368164	0.0	0.0	0.0	0.0	0.0	6.075496196746826	0.0	0.0	0.0	0.0	0.0	0.0	0.0	9.058554649353027	0.0	8.022153854370117	0.0	0.0	0.0	0.0	0.0	0.0	0.0	9.612409591674805	0.0	0.0	0.0	9.25801944732666	0.0	7.499356269836426	0.0	0.0	0.0	4.276128768920898	10.488751411437988	0.0	0.0	0.0	0.0	0.0	0.0	0.0	0.0	0.0	9.198283195495605	0.0	0.0	0.0	0.0	0.0	0.0	0.0	0.0	0.0	6.846085548400879	0.0	5.011745929718018	0.0	8.120227813720703	0.0
0.0	0.0	0.0	9.140429496765137	0.0	0.0	0.0	0.0	0.0	6.244394779205322	0.0	0.0	0.0	0.0	0.0	0.0	0.0	9.321279525756836	0.0	8.250450134277344	0.0	0.0	0.0	0.0	0.0	0.0	0.0	9.892417907714844	0.0	0.0	0.0	9.531317710876465	0.0	7.716434001922607	0.0	0.0	0.0	4.39261531829834	10.79665470123291	0.0	0.0	0.0	0.0	0.0	0.0	0.0	0.0	0.0	9.45437240600586	0.0	0.0	0.0	0.0	0.0	0.0	0.0	0.0	0.0	7.029292106628418	0.0	5.149742126464844	0.0	8.353260040283203	0.0
0.0	0.0	0.0	9.32656478881836	0.0	0.0	0.0	0.0	0.0	6.378109455108643	0.0	0.0	0.0	0.0	0.0	0.0	0.0	9.503555297851562	0.0	8.423632621765137	0.0	0.0	0.0	0.0	0.0	0.0	0.0	10.088653564453125	0.0	0.0	0.0	9.726053237915039	0.0	7.879306793212891	0.0	0.0	0.0	4.493927478790283	11.006978034973145	0.0	0.0	0.0	0.0	0.0	0.0	0.0	0.0	0.0	9.64248275756836	0.0	0.0	0.0	0.0	0.0	0.0	0.0	0.0	0.0	7.191970348358154	0.0	5.260534763336182	0.0	8.519613265991211	0.0
0.0	0.0	0.0	9.971505165100098	0.0	0.0	0.0	0.0	0.0	6.862071514129639	0.0	0.0	0.0	0.0	0.0	0.0	0.0	10.129196166992188	0.0	9.003271102905273	0.0	0.0	0.0	0.0	0.0	0.0	0.0	10.744089126586914	0.0	0.0	0.0	10.358919143676758	0.0	8.440507888793945	0.0	0.0	0.0	4.843092918395996	11.700668334960938	0.0	0.0	0.0	0.0	0.0	0.0	0.0	0.0	0.0	10.315177917480469	0.0	0.0	0.0	0.0	0.0	0.0	0.0	0.0	0.0	7.784445285797119	0.0	5.632499694824219	0.0	9.115626335144043	0.0
0.0	0.0	0.0	9.298519134521484	0.0	0.0	0.0	0.0	0.0	6.349931716918945	0.0	0.0	0.0	0.0	0.0	0.0	0.0	9.488033294677734	0.0	8.39078426361084	0.0	0.0	0.0	0.0	0.0	0.0	0.0	10.063870429992676	0.0	0.0	0.0	9.697405815124512	0.0	7.852818965911865	0.0	0.0	0.0	4.46647834777832	10.971332550048828	0.0	0.0	0.0	0.0	0.0	0.0	0.0	0.0	0.0	9.619686126708984	0.0	0.0	0.0	0.0	0.0	0.0	0.0	0.0	0.0	7.153560161590576	0.0	5.232880115509033	0.0	8.497010231018066	0.0
0.0	0.0	0.0	9.24670124053955	0.0	0.0	0.0	0.0	0.0	6.3235063552856445	0.0	0.0	0.0	0.0	0.0	0.0	0.0	9.428359031677246	0.0	8.347689628601074	0.0	0.0	0.0	0.0	0.0	0.0	0.0	10.004020690917969	0.0	0.0	0.0	9.643889427185059	0.0	7.809391975402832	0.0	0.0	0.0	4.449367046356201	10.91642951965332	0.0	0.0	0.0	0.0	0.0	0.0	0.0	0.0	0.0	9.562110900878906	0.0	0.0	0.0	0.0	0.0	0.0	0.0	0.0	0.0	7.117811679840088	0.0	5.210216045379639	0.0	8.449042320251465	0.0
0.0	0.0	0.0	9.060436248779297	0.0	0.0	0.0	0.0	0.0	6.18295431137085	0.0	0.0	0.0	0.0	0.0	0.0	0.0	9.242745399475098	0.0	8.175280570983887	0.0	0.0	0.0	0.0	0.0	0.0	0.0	9.806427955627441	0.0	0.0	0.0	9.44555377960205	0.0	7.6453752517700195	0.0	0.0	0.0	4.3470964431762695	10.695631980895996	0.0	0.0	0.0	0.0	0.0	0.0	0.0	0.0	0.0	9.372424125671387	0.0	0.0	0.0	0.0	0.0	0.0	0.0	0.0	0.0	6.964470863342285	0.0	5.100074768066406	0.0	8.280463218688965	0.0
0.0	0.0	0.0	9.12019157409668	0.0	0.0	0.0	0.0	0.0	6.228528022766113	0.0	0.0	0.0	0.0	0.0	0.0	0.0	9.301548957824707	0.0	8.233818054199219	0.0	0.0	0.0	0.0	0.0	0.0	0.0	9.87292194366455	0.0	0.0	0.0	9.51087474822998	0.0	7.695045471191406	0.0	0.0	0.0	4.379572868347168	10.771132469177246	0.0	0.0	0.0	0.0	0.0	0.0	0.0	0.0	0.0	9.433369636535645	0.0	0.0	0.0	0.0	0.0	0.0	0.0	0.0	0.0	7.012307167053223	0.0	5.136300563812256	0.0	8.334222793579102	0.0
0.0	0.0	0.0	8.833477020263672	0.0	0.0	0.0	0.0	0.0	6.022067546844482	0.0	0.0	0.0	0.0	0.0	0.0	0.0	9.004819869995117	0.0	7.964488983154297	0.0	0.0	0.0	0.0	0.0	0.0	0.0	9.555856704711914	0.0	0.0	0.0	9.205608367919922	0.0	7.4484477043151855	0.0	0.0	0.0	4.23362922668457	10.429086685180664	0.0	0.0	0.0	0.0	0.0	0.0	0.0	0.0	0.0	9.132820129394531	0.0	0.0	0.0	0.0	0.0	0.0	0.0	0.0	0.0	6.780794143676758	0.0	4.967334270477295	0.0	8.069704055786133	0.0
0.0	0.0	0.0	9.103340148925781	0.0	0.0	0.0	0.0	0.0	6.211062431335449	0.0	0.0	0.0	0.0	0.0	0.0	0.0	9.280888557434082	0.0	8.21074104309082	0.0	0.0	0.0	0.0	0.0	0.0	0.0	9.853623390197754	0.0	0.0	0.0	9.488729476928711	0.0	7.682915210723877	0.0	0.0	0.0	4.3691582679748535	10.743452072143555	0.0	0.0	0.0	0.0	0.0	0.0	0.0	0.0	0.0	9.40909194946289	0.0	0.0	0.0	0.0	0.0	0.0	0.0	0.0	0.0	6.993204116821289	0.0	5.1230058670043945	0.0	8.318140029907227	0.0
0.0	0.0	0.0	9.179277420043945	0.0	0.0	0.0	0.0	0.0	6.270393371582031	0.0	0.0	0.0	0.0	0.0	0.0	0.0	9.365490913391113	0.0	8.284418106079102	0.0	0.0	0.0	0.0	0.0	0.0	0.0	9.940540313720703	0.0	0.0	0.0	9.573831558227539	0.0	7.752033710479736	0.0	0.0	0.0	4.409326076507568	10.835210800170898	0.0	0.0	0.0	0.0	0.0	0.0	0.0	0.0	0.0	9.498498916625977	0.0	0.0	0.0	0.0	0.0	0.0	0.0	0.0	0.0	7.0587639808654785	0.0	5.16871452331543	0.0	8.394641876220703	0.0
0.0	0.0	0.0	9.277994155883789	0.0	0.0	0.0	0.0	0.0	6.334161758422852	0.0	0.0	0.0	0.0	0.0	0.0	0.0	9.461091995239258	0.0	8.37459659576416	0.0	0.0	0.0	0.0	0.0	0.0	0.0	10.03919792175293	0.0	0.0	0.0	9.683070182800293	0.0	7.8359150886535645	0.0	0.0	0.0	4.459447860717773	10.953396797180176	0.0	0.0	0.0	0.0	0.0	0.0	0.0	0.0	0.0	9.59408950805664	0.0	0.0	0.0	0.0	0.0	0.0	0.0	0.0	0.0	7.142452716827393	0.0	5.219690322875977	0.0	8.47857666015625	0.0
0.0	0.0	0.0	9.039003372192383	0.0	0.0	0.0	0.0	0.0	6.168764591217041	0.0	0.0	0.0	0.0	0.0	0.0	0.0	9.213186264038086	0.0	8.153282165527344	0.0	0.0	0.0	0.0	0.0	0.0	0.0	9.780618667602539	0.0	0.0	0.0	9.422636985778809	0.0	7.62686014175415	0.0	0.0	0.0	4.338069438934326	10.670671463012695	0.0	0.0	0.0	0.0	0.0	0.0	0.0	0.0	0.0	9.34119987487793	0.0	0.0	0.0	0.0	0.0	0.0	0.0	0.0	0.0	6.9465651512146	0.0	5.088494777679443	0.0	8.256665229797363	0.0
0.0	0.0	0.0	9.265079498291016	0.0	0.0	0.0	0.0	0.0	6.328306198120117	0.0	0.0	0.0	0.0	0.0	0.0	0.0	9.440747261047363	0.0	8.36352252960205	0.0	0.0	0.0	0.0	0.0	0.0	0.0	10.032815933227539	0.0	0.0	0.0	9.667546272277832	0.0	7.82432222366333	0.0	0.0	0.0	4.455877780914307	10.93615436553955	0.0	0.0	0.0	0.0	0.0	0.0	0.0	0.0	0.0	9.578141212463379	0.0	0.0	0.0	0.0	0.0	0.0	0.0	0.0	0.0	7.131585597991943	0.0	5.210526943206787	0.0	8.467360496520996	0.0
0.0	0.0	0.0	9.266216278076172	0.0	0.0	0.0	0.0	0.0	6.338921546936035	0.0	0.0	0.0	0.0	0.0	0.0	0.0	9.439250946044922	0.0	8.365011215209961	0.0	0.0	0.0	0.0	0.0	0.0	0.0	10.025480270385742	0.0	0.0	0.0	9.658897399902344	0.0	7.822587013244629	0.0	0.0	0.0	4.46401309967041	10.931724548339844	0.0	0.0	0.0	0.0	0.0	0.0	0.0	0.0	0.0	9.587883949279785	0.0	0.0	0.0	0.0	0.0	0.0	0.0	0.0	0.0	7.142359733581543	0.0	5.227424144744873	0.0	8.473320960998535	0.0
0.0	0.0	0.0	9.18779182434082	0.0	0.0	0.0	0.0	0.0	6.274130821228027	0.0	0.0	0.0	0.0	0.0	0.0	0.0	9.369593620300293	0.0	8.288860321044922	0.0	0.0	0.0	0.0	0.0	0.0	0.0	9.942349433898926	0.0	0.0	0.0	9.579549789428711	0.0	7.752771854400635	0.0	0.0	0.0	4.415004253387451	10.844218254089355	0.0	0.0	0.0	0.0	0.0	0.0	0.0	0.0	0.0	9.501935005187988	0.0	0.0	0.0	0.0	0.0	0.0	0.0	0.0	0.0	7.068565845489502	0.0	5.172025203704834	0.0	8.39566421508789	0.0
0.0	0.0	0.0	9.276103973388672	0.0	0.0	0.0	0.0	0.0	6.338967800140381	0.0	0.0	0.0	0.0	0.0	0.0	0.0	9.471465110778809	0.0	8.375163078308105	0.0	0.0	0.0	0.0	0.0	0.0	0.0	10.048126220703125	0.0	0.0	0.0	9.678173065185547	0.0	7.838904857635498	0.0	0.0	0.0	4.453759670257568	10.95748519897461	0.0	0.0	0.0	0.0	0.0	0.0	0.0	0.0	0.0	9.600881576538086	0.0	0.0	0.0	0.0	0.0	0.0	0.0	0.0	0.0	7.13913106918335	0.0	5.21921968460083	0.0	8.486777305603027	0.0
0.0	0.0	0.0	9.232834815979004	0.0	0.0	0.0	0.0	0.0	6.308271408081055	0.0	0.0	0.0	0.0	0.0	0.0	0.0	9.41670036315918	0.0	8.336719512939453	0.0	0.0	0.0	0.0	0.0	0.0	0.0	9.994239807128906	0.0	0.0	0.0	9.628345489501953	0.0	7.790584564208984	0.0	0.0	0.0	4.437603950500488	10.895939826965332	0.0	0.0	0.0	0.0	0.0	0.0	0.0	0.0	0.0	9.548095703125	0.0	0.0	0.0	0.0	0.0	0.0	0.0	0.0	0.0	7.1068854331970215	0.0	5.20131254196167	0.0	8.43847942352295	0.0
0.0	0.0	0.0	9.12203598022461	0.0	0.0	0.0	0.0	0.0	6.225722312927246	0.0	0.0	0.0	0.0	0.0	0.0	0.0	9.30492877960205	0.0	8.236601829528809	0.0	0.0	0.0	0.0	0.0	0.0	0.0	9.875442504882812	0.0	0.0	0.0	9.512433052062988	0.0	7.69902229309082	0.0	0.0	0.0	4.378065586090088	10.772176742553711	0.0	0.0	0.0	0.0	0.0	0.0	0.0	0.0	0.0	9.437150955200195	0.0	0.0	0.0	0.0	0.0	0.0	0.0	0.0	0.0	7.013944625854492	0.0	5.136312484741211	0.0	8.336748123168945	0.0
0.0	0.0	0.0	9.02215576171875	0.0	0.0	0.0	0.0	0.0	6.1579060554504395	0.0	0.0	0.0	0.0	0.0	0.0	0.0	9.201087951660156	0.0	8.138246536254883	0.0	0.0	0.0	0.0	0.0	0.0	0.0	9.765373229980469	0.0	0.0	0.0	9.405705451965332	0.0	7.6125712394714355	0.0	0.0	0.0	4.331998348236084	10.651535987854004	0.0	0.0	0.0	0.0	0.0	0.0	0.0	0.0	0.0	9.331493377685547	0.0	0.0	0.0	0.0	0.0	0.0	0.0	0.0	0.0	6.9341936111450195	0.0	5.083785057067871	0.0	8.242643356323242	0.0
0.0	0.0	0.0	9.289198875427246	0.0	0.0	0.0	0.0	0.0	6.343380451202393	0.0	0.0	0.0	0.0	0.0	0.0	0.0	9.477205276489258	0.0	8.38752555847168	0.0	0.0	0.0	0.0	0.0	0.0	0.0	10.05567741394043	0.0	0.0	0.0	9.699507713317871	0.0	7.84883451461792	0.0	0.0	0.0	4.4630537033081055	10.975214958190918	0.0	0.0	0.0	0.0	0.0	0.0	0.0	0.0	0.0	9.602815628051758	0.0	0.0	0.0	0.0	0.0	0.0	0.0	0.0	0.0	7.139517307281494	0.0	5.22597599029541	0.0	8.491055488586426	0.0
0.0	0.0	0.0	9.180135726928711	0.0	0.0	0.0	0.0	0.0	6.2669148445129395	0.0	0.0	0.0	0.0	0.0	0.0	0.0	9.360682487487793	0.0	8.287507057189941	0.0	0.0	0.0	0.0	0.0	0.0	0.0	9.934540748596191	0.0	0.0	0.0	9.573681831359863	0.0	7.752047061920166	0.0	0.0	0.0	4.409400939941406	10.83956241607666	0.0	0.0	0.0	0.0	0.0	0.0	0.0	0.0	0.0	9.491795539855957	0.0	0.0	0.0	0.0	0.0	0.0	0.0	0.0	0.0	7.0591959953308105	0.0	5.170994281768799	0.0	8.390509605407715	0.0
0.0	0.0	0.0	9.253066062927246	0.0	0.0	0.0	0.0	0.0	6.322619438171387	0.0	0.0	0.0	0.0	0.0	0.0	0.0	9.445257186889648	0.0	8.35387897491455	0.0	0.0	0.0	0.0	0.0	0.0	0.0	10.023860931396484	0.0	0.0	0.0	9.656122207641602	0.0	7.815710067749023	0.0	0.0	0.0	4.441647529602051	10.92540454864502	0.0	0.0	0.0	0.0	0.0	0.0	0.0	0.0	0.0	9.578861236572266	0.0	0.0	0.0	0.0	0.0	0.0	0.0	0.0	0.0	7.122996807098389	0.0	5.2129011154174805	0.0	8.460615158081055	0.0
0.0	0.0	0.0	9.191293716430664	0.0	0.0	0.0	0.0	0.0	6.2770538330078125	0.0	0.0	0.0	0.0	0.0	0.0	0.0	9.370759963989258	0.0	8.297530174255371	0.0	0.0	0.0	0.0	0.0	0.0	0.0	9.950570106506348	0.0	0.0	0.0	9.585091590881348	0.0	7.761110305786133	0.0	0.0	0.0	4.420081615447998	10.84911060333252	0.0	0.0	0.0	0.0	0.0	0.0	0.0	0.0	0.0	9.503762245178223	0.0	0.0	0.0	0.0	0.0	0.0	0.0	0.0	0.0	7.069570064544678	0.0	5.1799774169921875	0.0	8.401844024658203	0.0
0.0	0.0	0.0	9.246981620788574	0.0	0.0	0.0	0.0	0.0	6.316269397735596	0.0	0.0	0.0	0.0	0.0	0.0	0.0	9.434283256530762	0.0	8.346884727478027	0.0	0.0	0.0	0.0	0.0	0.0	0.0	10.014396667480469	0.0	0.0	0.0	9.650360107421875	0.0	7.811354160308838	0.0	0.0	0.0	4.442488193511963	10.918734550476074	0.0	0.0	0.0	0.0	0.0	0.0	0.0	0.0	0.0	9.567947387695312	0.0	0.0	0.0	0.0	0.0	0.0	0.0	0.0	0.0	7.11870813369751	0.0	5.2047014236450195	0.0	8.457469940185547	0.0
0.0	0.0	0.0	9.382966041564941	0.0	0.0	0.0	0.0	0.0	6.42056131362915	0.0	0.0	0.0	0.0	0.0	0.0	0.0	9.568438529968262	0.0	8.47740650177002	0.0	0.0	0.0	0.0	0.0	0.0	0.0	10.157380104064941	0.0	0.0	0.0	9.791949272155762	0.0	7.926858901977539	0.0	0.0	0.0	4.51958703994751	11.074629783630371	0.0	0.0	0.0	0.0	0.0	0.0	0.0	0.0	0.0	9.701961517333984	0.0	0.0	0.0	0.0	0.0	0.0	0.0	0.0	0.0	7.232038497924805	0.0	5.293622970581055	0.0	8.579516410827637	0.0
0.0	0.0	0.0	9.258310317993164	0.0	0.0	0.0	0.0	0.0	6.322916507720947	0.0	0.0	0.0	0.0	0.0	0.0	0.0	9.438944816589355	0.0	8.357151985168457	0.0	0.0	0.0	0.0	0.0	0.0	0.0	10.020867347717285	0.0	0.0	0.0	9.659157752990723	0.0	7.818805694580078	0.0	0.0	0.0	4.454043865203857	10.93076229095459	0.0	0.0	0.0	0.0	0.0	0.0	0.0	0.0	0.0	9.576075553894043	0.0	0.0	0.0	0.0	0.0	0.0	0.0	0.0	0.0	7.130166530609131	0.0	5.216648578643799	0.0	8.466032981872559	0.0
0.0	0.0	0.0	9.012368202209473	0.0	0.0	0.0	0.0	0.0	6.149365425109863	0.0	0.0	0.0	0.0	0.0	0.0	0.0	9.184807777404785	0.0	8.127693176269531	0.0	0.0	0.0	0.0	0.0	0.0	0.0	9.749030113220215	0.0	0.0	0.0	9.390910148620605	0.0	7.59980583190918	0.0	0.0	0.0	4.325751304626465	10.633174896240234	0.0	0.0	0.0	0.0	0.0	0.0	0.0	0.0	0.0	9.316556930541992	0.0	0.0	0.0	0.0	0.0	0.0	0.0	0.0	0.0	6.926899433135986	0.0	5.076088905334473	0.0	8.227944374084473	0.0
0.0	0.0	0.0	9.094444274902344	0.0	0.0	0.0	0.0	0.0	6.206341743469238	0.0	0.0	0.0	0.0	0.0	0.0	0.0	9.270044326782227	0.0	8.200813293457031	0.0	0.0	0.0	0.0	0.0	0.0	0.0	9.838675498962402	0.0	0.0	0.0	9.478499412536621	0.0	7.673717975616455	0.0	0.0	0.0	4.366880893707275	10.729676246643066	0.0	0.0	0.0	0.0	0.0	0.0	0.0	0.0	0.0	9.402507781982422	0.0	0.0	0.0	0.0	0.0	0.0	0.0	0.0	0.0	6.992112636566162	0.0	5.118166446685791	0.0	8.30626106262207	0.0
0.0	0.0	0.0	9.25753402709961	0.0	0.0	0.0	0.0	0.0	6.326250076293945	0.0	0.0	0.0	0.0	0.0	0.0	0.0	9.437077522277832	0.0	8.354979515075684	0.0	0.0	0.0	0.0	0.0	0.0	0.0	10.016654968261719	0.0	0.0	0.0	9.655156135559082	0.0	7.819391250610352	0.0	0.0	0.0	4.452861785888672	10.925080299377441	0.0	0.0	0.0	0.0	0.0	0.0	0.0	0.0	0.0	9.564986228942871	0.0	0.0	0.0	0.0	0.0	0.0	0.0	0.0	0.0	7.121772766113281	0.0	5.210878849029541	0.0	8.459297180175781	0.0
0.0	0.0	0.0	8.95881462097168	0.0	0.0	0.0	0.0	0.0	6.104609966278076	0.0	0.0	0.0	0.0	0.0	0.0	0.0	9.133359909057617	0.0	8.076552391052246	0.0	0.0	0.0	0.0	0.0	0.0	0.0	9.698518753051758	0.0	0.0	0.0	9.344240188598633	0.0	7.557457447052002	0.0	0.0	0.0	4.290383815765381	10.582270622253418	0.0	0.0	0.0	0.0	0.0	0.0	0.0	0.0	0.0	9.257976531982422	0.0	0.0	0.0	0.0	0.0	0.0	0.0	0.0	0.0	6.873393535614014	0.0	5.033125400543213	0.0	8.183157920837402	0.0
0.0	0.0	0.0	9.07871150970459	0.0	0.0	0.0	0.0	0.0	6.1986918449401855	0.0	0.0	0.0	0.0	0.0	0.0	0.0	9.2584810256958	0.0	8.189249038696289	0.0	0.0	0.0	0.0	0.0	0.0	0.0	9.825695037841797	0.0	0.0	0.0	9.465597152709961	0.0	7.662217140197754	0.0	0.0	0.0	4.361052989959717	10.715621948242188	0.0	0.0	0.0	0.0	0.0	0.0	0.0	0.0	0.0	9.387959480285645	0.0	0.0	0.0	0.0	0.0	0.0	0.0	0.0	0.0	6.981039047241211	0.0	5.112173557281494	0.0	8.295086860656738	0.0
0.0	0.0	0.0	9.112524032592773	0.0	0.0	0.0	0.0	0.0	6.2211480140686035	0.0	0.0	0.0	0.0	0.0	0.0	0.0	9.294365882873535	0.0	8.22262191772461	0.0	0.0	0.0	0.0	0.0	0.0	0.0	9.860941886901855	0.0	0.0	0.0	9.503113746643066	0.0	7.691474437713623	0.0	0.0	0.0	4.376183032989502	10.757265090942383	0.0	0.0	0.0	0.0	0.0	0.0	0.0	0.0	0.0	9.42114543914795	0.0	0.0	0.0	0.0	0.0	0.0	0.0	0.0	0.0	7.004966735839844	0.0	5.1294779777526855	0.0	8.328240394592285	0.0
0.0	0.0	0.0	9.492816925048828	0.0	0.0	0.0	0.0	0.0	6.500019550323486	0.0	0.0	0.0	0.0	0.0	0.0	0.0	9.681736946105957	0.0	8.580636024475098	0.0	0.0	0.0	0.0	0.0	0.0	0.0	10.289600372314453	0.0	0.0	0.0	9.912206649780273	0.0	8.031405448913574	0.0	0.0	0.0	4.578042984008789	11.209779739379883	0.0	0.0	0.0	0.0	0.0	0.0	0.0	0.0	0.0	9.82332706451416	0.0	0.0	0.0	0.0	0.0	0.0	0.0	0.0	0.0	7.326988697052002	0.0	5.342428684234619	0.0	8.690585136413574	0.0
0.0	0.0	0.0	9.34743595123291	0.0	0.0	0.0	0.0	0.0	6.388523101806641	0.0	0.0	0.0	0.0	0.0	0.0	0.0	9.52436637878418	0.0	8.429770469665527	0.0	0.0	0.0	0.0	0.0	0.0	0.0	10.11758041381836	0.0	0.0	0.0	9.747775077819824	0.0	7.8923163414001465	0.0	0.0	0.0	4.4968342781066895	11.030976295471191	0.0	0.0	0.0	0.0	0.0	0.0	0.0	0.0	0.0	9.66260814666748	0.0	0.0	0.0	0.0	0.0	0.0	0.0	0.0	0.0	7.20159912109375	0.0	5.263895511627197	0.0	8.53682804107666	0.0
0.0	0.0	0.0	9.119726181030273	0.0	0.0	0.0	0.0	0.0	6.2263312339782715	0.0	0.0	0.0	0.0	0.0	0.0	0.0	9.30211067199707	0.0	8.231553077697754	0.0	0.0	0.0	0.0	0.0	0.0	0.0	9.870059967041016	0.0	0.0	0.0	9.510210990905762	0.0	7.699038982391357	0.0	0.0	0.0	4.381506443023682	10.765710830688477	0.0	0.0	0.0	0.0	0.0	0.0	0.0	0.0	0.0	9.4342622756958	0.0	0.0	0.0	0.0	0.0	0.0	0.0	0.0	0.0	7.012039661407471	0.0	5.136834144592285	0.0	8.334583282470703	0.0
0.0	0.0	0.0	9.51407241821289	0.0	0.0	0.0	0.0	0.0	6.530135154724121	0.0	0.0	0.0	0.0	0.0	0.0	0.0	9.662013053894043	0.0	8.583956718444824	0.0	0.0	0.0	0.0	0.0	0.0	0.0	10.250360488891602	0.0	0.0	0.0	9.872208595275879	0.0	8.037288665771484	0.0	0.0	0.0	4.614195346832275	11.170825004577637	0.0	0.0	0.0	0.0	0.0	0.0	0.0	0.0	0.0	9.841217041015625	0.0	0.0	0.0	0.0	0.0	0.0	0.0	0.0	0.0	7.396080017089844	0.0	5.37874174118042	0.0	8.69186019897461	0.0
0.0	0.0	0.0	9.823355674743652	0.0	0.0	0.0	0.0	0.0	6.7341790199279785	0.0	0.0	0.0	0.0	0.0	0.0	0.0	10.016411781311035	0.0	8.884662628173828	0.0	0.0	0.0	0.0	0.0	0.0	0.0	10.637998580932617	0.0	0.0	0.0	10.259089469909668	0.0	8.31200122833252	0.0	0.0	0.0	4.7407708168029785	11.589544296264648	0.0	0.0	0.0	0.0	0.0	0.0	0.0	0.0	0.0	10.169240951538086	0.0	0.0	0.0	0.0	0.0	0.0	0.0	0.0	0.0	7.609082221984863	0.0	5.523059844970703	0.0	8.993788719177246	0.0
0.0	0.0	0.0	8.933582305908203	0.0	0.0	0.0	0.0	0.0	6.091422080993652	0.0	0.0	0.0	0.0	0.0	0.0	0.0	9.103803634643555	0.0	8.052924156188965	0.0	0.0	0.0	0.0	0.0	0.0	0.0	9.664457321166992	0.0	0.0	0.0	9.307982444763184	0.0	7.533359050750732	0.0	0.0	0.0	4.283266067504883	10.543339729309082	0.0	0.0	0.0	0.0	0.0	0.0	0.0	0.0	0.0	9.234318733215332	0.0	0.0	0.0	0.0	0.0	0.0	0.0	0.0	0.0	6.8611931800842285	0.0	5.0257744789123535	0.0	8.158348083496094	0.0
0.0	0.0	0.0	9.412055015563965	0.0	0.0	0.0	0.0	0.0	6.431075096130371	0.0	0.0	0.0	0.0	0.0	0.0	0.0	9.598468780517578	0.0	8.498717308044434	0.0	0.0	0.0	0.0	0.0	0.0	0.0	10.194392204284668	0.0	0.0	0.0	9.827380180358887	0.0	7.956108570098877	0.0	0.0	0.0	4.526566028594971	11.113984107971191	0.0	0.0	0.0	0.0	0.0	0.0	0.0	0.0	0.0	9.7326021194458	0.0	0.0	0.0	0.0	0.0	0.0	0.0	0.0	0.0	7.251148700714111	0.0	5.28953742980957	0.0	8.610057830810547	0.0
0.0	0.0	0.0	9.131204605102539	0.0	0.0	0.0	0.0	0.0	6.2349066734313965	0.0	0.0	0.0	0.0	0.0	0.0	0.0	9.313185691833496	0.0	8.237015724182129	0.0	0.0	0.0	0.0	0.0	0.0	0.0	9.87987232208252	0.0	0.0	0.0	9.518203735351562	0.0	7.7059197425842285	0.0	0.0	0.0	4.385200500488281	10.776705741882324	0.0	0.0	0.0	0.0	0.0	0.0	0.0	0.0	0.0	9.44360637664795	0.0	0.0	0.0	0.0	0.0	0.0	0.0	0.0	0.0	7.0211405754089355	0.0	5.143019199371338	0.0	8.343100547790527	0.0
0.0	0.0	0.0	9.186544418334961	0.0	0.0	0.0	0.0	0.0	6.275505542755127	0.0	0.0	0.0	0.0	0.0	0.0	0.0	9.377532005310059	0.0	8.291409492492676	0.0	0.0	0.0	0.0	0.0	0.0	0.0	9.947492599487305	0.0	0.0	0.0	9.584139823913574	0.0	7.758967876434326	0.0	0.0	0.0	4.413276195526123	10.849169731140137	0.0	0.0	0.0	0.0	0.0	0.0	0.0	0.0	0.0	9.505660057067871	0.0	0.0	0.0	0.0	0.0	0.0	0.0	0.0	0.0	7.06786584854126	0.0	5.169813632965088	0.0	8.398407936096191	0.0
0.0	0.0	0.0	8.976286888122559	0.0	0.0	0.0	0.0	0.0	6.1216912269592285	0.0	0.0	0.0	0.0	0.0	0.0	0.0	9.148290634155273	0.0	8.093903541564941	0.0	0.0	0.0	0.0	0.0	0.0	0.0	9.709026336669922	0.0	0.0	0.0	9.353694915771484	0.0	7.569886684417725	0.0	0.0	0.0	4.307746887207031	10.5939359664917	0.0	0.0	0.0	0.0	0.0	0.0	0.0	0.0	0.0	9.276395797729492	0.0	0.0	0.0	0.0	0.0	0.0	0.0	0.0	0.0	6.89473819732666	0.0	5.0481719970703125	0.0	8.197704315185547	0.0
0.0	0.0	0.0	9.120675086975098	0.0	0.0	0.0	0.0	0.0	6.230064868927002	0.0	0.0	0.0	0.0	0.0	0.0	0.0	9.301607131958008	0.0	8.231284141540527	0.0	0.0	0.0	0.0	0.0	0.0	0.0	9.877665519714355	0.0	0.0	0.0	9.514933586120605	0.0	7.697719573974609	0.0	0.0	0.0	4.380529403686523	10.768070220947266	0.0	0.0	0.0	0.0	0.0	0.0	0.0	0.0	0.0	9.435558319091797	0.0	0.0	0.0	0.0	0.0	0.0	0.0	0.0	0.0	7.015087127685547	0.0	5.137306213378906	0.0	8.336956024169922	0.0
0.0	0.0	0.0	9.346733093261719	0.0	0.0	0.0	0.0	0.0	6.41120719909668	0.0	0.0	0.0	0.0	0.0	0.0	0.0	9.500588417053223	0.0	8.43607234954834	0.0	0.0	0.0	0.0	0.0	0.0	0.0	10.080891609191895	0.0	0.0	0.0	9.709101676940918	0.0	7.897030353546143	0.0	0.0	0.0	4.522801876068115	10.987497329711914	0.0	0.0	0.0	0.0	0.0	0.0	0.0	0.0	0.0	9.675084114074707	0.0	0.0	0.0	0.0	0.0	0.0	0.0	0.0	0.0	7.251270294189453	0.0	5.284358501434326	0.0	8.536336898803711	0.0
0.0	0.0	0.0	9.082080841064453	0.0	0.0	0.0	0.0	0.0	6.19206428527832	0.0	0.0	0.0	0.0	0.0	0.0	0.0	9.257023811340332	0.0	8.187749862670898	0.0	0.0	0.0	0.0	0.0	0.0	0.0	9.823812484741211	0.0	0.0	0.0	9.46769905090332	0.0	7.661519527435303	0.0	0.0	0.0	4.360938549041748	10.718894958496094	0.0	0.0	0.0	0.0	0.0	0.0	0.0	0.0	0.0	9.385212898254395	0.0	0.0	0.0	0.0	0.0	0.0	0.0	0.0	0.0	6.978625297546387	0.0	5.11302375793457	0.0	8.294029235839844	0.0
0.0	0.0	0.0	9.003138542175293	0.0	0.0	0.0	0.0	0.0	6.139535903930664	0.0	0.0	0.0	0.0	0.0	0.0	0.0	9.18032455444336	0.0	8.120195388793945	0.0	0.0	0.0	0.0	0.0	0.0	0.0	9.743315696716309	0.0	0.0	0.0	9.383795738220215	0.0	7.595493793487549	0.0	0.0	0.0	4.3180718421936035	10.629570960998535	0.0	0.0	0.0	0.0	0.0	0.0	0.0	0.0	0.0	9.307732582092285	0.0	0.0	0.0	0.0	0.0	0.0	0.0	0.0	0.0	6.914233207702637	0.0	5.06165075302124	0.0	8.225955963134766	0.0
0.0	0.0	0.0	9.474875450134277	0.0	0.0	0.0	0.0	0.0	6.480266094207764	0.0	0.0	0.0	0.0	0.0	0.0	0.0	9.671072006225586	0.0	8.552855491638184	0.0	0.0	0.0	0.0	0.0	0.0	0.0	10.260668754577637	0.0	0.0	0.0	9.887739181518555	0.0	8.00925350189209	0.0	0.0	0.0	4.557203769683838	11.183097839355469	0.0	0.0	0.0	0.0	0.0	0.0	0.0	0.0	0.0	9.807195663452148	0.0	0.0	0.0	0.0	0.0	0.0	0.0	0.0	0.0	7.3025312423706055	0.0	5.334717750549316	0.0	8.668036460876465	0.0
0.0	0.0	0.0	9.889848709106445	0.0	0.0	0.0	0.0	0.0	6.8122477531433105	0.0	0.0	0.0	0.0	0.0	0.0	0.0	10.039387702941895	0.0	8.928418159484863	0.0	0.0	0.0	0.0	0.0	0.0	7.617814844707027e-05	10.65312385559082	0.0	0.0	0.0	10.262636184692383	0.0	8.376904487609863	0.0	0.0	0.0	4.813517093658447	11.597831726074219	0.0	0.0	0.0	0.0	0.0	0.0	0.0	0.0	0.0	10.23061752319336	0.0	0.0	0.0	0.0	0.0	0.0	0.0	0.0	0.0	7.736298561096191	0.0	5.5891852378845215	0.0	9.042222023010254	0.0
0.0	0.0	0.0	9.372414588928223	0.0	0.0	0.0	0.0	0.0	6.413175582885742	0.0	0.0	0.0	0.0	0.0	0.0	0.0	9.559307098388672	0.0	8.463397026062012	0.0	0.0	0.0	0.0	0.0	0.0	0.0	10.145360946655273	0.0	0.0	0.0	9.777710914611816	0.0	7.918515682220459	0.0	0.0	0.0	4.514543533325195	11.06057357788086	0.0	0.0	0.0	0.0	0.0	0.0	0.0	0.0	0.0	9.697232246398926	0.0	0.0	0.0	0.0	0.0	0.0	0.0	0.0	0.0	7.2234625816345215	0.0	5.284876823425293	0.0	8.570600509643555	0.0
0.0	0.0	0.0	9.87181568145752	0.0	0.0	0.0	0.0	0.0	6.790314674377441	0.0	0.0	0.0	0.0	0.0	0.0	0.0	10.03294849395752	0.0	8.9185152053833	0.0	0.0	0.0	0.0	0.0	0.0	0.0	10.643184661865234	0.0	0.0	0.0	10.258489608764648	0.0	8.356830596923828	0.0	0.0	0.0	4.7938995361328125	11.598409652709961	0.0	0.0	0.0	0.0	0.0	0.0	0.0	0.0	0.0	10.222956657409668	0.0	0.0	0.0	0.0	0.0	0.0	0.0	0.0	0.0	7.702474594116211	0.0	5.57789421081543	0.0	9.026296615600586	0.0
0.0	0.0	0.0	9.076231956481934	0.0	0.0	0.0	0.0	0.0	6.195606708526611	0.0	0.0	0.0	0.0	0.0	0.0	0.0	9.25069808959961	0.0	8.189743995666504	0.0	0.0	0.0	0.0	0.0	0.0	0.0	9.818836212158203	0.0	0.0	0.0	9.457597732543945	0.0	7.657465934753418	0.0	0.0	0.0	4.359745025634766	10.707934379577637	0.0	0.0	0.0	0.0	0.0	0.0	0.0	0.0	0.0	9.383350372314453	0.0	0.0	0.0	0.0	0.0	0.0	0.0	0.0	0.0	6.9766011238098145	0.0	5.115875720977783	0.0	8.292831420898438	0.0
0.0	0.0	0.0	9.545995712280273	0.0	0.0	0.0	0.0	0.0	6.52724027633667	0.0	0.0	0.0	0.0	0.0	0.0	0.0	9.746515274047852	0.0	8.622367858886719	0.0	0.0	0.0	0.0	0.0	0.0	0.0	10.345303535461426	0.0	0.0	0.0	9.964397430419922	0.0	8.073492050170898	0.0	0.0	0.0	4.591089725494385	11.2783203125	0.0	0.0	0.0	0.0	0.0	0.0	0.0	0.0	0.0	9.891336441040039	0.0	0.0	0.0	0.0	0.0	0.0	0.0	0.0	0.0	7.351351737976074	0.0	5.365445613861084	0.0	8.741691589355469	0.0
0.0	0.0	0.0	9.224385261535645	0.0	0.0	0.0	0.0	0.0	6.298496246337891	0.0	0.0	0.0	0.0	0.0	0.0	0.0	9.4056396484375	0.0	8.32834529876709	0.0	0.0	0.0	0.0	0.0	0.0	0.0	9.981904983520508	0.0	0.0	0.0	9.620731353759766	0.0	7.784583568572998	0.0	0.0	0.0	4.426100730895996	10.886314392089844	0.0	0.0	0.0	0.0	0.0	0.0	0.0	0.0	0.0	9.540715217590332	0.0	0.0	0.0	0.0	0.0	0.0	0.0	0.0	0.0	7.094986438751221	0.0	5.195015907287598	0.0	8.430768013000488	0.0
0.0	0.0	0.0	9.122207641601562	0.0	0.0	0.0	0.0	0.0	6.225186824798584	0.0	0.0	0.0	0.0	0.0	0.0	0.0	9.302457809448242	0.0	8.2327241897583	0.0	0.0	0.0	0.0	0.0	0.0	0.0	9.876513481140137	0.0	0.0	0.0	9.519647598266602	0.0	7.700010299682617	0.0	0.0	0.0	4.379774570465088	10.774738311767578	0.0	0.0	0.0	0.0	0.0	0.0	0.0	0.0	0.0	9.436768531799316	0.0	0.0	0.0	0.0	0.0	0.0	0.0	0.0	0.0	7.015439987182617	0.0	5.132814884185791	0.0	8.342299461364746	0.0
0.0	0.0	0.0	9.12528133392334	0.0	0.0	0.0	0.0	0.0	6.2208476066589355	0.0	0.0	0.0	0.0	0.0	0.0	0.0	9.299761772155762	0.0	8.229722023010254	0.0	0.0	0.0	0.0	0.0	0.0	0.0	9.872895240783691	0.0	0.0	0.0	9.514510154724121	0.0	7.698253154754639	0.0	0.0	0.0	4.378376483917236	10.774081230163574	0.0	0.0	0.0	0.0	0.0	0.0	0.0	0.0	0.0	9.426432609558105	0.0	0.0	0.0	0.0	0.0	0.0	0.0	0.0	0.0	7.009914875030518	0.0	5.1328816413879395	0.0	8.331379890441895	0.0
0.0	0.0	0.0	9.21165657043457	0.0	0.0	0.0	0.0	0.0	6.2900238037109375	0.0	0.0	0.0	0.0	0.0	0.0	0.0	9.387413024902344	0.0	8.311406135559082	0.0	0.0	0.0	0.0	0.0	0.0	0.0	9.968636512756348	0.0	0.0	0.0	9.60856819152832	0.0	7.7769455909729	0.0	0.0	0.0	4.4314961433410645	10.869543075561523	0.0	0.0	0.0	0.0	0.0	0.0	0.0	0.0	0.0	9.525002479553223	0.0	0.0	0.0	0.0	0.0	0.0	0.0	0.0	0.0	7.086126804351807	0.0	5.191062927246094	0.0	8.418620109558105	0.0
0.0	0.0	0.0	9.017850875854492	0.0	0.0	0.0	0.0	0.0	6.153792381286621	0.0	0.0	0.0	0.0	0.0	0.0	0.0	9.19120979309082	0.0	8.133289337158203	0.0	0.0	0.0	0.0	0.0	0.0	0.0	9.754589080810547	0.0	0.0	0.0	9.395711898803711	0.0	7.609137058258057	0.0	0.0	0.0	4.326626300811768	10.64317798614502	0.0	0.0	0.0	0.0	0.0	0.0	0.0	0.0	0.0	9.322593688964844	0.0	0.0	0.0	0.0	0.0	0.0	0.0	0.0	0.0	6.930251598358154	0.0	5.0768866539001465	0.0	8.236595153808594	0.0
0.0	0.0	0.0	9.266487121582031	0.0	0.0	0.0	0.0	0.0	6.338582515716553	0.0	0.0	0.0	0.0	0.0	0.0	0.0	9.452754020690918	0.0	8.373281478881836	0.0	0.0	0.0	0.0	0.0	0.0	0.0	10.036113739013672	0.0	0.0	0.0	9.666173934936523	0.0	7.825572490692139	0.0	0.0	0.0	4.455598831176758	10.940775871276855	0.0	0.0	0.0	0.0	0.0	0.0	0.0	0.0	0.0	9.591408729553223	0.0	0.0	0.0	0.0	0.0	0.0	0.0	0.0	0.0	7.135223388671875	0.0	5.214635372161865	0.0	8.4781494140625	0.0
0.0	0.0	0.0	9.494211196899414	0.0	0.0	0.0	0.0	0.0	6.509021759033203	0.0	0.0	0.0	0.0	0.0	0.0	0.0	9.66586971282959	0.0	8.57325267791748	0.0	0.0	0.0	0.0	0.0	0.0	0.0	10.269025802612305	0.0	0.0	0.0	9.89673137664795	0.0	8.025690078735352	0.0	0.0	0.0	4.586874485015869	11.19526195526123	0.0	0.0	0.0	0.0	0.0	0.0	0.0	0.0	0.0	9.818195343017578	0.0	0.0	0.0	0.0	0.0	0.0	0.0	0.0	0.0	7.335875511169434	0.0	5.360943794250488	0.0	8.673685073852539	0.0
0.0	0.0	0.0	9.543749809265137	0.0	0.0	0.0	0.0	0.0	6.521472454071045	0.0	0.0	0.0	0.0	0.0	0.0	0.0	9.7549409866333	0.0	8.621997833251953	0.0	0.0	0.0	0.0	0.0	0.0	0.0	10.347493171691895	0.0	0.0	0.0	9.972373962402344	0.0	8.071966171264648	0.0	0.0	0.0	4.582378387451172	11.274158477783203	0.0	0.0	0.0	0.0	0.0	0.0	0.0	0.0	0.0	9.884775161743164	0.0	0.0	0.0	0.0	0.0	0.0	0.0	0.0	0.0	7.355191230773926	0.0	5.355003356933594	0.0	8.736191749572754	0.0
0.0	0.0	0.0	9.120387077331543	0.0	0.0	0.0	0.0	0.0	6.221718788146973	0.0	0.0	0.0	0.0	0.0	0.0	0.0	9.299051284790039	0.0	8.227703094482422	0.0	0.0	0.0	0.0	0.0	0.0	0.0	9.871468544006348	0.0	0.0	0.0	9.508979797363281	0.0	7.694216251373291	0.0	0.0	0.0	4.3816237449646	10.764781951904297	0.0	0.0	0.0	0.0	0.0	0.0	0.0	0.0	0.0	9.426560401916504	0.0	0.0	0.0	0.0	0.0	0.0	0.0	0.0	0.0	7.0093674659729	0.0	5.1386308670043945	0.0	8.334216117858887	0.0
0.0	0.0	0.0	9.14638614654541	0.0	0.0	0.0	0.0	0.0	6.243766784667969	0.0	0.0	0.0	0.0	0.0	0.0	0.0	9.326369285583496	0.0	8.25158977508545	0.0	0.0	0.0	0.0	0.0	0.0	0.0	9.894989013671875	0.0	0.0	0.0	9.538458824157715	0.0	7.722764015197754	0.0	0.0	0.0	4.396450519561768	10.793581008911133	0.0	0.0	0.0	0.0	0.0	0.0	0.0	0.0	0.0	9.455245971679688	0.0	0.0	0.0	0.0	0.0	0.0	0.0	0.0	0.0	7.032884120941162	0.0	5.152477741241455	0.0	8.355203628540039	0.0
0.0	0.0	0.0	9.23637580871582	0.0	0.0	0.0	0.0	0.0	6.305258750915527	0.0	0.0	0.0	0.0	0.0	0.0	0.0	9.421762466430664	0.0	8.334656715393066	0.0	0.0	0.0	0.0	0.0	0.0	0.0	10.000667572021484	0.0	0.0	0.0	9.631706237792969	0.0	7.796584129333496	0.0	0.0	0.0	4.434302806854248	10.905538558959961	0.0	0.0	0.0	0.0	0.0	0.0	0.0	0.0	0.0	9.553104400634766	0.0	0.0	0.0	0.0	0.0	0.0	0.0	0.0	0.0	7.102061748504639	0.0	5.196652412414551	0.0	8.439778327941895	0.0
0.0	0.0	0.0	8.852208137512207	0.0	0.0	0.0	0.0	0.0	6.041928291320801	0.0	0.0	0.0	0.0	0.0	0.0	0.0	9.01453971862793	0.0	7.983418941497803	0.0	0.0	0.0	0.0	0.0	0.0	0.0	9.56548023223877	0.0	0.0	0.0	9.215252876281738	0.0	7.46245813369751	0.0	0.0	0.0	4.25144100189209	10.438477516174316	0.0	0.0	0.0	0.0	0.0	0.0	0.0	0.0	0.0	9.151215553283691	0.0	0.0	0.0	0.0	0.0	0.0	0.0	0.0	0.0	6.805855751037598	0.0	4.987137317657471	0.0	8.081178665161133	0.0
0.0	0.0	0.0	9.532848358154297	0.0	0.0	0.0	0.0	0.0	6.546537399291992	0.0	0.0	0.0	0.0	0.0	0.0	0.0	9.707296371459961	0.0	8.606674194335938	0.0	0.0	0.0	0.0	0.0	0.0	0.0	10.29257869720459	0.0	0.0	0.0	9.913317680358887	0.0	8.062610626220703	0.0	0.0	0.0	4.613933563232422	11.211319923400879	0.0	0.0	0.0	0.0	0.0	0.0	0.0	0.0	0.0	9.871113777160645	0.0	0.0	0.0	0.0	0.0	0.0	0.0	0.0	0.0	7.40151834487915	0.0	5.384449005126953	0.0	8.718196868896484	0.0
0.0	0.0	0.0	9.09920883178711	0.0	0.0	0.0	0.0	0.0	6.2107930183410645	0.0	0.0	0.0	0.0	0.0	0.0	0.0	9.277969360351562	0.0	8.213020324707031	0.0	0.0	0.0	0.0	0.0	0.0	0.0	9.85059642791748	0.0	0.0	0.0	9.48703384399414	0.0	7.6783905029296875	0.0	0.0	0.0	4.369202613830566	10.740029335021973	0.0	0.0	0.0	0.0	0.0	0.0	0.0	0.0	0.0	9.410375595092773	0.0	0.0	0.0	0.0	0.0	0.0	0.0	0.0	0.0	6.994560241699219	0.0	5.120106220245361	0.0	8.31688404083252	0.0
0.0	0.0	0.0	9.10783576965332	0.0	0.0	0.0	0.0	0.0	6.216953277587891	0.0	0.0	0.0	0.0	0.0	0.0	0.0	9.290440559387207	0.0	8.214219093322754	0.0	0.0	0.0	0.0	0.0	0.0	0.0	9.856278419494629	0.0	0.0	0.0	9.495146751403809	0.0	7.686790943145752	0.0	0.0	0.0	4.370454788208008	10.75102424621582	0.0	0.0	0.0	0.0	0.0	0.0	0.0	0.0	0.0	9.414639472961426	0.0	0.0	0.0	0.0	0.0	0.0	0.0	0.0	0.0	7.003100872039795	0.0	5.124227046966553	0.0	8.32229232788086	0.0
0.0	0.0	0.0	9.176529884338379	0.0	0.0	0.0	0.0	0.0	6.2654876708984375	0.0	0.0	0.0	0.0	0.0	0.0	0.0	9.354826927185059	0.0	8.278087615966797	0.0	0.0	0.0	0.0	0.0	0.0	0.0	9.927656173706055	0.0	0.0	0.0	9.565689086914062	0.0	7.746799945831299	0.0	0.0	0.0	4.4127397537231445	10.827515602111816	0.0	0.0	0.0	0.0	0.0	0.0	0.0	0.0	0.0	9.487666130065918	0.0	0.0	0.0	0.0	0.0	0.0	0.0	0.0	0.0	7.0597968101501465	0.0	5.1667866706848145	0.0	8.386078834533691	0.0
0.0	0.0	0.0	9.189748764038086	0.0	0.0	0.0	0.0	0.0	6.278091907501221	0.0	0.0	0.0	0.0	0.0	0.0	0.0	9.374906539916992	0.0	8.291951179504395	0.0	0.0	0.0	0.0	0.0	0.0	0.0	9.94598388671875	0.0	0.0	0.0	9.585210800170898	0.0	7.758957386016846	0.0	0.0	0.0	4.413784503936768	10.85281753540039	0.0	0.0	0.0	0.0	0.0	0.0	0.0	0.0	0.0	9.50429630279541	0.0	0.0	0.0	0.0	0.0	0.0	0.0	0.0	0.0	7.065704822540283	0.0	5.174907684326172	0.0	8.398673057556152	0.0
0.0	0.0	0.0	9.364157676696777	0.0	0.0	0.0	0.0	0.0	6.402375221252441	0.0	0.0	0.0	0.0	0.0	0.0	0.0	9.553285598754883	0.0	8.456226348876953	0.0	0.0	0.0	0.0	0.0	0.0	0.0	10.137269973754883	0.0	0.0	0.0	9.770776748657227	0.0	7.911083221435547	0.0	0.0	0.0	4.501115798950195	11.054940223693848	0.0	0.0	0.0	0.0	0.0	0.0	0.0	0.0	0.0	9.693164825439453	0.0	0.0	0.0	0.0	0.0	0.0	0.0	0.0	0.0	7.214542388916016	0.0	5.27021598815918	0.0	8.560261726379395	0.0
0.0	0.0	0.0	8.603900909423828	0.0	0.0	0.0	0.0	0.0	5.8628997802734375	0.0	0.0	0.0	0.0	0.0	0.0	0.0	8.763773918151855	0.0	7.752888202667236	0.0	0.0	0.0	0.0	0.0	0.0	0.0	9.306309700012207	0.0	0.0	0.0	8.960380554199219	0.0	7.251275539398193	0.0	0.0	0.0	4.115660190582275	10.158050537109375	0.0	0.0	0.0	0.0	0.0	0.0	0.0	0.0	0.0	8.892095565795898	0.0	0.0	0.0	0.0	0.0	0.0	0.0	0.0	0.0	6.6055192947387695	0.0	4.836018085479736	0.0	7.8575615882873535	0.0
0.0	0.0	0.0	9.233637809753418	0.0	0.0	0.0	0.0	0.0	6.30642032623291	0.0	0.0	0.0	0.0	0.0	0.0	0.0	9.415863990783691	0.0	8.337437629699707	0.0	0.0	0.0	0.0	0.0	0.0	0.0	9.99142074584961	0.0	0.0	0.0	9.622172355651855	0.0	7.791806221008301	0.0	0.0	0.0	4.43220329284668	10.89550495147705	0.0	0.0	0.0	0.0	0.0	0.0	0.0	0.0	0.0	9.553815841674805	0.0	0.0	0.0	0.0	0.0	0.0	0.0	0.0	0.0	7.107900142669678	0.0	5.1996965408325195	0.0	8.441962242126465	0.0
0.0	0.0	0.0	9.299616813659668	0.0	0.0	0.0	0.0	0.0	6.369397163391113	0.0	0.0	0.0	0.0	0.0	0.0	0.0	9.464398384094238	0.0	8.393404960632324	0.0	0.0	0.0	0.0	0.0	0.0	0.0	10.04160213470459	0.0	0.0	0.0	9.677275657653809	0.0	7.855565547943115	0.0	0.0	0.0	4.4895453453063965	10.952737808227539	0.0	0.0	0.0	0.0	0.0	0.0	0.0	0.0	0.0	9.619611740112305	0.0	0.0	0.0	0.0	0.0	0.0	0.0	0.0	0.0	7.186166286468506	0.0	5.252967357635498	0.0	8.489233016967773	0.0
0.0	0.0	0.0	9.254645347595215	0.0	0.0	0.0	0.0	0.0	6.324731349945068	0.0	0.0	0.0	0.0	0.0	0.0	0.0	9.433144569396973	0.0	8.348350524902344	0.0	0.0	0.0	0.0	0.0	0.0	0.0	10.013914108276367	0.0	0.0	0.0	9.644516944885254	0.0	7.814375400543213	0.0	0.0	0.0	4.452036380767822	10.916407585144043	0.0	0.0	0.0	0.0	0.0	0.0	0.0	0.0	0.0	9.566521644592285	0.0	0.0	0.0	0.0	0.0	0.0	0.0	0.0	0.0	7.122497081756592	0.0	5.213353157043457	0.0	8.456239700317383	0.0
0.0	0.0	0.0	9.205026626586914	0.0	0.0	0.0	0.0	0.0	6.285219669342041	0.0	0.0	0.0	0.0	0.0	0.0	0.0	9.386452674865723	0.0	8.307364463806152	0.0	0.0	0.0	0.0	0.0	0.0	0.0	9.963488578796387	0.0	0.0	0.0	9.601919174194336	0.0	7.773283004760742	0.0	0.0	0.0	4.420023441314697	10.864919662475586	0.0	0.0	0.0	0.0	0.0	0.0	0.0	0.0	0.0	9.515819549560547	0.0	0.0	0.0	0.0	0.0	0.0	0.0	0.0	0.0	7.078525066375732	0.0	5.179216384887695	0.0	8.40963363647461	0.0
0.0	0.0	0.0	9.043645858764648	0.0	0.0	0.0	0.0	0.0	6.17134952545166	0.0	0.0	0.0	0.0	0.0	0.0	0.0	9.22275161743164	0.0	8.160452842712402	0.0	0.0	0.0	0.0	0.0	0.0	0.0	9.791019439697266	0.0	0.0	0.0	9.42715072631836	0.0	7.628360271453857	0.0	0.0	0.0	4.341506481170654	10.676777839660645	0.0	0.0	0.0	0.0	0.0	0.0	0.0	0.0	0.0	9.348617553710938	0.0	0.0	0.0	0.0	0.0	0.0	0.0	0.0	0.0	6.947750091552734	0.0	5.09360933303833	0.0	8.263514518737793	0.0
0.0	0.0	0.0	9.214856147766113	0.0	0.0	0.0	0.0	0.0	6.292402267456055	0.0	0.0	0.0	0.0	0.0	0.0	0.0	9.40117073059082	0.0	8.316600799560547	0.0	0.0	0.0	0.0	0.0	0.0	0.0	9.977121353149414	0.0	0.0	0.0	9.61403751373291	0.0	7.784206390380859	0.0	0.0	0.0	4.42813777923584	10.88271713256836	0.0	0.0	0.0	0.0	0.0	0.0	0.0	0.0	0.0	9.531229972839355	0.0	0.0	0.0	0.0	0.0	0.0	0.0	0.0	0.0	7.085306644439697	0.0	5.1873979568481445	0.0	8.422308921813965	0.0
0.0	0.0	0.0	9.058056831359863	0.0	0.0	0.0	0.0	0.0	6.18154239654541	0.0	0.0	0.0	0.0	0.0	0.0	0.0	9.234748840332031	0.0	8.170177459716797	0.0	0.0	0.0	0.0	0.0	0.0	0.0	9.802094459533691	0.0	0.0	0.0	9.440713882446289	0.0	7.64388370513916	0.0	0.0	0.0	4.348359107971191	10.692915916442871	0.0	0.0	0.0	0.0	0.0	0.0	0.0	0.0	0.0	9.366314888000488	0.0	0.0	0.0	0.0	0.0	0.0	0.0	0.0	0.0	6.962366104125977	0.0	5.099516868591309	0.0	8.275461196899414	0.0
0.0	0.0	0.0	9.159721374511719	0.0	0.0	0.0	0.0	0.0	6.2535552978515625	0.0	0.0	0.0	0.0	0.0	0.0	0.0	9.340331077575684	0.0	8.263826370239258	0.0	0.0	0.0	0.0	0.0	0.0	0.0	9.914108276367188	0.0	0.0	0.0	9.545654296875	0.0	7.726358413696289	0.0	0.0	0.0	4.397014141082764	10.810027122497559	0.0	0.0	0.0	0.0	0.0	0.0	0.0	0.0	0.0	9.472254753112793	0.0	0.0	0.0	0.0	0.0	0.0	0.0	0.0	0.0	7.043083667755127	0.0	5.1545538902282715	0.0	8.369593620300293	0.0
0.0	0.0	0.0	9.182490348815918	0.0	0.0	0.0	0.0	0.0	6.270948886871338	0.0	0.0	0.0	0.0	0.0	0.0	0.0	9.36148738861084	0.0	8.282553672790527	0.0	0.0	0.0	0.0	0.0	0.0	0.0	9.935552597045898	0.0	0.0	0.0	9.566937446594238	0.0	7.747866630554199	0.0	0.0	0.0	4.412443161010742	10.83194637298584	0.0	0.0	0.0	0.0	0.0	0.0	0.0	0.0	0.0	9.490494728088379	0.0	0.0	0.0	0.0	0.0	0.0	0.0	0.0	0.0	7.064821720123291	0.0	5.176477432250977	0.0	8.387721061706543	0.0
0.0	0.0	0.0	9.486043930053711	0.0	0.0	0.0	0.0	0.0	6.509214401245117	0.0	0.0	0.0	0.0	0.0	0.0	0.0	9.6360445022583	0.0	8.561306953430176	0.0	0.0	0.0	0.0	0.0	0.0	0.0	10.22764778137207	0.0	0.0	0.0	9.855766296386719	0.0	8.01522159576416	0.0	0.0	0.0	4.594686985015869	11.152499198913574	0.0	0.0	0.0	0.0	0.0	0.0	0.0	0.0	0.0	9.818970680236816	0.0	0.0	0.0	0.0	0.0	0.0	0.0	0.0	0.0	7.371660232543945	0.0	5.360325813293457	0.0	8.666983604431152	0.0
0.0	0.0	0.0	9.247239112854004	0.0	0.0	0.0	0.0	0.0	6.320130825042725	0.0	0.0	0.0	0.0	0.0	0.0	0.0	9.424138069152832	0.0	8.348990440368652	0.0	0.0	0.0	0.0	0.0	0.0	0.0	10.003443717956543	0.0	0.0	0.0	9.64313793182373	0.0	7.808632850646973	0.0	0.0	0.0	4.449438095092773	10.912259101867676	0.0	0.0	0.0	0.0	0.0	0.0	0.0	0.0	0.0	9.554118156433105	0.0	0.0	0.0	0.0	0.0	0.0	0.0	0.0	0.0	7.121756076812744	0.0	5.213239669799805	0.0	8.4495210647583	0.0
0.0	0.0	0.0	9.31432819366455	0.0	0.0	0.0	0.0	0.0	6.363628387451172	0.0	0.0	0.0	0.0	0.0	0.0	0.0	9.496612548828125	0.0	8.39995002746582	0.0	0.0	0.0	0.0	0.0	0.0	0.0	10.08241081237793	0.0	0.0	0.0	9.713454246520996	0.0	7.866909980773926	0.0	0.0	0.0	4.474102020263672	10.997408866882324	0.0	0.0	0.0	0.0	0.0	0.0	0.0	0.0	0.0	9.623651504516602	0.0	0.0	0.0	0.0	0.0	0.0	0.0	0.0	0.0	7.163402080535889	0.0	5.242751598358154	0.0	8.5020170211792	0.0
0.0	0.0	0.0	9.306241989135742	0.0	0.0	0.0	0.0	0.0	6.362541675567627	0.0	0.0	0.0	0.0	0.0	0.0	0.0	9.488566398620605	0.0	8.400849342346191	0.0	0.0	0.0	0.0	0.0	0.0	0.0	10.078158378601074	0.0	0.0	0.0	9.709084510803223	0.0	7.858903884887695	0.0	0.0	0.0	4.4747090339660645	10.981736183166504	0.0	0.0	0.0	0.0	0.0	0.0	0.0	0.0	0.0	9.62445068359375	0.0	0.0	0.0	0.0	0.0	0.0	0.0	0.0	0.0	7.164580821990967	0.0	5.243834972381592	0.0	8.503739356994629	0.0
0.0	0.0	0.0	8.828749656677246	0.0	0.0	0.0	0.0	0.0	6.020785331726074	0.0	0.0	0.0	0.0	0.0	0.0	0.0	8.9940185546875	0.0	7.9571213722229	0.0	0.0	0.0	0.0	0.0	0.0	0.0	9.547203063964844	0.0	0.0	0.0	9.19420051574707	0.0	7.440131664276123	0.0	0.0	0.0	4.2338690757751465	10.417878150939941	0.0	0.0	0.0	0.0	0.0	0.0	0.0	0.0	0.0	9.123355865478516	0.0	0.0	0.0	0.0	0.0	0.0	0.0	0.0	0.0	6.784046173095703	0.0	4.972316741943359	0.0	8.06006908416748	0.0
0.0	0.0	0.0	9.328457832336426	0.0	0.0	0.0	0.0	0.0	6.393566131591797	0.0	0.0	0.0	0.0	0.0	0.0	0.0	9.504685401916504	0.0	8.422433853149414	0.0	0.0	0.0	0.0	0.0	0.0	0.0	10.086897850036621	0.0	0.0	0.0	9.722119331359863	0.0	7.883690357208252	0.0	0.0	0.0	4.503779411315918	11.00399112701416	0.0	0.0	0.0	0.0	0.0	0.0	0.0	0.0	0.0	9.64831256866455	0.0	0.0	0.0	0.0	0.0	0.0	0.0	0.0	0.0	7.203061580657959	0.0	5.266979694366455	0.0	8.521684646606445	0.0
0.0	0.0	0.0	9.280237197875977	0.0	0.0	0.0	0.0	0.0	6.34018611907959	0.0	0.0	0.0	0.0	0.0	0.0	0.0	9.460336685180664	0.0	8.375189781188965	0.0	0.0	0.0	0.0	0.0	0.0	0.0	10.042362213134766	0.0	0.0	0.0	9.676779747009277	0.0	7.834141731262207	0.0	0.0	0.0	4.465831756591797	10.94797134399414	0.0	0.0	0.0	0.0	0.0	0.0	0.0	0.0	0.0	9.59645938873291	0.0	0.0	0.0	0.0	0.0	0.0	0.0	0.0	0.0	7.143343448638916	0.0	5.227612495422363	0.0	8.48363208770752	0.0
0.0	0.0	0.0	9.366944313049316	0.0	0.0	0.0	0.0	0.0	6.412306308746338	0.0	0.0	0.0	0.0	0.0	0.0	0.0	9.549027442932129	0.0	8.456764221191406	0.0	0.0	0.0	0.0	0.0	0.0	0.0	10.141194343566895	0.0	0.0	0.0	9.767216682434082	0.0	7.911227226257324	0.0	0.0	0.0	4.505098342895508	11.055280685424805	0.0	0.0	0.0	0.0	0.0	0.0	0.0	0.0	0.0	9.685872077941895	0.0	0.0	0.0	0.0	0.0	0.0	0.0	0.0	0.0	7.220836639404297	0.0	5.276961326599121	0.0	8.562080383300781	0.0
0.0	0.0	0.0	9.005212783813477	0.0	0.0	0.0	0.0	0.0	6.1445465087890625	0.0	0.0	0.0	0.0	0.0	0.0	0.0	9.179784774780273	0.0	8.120354652404785	0.0	0.0	0.0	0.0	0.0	0.0	0.0	9.739748001098633	0.0	0.0	0.0	9.381458282470703	0.0	7.594747066497803	0.0	0.0	0.0	4.324382781982422	10.626473426818848	0.0	0.0	0.0	0.0	0.0	0.0	0.0	0.0	0.0	9.309125900268555	0.0	0.0	0.0	0.0	0.0	0.0	0.0	0.0	0.0	6.92033576965332	0.0	5.068002223968506	0.0	8.225872993469238	0.0
0.0	0.0	0.0	9.197004318237305	0.0	0.0	0.0	0.0	0.0	6.284330368041992	0.0	0.0	0.0	0.0	0.0	0.0	0.0	9.377681732177734	0.0	8.300477981567383	0.0	0.0	0.0	0.0	0.0	0.0	0.0	9.958086013793945	0.0	0.0	0.0	9.58769702911377	0.0	7.76419734954834	0.0	0.0	0.0	4.421688079833984	10.856828689575195	0.0	0.0	0.0	0.0	0.0	0.0	0.0	0.0	0.0	9.512120246887207	0.0	0.0	0.0	0.0	0.0	0.0	0.0	0.0	0.0	7.074201583862305	0.0	5.181549549102783	0.0	8.405338287353516	0.0
0.0	0.0	0.0	9.265233993530273	0.0	0.0	0.0	0.0	0.0	6.333578109741211	0.0	0.0	0.0	0.0	0.0	0.0	0.0	9.450152397155762	0.0	8.367259979248047	0.0	0.0	0.0	0.0	0.0	0.0	0.0	10.03271484375	0.0	0.0	0.0	9.662385940551758	0.0	7.823400974273682	0.0	0.0	0.0	4.451905250549316	10.939455032348633	0.0	0.0	0.0	0.0	0.0	0.0	0.0	0.0	0.0	9.587200164794922	0.0	0.0	0.0	0.0	0.0	0.0	0.0	0.0	0.0	7.129807949066162	0.0	5.218504428863525	0.0	8.46772289276123	0.0
0.0	0.0	0.0	9.55331802368164	0.0	0.0	0.0	0.0	0.0	6.549431324005127	0.0	0.0	0.0	0.0	0.0	0.0	0.0	9.740443229675293	0.0	8.640355110168457	0.0	0.0	0.0	0.0	0.0	0.0	0.0	10.345264434814453	0.0	0.0	0.0	9.97037410736084	0.0	8.082769393920898	0.0	0.0	0.0	4.611841678619385	11.273126602172852	0.0	0.0	0.0	0.0	0.0	0.0	0.0	0.0	0.0	9.888803482055664	0.0	0.0	0.0	0.0	0.0	0.0	0.0	0.0	0.0	7.3844146728515625	0.0	5.389565944671631	0.0	8.740108489990234	0.0
0.0	0.0	0.0	9.082783699035645	0.0	0.0	0.0	0.0	0.0	6.201683044433594	0.0	0.0	0.0	0.0	0.0	0.0	0.0	9.257661819458008	0.0	8.193058967590332	0.0	0.0	0.0	0.0	0.0	0.0	0.0	9.825108528137207	0.0	0.0	0.0	9.467484474182129	0.0	7.664937496185303	0.0	0.0	0.0	4.3594160079956055	10.722291946411133	0.0	0.0	0.0	0.0	0.0	0.0	0.0	0.0	0.0	9.390013694763184	0.0	0.0	0.0	0.0	0.0	0.0	0.0	0.0	0.0	6.982345104217529	0.0	5.111264228820801	0.0	8.292972564697266	0.0
0.0	0.0	0.0	9.035538673400879	0.0	0.0	0.0	0.0	0.0	6.166438102722168	0.0	0.0	0.0	0.0	0.0	0.0	0.0	9.20975399017334	0.0	8.14708137512207	0.0	0.0	0.0	0.0	0.0	0.0	0.0	9.778714179992676	0.0	0.0	0.0	9.417197227478027	0.0	7.624737739562988	0.0	0.0	0.0	4.335235595703125	10.661964416503906	0.0	0.0	0.0	0.0	0.0	0.0	0.0	0.0	0.0	9.340505599975586	0.0	0.0	0.0	0.0	0.0	0.0	0.0	0.0	0.0	6.943860054016113	0.0	5.085569381713867	0.0	8.255995750427246	0.0
0.0	0.0	0.0	9.156310081481934	0.0	0.0	0.0	0.0	0.0	6.250683307647705	0.0	0.0	0.0	0.0	0.0	0.0	0.0	9.339123725891113	0.0	8.260555267333984	0.0	0.0	0.0	0.0	0.0	0.0	0.0	9.911466598510742	0.0	0.0	0.0	9.54731273651123	0.0	7.725235462188721	0.0	0.0	0.0	4.397412300109863	10.801542282104492	0.0	0.0	0.0	0.0	0.0	0.0	0.0	0.0	0.0	9.469775199890137	0.0	0.0	0.0	0.0	0.0	0.0	0.0	0.0	0.0	7.041215896606445	0.0	5.157613754272461	0.0	8.369385719299316	0.0
0.0	0.0	0.0	9.275351524353027	0.0	0.0	0.0	0.0	0.0	6.333812236785889	0.0	0.0	0.0	0.0	0.0	0.0	0.0	9.45400333404541	0.0	8.368485450744629	0.0	0.0	0.0	0.0	0.0	0.0	0.0	10.042251586914062	0.0	0.0	0.0	9.678072929382324	0.0	7.8346476554870605	0.0	0.0	0.0	4.457918643951416	10.950207710266113	0.0	0.0	0.0	0.0	0.0	0.0	0.0	0.0	0.0	9.591829299926758	0.0	0.0	0.0	0.0	0.0	0.0	0.0	0.0	0.0	7.135953426361084	0.0	5.218776226043701	0.0	8.478516578674316	0.0
0.0	0.0	0.0	9.13774585723877	0.0	0.0	0.0	0.0	0.0	6.23689079284668	0.0	0.0	0.0	0.0	0.0	0.0	0.0	9.317296028137207	0.0	8.24251651763916	0.0	0.0	0.0	0.0	0.0	0.0	0.0	9.887312889099121	0.0	0.0	0.0	9.526097297668457	0.0	7.711904525756836	0.0	0.0	0.0	4.386722564697266	10.78282356262207	0.0	0.0	0.0	0.0	0.0	0.0	0.0	0.0	0.0	9.445006370544434	0.0	0.0	0.0	0.0	0.0	0.0	0.0	0.0	0.0	7.021547794342041	0.0	5.142626762390137	0.0	8.343929290771484	0.0
0.0	0.0	0.0	9.275603294372559	0.0	0.0	0.0	0.0	0.0	6.345283508300781	0.0	0.0	0.0	0.0	0.0	0.0	0.0	9.453910827636719	0.0	8.372836112976074	0.0	0.0	0.0	0.0	0.0	0.0	0.0	10.037620544433594	0.0	0.0	0.0	9.67196273803711	0.0	7.8379082679748535	0.0	0.0	0.0	4.46766996383667	10.945329666137695	0.0	0.0	0.0	0.0	0.0	0.0	0.0	0.0	0.0	9.59045696258545	0.0	0.0	0.0	0.0	0.0	0.0	0.0	0.0	0.0	7.147121429443359	0.0	5.233997821807861	0.0	8.471968650817871	0.0
0.0	0.0	0.0	9.169753074645996	0.0	0.0	0.0	0.0	0.0	6.256816864013672	0.0	0.0	0.0	0.0	0.0	0.0	0.0	9.352543830871582	0.0	8.27294635772705	0.0	0.0	0.0	0.0	0.0	0.0	0.0	9.925457000732422	0.0	0.0	0.0	9.56271743774414	0.0	7.739151477813721	0.0	0.0	0.0	4.402860164642334	10.82353401184082	0.0	0.0	0.0	0.0	0.0	0.0	0.0	0.0	0.0	9.48262882232666	0.0	0.0	0.0	0.0	0.0	0.0	0.0	0.0	0.0	7.050784111022949	0.0	5.160317897796631	0.0	8.377245903015137	0.0
0.0	0.0	0.0	9.328006744384766	0.0	0.0	0.0	0.0	0.0	6.369676113128662	0.0	0.0	0.0	0.0	0.0	0.0	0.0	9.517595291137695	0.0	8.421936988830566	0.0	0.0	0.0	0.0	0.0	0.0	0.0	10.102716445922852	0.0	0.0	0.0	9.733154296875	0.0	7.883040904998779	0.0	0.0	0.0	4.48723840713501	11.015009880065918	0.0	0.0	0.0	0.0	0.0	0.0	0.0	0.0	0.0	9.651871681213379	0.0	0.0	0.0	0.0	0.0	0.0	0.0	0.0	0.0	7.1825432777404785	0.0	5.249162197113037	0.0	8.534231185913086	0.0
0.0	0.0	0.0	9.303239822387695	0.0	0.0	0.0	0.0	0.0	6.369460105895996	0.0	0.0	0.0	0.0	0.0	0.0	0.0	9.489633560180664	0.0	8.410152435302734	0.0	0.0	0.0	0.0	0.0	0.0	0.0	10.08999252319336	0.0	0.0	0.0	9.716981887817383	0.0	7.875688552856445	0.0	0.0	0.0	4.4693779945373535	10.98759651184082	0.0	0.0	0.0	0.0	0.0	0.0	0.0	0.0	0.0	9.632198333740234	0.0	0.0	0.0	0.0	0.0	0.0	0.0	0.0	0.0	7.176918029785156	0.0	5.225800037384033	0.0	8.51113510131836	0.0
0.0	0.0	0.0	9.368087768554688	0.0	0.0	0.0	0.0	0.0	6.4002156257629395	0.0	0.0	0.0	0.0	0.0	0.0	0.0	9.551092147827148	0.0	8.458877563476562	0.0	0.0	0.0	0.0	0.0	0.0	0.0	10.137965202331543	0.0	0.0	0.0	9.777732849121094	0.0	7.920854568481445	0.0	0.0	0.0	4.506429672241211	11.061269760131836	0.0	0.0	0.0	0.0	0.0	0.0	0.0	0.0	0.0	9.685487747192383	0.0	0.0	0.0	0.0	0.0	0.0	0.0	0.0	0.0	7.214258670806885	0.0	5.272124767303467	0.0	8.560373306274414	0.0
0.0	0.0	0.0	8.968064308166504	0.0	0.0	0.0	0.0	0.0	6.116273880004883	0.0	0.0	0.0	0.0	0.0	0.0	0.0	9.138358116149902	0.0	8.082273483276367	0.0	0.0	0.0	0.0	0.0	0.0	0.0	9.70187759399414	0.0	0.0	0.0	9.342270851135254	0.0	7.562973976135254	0.0	0.0	0.0	4.3054938316345215	10.578028678894043	0.0	0.0	0.0	0.0	0.0	0.0	0.0	0.0	0.0	9.269317626953125	0.0	0.0	0.0	0.0	0.0	0.0	0.0	0.0	0.0	6.891625881195068	0.0	5.05012845993042	0.0	8.188655853271484	0.0
0.0	0.0	0.0	9.477941513061523	0.0	0.0	0.0	0.0	0.0	6.4922027587890625	0.0	0.0	0.0	0.0	0.0	0.0	0.0	9.672800064086914	0.0	8.561188697814941	0.0	0.0	0.0	0.0	0.0	0.0	0.0	10.26528549194336	0.0	0.0	0.0	9.893814086914062	0.0	8.016416549682617	0.0	0.0	0.0	4.5641913414001465	11.186620712280273	0.0	0.0	0.0	0.0	0.0	0.0	0.0	0.0	0.0	9.813407897949219	0.0	0.0	0.0	0.0	0.0	0.0	0.0	0.0	0.0	7.3201212882995605	0.0	5.341196537017822	0.0	8.670825958251953	0.0
0.0	0.0	0.0	9.150935173034668	0.0	0.0	0.0	0.0	0.0	6.247049331665039	0.0	0.0	0.0	0.0	0.0	0.0	0.0	9.330060958862305	0.0	8.256114959716797	0.0	0.0	0.0	0.0	0.0	0.0	0.0	9.900825500488281	0.0	0.0	0.0	9.533852577209473	0.0	7.71973180770874	0.0	0.0	0.0	4.3967671394348145	10.789862632751465	0.0	0.0	0.0	0.0	0.0	0.0	0.0	0.0	0.0	9.466168403625488	0.0	0.0	0.0	0.0	0.0	0.0	0.0	0.0	0.0	7.035947799682617	0.0	5.147994518280029	0.0	8.362349510192871	0.0
0.0	0.0	0.0	9.14132022857666	0.0	0.0	0.0	0.0	0.0	6.240163326263428	0.0	0.0	0.0	0.0	0.0	0.0	0.0	9.325273513793945	0.0	8.248558044433594	0.0	0.0	0.0	0.0	0.0	0.0	0.0	9.895895004272461	0.0	0.0	0.0	9.536164283752441	0.0	7.718243598937988	0.0	0.0	0.0	4.389902114868164	10.793147087097168	0.0	0.0	0.0	0.0	0.0	0.0	0.0	0.0	0.0	9.458263397216797	0.0	0.0	0.0	0.0	0.0	0.0	0.0	0.0	0.0	7.029411792755127	0.0	5.149394512176514	0.0	8.353694915771484	0.0
0.0	0.0	0.0	9.269319534301758	0.0	0.0	0.0	0.0	0.0	6.333175182342529	0.0	0.0	0.0	0.0	0.0	0.0	0.0	9.455940246582031	0.0	8.368929862976074	0.0	0.0	0.0	0.0	0.0	0.0	0.0	10.04195785522461	0.0	0.0	0.0	9.67529582977295	0.0	7.829977035522461	0.0	0.0	0.0	4.4567742347717285	10.947325706481934	0.0	0.0	0.0	0.0	0.0	0.0	0.0	0.0	0.0	9.590163230895996	0.0	0.0	0.0	0.0	0.0	0.0	0.0	0.0	0.0	7.135720729827881	0.0	5.222153663635254	0.0	8.476783752441406	0.0
0.0	0.0	0.0	9.18350601196289	0.0	0.0	0.0	0.0	0.0	6.273582458496094	0.0	0.0	0.0	0.0	0.0	0.0	0.0	9.367659568786621	0.0	8.286699295043945	0.0	0.0	0.0	0.0	0.0	0.0	0.0	9.940192222595215	0.0	0.0	0.0	9.575281143188477	0.0	7.752889156341553	0.0	0.0	0.0	4.413924694061279	10.839770317077637	0.0	0.0	0.0	0.0	0.0	0.0	0.0	0.0	0.0	9.499589920043945	0.0	0.0	0.0	0.0	0.0	0.0	0.0	0.0	0.0	7.067291736602783	0.0	5.172201156616211	0.0	8.394218444824219	0.0
0.0	0.0	0.0	8.90007209777832	0.0	0.0	0.0	0.0	0.0	6.067430019378662	0.0	0.0	0.0	0.0	0.0	0.0	0.0	9.069790840148926	0.0	8.019492149353027	0.0	0.0	0.0	0.0	0.0	0.0	0.0	9.625334739685059	0.0	0.0	0.0	9.271360397338867	0.0	7.501230716705322	0.0	0.0	0.0	4.266129493713379	10.502206802368164	0.0	0.0	0.0	0.0	0.0	0.0	0.0	0.0	0.0	9.199902534484863	0.0	0.0	0.0	0.0	0.0	0.0	0.0	0.0	0.0	6.832365989685059	0.0	5.003680229187012	0.0	8.128569602966309	0.0
0.0	0.0	0.0	9.104294776916504	0.0	0.0	0.0	0.0	0.0	6.213771820068359	0.0	0.0	0.0	0.0	0.0	0.0	0.0	9.286642074584961	0.0	8.20992660522461	0.0	0.0	0.0	0.0	0.0	0.0	0.0	9.852459907531738	0.0	0.0	0.0	9.49206829071045	0.0	7.682259559631348	0.0	0.0	0.0	4.36881685256958	10.751802444458008	0.0	0.0	0.0	0.0	0.0	0.0	0.0	0.0	0.0	9.416800498962402	0.0	0.0	0.0	0.0	0.0	0.0	0.0	0.0	0.0	6.9937744140625	0.0	5.119095802307129	0.0	8.317902565002441	0.0
0.0	0.0	0.0	9.201544761657715	0.0	0.0	0.0	0.0	0.0	6.276264190673828	0.0	0.0	0.0	0.0	0.0	0.0	0.0	9.38293743133545	0.0	8.293463706970215	0.0	0.0	0.0	0.0	0.0	0.0	0.0	9.958550453186035	0.0	0.0	0.0	9.591487884521484	0.0	7.764703750610352	0.0	0.0	0.0	4.4159040451049805	10.85835075378418	0.0	0.0	0.0	0.0	0.0	0.0	0.0	0.0	0.0	9.51153564453125	0.0	0.0	0.0	0.0	0.0	0.0	0.0	0.0	0.0	7.072645664215088	0.0	5.173189163208008	0.0	8.409753799438477	0.0
0.0	0.0	0.0	9.502900123596191	0.0	0.0	0.0	0.0	0.0	6.5059614181518555	0.0	0.0	0.0	0.0	0.0	0.0	0.0	9.710503578186035	0.0	8.58511734008789	0.0	0.0	0.0	0.0	0.0	0.0	0.0	10.300703048706055	0.0	0.0	0.0	9.928910255432129	0.0	8.043122291564941	0.0	0.0	0.0	4.571961879730225	11.224127769470215	0.0	0.0	0.0	0.0	0.0	0.0	0.0	0.0	0.0	9.839954376220703	0.0	0.0	0.0	0.0	0.0	0.0	0.0	0.0	0.0	7.331555366516113	0.0	5.3503546714782715	0.0	8.703917503356934	0.0
0.0	0.0	0.0	9.04233455657959	0.0	0.0	0.0	0.0	0.0	6.166062831878662	0.0	0.0	0.0	0.0	0.0	0.0	0.0	9.221646308898926	0.0	8.152870178222656	0.0	0.0	0.0	0.0	0.0	0.0	0.0	9.786601066589355	0.0	0.0	0.0	9.427349090576172	0.0	7.6255059242248535	0.0	0.0	0.0	4.336556911468506	10.676517486572266	0.0	0.0	0.0	0.0	0.0	0.0	0.0	0.0	0.0	9.348066329956055	0.0	0.0	0.0	0.0	0.0	0.0	0.0	0.0	0.0	6.9480509757995605	0.0	5.08650016784668	0.0	8.261536598205566	0.0
0.0	0.0	0.0	9.04790210723877	0.0	0.0	0.0	0.0	0.0	6.173499584197998	0.0	0.0	0.0	0.0	0.0	0.0	0.0	9.229667663574219	0.0	8.157025337219238	0.0	0.0	0.0	0.0	0.0	0.0	0.0	9.792641639709473	0.0	0.0	0.0	9.433157920837402	0.0	7.634209632873535	0.0	0.0	0.0	4.338803291320801	10.682415008544922	0.0	0.0	0.0	0.0	0.0	0.0	0.0	0.0	0.0	9.357649803161621	0.0	0.0	0.0	0.0	0.0	0.0	0.0	0.0	0.0	6.9521050453186035	0.0	5.090405464172363	0.0	8.26938533782959	0.0
0.0	0.0	0.0	9.23153018951416	0.0	0.0	0.0	0.0	0.0	6.303430557250977	0.0	0.0	0.0	0.0	0.0	0.0	0.0	9.41787052154541	0.0	8.33361530303955	0.0	0.0	0.0	0.0	0.0	0.0	0.0	9.997748374938965	0.0	0.0	0.0	9.63028621673584	0.0	7.795758247375488	0.0	0.0	0.0	4.4332966804504395	10.899127006530762	0.0	0.0	0.0	0.0	0.0	0.0	0.0	0.0	0.0	9.549701690673828	0.0	0.0	0.0	0.0	0.0	0.0	0.0	0.0	0.0	7.0965142250061035	0.0	5.195969581604004	0.0	8.43863582611084	0.0
0.0	0.0	0.0	9.411750793457031	0.0	0.0	0.0	0.0	0.0	6.439300537109375	0.0	0.0	0.0	0.0	0.0	0.0	0.0	9.606005668640137	0.0	8.500463485717773	0.0	0.0	0.0	0.0	0.0	0.0	0.0	10.197610855102539	0.0	0.0	0.0	9.821383476257324	0.0	7.958233833312988	0.0	0.0	0.0	4.527741432189941	11.107528686523438	0.0	0.0	0.0	0.0	0.0	0.0	0.0	0.0	0.0	9.739039421081543	0.0	0.0	0.0	0.0	0.0	0.0	0.0	0.0	0.0	7.261387348175049	0.0	5.300271511077881	0.0	8.605737686157227	0.0
0.0	0.0	0.0	10.242534637451172	0.0	0.0	0.0	0.0	0.0	7.039642333984375	0.0	0.0	0.0	0.0	0.0	0.0	0.0	10.446919441223145	0.0	9.264195442199707	0.0	0.0	0.0	0.0	0.0	0.0	0.0	11.093610763549805	0.0	0.0	0.0	10.695337295532227	0.0	8.697442054748535	0.0	0.0	0.0	4.960845470428467	12.070413589477539	0.0	0.0	0.0	0.0	0.0	0.0	0.0	0.0	0.0	10.614173889160156	0.0	0.0	0.0	0.0	0.0	0.0	0.0	0.0	0.0	7.969431400299072	0.0	5.763924598693848	0.0	9.390969276428223	0.0
0.0	0.0	0.0	9.342191696166992	0.0	0.0	0.0	0.0	0.0	6.394584655761719	0.0	0.0	0.0	0.0	0.0	0.0	0.0	9.527267456054688	0.0	8.438486099243164	0.0	0.0	0.0	0.0	0.0	0.0	0.0	10.115181922912598	0.0	0.0	0.0	9.74378776550293	0.0	7.893775463104248	0.0	0.0	0.0	4.498286247253418	11.026939392089844	0.0	0.0	0.0	0.0	0.0	0.0	0.0	0.0	0.0	9.66456127166748	0.0	0.0	0.0	0.0	0.0	0.0	0.0	0.0	0.0	7.201695442199707	0.0	5.265287399291992	0.0	8.542150497436523	0.0
0.0	0.0	0.0	9.75804615020752	0.0	0.0	0.0	0.0	0.0	6.718666076660156	0.0	0.0	0.0	0.0	0.0	0.0	0.0	9.896892547607422	0.0	8.808185577392578	0.0	0.0	0.0	0.0	0.0	0.0	0.0	10.500933647155762	0.0	0.0	0.0	10.121297836303711	0.0	8.256524085998535	0.0	0.0	0.0	4.745301723480225	11.441640853881836	0.0	0.0	0.0	0.0	0.0	0.0	0.0	0.0	0.0	10.098268508911133	0.0	0.0	0.0	0.0	0.0	0.0	0.0	0.0	0.0	7.624444961547852	0.0	5.524984836578369	0.0	8.916056632995605	0.0
0.0	0.0	0.0	9.120187759399414	0.0	0.0	0.0	0.0	0.0	6.224721431732178	0.0	0.0	0.0	0.0	0.0	0.0	0.0	9.296064376831055	0.0	8.225531578063965	0.0	0.0	0.0	0.0	0.0	0.0	0.0	9.87451457977295	0.0	0.0	0.0	9.513042449951172	0.0	7.696976661682129	0.0	0.0	0.0	4.37782096862793	10.764421463012695	0.0	0.0	0.0	0.0	0.0	0.0	0.0	0.0	0.0	9.43549633026123	0.0	0.0	0.0	0.0	0.0	0.0	0.0	0.0	0.0	7.011321544647217	0.0	5.126546859741211	0.0	8.33600902557373	0.0
0.0	0.0	0.0	9.000737190246582	0.0	0.0	0.0	0.0	0.0	6.14194393157959	0.0	0.0	0.0	0.0	0.0	0.0	0.0	9.182354927062988	0.0	8.120258331298828	0.0	0.0	0.0	0.0	0.0	0.0	0.0	9.744153022766113	0.0	0.0	0.0	9.383200645446777	0.0	7.596136093139648	0.0	0.0	0.0	4.318358898162842	10.625842094421387	0.0	0.0	0.0	0.0	0.0	0.0	0.0	0.0	0.0	9.309078216552734	0.0	0.0	0.0	0.0	0.0	0.0	0.0	0.0	0.0	6.91974401473999	0.0	5.066670894622803	0.0	8.227741241455078	0.0
0.0	0.0	0.0	9.303971290588379	0.0	0.0	0.0	0.0	0.0	6.354227542877197	0.0	0.0	0.0	0.0	0.0	0.0	0.0	9.480936050415039	0.0	8.390782356262207	0.0	0.0	0.0	0.0	0.0	0.0	0.0	10.063690185546875	0.0	0.0	0.0	9.694913864135742	0.0	7.854589462280273	0.0	0.0	0.0	4.474915027618408	10.969550132751465	0.0	0.0	0.0	0.0	0.0	0.0	0.0	0.0	0.0	9.626216888427734	0.0	0.0	0.0	0.0	0.0	0.0	0.0	0.0	0.0	7.165746688842773	0.0	5.234713554382324	0.0	8.50456714630127	0.0
0.0	0.0	0.0	9.17430591583252	0.0	0.0	0.0	0.0	0.0	6.264733791351318	0.0	0.0	0.0	0.0	0.0	0.0	0.0	9.355659484863281	0.0	8.275529861450195	0.0	0.0	0.0	0.0	0.0	0.0	0.0	9.928110122680664	0.0	0.0	0.0	9.56297492980957	0.0	7.740458965301514	0.0	0.0	0.0	4.410025119781494	10.824557304382324	0.0	0.0	0.0	0.0	0.0	0.0	0.0	0.0	0.0	9.481962203979492	0.0	0.0	0.0	0.0	0.0	0.0	0.0	0.0	0.0	7.056349754333496	0.0	5.168543815612793	0.0	8.38361644744873	0.0
0.0	0.0	0.0	8.910264015197754	0.0	0.0	0.0	0.0	0.0	6.078924655914307	0.0	0.0	0.0	0.0	0.0	0.0	0.0	9.078352928161621	0.0	8.032620429992676	0.0	0.0	0.0	0.0	0.0	0.0	0.0	9.631563186645508	0.0	0.0	0.0	9.277810096740723	0.0	7.515532970428467	0.0	0.0	0.0	4.280543804168701	10.510570526123047	0.0	0.0	0.0	0.0	0.0	0.0	0.0	0.0	0.0	9.20992660522461	0.0	0.0	0.0	0.0	0.0	0.0	0.0	0.0	0.0	6.85063362121582	0.0	5.018496990203857	0.0	8.134641647338867	0.0
0.0	0.0	0.0	9.35290241241455	0.0	0.0	0.0	0.0	0.0	6.401761531829834	0.0	0.0	0.0	0.0	0.0	0.0	0.0	9.529006958007812	0.0	8.444432258605957	0.0	0.0	0.0	0.0	0.0	0.0	0.0	10.118536949157715	0.0	0.0	0.0	9.749133110046387	0.0	7.901646614074707	0.0	0.0	0.0	4.506924152374268	11.032708168029785	0.0	0.0	0.0	0.0	0.0	0.0	0.0	0.0	0.0	9.667021751403809	0.0	0.0	0.0	0.0	0.0	0.0	0.0	0.0	0.0	7.212033748626709	0.0	5.276955604553223	0.0	8.543525695800781	0.0
0.0	0.0	0.0	8.981582641601562	0.0	0.0	0.0	0.0	0.0	6.124292373657227	0.0	0.0	0.0	0.0	0.0	0.0	0.0	9.161088943481445	0.0	8.097454071044922	0.0	0.0	0.0	0.0	0.0	0.0	0.0	9.721943855285645	0.0	0.0	0.0	9.362666130065918	0.0	7.57919454574585	0.0	0.0	0.0	4.305161952972412	10.60461139678955	0.0	0.0	0.0	0.0	0.0	0.0	0.0	0.0	0.0	9.28878402709961	0.0	0.0	0.0	0.0	0.0	0.0	0.0	0.0	0.0	6.894132614135742	0.0	5.0515456199646	0.0	8.208575248718262	0.0
0.0	0.0	0.0	9.15884017944336	0.0	0.0	0.0	0.0	0.0	6.251718521118164	0.0	0.0	0.0	0.0	0.0	0.0	0.0	9.341148376464844	0.0	8.261401176452637	0.0	0.0	0.0	0.0	0.0	0.0	0.0	9.915833473205566	0.0	0.0	0.0	9.551956176757812	0.0	7.7321600914001465	0.0	0.0	0.0	4.399895668029785	10.813995361328125	0.0	0.0	0.0	0.0	0.0	0.0	0.0	0.0	0.0	9.471502304077148	0.0	0.0	0.0	0.0	0.0	0.0	0.0	0.0	0.0	7.039869785308838	0.0	5.160401344299316	0.0	8.372549057006836	0.0
0.0	0.0	0.0	9.136940002441406	0.0	0.0	0.0	0.0	0.0	6.236564636230469	0.0	0.0	0.0	0.0	0.0	0.0	0.0	9.315047264099121	0.0	8.242801666259766	0.0	0.0	0.0	0.0	0.0	0.0	0.0	9.885469436645508	0.0	0.0	0.0	9.52227783203125	0.0	7.713596343994141	0.0	0.0	0.0	4.391598701477051	10.783160209655762	0.0	0.0	0.0	0.0	0.0	0.0	0.0	0.0	0.0	9.446415901184082	0.0	0.0	0.0	0.0	0.0	0.0	0.0	0.0	0.0	7.028690338134766	0.0	5.144745349884033	0.0	8.34730052947998	0.0
0.0	0.0	0.0	8.985036849975586	0.0	0.0	0.0	0.0	0.0	6.124478816986084	0.0	0.0	0.0	0.0	0.0	0.0	0.0	9.159469604492188	0.0	8.100619316101074	0.0	0.0	0.0	0.0	0.0	0.0	0.0	9.718778610229492	0.0	0.0	0.0	9.366423606872559	0.0	7.582184791564941	0.0	0.0	0.0	4.306650638580322	10.609617233276367	0.0	0.0	0.0	0.0	0.0	0.0	0.0	0.0	0.0	9.287236213684082	0.0	0.0	0.0	0.0	0.0	0.0	0.0	0.0	0.0	6.898548126220703	0.0	5.044673442840576	0.0	8.207276344299316	0.0
0.0	0.0	0.0	9.39332389831543	0.0	0.0	0.0	0.0	0.0	6.419626712799072	0.0	0.0	0.0	0.0	0.0	0.0	0.0	9.585946083068848	0.0	8.48146915435791	0.0	0.0	0.0	0.0	0.0	0.0	0.0	10.172365188598633	0.0	0.0	0.0	9.803356170654297	0.0	7.9410176277160645	0.0	0.0	0.0	4.518784523010254	11.09478759765625	0.0	0.0	0.0	0.0	0.0	0.0	0.0	0.0	0.0	9.718008995056152	0.0	0.0	0.0	0.0	0.0	0.0	0.0	0.0	0.0	7.231998920440674	0.0	5.289925575256348	0.0	8.587211608886719	0.0
0.0	0.0	0.0	9.152502059936523	0.0	0.0	0.0	0.0	0.0	6.250026702880859	0.0	0.0	0.0	0.0	0.0	0.0	0.0	9.33154010772705	0.0	8.258770942687988	0.0	0.0	0.0	0.0	0.0	0.0	0.0	9.90444564819336	0.0	0.0	0.0	9.543800354003906	0.0	7.725417137145996	0.0	0.0	0.0	4.396087169647217	10.80296516418457	0.0	0.0	0.0	0.0	0.0	0.0	0.0	0.0	0.0	9.467827796936035	0.0	0.0	0.0	0.0	0.0	0.0	0.0	0.0	0.0	7.036459922790527	0.0	5.151135444641113	0.0	8.36002254486084	0.0
0.0	0.0	0.0	9.114611625671387	0.0	0.0	0.0	0.0	0.0	6.227035999298096	0.0	0.0	0.0	0.0	0.0	0.0	0.0	9.294025421142578	0.0	8.222356796264648	0.0	0.0	0.0	0.0	0.0	0.0	0.0	9.865830421447754	0.0	0.0	0.0	9.503376007080078	0.0	7.694834232330322	0.0	0.0	0.0	4.376164436340332	10.757438659667969	0.0	0.0	0.0	0.0	0.0	0.0	0.0	0.0	0.0	9.425968170166016	0.0	0.0	0.0	0.0	0.0	0.0	0.0	0.0	0.0	7.005774974822998	0.0	5.132904052734375	0.0	8.326705932617188	0.0
0.0	0.0	0.0	10.574201583862305	0.0	0.0	0.0	0.0	0.0	7.315240383148193	0.0	0.0	0.0	0.0	0.0	0.0	0.0	10.756294250488281	0.0	9.575849533081055	0.0	0.0	0.0	0.0	0.0	0.0	0.0	11.428738594055176	0.0	0.0	0.0	11.017666816711426	0.0	9.00187873840332	0.0	0.0	0.0	5.165781497955322	12.419062614440918	0.0	0.0	0.0	0.0	0.0	0.0	0.0	0.0	0.0	10.958611488342285	0.0	0.0	0.0	0.0	0.0	0.0	0.0	0.0	0.0	8.307095527648926	0.0	5.966620922088623	0.0	9.693778991699219	0.0
0.0	0.0	0.0	8.981486320495605	0.0	0.0	0.0	0.0	0.0	6.127405166625977	0.0	0.0	0.0	0.0	0.0	0.0	0.0	9.152928352355957	0.0	8.100160598754883	0.0	0.0	0.0	0.0	0.0	0.0	0.0	9.715742111206055	0.0	0.0	0.0	9.361608505249023	0.0	7.574981689453125	0.0	0.0	0.0	4.30791711807251	10.60219955444336	0.0	0.0	0.0	0.0	0.0	0.0	0.0	0.0	0.0	9.282486915588379	0.0	0.0	0.0	0.0	0.0	0.0	0.0	0.0	0.0	6.896263122558594	0.0	5.057066440582275	0.0	8.201786041259766	0.0
0.0	0.0	0.0	8.970154762268066	0.0	0.0	0.0	0.0	0.0	6.124892234802246	0.0	0.0	0.0	0.0	0.0	0.0	0.0	9.135906219482422	0.0	8.08678913116455	0.0	0.0	0.0	0.0	0.0	0.0	0.0	9.686683654785156	0.0	0.0	0.0	9.336289405822754	0.0	7.565488815307617	0.0	0.0	0.0	4.312673568725586	10.575464248657227	0.0	0.0	0.0	0.0	0.0	0.0	0.0	0.0	0.0	9.2758207321167	0.0	0.0	0.0	0.0	0.0	0.0	0.0	0.0	0.0	6.900022029876709	0.0	5.058637619018555	0.0	8.185124397277832	0.0
0.0	0.0	0.0	9.109220504760742	0.0	0.0	0.0	0.0	0.0	6.216490745544434	0.0	0.0	0.0	0.0	0.0	0.0	0.0	9.289800643920898	0.0	8.218207359313965	0.0	0.0	0.0	0.0	0.0	0.0	0.0	9.858576774597168	0.0	0.0	0.0	9.495908737182617	0.0	7.687258720397949	0.0	0.0	0.0	4.371882915496826	10.752294540405273	0.0	0.0	0.0	0.0	0.0	0.0	0.0	0.0	0.0	9.41635513305664	0.0	0.0	0.0	0.0	0.0	0.0	0.0	0.0	0.0	6.9967546463012695	0.0	5.126145362854004	0.0	8.320228576660156	0.0
0.0	0.0	0.0	9.367886543273926	0.0	0.0	0.0	0.0	0.0	6.3939995765686035	0.0	0.0	0.0	0.0	0.0	0.0	0.0	9.552287101745605	0.0	8.454207420349121	0.0	0.0	0.0	0.0	0.0	0.0	0.0	10.145002365112305	0.0	0.0	0.0	9.778837203979492	0.0	7.91318416595459	0.0	0.0	0.0	4.501400470733643	11.064138412475586	0.0	0.0	0.0	0.0	0.0	0.0	0.0	0.0	0.0	9.684867858886719	0.0	0.0	0.0	0.0	0.0	0.0	0.0	0.0	0.0	7.20505428314209	0.0	5.259420394897461	0.0	8.56579875946045	0.0
0.0	0.0	0.0	9.265938758850098	0.0	0.0	0.0	0.0	0.0	6.328162670135498	0.0	0.0	0.0	0.0	0.0	0.0	0.0	9.449361801147461	0.0	8.356947898864746	0.0	0.0	0.0	0.0	0.0	0.0	0.0	10.0300931930542	0.0	0.0	0.0	9.663277626037598	0.0	7.825441360473633	0.0	0.0	0.0	4.448152542114258	10.934008598327637	0.0	0.0	0.0	0.0	0.0	0.0	0.0	0.0	0.0	9.583462715148926	0.0	0.0	0.0	0.0	0.0	0.0	0.0	0.0	0.0	7.12362813949585	0.0	5.214892387390137	0.0	8.469134330749512	0.0
0.0	0.0	0.0	9.14820671081543	0.0	0.0	0.0	0.0	0.0	6.250195503234863	0.0	0.0	0.0	0.0	0.0	0.0	0.0	9.344619750976562	0.0	8.262925148010254	0.0	0.0	0.0	0.0	0.0	0.0	0.0	9.915470123291016	0.0	0.0	0.0	9.549695014953613	0.0	7.724987983703613	0.0	0.0	0.0	4.3874077796936035	10.807016372680664	0.0	0.0	0.0	0.0	0.0	0.0	0.0	0.0	0.0	9.473626136779785	0.0	0.0	0.0	0.0	0.0	0.0	0.0	0.0	0.0	7.038486480712891	0.0	5.145655155181885	0.0	8.368096351623535	0.0
0.0	0.0	0.0	9.334169387817383	0.0	0.0	0.0	0.0	0.0	6.3911542892456055	0.0	0.0	0.0	0.0	0.0	0.0	0.0	9.49755859375	0.0	8.424699783325195	0.0	0.0	0.0	0.0	0.0	0.0	0.0	10.077299118041992	0.0	0.0	0.0	9.709195137023926	0.0	7.884680271148682	0.0	0.0	0.0	4.513742923736572	10.986698150634766	0.0	0.0	0.0	0.0	0.0	0.0	0.0	0.0	0.0	9.65550422668457	0.0	0.0	0.0	0.0	0.0	0.0	0.0	0.0	0.0	7.224755764007568	0.0	5.272302150726318	0.0	8.523569107055664	0.0
0.0	0.0	0.0	8.906373023986816	0.0	0.0	0.0	0.0	0.0	6.075786590576172	0.0	0.0	0.0	0.0	0.0	0.0	0.0	9.078059196472168	0.0	8.02930736541748	0.0	0.0	0.0	0.0	0.0	0.0	0.0	9.634819030761719	0.0	0.0	0.0	9.280701637268066	0.0	7.509669303894043	0.0	0.0	0.0	4.269613742828369	10.510162353515625	0.0	0.0	0.0	0.0	0.0	0.0	0.0	0.0	0.0	9.205376625061035	0.0	0.0	0.0	0.0	0.0	0.0	0.0	0.0	0.0	6.839976787567139	0.0	5.014097213745117	0.0	8.131089210510254	0.0
0.0	0.0	0.0	9.262434005737305	0.0	0.0	0.0	0.0	0.0	6.324655532836914	0.0	0.0	0.0	0.0	0.0	0.0	0.0	9.445871353149414	0.0	8.359597206115723	0.0	0.0	0.0	0.0	0.0	0.0	0.0	10.027766227722168	0.0	0.0	0.0	9.673480987548828	0.0	7.826578140258789	0.0	0.0	0.0	4.449755668640137	10.94029426574707	0.0	0.0	0.0	0.0	0.0	0.0	0.0	0.0	0.0	9.578908920288086	0.0	0.0	0.0	0.0	0.0	0.0	0.0	0.0	0.0	7.129579544067383	0.0	5.211573123931885	0.0	8.46824836730957	0.0
0.0	0.0	0.0	9.207348823547363	0.0	0.0	0.0	0.0	0.0	6.289240837097168	0.0	0.0	0.0	0.0	0.0	0.0	0.0	9.385754585266113	0.0	8.308004379272461	0.0	0.0	0.0	0.0	0.0	0.0	0.0	9.96295166015625	0.0	0.0	0.0	9.600593566894531	0.0	7.769043445587158	0.0	0.0	0.0	4.425291538238525	10.865199089050293	0.0	0.0	0.0	0.0	0.0	0.0	0.0	0.0	0.0	9.523762702941895	0.0	0.0	0.0	0.0	0.0	0.0	0.0	0.0	0.0	7.08553409576416	0.0	5.190207004547119	0.0	8.417630195617676	0.0
0.0	0.0	0.0	9.216093063354492	0.0	0.0	0.0	0.0	0.0	6.291384696960449	0.0	0.0	0.0	0.0	0.0	0.0	0.0	9.39627456665039	0.0	8.309484481811523	0.0	0.0	0.0	0.0	0.0	0.0	0.0	9.971646308898926	0.0	0.0	0.0	9.60521411895752	0.0	7.774786472320557	0.0	0.0	0.0	4.428044319152832	10.873453140258789	0.0	0.0	0.0	0.0	0.0	0.0	0.0	0.0	0.0	9.52263069152832	0.0	0.0	0.0	0.0	0.0	0.0	0.0	0.0	0.0	7.082143306732178	0.0	5.186953544616699	0.0	8.414098739624023	0.0
0.0	0.0	0.0	9.099661827087402	0.0	0.0	0.0	0.0	0.0	6.207242012023926	0.0	0.0	0.0	0.0	0.0	0.0	0.0	9.275108337402344	0.0	8.205339431762695	0.0	0.0	0.0	0.0	0.0	0.0	0.0	9.845526695251465	0.0	0.0	0.0	9.483139991760254	0.0	7.674681663513184	0.0	0.0	0.0	4.368145942687988	10.73565673828125	0.0	0.0	0.0	0.0	0.0	0.0	0.0	0.0	0.0	9.403495788574219	0.0	0.0	0.0	0.0	0.0	0.0	0.0	0.0	0.0	6.990577697753906	0.0	5.118385314941406	0.0	8.310619354248047	0.0
0.0	0.0	0.0	9.329350471496582	0.0	0.0	0.0	0.0	0.0	6.3815016746521	0.0	0.0	0.0	0.0	0.0	0.0	0.0	9.51200008392334	0.0	8.422015190124512	0.0	0.0	0.0	0.0	0.0	0.0	0.0	10.094660758972168	0.0	0.0	0.0	9.727938652038574	0.0	7.8825602531433105	0.0	0.0	0.0	4.4932475090026855	11.005904197692871	0.0	0.0	0.0	0.0	0.0	0.0	0.0	0.0	0.0	9.645855903625488	0.0	0.0	0.0	0.0	0.0	0.0	0.0	0.0	0.0	7.193399429321289	0.0	5.265108585357666	0.0	8.524174690246582	0.0
0.0	0.0	0.0	9.330589294433594	0.0	0.0	0.0	0.0	0.0	6.383172988891602	0.0	0.0	0.0	0.0	0.0	0.0	0.0	9.509333610534668	0.0	8.421093940734863	0.0	0.0	0.0	0.0	0.0	0.0	0.0	10.096175193786621	0.0	0.0	0.0	9.725142478942871	0.0	7.880715847015381	0.0	0.0	0.0	4.494243144989014	11.009076118469238	0.0	0.0	0.0	0.0	0.0	0.0	0.0	0.0	0.0	9.649784088134766	0.0	0.0	0.0	0.0	0.0	0.0	0.0	0.0	0.0	7.189236640930176	0.0	5.260871410369873	0.0	8.523526191711426	0.0
0.0	0.0	0.0	9.225950241088867	0.0	0.0	0.0	0.0	0.0	6.30171537399292	0.0	0.0	0.0	0.0	0.0	0.0	0.0	9.408890724182129	0.0	8.328996658325195	0.0	0.0	0.0	0.0	0.0	0.0	0.0	9.994783401489258	0.0	0.0	0.0	9.62483024597168	0.0	7.790281772613525	0.0	0.0	0.0	4.4362006187438965	10.891098022460938	0.0	0.0	0.0	0.0	0.0	0.0	0.0	0.0	0.0	9.548419952392578	0.0	0.0	0.0	0.0	0.0	0.0	0.0	0.0	0.0	7.09847354888916	0.0	5.19625186920166	0.0	8.433958053588867	0.0
0.0	0.0	0.0	9.120916366577148	0.0	0.0	0.0	0.0	0.0	6.223541736602783	0.0	0.0	0.0	0.0	0.0	0.0	0.0	9.299444198608398	0.0	8.227741241455078	0.0	0.0	0.0	0.0	0.0	0.0	0.0	9.870145797729492	0.0	0.0	0.0	9.507966995239258	0.0	7.698124408721924	0.0	0.0	0.0	4.380455017089844	10.766982078552246	0.0	0.0	0.0	0.0	0.0	0.0	0.0	0.0	0.0	9.430190086364746	0.0	0.0	0.0	0.0	0.0	0.0	0.0	0.0	0.0	7.0116729736328125	0.0	5.137564659118652	0.0	8.335203170776367	0.0
0.0	0.0	0.0	9.213764190673828	0.0	0.0	0.0	0.0	0.0	6.30469274520874	0.0	0.0	0.0	0.0	0.0	0.0	0.0	9.376456260681152	0.0	8.31285572052002	0.0	0.0	0.0	0.0	0.0	0.0	0.0	9.949592590332031	0.0	0.0	0.0	9.589600563049316	0.0	7.785641670227051	0.0	0.0	0.0	4.440905570983887	10.856972694396973	0.0	0.0	0.0	0.0	0.0	0.0	0.0	0.0	0.0	9.52846622467041	0.0	0.0	0.0	0.0	0.0	0.0	0.0	0.0	0.0	7.120550155639648	0.0	5.20474100112915	0.0	8.413532257080078	0.0
0.0	0.0	0.0	9.182465553283691	0.0	0.0	0.0	0.0	0.0	6.274752140045166	0.0	0.0	0.0	0.0	0.0	0.0	0.0	9.36496639251709	0.0	8.29080581665039	0.0	0.0	0.0	0.0	0.0	0.0	0.0	9.943402290344238	0.0	0.0	0.0	9.577548027038574	0.0	7.754902362823486	0.0	0.0	0.0	4.412971019744873	10.83973217010498	0.0	0.0	0.0	0.0	0.0	0.0	0.0	0.0	0.0	9.49707317352295	0.0	0.0	0.0	0.0	0.0	0.0	0.0	0.0	0.0	7.061274528503418	0.0	5.1696624755859375	0.0	8.393378257751465	0.0
0.0	0.0	0.0	9.317152976989746	0.0	0.0	0.0	0.0	0.0	6.360771179199219	0.0	0.0	0.0	0.0	0.0	0.0	0.0	9.496504783630371	0.0	8.407896995544434	0.0	0.0	0.0	0.0	0.0	0.0	0.0	10.086556434631348	0.0	0.0	0.0	9.719268798828125	0.0	7.874115943908691	0.0	0.0	0.0	4.474678993225098	10.998892784118652	0.0	0.0	0.0	0.0	0.0	0.0	0.0	0.0	0.0	9.631465911865234	0.0	0.0	0.0	0.0	0.0	0.0	0.0	0.0	0.0	7.174183368682861	0.0	5.24554967880249	0.0	8.511569023132324	0.0
0.0	0.0	0.0	9.230140686035156	0.0	0.0	0.0	0.0	0.0	6.3112030029296875	0.0	0.0	0.0	0.0	0.0	0.0	0.0	9.407033920288086	0.0	8.32752513885498	0.0	0.0	0.0	0.0	0.0	0.0	0.0	9.97563648223877	0.0	0.0	0.0	9.614175796508789	0.0	7.7871527671813965	0.0	0.0	0.0	4.444468975067139	10.874898910522461	0.0	0.0	0.0	0.0	0.0	0.0	0.0	0.0	0.0	9.54629135131836	0.0	0.0	0.0	0.0	0.0	0.0	0.0	0.0	0.0	7.118420124053955	0.0	5.201909065246582	0.0	8.433585166931152	0.0
0.0	0.0	0.0	9.049422264099121	0.0	0.0	0.0	0.0	0.0	6.1731977462768555	0.0	0.0	0.0	0.0	0.0	0.0	0.0	9.22934341430664	0.0	8.16260814666748	0.0	0.0	0.0	0.0	0.0	0.0	0.0	9.795571327209473	0.0	0.0	0.0	9.434996604919434	0.0	7.636246204376221	0.0	0.0	0.0	4.340603351593018	10.683667182922363	0.0	0.0	0.0	0.0	0.0	0.0	0.0	0.0	0.0	9.356038093566895	0.0	0.0	0.0	0.0	0.0	0.0	0.0	0.0	0.0	6.953610420227051	0.0	5.0909104347229	0.0	8.266138076782227	0.0
0.0	0.0	0.0	9.495881080627441	0.0	0.0	0.0	0.0	0.0	6.50963830947876	0.0	0.0	0.0	0.0	0.0	0.0	0.0	9.684000968933105	0.0	8.588785171508789	0.0	0.0	0.0	0.0	0.0	0.0	0.0	10.282000541687012	0.0	0.0	0.0	9.91176700592041	0.0	8.032562255859375	0.0	0.0	0.0	4.5823283195495605	11.207618713378906	0.0	0.0	0.0	0.0	0.0	0.0	0.0	0.0	0.0	9.829263687133789	0.0	0.0	0.0	0.0	0.0	0.0	0.0	0.0	0.0	7.338443756103516	0.0	5.36031436920166	0.0	8.692391395568848	0.0
0.0	0.0	0.0	9.309002876281738	0.0	0.0	0.0	0.0	0.0	6.363849639892578	0.0	0.0	0.0	0.0	0.0	0.0	0.0	9.481929779052734	0.0	8.406503677368164	0.0	0.0	0.0	0.0	0.0	0.0	0.0	10.070734977722168	0.0	0.0	0.0	9.705094337463379	0.0	7.863950252532959	0.0	0.0	0.0	4.482146263122559	10.990159034729004	0.0	0.0	0.0	0.0	0.0	0.0	0.0	0.0	0.0	9.624319076538086	0.0	0.0	0.0	0.0	0.0	0.0	0.0	0.0	0.0	7.169498443603516	0.0	5.248350143432617	0.0	8.504192352294922	0.0
0.0	0.0	0.0	9.150568962097168	0.0	0.0	0.0	0.0	0.0	6.240847110748291	0.0	0.0	0.0	0.0	0.0	0.0	0.0	9.331759452819824	0.0	8.251898765563965	0.0	0.0	0.0	0.0	0.0	0.0	0.0	9.899707794189453	0.0	0.0	0.0	9.539029121398926	0.0	7.718717098236084	0.0	0.0	0.0	4.394464492797852	10.7986478805542	0.0	0.0	0.0	0.0	0.0	0.0	0.0	0.0	0.0	9.459236145019531	0.0	0.0	0.0	0.0	0.0	0.0	0.0	0.0	0.0	7.032463073730469	0.0	5.14549446105957	0.0	8.361936569213867	0.0
0.0	0.0	0.0	9.415193557739258	0.0	0.0	0.0	0.0	0.0	6.4398274421691895	0.0	0.0	0.0	0.0	0.0	0.0	0.0	9.600854873657227	0.0	8.500658988952637	0.0	0.0	0.0	0.0	0.0	0.0	0.0	10.194652557373047	0.0	0.0	0.0	9.817444801330566	0.0	7.956561088562012	0.0	0.0	0.0	4.5307297706604	11.105892181396484	0.0	0.0	0.0	0.0	0.0	0.0	0.0	0.0	0.0	9.743045806884766	0.0	0.0	0.0	0.0	0.0	0.0	0.0	0.0	0.0	7.2569990158081055	0.0	5.304656982421875	0.0	8.606754302978516	0.0
0.0	0.0	0.0	9.117032051086426	0.0	0.0	0.0	0.0	0.0	6.2229838371276855	0.0	0.0	0.0	0.0	0.0	0.0	0.0	9.297425270080566	0.0	8.228401184082031	0.0	0.0	0.0	0.0	0.0	0.0	0.0	9.86514949798584	0.0	0.0	0.0	9.504005432128906	0.0	7.696361064910889	0.0	0.0	0.0	4.378857612609863	10.763103485107422	0.0	0.0	0.0	0.0	0.0	0.0	0.0	0.0	0.0	9.428382873535156	0.0	0.0	0.0	0.0	0.0	0.0	0.0	0.0	0.0	7.007690906524658	0.0	5.132636547088623	0.0	8.32834529876709	0.0
0.0	0.0	0.0	9.069280624389648	0.0	0.0	0.0	0.0	0.0	6.1898345947265625	0.0	0.0	0.0	0.0	0.0	0.0	0.0	9.247151374816895	0.0	8.179720878601074	0.0	0.0	0.0	0.0	0.0	0.0	0.0	9.812280654907227	0.0	0.0	0.0	9.460062980651855	0.0	7.656688213348389	0.0	0.0	0.0	4.354211807250977	10.713037490844727	0.0	0.0	0.0	0.0	0.0	0.0	0.0	0.0	0.0	9.379158973693848	0.0	0.0	0.0	0.0	0.0	0.0	0.0	0.0	0.0	6.970869541168213	0.0	5.1050262451171875	0.0	8.284412384033203	0.0
0.0	0.0	0.0	8.938956260681152	0.0	0.0	0.0	0.0	0.0	6.102027416229248	0.0	0.0	0.0	0.0	0.0	0.0	0.0	9.104500770568848	0.0	8.058489799499512	0.0	0.0	0.0	0.0	0.0	0.0	0.0	9.6621675491333	0.0	0.0	0.0	9.306062698364258	0.0	7.538278102874756	0.0	0.0	0.0	4.296977996826172	10.542205810546875	0.0	0.0	0.0	0.0	0.0	0.0	0.0	0.0	0.0	9.238216400146484	0.0	0.0	0.0	0.0	0.0	0.0	0.0	0.0	0.0	6.876859188079834	0.0	5.0390729904174805	0.0	8.160395622253418	0.0
0.0	0.0	0.0	9.651223182678223	0.0	0.0	0.0	0.0	0.0	6.629755973815918	0.0	0.0	0.0	0.0	0.0	0.0	0.0	9.815742492675781	0.0	8.714123725891113	0.0	0.0	0.0	0.0	0.0	0.0	0.0	10.412083625793457	0.0	0.0	0.0	10.040312767028809	0.0	8.165017127990723	0.0	0.0	0.0	4.67429780960083	11.348917961120605	0.0	0.0	0.0	0.0	0.0	0.0	0.0	0.0	0.0	9.993165969848633	0.0	0.0	0.0	0.0	0.0	0.0	0.0	0.0	0.0	7.50626277923584	0.0	5.450489521026611	0.0	8.820939064025879	0.0
0.0	0.0	0.0	8.971776962280273	0.0	0.0	0.0	0.0	0.0	6.112661361694336	0.0	0.0	0.0	0.0	0.0	0.0	0.0	9.139583587646484	0.0	8.084686279296875	0.0	0.0	0.0	0.0	0.0	0.0	0.0	9.701053619384766	0.0	0.0	0.0	9.348398208618164	0.0	7.563009738922119	0.0	0.0	0.0	4.299436569213867	10.587099075317383	0.0	0.0	0.0	0.0	0.0	0.0	0.0	0.0	0.0	9.264304161071777	0.0	0.0	0.0	0.0	0.0	0.0	0.0	0.0	0.0	6.8866472244262695	0.0	5.040368556976318	0.0	8.188543319702148	0.0
0.0	0.0	0.0	9.132057189941406	0.0	0.0	0.0	0.0	0.0	6.233174800872803	0.0	0.0	0.0	0.0	0.0	0.0	0.0	9.310665130615234	0.0	8.236257553100586	0.0	0.0	0.0	0.0	0.0	0.0	0.0	9.879337310791016	0.0	0.0	0.0	9.515300750732422	0.0	7.7031331062316895	0.0	0.0	0.0	4.385506629943848	10.77503776550293	0.0	0.0	0.0	0.0	0.0	0.0	0.0	0.0	0.0	9.443734169006348	0.0	0.0	0.0	0.0	0.0	0.0	0.0	0.0	0.0	7.0203447341918945	0.0	5.140512943267822	0.0	8.346373558044434	0.0
0.0	0.0	0.0	9.14621353149414	0.0	0.0	0.0	0.0	0.0	6.240208148956299	0.0	0.0	0.0	0.0	0.0	0.0	0.0	9.32637882232666	0.0	8.250626564025879	0.0	0.0	0.0	0.0	0.0	0.0	0.0	9.896281242370605	0.0	0.0	0.0	9.535073280334473	0.0	7.719940662384033	0.0	0.0	0.0	4.394350051879883	10.798319816589355	0.0	0.0	0.0	0.0	0.0	0.0	0.0	0.0	0.0	9.454817771911621	0.0	0.0	0.0	0.0	0.0	0.0	0.0	0.0	0.0	7.032214164733887	0.0	5.152053356170654	0.0	8.357574462890625	0.0
0.0	0.0	0.0	9.284418106079102	0.0	0.0	0.0	0.0	0.0	6.333652019500732	0.0	0.0	0.0	0.0	0.0	0.0	0.0	9.470566749572754	0.0	8.378609657287598	0.0	0.0	0.0	0.0	0.0	0.0	0.0	10.050593376159668	0.0	0.0	0.0	9.695051193237305	0.0	7.842273712158203	0.0	0.0	0.0	4.457513332366943	10.969626426696777	0.0	0.0	0.0	0.0	0.0	0.0	0.0	0.0	0.0	9.59351634979248	0.0	0.0	0.0	0.0	0.0	0.0	0.0	0.0	0.0	7.137704372406006	0.0	5.214089870452881	0.0	8.487273216247559	0.0
0.0	0.0	0.0	9.532814979553223	0.0	0.0	0.0	0.0	0.0	6.525447845458984	0.0	0.0	0.0	0.0	0.0	0.0	0.0	9.715327262878418	0.0	8.6137056350708	0.0	0.0	0.0	0.0	0.0	0.0	0.0	10.323983192443848	0.0	0.0	0.0	9.952661514282227	0.0	8.067787170410156	0.0	0.0	0.0	4.596443176269531	11.249695777893066	0.0	0.0	0.0	0.0	0.0	0.0	0.0	0.0	0.0	9.85811710357666	0.0	0.0	0.0	0.0	0.0	0.0	0.0	0.0	0.0	7.36051607131958	0.0	5.368260860443115	0.0	8.710637092590332	0.0
0.0	0.0	0.0	9.2101411819458	0.0	0.0	0.0	0.0	0.0	6.2921223640441895	0.0	0.0	0.0	0.0	0.0	0.0	0.0	9.39458179473877	0.0	8.311285018920898	0.0	0.0	0.0	0.0	0.0	0.0	0.0	9.971281051635742	0.0	0.0	0.0	9.60733413696289	0.0	7.776936054229736	0.0	0.0	0.0	4.4283599853515625	10.873701095581055	0.0	0.0	0.0	0.0	0.0	0.0	0.0	0.0	0.0	9.524286270141602	0.0	0.0	0.0	0.0	0.0	0.0	0.0	0.0	0.0	7.084906101226807	0.0	5.186879634857178	0.0	8.413037300109863	0.0
0.0	0.0	0.0	9.453873634338379	0.0	0.0	0.0	0.0	0.0	6.470376968383789	0.0	0.0	0.0	0.0	0.0	0.0	0.0	9.641400337219238	0.0	8.536469459533691	0.0	0.0	0.0	0.0	0.0	0.0	0.0	10.230926513671875	0.0	0.0	0.0	9.856234550476074	0.0	7.9879374504089355	0.0	0.0	0.0	4.555825233459473	11.147086143493652	0.0	0.0	0.0	0.0	0.0	0.0	0.0	0.0	0.0	9.77595329284668	0.0	0.0	0.0	0.0	0.0	0.0	0.0	0.0	0.0	7.294315338134766	0.0	5.333388805389404	0.0	8.638912200927734	0.0
0.0	0.0	0.0	9.142377853393555	0.0	0.0	0.0	0.0	0.0	6.242729663848877	0.0	0.0	0.0	0.0	0.0	0.0	0.0	9.324682235717773	0.0	8.249299049377441	0.0	0.0	0.0	0.0	0.0	0.0	0.0	9.897663116455078	0.0	0.0	0.0	9.529534339904785	0.0	7.7138447761535645	0.0	0.0	0.0	4.388678550720215	10.789445877075195	0.0	0.0	0.0	0.0	0.0	0.0	0.0	0.0	0.0	9.45355224609375	0.0	0.0	0.0	0.0	0.0	0.0	0.0	0.0	0.0	7.026481628417969	0.0	5.1449151039123535	0.0	8.35026741027832	0.0
0.0	0.0	0.0	9.25560188293457	0.0	0.0	0.0	0.0	0.0	6.32062292098999	0.0	0.0	0.0	0.0	0.0	0.0	0.0	9.437568664550781	0.0	8.35155200958252	0.0	0.0	0.0	0.0	0.0	0.0	0.0	10.016305923461914	0.0	0.0	0.0	9.646791458129883	0.0	7.812025547027588	0.0	0.0	0.0	4.453398704528809	10.920478820800781	0.0	0.0	0.0	0.0	0.0	0.0	0.0	0.0	0.0	9.574811935424805	0.0	0.0	0.0	0.0	0.0	0.0	0.0	0.0	0.0	7.124983310699463	0.0	5.213615417480469	0.0	8.461956024169922	0.0
0.0	0.0	0.0	9.410137176513672	0.0	0.0	0.0	0.0	0.0	6.440775394439697	0.0	0.0	0.0	0.0	0.0	0.0	0.0	9.592535018920898	0.0	8.492600440979004	0.0	0.0	0.0	0.0	0.0	0.0	0.0	10.185087203979492	0.0	0.0	0.0	9.810836791992188	0.0	7.951104164123535	0.0	0.0	0.0	4.533054828643799	11.098814010620117	0.0	0.0	0.0	0.0	0.0	0.0	0.0	0.0	0.0	9.733452796936035	0.0	0.0	0.0	0.0	0.0	0.0	0.0	0.0	0.0	7.258781909942627	0.0	5.303887844085693	0.0	8.599800109863281	0.0
0.0	0.0	0.0	9.229837417602539	0.0	0.0	0.0	0.0	0.0	6.307826995849609	0.0	0.0	0.0	0.0	0.0	0.0	0.0	9.419414520263672	0.0	8.337538719177246	0.0	0.0	0.0	0.0	0.0	0.0	0.0	9.998564720153809	0.0	0.0	0.0	9.633185386657715	0.0	7.796856880187988	0.0	0.0	0.0	4.434072494506836	10.902434349060059	0.0	0.0	0.0	0.0	0.0	0.0	0.0	0.0	0.0	9.554850578308105	0.0	0.0	0.0	0.0	0.0	0.0	0.0	0.0	0.0	7.102726459503174	0.0	5.197866916656494	0.0	8.444713592529297	0.0
0.0	0.0	0.0	9.098577499389648	0.0	0.0	0.0	0.0	0.0	6.20808219909668	0.0	0.0	0.0	0.0	0.0	0.0	0.0	9.277863502502441	0.0	8.202834129333496	0.0	0.0	0.0	0.0	0.0	0.0	0.0	9.847166061401367	0.0	0.0	0.0	9.486857414245605	0.0	7.675851821899414	0.0	0.0	0.0	4.369572639465332	10.737890243530273	0.0	0.0	0.0	0.0	0.0	0.0	0.0	0.0	0.0	9.408392906188965	0.0	0.0	0.0	0.0	0.0	0.0	0.0	0.0	0.0	6.994576454162598	0.0	5.119462490081787	0.0	8.312029838562012	0.0
0.0	0.0	0.0	9.229246139526367	0.0	0.0	0.0	0.0	0.0	6.302592754364014	0.0	0.0	0.0	0.0	0.0	0.0	0.0	9.412881851196289	0.0	8.32874584197998	0.0	0.0	0.0	0.0	0.0	0.0	0.0	9.996325492858887	0.0	0.0	0.0	9.629319190979004	0.0	7.793601036071777	0.0	0.0	0.0	4.4367265701293945	10.895766258239746	0.0	0.0	0.0	0.0	0.0	0.0	0.0	0.0	0.0	9.54645824432373	0.0	0.0	0.0	0.0	0.0	0.0	0.0	0.0	0.0	7.101822376251221	0.0	5.193502426147461	0.0	8.43713092803955	0.0
0.0	0.0	0.0	9.255611419677734	0.0	0.0	0.0	0.0	0.0	6.32343864440918	0.0	0.0	0.0	0.0	0.0	0.0	0.0	9.45062255859375	0.0	8.352721214294434	0.0	0.0	0.0	0.0	0.0	0.0	0.0	10.018823623657227	0.0	0.0	0.0	9.656208038330078	0.0	7.819699287414551	0.0	0.0	0.0	4.446328163146973	10.923623085021973	0.0	0.0	0.0	0.0	0.0	0.0	0.0	0.0	0.0	9.575851440429688	0.0	0.0	0.0	0.0	0.0	0.0	0.0	0.0	0.0	7.125101566314697	0.0	5.201502799987793	0.0	8.469175338745117	0.0
0.0	0.0	0.0	9.601492881774902	0.0	0.0	0.0	0.0	0.0	6.568314075469971	0.0	0.0	0.0	0.0	0.0	0.0	0.0	9.8025541305542	0.0	8.680438041687012	0.0	0.0	0.0	0.0	0.0	0.0	0.0	10.410255432128906	0.0	0.0	0.0	10.040921211242676	0.0	8.129855155944824	0.0	0.0	0.0	4.619925498962402	11.343111991882324	0.0	0.0	0.0	0.0	0.0	0.0	0.0	0.0	0.0	9.939445495605469	0.0	0.0	0.0	0.0	0.0	0.0	0.0	0.0	0.0	7.414196014404297	0.0	5.399166107177734	0.0	8.791921615600586	0.0
0.0	0.0	0.0	9.140424728393555	0.0	0.0	0.0	0.0	0.0	6.238253116607666	0.0	0.0	0.0	0.0	0.0	0.0	0.0	9.32038688659668	0.0	8.246871948242188	0.0	0.0	0.0	0.0	0.0	0.0	0.0	9.89004135131836	0.0	0.0	0.0	9.527338981628418	0.0	7.716357231140137	0.0	0.0	0.0	4.386658191680908	10.78603744506836	0.0	0.0	0.0	0.0	0.0	0.0	0.0	0.0	0.0	9.450065612792969	0.0	0.0	0.0	0.0	0.0	0.0	0.0	0.0	0.0	7.027647018432617	0.0	5.141669273376465	0.0	8.350500106811523	0.0
0.0	0.0	0.0	9.447017669677734	0.0	0.0	0.0	0.0	0.0	6.4703168869018555	0.0	0.0	0.0	0.0	0.0	0.0	0.0	9.624826431274414	0.0	8.529372215270996	0.0	0.0	0.0	0.0	0.0	0.0	0.0	10.219071388244629	0.0	0.0	0.0	9.847787857055664	0.0	7.984697341918945	0.0	0.0	0.0	4.557423114776611	11.143829345703125	0.0	0.0	0.0	0.0	0.0	0.0	0.0	0.0	0.0	9.772321701049805	0.0	0.0	0.0	0.0	0.0	0.0	0.0	0.0	0.0	7.291193962097168	0.0	5.331076145172119	0.0	8.633970260620117	0.0
0.0	0.0	0.0	9.05029296875	0.0	0.0	0.0	0.0	0.0	6.172780513763428	0.0	0.0	0.0	0.0	0.0	0.0	0.0	9.227510452270508	0.0	8.160470008850098	0.0	0.0	0.0	0.0	0.0	0.0	0.0	9.790099143981934	0.0	0.0	0.0	9.434247970581055	0.0	7.632594108581543	0.0	0.0	0.0	4.340338230133057	10.68211555480957	0.0	0.0	0.0	0.0	0.0	0.0	0.0	0.0	0.0	9.356355667114258	0.0	0.0	0.0	0.0	0.0	0.0	0.0	0.0	0.0	6.9490532875061035	0.0	5.089200019836426	0.0	8.265403747558594	0.0
0.0	0.0	0.0	9.123475074768066	0.0	0.0	0.0	0.0	0.0	6.230146884918213	0.0	0.0	0.0	0.0	0.0	0.0	0.0	9.301268577575684	0.0	8.229324340820312	0.0	0.0	0.0	0.0	0.0	0.0	0.0	9.875711441040039	0.0	0.0	0.0	9.511553764343262	0.0	7.699568271636963	0.0	0.0	0.0	4.382348537445068	10.770612716674805	0.0	0.0	0.0	0.0	0.0	0.0	0.0	0.0	0.0	9.435006141662598	0.0	0.0	0.0	0.0	0.0	0.0	0.0	0.0	0.0	7.011415004730225	0.0	5.138363361358643	0.0	8.33918285369873	0.0
0.0	0.0	0.0	9.106711387634277	0.0	0.0	0.0	0.0	0.0	6.216064453125	0.0	0.0	0.0	0.0	0.0	0.0	0.0	9.28752326965332	0.0	8.21733283996582	0.0	0.0	0.0	0.0	0.0	0.0	0.0	9.857654571533203	0.0	0.0	0.0	9.497066497802734	0.0	7.6849446296691895	0.0	0.0	0.0	4.369845390319824	10.753091812133789	0.0	0.0	0.0	0.0	0.0	0.0	0.0	0.0	0.0	9.418831825256348	0.0	0.0	0.0	0.0	0.0	0.0	0.0	0.0	0.0	6.998175144195557	0.0	5.12862491607666	0.0	8.322863578796387	0.0
0.0	0.0	0.0	9.209454536437988	0.0	0.0	0.0	0.0	0.0	6.289209842681885	0.0	0.0	0.0	0.0	0.0	0.0	0.0	9.389822959899902	0.0	8.308950424194336	0.0	0.0	0.0	0.0	0.0	0.0	0.0	9.963858604431152	0.0	0.0	0.0	9.601219177246094	0.0	7.7710652351379395	0.0	0.0	0.0	4.423325538635254	10.871082305908203	0.0	0.0	0.0	0.0	0.0	0.0	0.0	0.0	0.0	9.516817092895508	0.0	0.0	0.0	0.0	0.0	0.0	0.0	0.0	0.0	7.0792436599731445	0.0	5.182600021362305	0.0	8.414978981018066	0.0
0.0	0.0	0.0	9.174088478088379	0.0	0.0	0.0	0.0	0.0	6.261631488800049	0.0	0.0	0.0	0.0	0.0	0.0	0.0	9.356402397155762	0.0	8.272388458251953	0.0	0.0	0.0	0.0	0.0	0.0	0.0	9.927605628967285	0.0	0.0	0.0	9.563889503479004	0.0	7.743121147155762	0.0	0.0	0.0	4.4063310623168945	10.825654983520508	0.0	0.0	0.0	0.0	0.0	0.0	0.0	0.0	0.0	9.482943534851074	0.0	0.0	0.0	0.0	0.0	0.0	0.0	0.0	0.0	7.0483078956604	0.0	5.160661220550537	0.0	8.381426811218262	0.0
0.0	0.0	0.0	9.542004585266113	0.0	0.0	0.0	0.0	0.0	6.540999889373779	0.0	0.0	0.0	0.0	0.0	0.0	0.0	9.722989082336426	0.0	8.616423606872559	0.0	0.0	0.0	0.0	0.0	0.0	0.0	10.320950508117676	0.0	0.0	0.0	9.94249153137207	0.0	8.069357872009277	0.0	0.0	0.0	4.600325584411621	11.244407653808594	0.0	0.0	0.0	0.0	0.0	0.0	0.0	0.0	0.0	9.86551284790039	0.0	0.0	0.0	0.0	0.0	0.0	0.0	0.0	0.0	7.371036529541016	0.0	5.379756927490234	0.0	8.715734481811523	0.0
0.0	0.0	0.0	9.254576683044434	0.0	0.0	0.0	0.0	0.0	6.319617748260498	0.0	0.0	0.0	0.0	0.0	0.0	0.0	9.435925483703613	0.0	8.349016189575195	0.0	0.0	0.0	0.0	0.0	0.0	0.0	10.015060424804688	0.0	0.0	0.0	9.652633666992188	0.0	7.815501689910889	0.0	0.0	0.0	4.443056583404541	10.925477027893066	0.0	0.0	0.0	0.0	0.0	0.0	0.0	0.0	0.0	9.57131290435791	0.0	0.0	0.0	0.0	0.0	0.0	0.0	0.0	0.0	7.12201452255249	0.0	5.207789421081543	0.0	8.452470779418945	0.0
0.0	0.0	0.0	9.077552795410156	0.0	0.0	0.0	0.0	0.0	6.196929931640625	0.0	0.0	0.0	0.0	0.0	0.0	0.0	9.251420021057129	0.0	8.187424659729004	0.0	0.0	0.0	0.0	0.0	0.0	0.0	9.816027641296387	0.0	0.0	0.0	9.458160400390625	0.0	7.658527851104736	0.0	0.0	0.0	4.36289119720459	10.70973014831543	0.0	0.0	0.0	0.0	0.0	0.0	0.0	0.0	0.0	9.379058837890625	0.0	0.0	0.0	0.0	0.0	0.0	0.0	0.0	0.0	6.975756645202637	0.0	5.114487171173096	0.0	8.287446022033691	0.0
0.0	0.0	0.0	9.543932914733887	0.0	0.0	0.0	0.0	0.0	6.508041858673096	0.0	0.0	0.0	0.0	0.0	0.0	0.0	9.743133544921875	0.0	8.615208625793457	0.0	0.0	0.0	0.0	0.0	0.0	0.0	10.349701881408691	0.0	0.0	0.0	9.978443145751953	0.0	8.072266578674316	0.0	0.0	0.0	4.577312469482422	11.287736892700195	0.0	0.0	0.0	0.0	0.0	0.0	0.0	0.0	0.0	9.875046730041504	0.0	0.0	0.0	0.0	0.0	0.0	0.0	0.0	0.0	7.344015121459961	0.0	5.333971977233887	0.0	8.737154960632324	0.0
0.0	0.0	0.0	9.125667572021484	0.0	0.0	0.0	0.0	0.0	6.231492042541504	0.0	0.0	0.0	0.0	0.0	0.0	0.0	9.307059288024902	0.0	8.234931945800781	0.0	0.0	0.0	0.0	0.0	0.0	0.0	9.878079414367676	0.0	0.0	0.0	9.515677452087402	0.0	7.699326992034912	0.0	0.0	0.0	4.380856513977051	10.772793769836426	0.0	0.0	0.0	0.0	0.0	0.0	0.0	0.0	0.0	9.438879013061523	0.0	0.0	0.0	0.0	0.0	0.0	0.0	0.0	0.0	7.017420768737793	0.0	5.137609958648682	0.0	8.344143867492676	0.0
0.0	0.0	0.0	9.122564315795898	0.0	0.0	0.0	0.0	0.0	6.219592094421387	0.0	0.0	0.0	0.0	0.0	0.0	0.0	9.307705879211426	0.0	8.230048179626465	0.0	0.0	0.0	0.0	0.0	0.0	0.0	9.879764556884766	0.0	0.0	0.0	9.517001152038574	0.0	7.700300216674805	0.0	0.0	0.0	4.371621131896973	10.778387069702148	0.0	0.0	0.0	0.0	0.0	0.0	0.0	0.0	0.0	9.434054374694824	0.0	0.0	0.0	0.0	0.0	0.0	0.0	0.0	0.0	7.0054426193237305	0.0	5.1214423179626465	0.0	8.338876724243164	0.0
0.0	0.0	0.0	9.348751068115234	0.0	0.0	0.0	0.0	0.0	6.395029067993164	0.0	0.0	0.0	0.0	0.0	0.0	0.0	9.525732040405273	0.0	8.439340591430664	0.0	0.0	0.0	0.0	0.0	0.0	0.0	10.107707977294922	0.0	0.0	0.0	9.742891311645508	0.0	7.898638725280762	0.0	0.0	0.0	4.508106231689453	11.032171249389648	0.0	0.0	0.0	0.0	0.0	0.0	0.0	0.0	0.0	9.662144660949707	0.0	0.0	0.0	0.0	0.0	0.0	0.0	0.0	0.0	7.20794677734375	0.0	5.276383399963379	0.0	8.539237022399902	0.0
0.0	0.0	0.0	9.26265811920166	0.0	0.0	0.0	0.0	0.0	6.330204963684082	0.0	0.0	0.0	0.0	0.0	0.0	0.0	9.442896842956543	0.0	8.36680793762207	0.0	0.0	0.0	0.0	0.0	0.0	0.0	10.02822208404541	0.0	0.0	0.0	9.661497116088867	0.0	7.829110622406006	0.0	0.0	0.0	4.450076103210449	10.936867713928223	0.0	0.0	0.0	0.0	0.0	0.0	0.0	0.0	0.0	9.579733848571777	0.0	0.0	0.0	0.0	0.0	0.0	0.0	0.0	0.0	7.129819869995117	0.0	5.218310832977295	0.0	8.462895393371582	0.0
0.0	0.0	0.0	9.366131782531738	0.0	0.0	0.0	0.0	0.0	6.408255577087402	0.0	0.0	0.0	0.0	0.0	0.0	0.0	9.545504570007324	0.0	8.456018447875977	0.0	0.0	0.0	0.0	0.0	0.0	0.0	10.136012077331543	0.0	0.0	0.0	9.764738082885742	0.0	7.913549900054932	0.0	0.0	0.0	4.510929584503174	11.054372787475586	0.0	0.0	0.0	0.0	0.0	0.0	0.0	0.0	0.0	9.680493354797363	0.0	0.0	0.0	0.0	0.0	0.0	0.0	0.0	0.0	7.218358993530273	0.0	5.278195381164551	0.0	8.560696601867676	0.0
0.0	0.0	0.0	9.17162036895752	0.0	0.0	0.0	0.0	0.0	6.257586479187012	0.0	0.0	0.0	0.0	0.0	0.0	0.0	9.352301597595215	0.0	8.278217315673828	0.0	0.0	0.0	0.0	0.0	0.0	0.0	9.925032615661621	0.0	0.0	0.0	9.564620971679688	0.0	7.738254070281982	0.0	0.0	0.0	4.400776386260986	10.822460174560547	0.0	0.0	0.0	0.0	0.0	0.0	0.0	0.0	0.0	9.481870651245117	0.0	0.0	0.0	0.0	0.0	0.0	0.0	0.0	0.0	7.048411846160889	0.0	5.161165714263916	0.0	8.384069442749023	0.0
0.0	0.0	0.0	9.193707466125488	0.0	0.0	0.0	0.0	0.0	6.286435127258301	0.0	0.0	0.0	0.0	0.0	0.0	0.0	9.374122619628906	0.0	8.299835205078125	0.0	0.0	0.0	0.0	0.0	0.0	0.0	9.94601821899414	0.0	0.0	0.0	9.583955764770508	0.0	7.763336181640625	0.0	0.0	0.0	4.421494960784912	10.852066040039062	0.0	0.0	0.0	0.0	0.0	0.0	0.0	0.0	0.0	9.505672454833984	0.0	0.0	0.0	0.0	0.0	0.0	0.0	0.0	0.0	7.078789234161377	0.0	5.183836936950684	0.0	8.398799896240234	0.0
0.0	0.0	0.0	9.183890342712402	0.0	0.0	0.0	0.0	0.0	6.273323059082031	0.0	0.0	0.0	0.0	0.0	0.0	0.0	9.372407913208008	0.0	8.29158878326416	0.0	0.0	0.0	0.0	0.0	0.0	0.0	9.94547176361084	0.0	0.0	0.0	9.57813835144043	0.0	7.75610876083374	0.0	0.0	0.0	4.40806245803833	10.84605884552002	0.0	0.0	0.0	0.0	0.0	0.0	0.0	0.0	0.0	9.500201225280762	0.0	0.0	0.0	0.0	0.0	0.0	0.0	0.0	0.0	7.063905715942383	0.0	5.171360969543457	0.0	8.396419525146484	0.0
0.0	0.0	0.0	9.110849380493164	0.0	0.0	0.0	0.0	0.0	6.221409320831299	0.0	0.0	0.0	0.0	0.0	0.0	0.0	9.295550346374512	0.0	8.220681190490723	0.0	0.0	0.0	0.0	0.0	0.0	0.0	9.864763259887695	0.0	0.0	0.0	9.503352165222168	0.0	7.691997528076172	0.0	0.0	0.0	4.376057147979736	10.760056495666504	0.0	0.0	0.0	0.0	0.0	0.0	0.0	0.0	0.0	9.423175811767578	0.0	0.0	0.0	0.0	0.0	0.0	0.0	0.0	0.0	7.002706050872803	0.0	5.128285884857178	0.0	8.327924728393555	0.0
0.0	0.0	0.0	9.100212097167969	0.0	0.0	0.0	0.0	0.0	6.207414627075195	0.0	0.0	0.0	0.0	0.0	0.0	0.0	9.278862953186035	0.0	8.205636978149414	0.0	0.0	0.0	0.0	0.0	0.0	0.0	9.846658706665039	0.0	0.0	0.0	9.491202354431152	0.0	7.679754257202148	0.0	0.0	0.0	4.365621089935303	10.744895935058594	0.0	0.0	0.0	0.0	0.0	0.0	0.0	0.0	0.0	9.404745101928711	0.0	0.0	0.0	0.0	0.0	0.0	0.0	0.0	0.0	6.996243000030518	0.0	5.117236614227295	0.0	8.312911033630371	0.0
0.0	0.0	0.0	9.267745018005371	0.0	0.0	0.0	0.0	0.0	6.3289899826049805	0.0	0.0	0.0	0.0	0.0	0.0	0.0	9.441262245178223	0.0	8.363053321838379	0.0	0.0	0.0	0.0	0.0	0.0	0.0	10.03011417388916	0.0	0.0	0.0	9.66784954071045	0.0	7.8257293701171875	0.0	0.0	0.0	4.454472064971924	10.935261726379395	0.0	0.0	0.0	0.0	0.0	0.0	0.0	0.0	0.0	9.576038360595703	0.0	0.0	0.0	0.0	0.0	0.0	0.0	0.0	0.0	7.127618789672852	0.0	5.216440200805664	0.0	8.463035583496094	0.0
0.0	0.0	0.0	9.248976707458496	0.0	0.0	0.0	0.0	0.0	6.323849678039551	0.0	0.0	0.0	0.0	0.0	0.0	0.0	9.436210632324219	0.0	8.351887702941895	0.0	0.0	0.0	0.0	0.0	0.0	0.0	10.018178939819336	0.0	0.0	0.0	9.648554801940918	0.0	7.812345504760742	0.0	0.0	0.0	4.447914123535156	10.926419258117676	0.0	0.0	0.0	0.0	0.0	0.0	0.0	0.0	0.0	9.571181297302246	0.0	0.0	0.0	0.0	0.0	0.0	0.0	0.0	0.0	7.12257719039917	0.0	5.214827537536621	0.0	8.45458698272705	0.0
0.0	0.0	0.0	9.136077880859375	0.0	0.0	0.0	0.0	0.0	6.240924835205078	0.0	0.0	0.0	0.0	0.0	0.0	0.0	9.306690216064453	0.0	8.240588188171387	0.0	0.0	0.0	0.0	0.0	0.0	0.0	9.880300521850586	0.0	0.0	0.0	9.519367218017578	0.0	7.707990646362305	0.0	0.0	0.0	4.394518852233887	10.782392501831055	0.0	0.0	0.0	0.0	0.0	0.0	0.0	0.0	0.0	9.44177532196045	0.0	0.0	0.0	0.0	0.0	0.0	0.0	0.0	0.0	7.028548240661621	0.0	5.14546537399292	0.0	8.347638130187988	0.0
0.0	0.0	0.0	9.22553539276123	0.0	0.0	0.0	0.0	0.0	6.288116931915283	0.0	0.0	0.0	0.0	0.0	0.0	0.0	9.417269706726074	0.0	8.320893287658691	0.0	0.0	0.0	0.0	0.0	0.0	0.0	9.994702339172363	0.0	0.0	0.0	9.634374618530273	0.0	7.794007778167725	0.0	0.0	0.0	4.417876243591309	10.907476425170898	0.0	0.0	0.0	0.0	0.0	0.0	0.0	0.0	0.0	9.533674240112305	0.0	0.0	0.0	0.0	0.0	0.0	0.0	0.0	0.0	7.092453956604004	0.0	5.164672374725342	0.0	8.432872772216797	0.0
0.0	0.0	0.0	9.591042518615723	0.0	0.0	0.0	0.0	0.0	6.5602641105651855	0.0	0.0	0.0	0.0	0.0	0.0	0.0	9.792675971984863	0.0	8.674137115478516	0.0	0.0	0.0	0.0	0.0	0.0	0.0	10.398421287536621	0.0	0.0	0.0	10.021915435791016	0.0	8.112154960632324	0.0	0.0	0.0	4.611468315124512	11.327738761901855	0.0	0.0	0.0	0.0	0.0	0.0	0.0	0.0	0.0	9.926414489746094	0.0	0.0	0.0	0.0	0.0	0.0	0.0	0.0	0.0	7.396914005279541	0.0	5.396398544311523	0.0	8.778083801269531	0.0
0.0	0.0	0.0	9.57552433013916	0.0	0.0	0.0	0.0	0.0	6.56613302230835	0.0	0.0	0.0	0.0	0.0	0.0	0.0	9.743240356445312	0.0	8.643284797668457	0.0	0.0	0.0	0.0	0.0	0.0	0.0	10.33767318725586	0.0	0.0	0.0	9.962956428527832	0.0	8.09776496887207	0.0	0.0	0.0	4.63435173034668	11.26375961303711	0.0	0.0	0.0	0.0	0.0	0.0	0.0	0.0	0.0	9.905678749084473	0.0	0.0	0.0	0.0	0.0	0.0	0.0	0.0	0.0	7.42215633392334	0.0	5.4098896980285645	0.0	8.748237609863281	0.0
0.0	0.0	0.0	9.17137336730957	0.0	0.0	0.0	0.0	0.0	6.263328552246094	0.0	0.0	0.0	0.0	0.0	0.0	0.0	9.356755256652832	0.0	8.276981353759766	0.0	0.0	0.0	0.0	0.0	0.0	0.0	9.928791046142578	0.0	0.0	0.0	9.565710067749023	0.0	7.743183135986328	0.0	0.0	0.0	4.406490802764893	10.826397895812988	0.0	0.0	0.0	0.0	0.0	0.0	0.0	0.0	0.0	9.48752212524414	0.0	0.0	0.0	0.0	0.0	0.0	0.0	0.0	0.0	7.051751136779785	0.0	5.161015033721924	0.0	8.383023262023926	0.0
0.0	0.0	0.0	9.636923789978027	0.0	0.0	0.0	0.0	0.0	6.615961074829102	0.0	0.0	0.0	0.0	0.0	0.0	0.0	9.816555976867676	0.0	8.708032608032227	0.0	0.0	0.0	0.0	0.0	0.0	0.0	10.42834758758545	0.0	0.0	0.0	10.045062065124512	0.0	8.155136108398438	0.0	0.0	0.0	4.6604766845703125	11.364434242248535	0.0	0.0	0.0	0.0	0.0	0.0	0.0	0.0	0.0	9.966484069824219	0.0	0.0	0.0	0.0	0.0	0.0	0.0	0.0	0.0	7.4672532081604	0.0	5.444079399108887	0.0	8.809191703796387	0.0
0.0	0.0	0.0	9.135641098022461	0.0	0.0	0.0	0.0	0.0	6.237794876098633	0.0	0.0	0.0	0.0	0.0	0.0	0.0	9.314224243164062	0.0	8.244937896728516	0.0	0.0	0.0	0.0	0.0	0.0	0.0	9.885417938232422	0.0	0.0	0.0	9.52149772644043	0.0	7.713356018066406	0.0	0.0	0.0	4.389013290405273	10.77784538269043	0.0	0.0	0.0	0.0	0.0	0.0	0.0	0.0	0.0	9.44608211517334	0.0	0.0	0.0	0.0	0.0	0.0	0.0	0.0	0.0	7.022563934326172	0.0	5.14371395111084	0.0	8.34459400177002	0.0
0.0	0.0	0.0	9.386727333068848	0.0	0.0	0.0	0.0	0.0	6.439517498016357	0.0	0.0	0.0	0.0	0.0	0.0	0.0	9.539673805236816	0.0	8.471498489379883	0.0	0.0	0.0	0.0	0.0	0.0	0.0	10.128654479980469	0.0	0.0	0.0	9.757743835449219	0.0	7.930454254150391	0.0	0.0	0.0	4.536365985870361	11.04113483428955	0.0	0.0	0.0	0.0	0.0	0.0	0.0	0.0	0.0	9.710087776184082	0.0	0.0	0.0	0.0	0.0	0.0	0.0	0.0	0.0	7.278196334838867	0.0	5.301755905151367	0.0	8.573217391967773	0.0
0.0	0.0	0.0	9.139103889465332	0.0	0.0	0.0	0.0	0.0	6.249606609344482	0.0	0.0	0.0	0.0	0.0	0.0	0.0	9.306262969970703	0.0	8.241403579711914	0.0	0.0	0.0	0.0	0.0	0.0	0.0	9.872206687927246	0.0	0.0	0.0	9.512624740600586	0.0	7.714460849761963	0.0	0.0	0.0	4.398360729217529	10.7689790725708	0.0	0.0	0.0	0.0	0.0	0.0	0.0	0.0	0.0	9.447701454162598	0.0	0.0	0.0	0.0	0.0	0.0	0.0	0.0	0.0	7.045030117034912	0.0	5.153570652008057	0.0	8.344407081604004	0.0
0.0	0.0	0.0	9.141650199890137	0.0	0.0	0.0	0.0	0.0	6.237076282501221	0.0	0.0	0.0	0.0	0.0	0.0	0.0	9.322234153747559	0.0	8.24539566040039	0.0	0.0	0.0	0.0	0.0	0.0	0.0	9.891566276550293	0.0	0.0	0.0	9.533486366271973	0.0	7.715911388397217	0.0	0.0	0.0	4.390924453735352	10.792054176330566	0.0	0.0	0.0	0.0	0.0	0.0	0.0	0.0	0.0	9.44856071472168	0.0	0.0	0.0	0.0	0.0	0.0	0.0	0.0	0.0	7.02321195602417	0.0	5.1485066413879395	0.0	8.352997779846191	0.0
0.0	0.0	0.0	9.188505172729492	0.0	0.0	0.0	0.0	0.0	6.272436141967773	0.0	0.0	0.0	0.0	0.0	0.0	0.0	9.373379707336426	0.0	8.289360046386719	0.0	0.0	0.0	0.0	0.0	0.0	0.0	9.950531959533691	0.0	0.0	0.0	9.586400985717773	0.0	7.758309841156006	0.0	0.0	0.0	4.413788795471191	10.848432540893555	0.0	0.0	0.0	0.0	0.0	0.0	0.0	0.0	0.0	9.504874229431152	0.0	0.0	0.0	0.0	0.0	0.0	0.0	0.0	0.0	7.072117328643799	0.0	5.16935920715332	0.0	8.402166366577148	0.0
0.0	0.0	0.0	9.10938835144043	0.0	0.0	0.0	0.0	0.0	6.216954231262207	0.0	0.0	0.0	0.0	0.0	0.0	0.0	9.29287052154541	0.0	8.219074249267578	0.0	0.0	0.0	0.0	0.0	0.0	0.0	9.85980224609375	0.0	0.0	0.0	9.499176025390625	0.0	7.6885223388671875	0.0	0.0	0.0	4.371649742126465	10.758544921875	0.0	0.0	0.0	0.0	0.0	0.0	0.0	0.0	0.0	9.420477867126465	0.0	0.0	0.0	0.0	0.0	0.0	0.0	0.0	0.0	7.001652240753174	0.0	5.1257171630859375	0.0	8.326168060302734	0.0
0.0	0.0	0.0	9.178561210632324	0.0	0.0	0.0	0.0	0.0	6.272002220153809	0.0	0.0	0.0	0.0	0.0	0.0	0.0	9.361878395080566	0.0	8.284873008728027	0.0	0.0	0.0	0.0	0.0	0.0	0.0	9.937294960021973	0.0	0.0	0.0	9.574185371398926	0.0	7.750828266143799	0.0	0.0	0.0	4.412117004394531	10.833563804626465	0.0	0.0	0.0	0.0	0.0	0.0	0.0	0.0	0.0	9.491623878479004	0.0	0.0	0.0	0.0	0.0	0.0	0.0	0.0	0.0	7.064349174499512	0.0	5.16771125793457	0.0	8.387840270996094	0.0
0.0	0.0	0.0	9.31505298614502	0.0	0.0	0.0	0.0	0.0	6.370548248291016	0.0	0.0	0.0	0.0	0.0	0.0	0.0	9.497316360473633	0.0	8.407529830932617	0.0	0.0	0.0	0.0	0.0	0.0	0.0	10.0777006149292	0.0	0.0	0.0	9.707403182983398	0.0	7.867325305938721	0.0	0.0	0.0	4.483119010925293	10.985198974609375	0.0	0.0	0.0	0.0	0.0	0.0	0.0	0.0	0.0	9.627202033996582	0.0	0.0	0.0	0.0	0.0	0.0	0.0	0.0	0.0	7.174323558807373	0.0	5.251879692077637	0.0	8.508382797241211	0.0
0.0	0.0	0.0	9.108890533447266	0.0	0.0	0.0	0.0	0.0	6.21597146987915	0.0	0.0	0.0	0.0	0.0	0.0	0.0	9.288092613220215	0.0	8.216596603393555	0.0	0.0	0.0	0.0	0.0	0.0	0.0	9.857864379882812	0.0	0.0	0.0	9.496781349182129	0.0	7.686782360076904	0.0	0.0	0.0	4.370275020599365	10.752041816711426	0.0	0.0	0.0	0.0	0.0	0.0	0.0	0.0	0.0	9.41690731048584	0.0	0.0	0.0	0.0	0.0	0.0	0.0	0.0	0.0	6.999046325683594	0.0	5.12765645980835	0.0	8.32260513305664	0.0
0.0	0.0	0.0	9.361583709716797	0.0	0.0	0.0	0.0	0.0	6.397331714630127	0.0	0.0	0.0	0.0	0.0	0.0	0.0	9.546093940734863	0.0	8.448856353759766	0.0	0.0	0.0	0.0	0.0	0.0	0.0	10.14059829711914	0.0	0.0	0.0	9.770207405090332	0.0	7.912297248840332	0.0	0.0	0.0	4.499552249908447	11.048917770385742	0.0	0.0	0.0	0.0	0.0	0.0	0.0	0.0	0.0	9.682687759399414	0.0	0.0	0.0	0.0	0.0	0.0	0.0	0.0	0.0	7.211769104003906	0.0	5.271951675415039	0.0	8.551998138427734	0.0
0.0	0.0	0.0	9.597649574279785	0.0	0.0	0.0	0.0	0.0	6.570492744445801	0.0	0.0	0.0	0.0	0.0	0.0	0.0	9.778797149658203	0.0	8.66977596282959	0.0	0.0	0.0	0.0	0.0	0.0	0.0	10.3839111328125	0.0	0.0	0.0	10.014225959777832	0.0	8.11312484741211	0.0	0.0	0.0	4.629351615905762	11.327128410339355	0.0	0.0	0.0	0.0	0.0	0.0	0.0	0.0	0.0	9.91513442993164	0.0	0.0	0.0	0.0	0.0	0.0	0.0	0.0	0.0	7.406494140625	0.0	5.4046101570129395	0.0	8.772494316101074	0.0
0.0	0.0	0.0	9.061738967895508	0.0	0.0	0.0	0.0	0.0	6.184716701507568	0.0	0.0	0.0	0.0	0.0	0.0	0.0	9.238722801208496	0.0	8.172283172607422	0.0	0.0	0.0	0.0	0.0	0.0	0.0	9.805253028869629	0.0	0.0	0.0	9.443890571594238	0.0	7.6462931632995605	0.0	0.0	0.0	4.3523077964782715	10.696927070617676	0.0	0.0	0.0	0.0	0.0	0.0	0.0	0.0	0.0	9.372486114501953	0.0	0.0	0.0	0.0	0.0	0.0	0.0	0.0	0.0	6.9643449783325195	0.0	5.0998029708862305	0.0	8.276836395263672	0.0
0.0	0.0	0.0	9.631844520568848	0.0	0.0	0.0	0.0	0.0	6.606531143188477	0.0	0.0	0.0	0.0	0.0	0.0	0.0	9.813261985778809	0.0	8.697815895080566	0.0	0.0	0.0	0.0	0.0	0.0	0.0	10.419197082519531	0.0	0.0	0.0	10.039163589477539	0.0	8.141777038574219	0.0	0.0	0.0	4.655968189239502	11.353046417236328	0.0	0.0	0.0	0.0	0.0	0.0	0.0	0.0	0.0	9.963090896606445	0.0	0.0	0.0	0.0	0.0	0.0	0.0	0.0	0.0	7.4485626220703125	0.0	5.4357829093933105	0.0	8.799537658691406	0.0
0.0	0.0	0.0	9.219256401062012	0.0	0.0	0.0	0.0	0.0	6.296515941619873	0.0	0.0	0.0	0.0	0.0	0.0	0.0	9.40504264831543	0.0	8.323763847351074	0.0	0.0	0.0	0.0	0.0	0.0	0.0	9.981853485107422	0.0	0.0	0.0	9.613886833190918	0.0	7.786619186401367	0.0	0.0	0.0	4.4334187507629395	10.88302993774414	0.0	0.0	0.0	0.0	0.0	0.0	0.0	0.0	0.0	9.535855293273926	0.0	0.0	0.0	0.0	0.0	0.0	0.0	0.0	0.0	7.09448766708374	0.0	5.192989349365234	0.0	8.427261352539062	0.0
0.0	0.0	0.0	9.429174423217773	0.0	0.0	0.0	0.0	0.0	6.452664375305176	0.0	0.0	0.0	0.0	0.0	0.0	0.0	9.600244522094727	0.0	8.508989334106445	0.0	0.0	0.0	0.0	0.0	0.0	0.0	10.192652702331543	0.0	0.0	0.0	9.825994491577148	0.0	7.961208343505859	0.0	0.0	0.0	4.538381576538086	11.120686531066895	0.0	0.0	0.0	0.0	0.0	0.0	0.0	0.0	0.0	9.743001937866211	0.0	0.0	0.0	0.0	0.0	0.0	0.0	0.0	0.0	7.273919582366943	0.0	5.313937187194824	0.0	8.611083984375	0.0
0.0	0.0	0.0	9.083122253417969	0.0	0.0	0.0	0.0	0.0	6.19915771484375	0.0	0.0	0.0	0.0	0.0	0.0	0.0	9.267102241516113	0.0	8.195874214172363	0.0	0.0	0.0	0.0	0.0	0.0	0.0	9.835177421569824	0.0	0.0	0.0	9.475515365600586	0.0	7.669887542724609	0.0	0.0	0.0	4.358414173126221	10.728368759155273	0.0	0.0	0.0	0.0	0.0	0.0	0.0	0.0	0.0	9.395429611206055	0.0	0.0	0.0	0.0	0.0	0.0	0.0	0.0	0.0	6.977538585662842	0.0	5.112365245819092	0.0	8.303349494934082	0.0
0.0	0.0	0.0	9.102385520935059	0.0	0.0	0.0	0.0	0.0	6.228259563446045	0.0	0.0	0.0	0.0	0.0	0.0	0.0	9.258302688598633	0.0	8.207775115966797	0.0	0.0	0.0	0.0	0.0	0.0	0.0	9.827898025512695	0.0	0.0	0.0	9.466997146606445	0.0	7.681660175323486	0.0	0.0	0.0	4.385019302368164	10.720312118530273	0.0	0.0	0.0	0.0	0.0	0.0	0.0	0.0	0.0	9.413666725158691	0.0	0.0	0.0	0.0	0.0	0.0	0.0	0.0	0.0	7.0293049812316895	0.0	5.136150360107422	0.0	8.311471939086914	0.0
0.0	0.0	0.0	9.449304580688477	0.0	0.0	0.0	0.0	0.0	6.454543113708496	0.0	0.0	0.0	0.0	0.0	0.0	0.0	9.642005920410156	0.0	8.534309387207031	0.0	0.0	0.0	0.0	0.0	0.0	0.0	10.236568450927734	0.0	0.0	0.0	9.870509147644043	0.0	7.991252422332764	0.0	0.0	0.0	4.544441223144531	11.16231918334961	0.0	0.0	0.0	0.0	0.0	0.0	0.0	0.0	0.0	9.770866394042969	0.0	0.0	0.0	0.0	0.0	0.0	0.0	0.0	0.0	7.273334503173828	0.0	5.310434341430664	0.0	8.641322135925293	0.0
0.0	0.0	0.0	9.353410720825195	0.0	0.0	0.0	0.0	0.0	6.3968071937561035	0.0	0.0	0.0	0.0	0.0	0.0	0.0	9.548047065734863	0.0	8.446728706359863	0.0	0.0	0.0	0.0	0.0	0.0	0.0	10.144043922424316	0.0	0.0	0.0	9.761533737182617	0.0	7.902324676513672	0.0	0.0	0.0	4.497692108154297	11.050153732299805	0.0	0.0	0.0	0.0	0.0	0.0	0.0	0.0	0.0	9.683963775634766	0.0	0.0	0.0	0.0	0.0	0.0	0.0	0.0	0.0	7.205092430114746	0.0	5.265625476837158	0.0	8.561409950256348	0.0
0.0	0.0	0.0	9.153935432434082	0.0	0.0	0.0	0.0	0.0	6.247479438781738	0.0	0.0	0.0	0.0	0.0	0.0	0.0	9.331205368041992	0.0	8.261857032775879	0.0	0.0	0.0	0.0	0.0	0.0	0.0	9.898876190185547	0.0	0.0	0.0	9.544065475463867	0.0	7.722892761230469	0.0	0.0	0.0	4.3981614112854	10.804495811462402	0.0	0.0	0.0	0.0	0.0	0.0	0.0	0.0	0.0	9.461806297302246	0.0	0.0	0.0	0.0	0.0	0.0	0.0	0.0	0.0	7.038774490356445	0.0	5.155820369720459	0.0	8.362173080444336	0.0
0.0	0.0	0.0	9.288521766662598	0.0	0.0	0.0	0.0	0.0	6.342893123626709	0.0	0.0	0.0	0.0	0.0	0.0	0.0	9.477860450744629	0.0	8.385043144226074	0.0	0.0	0.0	0.0	0.0	0.0	0.0	10.0640287399292	0.0	0.0	0.0	9.68862533569336	0.0	7.841135025024414	0.0	0.0	0.0	4.461793422698975	10.965703010559082	0.0	0.0	0.0	0.0	0.0	0.0	0.0	0.0	0.0	9.609443664550781	0.0	0.0	0.0	0.0	0.0	0.0	0.0	0.0	0.0	7.148981094360352	0.0	5.228440761566162	0.0	8.491766929626465	0.0
0.0	0.0	0.0	8.936373710632324	0.0	0.0	0.0	0.0	0.0	6.099173545837402	0.0	0.0	0.0	0.0	0.0	0.0	0.0	9.101337432861328	0.0	8.057820320129395	0.0	0.0	0.0	0.0	0.0	0.0	0.0	9.658605575561523	0.0	0.0	0.0	9.304014205932617	0.0	7.5346598625183105	0.0	0.0	0.0	4.292656898498535	10.538393020629883	0.0	0.0	0.0	0.0	0.0	0.0	0.0	0.0	0.0	9.238316535949707	0.0	0.0	0.0	0.0	0.0	0.0	0.0	0.0	0.0	6.875412940979004	0.0	5.037432670593262	0.0	8.160715103149414	0.0
0.0	0.0	0.0	9.277228355407715	0.0	0.0	0.0	0.0	0.0	6.343603134155273	0.0	0.0	0.0	0.0	0.0	0.0	0.0	9.455891609191895	0.0	8.376754760742188	0.0	0.0	0.0	0.0	0.0	0.0	0.0	10.038128852844238	0.0	0.0	0.0	9.672979354858398	0.0	7.838322639465332	0.0	0.0	0.0	4.464883804321289	10.948898315429688	0.0	0.0	0.0	0.0	0.0	0.0	0.0	0.0	0.0	9.59350299835205	0.0	0.0	0.0	0.0	0.0	0.0	0.0	0.0	0.0	7.148644924163818	0.0	5.228184700012207	0.0	8.476633071899414	0.0
0.0	0.0	0.0	9.333593368530273	0.0	0.0	0.0	0.0	0.0	6.374427318572998	0.0	0.0	0.0	0.0	0.0	0.0	0.0	9.518552780151367	0.0	8.423951148986816	0.0	0.0	0.0	0.0	0.0	0.0	0.0	10.104192733764648	0.0	0.0	0.0	9.734634399414062	0.0	7.884065628051758	0.0	0.0	0.0	4.485079765319824	11.016590118408203	0.0	0.0	0.0	0.0	0.0	0.0	0.0	0.0	0.0	9.65139389038086	0.0	0.0	0.0	0.0	0.0	0.0	0.0	0.0	0.0	7.180509567260742	0.0	5.253120422363281	0.0	8.533740043640137	0.0
0.0	0.0	0.0	9.099812507629395	0.0	0.0	0.0	0.0	0.0	6.208543300628662	0.0	0.0	0.0	0.0	0.0	0.0	0.0	9.278641700744629	0.0	8.209334373474121	0.0	0.0	0.0	0.0	0.0	0.0	0.0	9.845407485961914	0.0	0.0	0.0	9.482170104980469	0.0	7.674708366394043	0.0	0.0	0.0	4.369446754455566	10.73714542388916	0.0	0.0	0.0	0.0	0.0	0.0	0.0	0.0	0.0	9.40557861328125	0.0	0.0	0.0	0.0	0.0	0.0	0.0	0.0	0.0	6.991095542907715	0.0	5.12318754196167	0.0	8.312149047851562	0.0
0.0	0.0	0.0	9.143327713012695	0.0	0.0	0.0	0.0	0.0	6.243255615234375	0.0	0.0	0.0	0.0	0.0	0.0	0.0	9.327876091003418	0.0	8.25493049621582	0.0	0.0	0.0	0.0	0.0	0.0	0.0	9.898784637451172	0.0	0.0	0.0	9.532967567443848	0.0	7.717823505401611	0.0	0.0	0.0	4.389341831207275	10.794928550720215	0.0	0.0	0.0	0.0	0.0	0.0	0.0	0.0	0.0	9.456365585327148	0.0	0.0	0.0	0.0	0.0	0.0	0.0	0.0	0.0	7.032999038696289	0.0	5.149482250213623	0.0	8.358268737792969	0.0
0.0	0.0	0.0	9.079124450683594	0.0	0.0	0.0	0.0	0.0	6.192418575286865	0.0	0.0	0.0	0.0	0.0	0.0	0.0	9.249627113342285	0.0	8.188390731811523	0.0	0.0	0.0	0.0	0.0	0.0	0.0	9.817028045654297	0.0	0.0	0.0	9.464071273803711	0.0	7.660015106201172	0.0	0.0	0.0	4.359168529510498	10.714912414550781	0.0	0.0	0.0	0.0	0.0	0.0	0.0	0.0	0.0	9.380083084106445	0.0	0.0	0.0	0.0	0.0	0.0	0.0	0.0	0.0	6.975815296173096	0.0	5.113073348999023	0.0	8.289167404174805	0.0
0.0	0.0	0.0	9.186326026916504	0.0	0.0	0.0	0.0	0.0	6.270343780517578	0.0	0.0	0.0	0.0	0.0	0.0	0.0	9.369439125061035	0.0	8.292763710021973	0.0	0.0	0.0	0.0	0.0	0.0	0.0	9.943459510803223	0.0	0.0	0.0	9.583246231079102	0.0	7.757277011871338	0.0	0.0	0.0	4.411632061004639	10.84809398651123	0.0	0.0	0.0	0.0	0.0	0.0	0.0	0.0	0.0	9.505908966064453	0.0	0.0	0.0	0.0	0.0	0.0	0.0	0.0	0.0	7.069065093994141	0.0	5.171639442443848	0.0	8.398032188415527	0.0
0.0	0.0	0.0	8.954532623291016	0.0	0.0	0.0	0.0	0.0	6.105447292327881	0.0	0.0	0.0	0.0	0.0	0.0	0.0	9.12773323059082	0.0	8.073742866516113	0.0	0.0	0.0	0.0	0.0	0.0	0.0	9.68314266204834	0.0	0.0	0.0	9.326787948608398	0.0	7.553091049194336	0.0	0.0	0.0	4.291482448577881	10.567475318908691	0.0	0.0	0.0	0.0	0.0	0.0	0.0	0.0	0.0	9.254578590393066	0.0	0.0	0.0	0.0	0.0	0.0	0.0	0.0	0.0	6.879026412963867	0.0	5.040901184082031	0.0	8.175141334533691	0.0
0.0	0.0	0.0	9.59423542022705	0.0	0.0	0.0	0.0	0.0	6.582813262939453	0.0	0.0	0.0	0.0	0.0	0.0	0.0	9.770062446594238	0.0	8.676191329956055	0.0	0.0	0.0	0.0	0.0	0.0	0.0	10.379444122314453	0.0	0.0	0.0	10.007747650146484	0.0	8.114683151245117	0.0	0.0	0.0	4.6376543045043945	11.311732292175293	0.0	0.0	0.0	0.0	0.0	0.0	0.0	0.0	0.0	9.92457389831543	0.0	0.0	0.0	0.0	0.0	0.0	0.0	0.0	0.0	7.427620887756348	0.0	5.417266845703125	0.0	8.781111717224121	0.0
0.0	0.0	0.0	8.936266899108887	0.0	0.0	0.0	0.0	0.0	6.100040435791016	0.0	0.0	0.0	0.0	0.0	0.0	0.0	9.107479095458984	0.0	8.05726432800293	0.0	0.0	0.0	0.0	0.0	0.0	0.0	9.665708541870117	0.0	0.0	0.0	9.308457374572754	0.0	7.538258075714111	0.0	0.0	0.0	4.292634010314941	10.542997360229492	0.0	0.0	0.0	0.0	0.0	0.0	0.0	0.0	0.0	9.239583015441895	0.0	0.0	0.0	0.0	0.0	0.0	0.0	0.0	0.0	6.870386600494385	0.0	5.037191867828369	0.0	8.160003662109375	0.0
0.0	0.0	0.0	9.209040641784668	0.0	0.0	0.0	0.0	0.0	6.28677225112915	0.0	0.0	0.0	0.0	0.0	0.0	0.0	9.390605926513672	0.0	8.310638427734375	0.0	0.0	0.0	0.0	0.0	0.0	0.0	9.962140083312988	0.0	0.0	0.0	9.602116584777832	0.0	7.776183605194092	0.0	0.0	0.0	4.426199436187744	10.867264747619629	0.0	0.0	0.0	0.0	0.0	0.0	0.0	0.0	0.0	9.521317481994629	0.0	0.0	0.0	0.0	0.0	0.0	0.0	0.0	0.0	7.087724208831787	0.0	5.187150478363037	0.0	8.415799140930176	0.0
0.0	0.0	0.0	9.263236045837402	0.0	0.0	0.0	0.0	0.0	6.320943832397461	0.0	0.0	0.0	0.0	0.0	0.0	0.0	9.452251434326172	0.0	8.370905876159668	0.0	0.0	0.0	0.0	0.0	0.0	0.0	10.033885955810547	0.0	0.0	0.0	9.674872398376465	0.0	7.8287811279296875	0.0	0.0	0.0	4.443190097808838	10.942150115966797	0.0	0.0	0.0	0.0	0.0	0.0	0.0	0.0	0.0	9.57936954498291	0.0	0.0	0.0	0.0	0.0	0.0	0.0	0.0	0.0	7.125128746032715	0.0	5.211512088775635	0.0	8.464363098144531	0.0
0.0	0.0	0.0	9.17665958404541	0.0	0.0	0.0	0.0	0.0	6.268320083618164	0.0	0.0	0.0	0.0	0.0	0.0	0.0	9.355052947998047	0.0	8.279552459716797	0.0	0.0	0.0	0.0	0.0	0.0	0.0	9.928778648376465	0.0	0.0	0.0	9.565450668334961	0.0	7.74497127532959	0.0	0.0	0.0	4.408355712890625	10.829258918762207	0.0	0.0	0.0	0.0	0.0	0.0	0.0	0.0	0.0	9.488438606262207	0.0	0.0	0.0	0.0	0.0	0.0	0.0	0.0	0.0	7.059656620025635	0.0	5.1677727699279785	0.0	8.383036613464355	0.0
0.0	0.0	0.0	9.105657577514648	0.0	0.0	0.0	0.0	0.0	6.213945388793945	0.0	0.0	0.0	0.0	0.0	0.0	0.0	9.285585403442383	0.0	8.215145111083984	0.0	0.0	0.0	0.0	0.0	0.0	0.0	9.854303359985352	0.0	0.0	0.0	9.494855880737305	0.0	7.689186096191406	0.0	0.0	0.0	4.3705668449401855	10.746129989624023	0.0	0.0	0.0	0.0	0.0	0.0	0.0	0.0	0.0	9.414238929748535	0.0	0.0	0.0	0.0	0.0	0.0	0.0	0.0	0.0	6.998281955718994	0.0	5.1244120597839355	0.0	8.32194995880127	0.0
0.0	0.0	0.0	9.150199890136719	0.0	0.0	0.0	0.0	0.0	6.250816345214844	0.0	0.0	0.0	0.0	0.0	0.0	0.0	9.33444595336914	0.0	8.262394905090332	0.0	0.0	0.0	0.0	0.0	0.0	0.0	9.904648780822754	0.0	0.0	0.0	9.545952796936035	0.0	7.726790428161621	0.0	0.0	0.0	4.3948235511779785	10.806180000305176	0.0	0.0	0.0	0.0	0.0	0.0	0.0	0.0	0.0	9.468008041381836	0.0	0.0	0.0	0.0	0.0	0.0	0.0	0.0	0.0	7.038097381591797	0.0	5.150987148284912	0.0	8.366249084472656	0.0
0.0	0.0	0.0	9.443078994750977	0.0	0.0	0.0	0.0	0.0	6.478971004486084	0.0	0.0	0.0	0.0	0.0	0.0	0.0	9.602783203125	0.0	8.522921562194824	0.0	0.0	0.0	0.0	0.0	0.0	0.0	10.196526527404785	0.0	0.0	0.0	9.817658424377441	0.0	7.985236167907715	0.0	0.0	0.0	4.563640594482422	11.105985641479492	0.0	0.0	0.0	0.0	0.0	0.0	0.0	0.0	0.0	9.771591186523438	0.0	0.0	0.0	0.0	0.0	0.0	0.0	0.0	0.0	7.319929599761963	0.0	5.329466819763184	0.0	8.628806114196777	0.0
0.0	0.0	0.0	9.365374565124512	0.0	0.0	0.0	0.0	0.0	6.401716709136963	0.0	0.0	0.0	0.0	0.0	0.0	0.0	9.549227714538574	0.0	8.453560829162598	0.0	0.0	0.0	0.0	0.0	0.0	0.0	10.144818305969238	0.0	0.0	0.0	9.770073890686035	0.0	7.914458274841309	0.0	0.0	0.0	4.50252103805542	11.053413391113281	0.0	0.0	0.0	0.0	0.0	0.0	0.0	0.0	0.0	9.684690475463867	0.0	0.0	0.0	0.0	0.0	0.0	0.0	0.0	0.0	7.21426248550415	0.0	5.270415782928467	0.0	8.560213088989258	0.0
0.0	0.0	0.0	9.214201927185059	0.0	0.0	0.0	0.0	0.0	6.294901371002197	0.0	0.0	0.0	0.0	0.0	0.0	0.0	9.400065422058105	0.0	8.314849853515625	0.0	0.0	0.0	0.0	0.0	0.0	0.0	9.973544120788574	0.0	0.0	0.0	9.61184024810791	0.0	7.782052516937256	0.0	0.0	0.0	4.426565170288086	10.87962818145752	0.0	0.0	0.0	0.0	0.0	0.0	0.0	0.0	0.0	9.5281343460083	0.0	0.0	0.0	0.0	0.0	0.0	0.0	0.0	0.0	7.0884175300598145	0.0	5.188277244567871	0.0	8.42298698425293	0.0
0.0	0.0	0.0	9.163000106811523	0.0	0.0	0.0	0.0	0.0	6.255375385284424	0.0	0.0	0.0	0.0	0.0	0.0	0.0	9.345917701721191	0.0	8.270037651062012	0.0	0.0	0.0	0.0	0.0	0.0	0.0	9.917243003845215	0.0	0.0	0.0	9.557534217834473	0.0	7.73138427734375	0.0	0.0	0.0	4.404046058654785	10.818021774291992	0.0	0.0	0.0	0.0	0.0	0.0	0.0	0.0	0.0	9.477471351623535	0.0	0.0	0.0	0.0	0.0	0.0	0.0	0.0	0.0	7.047986030578613	0.0	5.158536911010742	0.0	8.375005722045898	0.0
0.0	0.0	0.0	9.098557472229004	0.0	0.0	0.0	0.0	0.0	6.2123236656188965	0.0	0.0	0.0	0.0	0.0	0.0	0.0	9.275145530700684	0.0	8.207472801208496	0.0	0.0	0.0	0.0	0.0	0.0	0.0	9.847037315368652	0.0	0.0	0.0	9.486492156982422	0.0	7.679368019104004	0.0	0.0	0.0	4.369093894958496	10.740350723266602	0.0	0.0	0.0	0.0	0.0	0.0	0.0	0.0	0.0	9.410977363586426	0.0	0.0	0.0	0.0	0.0	0.0	0.0	0.0	0.0	6.995165824890137	0.0	5.125478744506836	0.0	8.313505172729492	0.0
0.0	0.0	0.0	9.133227348327637	0.0	0.0	0.0	0.0	0.0	6.233865737915039	0.0	0.0	0.0	0.0	0.0	0.0	0.0	9.311290740966797	0.0	8.239856719970703	0.0	0.0	0.0	0.0	0.0	0.0	0.0	9.88369083404541	0.0	0.0	0.0	9.523229598999023	0.0	7.706725597381592	0.0	0.0	0.0	4.38286018371582	10.777883529663086	0.0	0.0	0.0	0.0	0.0	0.0	0.0	0.0	0.0	9.442089080810547	0.0	0.0	0.0	0.0	0.0	0.0	0.0	0.0	0.0	7.020808219909668	0.0	5.143333435058594	0.0	8.343144416809082	0.0
0.0	0.0	0.0	9.177095413208008	0.0	0.0	0.0	0.0	0.0	6.264924049377441	0.0	0.0	0.0	0.0	0.0	0.0	0.0	9.352811813354492	0.0	8.276857376098633	0.0	0.0	0.0	0.0	0.0	0.0	0.0	9.929359436035156	0.0	0.0	0.0	9.568302154541016	0.0	7.747463226318359	0.0	0.0	0.0	4.411990642547607	10.826993942260742	0.0	0.0	0.0	0.0	0.0	0.0	0.0	0.0	0.0	9.488363265991211	0.0	0.0	0.0	0.0	0.0	0.0	0.0	0.0	0.0	7.0584235191345215	0.0	5.164395332336426	0.0	8.385056495666504	0.0
0.0	0.0	0.0	9.124774932861328	0.0	0.0	0.0	0.0	0.0	6.232473850250244	0.0	0.0	0.0	0.0	0.0	0.0	0.0	9.303694725036621	0.0	8.232234954833984	0.0	0.0	0.0	0.0	0.0	0.0	0.0	9.878582954406738	0.0	0.0	0.0	9.514274597167969	0.0	7.702070236206055	0.0	0.0	0.0	4.3849287033081055	10.772029876708984	0.0	0.0	0.0	0.0	0.0	0.0	0.0	0.0	0.0	9.434209823608398	0.0	0.0	0.0	0.0	0.0	0.0	0.0	0.0	0.0	7.0173726081848145	0.0	5.1377739906311035	0.0	8.337246894836426	0.0
0.0	0.0	0.0	9.129525184631348	0.0	0.0	0.0	0.0	0.0	6.2307024002075195	0.0	0.0	0.0	0.0	0.0	0.0	0.0	9.312845230102539	0.0	8.243929862976074	0.0	0.0	0.0	0.0	0.0	0.0	0.0	9.885114669799805	0.0	0.0	0.0	9.534761428833008	0.0	7.714898109436035	0.0	0.0	0.0	4.381028175354004	10.784273147583008	0.0	0.0	0.0	0.0	0.0	0.0	0.0	0.0	0.0	9.44305419921875	0.0	0.0	0.0	0.0	0.0	0.0	0.0	0.0	0.0	7.02279806137085	0.0	5.129887580871582	0.0	8.348164558410645	0.0
0.0	0.0	0.0	9.336790084838867	0.0	0.0	0.0	0.0	0.0	6.36864709854126	0.0	0.0	0.0	0.0	0.0	0.0	0.0	9.529580116271973	0.0	8.435162544250488	0.0	0.0	0.0	0.0	0.0	0.0	0.0	10.11463737487793	0.0	0.0	0.0	9.75873851776123	0.0	7.896186828613281	0.0	0.0	0.0	4.473222255706787	11.042131423950195	0.0	0.0	0.0	0.0	0.0	0.0	0.0	0.0	0.0	9.650238037109375	0.0	0.0	0.0	0.0	0.0	0.0	0.0	0.0	0.0	7.180678367614746	0.0	5.230327129364014	0.0	8.53819465637207	0.0
0.0	0.0	0.0	9.221635818481445	0.0	0.0	0.0	0.0	0.0	6.2972235679626465	0.0	0.0	0.0	0.0	0.0	0.0	0.0	9.401920318603516	0.0	8.32153034210205	0.0	0.0	0.0	0.0	0.0	0.0	0.0	9.978087425231934	0.0	0.0	0.0	9.613662719726562	0.0	7.78441047668457	0.0	0.0	0.0	4.430669784545898	10.883421897888184	0.0	0.0	0.0	0.0	0.0	0.0	0.0	0.0	0.0	9.531497955322266	0.0	0.0	0.0	0.0	0.0	0.0	0.0	0.0	0.0	7.095478057861328	0.0	5.196075916290283	0.0	8.425246238708496	0.0
0.0	0.0	0.0	9.52947998046875	0.0	0.0	0.0	0.0	0.0	6.529166221618652	0.0	0.0	0.0	0.0	0.0	0.0	0.0	9.717416763305664	0.0	8.616931915283203	0.0	0.0	0.0	0.0	0.0	0.0	0.0	10.31992244720459	0.0	0.0	0.0	9.947333335876465	0.0	8.056554794311523	0.0	0.0	0.0	4.5998358726501465	11.242024421691895	0.0	0.0	0.0	0.0	0.0	0.0	0.0	0.0	0.0	9.862611770629883	0.0	0.0	0.0	0.0	0.0	0.0	0.0	0.0	0.0	7.360376358032227	0.0	5.369840621948242	0.0	8.716793060302734	0.0
0.0	0.0	0.0	9.13049030303955	0.0	0.0	0.0	0.0	0.0	6.231846332550049	0.0	0.0	0.0	0.0	0.0	0.0	0.0	9.304515838623047	0.0	8.232871055603027	0.0	0.0	0.0	0.0	0.0	0.0	0.0	9.879481315612793	0.0	0.0	0.0	9.516746520996094	0.0	7.705159664154053	0.0	0.0	0.0	4.386665344238281	10.7713041305542	0.0	0.0	0.0	0.0	0.0	0.0	0.0	0.0	0.0	9.438220024108887	0.0	0.0	0.0	0.0	0.0	0.0	0.0	0.0	0.0	7.019275188446045	0.0	5.140012264251709	0.0	8.339323997497559	0.0
0.0	0.0	0.0	9.036887168884277	0.0	0.0	0.0	0.0	0.0	6.167640209197998	0.0	0.0	0.0	0.0	0.0	0.0	0.0	9.214820861816406	0.0	8.154876708984375	0.0	0.0	0.0	0.0	0.0	0.0	0.0	9.777812004089355	0.0	0.0	0.0	9.418628692626953	0.0	7.626229763031006	0.0	0.0	0.0	4.33953857421875	10.666699409484863	0.0	0.0	0.0	0.0	0.0	0.0	0.0	0.0	0.0	9.34382152557373	0.0	0.0	0.0	0.0	0.0	0.0	0.0	0.0	0.0	6.947854042053223	0.0	5.089626312255859	0.0	8.255220413208008	0.0
0.0	0.0	0.0	9.048431396484375	0.0	0.0	0.0	0.0	0.0	6.1736626625061035	0.0	0.0	0.0	0.0	0.0	0.0	0.0	9.224255561828613	0.0	8.164334297180176	0.0	0.0	0.0	0.0	0.0	0.0	0.0	9.791584014892578	0.0	0.0	0.0	9.433432579040527	0.0	7.634417533874512	0.0	0.0	0.0	4.345042705535889	10.683131217956543	0.0	0.0	0.0	0.0	0.0	0.0	0.0	0.0	0.0	9.357731819152832	0.0	0.0	0.0	0.0	0.0	0.0	0.0	0.0	0.0	6.95473575592041	0.0	5.093459129333496	0.0	8.265961647033691	0.0
0.0	0.0	0.0	9.092415809631348	0.0	0.0	0.0	0.0	0.0	6.206171035766602	0.0	0.0	0.0	0.0	0.0	0.0	0.0	9.2701997756958	0.0	8.20228099822998	0.0	0.0	0.0	0.0	0.0	0.0	0.0	9.83581256866455	0.0	0.0	0.0	9.478212356567383	0.0	7.67376708984375	0.0	0.0	0.0	4.3672404289245605	10.729484558105469	0.0	0.0	0.0	0.0	0.0	0.0	0.0	0.0	0.0	9.40342903137207	0.0	0.0	0.0	0.0	0.0	0.0	0.0	0.0	0.0	6.990272521972656	0.0	5.1208271980285645	0.0	8.307267189025879	0.0
0.0	0.0	0.0	9.18159294128418	0.0	0.0	0.0	0.0	0.0	6.267109394073486	0.0	0.0	0.0	0.0	0.0	0.0	0.0	9.365964889526367	0.0	8.281770706176758	0.0	0.0	0.0	0.0	0.0	0.0	0.0	9.936206817626953	0.0	0.0	0.0	9.572721481323242	0.0	7.754079341888428	0.0	0.0	0.0	4.410478115081787	10.834977149963379	0.0	0.0	0.0	0.0	0.0	0.0	0.0	0.0	0.0	9.496094703674316	0.0	0.0	0.0	0.0	0.0	0.0	0.0	0.0	0.0	7.062024116516113	0.0	5.168816089630127	0.0	8.394920349121094	0.0
0.0	0.0	0.0	9.043192863464355	0.0	0.0	0.0	0.0	0.0	6.168248653411865	0.0	0.0	0.0	0.0	0.0	0.0	0.0	9.223209381103516	0.0	8.154268264770508	0.0	0.0	0.0	0.0	0.0	0.0	0.0	9.791923522949219	0.0	0.0	0.0	9.431744575500488	0.0	7.629128456115723	0.0	0.0	0.0	4.335888862609863	10.678086280822754	0.0	0.0	0.0	0.0	0.0	0.0	0.0	0.0	0.0	9.351273536682129	0.0	0.0	0.0	0.0	0.0	0.0	0.0	0.0	0.0	6.94551420211792	0.0	5.08636474609375	0.0	8.26386833190918	0.0
0.0	0.0	0.0	9.093002319335938	0.0	0.0	0.0	0.0	0.0	6.209892749786377	0.0	0.0	0.0	0.0	0.0	0.0	0.0	9.271402359008789	0.0	8.2045259475708	0.0	0.0	0.0	0.0	0.0	0.0	0.0	9.837117195129395	0.0	0.0	0.0	9.476446151733398	0.0	7.674874305725098	0.0	0.0	0.0	4.369307994842529	10.729736328125	0.0	0.0	0.0	0.0	0.0	0.0	0.0	0.0	0.0	9.399588584899902	0.0	0.0	0.0	0.0	0.0	0.0	0.0	0.0	0.0	6.992974758148193	0.0	5.121650218963623	0.0	8.305323600769043	0.0
0.0	0.0	0.0	9.305187225341797	0.0	0.0	0.0	0.0	0.0	6.367876052856445	0.0	0.0	0.0	0.0	0.0	0.0	0.0	9.486814498901367	0.0	8.40116024017334	0.0	0.0	0.0	0.0	0.0	0.0	0.0	10.069952011108398	0.0	0.0	0.0	9.699438095092773	0.0	7.862317085266113	0.0	0.0	0.0	4.481591701507568	10.980748176574707	0.0	0.0	0.0	0.0	0.0	0.0	0.0	0.0	0.0	9.621429443359375	0.0	0.0	0.0	0.0	0.0	0.0	0.0	0.0	0.0	7.17368745803833	0.0	5.251200199127197	0.0	8.500597953796387	0.0
0.0	0.0	0.0	9.180689811706543	0.0	0.0	0.0	0.0	0.0	6.271017551422119	0.0	0.0	0.0	0.0	0.0	0.0	0.0	9.364067077636719	0.0	8.286839485168457	0.0	0.0	0.0	0.0	0.0	0.0	0.0	9.938278198242188	0.0	0.0	0.0	9.572197914123535	0.0	7.752075672149658	0.0	0.0	0.0	4.411049842834473	10.836780548095703	0.0	0.0	0.0	0.0	0.0	0.0	0.0	0.0	0.0	9.497252464294434	0.0	0.0	0.0	0.0	0.0	0.0	0.0	0.0	0.0	7.060903072357178	0.0	5.169037818908691	0.0	8.388751983642578	0.0
0.0	0.0	0.0	9.515276908874512	0.0	0.0	0.0	0.0	0.0	6.5244035720825195	0.0	0.0	0.0	0.0	0.0	0.0	0.0	9.69941520690918	0.0	8.598125457763672	0.0	0.0	0.0	0.0	0.0	0.0	0.0	10.299773216247559	0.0	0.0	0.0	9.931758880615234	0.0	8.04881763458252	0.0	0.0	0.0	4.5930352210998535	11.229854583740234	0.0	0.0	0.0	0.0	0.0	0.0	0.0	0.0	0.0	9.840835571289062	0.0	0.0	0.0	0.0	0.0	0.0	0.0	0.0	0.0	7.3457441329956055	0.0	5.371457576751709	0.0	8.695466995239258	0.0
0.0	0.0	0.0	9.077667236328125	0.0	0.0	0.0	0.0	0.0	6.194690227508545	0.0	0.0	0.0	0.0	0.0	0.0	0.0	9.257323265075684	0.0	8.19002628326416	0.0	0.0	0.0	0.0	0.0	0.0	0.0	9.823617935180664	0.0	0.0	0.0	9.462361335754395	0.0	7.661440849304199	0.0	0.0	0.0	4.358125686645508	10.718023300170898	0.0	0.0	0.0	0.0	0.0	0.0	0.0	0.0	0.0	9.383695602416992	0.0	0.0	0.0	0.0	0.0	0.0	0.0	0.0	0.0	6.978492259979248	0.0	5.109118461608887	0.0	8.293331146240234	0.0
0.0	0.0	0.0	9.12809944152832	0.0	0.0	0.0	0.0	0.0	6.235823154449463	0.0	0.0	0.0	0.0	0.0	0.0	0.0	9.31041145324707	0.0	8.234591484069824	0.0	0.0	0.0	0.0	0.0	0.0	0.0	9.87891960144043	0.0	0.0	0.0	9.518744468688965	0.0	7.706783294677734	0.0	0.0	0.0	4.382271766662598	10.780020713806152	0.0	0.0	0.0	0.0	0.0	0.0	0.0	0.0	0.0	9.44001579284668	0.0	0.0	0.0	0.0	0.0	0.0	0.0	0.0	0.0	7.0205278396606445	0.0	5.1393866539001465	0.0	8.343470573425293	0.0
0.0	0.0	0.0	8.753591537475586	0.0	0.0	0.0	0.0	0.0	5.96192741394043	0.0	0.0	0.0	0.0	0.0	0.0	0.0	8.914983749389648	0.0	7.883419513702393	0.0	0.0	0.0	0.0	0.0	0.0	0.0	9.472464561462402	0.0	0.0	0.0	9.11983871459961	0.0	7.381109714508057	0.0	0.0	0.0	4.190182685852051	10.343111038208008	0.0	0.0	0.0	0.0	0.0	0.0	0.0	0.0	0.0	9.041535377502441	0.0	0.0	0.0	0.0	0.0	0.0	0.0	0.0	0.0	6.719697952270508	0.0	4.916044235229492	0.0	7.990644454956055	0.0
0.0	0.0	0.0	9.113212585449219	0.0	0.0	0.0	0.0	0.0	6.217951774597168	0.0	0.0	0.0	0.0	0.0	0.0	0.0	9.291419982910156	0.0	8.218183517456055	0.0	0.0	0.0	0.0	0.0	0.0	0.0	9.860188484191895	0.0	0.0	0.0	9.501888275146484	0.0	7.688852310180664	0.0	0.0	0.0	4.374911785125732	10.758173942565918	0.0	0.0	0.0	0.0	0.0	0.0	0.0	0.0	0.0	9.421599388122559	0.0	0.0	0.0	0.0	0.0	0.0	0.0	0.0	0.0	7.001870155334473	0.0	5.129719257354736	0.0	8.32529354095459	0.0
0.0	0.0	0.0	9.061983108520508	0.0	0.0	0.0	0.0	0.0	6.179173946380615	0.0	0.0	0.0	0.0	0.0	0.0	0.0	9.240890502929688	0.0	8.170555114746094	0.0	0.0	0.0	0.0	0.0	0.0	0.0	9.808661460876465	0.0	0.0	0.0	9.447547912597656	0.0	7.6426591873168945	0.0	0.0	0.0	4.346940040588379	10.700606346130371	0.0	0.0	0.0	0.0	0.0	0.0	0.0	0.0	0.0	9.369751930236816	0.0	0.0	0.0	0.0	0.0	0.0	0.0	0.0	0.0	6.957440376281738	0.0	5.094648361206055	0.0	8.279829025268555	0.0
0.0	0.0	0.0	9.142181396484375	0.0	0.0	0.0	0.0	0.0	6.241803169250488	0.0	0.0	0.0	0.0	0.0	0.0	0.0	9.32127571105957	0.0	8.247441291809082	0.0	0.0	0.0	0.0	0.0	0.0	0.0	9.893156051635742	0.0	0.0	0.0	9.53270149230957	0.0	7.716004371643066	0.0	0.0	0.0	4.389679431915283	10.789470672607422	0.0	0.0	0.0	0.0	0.0	0.0	0.0	0.0	0.0	9.453158378601074	0.0	0.0	0.0	0.0	0.0	0.0	0.0	0.0	0.0	7.030379772186279	0.0	5.147772312164307	0.0	8.354991912841797	0.0
0.0	0.0	0.0	9.32708740234375	0.0	0.0	0.0	0.0	0.0	6.37650203704834	0.0	0.0	0.0	0.0	0.0	0.0	0.0	9.517148971557617	0.0	8.424674034118652	0.0	0.0	0.0	0.0	0.0	0.0	0.0	10.099658966064453	0.0	0.0	0.0	9.731894493103027	0.0	7.884289264678955	0.0	0.0	0.0	4.483896255493164	11.011202812194824	0.0	0.0	0.0	0.0	0.0	0.0	0.0	0.0	0.0	9.64836311340332	0.0	0.0	0.0	0.0	0.0	0.0	0.0	0.0	0.0	7.180813789367676	0.0	5.256489276885986	0.0	8.52866268157959	0.0
0.0	0.0	0.0	9.065789222717285	0.0	0.0	0.0	0.0	0.0	6.188612461090088	0.0	0.0	0.0	0.0	0.0	0.0	0.0	9.243609428405762	0.0	8.17878246307373	0.0	0.0	0.0	0.0	0.0	0.0	0.0	9.812783241271973	0.0	0.0	0.0	9.454828262329102	0.0	7.646547794342041	0.0	0.0	0.0	4.3498148918151855	10.704922676086426	0.0	0.0	0.0	0.0	0.0	0.0	0.0	0.0	0.0	9.375107765197754	0.0	0.0	0.0	0.0	0.0	0.0	0.0	0.0	0.0	6.967838764190674	0.0	5.107342720031738	0.0	8.285723686218262	0.0
0.0	0.0	0.0	9.167131423950195	0.0	0.0	0.0	0.0	0.0	6.26301908493042	0.0	0.0	0.0	0.0	0.0	0.0	0.0	9.355301856994629	0.0	8.275745391845703	0.0	0.0	0.0	0.0	0.0	0.0	0.0	9.92237377166748	0.0	0.0	0.0	9.564495086669922	0.0	7.742834091186523	0.0	0.0	0.0	4.403371334075928	10.828788757324219	0.0	0.0	0.0	0.0	0.0	0.0	0.0	0.0	0.0	9.481379508972168	0.0	0.0	0.0	0.0	0.0	0.0	0.0	0.0	0.0	7.051691055297852	0.0	5.1610331535339355	0.0	8.381467819213867	0.0
0.0	0.0	0.0	8.97264575958252	0.0	0.0	0.0	0.0	0.0	6.128443717956543	0.0	0.0	0.0	0.0	0.0	0.0	0.0	9.139768600463867	0.0	8.090130805969238	0.0	0.0	0.0	0.0	0.0	0.0	0.0	9.697608947753906	0.0	0.0	0.0	9.341383934020996	0.0	7.5668511390686035	0.0	0.0	0.0	4.314006328582764	10.578020095825195	0.0	0.0	0.0	0.0	0.0	0.0	0.0	0.0	0.0	9.276168823242188	0.0	0.0	0.0	0.0	0.0	0.0	0.0	0.0	0.0	6.905117511749268	0.0	5.062325477600098	0.0	8.194069862365723	0.0
0.0	0.0	0.0	9.132081031799316	0.0	0.0	0.0	0.0	0.0	6.231554985046387	0.0	0.0	0.0	0.0	0.0	0.0	0.0	9.311816215515137	0.0	8.238395690917969	0.0	0.0	0.0	0.0	0.0	0.0	0.0	9.886143684387207	0.0	0.0	0.0	9.52912712097168	0.0	7.709732532501221	0.0	0.0	0.0	4.382943153381348	10.786059379577637	0.0	0.0	0.0	0.0	0.0	0.0	0.0	0.0	0.0	9.444201469421387	0.0	0.0	0.0	0.0	0.0	0.0	0.0	0.0	0.0	7.0199198722839355	0.0	5.139801025390625	0.0	8.350605964660645	0.0
0.0	0.0	0.0	9.200400352478027	0.0	0.0	0.0	0.0	0.0	6.286835193634033	0.0	0.0	0.0	0.0	0.0	0.0	0.0	9.379058837890625	0.0	8.304767608642578	0.0	0.0	0.0	0.0	0.0	0.0	0.0	9.960129737854004	0.0	0.0	0.0	9.594693183898926	0.0	7.765557289123535	0.0	0.0	0.0	4.420604228973389	10.862181663513184	0.0	0.0	0.0	0.0	0.0	0.0	0.0	0.0	0.0	9.52065658569336	0.0	0.0	0.0	0.0	0.0	0.0	0.0	0.0	0.0	7.078512668609619	0.0	5.178693771362305	0.0	8.410408973693848	0.0
0.0	0.0	0.0	9.189935684204102	0.0	0.0	0.0	0.0	0.0	6.277006149291992	0.0	0.0	0.0	0.0	0.0	0.0	0.0	9.371133804321289	0.0	8.293667793273926	0.0	0.0	0.0	0.0	0.0	0.0	0.0	9.946158409118652	0.0	0.0	0.0	9.580644607543945	0.0	7.75756311416626	0.0	0.0	0.0	4.416327953338623	10.84669017791748	0.0	0.0	0.0	0.0	0.0	0.0	0.0	0.0	0.0	9.501697540283203	0.0	0.0	0.0	0.0	0.0	0.0	0.0	0.0	0.0	7.069585800170898	0.0	5.17600154876709	0.0	8.399904251098633	0.0
0.0	0.0	0.0	9.236944198608398	0.0	0.0	0.0	0.0	0.0	6.307737350463867	0.0	0.0	0.0	0.0	0.0	0.0	0.0	9.421669960021973	0.0	8.33830451965332	0.0	0.0	0.0	0.0	0.0	0.0	0.0	10.00379753112793	0.0	0.0	0.0	9.636507987976074	0.0	7.795884132385254	0.0	0.0	0.0	4.439371109008789	10.905311584472656	0.0	0.0	0.0	0.0	0.0	0.0	0.0	0.0	0.0	9.555305480957031	0.0	0.0	0.0	0.0	0.0	0.0	0.0	0.0	0.0	7.104840278625488	0.0	5.199328422546387	0.0	8.447420120239258	0.0
0.0	0.0	0.0	9.157610893249512	0.0	0.0	0.0	0.0	0.0	6.251433849334717	0.0	0.0	0.0	0.0	0.0	0.0	0.0	9.340758323669434	0.0	8.263914108276367	0.0	0.0	0.0	0.0	0.0	0.0	0.0	9.913626670837402	0.0	0.0	0.0	9.548166275024414	0.0	7.728259563446045	0.0	0.0	0.0	4.399057865142822	10.811582565307617	0.0	0.0	0.0	0.0	0.0	0.0	0.0	0.0	0.0	9.47571849822998	0.0	0.0	0.0	0.0	0.0	0.0	0.0	0.0	0.0	7.038769245147705	0.0	5.1569366455078125	0.0	8.372212409973145	0.0
0.0	0.0	0.0	9.129082679748535	0.0	0.0	0.0	0.0	0.0	6.229455471038818	0.0	0.0	0.0	0.0	0.0	0.0	0.0	9.312470436096191	0.0	8.23352336883545	0.0	0.0	0.0	0.0	0.0	0.0	0.0	9.882572174072266	0.0	0.0	0.0	9.520987510681152	0.0	7.705846786499023	0.0	0.0	0.0	4.383561611175537	10.777342796325684	0.0	0.0	0.0	0.0	0.0	0.0	0.0	0.0	0.0	9.438239097595215	0.0	0.0	0.0	0.0	0.0	0.0	0.0	0.0	0.0	7.017617702484131	0.0	5.136139869689941	0.0	8.344779014587402	0.0
0.0	0.0	0.0	9.184967994689941	0.0	0.0	0.0	0.0	0.0	6.269668102264404	0.0	0.0	0.0	0.0	0.0	0.0	0.0	9.369667053222656	0.0	8.286322593688965	0.0	0.0	0.0	0.0	0.0	0.0	0.0	9.9409761428833	0.0	0.0	0.0	9.577906608581543	0.0	7.755695343017578	0.0	0.0	0.0	4.41080904006958	10.843071937561035	0.0	0.0	0.0	0.0	0.0	0.0	0.0	0.0	0.0	9.496652603149414	0.0	0.0	0.0	0.0	0.0	0.0	0.0	0.0	0.0	7.06295919418335	0.0	5.1692304611206055	0.0	8.393461227416992	0.0
0.0	0.0	0.0	9.447056770324707	0.0	0.0	0.0	0.0	0.0	6.46584415435791	0.0	0.0	0.0	0.0	0.0	0.0	0.0	9.631071090698242	0.0	8.528284072875977	0.0	0.0	0.0	0.0	0.0	0.0	0.0	10.219780921936035	0.0	0.0	0.0	9.848419189453125	0.0	7.979637145996094	0.0	0.0	0.0	4.555188179016113	11.137596130371094	0.0	0.0	0.0	0.0	0.0	0.0	0.0	0.0	0.0	9.775627136230469	0.0	0.0	0.0	0.0	0.0	0.0	0.0	0.0	0.0	7.2961931228637695	0.0	5.329402446746826	0.0	8.639978408813477	0.0
0.0	0.0	0.0	9.149985313415527	0.0	0.0	0.0	0.0	0.0	6.243317604064941	0.0	0.0	0.0	0.0	0.0	0.0	0.0	9.330314636230469	0.0	8.256505012512207	0.0	0.0	0.0	0.0	0.0	0.0	0.0	9.905817031860352	0.0	0.0	0.0	9.543595314025879	0.0	7.723333835601807	0.0	0.0	0.0	4.3909735679626465	10.799871444702148	0.0	0.0	0.0	0.0	0.0	0.0	0.0	0.0	0.0	9.458755493164062	0.0	0.0	0.0	0.0	0.0	0.0	0.0	0.0	0.0	7.030086517333984	0.0	5.148792266845703	0.0	8.362836837768555	0.0
0.0	0.0	0.0	9.236090660095215	0.0	0.0	0.0	0.0	0.0	6.306504249572754	0.0	0.0	0.0	0.0	0.0	0.0	0.0	9.423579216003418	0.0	8.337315559387207	0.0	0.0	0.0	0.0	0.0	0.0	0.0	10.005439758300781	0.0	0.0	0.0	9.63853645324707	0.0	7.798059463500977	0.0	0.0	0.0	4.434965133666992	10.90371322631836	0.0	0.0	0.0	0.0	0.0	0.0	0.0	0.0	0.0	9.55953311920166	0.0	0.0	0.0	0.0	0.0	0.0	0.0	0.0	0.0	7.110722064971924	0.0	5.195585250854492	0.0	8.443321228027344	0.0
0.0	0.0	0.0	9.144940376281738	0.0	0.0	0.0	0.0	0.0	6.243014335632324	0.0	0.0	0.0	0.0	0.0	0.0	0.0	9.330092430114746	0.0	8.251507759094238	0.0	0.0	0.0	0.0	0.0	0.0	0.0	9.900439262390137	0.0	0.0	0.0	9.537242889404297	0.0	7.721225261688232	0.0	0.0	0.0	4.390017032623291	10.799761772155762	0.0	0.0	0.0	0.0	0.0	0.0	0.0	0.0	0.0	9.460917472839355	0.0	0.0	0.0	0.0	0.0	0.0	0.0	0.0	0.0	7.030392646789551	0.0	5.150023460388184	0.0	8.359516143798828	0.0
0.0	0.0	0.0	9.18901252746582	0.0	0.0	0.0	0.0	0.0	6.27821683883667	0.0	0.0	0.0	0.0	0.0	0.0	0.0	9.375874519348145	0.0	8.295072555541992	0.0	0.0	0.0	0.0	0.0	0.0	0.0	9.948810577392578	0.0	0.0	0.0	9.586533546447754	0.0	7.758132457733154	0.0	0.0	0.0	4.416385650634766	10.852424621582031	0.0	0.0	0.0	0.0	0.0	0.0	0.0	0.0	0.0	9.506231307983398	0.0	0.0	0.0	0.0	0.0	0.0	0.0	0.0	0.0	7.067187786102295	0.0	5.169604778289795	0.0	8.397856712341309	0.0
0.0	0.0	0.0	9.215579986572266	0.0	0.0	0.0	0.0	0.0	6.29014778137207	0.0	0.0	0.0	0.0	0.0	0.0	0.0	9.393291473388672	0.0	8.312748908996582	0.0	0.0	0.0	0.0	0.0	0.0	0.0	9.967381477355957	0.0	0.0	0.0	9.605809211730957	0.0	7.778306484222412	0.0	0.0	0.0	4.426011085510254	10.877251625061035	0.0	0.0	0.0	0.0	0.0	0.0	0.0	0.0	0.0	9.521562576293945	0.0	0.0	0.0	0.0	0.0	0.0	0.0	0.0	0.0	7.085779190063477	0.0	5.1840410232543945	0.0	8.41650104522705	0.0
0.0	0.0	0.0	9.361568450927734	0.0	0.0	0.0	0.0	0.0	6.398623943328857	0.0	0.0	0.0	0.0	0.0	0.0	0.0	9.548592567443848	0.0	8.455931663513184	0.0	0.0	0.0	0.0	0.0	0.0	0.0	10.141189575195312	0.0	0.0	0.0	9.771768569946289	0.0	7.911253929138184	0.0	0.0	0.0	4.499531269073486	11.055965423583984	0.0	0.0	0.0	0.0	0.0	0.0	0.0	0.0	0.0	9.686868667602539	0.0	0.0	0.0	0.0	0.0	0.0	0.0	0.0	0.0	7.2106475830078125	0.0	5.274764537811279	0.0	8.555325508117676	0.0
0.0	0.0	0.0	9.373025894165039	0.0	0.0	0.0	0.0	0.0	6.403806209564209	0.0	0.0	0.0	0.0	0.0	0.0	0.0	9.555028915405273	0.0	8.461482048034668	0.0	0.0	0.0	0.0	0.0	0.0	0.0	10.14332389831543	0.0	0.0	0.0	9.771984100341797	0.0	7.913327693939209	0.0	0.0	0.0	4.5099406242370605	11.060081481933594	0.0	0.0	0.0	0.0	0.0	0.0	0.0	0.0	0.0	9.693394660949707	0.0	0.0	0.0	0.0	0.0	0.0	0.0	0.0	0.0	7.219099521636963	0.0	5.280317783355713	0.0	8.562272071838379	0.0
0.0	0.0	0.0	9.076793670654297	0.0	0.0	0.0	0.0	0.0	6.198310375213623	0.0	0.0	0.0	0.0	0.0	0.0	0.0	9.254706382751465	0.0	8.18995189666748	0.0	0.0	0.0	0.0	0.0	0.0	0.0	9.81849193572998	0.0	0.0	0.0	9.46034049987793	0.0	7.66120719909668	0.0	0.0	0.0	4.363193511962891	10.708403587341309	0.0	0.0	0.0	0.0	0.0	0.0	0.0	0.0	0.0	9.38418960571289	0.0	0.0	0.0	0.0	0.0	0.0	0.0	0.0	0.0	6.981125831604004	0.0	5.120031356811523	0.0	8.289854049682617	0.0
0.0	0.0	0.0	8.732133865356445	0.0	0.0	0.0	0.0	0.0	5.9518632888793945	0.0	0.0	0.0	0.0	0.0	0.0	0.0	8.900646209716797	0.0	7.87263822555542	0.0	0.0	0.0	0.0	0.0	0.0	0.0	9.443787574768066	0.0	0.0	0.0	9.098331451416016	0.0	7.359596252441406	0.0	0.0	0.0	4.180870532989502	10.307915687561035	0.0	0.0	0.0	0.0	0.0	0.0	0.0	0.0	0.0	9.028125762939453	0.0	0.0	0.0	0.0	0.0	0.0	0.0	0.0	0.0	6.704891204833984	0.0	4.9064154624938965	0.0	7.976363658905029	0.0
0.0	0.0	0.0	9.119894027709961	0.0	0.0	0.0	0.0	0.0	6.225584506988525	0.0	0.0	0.0	0.0	0.0	0.0	0.0	9.299005508422852	0.0	8.227137565612793	0.0	0.0	0.0	0.0	0.0	0.0	0.0	9.871407508850098	0.0	0.0	0.0	9.509389877319336	0.0	7.6997971534729	0.0	0.0	0.0	4.378175735473633	10.765478134155273	0.0	0.0	0.0	0.0	0.0	0.0	0.0	0.0	0.0	9.432937622070312	0.0	0.0	0.0	0.0	0.0	0.0	0.0	0.0	0.0	7.011163711547852	0.0	5.134067058563232	0.0	8.333271026611328	0.0
0.0	0.0	0.0	8.631425857543945	0.0	0.0	0.0	0.0	0.0	5.884208679199219	0.0	0.0	0.0	0.0	0.0	0.0	0.0	8.792627334594727	0.0	7.776627063751221	0.0	0.0	0.0	0.0	0.0	0.0	0.0	9.327869415283203	0.0	0.0	0.0	8.981985092163086	0.0	7.27204704284668	0.0	0.0	0.0	4.13372278213501	10.187464714050293	0.0	0.0	0.0	0.0	0.0	0.0	0.0	0.0	0.0	8.915780067443848	0.0	0.0	0.0	0.0	0.0	0.0	0.0	0.0	0.0	6.627265453338623	0.0	4.8544416427612305	0.0	7.877954959869385	0.0
0.0	0.0	0.0	9.808672904968262	0.0	0.0	0.0	0.0	0.0	6.754918575286865	0.0	0.0	0.0	0.0	0.0	0.0	0.0	9.952369689941406	0.0	8.854179382324219	0.0	0.0	0.0	0.0	0.0	0.0	0.0	10.559589385986328	0.0	0.0	0.0	10.169912338256836	0.0	8.301572799682617	0.0	0.0	0.0	4.768706321716309	11.499786376953125	0.0	0.0	0.0	0.0	0.0	0.0	0.0	0.0	0.0	10.15112590789795	0.0	0.0	0.0	0.0	0.0	0.0	0.0	0.0	0.0	7.664349555969238	0.0	5.549535751342773	0.0	8.9591646194458	0.0
0.0	0.0	0.0	9.267759323120117	0.0	0.0	0.0	0.0	0.0	6.329620838165283	0.0	0.0	0.0	0.0	0.0	0.0	0.0	9.450506210327148	0.0	8.364363670349121	0.0	0.0	0.0	0.0	0.0	0.0	0.0	10.03039264678955	0.0	0.0	0.0	9.663012504577637	0.0	7.82877254486084	0.0	0.0	0.0	4.452351093292236	10.937946319580078	0.0	0.0	0.0	0.0	0.0	0.0	0.0	0.0	0.0	9.587355613708496	0.0	0.0	0.0	0.0	0.0	0.0	0.0	0.0	0.0	7.128459930419922	0.0	5.217756748199463	0.0	8.466644287109375	0.0
0.0	0.0	0.0	9.149620056152344	0.0	0.0	0.0	0.0	0.0	6.248836517333984	0.0	0.0	0.0	0.0	0.0	0.0	0.0	9.327413558959961	0.0	8.255785942077637	0.0	0.0	0.0	0.0	0.0	0.0	0.0	9.899971961975098	0.0	0.0	0.0	9.536980628967285	0.0	7.725636959075928	0.0	0.0	0.0	4.39823579788208	10.800649642944336	0.0	0.0	0.0	0.0	0.0	0.0	0.0	0.0	0.0	9.455153465270996	0.0	0.0	0.0	0.0	0.0	0.0	0.0	0.0	0.0	7.039416790008545	0.0	5.157883167266846	0.0	8.357242584228516	0.0
0.0	0.0	0.0	9.315918922424316	0.0	0.0	0.0	0.0	0.0	6.367472171783447	0.0	0.0	0.0	0.0	0.0	0.0	0.0	9.493998527526855	0.0	8.406593322753906	0.0	0.0	0.0	0.0	0.0	0.0	0.0	10.081165313720703	0.0	0.0	0.0	9.713797569274902	0.0	7.865943431854248	0.0	0.0	0.0	4.481960296630859	10.994922637939453	0.0	0.0	0.0	0.0	0.0	0.0	0.0	0.0	0.0	9.633130073547363	0.0	0.0	0.0	0.0	0.0	0.0	0.0	0.0	0.0	7.178423881530762	0.0	5.246590614318848	0.0	8.507823944091797	0.0
0.0	0.0	0.0	9.139246940612793	0.0	0.0	0.0	0.0	0.0	6.2392683029174805	0.0	0.0	0.0	0.0	0.0	0.0	0.0	9.314539909362793	0.0	8.245356559753418	0.0	0.0	0.0	0.0	0.0	0.0	0.0	9.88327407836914	0.0	0.0	0.0	9.523439407348633	0.0	7.71683406829834	0.0	0.0	0.0	4.393802165985107	10.782499313354492	0.0	0.0	0.0	0.0	0.0	0.0	0.0	0.0	0.0	9.44520092010498	0.0	0.0	0.0	0.0	0.0	0.0	0.0	0.0	0.0	7.027531147003174	0.0	5.1485443115234375	0.0	8.344005584716797	0.0
0.0	0.0	0.0	9.026415824890137	0.0	0.0	0.0	0.0	0.0	6.177089214324951	0.0	0.0	0.0	0.0	0.0	0.0	0.0	9.181905746459961	0.0	8.13880443572998	0.0	0.0	0.0	0.0	0.0	0.0	0.0	9.74446964263916	0.0	0.0	0.0	9.381386756896973	0.0	7.616237640380859	0.0	0.0	0.0	4.348870754241943	10.627050399780273	0.0	0.0	0.0	0.0	0.0	0.0	0.0	0.0	0.0	9.337462425231934	0.0	0.0	0.0	0.0	0.0	0.0	0.0	0.0	0.0	6.975202560424805	0.0	5.096515655517578	0.0	8.243504524230957	0.0
0.0	0.0	0.0	9.410813331604004	0.0	0.0	0.0	0.0	0.0	6.440810680389404	0.0	0.0	0.0	0.0	0.0	0.0	0.0	9.599234580993652	0.0	8.499135971069336	0.0	0.0	0.0	0.0	0.0	0.0	0.0	10.190009117126465	0.0	0.0	0.0	9.824665069580078	0.0	7.95896577835083	0.0	0.0	0.0	4.536296367645264	11.108023643493652	0.0	0.0	0.0	0.0	0.0	0.0	0.0	0.0	0.0	9.735011100769043	0.0	0.0	0.0	0.0	0.0	0.0	0.0	0.0	0.0	7.257178783416748	0.0	5.308400630950928	0.0	8.6043701171875	0.0
0.0	0.0	0.0	9.838541030883789	0.0	0.0	0.0	0.0	0.0	6.728028297424316	0.0	0.0	0.0	0.0	0.0	0.0	0.0	10.045344352722168	0.0	8.885880470275879	0.0	0.0	0.0	0.0	0.0	0.0	0.0	10.65751838684082	0.0	0.0	0.0	10.280014038085938	0.0	8.321630477905273	0.0	0.0	0.0	4.735220432281494	11.610182762145996	0.0	0.0	0.0	0.0	0.0	0.0	0.0	0.0	0.0	10.180452346801758	0.0	0.0	0.0	0.0	0.0	0.0	0.0	0.0	0.0	7.594831943511963	0.0	5.53058385848999	0.0	9.007509231567383	0.0
0.0	0.0	0.0	9.277851104736328	0.0	0.0	0.0	0.0	0.0	6.330497741699219	0.0	0.0	0.0	0.0	0.0	0.0	0.0	9.46493148803711	0.0	8.373631477355957	0.0	0.0	0.0	0.0	0.0	0.0	0.0	10.043952941894531	0.0	0.0	0.0	9.687023162841797	0.0	7.831025123596191	0.0	0.0	0.0	4.451015949249268	10.958524703979492	0.0	0.0	0.0	0.0	0.0	0.0	0.0	0.0	0.0	9.588613510131836	0.0	0.0	0.0	0.0	0.0	0.0	0.0	0.0	0.0	7.1324462890625	0.0	5.215709209442139	0.0	8.48154067993164	0.0
0.0	0.0	0.0	9.252177238464355	0.0	0.0	0.0	0.0	0.0	6.325671195983887	0.0	0.0	0.0	0.0	0.0	0.0	0.0	9.437393188476562	0.0	8.355737686157227	0.0	0.0	0.0	0.0	0.0	0.0	0.0	10.023055076599121	0.0	0.0	0.0	9.649336814880371	0.0	7.812252521514893	0.0	0.0	0.0	4.4487409591674805	10.924057006835938	0.0	0.0	0.0	0.0	0.0	0.0	0.0	0.0	0.0	9.575486183166504	0.0	0.0	0.0	0.0	0.0	0.0	0.0	0.0	0.0	7.121888160705566	0.0	5.209994316101074	0.0	8.458284378051758	0.0
0.0	0.0	0.0	9.146973609924316	0.0	0.0	0.0	0.0	0.0	6.240842819213867	0.0	0.0	0.0	0.0	0.0	0.0	0.0	9.333086967468262	0.0	8.255617141723633	0.0	0.0	0.0	0.0	0.0	0.0	0.0	9.904168128967285	0.0	0.0	0.0	9.539508819580078	0.0	7.723062515258789	0.0	0.0	0.0	4.383010387420654	10.802375793457031	0.0	0.0	0.0	0.0	0.0	0.0	0.0	0.0	0.0	9.464381217956543	0.0	0.0	0.0	0.0	0.0	0.0	0.0	0.0	0.0	7.028505802154541	0.0	5.140379905700684	0.0	8.362767219543457	0.0
0.0	0.0	0.0	8.93513011932373	0.0	0.0	0.0	0.0	0.0	6.087187767028809	0.0	0.0	0.0	0.0	0.0	0.0	0.0	9.103533744812012	0.0	8.049286842346191	0.0	0.0	0.0	0.0	0.0	0.0	0.0	9.665526390075684	0.0	0.0	0.0	9.31039810180664	0.0	7.535459041595459	0.0	0.0	0.0	4.275730609893799	10.550649642944336	0.0	0.0	0.0	0.0	0.0	0.0	0.0	0.0	0.0	9.234323501586914	0.0	0.0	0.0	0.0	0.0	0.0	0.0	0.0	0.0	6.8563361167907715	0.0	5.021124839782715	0.0	8.15453815460205	0.0
0.0	0.0	0.0	9.897631645202637	0.0	0.0	0.0	0.0	0.0	6.783238410949707	0.0	0.0	0.0	0.0	0.0	0.0	0.0	10.105385780334473	0.0	8.950228691101074	0.0	0.0	0.0	0.0	0.0	0.0	0.0	10.731941223144531	0.0	0.0	0.0	10.342004776000977	0.0	8.38482666015625	0.0	0.0	0.0	4.7717671394348145	11.691280364990234	0.0	0.0	0.0	0.0	0.0	0.0	0.0	0.0	0.0	10.251517295837402	0.0	0.0	0.0	0.0	0.0	0.0	0.0	0.0	0.0	7.657478332519531	0.0	5.57156229019165	0.0	9.062455177307129	0.0
0.0	0.0	0.0	9.247803688049316	0.0	0.0	0.0	0.0	0.0	6.311116695404053	0.0	0.0	0.0	0.0	0.0	0.0	0.0	9.430154800415039	0.0	8.343857765197754	0.0	0.0	0.0	0.0	0.0	0.0	0.0	10.00302505493164	0.0	0.0	0.0	9.641712188720703	0.0	7.8074750900268555	0.0	0.0	0.0	4.4453535079956055	10.91252613067627	0.0	0.0	0.0	0.0	0.0	0.0	0.0	0.0	0.0	9.557947158813477	0.0	0.0	0.0	0.0	0.0	0.0	0.0	0.0	0.0	7.110936164855957	0.0	5.203144550323486	0.0	8.449146270751953	0.0
0.0	0.0	0.0	10.090422630310059	0.0	0.0	0.0	0.0	0.0	6.952499866485596	0.0	0.0	0.0	0.0	0.0	0.0	0.0	10.262524604797363	0.0	9.116324424743652	0.0	0.0	0.0	0.0	0.0	0.0	0.0	10.901379585266113	0.0	0.0	0.0	10.506162643432617	0.0	8.55549144744873	0.0	0.0	0.0	4.908024787902832	11.861541748046875	0.0	0.0	0.0	0.0	0.0	0.0	0.0	0.0	0.0	10.435072898864746	0.0	0.0	0.0	0.0	0.0	0.0	0.0	0.0	0.0	7.8692755699157715	0.0	5.695827960968018	0.0	9.2279052734375	0.0
0.0	0.0	0.0	8.906033515930176	0.0	0.0	0.0	0.0	0.0	6.0716657638549805	0.0	0.0	0.0	0.0	0.0	0.0	0.0	9.081396102905273	0.0	8.03283977508545	0.0	0.0	0.0	0.0	0.0	0.0	0.0	9.637373924255371	0.0	0.0	0.0	9.284875869750977	0.0	7.513510227203369	0.0	0.0	0.0	4.269711017608643	10.515400886535645	0.0	0.0	0.0	0.0	0.0	0.0	0.0	0.0	0.0	9.208698272705078	0.0	0.0	0.0	0.0	0.0	0.0	0.0	0.0	0.0	6.842142105102539	0.0	5.011292457580566	0.0	8.137445449829102	0.0
0.0	0.0	0.0	9.043953895568848	0.0	0.0	0.0	0.0	0.0	6.172927379608154	0.0	0.0	0.0	0.0	0.0	0.0	0.0	9.222484588623047	0.0	8.155917167663574	0.0	0.0	0.0	0.0	0.0	0.0	0.0	9.787353515625	0.0	0.0	0.0	9.426801681518555	0.0	7.628299713134766	0.0	0.0	0.0	4.343502521514893	10.672122955322266	0.0	0.0	0.0	0.0	0.0	0.0	0.0	0.0	0.0	9.35354995727539	0.0	0.0	0.0	0.0	0.0	0.0	0.0	0.0	0.0	6.953769207000732	0.0	5.094517707824707	0.0	8.263496398925781	0.0
0.0	0.0	0.0	9.127890586853027	0.0	0.0	0.0	0.0	0.0	6.229841709136963	0.0	0.0	0.0	0.0	0.0	0.0	0.0	9.309362411499023	0.0	8.233357429504395	0.0	0.0	0.0	0.0	0.0	0.0	0.0	9.877717971801758	0.0	0.0	0.0	9.516698837280273	0.0	7.702069282531738	0.0	0.0	0.0	4.382318496704102	10.775171279907227	0.0	0.0	0.0	0.0	0.0	0.0	0.0	0.0	0.0	9.433466911315918	0.0	0.0	0.0	0.0	0.0	0.0	0.0	0.0	0.0	7.017845153808594	0.0	5.137018203735352	0.0	8.338371276855469	0.0
0.0	0.0	0.0	9.249061584472656	0.0	0.0	0.0	0.0	0.0	6.310296535491943	0.0	0.0	0.0	0.0	0.0	0.0	0.0	9.431806564331055	0.0	8.345067024230957	0.0	0.0	0.0	0.0	0.0	0.0	0.0	10.019865036010742	0.0	0.0	0.0	9.649174690246582	0.0	7.808704853057861	0.0	0.0	0.0	4.441002368927002	10.926368713378906	0.0	0.0	0.0	0.0	0.0	0.0	0.0	0.0	0.0	9.568238258361816	0.0	0.0	0.0	0.0	0.0	0.0	0.0	0.0	0.0	7.106253623962402	0.0	5.203245639801025	0.0	8.460502624511719	0.0
0.0	0.0	0.0	9.108970642089844	0.0	0.0	0.0	0.0	0.0	6.222976207733154	0.0	0.0	0.0	0.0	0.0	0.0	0.0	9.294819831848145	0.0	8.220123291015625	0.0	0.0	0.0	0.0	0.0	0.0	0.0	9.862336158752441	0.0	0.0	0.0	9.500056266784668	0.0	7.687139511108398	0.0	0.0	0.0	4.369560241699219	10.75537109375	0.0	0.0	0.0	0.0	0.0	0.0	0.0	0.0	0.0	9.425483703613281	0.0	0.0	0.0	0.0	0.0	0.0	0.0	0.0	0.0	7.005093574523926	0.0	5.128427982330322	0.0	8.33248233795166	0.0
0.0	0.0	0.0	9.189173698425293	0.0	0.0	0.0	0.0	0.0	6.278056621551514	0.0	0.0	0.0	0.0	0.0	0.0	0.0	9.37705135345459	0.0	8.294686317443848	0.0	0.0	0.0	0.0	0.0	0.0	0.0	9.951573371887207	0.0	0.0	0.0	9.586121559143066	0.0	7.762775421142578	0.0	0.0	0.0	4.414985179901123	10.854058265686035	0.0	0.0	0.0	0.0	0.0	0.0	0.0	0.0	0.0	9.509926795959473	0.0	0.0	0.0	0.0	0.0	0.0	0.0	0.0	0.0	7.064480304718018	0.0	5.175535678863525	0.0	8.399632453918457	0.0
0.0	0.0	0.0	9.138345718383789	0.0	0.0	0.0	0.0	0.0	6.254309177398682	0.0	0.0	0.0	0.0	0.0	0.0	0.0	9.308975219726562	0.0	8.245599746704102	0.0	0.0	0.0	0.0	0.0	0.0	0.0	9.874556541442871	0.0	0.0	0.0	9.506248474121094	0.0	7.716642379760742	0.0	0.0	0.0	4.4008893966674805	10.763834953308105	0.0	0.0	0.0	0.0	0.0	0.0	0.0	0.0	0.0	9.457000732421875	0.0	0.0	0.0	0.0	0.0	0.0	0.0	0.0	0.0	7.052496433258057	0.0	5.153531551361084	0.0	8.349960327148438	0.0
0.0	0.0	0.0	9.13428020477295	0.0	0.0	0.0	0.0	0.0	6.235034942626953	0.0	0.0	0.0	0.0	0.0	0.0	0.0	9.311448097229004	0.0	8.238961219787598	0.0	0.0	0.0	0.0	0.0	0.0	0.0	9.885262489318848	0.0	0.0	0.0	9.521063804626465	0.0	7.707696914672852	0.0	0.0	0.0	4.386702060699463	10.779268264770508	0.0	0.0	0.0	0.0	0.0	0.0	0.0	0.0	0.0	9.44175910949707	0.0	0.0	0.0	0.0	0.0	0.0	0.0	0.0	0.0	7.0251007080078125	0.0	5.142893314361572	0.0	8.342738151550293	0.0
0.0	0.0	0.0	9.403411865234375	0.0	0.0	0.0	0.0	0.0	6.427469253540039	0.0	0.0	0.0	0.0	0.0	0.0	0.0	9.593634605407715	0.0	8.491765975952148	0.0	0.0	0.0	0.0	0.0	0.0	0.0	10.180983543395996	0.0	0.0	0.0	9.816858291625977	0.0	7.950150489807129	0.0	0.0	0.0	4.523864269256592	11.103046417236328	0.0	0.0	0.0	0.0	0.0	0.0	0.0	0.0	0.0	9.725523948669434	0.0	0.0	0.0	0.0	0.0	0.0	0.0	0.0	0.0	7.23807954788208	0.0	5.2923150062561035	0.0	8.599190711975098	0.0
0.0	0.0	0.0	9.234049797058105	0.0	0.0	0.0	0.0	0.0	6.306090354919434	0.0	0.0	0.0	0.0	0.0	0.0	0.0	9.423152923583984	0.0	8.334831237792969	0.0	0.0	0.0	0.0	0.0	0.0	0.0	9.998003959655762	0.0	0.0	0.0	9.630647659301758	0.0	7.798018455505371	0.0	0.0	0.0	4.4351325035095215	10.901854515075684	0.0	0.0	0.0	0.0	0.0	0.0	0.0	0.0	0.0	9.552469253540039	0.0	0.0	0.0	0.0	0.0	0.0	0.0	0.0	0.0	7.100921154022217	0.0	5.196086406707764	0.0	8.438200950622559	0.0
0.0	0.0	0.0	9.25571346282959	0.0	0.0	0.0	0.0	0.0	6.32261323928833	0.0	0.0	0.0	0.0	0.0	0.0	0.0	9.43873119354248	0.0	8.35728645324707	0.0	0.0	0.0	0.0	0.0	0.0	0.0	10.02033519744873	0.0	0.0	0.0	9.653895378112793	0.0	7.814124584197998	0.0	0.0	0.0	4.450953006744385	10.921724319458008	0.0	0.0	0.0	0.0	0.0	0.0	0.0	0.0	0.0	9.574549674987793	0.0	0.0	0.0	0.0	0.0	0.0	0.0	0.0	0.0	7.120032787322998	0.0	5.212769031524658	0.0	8.459755897521973	0.0
0.0	0.0	0.0	8.998517036437988	0.0	0.0	0.0	0.0	0.0	6.137900352478027	0.0	0.0	0.0	0.0	0.0	0.0	0.0	9.173312187194824	0.0	8.112969398498535	0.0	0.0	0.0	0.0	0.0	0.0	0.0	9.735712051391602	0.0	0.0	0.0	9.381196975708008	0.0	7.588791370391846	0.0	0.0	0.0	4.319989204406738	10.619452476501465	0.0	0.0	0.0	0.0	0.0	0.0	0.0	0.0	0.0	9.300952911376953	0.0	0.0	0.0	0.0	0.0	0.0	0.0	0.0	0.0	6.914309501647949	0.0	5.066610813140869	0.0	8.220182418823242	0.0
0.0	0.0	0.0	9.352381706237793	0.0	0.0	0.0	0.0	0.0	6.384570121765137	0.0	0.0	0.0	0.0	0.0	0.0	0.0	9.54144287109375	0.0	8.439498901367188	0.0	0.0	0.0	0.0	0.0	0.0	0.0	10.13632869720459	0.0	0.0	0.0	9.761161804199219	0.0	7.8993120193481445	0.0	0.0	0.0	4.489120960235596	11.045539855957031	0.0	0.0	0.0	0.0	0.0	0.0	0.0	0.0	0.0	9.674819946289062	0.0	0.0	0.0	0.0	0.0	0.0	0.0	0.0	0.0	7.194384574890137	0.0	5.259894371032715	0.0	8.54714298248291	0.0
0.0	0.0	0.0	9.184053421020508	0.0	0.0	0.0	0.0	0.0	6.268621444702148	0.0	0.0	0.0	0.0	0.0	0.0	0.0	9.36899185180664	0.0	8.288887023925781	0.0	0.0	0.0	0.0	0.0	0.0	0.0	9.947473526000977	0.0	0.0	0.0	9.582688331604004	0.0	7.753356456756592	0.0	0.0	0.0	4.409602165222168	10.84743595123291	0.0	0.0	0.0	0.0	0.0	0.0	0.0	0.0	0.0	9.502457618713379	0.0	0.0	0.0	0.0	0.0	0.0	0.0	0.0	0.0	7.062342643737793	0.0	5.173580646514893	0.0	8.396020889282227	0.0
0.0	0.0	0.0	9.028038024902344	0.0	0.0	0.0	0.0	0.0	6.158980369567871	0.0	0.0	0.0	0.0	0.0	0.0	0.0	9.2012939453125	0.0	8.141535758972168	0.0	0.0	0.0	0.0	0.0	0.0	0.0	9.76522159576416	0.0	0.0	0.0	9.403726577758789	0.0	7.614112854003906	0.0	0.0	0.0	4.333064556121826	10.652048110961914	0.0	0.0	0.0	0.0	0.0	0.0	0.0	0.0	0.0	9.335275650024414	0.0	0.0	0.0	0.0	0.0	0.0	0.0	0.0	0.0	6.938248634338379	0.0	5.085511684417725	0.0	8.244829177856445	0.0
0.0	0.0	0.0	10.043074607849121	0.0	0.0	0.0	0.0	0.0	6.862315654754639	0.0	0.0	0.0	0.0	0.0	0.0	0.0	10.27974796295166	0.0	9.074004173278809	0.0	0.0	0.0	0.0	0.0	0.0	0.0	10.9139404296875	0.0	0.0	0.0	10.534863471984863	0.0	8.529794692993164	0.0	0.0	0.0	4.821544647216797	11.894965171813965	0.0	0.0	0.0	0.0	0.0	0.0	0.0	0.0	0.0	10.407672882080078	0.0	0.0	0.0	0.0	0.0	0.0	0.0	0.0	0.0	7.7591471672058105	0.0	5.607818603515625	0.0	9.218546867370605	0.0
0.0	0.0	0.0	9.182947158813477	0.0	0.0	0.0	0.0	0.0	6.266636371612549	0.0	0.0	0.0	0.0	0.0	0.0	0.0	9.360684394836426	0.0	8.279953956604004	0.0	0.0	0.0	0.0	0.0	0.0	0.0	9.933770179748535	0.0	0.0	0.0	9.573572158813477	0.0	7.751819133758545	0.0	0.0	0.0	4.409204006195068	10.841194152832031	0.0	0.0	0.0	0.0	0.0	0.0	0.0	0.0	0.0	9.4901704788208	0.0	0.0	0.0	0.0	0.0	0.0	0.0	0.0	0.0	7.058803081512451	0.0	5.161525249481201	0.0	8.387971878051758	0.0
0.0	0.0	0.0	9.00979995727539	0.0	0.0	0.0	0.0	0.0	6.148766994476318	0.0	0.0	0.0	0.0	0.0	0.0	0.0	9.188250541687012	0.0	8.125714302062988	0.0	0.0	0.0	0.0	0.0	0.0	0.0	9.752265930175781	0.0	0.0	0.0	9.390471458435059	0.0	7.602886199951172	0.0	0.0	0.0	4.323948383331299	10.636523246765137	0.0	0.0	0.0	0.0	0.0	0.0	0.0	0.0	0.0	9.318044662475586	0.0	0.0	0.0	0.0	0.0	0.0	0.0	0.0	0.0	6.923826694488525	0.0	5.072497367858887	0.0	8.232542037963867	0.0
0.0	0.0	0.0	9.111527442932129	0.0	0.0	0.0	0.0	0.0	6.230627536773682	0.0	0.0	0.0	0.0	0.0	0.0	0.0	9.27212142944336	0.0	8.220887184143066	0.0	0.0	0.0	0.0	0.0	0.0	0.0	9.845343589782715	0.0	0.0	0.0	9.479972839355469	0.0	7.687190055847168	0.0	0.0	0.0	4.3914947509765625	10.73536491394043	0.0	0.0	0.0	0.0	0.0	0.0	0.0	0.0	0.0	9.418161392211914	0.0	0.0	0.0	0.0	0.0	0.0	0.0	0.0	0.0	7.0302910804748535	0.0	5.145010471343994	0.0	8.324651718139648	0.0
0.0	0.0	0.0	9.256922721862793	0.0	0.0	0.0	0.0	0.0	6.329318046569824	0.0	0.0	0.0	0.0	0.0	0.0	0.0	9.438304901123047	0.0	8.356069564819336	0.0	0.0	0.0	0.0	0.0	0.0	0.0	10.019450187683105	0.0	0.0	0.0	9.649040222167969	0.0	7.815981864929199	0.0	0.0	0.0	4.450928688049316	10.92177677154541	0.0	0.0	0.0	0.0	0.0	0.0	0.0	0.0	0.0	9.57764720916748	0.0	0.0	0.0	0.0	0.0	0.0	0.0	0.0	0.0	7.126667022705078	0.0	5.216574192047119	0.0	8.462902069091797	0.0
0.0	0.0	0.0	9.207945823669434	0.0	0.0	0.0	0.0	0.0	6.287064075469971	0.0	0.0	0.0	0.0	0.0	0.0	0.0	9.389748573303223	0.0	8.309462547302246	0.0	0.0	0.0	0.0	0.0	0.0	0.0	9.969297409057617	0.0	0.0	0.0	9.607362747192383	0.0	7.775053977966309	0.0	0.0	0.0	4.424648284912109	10.870187759399414	0.0	0.0	0.0	0.0	0.0	0.0	0.0	0.0	0.0	9.526715278625488	0.0	0.0	0.0	0.0	0.0	0.0	0.0	0.0	0.0	7.087082386016846	0.0	5.186183452606201	0.0	8.419499397277832	0.0
0.0	0.0	0.0	9.349832534790039	0.0	0.0	0.0	0.0	0.0	6.3898234367370605	0.0	0.0	0.0	0.0	0.0	0.0	0.0	9.528946876525879	0.0	8.440343856811523	0.0	0.0	0.0	0.0	0.0	0.0	0.0	10.121013641357422	0.0	0.0	0.0	9.755531311035156	0.0	7.893375396728516	0.0	0.0	0.0	4.498500823974609	11.03526496887207	0.0	0.0	0.0	0.0	0.0	0.0	0.0	0.0	0.0	9.667969703674316	0.0	0.0	0.0	0.0	0.0	0.0	0.0	0.0	0.0	7.20044469833374	0.0	5.261785984039307	0.0	8.54432487487793	0.0
0.0	0.0	0.0	9.133444786071777	0.0	0.0	0.0	0.0	0.0	6.237785816192627	0.0	0.0	0.0	0.0	0.0	0.0	0.0	9.315598487854004	0.0	8.241589546203613	0.0	0.0	0.0	0.0	0.0	0.0	0.0	9.882796287536621	0.0	0.0	0.0	9.525871276855469	0.0	7.710288047790527	0.0	0.0	0.0	4.386820316314697	10.78572940826416	0.0	0.0	0.0	0.0	0.0	0.0	0.0	0.0	0.0	9.444963455200195	0.0	0.0	0.0	0.0	0.0	0.0	0.0	0.0	0.0	7.02181339263916	0.0	5.139515399932861	0.0	8.347250938415527	0.0
0.0	0.0	0.0	9.102123260498047	0.0	0.0	0.0	0.0	0.0	6.213904857635498	0.0	0.0	0.0	0.0	0.0	0.0	0.0	9.279977798461914	0.0	8.210360527038574	0.0	0.0	0.0	0.0	0.0	0.0	0.0	9.847090721130371	0.0	0.0	0.0	9.486394882202148	0.0	7.680221080780029	0.0	0.0	0.0	4.371613502502441	10.740520477294922	0.0	0.0	0.0	0.0	0.0	0.0	0.0	0.0	0.0	9.409642219543457	0.0	0.0	0.0	0.0	0.0	0.0	0.0	0.0	0.0	7.000489234924316	0.0	5.127506732940674	0.0	8.315943717956543	0.0
0.0	0.0	0.0	9.08229923248291	0.0	0.0	0.0	0.0	0.0	6.200101852416992	0.0	0.0	0.0	0.0	0.0	0.0	0.0	9.259542465209961	0.0	8.193805694580078	0.0	0.0	0.0	0.0	0.0	0.0	0.0	9.831164360046387	0.0	0.0	0.0	9.471593856811523	0.0	7.661890029907227	0.0	0.0	0.0	4.360651969909668	10.721650123596191	0.0	0.0	0.0	0.0	0.0	0.0	0.0	0.0	0.0	9.391573905944824	0.0	0.0	0.0	0.0	0.0	0.0	0.0	0.0	0.0	6.978606700897217	0.0	5.1116204261779785	0.0	8.299355506896973	0.0
0.0	0.0	0.0	9.136115074157715	0.0	0.0	0.0	0.0	0.0	6.236380577087402	0.0	0.0	0.0	0.0	0.0	0.0	0.0	9.313426971435547	0.0	8.238533973693848	0.0	0.0	0.0	0.0	0.0	0.0	0.0	9.886198997497559	0.0	0.0	0.0	9.521366119384766	0.0	7.708335876464844	0.0	0.0	0.0	4.387807369232178	10.780152320861816	0.0	0.0	0.0	0.0	0.0	0.0	0.0	0.0	0.0	9.443038940429688	0.0	0.0	0.0	0.0	0.0	0.0	0.0	0.0	0.0	7.023132801055908	0.0	5.143895149230957	0.0	8.342245101928711	0.0
0.0	0.0	0.0	8.841642379760742	0.0	0.0	0.0	0.0	0.0	6.033535480499268	0.0	0.0	0.0	0.0	0.0	0.0	0.0	9.007648468017578	0.0	7.976932525634766	0.0	0.0	0.0	0.0	0.0	0.0	0.0	9.56787109375	0.0	0.0	0.0	9.21849536895752	0.0	7.460421562194824	0.0	0.0	0.0	4.238238334655762	10.44289493560791	0.0	0.0	0.0	0.0	0.0	0.0	0.0	0.0	0.0	9.135900497436523	0.0	0.0	0.0	0.0	0.0	0.0	0.0	0.0	0.0	6.79756498336792	0.0	4.977282524108887	0.0	8.073485374450684	0.0
