4.494036674499512	0.0	0.0	0.0	5.50829553604126	0.0	5.941859722137451	0.0	0.0	0.0	0.0	0.0	0.0	0.0	0.0	0.0	3.5839052200317383	2.400296926498413	0.0	0.0	0.0	1.9554325342178345	0.0	0.0	2.6596426963806152	3.886583089828491	0.0	0.0	0.0	0.0	2.820352554321289	2.2527451515197754	0.0	2.3770711421966553	3.1488938331604004	4.990106582641602	0.0	7.010651588439941	2.839773416519165	2.199202537536621	3.833479404449463	4.082594394683838	0.0	0.0	0.0	0.0	0.0	2.702523946762085	0.0	4.18366813659668	0.0	0.0	0.0	5.342618942260742	0.0	3.242089033126831	0.0	4.7271575927734375	3.8964719772338867	0.0	0.0	0.0	2.885634183883667	0.0	0.0	0.0	0.0	0.0	0.0	0.0	3.111593246459961	0.0	0.0	0.0	0.0	0.0	0.0	0.0	0.0	0.0	0.0	0.0	4.82722282409668	0.0	0.0	0.0	0.0	0.0	0.0	0.0	4.789532661437988	3.9912643432617188	3.5517349243164062	0.0	0.0	0.0	0.0	4.097418785095215	0.0	0.0	0.0	0.0	0.0	0.0	0.0	2.2129106521606445	3.640104055404663	0.0	5.783857345581055	3.983112335205078	3.2669789791107178	0.0	0.0	3.7654247283935547	0.0	0.0	0.0	0.0	0.0	0.0	0.0	0.0	3.289097547531128	0.0	0.0	0.0	0.0	2.805408239364624
4.493500232696533	0.0	0.0	0.0	5.507954120635986	0.0	5.941391944885254	0.0	0.0	0.0	0.0	0.0	0.0	0.0	0.0	0.0	3.583308458328247	2.4007344245910645	0.0	0.0	0.0	1.9564547538757324	0.0	0.0	2.659949779510498	3.886181592941284	0.0	0.0	0.0	0.0	2.8198323249816895	2.252284288406372	0.0	2.3756139278411865	3.148327112197876	4.990939617156982	0.0	7.009211540222168	2.839747428894043	2.199457883834839	3.83320689201355	4.082685470581055	0.0	0.0	0.0	0.0	0.0	2.702279806137085	0.0	4.183969497680664	0.0	0.0	0.0	5.341506004333496	0.0	3.2423315048217773	0.0	4.726071357727051	3.895127773284912	0.0	0.0	0.0	2.8854362964630127	0.0	0.0	0.0	0.0	0.0	0.0	0.0	3.1120927333831787	0.0	0.0	0.0	0.0	0.0	0.0	0.0	0.0	0.0	0.0	0.0	4.8275017738342285	0.0	0.0	0.0	0.0	0.0	0.0	0.0	4.788175582885742	3.9897494316101074	3.551307201385498	0.0	0.0	0.0	0.0	4.0978617668151855	0.0	0.0	0.0	0.0	0.0	0.0	0.0	2.2120325565338135	3.639549970626831	0.0	5.783037185668945	3.9825544357299805	3.26659893989563	0.0	0.0	3.7651124000549316	0.0	0.0	0.0	0.0	0.0	0.0	0.0	0.0	3.2886579036712646	0.0	0.0	0.0	0.0	2.8051536083221436
4.497187614440918	0.0	0.0	0.0	5.511695861816406	0.0	5.944371223449707	0.0	0.0	0.0	0.0	0.0	0.0	0.0	0.0	0.0	3.586686611175537	2.401366949081421	0.0	0.0	0.0	1.957319736480713	0.0	0.0	2.6616058349609375	3.8887827396392822	0.0	0.0	0.0	0.0	2.822280168533325	2.2532989978790283	0.0	2.377645969390869	3.1508328914642334	4.993337631225586	0.0	7.013573169708252	2.8411784172058105	2.2015068531036377	3.8358635902404785	4.085639953613281	0.0	0.0	0.0	0.0	0.0	2.70591139793396	0.0	4.186803340911865	0.0	0.0	0.0	5.345919609069824	0.0	3.2438247203826904	0.0	4.729665756225586	3.897883176803589	0.0	0.0	0.0	2.8874456882476807	0.0	0.0	0.0	0.0	0.0	0.0	0.0	3.114563465118408	0.0	0.0	0.0	0.0	0.0	0.0	0.0	0.0	0.0	0.0	0.0	4.830874443054199	0.0	0.0	0.0	0.0	0.0	0.0	0.0	4.791380405426025	3.9940316677093506	3.5541024208068848	0.0	0.0	0.0	0.0	4.100184917449951	0.0	0.0	0.0	0.0	0.0	0.0	0.0	2.2133495807647705	3.642627477645874	0.0	5.787497043609619	3.985191583633423	3.2690865993499756	0.0	0.0	3.767786979675293	0.0	0.0	0.0	0.0	0.0	0.0	0.0	0.0	3.290926456451416	0.0	0.0	0.0	0.0	2.806580066680908
4.494743824005127	0.0	0.0	0.0	5.506557464599609	0.0	5.9396467208862305	0.0	0.0	0.0	0.0	0.0	0.0	0.0	0.0	0.0	3.5841007232666016	2.400449752807617	0.0	0.0	0.0	1.9561164379119873	0.0	0.0	2.6601080894470215	3.8862669467926025	0.0	0.0	0.0	0.0	2.8211071491241455	2.2512001991271973	0.0	2.376943826675415	3.148970127105713	4.989391803741455	0.0	7.008603096008301	2.840013265609741	2.2000699043273926	3.8332526683807373	4.082268238067627	0.0	0.0	0.0	0.0	0.0	2.70292592048645	0.0	4.184702396392822	0.0	0.0	0.0	5.342944622039795	0.0	3.2408697605133057	0.0	4.726288318634033	3.895064115524292	0.0	0.0	0.0	2.884958505630493	0.0	0.0	0.0	0.0	0.0	0.0	0.0	3.11260724067688	0.0	0.0	0.0	0.0	0.0	0.0	0.0	0.0	0.0	0.0	0.0	4.826724529266357	0.0	0.0	0.0	0.0	0.0	0.0	0.0	4.788337230682373	3.9911651611328125	3.5513622760772705	0.0	0.0	0.0	0.0	4.0959272384643555	0.0	0.0	0.0	0.0	0.0	0.0	0.0	2.2115652561187744	3.639298677444458	0.0	5.783336639404297	3.9826879501342773	3.2668309211730957	0.0	0.0	3.7648050785064697	0.0	0.0	0.0	0.0	0.0	0.0	0.0	0.0	3.2880940437316895	0.0	0.0	0.0	0.0	2.8042099475860596
4.498642444610596	0.0	0.0	0.0	5.512822151184082	0.0	5.944793701171875	0.0	0.0	0.0	0.0	0.0	0.0	0.0	0.0	0.0	3.586726665496826	2.4015774726867676	0.0	0.0	0.0	1.9585052728652954	0.0	0.0	2.6617941856384277	3.8902428150177	0.0	0.0	0.0	0.0	2.8232481479644775	2.2549281120300293	0.0	2.37894868850708	3.153101921081543	4.995219707489014	0.0	7.015334606170654	2.842057704925537	2.2024717330932617	3.8374435901641846	4.085454940795898	0.0	0.0	0.0	0.0	0.0	2.7056009769439697	0.0	4.188370704650879	0.0	0.0	0.0	5.34746789932251	0.0	3.2441964149475098	0.0	4.7303338050842285	3.8983006477355957	0.0	0.0	0.0	2.8871634006500244	0.0	0.0	0.0	0.0	0.0	0.0	0.0	3.1158320903778076	0.0	0.0	0.0	0.0	0.0	0.0	0.0	0.0	0.0	0.0	0.0	4.832023620605469	0.0	0.0	0.0	0.0	0.0	0.0	0.0	4.791276931762695	3.9946529865264893	3.5551350116729736	0.0	0.0	0.0	0.0	4.102015972137451	0.0	0.0	0.0	0.0	0.0	0.0	0.0	2.21462345123291	3.6444292068481445	0.0	5.789722919464111	3.986924409866333	3.2689623832702637	0.0	0.0	3.7689528465270996	0.0	0.0	0.0	0.0	0.0	0.0	0.0	0.0	3.293260335922241	0.0	0.0	0.0	0.0	2.8083460330963135
4.492164134979248	0.0	0.0	0.0	5.503929615020752	0.0	5.938918590545654	0.0	0.0	0.0	0.0	0.0	0.0	0.0	0.0	0.0	3.5818984508514404	2.399395704269409	0.0	0.0	0.0	1.9556602239608765	0.0	0.0	2.6593880653381348	3.883558750152588	0.0	0.0	0.0	0.0	2.818586587905884	2.251802444458008	0.0	2.375605344772339	3.1471219062805176	4.9867634773254395	0.0	7.007103443145752	2.837839365005493	2.197942018508911	3.8319854736328125	4.081076622009277	0.0	0.0	0.0	0.0	0.0	2.70098876953125	0.0	4.181912899017334	0.0	0.0	0.0	5.3392109870910645	0.0	3.241013526916504	0.0	4.724660396575928	3.893078565597534	0.0	0.0	0.0	2.8833019733428955	0.0	0.0	0.0	0.0	0.0	0.0	0.0	3.1109323501586914	0.0	0.0	0.0	0.0	0.0	0.0	0.0	0.0	0.0	0.0	0.0	4.824493885040283	0.0	0.0	0.0	0.0	0.0	0.0	0.0	4.786190032958984	3.989326238632202	3.5503201484680176	0.0	0.0	0.0	0.0	4.094422817230225	0.0	0.0	0.0	0.0	0.0	0.0	0.0	2.2117855548858643	3.636981725692749	0.0	5.7814249992370605	3.9812982082366943	3.2647829055786133	0.0	0.0	3.763568639755249	0.0	0.0	0.0	0.0	0.0	0.0	0.0	0.0	3.2881648540496826	0.0	0.0	0.0	0.0	2.803410053253174
4.493508815765381	0.0	0.0	0.0	5.5079264640808105	0.0	5.94014835357666	0.0	0.0	0.0	0.0	0.0	0.0	0.0	0.0	0.0	3.5822665691375732	2.3996498584747314	0.0	0.0	0.0	1.954519510269165	0.0	0.0	2.6600024700164795	3.885523796081543	0.0	0.0	0.0	0.0	2.8202199935913086	2.252880096435547	0.0	2.3749985694885254	3.148247480392456	4.990631103515625	0.0	7.008755683898926	2.8386003971099854	2.1995441913604736	3.833414077758789	4.0810770988464355	0.0	0.0	0.0	0.0	0.0	2.7016351222991943	0.0	4.183083534240723	0.0	0.0	0.0	5.3417439460754395	0.0	3.241062879562378	0.0	4.726168632507324	3.8944284915924072	0.0	0.0	0.0	2.883587121963501	0.0	0.0	0.0	0.0	0.0	0.0	0.0	3.1124207973480225	0.0	0.0	0.0	0.0	0.0	0.0	0.0	0.0	0.0	0.0	0.0	4.826763153076172	0.0	0.0	0.0	0.0	0.0	0.0	0.0	4.7868804931640625	3.9905059337615967	3.551539421081543	0.0	0.0	0.0	0.0	4.097033977508545	0.0	0.0	0.0	0.0	0.0	0.0	0.0	2.212623119354248	3.6411406993865967	0.0	5.782998085021973	3.9850242137908936	3.265803813934326	0.0	0.0	3.764634132385254	0.0	0.0	0.0	0.0	0.0	0.0	0.0	0.0	3.289245367050171	0.0	0.0	0.0	0.0	2.805417060852051
4.491305828094482	0.0	0.0	0.0	5.503876209259033	0.0	5.936582088470459	0.0	0.0	0.0	0.0	0.0	0.0	0.0	0.0	0.0	3.5812251567840576	2.3987607955932617	0.0	0.0	0.0	1.9552428722381592	0.0	0.0	2.657858371734619	3.883357286453247	0.0	0.0	0.0	0.0	2.818228006362915	2.251138210296631	0.0	2.3748745918273926	3.1472506523132324	4.985044956207275	0.0	7.004811763763428	2.8366732597351074	2.197579860687256	3.83022141456604	4.080199718475342	0.0	0.0	0.0	0.0	0.0	2.7009434700012207	0.0	4.179736614227295	0.0	0.0	0.0	5.339147567749023	0.0	3.2406845092773438	0.0	4.7240824699401855	3.892404317855835	0.0	0.0	0.0	2.882625102996826	0.0	0.0	0.0	0.0	0.0	0.0	0.0	3.109955072402954	0.0	0.0	0.0	0.0	0.0	0.0	0.0	0.0	0.0	0.0	0.0	4.822809219360352	0.0	0.0	0.0	0.0	0.0	0.0	0.0	4.784489154815674	3.9866623878479004	3.549576997756958	0.0	0.0	0.0	0.0	4.094566345214844	0.0	0.0	0.0	0.0	0.0	0.0	0.0	2.209815263748169	3.637235403060913	0.0	5.780391693115234	3.9796946048736572	3.2641730308532715	0.0	0.0	3.7627947330474854	0.0	0.0	0.0	0.0	0.0	0.0	0.0	0.0	3.2871921062469482	0.0	0.0	0.0	0.0	2.8020780086517334
4.4964213371276855	0.0	0.0	0.0	5.510888576507568	0.0	5.944910526275635	0.0	0.0	0.0	0.0	0.0	0.0	0.0	0.0	0.0	3.584538221359253	2.4015512466430664	0.0	0.0	0.0	1.9570400714874268	0.0	0.0	2.6612980365753174	3.8887176513671875	0.0	0.0	0.0	0.0	2.8224503993988037	2.253617763519287	0.0	2.3780529499053955	3.151163339614868	4.99269962310791	0.0	7.014068603515625	2.8404204845428467	2.2008516788482666	3.835287094116211	4.084413528442383	0.0	0.0	0.0	0.0	0.0	2.7039175033569336	0.0	4.1871657371521	0.0	0.0	0.0	5.345391273498535	0.0	3.2440104484558105	0.0	4.729485034942627	3.8978190422058105	0.0	0.0	0.0	2.8867075443267822	0.0	0.0	0.0	0.0	0.0	0.0	0.0	3.114180326461792	0.0	0.0	0.0	0.0	0.0	0.0	0.0	0.0	0.0	0.0	0.0	4.830210208892822	0.0	0.0	0.0	0.0	0.0	0.0	0.0	4.790876865386963	3.992966413497925	3.5537872314453125	0.0	0.0	0.0	0.0	4.099974632263184	0.0	0.0	0.0	0.0	0.0	0.0	0.0	2.2136125564575195	3.641484022140503	0.0	5.7871317863464355	3.985146999359131	3.2683167457580566	0.0	0.0	3.7680490016937256	0.0	0.0	0.0	0.0	0.0	0.0	0.0	0.0	3.2910194396972656	0.0	0.0	0.0	0.0	2.806493043899536
4.4951019287109375	0.0	0.0	0.0	5.5096435546875	0.0	5.942234992980957	0.0	0.0	0.0	0.0	0.0	0.0	0.0	0.0	0.0	3.584702491760254	2.4003379344940186	0.0	0.0	0.0	1.9561715126037598	0.0	0.0	2.660524845123291	3.8875157833099365	0.0	0.0	0.0	0.0	2.82121205329895	2.2534170150756836	0.0	2.3772072792053223	3.1501171588897705	4.991589546203613	0.0	7.012066841125488	2.8402774333953857	2.200657606124878	3.834965229034424	4.083779335021973	0.0	0.0	0.0	0.0	0.0	2.703300714492798	0.0	4.18568754196167	0.0	0.0	0.0	5.343860149383545	0.0	3.2422659397125244	0.0	4.727867603302002	3.896336555480957	0.0	0.0	0.0	2.885622501373291	0.0	0.0	0.0	0.0	0.0	0.0	0.0	3.1125218868255615	0.0	0.0	0.0	0.0	0.0	0.0	0.0	0.0	0.0	0.0	0.0	4.828190803527832	0.0	0.0	0.0	0.0	0.0	0.0	0.0	4.789617538452148	3.9919934272766113	3.5522634983062744	0.0	0.0	0.0	0.0	4.098608493804932	0.0	0.0	0.0	0.0	0.0	0.0	0.0	2.213118314743042	3.6413214206695557	0.0	5.786100387573242	3.984095811843872	3.2676804065704346	0.0	0.0	3.7656893730163574	0.0	0.0	0.0	0.0	0.0	0.0	0.0	0.0	3.2908220291137695	0.0	0.0	0.0	0.0	2.805356979370117
4.494875907897949	0.0	0.0	0.0	5.507412433624268	0.0	5.941216468811035	0.0	0.0	0.0	0.0	0.0	0.0	0.0	0.0	0.0	3.58313250541687	2.3998494148254395	0.0	0.0	0.0	1.9559617042541504	0.0	0.0	2.66032075881958	3.8864142894744873	0.0	0.0	0.0	0.0	2.820256233215332	2.2523295879364014	0.0	2.3753809928894043	3.1498219966888428	4.9907121658325195	0.0	7.009634494781494	2.838888168334961	2.2006585597991943	3.834277868270874	4.083433628082275	0.0	0.0	0.0	0.0	0.0	2.704023599624634	0.0	4.18529748916626	0.0	0.0	0.0	5.3437700271606445	0.0	3.2409865856170654	0.0	4.726731777191162	3.8950490951538086	0.0	0.0	0.0	2.884324073791504	0.0	0.0	0.0	0.0	0.0	0.0	0.0	3.1133694648742676	0.0	0.0	0.0	0.0	0.0	0.0	0.0	0.0	0.0	0.0	0.0	4.827151775360107	0.0	0.0	0.0	0.0	0.0	0.0	0.0	4.7885565757751465	3.9922661781311035	3.5520458221435547	0.0	0.0	0.0	0.0	4.096949577331543	0.0	0.0	0.0	0.0	0.0	0.0	0.0	2.213287830352783	3.6402363777160645	0.0	5.785297393798828	3.982522964477539	3.266746759414673	0.0	0.0	3.7657668590545654	0.0	0.0	0.0	0.0	0.0	0.0	0.0	0.0	3.2896220684051514	0.0	0.0	0.0	0.0	2.805583953857422
4.497921466827393	0.0	0.0	0.0	5.512172698974609	0.0	5.945860862731934	0.0	0.0	0.0	0.0	0.0	0.0	0.0	0.0	0.0	3.586245536804199	2.4017417430877686	0.0	0.0	0.0	1.9581257104873657	0.0	0.0	2.6621830463409424	3.8897781372070312	0.0	0.0	0.0	0.0	2.8223607540130615	2.2543790340423584	0.0	2.3783411979675293	3.1518747806549072	4.9943623542785645	0.0	7.015778064727783	2.841395139694214	2.2009780406951904	3.8361892700195312	4.085938453674316	0.0	0.0	0.0	0.0	0.0	2.7049403190612793	0.0	4.187439441680908	0.0	0.0	0.0	5.346808910369873	0.0	3.2449381351470947	0.0	4.730208396911621	3.898197650909424	0.0	0.0	0.0	2.8874826431274414	0.0	0.0	0.0	0.0	0.0	0.0	0.0	3.1151723861694336	0.0	0.0	0.0	0.0	0.0	0.0	0.0	0.0	0.0	0.0	0.0	4.831396579742432	0.0	0.0	0.0	0.0	0.0	0.0	0.0	4.792272090911865	3.994422197341919	3.554318904876709	0.0	0.0	0.0	0.0	4.101016044616699	0.0	0.0	0.0	0.0	0.0	0.0	0.0	2.2130913734436035	3.642909288406372	0.0	5.78823709487915	3.987104654312134	3.2698395252227783	0.0	0.0	3.768428087234497	0.0	0.0	0.0	0.0	0.0	0.0	0.0	0.0	3.2914600372314453	0.0	0.0	0.0	0.0	2.8071820735931396
4.496488094329834	0.0	0.0	0.0	5.510781764984131	0.0	5.943501949310303	0.0	0.0	0.0	0.0	0.0	0.0	0.0	0.0	0.0	3.5858845710754395	2.400507688522339	0.0	0.0	0.0	1.9565701484680176	0.0	0.0	2.6620736122131348	3.888056755065918	0.0	0.0	0.0	0.0	2.8224925994873047	2.253767490386963	0.0	2.3777313232421875	3.1513707637786865	4.993232250213623	0.0	7.013750076293945	2.8406360149383545	2.2008249759674072	3.835218906402588	4.085318565368652	0.0	0.0	0.0	0.0	0.0	2.7042059898376465	0.0	4.186912536621094	0.0	0.0	0.0	5.344924449920654	0.0	3.2425098419189453	0.0	4.728491306304932	3.897246837615967	0.0	0.0	0.0	2.885981321334839	0.0	0.0	0.0	0.0	0.0	0.0	0.0	3.113283634185791	0.0	0.0	0.0	0.0	0.0	0.0	0.0	0.0	0.0	0.0	0.0	4.830223560333252	0.0	0.0	0.0	0.0	0.0	0.0	0.0	4.789834022521973	3.9928431510925293	3.5537028312683105	0.0	0.0	0.0	0.0	4.099617958068848	0.0	0.0	0.0	0.0	0.0	0.0	0.0	2.2144832611083984	3.6413562297821045	0.0	5.786409854888916	3.9853549003601074	3.2680633068084717	0.0	0.0	3.766906976699829	0.0	0.0	0.0	0.0	0.0	0.0	0.0	0.0	3.2910258769989014	0.0	0.0	0.0	0.0	2.8065643310546875
4.497904300689697	0.0	0.0	0.0	5.511845111846924	0.0	5.945592880249023	0.0	0.0	0.0	0.0	0.0	0.0	0.0	0.0	0.0	3.5869600772857666	2.400813341140747	0.0	0.0	0.0	1.9565684795379639	0.0	0.0	2.6619129180908203	3.889694929122925	0.0	0.0	0.0	0.0	2.823521852493286	2.2544193267822266	0.0	2.3783340454101562	3.151456832885742	4.994283676147461	0.0	7.015689849853516	2.841341733932495	2.201746940612793	3.8368079662323	4.086364269256592	0.0	0.0	0.0	0.0	0.0	2.7046470642089844	0.0	4.188830852508545	0.0	0.0	0.0	5.3467607498168945	0.0	3.244528293609619	0.0	4.730148792266846	3.8990936279296875	0.0	0.0	0.0	2.8874940872192383	0.0	0.0	0.0	0.0	0.0	0.0	0.0	3.115438938140869	0.0	0.0	0.0	0.0	0.0	0.0	0.0	0.0	0.0	0.0	0.0	4.831777095794678	0.0	0.0	0.0	0.0	0.0	0.0	0.0	4.791936874389648	3.9938623905181885	3.554252862930298	0.0	0.0	0.0	0.0	4.10048246383667	0.0	0.0	0.0	0.0	0.0	0.0	0.0	2.2146155834198	3.64338755607605	0.0	5.788149833679199	3.9875946044921875	3.2691245079040527	0.0	0.0	3.7687644958496094	0.0	0.0	0.0	0.0	0.0	0.0	0.0	0.0	3.292288064956665	0.0	0.0	0.0	0.0	2.807185649871826
4.494551181793213	0.0	0.0	0.0	5.508070945739746	0.0	5.942016124725342	0.0	0.0	0.0	0.0	0.0	0.0	0.0	0.0	0.0	3.583700656890869	2.4005212783813477	0.0	0.0	0.0	1.9571821689605713	0.0	0.0	2.6604185104370117	3.886617422103882	0.0	0.0	0.0	0.0	2.8206093311309814	2.252803087234497	0.0	2.377603769302368	3.14997935295105	4.990296840667725	0.0	7.01104211807251	2.8396246433258057	2.200047731399536	3.8337597846984863	4.08314847946167	0.0	0.0	0.0	0.0	0.0	2.702887535095215	0.0	4.185012340545654	0.0	0.0	0.0	5.343026638031006	0.0	3.242197036743164	0.0	4.726700305938721	3.895526170730591	0.0	0.0	0.0	2.8850080966949463	0.0	0.0	0.0	0.0	0.0	0.0	0.0	3.1123440265655518	0.0	0.0	0.0	0.0	0.0	0.0	0.0	0.0	0.0	0.0	0.0	4.828396797180176	0.0	0.0	0.0	0.0	0.0	0.0	0.0	4.788208961486816	3.99056339263916	3.551628351211548	0.0	0.0	0.0	0.0	4.097854137420654	0.0	0.0	0.0	0.0	0.0	0.0	0.0	2.212137460708618	3.6410157680511475	0.0	5.784049987792969	3.983419895172119	3.2669105529785156	0.0	0.0	3.7661430835723877	0.0	0.0	0.0	0.0	0.0	0.0	0.0	0.0	3.290238857269287	0.0	0.0	0.0	0.0	2.8053975105285645
4.499637126922607	0.0	0.0	0.0	5.5130085945129395	0.0	5.945420742034912	0.0	0.0	0.0	0.0	0.0	0.0	0.0	0.0	0.0	3.5877509117126465	2.4014456272125244	0.0	0.0	0.0	1.9578150510787964	0.0	0.0	2.6631903648376465	3.8902134895324707	0.0	0.0	0.0	0.0	2.823974370956421	2.255291700363159	0.0	2.378570556640625	3.1524887084960938	4.9948601722717285	0.0	7.016230583190918	2.8416848182678223	2.2030599117279053	3.8379664421081543	4.086588382720947	0.0	0.0	0.0	0.0	0.0	2.7067387104034424	0.0	4.189788818359375	0.0	0.0	0.0	5.3475022315979	0.0	3.2441036701202393	0.0	4.731048107147217	3.8992388248443604	0.0	0.0	0.0	2.886651039123535	0.0	0.0	0.0	0.0	0.0	0.0	0.0	3.1154539585113525	0.0	0.0	0.0	0.0	0.0	0.0	0.0	0.0	0.0	0.0	0.0	4.832320213317871	0.0	0.0	0.0	0.0	0.0	0.0	0.0	4.792418003082275	3.9968678951263428	3.555694580078125	0.0	0.0	0.0	0.0	4.100759983062744	0.0	0.0	0.0	0.0	0.0	0.0	0.0	2.2148172855377197	3.644745349884033	0.0	5.789617538452148	3.987572431564331	3.2696292400360107	0.0	0.0	3.769803047180176	0.0	0.0	0.0	0.0	0.0	0.0	0.0	0.0	3.293144941329956	0.0	0.0	0.0	0.0	2.8078360557556152
4.497461318969727	0.0	0.0	0.0	5.511423110961914	0.0	5.945550918579102	0.0	0.0	0.0	0.0	0.0	0.0	0.0	0.0	0.0	3.586642265319824	2.401804208755493	0.0	0.0	0.0	1.957073450088501	0.0	0.0	2.6613690853118896	3.8895328044891357	0.0	0.0	0.0	0.0	2.822448253631592	2.2540032863616943	0.0	2.3784079551696777	3.1508922576904297	4.9937520027160645	0.0	7.014458656311035	2.8415684700012207	2.201507329940796	3.83559250831604	4.085188865661621	0.0	0.0	0.0	0.0	0.0	2.7051148414611816	0.0	4.186398029327393	0.0	0.0	0.0	5.346016883850098	0.0	3.2441890239715576	0.0	4.730164051055908	3.89762020111084	0.0	0.0	0.0	2.887299060821533	0.0	0.0	0.0	0.0	0.0	0.0	0.0	3.1137688159942627	0.0	0.0	0.0	0.0	0.0	0.0	0.0	0.0	0.0	0.0	0.0	4.830367088317871	0.0	0.0	0.0	0.0	0.0	0.0	0.0	4.791276931762695	3.9939756393432617	3.554248094558716	0.0	0.0	0.0	0.0	4.100790023803711	0.0	0.0	0.0	0.0	0.0	0.0	0.0	2.2139334678649902	3.6423590183258057	0.0	5.787595748901367	3.9862287044525146	3.2683379650115967	0.0	0.0	3.7682454586029053	0.0	0.0	0.0	0.0	0.0	0.0	0.0	0.0	3.2908310890197754	0.0	0.0	0.0	0.0	2.8061869144439697
4.491411209106445	0.0	0.0	0.0	5.505459308624268	0.0	5.938111305236816	0.0	0.0	0.0	0.0	0.0	0.0	0.0	0.0	0.0	3.5817084312438965	2.3985519409179688	0.0	0.0	0.0	1.9559561014175415	0.0	0.0	2.6580569744110107	3.8849191665649414	0.0	0.0	0.0	0.0	2.818603754043579	2.250943660736084	0.0	2.3738818168640137	3.146893262863159	4.987158298492432	0.0	7.006412506103516	2.8371832370758057	2.1982226371765137	3.8314619064331055	4.080349922180176	0.0	0.0	0.0	0.0	0.0	2.7014288902282715	0.0	4.182028770446777	0.0	0.0	0.0	5.339766502380371	0.0	3.241361379623413	0.0	4.723890781402588	3.892413854598999	0.0	0.0	0.0	2.883470058441162	0.0	0.0	0.0	0.0	0.0	0.0	0.0	3.11069655418396	0.0	0.0	0.0	0.0	0.0	0.0	0.0	0.0	0.0	0.0	0.0	4.82438325881958	0.0	0.0	0.0	0.0	0.0	0.0	0.0	4.785269737243652	3.9882822036743164	3.5504820346832275	0.0	0.0	0.0	0.0	4.096902370452881	0.0	0.0	0.0	0.0	0.0	0.0	0.0	2.2118208408355713	3.63861083984375	0.0	5.78117561340332	3.9811408519744873	3.2645444869995117	0.0	0.0	3.7638497352600098	0.0	0.0	0.0	0.0	0.0	0.0	0.0	0.0	3.2875430583953857	0.0	0.0	0.0	0.0	2.803976058959961
4.498631477355957	0.0	0.0	0.0	5.512599945068359	0.0	5.9462409019470215	0.0	0.0	0.0	0.0	0.0	0.0	0.0	0.0	0.0	3.587129592895508	2.402272939682007	0.0	0.0	0.0	1.9585176706314087	0.0	0.0	2.6622297763824463	3.889749765396118	0.0	0.0	0.0	0.0	2.824345827102661	2.254176616668701	0.0	2.3795690536499023	3.1516385078430176	4.994517803192139	0.0	7.016478061676025	2.8426060676574707	2.2014245986938477	3.837543487548828	4.086211204528809	0.0	0.0	0.0	0.0	0.0	2.7061784267425537	0.0	4.188266277313232	0.0	0.0	0.0	5.347728252410889	0.0	3.2453975677490234	0.0	4.73084831237793	3.8996379375457764	0.0	0.0	0.0	2.88765025138855	0.0	0.0	0.0	0.0	0.0	0.0	0.0	3.1158008575439453	0.0	0.0	0.0	0.0	0.0	0.0	0.0	0.0	0.0	0.0	0.0	4.832067966461182	0.0	0.0	0.0	0.0	0.0	0.0	0.0	4.792353630065918	3.994770050048828	3.5555224418640137	0.0	0.0	0.0	0.0	4.101287841796875	0.0	0.0	0.0	0.0	0.0	0.0	0.0	2.2144765853881836	3.643522024154663	0.0	5.7900166511535645	3.9875271320343018	3.2699778079986572	0.0	0.0	3.76861310005188	0.0	0.0	0.0	0.0	0.0	0.0	0.0	0.0	3.2922043800354004	0.0	0.0	0.0	0.0	2.8071694374084473
4.493880271911621	0.0	0.0	0.0	5.5064616203308105	0.0	5.939940929412842	0.0	0.0	0.0	0.0	0.0	0.0	0.0	0.0	0.0	3.5840072631835938	2.3999695777893066	0.0	0.0	0.0	1.9559950828552246	0.0	0.0	2.659809112548828	3.8854877948760986	0.0	0.0	0.0	0.0	2.8212387561798096	2.2521185874938965	0.0	2.375856876373291	3.1493587493896484	4.989765644073486	0.0	7.00788688659668	2.839301586151123	2.200364589691162	3.8332982063293457	4.082824230194092	0.0	0.0	0.0	0.0	0.0	2.702791452407837	0.0	4.183858871459961	0.0	0.0	0.0	5.342417240142822	0.0	3.241136074066162	0.0	4.726132392883301	3.8954286575317383	0.0	0.0	0.0	2.884582281112671	0.0	0.0	0.0	0.0	0.0	0.0	0.0	3.1125974655151367	0.0	0.0	0.0	0.0	0.0	0.0	0.0	0.0	0.0	0.0	0.0	4.826559066772461	0.0	0.0	0.0	0.0	0.0	0.0	0.0	4.7880072593688965	3.9917914867401123	3.5513782501220703	0.0	0.0	0.0	0.0	4.096216201782227	0.0	0.0	0.0	0.0	0.0	0.0	0.0	2.21156644821167	3.6395790576934814	0.0	5.783842086791992	3.9822580814361572	3.266228675842285	0.0	0.0	3.7651424407958984	0.0	0.0	0.0	0.0	0.0	0.0	0.0	0.0	3.289231777191162	0.0	0.0	0.0	0.0	2.804208278656006
4.492994785308838	0.0	0.0	0.0	5.5061445236206055	0.0	5.938291072845459	0.0	0.0	0.0	0.0	0.0	0.0	0.0	0.0	0.0	3.5818209648132324	2.3984737396240234	0.0	0.0	0.0	1.9554400444030762	0.0	0.0	2.659025192260742	3.8849895000457764	0.0	0.0	0.0	0.0	2.8197388648986816	2.2514891624450684	0.0	2.3743340969085693	3.147742509841919	4.9886651039123535	0.0	7.007268905639648	2.8383426666259766	2.1991214752197266	3.8321316242218018	4.080975532531738	0.0	0.0	0.0	0.0	0.0	2.702428102493286	0.0	4.182306289672852	0.0	0.0	0.0	5.340933799743652	0.0	3.2407729625701904	0.0	4.7241740226745605	3.8938815593719482	0.0	0.0	0.0	2.8838751316070557	0.0	0.0	0.0	0.0	0.0	0.0	0.0	3.11169171333313	0.0	0.0	0.0	0.0	0.0	0.0	0.0	0.0	0.0	0.0	0.0	4.826620101928711	0.0	0.0	0.0	0.0	0.0	0.0	0.0	4.786550998687744	3.9890317916870117	3.5509979724884033	0.0	0.0	0.0	0.0	4.096372604370117	0.0	0.0	0.0	0.0	0.0	0.0	0.0	2.210742235183716	3.6386570930480957	0.0	5.7817702293396	3.9816882610321045	3.2653093338012695	0.0	0.0	3.764442205429077	0.0	0.0	0.0	0.0	0.0	0.0	0.0	0.0	3.288347005844116	0.0	0.0	0.0	0.0	2.8035457134246826
4.492962837219238	0.0	0.0	0.0	5.507634162902832	0.0	5.942298412322998	0.0	0.0	0.0	0.0	0.0	0.0	0.0	0.0	0.0	3.5831055641174316	2.401157855987549	0.0	0.0	0.0	1.9561712741851807	0.0	0.0	2.6589701175689697	3.8855679035186768	0.0	0.0	0.0	0.0	2.8198466300964355	2.252859592437744	0.0	2.376110553741455	3.1491076946258545	4.989329814910889	0.0	7.010422706604004	2.83933162689209	2.1984007358551025	3.834045648574829	4.08231782913208	0.0	0.0	0.0	0.0	0.0	2.7022595405578613	0.0	4.183344841003418	0.0	0.0	0.0	5.34194278717041	0.0	3.2425155639648438	0.0	4.726894378662109	3.894805669784546	0.0	0.0	0.0	2.8852503299713135	0.0	0.0	0.0	0.0	0.0	0.0	0.0	3.1106808185577393	0.0	0.0	0.0	0.0	0.0	0.0	0.0	0.0	0.0	0.0	0.0	4.827090740203857	0.0	0.0	0.0	0.0	0.0	0.0	0.0	4.787889003753662	3.989194631576538	3.551669120788574	0.0	0.0	0.0	0.0	4.096893787384033	0.0	0.0	0.0	0.0	0.0	0.0	0.0	2.2122814655303955	3.639410972595215	0.0	5.783267021179199	3.9828996658325195	3.266726016998291	0.0	0.0	3.7652649879455566	0.0	0.0	0.0	0.0	0.0	0.0	0.0	0.0	3.2889368534088135	0.0	0.0	0.0	0.0	2.8047027587890625
4.497023582458496	0.0	0.0	0.0	5.510711193084717	0.0	5.943704605102539	0.0	0.0	0.0	0.0	0.0	0.0	0.0	0.0	0.0	3.5854105949401855	2.4010508060455322	0.0	0.0	0.0	1.9574036598205566	0.0	0.0	2.662097215652466	3.8882076740264893	0.0	0.0	0.0	0.0	2.822777509689331	2.253634452819824	0.0	2.3777973651885986	3.1503946781158447	4.992534160614014	0.0	7.012847900390625	2.841423749923706	2.2004053592681885	3.8357930183410645	4.08490514755249	0.0	0.0	0.0	0.0	0.0	2.7043261528015137	0.0	4.185274600982666	0.0	0.0	0.0	5.345266819000244	0.0	3.243365526199341	0.0	4.728396892547607	3.8981759548187256	0.0	0.0	0.0	2.8871169090270996	0.0	0.0	0.0	0.0	0.0	0.0	0.0	3.1137142181396484	0.0	0.0	0.0	0.0	0.0	0.0	0.0	0.0	0.0	0.0	0.0	4.829599857330322	0.0	0.0	0.0	0.0	0.0	0.0	0.0	4.790869235992432	3.9940450191497803	3.5533957481384277	0.0	0.0	0.0	0.0	4.100217819213867	0.0	0.0	0.0	0.0	0.0	0.0	0.0	2.2126026153564453	3.6417956352233887	0.0	5.7863450050354	3.9853854179382324	3.2685468196868896	0.0	0.0	3.767657518386841	0.0	0.0	0.0	0.0	0.0	0.0	0.0	0.0	3.2904391288757324	0.0	0.0	0.0	0.0	2.80623197555542
4.497242450714111	0.0	0.0	0.0	5.510933876037598	0.0	5.944553852081299	0.0	0.0	0.0	0.0	0.0	0.0	0.0	0.0	0.0	3.586038112640381	2.401144027709961	0.0	0.0	0.0	1.9573346376419067	0.0	0.0	2.6624879837036133	3.889150381088257	0.0	0.0	0.0	0.0	2.822719097137451	2.253103494644165	0.0	2.3783841133117676	3.1499879360198975	4.9932050704956055	0.0	7.0132927894592285	2.8412458896636963	2.2015011310577393	3.8371422290802	4.08573055267334	0.0	0.0	0.0	0.0	0.0	2.7043919563293457	0.0	4.187375545501709	0.0	0.0	0.0	5.345667362213135	0.0	3.243662118911743	0.0	4.728514194488525	3.8977010250091553	0.0	0.0	0.0	2.886657953262329	0.0	0.0	0.0	0.0	0.0	0.0	0.0	3.1148693561553955	0.0	0.0	0.0	0.0	0.0	0.0	0.0	0.0	0.0	0.0	0.0	4.830864429473877	0.0	0.0	0.0	0.0	0.0	0.0	0.0	4.791247844696045	3.994175434112549	3.554382085800171	0.0	0.0	0.0	0.0	4.099366188049316	0.0	0.0	0.0	0.0	0.0	0.0	0.0	2.2135086059570312	3.6417572498321533	0.0	5.787555694580078	3.98567795753479	3.269131660461426	0.0	0.0	3.767979383468628	0.0	0.0	0.0	0.0	0.0	0.0	0.0	0.0	3.290886640548706	0.0	0.0	0.0	0.0	2.8071112632751465
4.494255065917969	0.0	0.0	0.0	5.506453514099121	0.0	5.939992904663086	0.0	0.0	0.0	0.0	0.0	0.0	0.0	0.0	0.0	3.5829102993011475	2.3994553089141846	0.0	0.0	0.0	1.9564930200576782	0.0	0.0	2.6589372158050537	3.887269973754883	0.0	0.0	0.0	0.0	2.822019577026367	2.253793954849243	0.0	2.3764724731445312	3.1491308212280273	4.989540100097656	0.0	7.009922504425049	2.8398072719573975	2.199775218963623	3.8339810371398926	4.0812835693359375	0.0	0.0	0.0	0.0	0.0	2.701936721801758	0.0	4.183157920837402	0.0	0.0	0.0	5.34175968170166	0.0	3.2413408756256104	0.0	4.724851608276367	3.8946115970611572	0.0	0.0	0.0	2.8843889236450195	0.0	0.0	0.0	0.0	0.0	0.0	0.0	3.1130781173706055	0.0	0.0	0.0	0.0	0.0	0.0	0.0	0.0	0.0	0.0	0.0	4.827699184417725	0.0	0.0	0.0	0.0	0.0	0.0	0.0	4.789104461669922	3.990807056427002	3.552246570587158	0.0	0.0	0.0	0.0	4.09720516204834	0.0	0.0	0.0	0.0	0.0	0.0	0.0	2.211573600769043	3.6407415866851807	0.0	5.783978462219238	3.982992649078369	3.265578031539917	0.0	0.0	3.766218662261963	0.0	0.0	0.0	0.0	0.0	0.0	0.0	0.0	3.2885687351226807	0.0	0.0	0.0	0.0	2.804386854171753
4.497839450836182	0.0	0.0	0.0	5.51217794418335	0.0	5.945242881774902	0.0	0.0	0.0	0.0	0.0	0.0	0.0	0.0	0.0	3.586252212524414	2.4014339447021484	0.0	0.0	0.0	1.9573084115982056	0.0	0.0	2.662160873413086	3.889899969100952	0.0	0.0	0.0	0.0	2.8224451541900635	2.2539687156677246	0.0	2.3775196075439453	3.151348829269409	4.9942307472229	0.0	7.0158305168151855	2.8419148921966553	2.2020866870880127	3.8369674682617188	4.085606575012207	0.0	0.0	0.0	0.0	0.0	2.7047717571258545	0.0	4.186316967010498	0.0	0.0	0.0	5.346953868865967	0.0	3.244924545288086	0.0	4.730560302734375	3.899186611175537	0.0	0.0	0.0	2.886953830718994	0.0	0.0	0.0	0.0	0.0	0.0	0.0	3.1148605346679688	0.0	0.0	0.0	0.0	0.0	0.0	0.0	0.0	0.0	0.0	0.0	4.830136299133301	0.0	0.0	0.0	0.0	0.0	0.0	0.0	4.791758060455322	3.9941163063049316	3.5538766384124756	0.0	0.0	0.0	0.0	4.100203037261963	0.0	0.0	0.0	0.0	0.0	0.0	0.0	2.2144036293029785	3.642348289489746	0.0	5.788262367248535	3.9859306812286377	3.269345998764038	0.0	0.0	3.768198013305664	0.0	0.0	0.0	0.0	0.0	0.0	0.0	0.0	3.291639566421509	0.0	0.0	0.0	0.0	2.807379722595215
4.492091178894043	0.0	0.0	0.0	5.505966663360596	0.0	5.938540458679199	0.0	0.0	0.0	0.0	0.0	0.0	0.0	0.0	0.0	3.5810654163360596	2.397918462753296	0.0	0.0	0.0	1.9561632871627808	0.0	0.0	2.658828020095825	3.8847391605377197	0.0	0.0	0.0	0.0	2.820143938064575	2.252537965774536	0.0	2.3761844635009766	3.1472744941711426	4.987614154815674	0.0	7.008201599121094	2.8380393981933594	2.198317766189575	3.8314199447631836	4.08034086227417	0.0	0.0	0.0	0.0	0.0	2.7018375396728516	0.0	4.182536602020264	0.0	0.0	0.0	5.340729236602783	0.0	3.2409067153930664	0.0	4.724699020385742	3.8937716484069824	0.0	0.0	0.0	2.8840479850769043	0.0	0.0	0.0	0.0	0.0	0.0	0.0	3.111117124557495	0.0	0.0	0.0	0.0	0.0	0.0	0.0	0.0	0.0	0.0	0.0	4.825545787811279	0.0	0.0	0.0	0.0	0.0	0.0	0.0	4.787085056304932	3.988286018371582	3.5516271591186523	0.0	0.0	0.0	0.0	4.095839977264404	0.0	0.0	0.0	0.0	0.0	0.0	0.0	2.2116615772247314	3.6380252838134766	0.0	5.781705856323242	3.9804575443267822	3.265838146209717	0.0	0.0	3.7647817134857178	0.0	0.0	0.0	0.0	0.0	0.0	0.0	0.0	3.288459300994873	0.0	0.0	0.0	0.0	2.8050010204315186
4.483988285064697	0.0	0.0	0.0	5.496646881103516	0.0	5.929858684539795	0.0	0.0	0.0	0.0	0.0	0.0	0.0	0.0	0.0	3.575951337814331	2.3958096504211426	0.0	0.0	0.0	1.9513425827026367	0.0	0.0	2.6552460193634033	3.8780276775360107	0.0	0.0	0.0	0.0	2.8139846324920654	2.2480196952819824	0.0	2.370985269546509	3.1434431076049805	4.9794721603393555	0.0	6.996127128601074	2.8329927921295166	2.1944620609283447	3.8259096145629883	4.074337959289551	0.0	0.0	0.0	0.0	0.0	2.6962928771972656	0.0	4.174837589263916	0.0	0.0	0.0	5.3308939933776855	0.0	3.2363393306732178	0.0	4.7172465324401855	3.888273239135742	0.0	0.0	0.0	2.8808486461639404	0.0	0.0	0.0	0.0	0.0	0.0	0.0	3.1052052974700928	0.0	0.0	0.0	0.0	0.0	0.0	0.0	0.0	0.0	0.0	0.0	4.817420482635498	0.0	0.0	0.0	0.0	0.0	0.0	0.0	4.778288841247559	3.981757164001465	3.543938159942627	0.0	0.0	0.0	0.0	4.089476108551025	0.0	0.0	0.0	0.0	0.0	0.0	0.0	2.208357810974121	3.632021188735962	0.0	5.771643161773682	3.9746899604797363	3.2595763206481934	0.0	0.0	3.7578017711639404	0.0	0.0	0.0	0.0	0.0	0.0	0.0	0.0	3.2830734252929688	0.0	0.0	0.0	0.0	2.7995896339416504
4.496326446533203	0.0	0.0	0.0	5.511857032775879	0.0	5.94502592086792	0.0	0.0	0.0	0.0	0.0	0.0	0.0	0.0	0.0	3.5856261253356934	2.402081251144409	0.0	0.0	0.0	1.9572298526763916	0.0	0.0	2.6615350246429443	3.8891167640686035	0.0	0.0	0.0	0.0	2.822622776031494	2.2541940212249756	0.0	2.377882957458496	3.1511082649230957	4.993119239807129	0.0	7.014437675476074	2.8416476249694824	2.2007761001586914	3.8360652923583984	4.085263729095459	0.0	0.0	0.0	0.0	0.0	2.7049319744110107	0.0	4.1877946853637695	0.0	0.0	0.0	5.346255779266357	0.0	3.2449827194213867	0.0	4.7297444343566895	3.898365020751953	0.0	0.0	0.0	2.8881125450134277	0.0	0.0	0.0	0.0	0.0	0.0	0.0	3.113962411880493	0.0	0.0	0.0	0.0	0.0	0.0	0.0	0.0	0.0	0.0	0.0	4.83073616027832	0.0	0.0	0.0	0.0	0.0	0.0	0.0	4.79220724105835	3.9935832023620605	3.5544583797454834	0.0	0.0	0.0	0.0	4.100708961486816	0.0	0.0	0.0	0.0	0.0	0.0	0.0	2.2140400409698486	3.6421830654144287	0.0	5.788218021392822	3.9857125282287598	3.268744468688965	0.0	0.0	3.76814866065979	0.0	0.0	0.0	0.0	0.0	0.0	0.0	0.0	3.2906911373138428	0.0	0.0	0.0	0.0	2.8071341514587402
4.495112419128418	0.0	0.0	0.0	5.50938081741333	0.0	5.942926406860352	0.0	0.0	0.0	0.0	0.0	0.0	0.0	0.0	0.0	3.5839121341705322	2.4003915786743164	0.0	0.0	0.0	1.956812858581543	0.0	0.0	2.6609678268432617	3.8879244327545166	0.0	0.0	0.0	0.0	2.8207015991210938	2.253333568572998	0.0	2.377114772796631	3.1496856212615967	4.991650104522705	0.0	7.012770175933838	2.840359926223755	2.1995110511779785	3.834491491317749	4.084419250488281	0.0	0.0	0.0	0.0	0.0	2.7031376361846924	0.0	4.185960292816162	0.0	0.0	0.0	5.344222545623779	0.0	3.2431447505950928	0.0	4.7292022705078125	3.896493673324585	0.0	0.0	0.0	2.8856189250946045	0.0	0.0	0.0	0.0	0.0	0.0	0.0	3.113130807876587	0.0	0.0	0.0	0.0	0.0	0.0	0.0	0.0	0.0	0.0	0.0	4.82859992980957	0.0	0.0	0.0	0.0	0.0	0.0	0.0	4.789731025695801	3.9917168617248535	3.5535178184509277	0.0	0.0	0.0	0.0	4.099241256713867	0.0	0.0	0.0	0.0	0.0	0.0	0.0	2.212937831878662	3.639791488647461	0.0	5.785004138946533	3.9840199947357178	3.2681238651275635	0.0	0.0	3.7670178413391113	0.0	0.0	0.0	0.0	0.0	0.0	0.0	0.0	3.2898271083831787	0.0	0.0	0.0	0.0	2.8054311275482178
4.49794864654541	0.0	0.0	0.0	5.512528419494629	0.0	5.945854663848877	0.0	0.0	0.0	0.0	0.0	0.0	0.0	0.0	0.0	3.5859904289245605	2.4012694358825684	0.0	0.0	0.0	1.9574021100997925	0.0	0.0	2.661679744720459	3.8897953033447266	0.0	0.0	0.0	0.0	2.8226921558380127	2.2548396587371826	0.0	2.377295732498169	3.1510040760040283	4.994258403778076	0.0	7.015750885009766	2.842215061187744	2.2014291286468506	3.8374128341674805	4.086278915405273	0.0	0.0	0.0	0.0	0.0	2.7055411338806152	0.0	4.187997341156006	0.0	0.0	0.0	5.346328258514404	0.0	3.244429349899292	0.0	4.731173038482666	3.89839506149292	0.0	0.0	0.0	2.88588547706604	0.0	0.0	0.0	0.0	0.0	0.0	0.0	3.1143312454223633	0.0	0.0	0.0	0.0	0.0	0.0	0.0	0.0	0.0	0.0	0.0	4.831562519073486	0.0	0.0	0.0	0.0	0.0	0.0	0.0	4.792752265930176	3.9941108226776123	3.5545661449432373	0.0	0.0	0.0	0.0	4.10139799118042	0.0	0.0	0.0	0.0	0.0	0.0	0.0	2.213888168334961	3.6419317722320557	0.0	5.789130687713623	3.9864847660064697	3.2694814205169678	0.0	0.0	3.76865553855896	0.0	0.0	0.0	0.0	0.0	0.0	0.0	0.0	3.2927567958831787	0.0	0.0	0.0	0.0	2.807934284210205
4.494531154632568	0.0	0.0	0.0	5.508377552032471	0.0	5.942993640899658	0.0	0.0	0.0	0.0	0.0	0.0	0.0	0.0	0.0	3.5835301876068115	2.4008915424346924	0.0	0.0	0.0	1.9563443660736084	0.0	0.0	2.660414695739746	3.8873136043548584	0.0	0.0	0.0	0.0	2.820261001586914	2.2530875205993652	0.0	2.3772499561309814	3.149149179458618	4.990969181060791	0.0	7.011967658996582	2.8393728733062744	2.1998860836029053	3.834911346435547	4.083661079406738	0.0	0.0	0.0	0.0	0.0	2.7029922008514404	0.0	4.184195041656494	0.0	0.0	0.0	5.343575954437256	0.0	3.242166042327881	0.0	4.727580547332764	3.895676612854004	0.0	0.0	0.0	2.885589599609375	0.0	0.0	0.0	0.0	0.0	0.0	0.0	3.1128413677215576	0.0	0.0	0.0	0.0	0.0	0.0	0.0	0.0	0.0	0.0	0.0	4.828193187713623	0.0	0.0	0.0	0.0	0.0	0.0	0.0	4.789371490478516	3.991307020187378	3.552172899246216	0.0	0.0	0.0	0.0	4.098378658294678	0.0	0.0	0.0	0.0	0.0	0.0	0.0	2.212778329849243	3.6411397457122803	0.0	5.784785747528076	3.9841060638427734	3.2680296897888184	0.0	0.0	3.766608953475952	0.0	0.0	0.0	0.0	0.0	0.0	0.0	0.0	3.290282726287842	0.0	0.0	0.0	0.0	2.805985927581787
4.497402667999268	0.0	0.0	0.0	5.511665344238281	0.0	5.9440412521362305	0.0	0.0	0.0	0.0	0.0	0.0	0.0	0.0	0.0	3.5851852893829346	2.4012563228607178	0.0	0.0	0.0	1.9571750164031982	0.0	0.0	2.6617934703826904	3.88818621635437	0.0	0.0	0.0	0.0	2.822321653366089	2.253598690032959	0.0	2.3779759407043457	3.1514394283294678	4.99304723739624	0.0	7.014535427093506	2.8418776988983154	2.200774669647217	3.835996627807617	4.085026741027832	0.0	0.0	0.0	0.0	0.0	2.7036092281341553	0.0	4.186803340911865	0.0	0.0	0.0	5.345554351806641	0.0	3.2436399459838867	0.0	4.72960090637207	3.898467540740967	0.0	0.0	0.0	2.8865177631378174	0.0	0.0	0.0	0.0	0.0	0.0	0.0	3.1143805980682373	0.0	0.0	0.0	0.0	0.0	0.0	0.0	0.0	0.0	0.0	0.0	4.829745292663574	0.0	0.0	0.0	0.0	0.0	0.0	0.0	4.791224956512451	3.992743492126465	3.55420184135437	0.0	0.0	0.0	0.0	4.099853038787842	0.0	0.0	0.0	0.0	0.0	0.0	0.0	2.213453531265259	3.64192533493042	0.0	5.787779331207275	3.985015630722046	3.268582820892334	0.0	0.0	3.7681446075439453	0.0	0.0	0.0	0.0	0.0	0.0	0.0	0.0	3.29158878326416	0.0	0.0	0.0	0.0	2.8070802688598633
4.495355606079102	0.0	0.0	0.0	5.508924961090088	0.0	5.942242622375488	0.0	0.0	0.0	0.0	0.0	0.0	0.0	0.0	0.0	3.5836992263793945	2.4007210731506348	0.0	0.0	0.0	1.9566073417663574	0.0	0.0	2.660677671432495	3.887209892272949	0.0	0.0	0.0	0.0	2.8206207752227783	2.253549814224243	0.0	2.3770651817321777	3.1495261192321777	4.99131965637207	0.0	7.010959625244141	2.840363025665283	2.1998677253723145	3.8351731300354004	4.08394718170166	0.0	0.0	0.0	0.0	0.0	2.7029943466186523	0.0	4.185702323913574	0.0	0.0	0.0	5.343886852264404	0.0	3.2427940368652344	0.0	4.727889060974121	3.8972461223602295	0.0	0.0	0.0	2.885612726211548	0.0	0.0	0.0	0.0	0.0	0.0	0.0	3.1124985218048096	0.0	0.0	0.0	0.0	0.0	0.0	0.0	0.0	0.0	0.0	0.0	4.829261302947998	0.0	0.0	0.0	0.0	0.0	0.0	0.0	4.7897467613220215	3.99204158782959	3.552185535430908	0.0	0.0	0.0	0.0	4.099440574645996	0.0	0.0	0.0	0.0	0.0	0.0	0.0	2.2129452228546143	3.640834331512451	0.0	5.7854323387146	3.9844613075256348	3.267641305923462	0.0	0.0	3.766110420227051	0.0	0.0	0.0	0.0	0.0	0.0	0.0	0.0	3.2898812294006348	0.0	0.0	0.0	0.0	2.806307792663574
4.492595195770264	0.0	0.0	0.0	5.505890846252441	0.0	5.937154293060303	0.0	0.0	0.0	0.0	0.0	0.0	0.0	0.0	0.0	3.5826549530029297	2.3984100818634033	0.0	0.0	0.0	1.9568061828613281	0.0	0.0	2.659419059753418	3.8849990367889404	0.0	0.0	0.0	0.0	2.820699453353882	2.251657009124756	0.0	2.3752694129943848	3.1479928493499756	4.989391803741455	0.0	7.006711006164551	2.838806390762329	2.200756549835205	3.83176326751709	4.080910682678223	0.0	0.0	0.0	0.0	0.0	2.7027270793914795	0.0	4.183890342712402	0.0	0.0	0.0	5.3401780128479	0.0	3.238934278488159	0.0	4.7232818603515625	3.8947112560272217	0.0	0.0	0.0	2.883049964904785	0.0	0.0	0.0	0.0	0.0	0.0	0.0	3.111983299255371	0.0	0.0	0.0	0.0	0.0	0.0	0.0	0.0	0.0	0.0	0.0	4.825953006744385	0.0	0.0	0.0	0.0	0.0	0.0	0.0	4.785267353057861	3.9909708499908447	3.551118850708008	0.0	0.0	0.0	0.0	4.096129417419434	0.0	0.0	0.0	0.0	0.0	0.0	0.0	2.212618827819824	3.639634132385254	0.0	5.781935691833496	3.981386661529541	3.263118028640747	0.0	0.0	3.7636163234710693	0.0	0.0	0.0	0.0	0.0	0.0	0.0	0.0	3.2897236347198486	0.0	0.0	0.0	0.0	2.8054087162017822
4.497823238372803	0.0	0.0	0.0	5.512161731719971	0.0	5.94611120223999	0.0	0.0	0.0	0.0	0.0	0.0	0.0	0.0	0.0	3.5858068466186523	2.4024085998535156	0.0	0.0	0.0	1.958012580871582	0.0	0.0	2.6620349884033203	3.889737844467163	0.0	0.0	0.0	0.0	2.8232483863830566	2.254626512527466	0.0	2.3788504600524902	3.1513922214508057	4.99407434463501	0.0	7.016510486602783	2.8420779705047607	2.20157790184021	3.8366074562072754	4.084773540496826	0.0	0.0	0.0	0.0	0.0	2.704975128173828	0.0	4.187123775482178	0.0	0.0	0.0	5.346805095672607	0.0	3.2452030181884766	0.0	4.731306076049805	3.899078607559204	0.0	0.0	0.0	2.887112617492676	0.0	0.0	0.0	0.0	0.0	0.0	0.0	3.114398717880249	0.0	0.0	0.0	0.0	0.0	0.0	0.0	0.0	0.0	0.0	0.0	4.831667900085449	0.0	0.0	0.0	0.0	0.0	0.0	0.0	4.7921061515808105	3.994075298309326	3.5550827980041504	0.0	0.0	0.0	0.0	4.101205825805664	0.0	0.0	0.0	0.0	0.0	0.0	0.0	2.214588165283203	3.642831802368164	0.0	5.78912353515625	3.9867892265319824	3.269508123397827	0.0	0.0	3.768958330154419	0.0	0.0	0.0	0.0	0.0	0.0	0.0	0.0	3.2927680015563965	0.0	0.0	0.0	0.0	2.8064725399017334
4.495455741882324	0.0	0.0	0.0	5.508781909942627	0.0	5.942295074462891	0.0	0.0	0.0	0.0	0.0	0.0	0.0	0.0	0.0	3.584872245788574	2.4005379676818848	0.0	0.0	0.0	1.9554721117019653	0.0	0.0	2.6607916355133057	3.887251615524292	0.0	0.0	0.0	0.0	2.8220155239105225	2.251431941986084	0.0	2.376662015914917	3.150151014328003	4.991726398468018	0.0	7.009774684906006	2.8409409523010254	2.201148509979248	3.83424973487854	4.083325386047363	0.0	0.0	0.0	0.0	0.0	2.70363187789917	0.0	4.185454368591309	0.0	0.0	0.0	5.344177722930908	0.0	3.2432680130004883	0.0	4.727321624755859	3.896331548690796	0.0	0.0	0.0	2.885765314102173	0.0	0.0	0.0	0.0	0.0	0.0	0.0	3.112675666809082	0.0	0.0	0.0	0.0	0.0	0.0	0.0	0.0	0.0	0.0	0.0	4.827383995056152	0.0	0.0	0.0	0.0	0.0	0.0	0.0	4.789589881896973	3.9920058250427246	3.5519986152648926	0.0	0.0	0.0	0.0	4.098162651062012	0.0	0.0	0.0	0.0	0.0	0.0	0.0	2.2129290103912354	3.6398587226867676	0.0	5.785369873046875	3.9827394485473633	3.2670648097991943	0.0	0.0	3.7659389972686768	0.0	0.0	0.0	0.0	0.0	0.0	0.0	0.0	3.289370059967041	0.0	0.0	0.0	0.0	2.8059844970703125
4.494439125061035	0.0	0.0	0.0	5.50766658782959	0.0	5.941616058349609	0.0	0.0	0.0	0.0	0.0	0.0	0.0	0.0	0.0	3.584228515625	2.399724245071411	0.0	0.0	0.0	1.955784797668457	0.0	0.0	2.6600308418273926	3.8859024047851562	0.0	0.0	0.0	0.0	2.8209457397460938	2.253448724746704	0.0	2.3757801055908203	3.1492645740509033	4.990420341491699	0.0	7.010566234588623	2.839432954788208	2.1998260021209717	3.8340682983398438	4.0830583572387695	0.0	0.0	0.0	0.0	0.0	2.703307867050171	0.0	4.1840314865112305	0.0	0.0	0.0	5.341581344604492	0.0	3.2421886920928955	0.0	4.7266926765441895	3.8949947357177734	0.0	0.0	0.0	2.8844375610351562	0.0	0.0	0.0	0.0	0.0	0.0	0.0	3.1124346256256104	0.0	0.0	0.0	0.0	0.0	0.0	0.0	0.0	0.0	0.0	0.0	4.828141689300537	0.0	0.0	0.0	0.0	0.0	0.0	0.0	4.788843154907227	3.9904587268829346	3.5527150630950928	0.0	0.0	0.0	0.0	4.097099781036377	0.0	0.0	0.0	0.0	0.0	0.0	0.0	2.2121376991271973	3.6400420665740967	0.0	5.784041881561279	3.983454465866089	3.2668099403381348	0.0	0.0	3.7659690380096436	0.0	0.0	0.0	0.0	0.0	0.0	0.0	0.0	3.2899022102355957	0.0	0.0	0.0	0.0	2.80550217628479
4.49371337890625	0.0	0.0	0.0	5.507076740264893	0.0	5.940556049346924	0.0	0.0	0.0	0.0	0.0	0.0	0.0	0.0	0.0	3.583430528640747	2.400338888168335	0.0	0.0	0.0	1.9568461179733276	0.0	0.0	2.6593408584594727	3.8859360218048096	0.0	0.0	0.0	0.0	2.8201863765716553	2.2516777515411377	0.0	2.3756892681121826	3.148615837097168	4.988674640655518	0.0	7.009205341339111	2.8377747535705566	2.1986610889434814	3.831829786300659	4.08116340637207	0.0	0.0	0.0	0.0	0.0	2.7026755809783936	0.0	4.183386325836182	0.0	0.0	0.0	5.34133243560791	0.0	3.2415342330932617	0.0	4.724766254425049	3.8949244022369385	0.0	0.0	0.0	2.885073661804199	0.0	0.0	0.0	0.0	0.0	0.0	0.0	3.1113739013671875	0.0	0.0	0.0	0.0	0.0	0.0	0.0	0.0	0.0	0.0	0.0	4.826388359069824	0.0	0.0	0.0	0.0	0.0	0.0	0.0	4.787459373474121	3.9902279376983643	3.551239013671875	0.0	0.0	0.0	0.0	4.097217082977295	0.0	0.0	0.0	0.0	0.0	0.0	0.0	2.211594343185425	3.6392369270324707	0.0	5.783181190490723	3.9818778038024902	3.2654922008514404	0.0	0.0	3.76412296295166	0.0	0.0	0.0	0.0	0.0	0.0	0.0	0.0	3.288294553756714	0.0	0.0	0.0	0.0	2.803994655609131
4.492578983306885	0.0	0.0	0.0	5.5061163902282715	0.0	5.941417217254639	0.0	0.0	0.0	0.0	0.0	0.0	0.0	0.0	0.0	3.5819780826568604	2.399456739425659	0.0	0.0	0.0	1.9559006690979004	0.0	0.0	2.6591427326202393	3.88582181930542	0.0	0.0	0.0	0.0	2.819276809692383	2.2527477741241455	0.0	2.3765676021575928	3.147841215133667	4.990153789520264	0.0	7.008846759796143	2.839412212371826	2.1992106437683105	3.8322951793670654	4.08195161819458	0.0	0.0	0.0	0.0	0.0	2.701968193054199	0.0	4.183324813842773	0.0	0.0	0.0	5.341662883758545	0.0	3.242149591445923	0.0	4.725949764251709	3.8944528102874756	0.0	0.0	0.0	2.8851735591888428	0.0	0.0	0.0	0.0	0.0	0.0	0.0	3.1112418174743652	0.0	0.0	0.0	0.0	0.0	0.0	0.0	0.0	0.0	0.0	0.0	4.827228546142578	0.0	0.0	0.0	0.0	0.0	0.0	0.0	4.787689685821533	3.9894332885742188	3.5508222579956055	0.0	0.0	0.0	0.0	4.097326755523682	0.0	0.0	0.0	0.0	0.0	0.0	0.0	2.2118942737579346	3.6390256881713867	0.0	5.783254623413086	3.9817750453948975	3.2664730548858643	0.0	0.0	3.7650086879730225	0.0	0.0	0.0	0.0	0.0	0.0	0.0	0.0	3.2885773181915283	0.0	0.0	0.0	0.0	2.8051044940948486
4.492898941040039	0.0	0.0	0.0	5.5068159103393555	0.0	5.940852642059326	0.0	0.0	0.0	0.0	0.0	0.0	0.0	0.0	0.0	3.5831069946289062	2.399794340133667	0.0	0.0	0.0	1.9561012983322144	0.0	0.0	2.659022331237793	3.8852970600128174	0.0	0.0	0.0	0.0	2.8191096782684326	2.25178599357605	0.0	2.375192165374756	3.1484200954437256	4.989022731781006	0.0	7.008066654205322	2.8383827209472656	2.199442148208618	3.8319294452667236	4.082107067108154	0.0	0.0	0.0	0.0	0.0	2.7023675441741943	0.0	4.18297815322876	0.0	0.0	0.0	5.342142105102539	0.0	3.241161346435547	0.0	4.725613594055176	3.894543409347534	0.0	0.0	0.0	2.8844363689422607	0.0	0.0	0.0	0.0	0.0	0.0	0.0	3.111255645751953	0.0	0.0	0.0	0.0	0.0	0.0	0.0	0.0	0.0	0.0	0.0	4.826684474945068	0.0	0.0	0.0	0.0	0.0	0.0	0.0	4.787278175354004	3.9900736808776855	3.5515296459198	0.0	0.0	0.0	0.0	4.096663475036621	0.0	0.0	0.0	0.0	0.0	0.0	0.0	2.2125368118286133	3.638244152069092	0.0	5.783437252044678	3.981283187866211	3.266589879989624	0.0	0.0	3.764437437057495	0.0	0.0	0.0	0.0	0.0	0.0	0.0	0.0	3.288989782333374	0.0	0.0	0.0	0.0	2.8035783767700195
4.493228435516357	0.0	0.0	0.0	5.50596284866333	0.0	5.938251972198486	0.0	0.0	0.0	0.0	0.0	0.0	0.0	0.0	0.0	3.5826809406280518	2.3993120193481445	0.0	0.0	0.0	1.9551922082901	0.0	0.0	2.6594882011413574	3.8860275745391846	0.0	0.0	0.0	0.0	2.8196845054626465	2.251471519470215	0.0	2.375986099243164	3.14817214012146	4.988962650299072	0.0	7.0068464279174805	2.8388099670410156	2.1996161937713623	3.832491397857666	4.0822672843933105	0.0	0.0	0.0	0.0	0.0	2.7016358375549316	0.0	4.183588027954102	0.0	0.0	0.0	5.340970516204834	0.0	3.240612745285034	0.0	4.7249250411987305	3.894000768661499	0.0	0.0	0.0	2.8841664791107178	0.0	0.0	0.0	0.0	0.0	0.0	0.0	3.1117935180664062	0.0	0.0	0.0	0.0	0.0	0.0	0.0	0.0	0.0	0.0	0.0	4.826695442199707	0.0	0.0	0.0	0.0	0.0	0.0	0.0	4.786437034606934	3.990164279937744	3.550316333770752	0.0	0.0	0.0	0.0	4.0956878662109375	0.0	0.0	0.0	0.0	0.0	0.0	0.0	2.21172833442688	3.6391780376434326	0.0	5.781645774841309	3.9825797080993652	3.265082836151123	0.0	0.0	3.764033317565918	0.0	0.0	0.0	0.0	0.0	0.0	0.0	0.0	3.2888760566711426	0.0	0.0	0.0	0.0	2.805030345916748
4.496581077575684	0.0	0.0	0.0	5.510472297668457	0.0	5.944814682006836	0.0	0.0	0.0	0.0	0.0	0.0	0.0	0.0	0.0	3.5849783420562744	2.40118408203125	0.0	0.0	0.0	1.9568984508514404	0.0	0.0	2.661353349685669	3.88875412940979	0.0	0.0	0.0	0.0	2.8220343589782715	2.253427743911743	0.0	2.3778815269470215	3.15058970451355	4.992321491241455	0.0	7.013350486755371	2.841031789779663	2.20143461227417	3.8351755142211914	4.0847320556640625	0.0	0.0	0.0	0.0	0.0	2.704439878463745	0.0	4.186035633087158	0.0	0.0	0.0	5.345617771148682	0.0	3.2437195777893066	0.0	4.729104995727539	3.8979756832122803	0.0	0.0	0.0	2.8860538005828857	0.0	0.0	0.0	0.0	0.0	0.0	0.0	3.1141600608825684	0.0	0.0	0.0	0.0	0.0	0.0	0.0	0.0	0.0	0.0	0.0	4.83022403717041	0.0	0.0	0.0	0.0	0.0	0.0	0.0	4.791074275970459	3.9926860332489014	3.5539095401763916	0.0	0.0	0.0	0.0	4.0998125076293945	0.0	0.0	0.0	0.0	0.0	0.0	0.0	2.212756872177124	3.6420183181762695	0.0	5.78761625289917	3.9854140281677246	3.269308090209961	0.0	0.0	3.7674336433410645	0.0	0.0	0.0	0.0	0.0	0.0	0.0	0.0	3.291541814804077	0.0	0.0	0.0	0.0	2.807008743286133
4.4961066246032715	0.0	0.0	0.0	5.51041841506958	0.0	5.944046974182129	0.0	0.0	0.0	0.0	0.0	0.0	0.0	0.0	0.0	3.5847744941711426	2.400066375732422	0.0	0.0	0.0	1.9567022323608398	0.0	0.0	2.6607110500335693	3.8886702060699463	0.0	0.0	0.0	0.0	2.8214921951293945	2.2543692588806152	0.0	2.3778598308563232	3.150986671447754	4.992805480957031	0.0	7.013046741485596	2.8402092456817627	2.2003417015075684	3.8354523181915283	4.083576202392578	0.0	0.0	0.0	0.0	0.0	2.7039265632629395	0.0	4.186860084533691	0.0	0.0	0.0	5.3449907302856445	0.0	3.243194341659546	0.0	4.729254722595215	3.8981969356536865	0.0	0.0	0.0	2.886969804763794	0.0	0.0	0.0	0.0	0.0	0.0	0.0	3.1129415035247803	0.0	0.0	0.0	0.0	0.0	0.0	0.0	0.0	0.0	0.0	0.0	4.830288887023926	0.0	0.0	0.0	0.0	0.0	0.0	0.0	4.791231155395508	3.9921514987945557	3.5533556938171387	0.0	0.0	0.0	0.0	4.099742412567139	0.0	0.0	0.0	0.0	0.0	0.0	0.0	2.213124990463257	3.642061233520508	0.0	5.786478042602539	3.9860763549804688	3.2677156925201416	0.0	0.0	3.7673215866088867	0.0	0.0	0.0	0.0	0.0	0.0	0.0	0.0	3.291062831878662	0.0	0.0	0.0	0.0	2.806734561920166
4.495975017547607	0.0	0.0	0.0	5.509911060333252	0.0	5.943568706512451	0.0	0.0	0.0	0.0	0.0	0.0	0.0	0.0	0.0	3.5843276977539062	2.401045322418213	0.0	0.0	0.0	1.9570022821426392	0.0	0.0	2.6614644527435303	3.888209104537964	0.0	0.0	0.0	0.0	2.8222994804382324	2.253541946411133	0.0	2.3771908283233643	3.1503443717956543	4.99254035949707	0.0	7.011897563934326	2.8398938179016113	2.1997900009155273	3.834625244140625	4.0839948654174805	0.0	0.0	0.0	0.0	0.0	2.704310894012451	0.0	4.185321807861328	0.0	0.0	0.0	5.345921993255615	0.0	3.2436578273773193	0.0	4.728717803955078	3.896817445755005	0.0	0.0	0.0	2.886401414871216	0.0	0.0	0.0	0.0	0.0	0.0	0.0	3.1128060817718506	0.0	0.0	0.0	0.0	0.0	0.0	0.0	0.0	0.0	0.0	0.0	4.829241752624512	0.0	0.0	0.0	0.0	0.0	0.0	0.0	4.790440082550049	3.9921607971191406	3.5532453060150146	0.0	0.0	0.0	0.0	4.099303722381592	0.0	0.0	0.0	0.0	0.0	0.0	0.0	2.213273763656616	3.6414122581481934	0.0	5.786730766296387	3.984877347946167	3.2681174278259277	0.0	0.0	3.766864776611328	0.0	0.0	0.0	0.0	0.0	0.0	0.0	0.0	3.2898552417755127	0.0	0.0	0.0	0.0	2.806635618209839
4.497879981994629	0.0	0.0	0.0	5.5110673904418945	0.0	5.94561767578125	0.0	0.0	0.0	0.0	0.0	0.0	0.0	0.0	0.0	3.586068868637085	2.4028000831604004	0.0	0.0	0.0	1.9584344625473022	0.0	0.0	2.6620912551879883	3.8897557258605957	0.0	0.0	0.0	0.0	2.822965145111084	2.254499912261963	0.0	2.378721237182617	3.1509501934051514	4.9942498207092285	0.0	7.015797138214111	2.8414294719696045	2.2003960609436035	3.8369622230529785	4.085140705108643	0.0	0.0	0.0	0.0	0.0	2.7044482231140137	0.0	4.187321186065674	0.0	0.0	0.0	5.34670352935791	0.0	3.2441635131835938	0.0	4.730991840362549	3.89907169342041	0.0	0.0	0.0	2.886911630630493	0.0	0.0	0.0	0.0	0.0	0.0	0.0	3.11419677734375	0.0	0.0	0.0	0.0	0.0	0.0	0.0	0.0	0.0	0.0	0.0	4.831387519836426	0.0	0.0	0.0	0.0	0.0	0.0	0.0	4.793168544769287	3.9935109615325928	3.5540759563446045	0.0	0.0	0.0	0.0	4.101365566253662	0.0	0.0	0.0	0.0	0.0	0.0	0.0	2.21415376663208	3.642620801925659	0.0	5.787971019744873	3.9860830307006836	3.2690019607543945	0.0	0.0	3.768763780593872	0.0	0.0	0.0	0.0	0.0	0.0	0.0	0.0	3.2919814586639404	0.0	0.0	0.0	0.0	2.8078362941741943
4.498544692993164	0.0	0.0	0.0	5.512528896331787	0.0	5.945485591888428	0.0	0.0	0.0	0.0	0.0	0.0	0.0	0.0	0.0	3.5872154235839844	2.40251088142395	0.0	0.0	0.0	1.9580864906311035	0.0	0.0	2.6620209217071533	3.88927960395813	0.0	0.0	0.0	0.0	2.8235511779785156	2.254793167114258	0.0	2.3783013820648193	3.151214122772217	4.993777751922607	0.0	7.016565322875977	2.8424947261810303	2.201862335205078	3.837249279022217	4.085510730743408	0.0	0.0	0.0	0.0	0.0	2.705171823501587	0.0	4.187496185302734	0.0	0.0	0.0	5.347136497497559	0.0	3.244860887527466	0.0	4.731112957000732	3.898866653442383	0.0	0.0	0.0	2.8877553939819336	0.0	0.0	0.0	0.0	0.0	0.0	0.0	3.114137649536133	0.0	0.0	0.0	0.0	0.0	0.0	0.0	0.0	0.0	0.0	0.0	4.831570148468018	0.0	0.0	0.0	0.0	0.0	0.0	0.0	4.793099403381348	3.994107246398926	3.5551114082336426	0.0	0.0	0.0	0.0	4.101193428039551	0.0	0.0	0.0	0.0	0.0	0.0	0.0	2.21399188041687	3.643873453140259	0.0	5.788783550262451	3.9871413707733154	3.2697153091430664	0.0	0.0	3.769157648086548	0.0	0.0	0.0	0.0	0.0	0.0	0.0	0.0	3.292513847351074	0.0	0.0	0.0	0.0	2.8073911666870117
4.4964165687561035	0.0	0.0	0.0	5.510116100311279	0.0	5.943985462188721	0.0	0.0	0.0	0.0	0.0	0.0	0.0	0.0	0.0	3.5854592323303223	2.4010367393493652	0.0	0.0	0.0	1.9568591117858887	0.0	0.0	2.6614933013916016	3.8888585567474365	0.0	0.0	0.0	0.0	2.8222885131835938	2.2538392543792725	0.0	2.3774466514587402	3.149707555770874	4.99279260635376	0.0	7.013792514801025	2.840628147125244	2.2003536224365234	3.83624005317688	4.085248947143555	0.0	0.0	0.0	0.0	0.0	2.7038466930389404	0.0	4.1857452392578125	0.0	0.0	0.0	5.345130443572998	0.0	3.242861270904541	0.0	4.7298054695129395	3.8983001708984375	0.0	0.0	0.0	2.885741949081421	0.0	0.0	0.0	0.0	0.0	0.0	0.0	3.1133739948272705	0.0	0.0	0.0	0.0	0.0	0.0	0.0	0.0	0.0	0.0	0.0	4.830178737640381	0.0	0.0	0.0	0.0	0.0	0.0	0.0	4.791521072387695	3.992844343185425	3.5535008907318115	0.0	0.0	0.0	0.0	4.100532531738281	0.0	0.0	0.0	0.0	0.0	0.0	0.0	2.2129082679748535	3.6420795917510986	0.0	5.786994934082031	3.9852709770202637	3.268803119659424	0.0	0.0	3.768173933029175	0.0	0.0	0.0	0.0	0.0	0.0	0.0	0.0	3.290573835372925	0.0	0.0	0.0	0.0	2.8070828914642334
4.492550849914551	0.0	0.0	0.0	5.5055742263793945	0.0	5.939489841461182	0.0	0.0	0.0	0.0	0.0	0.0	0.0	0.0	0.0	3.5822813510894775	2.399702787399292	0.0	0.0	0.0	1.9556045532226562	0.0	0.0	2.659353017807007	3.88515305519104	0.0	0.0	0.0	0.0	2.8191070556640625	2.2514584064483643	0.0	2.374999761581421	3.1473729610443115	4.987907886505127	0.0	7.007477760314941	2.8390183448791504	2.1983914375305176	3.8324899673461914	4.081628322601318	0.0	0.0	0.0	0.0	0.0	2.702018976211548	0.0	4.183234214782715	0.0	0.0	0.0	5.339766025543213	0.0	3.241201162338257	0.0	4.724707126617432	3.893467664718628	0.0	0.0	0.0	2.8837311267852783	0.0	0.0	0.0	0.0	0.0	0.0	0.0	3.1111185550689697	0.0	0.0	0.0	0.0	0.0	0.0	0.0	0.0	0.0	0.0	0.0	4.8253254890441895	0.0	0.0	0.0	0.0	0.0	0.0	0.0	4.7862958908081055	3.9890480041503906	3.550083875656128	0.0	0.0	0.0	0.0	4.095942974090576	0.0	0.0	0.0	0.0	0.0	0.0	0.0	2.2112748622894287	3.637552261352539	0.0	5.781743049621582	3.9811289310455322	3.2659947872161865	0.0	0.0	3.7638330459594727	0.0	0.0	0.0	0.0	0.0	0.0	0.0	0.0	3.287655830383301	0.0	0.0	0.0	0.0	2.803748846054077
4.498833179473877	0.0	0.0	0.0	5.512397289276123	0.0	5.943552017211914	0.0	0.0	0.0	0.0	0.0	0.0	0.0	0.0	0.0	3.587181329727173	2.4000158309936523	0.0	0.0	0.0	1.9589438438415527	0.0	0.0	2.6617281436920166	3.8893344402313232	0.0	0.0	0.0	0.0	2.824518918991089	2.2555906772613525	0.0	2.377948045730591	3.152608871459961	4.994627475738525	0.0	7.015168190002441	2.8422224521636963	2.202901840209961	3.8376271724700928	4.0857648849487305	0.0	0.0	0.0	0.0	0.0	2.7053537368774414	0.0	4.188144207000732	0.0	0.0	0.0	5.345202922821045	0.0	3.244594097137451	0.0	4.729461193084717	3.8981101512908936	0.0	0.0	0.0	2.886107921600342	0.0	0.0	0.0	0.0	0.0	0.0	0.0	3.1157805919647217	0.0	0.0	0.0	0.0	0.0	0.0	0.0	0.0	0.0	0.0	0.0	4.831892967224121	0.0	0.0	0.0	0.0	0.0	0.0	0.0	4.791249752044678	3.994757890701294	3.5563275814056396	0.0	0.0	0.0	0.0	4.100384712219238	0.0	0.0	0.0	0.0	0.0	0.0	0.0	2.21425461769104	3.644974708557129	0.0	5.789796829223633	3.987812042236328	3.2681350708007812	0.0	0.0	3.768235206604004	0.0	0.0	0.0	0.0	0.0	0.0	0.0	0.0	3.2924118041992188	0.0	0.0	0.0	0.0	2.807443618774414
4.496617317199707	0.0	0.0	0.0	5.509864330291748	0.0	5.943889141082764	0.0	0.0	0.0	0.0	0.0	0.0	0.0	0.0	0.0	3.584688186645508	2.400416851043701	0.0	0.0	0.0	1.9573696851730347	0.0	0.0	2.6608664989471436	3.8874592781066895	0.0	0.0	0.0	0.0	2.8221435546875	2.2534568309783936	0.0	2.377634286880493	3.1502857208251953	4.991907596588135	0.0	7.012740135192871	2.8405120372772217	2.200138807296753	3.8356032371520996	4.0841755867004395	0.0	0.0	0.0	0.0	0.0	2.704566478729248	0.0	4.185814380645752	0.0	0.0	0.0	5.344139099121094	0.0	3.2430591583251953	0.0	4.728531360626221	3.8969480991363525	0.0	0.0	0.0	2.8866190910339355	0.0	0.0	0.0	0.0	0.0	0.0	0.0	3.113048791885376	0.0	0.0	0.0	0.0	0.0	0.0	0.0	0.0	0.0	0.0	0.0	4.828915596008301	0.0	0.0	0.0	0.0	0.0	0.0	0.0	4.790438652038574	3.992640733718872	3.55377459526062	0.0	0.0	0.0	0.0	4.098969459533691	0.0	0.0	0.0	0.0	0.0	0.0	0.0	2.21238112449646	3.641753911972046	0.0	5.78607702255249	3.9843196868896484	3.2680928707122803	0.0	0.0	3.7669155597686768	0.0	0.0	0.0	0.0	0.0	0.0	0.0	0.0	3.289731979370117	0.0	0.0	0.0	0.0	2.806718349456787
4.4961676597595215	0.0	0.0	0.0	5.509587287902832	0.0	5.94364070892334	0.0	0.0	0.0	0.0	0.0	0.0	0.0	0.0	0.0	3.585176944732666	2.4008076190948486	0.0	0.0	0.0	1.9568774700164795	0.0	0.0	2.6614081859588623	3.8886334896087646	0.0	0.0	0.0	0.0	2.8220057487487793	2.2533743381500244	0.0	2.3768653869628906	3.1499686241149902	4.992077827453613	0.0	7.013444423675537	2.840932846069336	2.19983172416687	3.835613250732422	4.084568977355957	0.0	0.0	0.0	0.0	0.0	2.703925132751465	0.0	4.184785842895508	0.0	0.0	0.0	5.3445353507995605	0.0	3.2432193756103516	0.0	4.729132652282715	3.8969643115997314	0.0	0.0	0.0	2.886641263961792	0.0	0.0	0.0	0.0	0.0	0.0	0.0	3.112682342529297	0.0	0.0	0.0	0.0	0.0	0.0	0.0	0.0	0.0	0.0	0.0	4.829854965209961	0.0	0.0	0.0	0.0	0.0	0.0	0.0	4.790462493896484	3.9918432235717773	3.553677558898926	0.0	0.0	0.0	0.0	4.099733829498291	0.0	0.0	0.0	0.0	0.0	0.0	0.0	2.212475061416626	3.6409990787506104	0.0	5.786070346832275	3.984612226486206	3.268414258956909	0.0	0.0	3.767334222793579	0.0	0.0	0.0	0.0	0.0	0.0	0.0	0.0	3.2906110286712646	0.0	0.0	0.0	0.0	2.806379795074463
4.492745876312256	0.0	0.0	0.0	5.504715442657471	0.0	5.938714504241943	0.0	0.0	0.0	0.0	0.0	0.0	0.0	0.0	0.0	3.5819687843322754	2.3997929096221924	0.0	0.0	0.0	1.9547864198684692	0.0	0.0	2.658750057220459	3.884291410446167	0.0	0.0	0.0	0.0	2.819622755050659	2.250239133834839	0.0	2.376275062561035	3.148548126220703	4.987205982208252	0.0	7.00640344619751	2.8387725353240967	2.198992967605591	3.830860137939453	4.080742835998535	0.0	0.0	0.0	0.0	0.0	2.7017509937286377	0.0	4.182135581970215	0.0	0.0	0.0	5.341420650482178	0.0	3.240424633026123	0.0	4.724052429199219	3.893573045730591	0.0	0.0	0.0	2.8850529193878174	0.0	0.0	0.0	0.0	0.0	0.0	0.0	3.1104824542999268	0.0	0.0	0.0	0.0	0.0	0.0	0.0	0.0	0.0	0.0	0.0	4.825142860412598	0.0	0.0	0.0	0.0	0.0	0.0	0.0	4.785853385925293	3.9894676208496094	3.5506653785705566	0.0	0.0	0.0	0.0	4.094944000244141	0.0	0.0	0.0	0.0	0.0	0.0	0.0	2.210855722427368	3.6378068923950195	0.0	5.7816290855407715	3.9802260398864746	3.2648065090179443	0.0	0.0	3.7629709243774414	0.0	0.0	0.0	0.0	0.0	0.0	0.0	0.0	3.288439989089966	0.0	0.0	0.0	0.0	2.803450584411621
4.4967546463012695	0.0	0.0	0.0	5.509437561035156	0.0	5.943435192108154	0.0	0.0	0.0	0.0	0.0	0.0	0.0	0.0	0.0	3.5851128101348877	2.4014437198638916	0.0	0.0	0.0	1.9566959142684937	0.0	0.0	2.6606061458587646	3.888643980026245	0.0	0.0	0.0	0.0	2.8219566345214844	2.2529916763305664	0.0	2.377329111099243	3.15047025680542	4.992275238037109	0.0	7.012198448181152	2.8407342433929443	2.199803590774536	3.835031032562256	4.083705902099609	0.0	0.0	0.0	0.0	0.0	2.703646659851074	0.0	4.186492443084717	0.0	0.0	0.0	5.344407081604004	0.0	3.244436025619507	0.0	4.729253768920898	3.8974194526672363	0.0	0.0	0.0	2.886979103088379	0.0	0.0	0.0	0.0	0.0	0.0	0.0	3.113919496536255	0.0	0.0	0.0	0.0	0.0	0.0	0.0	0.0	0.0	0.0	0.0	4.828956604003906	0.0	0.0	0.0	0.0	0.0	0.0	0.0	4.79083776473999	3.9920270442962646	3.5528743267059326	0.0	0.0	0.0	0.0	4.098931312561035	0.0	0.0	0.0	0.0	0.0	0.0	0.0	2.2125866413116455	3.642022132873535	0.0	5.785898685455322	3.9845376014709473	3.267261028289795	0.0	0.0	3.767714738845825	0.0	0.0	0.0	0.0	0.0	0.0	0.0	0.0	3.290864944458008	0.0	0.0	0.0	0.0	2.8051862716674805
4.495471477508545	0.0	0.0	0.0	5.509456634521484	0.0	5.943034648895264	0.0	0.0	0.0	0.0	0.0	0.0	0.0	0.0	0.0	3.5847673416137695	2.4003610610961914	0.0	0.0	0.0	1.9575389623641968	0.0	0.0	2.661048173904419	3.8869237899780273	0.0	0.0	0.0	0.0	2.8215577602386475	2.2535219192504883	0.0	2.376980781555176	3.1504063606262207	4.991539001464844	0.0	7.011593818664551	2.840576410293579	2.2004172801971436	3.8351166248321533	4.084641456604004	0.0	0.0	0.0	0.0	0.0	2.7042102813720703	0.0	4.185744762420654	0.0	0.0	0.0	5.3445234298706055	0.0	3.243429660797119	0.0	4.728353977203369	3.897226572036743	0.0	0.0	0.0	2.885681629180908	0.0	0.0	0.0	0.0	0.0	0.0	0.0	3.114025354385376	0.0	0.0	0.0	0.0	0.0	0.0	0.0	0.0	0.0	0.0	0.0	4.829761981964111	0.0	0.0	0.0	0.0	0.0	0.0	0.0	4.789913654327393	3.9921200275421143	3.5535659790039062	0.0	0.0	0.0	0.0	4.099012851715088	0.0	0.0	0.0	0.0	0.0	0.0	0.0	2.2132668495178223	3.6406195163726807	0.0	5.786637306213379	3.9839439392089844	3.267582416534424	0.0	0.0	3.7662127017974854	0.0	0.0	0.0	0.0	0.0	0.0	0.0	0.0	3.289767265319824	0.0	0.0	0.0	0.0	2.8073501586914062
4.490566253662109	0.0	0.0	0.0	5.503077507019043	0.0	5.935920238494873	0.0	0.0	0.0	0.0	0.0	0.0	0.0	0.0	0.0	3.579089641571045	2.398346185684204	0.0	0.0	0.0	1.9547659158706665	0.0	0.0	2.658416271209717	3.882504940032959	0.0	0.0	0.0	0.0	2.8184211254119873	2.2505576610565186	0.0	2.3742291927337646	3.146052598953247	4.9849371910095215	0.0	7.004343509674072	2.836376428604126	2.197854995727539	3.8296501636505127	4.078883171081543	0.0	0.0	0.0	0.0	0.0	2.7002170085906982	0.0	4.17982816696167	0.0	0.0	0.0	5.337386608123779	0.0	3.2390801906585693	0.0	4.72247838973999	3.8918378353118896	0.0	0.0	0.0	2.88226318359375	0.0	0.0	0.0	0.0	0.0	0.0	0.0	3.109055995941162	0.0	0.0	0.0	0.0	0.0	0.0	0.0	0.0	0.0	0.0	0.0	4.823945045471191	0.0	0.0	0.0	0.0	0.0	0.0	0.0	4.783937931060791	3.9865360260009766	3.5482940673828125	0.0	0.0	0.0	0.0	4.094886302947998	0.0	0.0	0.0	0.0	0.0	0.0	0.0	2.210294008255005	3.6366074085235596	0.0	5.779687881469727	3.9800539016723633	3.264369010925293	0.0	0.0	3.761603355407715	0.0	0.0	0.0	0.0	0.0	0.0	0.0	0.0	3.2863945960998535	0.0	0.0	0.0	0.0	2.8035755157470703
4.494819164276123	0.0	0.0	0.0	5.508387565612793	0.0	5.942345142364502	0.0	0.0	0.0	0.0	0.0	0.0	0.0	0.0	0.0	3.583366870880127	2.401711940765381	0.0	0.0	0.0	1.9558911323547363	0.0	0.0	2.6600332260131836	3.887387752532959	0.0	0.0	0.0	0.0	2.8210690021514893	2.252544403076172	0.0	2.3772239685058594	3.1487627029418945	4.990086555480957	0.0	7.011852264404297	2.839190721511841	2.1988205909729004	3.834280252456665	4.082975387573242	0.0	0.0	0.0	0.0	0.0	2.703099012374878	0.0	4.183951377868652	0.0	0.0	0.0	5.343469619750977	0.0	3.243077039718628	0.0	4.7276225090026855	3.895909309387207	0.0	0.0	0.0	2.8857929706573486	0.0	0.0	0.0	0.0	0.0	0.0	0.0	3.112617254257202	0.0	0.0	0.0	0.0	0.0	0.0	0.0	0.0	0.0	0.0	0.0	4.827613353729248	0.0	0.0	0.0	0.0	0.0	0.0	0.0	4.789600372314453	3.990860939025879	3.552358627319336	0.0	0.0	0.0	0.0	4.098459243774414	0.0	0.0	0.0	0.0	0.0	0.0	0.0	2.2124178409576416	3.640005111694336	0.0	5.784872531890869	3.9833567142486572	3.2684874534606934	0.0	0.0	3.7662265300750732	0.0	0.0	0.0	0.0	0.0	0.0	0.0	0.0	3.290224075317383	0.0	0.0	0.0	0.0	2.8062849044799805
4.4967732429504395	0.0	0.0	0.0	5.509793281555176	0.0	5.944209098815918	0.0	0.0	0.0	0.0	0.0	0.0	0.0	0.0	0.0	3.585383892059326	2.401352643966675	0.0	0.0	0.0	1.9568442106246948	0.0	0.0	2.661242723464966	3.888714551925659	0.0	0.0	0.0	0.0	2.8218908309936523	2.253840446472168	0.0	2.3779680728912354	3.1506049633026123	4.992397308349609	0.0	7.013553619384766	2.8409438133239746	2.2003748416900635	3.834963321685791	4.085086822509766	0.0	0.0	0.0	0.0	0.0	2.704021692276001	0.0	4.186339378356934	0.0	0.0	0.0	5.344834327697754	0.0	3.242683172225952	0.0	4.729053974151611	3.8964743614196777	0.0	0.0	0.0	2.8871824741363525	0.0	0.0	0.0	0.0	0.0	0.0	0.0	3.1131997108459473	0.0	0.0	0.0	0.0	0.0	0.0	0.0	0.0	0.0	0.0	0.0	4.829303741455078	0.0	0.0	0.0	0.0	0.0	0.0	0.0	4.790441513061523	3.9921083450317383	3.553906202316284	0.0	0.0	0.0	0.0	4.100131511688232	0.0	0.0	0.0	0.0	0.0	0.0	0.0	2.214538812637329	3.641829252243042	0.0	5.7863054275512695	3.9848809242248535	3.26771879196167	0.0	0.0	3.767336845397949	0.0	0.0	0.0	0.0	0.0	0.0	0.0	0.0	3.290905237197876	0.0	0.0	0.0	0.0	2.807696580886841
4.495209217071533	0.0	0.0	0.0	5.509918689727783	0.0	5.943356990814209	0.0	0.0	0.0	0.0	0.0	0.0	0.0	0.0	0.0	3.584395408630371	2.4006338119506836	0.0	0.0	0.0	1.9574971199035645	0.0	0.0	2.660553216934204	3.887209892272949	0.0	0.0	0.0	0.0	2.8217976093292236	2.2530815601348877	0.0	2.3777060508728027	3.150080442428589	4.99262809753418	0.0	7.012210369110107	2.8405063152313232	2.2000479698181152	3.8345305919647217	4.083481788635254	0.0	0.0	0.0	0.0	0.0	2.7046844959259033	0.0	4.1860127449035645	0.0	0.0	0.0	5.344231605529785	0.0	3.2441887855529785	0.0	4.728177547454834	3.8969054222106934	0.0	0.0	0.0	2.8859779834747314	0.0	0.0	0.0	0.0	0.0	0.0	0.0	3.112591028213501	0.0	0.0	0.0	0.0	0.0	0.0	0.0	0.0	0.0	0.0	0.0	4.828949451446533	0.0	0.0	0.0	0.0	0.0	0.0	0.0	4.791098117828369	3.99289608001709	3.552633762359619	0.0	0.0	0.0	0.0	4.099521636962891	0.0	0.0	0.0	0.0	0.0	0.0	0.0	2.212599515914917	3.6412293910980225	0.0	5.786163806915283	3.9844021797180176	3.2678382396698	0.0	0.0	3.7666375637054443	0.0	0.0	0.0	0.0	0.0	0.0	0.0	0.0	3.290170431137085	0.0	0.0	0.0	0.0	2.8068878650665283
4.487143039703369	0.0	0.0	0.0	5.501012325286865	0.0	5.935686111450195	0.0	0.0	0.0	0.0	0.0	0.0	0.0	0.0	0.0	3.5786244869232178	2.3980307579040527	0.0	0.0	0.0	1.9551167488098145	0.0	0.0	2.657404899597168	3.8815577030181885	0.0	0.0	0.0	0.0	2.8153083324432373	2.249419927597046	0.0	2.3729867935180664	3.1457653045654297	4.982888698577881	0.0	7.002409934997559	2.8363122940063477	2.1958115100860596	3.8288347721099854	4.077579021453857	0.0	0.0	0.0	0.0	0.0	2.699357509613037	0.0	4.177563667297363	0.0	0.0	0.0	5.335715293884277	0.0	3.2395734786987305	0.0	4.7227020263671875	3.8910703659057617	0.0	0.0	0.0	2.8828773498535156	0.0	0.0	0.0	0.0	0.0	0.0	0.0	3.108494997024536	0.0	0.0	0.0	0.0	0.0	0.0	0.0	0.0	0.0	0.0	0.0	4.820252418518066	0.0	0.0	0.0	0.0	0.0	0.0	0.0	4.782530784606934	3.985405921936035	3.5474767684936523	0.0	0.0	0.0	0.0	4.092677116394043	0.0	0.0	0.0	0.0	0.0	0.0	0.0	2.2094006538391113	3.633995532989502	0.0	5.777171611785889	3.9773001670837402	3.2632205486297607	0.0	0.0	3.760380744934082	0.0	0.0	0.0	0.0	0.0	0.0	0.0	0.0	3.2854907512664795	0.0	0.0	0.0	0.0	2.801588535308838
4.497774124145508	0.0	0.0	0.0	5.511285305023193	0.0	5.946037292480469	0.0	0.0	0.0	0.0	0.0	0.0	0.0	0.0	0.0	3.585615634918213	2.4022977352142334	0.0	0.0	0.0	1.9588733911514282	0.0	0.0	2.661621570587158	3.8890013694763184	0.0	0.0	0.0	0.0	2.8224422931671143	2.2548651695251465	0.0	2.378103017807007	3.1516082286834717	4.993569850921631	0.0	7.016184329986572	2.8412108421325684	2.2017531394958496	3.8361852169036865	4.085513591766357	0.0	0.0	0.0	0.0	0.0	2.7043142318725586	0.0	4.187150001525879	0.0	0.0	0.0	5.345921039581299	0.0	3.245015859603882	0.0	4.729580402374268	3.898768186569214	0.0	0.0	0.0	2.887047290802002	0.0	0.0	0.0	0.0	0.0	0.0	0.0	3.1143670082092285	0.0	0.0	0.0	0.0	0.0	0.0	0.0	0.0	0.0	0.0	0.0	4.8316755294799805	0.0	0.0	0.0	0.0	0.0	0.0	0.0	4.79240083694458	3.9940428733825684	3.5551493167877197	0.0	0.0	0.0	0.0	4.100950241088867	0.0	0.0	0.0	0.0	0.0	0.0	0.0	2.2142162322998047	3.642941951751709	0.0	5.788271903991699	3.9864985942840576	3.269303798675537	0.0	0.0	3.768550157546997	0.0	0.0	0.0	0.0	0.0	0.0	0.0	0.0	3.292278528213501	0.0	0.0	0.0	0.0	2.8071954250335693
4.497223377227783	0.0	0.0	0.0	5.511639595031738	0.0	5.946014404296875	0.0	0.0	0.0	0.0	0.0	0.0	0.0	0.0	0.0	3.586397171020508	2.4016354084014893	0.0	0.0	0.0	1.957918643951416	0.0	0.0	2.661168336868286	3.889275074005127	0.0	0.0	0.0	0.0	2.822319746017456	2.2542665004730225	0.0	2.37823748588562	3.1509764194488525	4.992692947387695	0.0	7.0148115158081055	2.8414344787597656	2.2008776664733887	3.8360331058502197	4.085555553436279	0.0	0.0	0.0	0.0	0.0	2.704458713531494	0.0	4.186063289642334	0.0	0.0	0.0	5.346230506896973	0.0	3.2447850704193115	0.0	4.730784893035889	3.89837646484375	0.0	0.0	0.0	2.8868703842163086	0.0	0.0	0.0	0.0	0.0	0.0	0.0	3.1140685081481934	0.0	0.0	0.0	0.0	0.0	0.0	0.0	0.0	0.0	0.0	0.0	4.831528186798096	0.0	0.0	0.0	0.0	0.0	0.0	0.0	4.792092323303223	3.9931671619415283	3.554598808288574	0.0	0.0	0.0	0.0	4.100681781768799	0.0	0.0	0.0	0.0	0.0	0.0	0.0	2.2140722274780273	3.6423404216766357	0.0	5.787284851074219	3.9864754676818848	3.2691783905029297	0.0	0.0	3.767943859100342	0.0	0.0	0.0	0.0	0.0	0.0	0.0	0.0	3.292026996612549	0.0	0.0	0.0	0.0	2.806999921798706
4.493386268615723	0.0	0.0	0.0	5.507814407348633	0.0	5.9397454261779785	0.0	0.0	0.0	0.0	0.0	0.0	0.0	0.0	0.0	3.58420467376709	2.4000325202941895	0.0	0.0	0.0	1.9567362070083618	0.0	0.0	2.6595559120178223	3.8859400749206543	0.0	0.0	0.0	0.0	2.820659637451172	2.2519524097442627	0.0	2.3759946823120117	3.1483707427978516	4.99005651473999	0.0	7.008329391479492	2.8393337726593018	2.1996774673461914	3.833465576171875	4.081276893615723	0.0	0.0	0.0	0.0	0.0	2.7020342350006104	0.0	4.183308124542236	0.0	0.0	0.0	5.341931343078613	0.0	3.240934371948242	0.0	4.725881099700928	3.895416021347046	0.0	0.0	0.0	2.884834051132202	0.0	0.0	0.0	0.0	0.0	0.0	0.0	3.112518072128296	0.0	0.0	0.0	0.0	0.0	0.0	0.0	0.0	0.0	0.0	0.0	4.826615333557129	0.0	0.0	0.0	0.0	0.0	0.0	0.0	4.7878499031066895	3.9900474548339844	3.551837205886841	0.0	0.0	0.0	0.0	4.098033905029297	0.0	0.0	0.0	0.0	0.0	0.0	0.0	2.212367534637451	3.6391372680664062	0.0	5.783328056335449	3.982471466064453	3.2664411067962646	0.0	0.0	3.765963077545166	0.0	0.0	0.0	0.0	0.0	0.0	0.0	0.0	3.2893059253692627	0.0	0.0	0.0	0.0	2.8054587841033936
4.494937896728516	0.0	0.0	0.0	5.508726596832275	0.0	5.942036151885986	0.0	0.0	0.0	0.0	0.0	0.0	0.0	0.0	0.0	3.5846550464630127	2.4001715183258057	0.0	0.0	0.0	1.955878734588623	0.0	0.0	2.661031723022461	3.8872568607330322	0.0	0.0	0.0	0.0	2.821286678314209	2.2528624534606934	0.0	2.3776912689208984	3.1505911350250244	4.9915666580200195	0.0	7.011438369750977	2.840378999710083	2.2005813121795654	3.8347203731536865	4.083816051483154	0.0	0.0	0.0	0.0	0.0	2.7028186321258545	0.0	4.185077667236328	0.0	0.0	0.0	5.343165397644043	0.0	3.242487907409668	0.0	4.727178573608398	3.8962743282318115	0.0	0.0	0.0	2.885361909866333	0.0	0.0	0.0	0.0	0.0	0.0	0.0	3.1129050254821777	0.0	0.0	0.0	0.0	0.0	0.0	0.0	0.0	0.0	0.0	0.0	4.82857608795166	0.0	0.0	0.0	0.0	0.0	0.0	0.0	4.789183616638184	3.992063283920288	3.5525243282318115	0.0	0.0	0.0	0.0	4.0984954833984375	0.0	0.0	0.0	0.0	0.0	0.0	0.0	2.212306261062622	3.640671730041504	0.0	5.785790920257568	3.9843990802764893	3.2674577236175537	0.0	0.0	3.7656919956207275	0.0	0.0	0.0	0.0	0.0	0.0	0.0	0.0	3.2896387577056885	0.0	0.0	0.0	0.0	2.805452346801758
4.496387481689453	0.0	0.0	0.0	5.5097527503967285	0.0	5.943487644195557	0.0	0.0	0.0	0.0	0.0	0.0	0.0	0.0	0.0	3.585209608078003	2.400953769683838	0.0	0.0	0.0	1.9569231271743774	0.0	0.0	2.660945177078247	3.887418508529663	0.0	0.0	0.0	0.0	2.8217291831970215	2.253890037536621	0.0	2.3775734901428223	3.1501100063323975	4.99267578125	0.0	7.013337135314941	2.8410394191741943	2.2013542652130127	3.8351144790649414	4.084362983703613	0.0	0.0	0.0	0.0	0.0	2.7034826278686523	0.0	4.185813903808594	0.0	0.0	0.0	5.3440680503845215	0.0	3.243138074874878	0.0	4.7281975746154785	3.896502733230591	0.0	0.0	0.0	2.8862533569335938	0.0	0.0	0.0	0.0	0.0	0.0	0.0	3.1135950088500977	0.0	0.0	0.0	0.0	0.0	0.0	0.0	0.0	0.0	0.0	0.0	4.829595565795898	0.0	0.0	0.0	0.0	0.0	0.0	0.0	4.790334701538086	3.992888927459717	3.5534005165100098	0.0	0.0	0.0	0.0	4.099156379699707	0.0	0.0	0.0	0.0	0.0	0.0	0.0	2.2126901149749756	3.6416385173797607	0.0	5.7862548828125	3.9850406646728516	3.268017530441284	0.0	0.0	3.7671945095062256	0.0	0.0	0.0	0.0	0.0	0.0	0.0	0.0	3.290318012237549	0.0	0.0	0.0	0.0	2.806881904602051
4.497817039489746	0.0	0.0	0.0	5.512390613555908	0.0	5.945000171661377	0.0	0.0	0.0	0.0	0.0	0.0	0.0	0.0	0.0	3.586461067199707	2.4009854793548584	0.0	0.0	0.0	1.9570939540863037	0.0	0.0	2.662534236907959	3.8884809017181396	0.0	0.0	0.0	0.0	2.8228819370269775	2.254397392272949	0.0	2.378476858139038	3.1514647006988525	4.994475841522217	0.0	7.015070915222168	2.842603921890259	2.2025153636932373	3.83625864982605	4.085766315460205	0.0	0.0	0.0	0.0	0.0	2.705395460128784	0.0	4.186838150024414	0.0	0.0	0.0	5.346199989318848	0.0	3.2435877323150635	0.0	4.730416297912598	3.8979337215423584	0.0	0.0	0.0	2.8868205547332764	0.0	0.0	0.0	0.0	0.0	0.0	0.0	3.1146137714385986	0.0	0.0	0.0	0.0	0.0	0.0	0.0	0.0	0.0	0.0	0.0	4.83070182800293	0.0	0.0	0.0	0.0	0.0	0.0	0.0	4.792068004608154	3.994215726852417	3.554542064666748	0.0	0.0	0.0	0.0	4.100511074066162	0.0	0.0	0.0	0.0	0.0	0.0	0.0	2.2144510746002197	3.6425108909606934	0.0	5.78805685043335	3.9863545894622803	3.2686455249786377	0.0	0.0	3.7685203552246094	0.0	0.0	0.0	0.0	0.0	0.0	0.0	0.0	3.2916712760925293	0.0	0.0	0.0	0.0	2.8074536323547363
4.49725341796875	0.0	0.0	0.0	5.510985851287842	0.0	5.945643424987793	0.0	0.0	0.0	0.0	0.0	0.0	0.0	0.0	0.0	3.585610866546631	2.4020211696624756	0.0	0.0	0.0	1.957650899887085	0.0	0.0	2.6619713306427	3.8892672061920166	0.0	0.0	0.0	0.0	2.8218724727630615	2.254822254180908	0.0	2.378347158432007	3.1502232551574707	4.993772029876709	0.0	7.015035629272461	2.841449022293091	2.201146125793457	3.8367903232574463	4.085308074951172	0.0	0.0	0.0	0.0	0.0	2.704099178314209	0.0	4.186877250671387	0.0	0.0	0.0	5.346023082733154	0.0	3.2440402507781982	0.0	4.729518413543701	3.89786696434021	0.0	0.0	0.0	2.887355327606201	0.0	0.0	0.0	0.0	0.0	0.0	0.0	3.1139636039733887	0.0	0.0	0.0	0.0	0.0	0.0	0.0	0.0	0.0	0.0	0.0	4.830806255340576	0.0	0.0	0.0	0.0	0.0	0.0	0.0	4.790937423706055	3.992964267730713	3.5541000366210938	0.0	0.0	0.0	0.0	4.099604606628418	0.0	0.0	0.0	0.0	0.0	0.0	0.0	2.2141358852386475	3.641798973083496	0.0	5.787591934204102	3.9857137203216553	3.2692747116088867	0.0	0.0	3.7684435844421387	0.0	0.0	0.0	0.0	0.0	0.0	0.0	0.0	3.2916948795318604	0.0	0.0	0.0	0.0	2.8082289695739746
4.4972662925720215	0.0	0.0	0.0	5.5109028816223145	0.0	5.945693016052246	0.0	0.0	0.0	0.0	0.0	0.0	0.0	0.0	0.0	3.586057186126709	2.401383638381958	0.0	0.0	0.0	1.9570927619934082	0.0	0.0	2.661649227142334	3.888913631439209	0.0	0.0	0.0	0.0	2.8219833374023438	2.25411057472229	0.0	2.3780393600463867	3.1512091159820557	4.9936017990112305	0.0	7.015278339385986	2.8417139053344727	2.2008702754974365	3.836198329925537	4.08535623550415	0.0	0.0	0.0	0.0	0.0	2.705721855163574	0.0	4.186779022216797	0.0	0.0	0.0	5.346412658691406	0.0	3.2444307804107666	0.0	4.729883670806885	3.8981144428253174	0.0	0.0	0.0	2.8870480060577393	0.0	0.0	0.0	0.0	0.0	0.0	0.0	3.1146819591522217	0.0	0.0	0.0	0.0	0.0	0.0	0.0	0.0	0.0	0.0	0.0	4.829914569854736	0.0	0.0	0.0	0.0	0.0	0.0	0.0	4.7915496826171875	3.993222236633301	3.5538220405578613	0.0	0.0	0.0	0.0	4.099858283996582	0.0	0.0	0.0	0.0	0.0	0.0	0.0	2.2132790088653564	3.642393112182617	0.0	5.788010597229004	3.9858577251434326	3.2694854736328125	0.0	0.0	3.7680182456970215	0.0	0.0	0.0	0.0	0.0	0.0	0.0	0.0	3.291395425796509	0.0	0.0	0.0	0.0	2.8063769340515137
4.497955322265625	0.0	0.0	0.0	5.512123107910156	0.0	5.945635795593262	0.0	0.0	0.0	0.0	0.0	0.0	0.0	0.0	0.0	3.5866665840148926	2.401552438735962	0.0	0.0	0.0	1.9573363065719604	0.0	0.0	2.662440299987793	3.8895742893218994	0.0	0.0	0.0	0.0	2.823396921157837	2.254260540008545	0.0	2.3782145977020264	3.152423858642578	4.9943623542785645	0.0	7.015121936798096	2.841618299484253	2.2020604610443115	3.8370442390441895	4.086637020111084	0.0	0.0	0.0	0.0	0.0	2.705855369567871	0.0	4.188924789428711	0.0	0.0	0.0	5.347315311431885	0.0	3.2446439266204834	0.0	4.730242729187012	3.8986563682556152	0.0	0.0	0.0	2.887195348739624	0.0	0.0	0.0	0.0	0.0	0.0	0.0	3.1151387691497803	0.0	0.0	0.0	0.0	0.0	0.0	0.0	0.0	0.0	0.0	0.0	4.831490993499756	0.0	0.0	0.0	0.0	0.0	0.0	0.0	4.792510032653809	3.9952428340911865	3.555309772491455	0.0	0.0	0.0	0.0	4.101037979125977	0.0	0.0	0.0	0.0	0.0	0.0	0.0	2.214141368865967	3.643326759338379	0.0	5.789280414581299	3.9863274097442627	3.269293785095215	0.0	0.0	3.7686004638671875	0.0	0.0	0.0	0.0	0.0	0.0	0.0	0.0	3.2923145294189453	0.0	0.0	0.0	0.0	2.807708740234375
4.497034072875977	0.0	0.0	0.0	5.511131763458252	0.0	5.945214748382568	0.0	0.0	0.0	0.0	0.0	0.0	0.0	0.0	0.0	3.585054636001587	2.4019134044647217	0.0	0.0	0.0	1.9584742784500122	0.0	0.0	2.6620187759399414	3.8895435333251953	0.0	0.0	0.0	0.0	2.8224968910217285	2.2538845539093018	0.0	2.377664566040039	3.1512629985809326	4.99381160736084	0.0	7.0145673751831055	2.841315984725952	2.2008683681488037	3.8365042209625244	4.085820198059082	0.0	0.0	0.0	0.0	0.0	2.7049427032470703	0.0	4.188086032867432	0.0	0.0	0.0	5.345593452453613	0.0	3.2445175647735596	0.0	4.730232238769531	3.8986175060272217	0.0	0.0	0.0	2.8866827487945557	0.0	0.0	0.0	0.0	0.0	0.0	0.0	3.1140847206115723	0.0	0.0	0.0	0.0	0.0	0.0	0.0	0.0	0.0	0.0	0.0	4.830539226531982	0.0	0.0	0.0	0.0	0.0	0.0	0.0	4.792078495025635	3.9937825202941895	3.5540225505828857	0.0	0.0	0.0	0.0	4.0997796058654785	0.0	0.0	0.0	0.0	0.0	0.0	0.0	2.213567018508911	3.64263653755188	0.0	5.787998199462891	3.9859914779663086	3.268711566925049	0.0	0.0	3.7682275772094727	0.0	0.0	0.0	0.0	0.0	0.0	0.0	0.0	3.2918508052825928	0.0	0.0	0.0	0.0	2.8065683841705322
4.494505882263184	0.0	0.0	0.0	5.5091142654418945	0.0	5.942224025726318	0.0	0.0	0.0	0.0	0.0	0.0	0.0	0.0	0.0	3.58371901512146	2.400709629058838	0.0	0.0	0.0	1.9564951658248901	0.0	0.0	2.6601107120513916	3.887086868286133	0.0	0.0	0.0	0.0	2.8210058212280273	2.2524218559265137	0.0	2.3772010803222656	3.1486310958862305	4.990346431732178	0.0	7.0115485191345215	2.8396213054656982	2.1999120712280273	3.8340024948120117	4.083480358123779	0.0	0.0	0.0	0.0	0.0	2.703045129776001	0.0	4.184515476226807	0.0	0.0	0.0	5.342618465423584	0.0	3.2422542572021484	0.0	4.726895809173584	3.89532732963562	0.0	0.0	0.0	2.8851728439331055	0.0	0.0	0.0	0.0	0.0	0.0	0.0	3.1124930381774902	0.0	0.0	0.0	0.0	0.0	0.0	0.0	0.0	0.0	0.0	0.0	4.827630043029785	0.0	0.0	0.0	0.0	0.0	0.0	0.0	4.788692474365234	3.990469217300415	3.5517070293426514	0.0	0.0	0.0	0.0	4.0977606773376465	0.0	0.0	0.0	0.0	0.0	0.0	0.0	2.2122740745544434	3.6397407054901123	0.0	5.78474760055542	3.9836034774780273	3.2676920890808105	0.0	0.0	3.7658941745758057	0.0	0.0	0.0	0.0	0.0	0.0	0.0	0.0	3.2887415885925293	0.0	0.0	0.0	0.0	2.805840492248535
4.496405124664307	0.0	0.0	0.0	5.5096235275268555	0.0	5.943779945373535	0.0	0.0	0.0	0.0	0.0	0.0	0.0	0.0	0.0	3.5843276977539062	2.401109218597412	0.0	0.0	0.0	1.9565623998641968	0.0	0.0	2.661510944366455	3.8877696990966797	0.0	0.0	0.0	0.0	2.8219149112701416	2.253584146499634	0.0	2.378087282180786	3.1500113010406494	4.991865158081055	0.0	7.012842655181885	2.8415963649749756	2.2007346153259277	3.834716558456421	4.084811210632324	0.0	0.0	0.0	0.0	0.0	2.703134536743164	0.0	4.185448169708252	0.0	0.0	0.0	5.344228744506836	0.0	3.243687868118286	0.0	4.728728771209717	3.8976333141326904	0.0	0.0	0.0	2.8852009773254395	0.0	0.0	0.0	0.0	0.0	0.0	0.0	3.114201545715332	0.0	0.0	0.0	0.0	0.0	0.0	0.0	0.0	0.0	0.0	0.0	4.829400062561035	0.0	0.0	0.0	0.0	0.0	0.0	0.0	4.790475368499756	3.9923462867736816	3.5528621673583984	0.0	0.0	0.0	0.0	4.099631309509277	0.0	0.0	0.0	0.0	0.0	0.0	0.0	2.212941884994507	3.6409549713134766	0.0	5.785891056060791	3.9845333099365234	3.2678275108337402	0.0	0.0	3.7668542861938477	0.0	0.0	0.0	0.0	0.0	0.0	0.0	0.0	3.2905092239379883	0.0	0.0	0.0	0.0	2.806776762008667
4.495164394378662	0.0	0.0	0.0	5.508902072906494	0.0	5.941938400268555	0.0	0.0	0.0	0.0	0.0	0.0	0.0	0.0	0.0	3.5844883918762207	2.401254177093506	0.0	0.0	0.0	1.956672191619873	0.0	0.0	2.6609981060028076	3.8882358074188232	0.0	0.0	0.0	0.0	2.8213884830474854	2.25321364402771	0.0	2.377492666244507	3.1499993801116943	4.9913249015808105	0.0	7.011557102203369	2.8407793045043945	2.2005419731140137	3.8349413871765137	4.083488941192627	0.0	0.0	0.0	0.0	0.0	2.7038209438323975	0.0	4.184492111206055	0.0	0.0	0.0	5.343977451324463	0.0	3.2433478832244873	0.0	4.727829456329346	3.896010637283325	0.0	0.0	0.0	2.8850033283233643	0.0	0.0	0.0	0.0	0.0	0.0	0.0	3.1126186847686768	0.0	0.0	0.0	0.0	0.0	0.0	0.0	0.0	0.0	0.0	0.0	4.828824996948242	0.0	0.0	0.0	0.0	0.0	0.0	0.0	4.789164066314697	3.992276668548584	3.5517892837524414	0.0	0.0	0.0	0.0	4.098963737487793	0.0	0.0	0.0	0.0	0.0	0.0	0.0	2.212820291519165	3.6407229900360107	0.0	5.785815715789795	3.9843688011169434	3.268108367919922	0.0	0.0	3.766932964324951	0.0	0.0	0.0	0.0	0.0	0.0	0.0	0.0	3.289454221725464	0.0	0.0	0.0	0.0	2.805617332458496
4.494927883148193	0.0	0.0	0.0	5.508525371551514	0.0	5.941328048706055	0.0	0.0	0.0	0.0	0.0	0.0	0.0	0.0	0.0	3.5845932960510254	2.3996992111206055	0.0	0.0	0.0	1.9560770988464355	0.0	0.0	2.6600892543792725	3.8861546516418457	0.0	0.0	0.0	0.0	2.8212592601776123	2.252361297607422	0.0	2.3776164054870605	3.149853229522705	4.990408420562744	0.0	7.0105156898498535	2.840599775314331	2.1992831230163574	3.833775520324707	4.08358907699585	0.0	0.0	0.0	0.0	0.0	2.7035067081451416	0.0	4.18509578704834	0.0	0.0	0.0	5.34241247177124	0.0	3.2417235374450684	0.0	4.726418495178223	3.8957138061523438	0.0	0.0	0.0	2.8851735591888428	0.0	0.0	0.0	0.0	0.0	0.0	0.0	3.112419605255127	0.0	0.0	0.0	0.0	0.0	0.0	0.0	0.0	0.0	0.0	0.0	4.827653884887695	0.0	0.0	0.0	0.0	0.0	0.0	0.0	4.788607120513916	3.9915382862091064	3.552450180053711	0.0	0.0	0.0	0.0	4.0973591804504395	0.0	0.0	0.0	0.0	0.0	0.0	0.0	2.2126030921936035	3.6403307914733887	0.0	5.784568786621094	3.983417272567749	3.2677676677703857	0.0	0.0	3.765143871307373	0.0	0.0	0.0	0.0	0.0	0.0	0.0	0.0	3.289435386657715	0.0	0.0	0.0	0.0	2.8053581714630127
4.487100601196289	0.0	0.0	0.0	5.4993085861206055	0.0	5.93149995803833	0.0	0.0	0.0	0.0	0.0	0.0	0.0	0.0	0.0	3.577223539352417	2.39811635017395	0.0	0.0	0.0	1.9533348083496094	0.0	0.0	2.6559739112854004	3.8809685707092285	0.0	0.0	0.0	0.0	2.8160765171051025	2.2470247745513916	0.0	2.3723042011260986	3.142681121826172	4.982184410095215	0.0	6.997087478637695	2.8359084129333496	2.1966843605041504	3.8261444568634033	4.075767993927002	0.0	0.0	0.0	0.0	0.0	2.698495626449585	0.0	4.178128719329834	0.0	0.0	0.0	5.3344831466674805	0.0	3.237917423248291	0.0	4.719398498535156	3.8882884979248047	0.0	0.0	0.0	2.8808517456054688	0.0	0.0	0.0	0.0	0.0	0.0	0.0	3.106389045715332	0.0	0.0	0.0	0.0	0.0	0.0	0.0	0.0	0.0	0.0	0.0	4.818796634674072	0.0	0.0	0.0	0.0	0.0	0.0	0.0	4.780775547027588	3.985212564468384	3.5445423126220703	0.0	0.0	0.0	0.0	4.090843677520752	0.0	0.0	0.0	0.0	0.0	0.0	0.0	2.208040237426758	3.6333155632019043	0.0	5.77379035949707	3.975802421569824	3.262077569961548	0.0	0.0	3.758948564529419	0.0	0.0	0.0	0.0	0.0	0.0	0.0	0.0	3.2832067012786865	0.0	0.0	0.0	0.0	2.799957036972046
4.498319149017334	0.0	0.0	0.0	5.511277675628662	0.0	5.9447021484375	0.0	0.0	0.0	0.0	0.0	0.0	0.0	0.0	0.0	3.5861668586730957	2.40160870552063	0.0	0.0	0.0	1.9567021131515503	0.0	0.0	2.6624932289123535	3.888655185699463	0.0	0.0	0.0	0.0	2.823315143585205	2.2541770935058594	0.0	2.378488063812256	3.1512935161590576	4.993532180786133	0.0	7.014476299285889	2.8416309356689453	2.201239824295044	3.8363993167877197	4.085865020751953	0.0	0.0	0.0	0.0	0.0	2.704488515853882	0.0	4.187732696533203	0.0	0.0	0.0	5.346432209014893	0.0	3.2440357208251953	0.0	4.730690956115723	3.89866304397583	0.0	0.0	0.0	2.8866872787475586	0.0	0.0	0.0	0.0	0.0	0.0	0.0	3.114607572555542	0.0	0.0	0.0	0.0	0.0	0.0	0.0	0.0	0.0	0.0	0.0	4.8309478759765625	0.0	0.0	0.0	0.0	0.0	0.0	0.0	4.791975498199463	3.9943602085113525	3.554612398147583	0.0	0.0	0.0	0.0	4.099850654602051	0.0	0.0	0.0	0.0	0.0	0.0	0.0	2.2137258052825928	3.643134832382202	0.0	5.787886619567871	3.9862136840820312	3.2689967155456543	0.0	0.0	3.7681515216827393	0.0	0.0	0.0	0.0	0.0	0.0	0.0	0.0	3.2915751934051514	0.0	0.0	0.0	0.0	2.8075976371765137
4.49392557144165	0.0	0.0	0.0	5.508627414703369	0.0	5.940644264221191	0.0	0.0	0.0	0.0	0.0	0.0	0.0	0.0	0.0	3.5831449031829834	2.4012157917022705	0.0	0.0	0.0	1.9557340145111084	0.0	0.0	2.660567283630371	3.8868184089660645	0.0	0.0	0.0	0.0	2.819676637649536	2.2526659965515137	0.0	2.375819206237793	3.149441957473755	4.990759372711182	0.0	7.009612083435059	2.8395209312438965	2.2001023292541504	3.834287643432617	4.082457065582275	0.0	0.0	0.0	0.0	0.0	2.703214406967163	0.0	4.183816909790039	0.0	0.0	0.0	5.342715740203857	0.0	3.243513584136963	0.0	4.726311206817627	3.895888566970825	0.0	0.0	0.0	2.8843395709991455	0.0	0.0	0.0	0.0	0.0	0.0	0.0	3.1120216846466064	0.0	0.0	0.0	0.0	0.0	0.0	0.0	0.0	0.0	0.0	0.0	4.8278350830078125	0.0	0.0	0.0	0.0	0.0	0.0	0.0	4.788067817687988	3.9914486408233643	3.551297187805176	0.0	0.0	0.0	0.0	4.097259044647217	0.0	0.0	0.0	0.0	0.0	0.0	0.0	2.2126352787017822	3.6401736736297607	0.0	5.78363037109375	3.982867956161499	3.2666690349578857	0.0	0.0	3.765129804611206	0.0	0.0	0.0	0.0	0.0	0.0	0.0	0.0	3.2884740829467773	0.0	0.0	0.0	0.0	2.805201530456543
4.494524955749512	0.0	0.0	0.0	5.508280277252197	0.0	5.942801475524902	0.0	0.0	0.0	0.0	0.0	0.0	0.0	0.0	0.0	3.5838165283203125	2.400750160217285	0.0	0.0	0.0	1.955942153930664	0.0	0.0	2.6594223976135254	3.8867855072021484	0.0	0.0	0.0	0.0	2.819331645965576	2.252387046813965	0.0	2.376784563064575	3.150175094604492	4.9904375076293945	0.0	7.0108642578125	2.8397881984710693	2.199974536895752	3.833482027053833	4.082409858703613	0.0	0.0	0.0	0.0	0.0	2.702885389328003	0.0	4.184812068939209	0.0	0.0	0.0	5.34295654296875	0.0	3.2425827980041504	0.0	4.72709321975708	3.8952815532684326	0.0	0.0	0.0	2.885227918624878	0.0	0.0	0.0	0.0	0.0	0.0	0.0	3.1128346920013428	0.0	0.0	0.0	0.0	0.0	0.0	0.0	0.0	0.0	0.0	0.0	4.827521324157715	0.0	0.0	0.0	0.0	0.0	0.0	0.0	4.788459300994873	3.991389513015747	3.551323890686035	0.0	0.0	0.0	0.0	4.097153186798096	0.0	0.0	0.0	0.0	0.0	0.0	0.0	2.2120847702026367	3.6396405696868896	0.0	5.7842793464660645	3.984140157699585	3.2664239406585693	0.0	0.0	3.7656047344207764	0.0	0.0	0.0	0.0	0.0	0.0	0.0	0.0	3.2900753021240234	0.0	0.0	0.0	0.0	2.805689573287964
4.491152286529541	0.0	0.0	0.0	5.503612518310547	0.0	5.938386917114258	0.0	0.0	0.0	0.0	0.0	0.0	0.0	0.0	0.0	3.581141233444214	2.3998959064483643	0.0	0.0	0.0	1.9578777551651	0.0	0.0	2.657919406890869	3.884340524673462	0.0	0.0	0.0	0.0	2.819406509399414	2.250170946121216	0.0	2.3770017623901367	3.147132396697998	4.9872212409973145	0.0	7.005622863769531	2.8376245498657227	2.198176383972168	3.8300814628601074	4.07985258102417	0.0	0.0	0.0	0.0	0.0	2.7009904384613037	0.0	4.183341979980469	0.0	0.0	0.0	5.339849948883057	0.0	3.2408268451690674	0.0	4.724606990814209	3.893648386001587	0.0	0.0	0.0	2.8844473361968994	0.0	0.0	0.0	0.0	0.0	0.0	0.0	3.110523223876953	0.0	0.0	0.0	0.0	0.0	0.0	0.0	0.0	0.0	0.0	0.0	4.823815822601318	0.0	0.0	0.0	0.0	0.0	0.0	0.0	4.784953594207764	3.9899446964263916	3.549633026123047	0.0	0.0	0.0	0.0	4.094822406768799	0.0	0.0	0.0	0.0	0.0	0.0	0.0	2.210604429244995	3.636246681213379	0.0	5.779751777648926	3.9791922569274902	3.2649240493774414	0.0	0.0	3.7625603675842285	0.0	0.0	0.0	0.0	0.0	0.0	0.0	0.0	3.2868478298187256	0.0	0.0	0.0	0.0	2.803130626678467
4.4955363273620605	0.0	0.0	0.0	5.508516311645508	0.0	5.942934989929199	0.0	0.0	0.0	0.0	0.0	0.0	0.0	0.0	0.0	3.5849380493164062	2.40055775642395	0.0	0.0	0.0	1.9562196731567383	0.0	0.0	2.6605300903320312	3.8873167037963867	0.0	0.0	0.0	0.0	2.821380615234375	2.2537343502044678	0.0	2.3769917488098145	3.1494758129119873	4.991312503814697	0.0	7.012012481689453	2.8394620418548584	2.2005019187927246	3.834972620010376	4.082913875579834	0.0	0.0	0.0	0.0	0.0	2.7032248973846436	0.0	4.184958457946777	0.0	0.0	0.0	5.342849254608154	0.0	3.242272138595581	0.0	4.72700834274292	3.896042585372925	0.0	0.0	0.0	2.8858389854431152	0.0	0.0	0.0	0.0	0.0	0.0	0.0	3.1122937202453613	0.0	0.0	0.0	0.0	0.0	0.0	0.0	0.0	0.0	0.0	0.0	4.828650951385498	0.0	0.0	0.0	0.0	0.0	0.0	0.0	4.7896728515625	3.9917843341827393	3.5524706840515137	0.0	0.0	0.0	0.0	4.098433017730713	0.0	0.0	0.0	0.0	0.0	0.0	0.0	2.212972402572632	3.6404247283935547	0.0	5.784687042236328	3.9834609031677246	3.2671563625335693	0.0	0.0	3.7664806842803955	0.0	0.0	0.0	0.0	0.0	0.0	0.0	0.0	3.2907910346984863	0.0	0.0	0.0	0.0	2.8051891326904297
4.4930877685546875	0.0	0.0	0.0	5.507567882537842	0.0	5.940552711486816	0.0	0.0	0.0	0.0	0.0	0.0	0.0	0.0	0.0	3.583141326904297	2.4000518321990967	0.0	0.0	0.0	1.9555526971817017	0.0	0.0	2.659687042236328	3.8867909908294678	0.0	0.0	0.0	0.0	2.8193840980529785	2.2531893253326416	0.0	2.3762340545654297	3.1484627723693848	4.990103244781494	0.0	7.009102821350098	2.8400604724884033	2.199073076248169	3.834048271179199	4.081663608551025	0.0	0.0	0.0	0.0	0.0	2.701716184616089	0.0	4.183516502380371	0.0	0.0	0.0	5.3407440185546875	0.0	3.242157220840454	0.0	4.7257466316223145	3.8955957889556885	0.0	0.0	0.0	2.8851773738861084	0.0	0.0	0.0	0.0	0.0	0.0	0.0	3.111637592315674	0.0	0.0	0.0	0.0	0.0	0.0	0.0	0.0	0.0	0.0	0.0	4.826343536376953	0.0	0.0	0.0	0.0	0.0	0.0	0.0	4.7874064445495605	3.9895074367523193	3.5513529777526855	0.0	0.0	0.0	0.0	4.096470832824707	0.0	0.0	0.0	0.0	0.0	0.0	0.0	2.2126779556274414	3.639604091644287	0.0	5.783991813659668	3.9827260971069336	3.267638683319092	0.0	0.0	3.7649335861206055	0.0	0.0	0.0	0.0	0.0	0.0	0.0	0.0	3.288268566131592	0.0	0.0	0.0	0.0	2.804065704345703
4.498674392700195	0.0	0.0	0.0	5.512514591217041	0.0	5.945131301879883	0.0	0.0	0.0	0.0	0.0	0.0	0.0	0.0	0.0	3.587045431137085	2.401395797729492	0.0	0.0	0.0	1.9575499296188354	0.0	0.0	2.6623075008392334	3.889341354370117	0.0	0.0	0.0	0.0	2.8235299587249756	2.2542378902435303	0.0	2.3779165744781494	3.1522908210754395	4.994959831237793	0.0	7.014185428619385	2.8426356315612793	2.202162027359009	3.837120771408081	4.0858845710754395	0.0	0.0	0.0	0.0	0.0	2.7061033248901367	0.0	4.188656330108643	0.0	0.0	0.0	5.3469319343566895	0.0	3.2439146041870117	0.0	4.730491638183594	3.8983120918273926	0.0	0.0	0.0	2.8866679668426514	0.0	0.0	0.0	0.0	0.0	0.0	0.0	3.1157031059265137	0.0	0.0	0.0	0.0	0.0	0.0	0.0	0.0	0.0	0.0	0.0	4.831494331359863	0.0	0.0	0.0	0.0	0.0	0.0	0.0	4.7923359870910645	3.9955782890319824	3.554407835006714	0.0	0.0	0.0	0.0	4.100788116455078	0.0	0.0	0.0	0.0	0.0	0.0	0.0	2.2144930362701416	3.6436874866485596	0.0	5.788854598999023	3.9866905212402344	3.2695181369781494	0.0	0.0	3.7684192657470703	0.0	0.0	0.0	0.0	0.0	0.0	0.0	0.0	3.2922110557556152	0.0	0.0	0.0	0.0	2.806817054748535
4.496813774108887	0.0	0.0	0.0	5.510928630828857	0.0	5.944465637207031	0.0	0.0	0.0	0.0	0.0	0.0	0.0	0.0	0.0	3.585573196411133	2.401641845703125	0.0	0.0	0.0	1.9570406675338745	0.0	0.0	2.6615793704986572	3.889281988143921	0.0	0.0	0.0	0.0	2.82250714302063	2.252967357635498	0.0	2.3769257068634033	3.149986743927002	4.992105484008789	0.0	7.0133771896362305	2.840378761291504	2.2003557682037354	3.8359529972076416	4.083981037139893	0.0	0.0	0.0	0.0	0.0	2.703774929046631	0.0	4.186587333679199	0.0	0.0	0.0	5.345236778259277	0.0	3.2439072132110596	0.0	4.72843074798584	3.8980727195739746	0.0	0.0	0.0	2.88657546043396	0.0	0.0	0.0	0.0	0.0	0.0	0.0	3.1129329204559326	0.0	0.0	0.0	0.0	0.0	0.0	0.0	0.0	0.0	0.0	0.0	4.830601692199707	0.0	0.0	0.0	0.0	0.0	0.0	0.0	4.790438652038574	3.9924306869506836	3.553426742553711	0.0	0.0	0.0	0.0	4.098871231079102	0.0	0.0	0.0	0.0	0.0	0.0	0.0	2.2127161026000977	3.642376661300659	0.0	5.78678035736084	3.985069751739502	3.2687065601348877	0.0	0.0	3.767141580581665	0.0	0.0	0.0	0.0	0.0	0.0	0.0	0.0	3.291100263595581	0.0	0.0	0.0	0.0	2.806389093399048
4.495166301727295	0.0	0.0	0.0	5.509000778198242	0.0	5.942892074584961	0.0	0.0	0.0	0.0	0.0	0.0	0.0	0.0	0.0	3.584547281265259	2.400546073913574	0.0	0.0	0.0	1.9571144580841064	0.0	0.0	2.660398244857788	3.8877878189086914	0.0	0.0	0.0	0.0	2.8206076622009277	2.2532002925872803	0.0	2.376861810684204	3.1500492095947266	4.991474151611328	0.0	7.012457370758057	2.8398795127868652	2.2000997066497803	3.8350613117218018	4.083449363708496	0.0	0.0	0.0	0.0	0.0	2.703798294067383	0.0	4.184414863586426	0.0	0.0	0.0	5.343346118927002	0.0	3.243253707885742	0.0	4.727237224578857	3.8970611095428467	0.0	0.0	0.0	2.88580322265625	0.0	0.0	0.0	0.0	0.0	0.0	0.0	3.113161325454712	0.0	0.0	0.0	0.0	0.0	0.0	0.0	0.0	0.0	0.0	0.0	4.828648090362549	0.0	0.0	0.0	0.0	0.0	0.0	0.0	4.788877964019775	3.991912603378296	3.552858591079712	0.0	0.0	0.0	0.0	4.098775386810303	0.0	0.0	0.0	0.0	0.0	0.0	0.0	2.2129390239715576	3.6413040161132812	0.0	5.785237789154053	3.9845268726348877	3.2681875228881836	0.0	0.0	3.765965700149536	0.0	0.0	0.0	0.0	0.0	0.0	0.0	0.0	3.2905192375183105	0.0	0.0	0.0	0.0	2.806191921234131
4.494554042816162	0.0	0.0	0.0	5.506610870361328	0.0	5.940503120422363	0.0	0.0	0.0	0.0	0.0	0.0	0.0	0.0	0.0	3.5832767486572266	2.399967670440674	0.0	0.0	0.0	1.9559717178344727	0.0	0.0	2.659743309020996	3.88637638092041	0.0	0.0	0.0	0.0	2.8198719024658203	2.2534279823303223	0.0	2.3754217624664307	3.149299383163452	4.989675045013428	0.0	7.009708404541016	2.8394460678100586	2.200368881225586	3.8334758281707764	4.082216739654541	0.0	0.0	0.0	0.0	0.0	2.7038416862487793	0.0	4.184414863586426	0.0	0.0	0.0	5.341806888580322	0.0	3.2412171363830566	0.0	4.726043701171875	3.895031690597534	0.0	0.0	0.0	2.884506940841675	0.0	0.0	0.0	0.0	0.0	0.0	0.0	3.112653970718384	0.0	0.0	0.0	0.0	0.0	0.0	0.0	0.0	0.0	0.0	0.0	4.827753067016602	0.0	0.0	0.0	0.0	0.0	0.0	0.0	4.787158489227295	3.9904420375823975	3.5514423847198486	0.0	0.0	0.0	0.0	4.097227573394775	0.0	0.0	0.0	0.0	0.0	0.0	0.0	2.212245225906372	3.640354633331299	0.0	5.784107208251953	3.9832851886749268	3.265822172164917	0.0	0.0	3.7655422687530518	0.0	0.0	0.0	0.0	0.0	0.0	0.0	0.0	3.289506435394287	0.0	0.0	0.0	0.0	2.8050873279571533
4.492720603942871	0.0	0.0	0.0	5.505131721496582	0.0	5.938698768615723	0.0	0.0	0.0	0.0	0.0	0.0	0.0	0.0	0.0	3.5802974700927734	2.39894962310791	0.0	0.0	0.0	1.9562863111495972	0.0	0.0	2.6589255332946777	3.883944034576416	0.0	0.0	0.0	0.0	2.818291425704956	2.251253843307495	0.0	2.3748130798339844	3.1473770141601562	4.987278938293457	0.0	7.0075273513793945	2.838667154312134	2.198145866394043	3.8312931060791016	4.080289363861084	0.0	0.0	0.0	0.0	0.0	2.7011373043060303	0.0	4.182218074798584	0.0	0.0	0.0	5.340096473693848	0.0	3.2402195930480957	0.0	4.7242817878723145	3.8932459354400635	0.0	0.0	0.0	2.8839190006256104	0.0	0.0	0.0	0.0	0.0	0.0	0.0	3.1102097034454346	0.0	0.0	0.0	0.0	0.0	0.0	0.0	0.0	0.0	0.0	0.0	4.824997901916504	0.0	0.0	0.0	0.0	0.0	0.0	0.0	4.785705089569092	3.988765239715576	3.54939341545105	0.0	0.0	0.0	0.0	4.0965471267700195	0.0	0.0	0.0	0.0	0.0	0.0	0.0	2.2125446796417236	3.637450695037842	0.0	5.78160285949707	3.980393409729004	3.2650113105773926	0.0	0.0	3.7637078762054443	0.0	0.0	0.0	0.0	0.0	0.0	0.0	0.0	3.2882449626922607	0.0	0.0	0.0	0.0	2.8038442134857178
4.496125221252441	0.0	0.0	0.0	5.509585380554199	0.0	5.943963527679443	0.0	0.0	0.0	0.0	0.0	0.0	0.0	0.0	0.0	3.584703207015991	2.4014410972595215	0.0	0.0	0.0	1.9573744535446167	0.0	0.0	2.6615946292877197	3.888371706008911	0.0	0.0	0.0	0.0	2.8218445777893066	2.2531917095184326	0.0	2.377474069595337	3.1510932445526123	4.99207878112793	0.0	7.013031482696533	2.8402833938598633	2.199695587158203	3.8355026245117188	4.085264205932617	0.0	0.0	0.0	0.0	0.0	2.704223871231079	0.0	4.185474872589111	0.0	0.0	0.0	5.343676567077637	0.0	3.2433714866638184	0.0	4.72873592376709	3.8968002796173096	0.0	0.0	0.0	2.8859846591949463	0.0	0.0	0.0	0.0	0.0	0.0	0.0	3.112990617752075	0.0	0.0	0.0	0.0	0.0	0.0	0.0	0.0	0.0	0.0	0.0	4.830091953277588	0.0	0.0	0.0	0.0	0.0	0.0	0.0	4.79010009765625	3.9923014640808105	3.5532846450805664	0.0	0.0	0.0	0.0	4.09913969039917	0.0	0.0	0.0	0.0	0.0	0.0	0.0	2.213218927383423	3.6408655643463135	0.0	5.785860538482666	3.9848146438598633	3.2673325538635254	0.0	0.0	3.766568660736084	0.0	0.0	0.0	0.0	0.0	0.0	0.0	0.0	3.2908308506011963	0.0	0.0	0.0	0.0	2.806234359741211
4.492546558380127	0.0	0.0	0.0	5.505256652832031	0.0	5.939333915710449	0.0	0.0	0.0	0.0	0.0	0.0	0.0	0.0	0.0	3.5814428329467773	2.4001967906951904	0.0	0.0	0.0	1.9567134380340576	0.0	0.0	2.6596505641937256	3.884737730026245	0.0	0.0	0.0	0.0	2.819734811782837	2.251497268676758	0.0	2.375459671020508	3.14684796333313	4.987242698669434	0.0	7.007450103759766	2.838068723678589	2.1986188888549805	3.832472562789917	4.080772876739502	0.0	0.0	0.0	0.0	0.0	2.701948404312134	0.0	4.181593418121338	0.0	0.0	0.0	5.339357376098633	0.0	3.2419867515563965	0.0	4.725955486297607	3.8931686878204346	0.0	0.0	0.0	2.8827946186065674	0.0	0.0	0.0	0.0	0.0	0.0	0.0	3.1108005046844482	0.0	0.0	0.0	0.0	0.0	0.0	0.0	0.0	0.0	0.0	0.0	4.825721740722656	0.0	0.0	0.0	0.0	0.0	0.0	0.0	4.785630226135254	3.9888412952423096	3.5496327877044678	0.0	0.0	0.0	0.0	4.095885753631592	0.0	0.0	0.0	0.0	0.0	0.0	0.0	2.2107994556427	3.6380655765533447	0.0	5.781610488891602	3.980891227722168	3.265920639038086	0.0	0.0	3.7625925540924072	0.0	0.0	0.0	0.0	0.0	0.0	0.0	0.0	3.288118362426758	0.0	0.0	0.0	0.0	2.8026282787323
4.496886730194092	0.0	0.0	0.0	5.511404991149902	0.0	5.944800853729248	0.0	0.0	0.0	0.0	0.0	0.0	0.0	0.0	0.0	3.5859487056732178	2.4017627239227295	0.0	0.0	0.0	1.9564706087112427	0.0	0.0	2.6622226238250732	3.8884329795837402	0.0	0.0	0.0	0.0	2.8221631050109863	2.254892110824585	0.0	2.3779683113098145	3.150249481201172	4.992774963378906	0.0	7.014096736907959	2.841130018234253	2.200934410095215	3.8370611667633057	4.084908485412598	0.0	0.0	0.0	0.0	0.0	2.704317331314087	0.0	4.186011791229248	0.0	0.0	0.0	5.345259666442871	0.0	3.2441494464874268	0.0	4.729779243469238	3.897930383682251	0.0	0.0	0.0	2.886523723602295	0.0	0.0	0.0	0.0	0.0	0.0	0.0	3.1139132976531982	0.0	0.0	0.0	0.0	0.0	0.0	0.0	0.0	0.0	0.0	0.0	4.830637454986572	0.0	0.0	0.0	0.0	0.0	0.0	0.0	4.790772438049316	3.9921722412109375	3.5550498962402344	0.0	0.0	0.0	0.0	4.099903583526611	0.0	0.0	0.0	0.0	0.0	0.0	0.0	2.2129034996032715	3.6425280570983887	0.0	5.788251876831055	3.986604928970337	3.2690296173095703	0.0	0.0	3.767845392227173	0.0	0.0	0.0	0.0	0.0	0.0	0.0	0.0	3.291624069213867	0.0	0.0	0.0	0.0	2.8070905208587646
4.489200592041016	0.0	0.0	0.0	5.502581596374512	0.0	5.937017917633057	0.0	0.0	0.0	0.0	0.0	0.0	0.0	0.0	0.0	3.5794830322265625	2.3984928131103516	0.0	0.0	0.0	1.9553624391555786	0.0	0.0	2.656702756881714	3.8834619522094727	0.0	0.0	0.0	0.0	2.817497491836548	2.249957799911499	0.0	2.374246120452881	3.145359516143799	4.985682010650635	0.0	7.003880023956299	2.835297107696533	2.196523666381836	3.8286209106445312	4.078876972198486	0.0	0.0	0.0	0.0	0.0	2.6997385025024414	0.0	4.180649280548096	0.0	0.0	0.0	5.33852481842041	0.0	3.2390878200531006	0.0	4.721848964691162	3.8920106887817383	0.0	0.0	0.0	2.883415699005127	0.0	0.0	0.0	0.0	0.0	0.0	0.0	3.109039783477783	0.0	0.0	0.0	0.0	0.0	0.0	0.0	0.0	0.0	0.0	0.0	4.822720050811768	0.0	0.0	0.0	0.0	0.0	0.0	0.0	4.783647537231445	3.9860715866088867	3.5487465858459473	0.0	0.0	0.0	0.0	4.094146251678467	0.0	0.0	0.0	0.0	0.0	0.0	0.0	2.2101597785949707	3.635237693786621	0.0	5.778271675109863	3.9781136512756348	3.263463258743286	0.0	0.0	3.7616543769836426	0.0	0.0	0.0	0.0	0.0	0.0	0.0	0.0	3.2858128547668457	0.0	0.0	0.0	0.0	2.803314447402954
4.498408317565918	0.0	0.0	0.0	5.512582778930664	0.0	5.94631814956665	0.0	0.0	0.0	0.0	0.0	0.0	0.0	0.0	0.0	3.5875213146209717	2.401167154312134	0.0	0.0	0.0	1.957413673400879	0.0	0.0	2.6627516746520996	3.8898873329162598	0.0	0.0	0.0	0.0	2.8239121437072754	2.255169153213501	0.0	2.378755569458008	3.1528384685516357	4.994980812072754	0.0	7.016201019287109	2.8417294025421143	2.2027647495269775	3.838257074356079	4.086843967437744	0.0	0.0	0.0	0.0	0.0	2.705448865890503	0.0	4.188730239868164	0.0	0.0	0.0	5.347876071929932	0.0	3.2448511123657227	0.0	4.731109142303467	3.8997514247894287	0.0	0.0	0.0	2.887202739715576	0.0	0.0	0.0	0.0	0.0	0.0	0.0	3.1155731678009033	0.0	0.0	0.0	0.0	0.0	0.0	0.0	0.0	0.0	0.0	0.0	4.832476615905762	0.0	0.0	0.0	0.0	0.0	0.0	0.0	4.792633533477783	3.995321035385132	3.5552561283111572	0.0	0.0	0.0	0.0	4.101221084594727	0.0	0.0	0.0	0.0	0.0	0.0	0.0	2.214425563812256	3.6439270973205566	0.0	5.790229797363281	3.987586498260498	3.2699289321899414	0.0	0.0	3.768538236618042	0.0	0.0	0.0	0.0	0.0	0.0	0.0	0.0	3.292569160461426	0.0	0.0	0.0	0.0	2.8081953525543213
4.4906487464904785	0.0	0.0	0.0	5.504729270935059	0.0	5.938692092895508	0.0	0.0	0.0	0.0	0.0	0.0	0.0	0.0	0.0	3.5795631408691406	2.398714780807495	0.0	0.0	0.0	1.9539272785186768	0.0	0.0	2.6575729846954346	3.8844215869903564	0.0	0.0	0.0	0.0	2.8184995651245117	2.250683069229126	0.0	2.374237298965454	3.146024703979492	4.986796855926514	0.0	7.006243705749512	2.837488889694214	2.1969425678253174	3.830799102783203	4.079853534698486	0.0	0.0	0.0	0.0	0.0	2.7000341415405273	0.0	4.1799726486206055	0.0	0.0	0.0	5.339951515197754	0.0	3.240910768508911	0.0	4.72442102432251	3.8935320377349854	0.0	0.0	0.0	2.8830955028533936	0.0	0.0	0.0	0.0	0.0	0.0	0.0	3.109524726867676	0.0	0.0	0.0	0.0	0.0	0.0	0.0	0.0	0.0	0.0	0.0	4.824101448059082	0.0	0.0	0.0	0.0	0.0	0.0	0.0	4.78579044342041	3.9879684448242188	3.5488274097442627	0.0	0.0	0.0	0.0	4.095261096954346	0.0	0.0	0.0	0.0	0.0	0.0	0.0	2.2108192443847656	3.6372663974761963	0.0	5.779794692993164	3.980959177017212	3.2648203372955322	0.0	0.0	3.76370906829834	0.0	0.0	0.0	0.0	0.0	0.0	0.0	0.0	3.2868552207946777	0.0	0.0	0.0	0.0	2.803626298904419
4.4963059425354	0.0	0.0	0.0	5.509984493255615	0.0	5.943073749542236	0.0	0.0	0.0	0.0	0.0	0.0	0.0	0.0	0.0	3.5847482681274414	2.4011921882629395	0.0	0.0	0.0	1.9566926956176758	0.0	0.0	2.660970687866211	3.88781476020813	0.0	0.0	0.0	0.0	2.82165265083313	2.253286600112915	0.0	2.3776631355285645	3.1509180068969727	4.992094993591309	0.0	7.0124359130859375	2.84029221534729	2.2016067504882812	3.8348474502563477	4.084568977355957	0.0	0.0	0.0	0.0	0.0	2.7036421298980713	0.0	4.185957431793213	0.0	0.0	0.0	5.345013618469238	0.0	3.2433533668518066	0.0	4.729203701019287	3.896960496902466	0.0	0.0	0.0	2.886216878890991	0.0	0.0	0.0	0.0	0.0	0.0	0.0	3.113851547241211	0.0	0.0	0.0	0.0	0.0	0.0	0.0	0.0	0.0	0.0	0.0	4.829229831695557	0.0	0.0	0.0	0.0	0.0	0.0	0.0	4.789822578430176	3.9927237033843994	3.5528342723846436	0.0	0.0	0.0	0.0	4.099099159240723	0.0	0.0	0.0	0.0	0.0	0.0	0.0	2.213874340057373	3.6413028240203857	0.0	5.786797046661377	3.985189437866211	3.267932653427124	0.0	0.0	3.767437219619751	0.0	0.0	0.0	0.0	0.0	0.0	0.0	0.0	3.2906761169433594	0.0	0.0	0.0	0.0	2.8060874938964844
4.496557712554932	0.0	0.0	0.0	5.511198043823242	0.0	5.943464279174805	0.0	0.0	0.0	0.0	0.0	0.0	0.0	0.0	0.0	3.5860061645507812	2.4009993076324463	0.0	0.0	0.0	1.9564931392669678	0.0	0.0	2.662421941757202	3.8889570236206055	0.0	0.0	0.0	0.0	2.8231022357940674	2.253981828689575	0.0	2.3777170181274414	3.15106201171875	4.993270397186279	0.0	7.0134429931640625	2.8412210941314697	2.201958179473877	3.83612060546875	4.085373401641846	0.0	0.0	0.0	0.0	0.0	2.705383062362671	0.0	4.1865973472595215	0.0	0.0	0.0	5.345890998840332	0.0	3.2432312965393066	0.0	4.728860378265381	3.8973052501678467	0.0	0.0	0.0	2.8855373859405518	0.0	0.0	0.0	0.0	0.0	0.0	0.0	3.1143085956573486	0.0	0.0	0.0	0.0	0.0	0.0	0.0	0.0	0.0	0.0	0.0	4.830139636993408	0.0	0.0	0.0	0.0	0.0	0.0	0.0	4.791502475738525	3.99371337890625	3.5539543628692627	0.0	0.0	0.0	0.0	4.099849700927734	0.0	0.0	0.0	0.0	0.0	0.0	0.0	2.2139246463775635	3.6424994468688965	0.0	5.787196636199951	3.9857184886932373	3.267753839492798	0.0	0.0	3.7676074504852295	0.0	0.0	0.0	0.0	0.0	0.0	0.0	0.0	3.2913713455200195	0.0	0.0	0.0	0.0	2.807032585144043
4.500159740447998	0.0	0.0	0.0	5.5141496658325195	0.0	5.947720050811768	0.0	0.0	0.0	0.0	0.0	0.0	0.0	0.0	0.0	3.588456153869629	2.4026150703430176	0.0	0.0	0.0	1.9584057331085205	0.0	0.0	2.6630759239196777	3.8906500339508057	0.0	0.0	0.0	0.0	2.8250315189361572	2.255164623260498	0.0	2.3798234462738037	3.1535756587982178	4.9966139793396	0.0	7.018651485443115	2.8430161476135254	2.202624559402466	3.838291645050049	4.0872344970703125	0.0	0.0	0.0	0.0	0.0	2.7053496837615967	0.0	4.189913272857666	0.0	0.0	0.0	5.349267482757568	0.0	3.245441436767578	0.0	4.732669830322266	3.900404453277588	0.0	0.0	0.0	2.8887152671813965	0.0	0.0	0.0	0.0	0.0	0.0	0.0	3.1162073612213135	0.0	0.0	0.0	0.0	0.0	0.0	0.0	0.0	0.0	0.0	0.0	4.833949565887451	0.0	0.0	0.0	0.0	0.0	0.0	0.0	4.794437885284424	3.996757745742798	3.5567564964294434	0.0	0.0	0.0	0.0	4.102961540222168	0.0	0.0	0.0	0.0	0.0	0.0	0.0	2.2158448696136475	3.6452529430389404	0.0	5.791399955749512	3.9880685806274414	3.270512342453003	0.0	0.0	3.770448684692383	0.0	0.0	0.0	0.0	0.0	0.0	0.0	0.0	3.2937848567962646	0.0	0.0	0.0	0.0	2.8086776733398438
4.495429039001465	0.0	0.0	0.0	5.508954048156738	0.0	5.942765712738037	0.0	0.0	0.0	0.0	0.0	0.0	0.0	0.0	0.0	3.584512948989868	2.4002866744995117	0.0	0.0	0.0	1.9561134576797485	0.0	0.0	2.660979986190796	3.8881032466888428	0.0	0.0	0.0	0.0	2.821321725845337	2.2539782524108887	0.0	2.377066135406494	3.150120973587036	4.99157190322876	0.0	7.012286186218262	2.84000301361084	2.199716806411743	3.8344626426696777	4.083113670349121	0.0	0.0	0.0	0.0	0.0	2.7039434909820557	0.0	4.184289455413818	0.0	0.0	0.0	5.343599796295166	0.0	3.243302345275879	0.0	4.727826118469238	3.8973805904388428	0.0	0.0	0.0	2.88578724861145	0.0	0.0	0.0	0.0	0.0	0.0	0.0	3.112091064453125	0.0	0.0	0.0	0.0	0.0	0.0	0.0	0.0	0.0	0.0	0.0	4.8283185958862305	0.0	0.0	0.0	0.0	0.0	0.0	0.0	4.790102481842041	3.9915900230407715	3.5520312786102295	0.0	0.0	0.0	0.0	4.099035263061523	0.0	0.0	0.0	0.0	0.0	0.0	0.0	2.212724208831787	3.640812635421753	0.0	5.78527307510376	3.9847216606140137	3.267793893814087	0.0	0.0	3.7659804821014404	0.0	0.0	0.0	0.0	0.0	0.0	0.0	0.0	3.290799140930176	0.0	0.0	0.0	0.0	2.8067479133605957
4.496292591094971	0.0	0.0	0.0	5.510725021362305	0.0	5.943164348602295	0.0	0.0	0.0	0.0	0.0	0.0	0.0	0.0	0.0	3.5844409465789795	2.401049852371216	0.0	0.0	0.0	1.9569426774978638	0.0	0.0	2.661604642868042	3.8879201412200928	0.0	0.0	0.0	0.0	2.82248854637146	2.2539243698120117	0.0	2.3776025772094727	3.1498353481292725	4.992751598358154	0.0	7.013613224029541	2.8409624099731445	2.2009165287017822	3.835270881652832	4.084206581115723	0.0	0.0	0.0	0.0	0.0	2.704317331314087	0.0	4.185999393463135	0.0	0.0	0.0	5.3447747230529785	0.0	3.2438805103302	0.0	4.728470802307129	3.8969969749450684	0.0	0.0	0.0	2.885891914367676	0.0	0.0	0.0	0.0	0.0	0.0	0.0	3.11337947845459	0.0	0.0	0.0	0.0	0.0	0.0	0.0	0.0	0.0	0.0	0.0	4.8295578956604	0.0	0.0	0.0	0.0	0.0	0.0	0.0	4.79083776473999	3.992755651473999	3.553392171859741	0.0	0.0	0.0	0.0	4.099669933319092	0.0	0.0	0.0	0.0	0.0	0.0	0.0	2.213303565979004	3.6412720680236816	0.0	5.786421775817871	3.9842493534088135	3.2684409618377686	0.0	0.0	3.7680211067199707	0.0	0.0	0.0	0.0	0.0	0.0	0.0	0.0	3.29166841506958	0.0	0.0	0.0	0.0	2.8058481216430664
4.497851371765137	0.0	0.0	0.0	5.511229515075684	0.0	5.944754123687744	0.0	0.0	0.0	0.0	0.0	0.0	0.0	0.0	0.0	3.5857198238372803	2.401160955429077	0.0	0.0	0.0	1.9576009511947632	0.0	0.0	2.6622936725616455	3.889132499694824	0.0	0.0	0.0	0.0	2.8232908248901367	2.2542970180511475	0.0	2.3787922859191895	3.1514155864715576	4.993166446685791	0.0	7.014657020568848	2.8419997692108154	2.2016751766204834	3.83632493019104	4.084718704223633	0.0	0.0	0.0	0.0	0.0	2.7053701877593994	0.0	4.187488079071045	0.0	0.0	0.0	5.345782279968262	0.0	3.244201898574829	0.0	4.729771614074707	3.8983261585235596	0.0	0.0	0.0	2.885838031768799	0.0	0.0	0.0	0.0	0.0	0.0	0.0	3.114715099334717	0.0	0.0	0.0	0.0	0.0	0.0	0.0	0.0	0.0	0.0	0.0	4.8306884765625	0.0	0.0	0.0	0.0	0.0	0.0	0.0	4.791069507598877	3.993769884109497	3.5546140670776367	0.0	0.0	0.0	0.0	4.0999274253845215	0.0	0.0	0.0	0.0	0.0	0.0	0.0	2.2135508060455322	3.643169641494751	0.0	5.787563800811768	3.98567271232605	3.269099473953247	0.0	0.0	3.7683732509613037	0.0	0.0	0.0	0.0	0.0	0.0	0.0	0.0	3.291889190673828	0.0	0.0	0.0	0.0	2.807360887527466
4.497542858123779	0.0	0.0	0.0	5.512274742126465	0.0	5.94442892074585	0.0	0.0	0.0	0.0	0.0	0.0	0.0	0.0	0.0	3.586571216583252	2.4013617038726807	0.0	0.0	0.0	1.9574596881866455	0.0	0.0	2.6610798835754395	3.889342784881592	0.0	0.0	0.0	0.0	2.8232765197753906	2.254396915435791	0.0	2.3781590461730957	3.1511638164520264	4.9929938316345215	0.0	7.014353275299072	2.841613292694092	2.2018232345581055	3.8360908031463623	4.086156845092773	0.0	0.0	0.0	0.0	0.0	2.7052228450775146	0.0	4.187676906585693	0.0	0.0	0.0	5.3463029861450195	0.0	3.2441887855529785	0.0	4.7297492027282715	3.897974967956543	0.0	0.0	0.0	2.8860714435577393	0.0	0.0	0.0	0.0	0.0	0.0	0.0	3.1150295734405518	0.0	0.0	0.0	0.0	0.0	0.0	0.0	0.0	0.0	0.0	0.0	4.830238342285156	0.0	0.0	0.0	0.0	0.0	0.0	0.0	4.791960716247559	3.994112491607666	3.55476450920105	0.0	0.0	0.0	0.0	4.099890232086182	0.0	0.0	0.0	0.0	0.0	0.0	0.0	2.2138376235961914	3.642961263656616	0.0	5.787964820861816	3.9855105876922607	3.268612861633301	0.0	0.0	3.767936944961548	0.0	0.0	0.0	0.0	0.0	0.0	0.0	0.0	3.2910568714141846	0.0	0.0	0.0	0.0	2.806774616241455
4.497259616851807	0.0	0.0	0.0	5.51309871673584	0.0	5.94692850112915	0.0	0.0	0.0	0.0	0.0	0.0	0.0	0.0	0.0	3.5865256786346436	2.4026944637298584	0.0	0.0	0.0	1.9582194089889526	0.0	0.0	2.6626102924346924	3.8895187377929688	0.0	0.0	0.0	0.0	2.8226571083068848	2.2550737857818604	0.0	2.378213405609131	3.152341842651367	4.9944024085998535	0.0	7.0172576904296875	2.8419549465179443	2.2011122703552246	3.836655378341675	4.085769176483154	0.0	0.0	0.0	0.0	0.0	2.7060701847076416	0.0	4.187930583953857	0.0	0.0	0.0	5.347421646118164	0.0	3.2446188926696777	0.0	4.730454921722412	3.8992528915405273	0.0	0.0	0.0	2.8874902725219727	0.0	0.0	0.0	0.0	0.0	0.0	0.0	3.1144232749938965	0.0	0.0	0.0	0.0	0.0	0.0	0.0	0.0	0.0	0.0	0.0	4.832230567932129	0.0	0.0	0.0	0.0	0.0	0.0	0.0	4.792212963104248	3.994770050048828	3.5544848442077637	0.0	0.0	0.0	0.0	4.101726055145264	0.0	0.0	0.0	0.0	0.0	0.0	0.0	2.214287042617798	3.643673896789551	0.0	5.789024353027344	3.9874677658081055	3.2691705226898193	0.0	0.0	3.7691612243652344	0.0	0.0	0.0	0.0	0.0	0.0	0.0	0.0	3.2922818660736084	0.0	0.0	0.0	0.0	2.807474136352539
4.491825103759766	0.0	0.0	0.0	5.504594326019287	0.0	5.937061309814453	0.0	0.0	0.0	0.0	0.0	0.0	0.0	0.0	0.0	3.5813376903533936	2.3980371952056885	0.0	0.0	0.0	1.9541473388671875	0.0	0.0	2.6579365730285645	3.883678913116455	0.0	0.0	0.0	0.0	2.8180437088012695	2.252298355102539	0.0	2.3743789196014404	3.1462152004241943	4.987848281860352	0.0	7.004915714263916	2.8364343643188477	2.1986985206604004	3.831669569015503	4.078765392303467	0.0	0.0	0.0	0.0	0.0	2.7015933990478516	0.0	4.180877208709717	0.0	0.0	0.0	5.338433265686035	0.0	3.2407214641571045	0.0	4.722442626953125	3.8933165073394775	0.0	0.0	0.0	2.8828635215759277	0.0	0.0	0.0	0.0	0.0	0.0	0.0	3.110661506652832	0.0	0.0	0.0	0.0	0.0	0.0	0.0	0.0	0.0	0.0	0.0	4.824834823608398	0.0	0.0	0.0	0.0	0.0	0.0	0.0	4.7853922843933105	3.9877896308898926	3.549039840698242	0.0	0.0	0.0	0.0	4.094814777374268	0.0	0.0	0.0	0.0	0.0	0.0	0.0	2.211101770401001	3.637789249420166	0.0	5.780065536499023	3.9812638759613037	3.263840436935425	0.0	0.0	3.7634830474853516	0.0	0.0	0.0	0.0	0.0	0.0	0.0	0.0	3.2878129482269287	0.0	0.0	0.0	0.0	2.8034420013427734
4.496364593505859	0.0	0.0	0.0	5.511019229888916	0.0	5.944448471069336	0.0	0.0	0.0	0.0	0.0	0.0	0.0	0.0	0.0	3.5852482318878174	2.4009671211242676	0.0	0.0	0.0	1.9580154418945312	0.0	0.0	2.6621272563934326	3.889237403869629	0.0	0.0	0.0	0.0	2.822622537612915	2.25297474861145	0.0	2.3781208992004395	3.1512961387634277	4.993681907653809	0.0	7.014794826507568	2.8410916328430176	2.2011592388153076	3.8362674713134766	4.085781574249268	0.0	0.0	0.0	0.0	0.0	2.7048981189727783	0.0	4.186602592468262	0.0	0.0	0.0	5.346093654632568	0.0	3.2436840534210205	0.0	4.729520320892334	3.8979382514953613	0.0	0.0	0.0	2.887079954147339	0.0	0.0	0.0	0.0	0.0	0.0	0.0	3.113759756088257	0.0	0.0	0.0	0.0	0.0	0.0	0.0	0.0	0.0	0.0	0.0	4.831089973449707	0.0	0.0	0.0	0.0	0.0	0.0	0.0	4.791340351104736	3.9938535690307617	3.554145574569702	0.0	0.0	0.0	0.0	4.0994696617126465	0.0	0.0	0.0	0.0	0.0	0.0	0.0	2.213409662246704	3.6426544189453125	0.0	5.787649631500244	3.9857144355773926	3.26896333694458	0.0	0.0	3.7682101726531982	0.0	0.0	0.0	0.0	0.0	0.0	0.0	0.0	3.2911767959594727	0.0	0.0	0.0	0.0	2.806871175765991
4.4965105056762695	0.0	0.0	0.0	5.510660171508789	0.0	5.94527530670166	0.0	0.0	0.0	0.0	0.0	0.0	0.0	0.0	0.0	3.585951566696167	2.4015350341796875	0.0	0.0	0.0	1.9572027921676636	0.0	0.0	2.6621038913726807	3.889167070388794	0.0	0.0	0.0	0.0	2.822746515274048	2.2538013458251953	0.0	2.3770673274993896	3.151090145111084	4.993248462677002	0.0	7.014916896820068	2.8417766094207764	2.201378583908081	3.8357627391815186	4.084604740142822	0.0	0.0	0.0	0.0	0.0	2.7048747539520264	0.0	4.187165260314941	0.0	0.0	0.0	5.345183849334717	0.0	3.2437400817871094	0.0	4.729550361633301	3.8980088233947754	0.0	0.0	0.0	2.8870902061462402	0.0	0.0	0.0	0.0	0.0	0.0	0.0	3.1133649349212646	0.0	0.0	0.0	0.0	0.0	0.0	0.0	0.0	0.0	0.0	0.0	4.830596446990967	0.0	0.0	0.0	0.0	0.0	0.0	0.0	4.7915191650390625	3.9933362007141113	3.553664445877075	0.0	0.0	0.0	0.0	4.10058069229126	0.0	0.0	0.0	0.0	0.0	0.0	0.0	2.213290214538574	3.641897439956665	0.0	5.787082672119141	3.985870361328125	3.2684412002563477	0.0	0.0	3.7685139179229736	0.0	0.0	0.0	0.0	0.0	0.0	0.0	0.0	3.2909069061279297	0.0	0.0	0.0	0.0	2.807401418685913
4.494948387145996	0.0	0.0	0.0	5.5082621574401855	0.0	5.942136764526367	0.0	0.0	0.0	0.0	0.0	0.0	0.0	0.0	0.0	3.584547758102417	2.3998732566833496	0.0	0.0	0.0	1.9570947885513306	0.0	0.0	2.6601805686950684	3.8877334594726562	0.0	0.0	0.0	0.0	2.821568012237549	2.2523691654205322	0.0	2.3775620460510254	3.15046763420105	4.989927768707275	0.0	7.011107444763184	2.8401708602905273	2.2004592418670654	3.834824562072754	4.083394527435303	0.0	0.0	0.0	0.0	0.0	2.7032511234283447	0.0	4.1855788230896	0.0	0.0	0.0	5.343360424041748	0.0	3.242795705795288	0.0	4.727138042449951	3.895345687866211	0.0	0.0	0.0	2.8852736949920654	0.0	0.0	0.0	0.0	0.0	0.0	0.0	3.1130175590515137	0.0	0.0	0.0	0.0	0.0	0.0	0.0	0.0	0.0	0.0	0.0	4.828723430633545	0.0	0.0	0.0	0.0	0.0	0.0	0.0	4.789369583129883	3.991597890853882	3.5525219440460205	0.0	0.0	0.0	0.0	4.098425388336182	0.0	0.0	0.0	0.0	0.0	0.0	0.0	2.21295428276062	3.640983819961548	0.0	5.784990310668945	3.9844465255737305	3.2675554752349854	0.0	0.0	3.7661244869232178	0.0	0.0	0.0	0.0	0.0	0.0	0.0	0.0	3.2902212142944336	0.0	0.0	0.0	0.0	2.8057801723480225
4.49625301361084	0.0	0.0	0.0	5.510745525360107	0.0	5.943356990814209	0.0	0.0	0.0	0.0	0.0	0.0	0.0	0.0	0.0	3.5852770805358887	2.400437355041504	0.0	0.0	0.0	1.9558916091918945	0.0	0.0	2.66115140914917	3.8886375427246094	0.0	0.0	0.0	0.0	2.821747303009033	2.253535747528076	0.0	2.3779842853546143	3.149930477142334	4.9928460121154785	0.0	7.013418674468994	2.840435266494751	2.200817584991455	3.8359155654907227	4.085026741027832	0.0	0.0	0.0	0.0	0.0	2.704425573348999	0.0	4.186076641082764	0.0	0.0	0.0	5.344736576080322	0.0	3.2435739040374756	0.0	4.728445529937744	3.89737868309021	0.0	0.0	0.0	2.886660099029541	0.0	0.0	0.0	0.0	0.0	0.0	0.0	3.11438250541687	0.0	0.0	0.0	0.0	0.0	0.0	0.0	0.0	0.0	0.0	0.0	4.829217910766602	0.0	0.0	0.0	0.0	0.0	0.0	0.0	4.790774822235107	3.9929473400115967	3.5534441471099854	0.0	0.0	0.0	0.0	4.099165916442871	0.0	0.0	0.0	0.0	0.0	0.0	0.0	2.2141220569610596	3.6412229537963867	0.0	5.78691291809082	3.984895706176758	3.2687480449676514	0.0	0.0	3.7671077251434326	0.0	0.0	0.0	0.0	0.0	0.0	0.0	0.0	3.2911901473999023	0.0	0.0	0.0	0.0	2.8060052394866943
4.495579242706299	0.0	0.0	0.0	5.509390830993652	0.0	5.944225788116455	0.0	0.0	0.0	0.0	0.0	0.0	0.0	0.0	0.0	3.584942102432251	2.4013538360595703	0.0	0.0	0.0	1.957280158996582	0.0	0.0	2.660776138305664	3.888894557952881	0.0	0.0	0.0	0.0	2.8216493129730225	2.253298044204712	0.0	2.3775336742401123	3.149869918823242	4.9919257164001465	0.0	7.0131096839904785	2.8411495685577393	2.200230121612549	3.8354339599609375	4.084169864654541	0.0	0.0	0.0	0.0	0.0	2.70418119430542	0.0	4.186186790466309	0.0	0.0	0.0	5.34468936920166	0.0	3.2434237003326416	0.0	4.728411674499512	3.8971593379974365	0.0	0.0	0.0	2.8861031532287598	0.0	0.0	0.0	0.0	0.0	0.0	0.0	3.1123836040496826	0.0	0.0	0.0	0.0	0.0	0.0	0.0	0.0	0.0	0.0	0.0	4.830170154571533	0.0	0.0	0.0	0.0	0.0	0.0	0.0	4.7904953956604	3.9924733638763428	3.5535483360290527	0.0	0.0	0.0	0.0	4.10015344619751	0.0	0.0	0.0	0.0	0.0	0.0	0.0	2.213404655456543	3.641913652420044	0.0	5.785884857177734	3.9851880073547363	3.2682323455810547	0.0	0.0	3.7674307823181152	0.0	0.0	0.0	0.0	0.0	0.0	0.0	0.0	3.291431427001953	0.0	0.0	0.0	0.0	2.8069019317626953
4.497703552246094	0.0	0.0	0.0	5.509994029998779	0.0	5.944227695465088	0.0	0.0	0.0	0.0	0.0	0.0	0.0	0.0	0.0	3.5853230953216553	2.4010958671569824	0.0	0.0	0.0	1.957459807395935	0.0	0.0	2.6615407466888428	3.8877882957458496	0.0	0.0	0.0	0.0	2.821808099746704	2.253566265106201	0.0	2.377659320831299	3.1508569717407227	4.991852283477783	0.0	7.013332843780518	2.84063720703125	2.201014995574951	3.8353748321533203	4.083852767944336	0.0	0.0	0.0	0.0	0.0	2.7048680782318115	0.0	4.186060905456543	0.0	0.0	0.0	5.344869136810303	0.0	3.2432634830474854	0.0	4.728637218475342	3.89697527885437	0.0	0.0	0.0	2.8869760036468506	0.0	0.0	0.0	0.0	0.0	0.0	0.0	3.113933801651001	0.0	0.0	0.0	0.0	0.0	0.0	0.0	0.0	0.0	0.0	0.0	4.829652786254883	0.0	0.0	0.0	0.0	0.0	0.0	0.0	4.790349960327148	3.9928829669952393	3.5531980991363525	0.0	0.0	0.0	0.0	4.099364757537842	0.0	0.0	0.0	0.0	0.0	0.0	0.0	2.213235378265381	3.6416594982147217	0.0	5.786351203918457	3.985579490661621	3.2679896354675293	0.0	0.0	3.7671337127685547	0.0	0.0	0.0	0.0	0.0	0.0	0.0	0.0	3.2910566329956055	0.0	0.0	0.0	0.0	2.8068692684173584
4.491053104400635	0.0	0.0	0.0	5.50462007522583	0.0	5.93734884262085	0.0	0.0	0.0	0.0	0.0	0.0	0.0	0.0	0.0	3.580951452255249	2.399057626724243	0.0	0.0	0.0	1.9550256729125977	0.0	0.0	2.6584396362304688	3.8838489055633545	0.0	0.0	0.0	0.0	2.8184115886688232	2.251544952392578	0.0	2.375110387802124	3.1470086574554443	4.986746311187744	0.0	7.005527019500732	2.8376846313476562	2.1980628967285156	3.8308651447296143	4.080628395080566	0.0	0.0	0.0	0.0	0.0	2.7011187076568604	0.0	4.181299209594727	0.0	0.0	0.0	5.339378356933594	0.0	3.240243911743164	0.0	4.723722457885742	3.8922502994537354	0.0	0.0	0.0	2.8833022117614746	0.0	0.0	0.0	0.0	0.0	0.0	0.0	3.1095073223114014	0.0	0.0	0.0	0.0	0.0	0.0	0.0	0.0	0.0	0.0	0.0	4.8246002197265625	0.0	0.0	0.0	0.0	0.0	0.0	0.0	4.785597801208496	3.9877796173095703	3.548701047897339	0.0	0.0	0.0	0.0	4.09595251083374	0.0	0.0	0.0	0.0	0.0	0.0	0.0	2.211153030395508	3.6367721557617188	0.0	5.779918193817139	3.9803202152252197	3.264113664627075	0.0	0.0	3.7629544734954834	0.0	0.0	0.0	0.0	0.0	0.0	0.0	0.0	3.287386894226074	0.0	0.0	0.0	0.0	2.8033692836761475
4.4938740730285645	0.0	0.0	0.0	5.507656097412109	0.0	5.941950798034668	0.0	0.0	0.0	0.0	0.0	0.0	0.0	0.0	0.0	3.583101511001587	2.399559497833252	0.0	0.0	0.0	1.9566255807876587	0.0	0.0	2.659424304962158	3.8863885402679443	0.0	0.0	0.0	0.0	2.820261240005493	2.252805233001709	0.0	2.37646222114563	3.148782730102539	4.990352630615234	0.0	7.009275913238525	2.8388583660125732	2.1992344856262207	3.8336024284362793	4.083686351776123	0.0	0.0	0.0	0.0	0.0	2.7027602195739746	0.0	4.183321952819824	0.0	0.0	0.0	5.342850208282471	0.0	3.2421627044677734	0.0	4.726537227630615	3.895603656768799	0.0	0.0	0.0	2.885584831237793	0.0	0.0	0.0	0.0	0.0	0.0	0.0	3.1128344535827637	0.0	0.0	0.0	0.0	0.0	0.0	0.0	0.0	0.0	0.0	0.0	4.827308654785156	0.0	0.0	0.0	0.0	0.0	0.0	0.0	4.788561820983887	3.990872383117676	3.5522310733795166	0.0	0.0	0.0	0.0	4.097822189331055	0.0	0.0	0.0	0.0	0.0	0.0	0.0	2.212437629699707	3.639847993850708	0.0	5.783207416534424	3.9830737113952637	3.266860008239746	0.0	0.0	3.765425682067871	0.0	0.0	0.0	0.0	0.0	0.0	0.0	0.0	3.289098024368286	0.0	0.0	0.0	0.0	2.8057644367218018
4.493082046508789	0.0	0.0	0.0	5.506957530975342	0.0	5.939863681793213	0.0	0.0	0.0	0.0	0.0	0.0	0.0	0.0	0.0	3.583436965942383	2.399552822113037	0.0	0.0	0.0	1.9553091526031494	0.0	0.0	2.6603240966796875	3.885648727416992	0.0	0.0	0.0	0.0	2.8192477226257324	2.2510344982147217	0.0	2.375809669494629	3.1484158039093018	4.9887542724609375	0.0	7.008241653442383	2.83864164352417	2.198314666748047	3.833214044570923	4.081672191619873	0.0	0.0	0.0	0.0	0.0	2.701761245727539	0.0	4.184289932250977	0.0	0.0	0.0	5.34066104888916	0.0	3.2406253814697266	0.0	4.725839614868164	3.8936290740966797	0.0	0.0	0.0	2.8840417861938477	0.0	0.0	0.0	0.0	0.0	0.0	0.0	3.110870361328125	0.0	0.0	0.0	0.0	0.0	0.0	0.0	0.0	0.0	0.0	0.0	4.825278282165527	0.0	0.0	0.0	0.0	0.0	0.0	0.0	4.786490440368652	3.988835334777832	3.5504584312438965	0.0	0.0	0.0	0.0	4.095007419586182	0.0	0.0	0.0	0.0	0.0	0.0	0.0	2.211524248123169	3.6392369270324707	0.0	5.7821550369262695	3.981541395187378	3.2663896083831787	0.0	0.0	3.7641396522521973	0.0	0.0	0.0	0.0	0.0	0.0	0.0	0.0	3.28780198097229	0.0	0.0	0.0	0.0	2.8046317100524902
4.496642112731934	0.0	0.0	0.0	5.5108184814453125	0.0	5.944356441497803	0.0	0.0	0.0	0.0	0.0	0.0	0.0	0.0	0.0	3.584930896759033	2.401153564453125	0.0	0.0	0.0	1.9581962823867798	0.0	0.0	2.6615686416625977	3.888272523880005	0.0	0.0	0.0	0.0	2.823209762573242	2.2544093132019043	0.0	2.3785452842712402	3.1512506008148193	4.992608070373535	0.0	7.013578414916992	2.8402280807495117	2.201808214187622	3.835805654525757	4.084918975830078	0.0	0.0	0.0	0.0	0.0	2.70404314994812	0.0	4.187191963195801	0.0	0.0	0.0	5.344966888427734	0.0	3.243192672729492	0.0	4.729135990142822	3.8973262310028076	0.0	0.0	0.0	2.886965274810791	0.0	0.0	0.0	0.0	0.0	0.0	0.0	3.114272356033325	0.0	0.0	0.0	0.0	0.0	0.0	0.0	0.0	0.0	0.0	0.0	4.830633163452148	0.0	0.0	0.0	0.0	0.0	0.0	0.0	4.791100025177002	3.9933133125305176	3.554311990737915	0.0	0.0	0.0	0.0	4.100183010101318	0.0	0.0	0.0	0.0	0.0	0.0	0.0	2.2136282920837402	3.6414568424224854	0.0	5.786524772644043	3.984917640686035	3.2686870098114014	0.0	0.0	3.7677366733551025	0.0	0.0	0.0	0.0	0.0	0.0	0.0	0.0	3.292161464691162	0.0	0.0	0.0	0.0	2.8067219257354736
4.495543479919434	0.0	0.0	0.0	5.510735988616943	0.0	5.942825794219971	0.0	0.0	0.0	0.0	0.0	0.0	0.0	0.0	0.0	3.5853562355041504	2.4009721279144287	0.0	0.0	0.0	1.9562625885009766	0.0	0.0	2.660968780517578	3.888061285018921	0.0	0.0	0.0	0.0	2.821993827819824	2.253178596496582	0.0	2.3778586387634277	3.150139808654785	4.991267204284668	0.0	7.011720180511475	2.8406035900115967	2.2010629177093506	3.8348231315612793	4.08441162109375	0.0	0.0	0.0	0.0	0.0	2.7034316062927246	0.0	4.185855388641357	0.0	0.0	0.0	5.344271659851074	0.0	3.243438482284546	0.0	4.7277655601501465	3.8962957859039307	0.0	0.0	0.0	2.8859803676605225	0.0	0.0	0.0	0.0	0.0	0.0	0.0	3.1132168769836426	0.0	0.0	0.0	0.0	0.0	0.0	0.0	0.0	0.0	0.0	0.0	4.82887077331543	0.0	0.0	0.0	0.0	0.0	0.0	0.0	4.791064739227295	3.991928815841675	3.553037643432617	0.0	0.0	0.0	0.0	4.099915981292725	0.0	0.0	0.0	0.0	0.0	0.0	0.0	2.2137131690979004	3.6409482955932617	0.0	5.785487174987793	3.984588384628296	3.2676916122436523	0.0	0.0	3.767423391342163	0.0	0.0	0.0	0.0	0.0	0.0	0.0	0.0	3.2899467945098877	0.0	0.0	0.0	0.0	2.805933952331543
4.477361679077148	0.0	0.0	0.0	5.488842010498047	0.0	5.920151233673096	0.0	0.0	0.0	0.0	0.0	0.0	0.0	0.0	0.0	3.5677244663238525	2.390667200088501	0.0	0.0	0.0	1.9502215385437012	0.0	0.0	2.64963436126709	3.873655319213867	0.0	0.0	0.0	0.0	2.80975079536438	2.2440154552459717	0.0	2.3681726455688477	3.137874126434326	4.971449851989746	0.0	6.98527717590332	2.828082799911499	2.190422773361206	3.820451498031616	4.0672688484191895	0.0	0.0	0.0	0.0	0.0	2.6918869018554688	0.0	4.166578769683838	0.0	0.0	0.0	5.322815418243408	0.0	3.2325782775878906	0.0	4.7090678215026855	3.8808183670043945	0.0	0.0	0.0	2.876918315887451	0.0	0.0	0.0	0.0	0.0	0.0	0.0	3.1000022888183594	0.0	0.0	0.0	0.0	0.0	0.0	0.0	0.0	0.0	0.0	0.0	4.809835910797119	0.0	0.0	0.0	0.0	0.0	0.0	0.0	4.768996715545654	3.974116563796997	3.5385677814483643	0.0	0.0	0.0	0.0	4.084710597991943	0.0	0.0	0.0	0.0	0.0	0.0	0.0	2.2041444778442383	3.6268975734710693	0.0	5.762928009033203	3.9685559272766113	3.2559006214141846	0.0	0.0	3.750967025756836	0.0	0.0	0.0	0.0	0.0	0.0	0.0	0.0	3.2782344818115234	0.0	0.0	0.0	0.0	2.795117139816284
4.497308254241943	0.0	0.0	0.0	5.512319087982178	0.0	5.946070671081543	0.0	0.0	0.0	0.0	0.0	0.0	0.0	0.0	0.0	3.585735321044922	2.4024484157562256	0.0	0.0	0.0	1.958099603652954	0.0	0.0	2.6622347831726074	3.889711618423462	0.0	0.0	0.0	0.0	2.8222739696502686	2.25453782081604	0.0	2.378689765930176	3.1519358158111572	4.9944071769714355	0.0	7.016069412231445	2.841977596282959	2.201242685317993	3.8367760181427	4.085398197174072	0.0	0.0	0.0	0.0	0.0	2.7042124271392822	0.0	4.187272071838379	0.0	0.0	0.0	5.346522331237793	0.0	3.245374917984009	0.0	4.731075286865234	3.898432731628418	0.0	0.0	0.0	2.8880391120910645	0.0	0.0	0.0	0.0	0.0	0.0	0.0	3.1151909828186035	0.0	0.0	0.0	0.0	0.0	0.0	0.0	0.0	0.0	0.0	0.0	4.831376075744629	0.0	0.0	0.0	0.0	0.0	0.0	0.0	4.792777061462402	3.993563175201416	3.5549981594085693	0.0	0.0	0.0	0.0	4.100809574127197	0.0	0.0	0.0	0.0	0.0	0.0	0.0	2.2145488262176514	3.6424834728240967	0.0	5.788971900939941	3.987471103668213	3.2702674865722656	0.0	0.0	3.7687573432922363	0.0	0.0	0.0	0.0	0.0	0.0	0.0	0.0	3.2922964096069336	0.0	0.0	0.0	0.0	2.807741641998291
4.494446754455566	0.0	0.0	0.0	5.509210109710693	0.0	5.9431633949279785	0.0	0.0	0.0	0.0	0.0	0.0	0.0	0.0	0.0	3.5835814476013184	2.4007692337036133	0.0	0.0	0.0	1.9564136266708374	0.0	0.0	2.66044282913208	3.8873908519744873	0.0	0.0	0.0	0.0	2.8204643726348877	2.2531425952911377	0.0	2.377269744873047	3.1496407985687256	4.991511344909668	0.0	7.011277675628662	2.839749336242676	2.2000792026519775	3.8337244987487793	4.083243370056152	0.0	0.0	0.0	0.0	0.0	2.7031402587890625	0.0	4.185530662536621	0.0	0.0	0.0	5.343668460845947	0.0	3.2421762943267822	0.0	4.727543354034424	3.8960859775543213	0.0	0.0	0.0	2.8858144283294678	0.0	0.0	0.0	0.0	0.0	0.0	0.0	3.1126911640167236	0.0	0.0	0.0	0.0	0.0	0.0	0.0	0.0	0.0	0.0	0.0	4.828680992126465	0.0	0.0	0.0	0.0	0.0	0.0	0.0	4.78856086730957	3.991204261779785	3.552238702774048	0.0	0.0	0.0	0.0	4.09869909286499	0.0	0.0	0.0	0.0	0.0	0.0	0.0	2.2123911380767822	3.6399736404418945	0.0	5.784544467926025	3.9839556217193604	3.26826548576355	0.0	0.0	3.766066551208496	0.0	0.0	0.0	0.0	0.0	0.0	0.0	0.0	3.2894020080566406	0.0	0.0	0.0	0.0	2.8061745166778564
4.494302272796631	0.0	0.0	0.0	5.5067830085754395	0.0	5.939245700836182	0.0	0.0	0.0	0.0	0.0	0.0	0.0	0.0	0.0	3.5829389095306396	2.3991212844848633	0.0	0.0	0.0	1.9554845094680786	0.0	0.0	2.658245086669922	3.885366678237915	0.0	0.0	0.0	0.0	2.820117950439453	2.252467393875122	0.0	2.3751437664031982	3.148014545440674	4.989577293395996	0.0	7.009198188781738	2.8380982875823975	2.1982719898223877	3.832054376602173	4.0823259353637695	0.0	0.0	0.0	0.0	0.0	2.7018702030181885	0.0	4.182334899902344	0.0	0.0	0.0	5.341950416564941	0.0	3.2409415245056152	0.0	4.726006984710693	3.8954224586486816	0.0	0.0	0.0	2.8837854862213135	0.0	0.0	0.0	0.0	0.0	0.0	0.0	3.1114470958709717	0.0	0.0	0.0	0.0	0.0	0.0	0.0	0.0	0.0	0.0	0.0	4.826467514038086	0.0	0.0	0.0	0.0	0.0	0.0	0.0	4.787330150604248	3.9900503158569336	3.550307273864746	0.0	0.0	0.0	0.0	4.097700119018555	0.0	0.0	0.0	0.0	0.0	0.0	0.0	2.211503267288208	3.639816999435425	0.0	5.783271312713623	3.9828038215637207	3.266129493713379	0.0	0.0	3.7644290924072266	0.0	0.0	0.0	0.0	0.0	0.0	0.0	0.0	3.28898549079895	0.0	0.0	0.0	0.0	2.8041388988494873
4.476895332336426	0.0	0.0	0.0	5.48744010925293	0.0	5.919559955596924	0.0	0.0	0.0	0.0	0.0	0.0	0.0	0.0	0.0	3.569114923477173	2.3924689292907715	0.0	0.0	0.0	1.9507968425750732	0.0	0.0	2.6500043869018555	3.8723225593566895	0.0	0.0	0.0	0.0	2.8108110427856445	2.242887496948242	0.0	2.366119861602783	3.1371865272521973	4.970383167266846	0.0	6.98197078704834	2.829782485961914	2.1896979808807373	3.8189351558685303	4.06416654586792	0.0	0.0	0.0	0.0	0.0	2.6919491291046143	0.0	4.170739650726318	0.0	0.0	0.0	5.32371711730957	0.0	3.2297871112823486	0.0	4.709817409515381	3.8804121017456055	0.0	0.0	0.0	2.8747172355651855	0.0	0.0	0.0	0.0	0.0	0.0	0.0	3.099292278289795	0.0	0.0	0.0	0.0	0.0	0.0	0.0	0.0	0.0	0.0	0.0	4.81083869934082	0.0	0.0	0.0	0.0	0.0	0.0	0.0	4.770611763000488	3.976832389831543	3.5376267433166504	0.0	0.0	0.0	0.0	4.082369327545166	0.0	0.0	0.0	0.0	0.0	0.0	0.0	2.204279661178589	3.6251559257507324	0.0	5.7625274658203125	3.966193199157715	3.2535672187805176	0.0	0.0	3.7508535385131836	0.0	0.0	0.0	0.0	0.0	0.0	0.0	0.0	3.277087926864624	0.0	0.0	0.0	0.0	2.79426908493042
4.494093894958496	0.0	0.0	0.0	5.508481979370117	0.0	5.941712379455566	0.0	0.0	0.0	0.0	0.0	0.0	0.0	0.0	0.0	3.5838756561279297	2.4011850357055664	0.0	0.0	0.0	1.9555381536483765	0.0	0.0	2.660616397857666	3.887380361557007	0.0	0.0	0.0	0.0	2.820366859436035	2.2527756690979004	0.0	2.377009391784668	3.149054765701294	4.99077844619751	0.0	7.010900497436523	2.839545488357544	2.1999611854553223	3.8346612453460693	4.083441257476807	0.0	0.0	0.0	0.0	0.0	2.7036080360412598	0.0	4.184497833251953	0.0	0.0	0.0	5.343445301055908	0.0	3.2422664165496826	0.0	4.7268571853637695	3.8952319622039795	0.0	0.0	0.0	2.885075330734253	0.0	0.0	0.0	0.0	0.0	0.0	0.0	3.1133203506469727	0.0	0.0	0.0	0.0	0.0	0.0	0.0	0.0	0.0	0.0	0.0	4.827754497528076	0.0	0.0	0.0	0.0	0.0	0.0	0.0	4.787758827209473	3.990994930267334	3.551612138748169	0.0	0.0	0.0	0.0	4.097838878631592	0.0	0.0	0.0	0.0	0.0	0.0	0.0	2.2124552726745605	3.639922857284546	0.0	5.784693717956543	3.9834256172180176	3.267486572265625	0.0	0.0	3.7659752368927	0.0	0.0	0.0	0.0	0.0	0.0	0.0	0.0	3.2898077964782715	0.0	0.0	0.0	0.0	2.806563377380371
4.496972560882568	0.0	0.0	0.0	5.511101722717285	0.0	5.9444990158081055	0.0	0.0	0.0	0.0	0.0	0.0	0.0	0.0	0.0	3.5858800411224365	2.4010419845581055	0.0	0.0	0.0	1.957781195640564	0.0	0.0	2.6616592407226562	3.889559745788574	0.0	0.0	0.0	0.0	2.8226847648620605	2.2539894580841064	0.0	2.3781092166900635	3.1499998569488525	4.9931793212890625	0.0	7.014135360717773	2.8415443897247314	2.200671672821045	3.8357763290405273	4.084552764892578	0.0	0.0	0.0	0.0	0.0	2.7049992084503174	0.0	4.186549663543701	0.0	0.0	0.0	5.3458027839660645	0.0	3.2432737350463867	0.0	4.728743076324463	3.897735357284546	0.0	0.0	0.0	2.8869171142578125	0.0	0.0	0.0	0.0	0.0	0.0	0.0	3.113783597946167	0.0	0.0	0.0	0.0	0.0	0.0	0.0	0.0	0.0	0.0	0.0	4.830090522766113	0.0	0.0	0.0	0.0	0.0	0.0	0.0	4.790395736694336	3.9924323558807373	3.553690195083618	0.0	0.0	0.0	0.0	4.100460052490234	0.0	0.0	0.0	0.0	0.0	0.0	0.0	2.2138051986694336	3.6416501998901367	0.0	5.78726053237915	3.984825849533081	3.2684366703033447	0.0	0.0	3.7681870460510254	0.0	0.0	0.0	0.0	0.0	0.0	0.0	0.0	3.2916297912597656	0.0	0.0	0.0	0.0	2.8071064949035645
4.496105194091797	0.0	0.0	0.0	5.5102739334106445	0.0	5.943935871124268	0.0	0.0	0.0	0.0	0.0	0.0	0.0	0.0	0.0	3.5848233699798584	2.4015309810638428	0.0	0.0	0.0	1.9567023515701294	0.0	0.0	2.661353826522827	3.8873915672302246	0.0	0.0	0.0	0.0	2.8221850395202637	2.254026412963867	0.0	2.3771095275878906	3.1512064933776855	4.992563247680664	0.0	7.013723373413086	2.8409197330474854	2.2008190155029297	3.835291862487793	4.084840297698975	0.0	0.0	0.0	0.0	0.0	2.7038512229919434	0.0	4.186232089996338	0.0	0.0	0.0	5.3452558517456055	0.0	3.243082046508789	0.0	4.729046821594238	3.8973593711853027	0.0	0.0	0.0	2.885819911956787	0.0	0.0	0.0	0.0	0.0	0.0	0.0	3.1136300563812256	0.0	0.0	0.0	0.0	0.0	0.0	0.0	0.0	0.0	0.0	0.0	4.829941272735596	0.0	0.0	0.0	0.0	0.0	0.0	0.0	4.791403293609619	3.992993116378784	3.553788423538208	0.0	0.0	0.0	0.0	4.099115371704102	0.0	0.0	0.0	0.0	0.0	0.0	0.0	2.213714838027954	3.6419973373413086	0.0	5.786308288574219	3.984739303588867	3.268676996231079	0.0	0.0	3.7676033973693848	0.0	0.0	0.0	0.0	0.0	0.0	0.0	0.0	3.2907137870788574	0.0	0.0	0.0	0.0	2.806669235229492
4.488892078399658	0.0	0.0	0.0	5.50322151184082	0.0	5.9361371994018555	0.0	0.0	0.0	0.0	0.0	0.0	0.0	0.0	0.0	3.5802595615386963	2.3979368209838867	0.0	0.0	0.0	1.9548280239105225	0.0	0.0	2.65697979927063	3.8826563358306885	0.0	0.0	0.0	0.0	2.817750930786133	2.248852252960205	0.0	2.373685359954834	3.145622968673706	4.98414945602417	0.0	7.003856182098389	2.836186647415161	2.1971473693847656	3.828547239303589	4.077949523925781	0.0	0.0	0.0	0.0	0.0	2.699927568435669	0.0	4.180085182189941	0.0	0.0	0.0	5.337257385253906	0.0	3.238830327987671	0.0	4.722017288208008	3.89204740524292	0.0	0.0	0.0	2.882723808288574	0.0	0.0	0.0	0.0	0.0	0.0	0.0	3.1077117919921875	0.0	0.0	0.0	0.0	0.0	0.0	0.0	0.0	0.0	0.0	0.0	4.822956562042236	0.0	0.0	0.0	0.0	0.0	0.0	0.0	4.783335208892822	3.9878194332122803	3.5484461784362793	0.0	0.0	0.0	0.0	4.093367576599121	0.0	0.0	0.0	0.0	0.0	0.0	0.0	2.209866523742676	3.6361336708068848	0.0	5.777566432952881	3.9773030281066895	3.2634942531585693	0.0	0.0	3.761549234390259	0.0	0.0	0.0	0.0	0.0	0.0	0.0	0.0	3.2859511375427246	0.0	0.0	0.0	0.0	2.8023059368133545
4.498447895050049	0.0	0.0	0.0	5.514068126678467	0.0	5.94752836227417	0.0	0.0	0.0	0.0	0.0	0.0	0.0	0.0	0.0	3.58707594871521	2.402308464050293	0.0	0.0	0.0	1.958014726638794	0.0	0.0	2.66290545463562	3.890986680984497	0.0	0.0	0.0	0.0	2.823115825653076	2.254842758178711	0.0	2.378939390182495	3.152010440826416	4.995814323425293	0.0	7.016259670257568	2.842226982116699	2.2023062705993652	3.83825945854187	4.086886405944824	0.0	0.0	0.0	0.0	0.0	2.7054991722106934	0.0	4.189165115356445	0.0	0.0	0.0	5.348285675048828	0.0	3.2461118698120117	0.0	4.731410026550293	3.900395154953003	0.0	0.0	0.0	2.8872880935668945	0.0	0.0	0.0	0.0	0.0	0.0	0.0	3.116175651550293	0.0	0.0	0.0	0.0	0.0	0.0	0.0	0.0	0.0	0.0	0.0	4.8332014083862305	0.0	0.0	0.0	0.0	0.0	0.0	0.0	4.793299674987793	3.9952757358551025	3.554650068283081	0.0	0.0	0.0	0.0	4.1020379066467285	0.0	0.0	0.0	0.0	0.0	0.0	0.0	2.2146213054656982	3.6445541381835938	0.0	5.790045261383057	3.987635374069214	3.2700843811035156	0.0	0.0	3.7696373462677	0.0	0.0	0.0	0.0	0.0	0.0	0.0	0.0	3.292738199234009	0.0	0.0	0.0	0.0	2.8082399368286133
4.496879577636719	0.0	0.0	0.0	5.510794639587402	0.0	5.9449028968811035	0.0	0.0	0.0	0.0	0.0	0.0	0.0	0.0	0.0	3.5850579738616943	2.4010043144226074	0.0	0.0	0.0	1.95780611038208	0.0	0.0	2.66090726852417	3.888397693634033	0.0	0.0	0.0	0.0	2.82171368598938	2.253404378890991	0.0	2.3777759075164795	3.1503167152404785	4.992241382598877	0.0	7.01441764831543	2.840458869934082	2.201157808303833	3.835399627685547	4.084195613861084	0.0	0.0	0.0	0.0	0.0	2.7052435874938965	0.0	4.186376094818115	0.0	0.0	0.0	5.345544815063477	0.0	3.243781328201294	0.0	4.728991985321045	3.897796630859375	0.0	0.0	0.0	2.886697292327881	0.0	0.0	0.0	0.0	0.0	0.0	0.0	3.1144537925720215	0.0	0.0	0.0	0.0	0.0	0.0	0.0	0.0	0.0	0.0	0.0	4.830012321472168	0.0	0.0	0.0	0.0	0.0	0.0	0.0	4.790732383728027	3.992906093597412	3.553708791732788	0.0	0.0	0.0	0.0	4.0997443199157715	0.0	0.0	0.0	0.0	0.0	0.0	0.0	2.2134430408477783	3.6409828662872314	0.0	5.787303924560547	3.9844753742218018	3.2683491706848145	0.0	0.0	3.767730951309204	0.0	0.0	0.0	0.0	0.0	0.0	0.0	0.0	3.291273593902588	0.0	0.0	0.0	0.0	2.8067972660064697
4.493628978729248	0.0	0.0	0.0	5.508316993713379	0.0	5.943170547485352	0.0	0.0	0.0	0.0	0.0	0.0	0.0	0.0	0.0	3.582772731781006	2.4005258083343506	0.0	0.0	0.0	1.955125093460083	0.0	0.0	2.660334348678589	3.88737154006958	0.0	0.0	0.0	0.0	2.82110333442688	2.252628803253174	0.0	2.3773791790008545	3.1484110355377197	4.9910197257995605	0.0	7.012105464935303	2.839627265930176	2.2000133991241455	3.834172487258911	4.083198547363281	0.0	0.0	0.0	0.0	0.0	2.70294451713562	0.0	4.184502124786377	0.0	0.0	0.0	5.342682361602783	0.0	3.242751359939575	0.0	4.72726583480835	3.896116018295288	0.0	0.0	0.0	2.8848323822021484	0.0	0.0	0.0	0.0	0.0	0.0	0.0	3.11216139793396	0.0	0.0	0.0	0.0	0.0	0.0	0.0	0.0	0.0	0.0	0.0	4.827519416809082	0.0	0.0	0.0	0.0	0.0	0.0	0.0	4.788730144500732	3.9909579753875732	3.5519330501556396	0.0	0.0	0.0	0.0	4.098263263702393	0.0	0.0	0.0	0.0	0.0	0.0	0.0	2.2129809856414795	3.640059232711792	0.0	5.784080505371094	3.9836180210113525	3.2679059505462646	0.0	0.0	3.7659413814544678	0.0	0.0	0.0	0.0	0.0	0.0	0.0	0.0	3.289332389831543	0.0	0.0	0.0	0.0	2.8057219982147217
4.497353553771973	0.0	0.0	0.0	5.5116400718688965	0.0	5.945425033569336	0.0	0.0	0.0	0.0	0.0	0.0	0.0	0.0	0.0	3.5857181549072266	2.4021732807159424	0.0	0.0	0.0	1.957379937171936	0.0	0.0	2.662431478500366	3.889540433883667	0.0	0.0	0.0	0.0	2.8226022720336914	2.253814697265625	0.0	2.37847900390625	3.15183162689209	4.993276119232178	0.0	7.015388488769531	2.841385841369629	2.2014667987823486	3.836726188659668	4.086125373840332	0.0	0.0	0.0	0.0	0.0	2.706234931945801	0.0	4.187262058258057	0.0	0.0	0.0	5.3463239669799805	0.0	3.244817018508911	0.0	4.730004787445068	3.899033546447754	0.0	0.0	0.0	2.887026786804199	0.0	0.0	0.0	0.0	0.0	0.0	0.0	3.1150619983673096	0.0	0.0	0.0	0.0	0.0	0.0	0.0	0.0	0.0	0.0	0.0	4.831530570983887	0.0	0.0	0.0	0.0	0.0	0.0	0.0	4.792064666748047	3.9940671920776367	3.5544631481170654	0.0	0.0	0.0	0.0	4.101222515106201	0.0	0.0	0.0	0.0	0.0	0.0	0.0	2.213153839111328	3.6416103839874268	0.0	5.78830099105835	3.9856228828430176	3.27006196975708	0.0	0.0	3.7686309814453125	0.0	0.0	0.0	0.0	0.0	0.0	0.0	0.0	3.2923777103424072	0.0	0.0	0.0	0.0	2.808316946029663
4.495849609375	0.0	0.0	0.0	5.5103912353515625	0.0	5.944746971130371	0.0	0.0	0.0	0.0	0.0	0.0	0.0	0.0	0.0	3.585318088531494	2.4009652137756348	0.0	0.0	0.0	1.956265926361084	0.0	0.0	2.660959005355835	3.8884458541870117	0.0	0.0	0.0	0.0	2.822049617767334	2.253103017807007	0.0	2.377887487411499	3.1497743129730225	4.992928981781006	0.0	7.014481067657471	2.84108567237854	2.2005836963653564	3.835624933242798	4.08453893661499	0.0	0.0	0.0	0.0	0.0	2.704641580581665	0.0	4.186408996582031	0.0	0.0	0.0	5.34486722946167	0.0	3.2440080642700195	0.0	4.729388236999512	3.897883415222168	0.0	0.0	0.0	2.887101888656616	0.0	0.0	0.0	0.0	0.0	0.0	0.0	3.1144683361053467	0.0	0.0	0.0	0.0	0.0	0.0	0.0	0.0	0.0	0.0	0.0	4.829687118530273	0.0	0.0	0.0	0.0	0.0	0.0	0.0	4.79076623916626	3.992124557495117	3.5535974502563477	0.0	0.0	0.0	0.0	4.099512100219727	0.0	0.0	0.0	0.0	0.0	0.0	0.0	2.2137527465820312	3.6413636207580566	0.0	5.787572860717773	3.984588146209717	3.2683496475219727	0.0	0.0	3.767204761505127	0.0	0.0	0.0	0.0	0.0	0.0	0.0	0.0	3.291109800338745	0.0	0.0	0.0	0.0	2.806061267852783
4.4951653480529785	0.0	0.0	0.0	5.509147644042969	0.0	5.942368984222412	0.0	0.0	0.0	0.0	0.0	0.0	0.0	0.0	0.0	3.5846962928771973	2.400820732116699	0.0	0.0	0.0	1.9562759399414062	0.0	0.0	2.6605618000030518	3.8872201442718506	0.0	0.0	0.0	0.0	2.821845054626465	2.2526261806488037	0.0	2.3769896030426025	3.150106430053711	4.991108417510986	0.0	7.010678768157959	2.8410050868988037	2.2005348205566406	3.8340036869049072	4.083562850952148	0.0	0.0	0.0	0.0	0.0	2.7036044597625732	0.0	4.185654640197754	0.0	0.0	0.0	5.34360408782959	0.0	3.2433578968048096	0.0	4.727657794952393	3.8958847522735596	0.0	0.0	0.0	2.8857555389404297	0.0	0.0	0.0	0.0	0.0	0.0	0.0	3.1126163005828857	0.0	0.0	0.0	0.0	0.0	0.0	0.0	0.0	0.0	0.0	0.0	4.828747749328613	0.0	0.0	0.0	0.0	0.0	0.0	0.0	4.789446830749512	3.9923737049102783	3.5527331829071045	0.0	0.0	0.0	0.0	4.098348140716553	0.0	0.0	0.0	0.0	0.0	0.0	0.0	2.2126827239990234	3.6416523456573486	0.0	5.785160541534424	3.9836928844451904	3.2681195735931396	0.0	0.0	3.7668673992156982	0.0	0.0	0.0	0.0	0.0	0.0	0.0	0.0	3.290273904800415	0.0	0.0	0.0	0.0	2.806443452835083
4.495510101318359	0.0	0.0	0.0	5.5096025466918945	0.0	5.9430718421936035	0.0	0.0	0.0	0.0	0.0	0.0	0.0	0.0	0.0	3.584906816482544	2.4005484580993652	0.0	0.0	0.0	1.956611156463623	0.0	0.0	2.6611077785491943	3.887773275375366	0.0	0.0	0.0	0.0	2.821566581726074	2.252772092819214	0.0	2.3773679733276367	3.150087833404541	4.991728782653809	0.0	7.012543678283691	2.8397603034973145	2.2013356685638428	3.8350088596343994	4.083833694458008	0.0	0.0	0.0	0.0	0.0	2.7041611671447754	0.0	4.18557596206665	0.0	0.0	0.0	5.345057487487793	0.0	3.2426698207855225	0.0	4.727934837341309	3.896336555480957	0.0	0.0	0.0	2.885831117630005	0.0	0.0	0.0	0.0	0.0	0.0	0.0	3.113490581512451	0.0	0.0	0.0	0.0	0.0	0.0	0.0	0.0	0.0	0.0	0.0	4.829016208648682	0.0	0.0	0.0	0.0	0.0	0.0	0.0	4.790305137634277	3.991502523422241	3.5525405406951904	0.0	0.0	0.0	0.0	4.099122524261475	0.0	0.0	0.0	0.0	0.0	0.0	0.0	2.2131097316741943	3.6405575275421143	0.0	5.785913944244385	3.9839541912078857	3.267669439315796	0.0	0.0	3.766322374343872	0.0	0.0	0.0	0.0	0.0	0.0	0.0	0.0	3.2900359630584717	0.0	0.0	0.0	0.0	2.8065989017486572
4.498055458068848	0.0	0.0	0.0	5.513449668884277	0.0	5.946225643157959	0.0	0.0	0.0	0.0	0.0	0.0	0.0	0.0	0.0	3.5865769386291504	2.4017765522003174	0.0	0.0	0.0	1.9580813646316528	0.0	0.0	2.6628124713897705	3.88993763923645	0.0	0.0	0.0	0.0	2.8221757411956787	2.254326581954956	0.0	2.378959894180298	3.1523735523223877	4.994922161102295	0.0	7.016138553619385	2.842040538787842	2.2015857696533203	3.8373801708221436	4.086896896362305	0.0	0.0	0.0	0.0	0.0	2.70564603805542	0.0	4.188300132751465	0.0	0.0	0.0	5.347351551055908	0.0	3.2446677684783936	0.0	4.730948448181152	3.8992223739624023	0.0	0.0	0.0	2.887803077697754	0.0	0.0	0.0	0.0	0.0	0.0	0.0	3.1153452396392822	0.0	0.0	0.0	0.0	0.0	0.0	0.0	0.0	0.0	0.0	0.0	4.832033634185791	0.0	0.0	0.0	0.0	0.0	0.0	0.0	4.79208517074585	3.994859218597412	3.555724859237671	0.0	0.0	0.0	0.0	4.101370811462402	0.0	0.0	0.0	0.0	0.0	0.0	0.0	2.2147934436798096	3.6437745094299316	0.0	5.789697647094727	3.986851930618286	3.26944899559021	0.0	0.0	3.7691593170166016	0.0	0.0	0.0	0.0	0.0	0.0	0.0	0.0	3.2923450469970703	0.0	0.0	0.0	0.0	2.8080554008483887
4.495466709136963	0.0	0.0	0.0	5.509579658508301	0.0	5.944122314453125	0.0	0.0	0.0	0.0	0.0	0.0	0.0	0.0	0.0	3.5840184688568115	2.4016177654266357	0.0	0.0	0.0	1.9565452337265015	0.0	0.0	2.6605215072631836	3.8880021572113037	0.0	0.0	0.0	0.0	2.8209314346313477	2.2530925273895264	0.0	2.3782243728637695	3.149580717086792	4.991830825805664	0.0	7.012929916381836	2.840294361114502	2.201138734817505	3.8342647552490234	4.083786964416504	0.0	0.0	0.0	0.0	0.0	2.703352928161621	0.0	4.1850810050964355	0.0	0.0	0.0	5.343603610992432	0.0	3.243326425552368	0.0	4.728775978088379	3.8961760997772217	0.0	0.0	0.0	2.8861005306243896	0.0	0.0	0.0	0.0	0.0	0.0	0.0	3.112980604171753	0.0	0.0	0.0	0.0	0.0	0.0	0.0	0.0	0.0	0.0	0.0	4.828798294067383	0.0	0.0	0.0	0.0	0.0	0.0	0.0	4.789068698883057	3.9916703701019287	3.553297758102417	0.0	0.0	0.0	0.0	4.099485397338867	0.0	0.0	0.0	0.0	0.0	0.0	0.0	2.2129738330841064	3.6401331424713135	0.0	5.786151885986328	3.9836819171905518	3.2683446407318115	0.0	0.0	3.7669761180877686	0.0	0.0	0.0	0.0	0.0	0.0	0.0	0.0	3.291700601577759	0.0	0.0	0.0	0.0	2.8065578937530518
4.496443271636963	0.0	0.0	0.0	5.510754585266113	0.0	5.943923473358154	0.0	0.0	0.0	0.0	0.0	0.0	0.0	0.0	0.0	3.5858194828033447	2.400960683822632	0.0	0.0	0.0	1.9567409753799438	0.0	0.0	2.6615703105926514	3.8890292644500732	0.0	0.0	0.0	0.0	2.8222622871398926	2.254047155380249	0.0	2.3782191276550293	3.1513681411743164	4.993033409118652	0.0	7.013050079345703	2.841104507446289	2.2019166946411133	3.8360097408294678	4.085120677947998	0.0	0.0	0.0	0.0	0.0	2.705057144165039	0.0	4.187371253967285	0.0	0.0	0.0	5.345658302307129	0.0	3.243542194366455	0.0	4.728712558746338	3.896634340286255	0.0	0.0	0.0	2.8858633041381836	0.0	0.0	0.0	0.0	0.0	0.0	0.0	3.1139161586761475	0.0	0.0	0.0	0.0	0.0	0.0	0.0	0.0	0.0	0.0	0.0	4.8300933837890625	0.0	0.0	0.0	0.0	0.0	0.0	0.0	4.791132926940918	3.993328809738159	3.5536210536956787	0.0	0.0	0.0	0.0	4.099381923675537	0.0	0.0	0.0	0.0	0.0	0.0	0.0	2.2136878967285156	3.642202138900757	0.0	5.786507606506348	3.9857192039489746	3.268434524536133	0.0	0.0	3.768054723739624	0.0	0.0	0.0	0.0	0.0	0.0	0.0	0.0	3.291512966156006	0.0	0.0	0.0	0.0	2.8066179752349854
4.4942946434021	0.0	0.0	0.0	5.508254528045654	0.0	5.942065238952637	0.0	0.0	0.0	0.0	0.0	0.0	0.0	0.0	0.0	3.5841150283813477	2.4001476764678955	0.0	0.0	0.0	1.9570237398147583	0.0	0.0	2.6610710620880127	3.887481689453125	0.0	0.0	0.0	0.0	2.8210582733154297	2.2519659996032715	0.0	2.3772850036621094	3.1489639282226562	4.9900383949279785	0.0	7.010148525238037	2.839522361755371	2.2005391120910645	3.834259510040283	4.082671642303467	0.0	0.0	0.0	0.0	0.0	2.703927516937256	0.0	4.18525505065918	0.0	0.0	0.0	5.343136787414551	0.0	3.2415640354156494	0.0	4.727797031402588	3.89632511138916	0.0	0.0	0.0	2.8854665756225586	0.0	0.0	0.0	0.0	0.0	0.0	0.0	3.1126396656036377	0.0	0.0	0.0	0.0	0.0	0.0	0.0	0.0	0.0	0.0	0.0	4.827524662017822	0.0	0.0	0.0	0.0	0.0	0.0	0.0	4.78799295425415	3.9913713932037354	3.551748275756836	0.0	0.0	0.0	0.0	4.0984601974487305	0.0	0.0	0.0	0.0	0.0	0.0	0.0	2.212477922439575	3.6395606994628906	0.0	5.784415245056152	3.98337721824646	3.266716957092285	0.0	0.0	3.765666961669922	0.0	0.0	0.0	0.0	0.0	0.0	0.0	0.0	3.289323329925537	0.0	0.0	0.0	0.0	2.8059637546539307
4.4915900230407715	0.0	0.0	0.0	5.505239486694336	0.0	5.937769889831543	0.0	0.0	0.0	0.0	0.0	0.0	0.0	0.0	0.0	3.581501007080078	2.4003021717071533	0.0	0.0	0.0	1.9551236629486084	0.0	0.0	2.6580252647399902	3.883829116821289	0.0	0.0	0.0	0.0	2.8184616565704346	2.2519145011901855	0.0	2.374021530151367	3.1479592323303223	4.987281322479248	0.0	7.006484031677246	2.8376972675323486	2.1970787048339844	3.83039927482605	4.080008029937744	0.0	0.0	0.0	0.0	0.0	2.7011237144470215	0.0	4.18074893951416	0.0	0.0	0.0	5.33976411819458	0.0	3.240971088409424	0.0	4.723852157592773	3.8924357891082764	0.0	0.0	0.0	2.8839962482452393	0.0	0.0	0.0	0.0	0.0	0.0	0.0	3.109360694885254	0.0	0.0	0.0	0.0	0.0	0.0	0.0	0.0	0.0	0.0	0.0	4.824182033538818	0.0	0.0	0.0	0.0	0.0	0.0	0.0	4.785063743591309	3.9880027770996094	3.5496888160705566	0.0	0.0	0.0	0.0	4.095341682434082	0.0	0.0	0.0	0.0	0.0	0.0	0.0	2.2116830348968506	3.6377480030059814	0.0	5.7804789543151855	3.9804019927978516	3.265099287033081	0.0	0.0	3.763808250427246	0.0	0.0	0.0	0.0	0.0	0.0	0.0	0.0	3.2876827716827393	0.0	0.0	0.0	0.0	2.804180145263672
4.496756553649902	0.0	0.0	0.0	5.511668682098389	0.0	5.94537878036499	0.0	0.0	0.0	0.0	0.0	0.0	0.0	0.0	0.0	3.5858163833618164	2.4018192291259766	0.0	0.0	0.0	1.9572257995605469	0.0	0.0	2.6609694957733154	3.889235734939575	0.0	0.0	0.0	0.0	2.822037935256958	2.254481792449951	0.0	2.378185272216797	3.151078462600708	4.993580341339111	0.0	7.014483451843262	2.8411448001861572	2.201753616333008	3.8362345695495605	4.0857038497924805	0.0	0.0	0.0	0.0	0.0	2.703667163848877	0.0	4.186586380004883	0.0	0.0	0.0	5.345874309539795	0.0	3.24497652053833	0.0	4.729934215545654	3.8978755474090576	0.0	0.0	0.0	2.8871586322784424	0.0	0.0	0.0	0.0	0.0	0.0	0.0	3.114464044570923	0.0	0.0	0.0	0.0	0.0	0.0	0.0	0.0	0.0	0.0	0.0	4.830637454986572	0.0	0.0	0.0	0.0	0.0	0.0	0.0	4.791336536407471	3.9933078289031982	3.5538899898529053	0.0	0.0	0.0	0.0	4.100368499755859	0.0	0.0	0.0	0.0	0.0	0.0	0.0	2.213872194290161	3.6429972648620605	0.0	5.788041114807129	3.986284017562866	3.268728017807007	0.0	0.0	3.7683024406433105	0.0	0.0	0.0	0.0	0.0	0.0	0.0	0.0	3.2916979789733887	0.0	0.0	0.0	0.0	2.80721116065979
4.495006561279297	0.0	0.0	0.0	5.509355545043945	0.0	5.942854404449463	0.0	0.0	0.0	0.0	0.0	0.0	0.0	0.0	0.0	3.5835652351379395	2.4007489681243896	0.0	0.0	0.0	1.9563841819763184	0.0	0.0	2.660529136657715	3.8868114948272705	0.0	0.0	0.0	0.0	2.8203508853912354	2.2525975704193115	0.0	2.375709056854248	3.1500167846679688	4.990287780761719	0.0	7.011645793914795	2.8394296169281006	2.199756145477295	3.8345131874084473	4.082710266113281	0.0	0.0	0.0	0.0	0.0	2.702204465866089	0.0	4.184521675109863	0.0	0.0	0.0	5.34359073638916	0.0	3.2428345680236816	0.0	4.726428985595703	3.8954434394836426	0.0	0.0	0.0	2.886467456817627	0.0	0.0	0.0	0.0	0.0	0.0	0.0	3.112407684326172	0.0	0.0	0.0	0.0	0.0	0.0	0.0	0.0	0.0	0.0	0.0	4.82791805267334	0.0	0.0	0.0	0.0	0.0	0.0	0.0	4.788280487060547	3.9908523559570312	3.551619529724121	0.0	0.0	0.0	0.0	4.098331451416016	0.0	0.0	0.0	0.0	0.0	0.0	0.0	2.2125613689422607	3.640754461288452	0.0	5.785201072692871	3.9829654693603516	3.267667055130005	0.0	0.0	3.7662434577941895	0.0	0.0	0.0	0.0	0.0	0.0	0.0	0.0	3.2899088859558105	0.0	0.0	0.0	0.0	2.8054354190826416
4.496307373046875	0.0	0.0	0.0	5.511826515197754	0.0	5.945828914642334	0.0	0.0	0.0	0.0	0.0	0.0	0.0	0.0	0.0	3.585958480834961	2.401204824447632	0.0	0.0	0.0	1.957606315612793	0.0	0.0	2.6619086265563965	3.8894407749176025	0.0	0.0	0.0	0.0	2.8223648071289062	2.2534685134887695	0.0	2.378654718399048	3.150409460067749	4.993678092956543	0.0	7.015263557434082	2.841226100921631	2.201007604598999	3.8364145755767822	4.086109638214111	0.0	0.0	0.0	0.0	0.0	2.7044308185577393	0.0	4.186825752258301	0.0	0.0	0.0	5.345823764801025	0.0	3.2445054054260254	0.0	4.730441093444824	3.898191213607788	0.0	0.0	0.0	2.8868753910064697	0.0	0.0	0.0	0.0	0.0	0.0	0.0	3.115229845046997	0.0	0.0	0.0	0.0	0.0	0.0	0.0	0.0	0.0	0.0	0.0	4.830848217010498	0.0	0.0	0.0	0.0	0.0	0.0	0.0	4.791893482208252	3.992809295654297	3.55403733253479	0.0	0.0	0.0	0.0	4.100310802459717	0.0	0.0	0.0	0.0	0.0	0.0	0.0	2.21378231048584	3.642113447189331	0.0	5.788567066192627	3.9857370853424072	3.2689754962921143	0.0	0.0	3.7686145305633545	0.0	0.0	0.0	0.0	0.0	0.0	0.0	0.0	3.292429208755493	0.0	0.0	0.0	0.0	2.807137966156006
4.495237350463867	0.0	0.0	0.0	5.509205341339111	0.0	5.943113803863525	0.0	0.0	0.0	0.0	0.0	0.0	0.0	0.0	0.0	3.583388566970825	2.4007608890533447	0.0	0.0	0.0	1.957095980644226	0.0	0.0	2.660315990447998	3.88714337348938	0.0	0.0	0.0	0.0	2.821049451828003	2.252293825149536	0.0	2.3776814937591553	3.1499834060668945	4.992023944854736	0.0	7.012470245361328	2.8401126861572266	2.2003819942474365	3.8345370292663574	4.083809852600098	0.0	0.0	0.0	0.0	0.0	2.7035367488861084	0.0	4.184973239898682	0.0	0.0	0.0	5.344271183013916	0.0	3.243163824081421	0.0	4.728557109832764	3.8963472843170166	0.0	0.0	0.0	2.8858120441436768	0.0	0.0	0.0	0.0	0.0	0.0	0.0	3.1138904094696045	0.0	0.0	0.0	0.0	0.0	0.0	0.0	0.0	0.0	0.0	0.0	4.8295392990112305	0.0	0.0	0.0	0.0	0.0	0.0	0.0	4.789858341217041	3.992357015609741	3.5528016090393066	0.0	0.0	0.0	0.0	4.099146366119385	0.0	0.0	0.0	0.0	0.0	0.0	0.0	2.213134527206421	3.6407129764556885	0.0	5.786117076873779	3.9833972454071045	3.2679672241210938	0.0	0.0	3.7663421630859375	0.0	0.0	0.0	0.0	0.0	0.0	0.0	0.0	3.2905452251434326	0.0	0.0	0.0	0.0	2.8060882091522217
4.493081569671631	0.0	0.0	0.0	5.507463455200195	0.0	5.9411301612854	0.0	0.0	0.0	0.0	0.0	0.0	0.0	0.0	0.0	3.5825679302215576	2.399613380432129	0.0	0.0	0.0	1.9567532539367676	0.0	0.0	2.6598236560821533	3.8856499195098877	0.0	0.0	0.0	0.0	2.820422410964966	2.2520649433135986	0.0	2.3748793601989746	3.148324728012085	4.989301681518555	0.0	7.008936882019043	2.8384628295898438	2.199381113052368	3.8322532176971436	4.081841468811035	0.0	0.0	0.0	0.0	0.0	2.7022147178649902	0.0	4.18314790725708	0.0	0.0	0.0	5.342025279998779	0.0	3.241750955581665	0.0	4.72499418258667	3.8946950435638428	0.0	0.0	0.0	2.884783983230591	0.0	0.0	0.0	0.0	0.0	0.0	0.0	3.1120190620422363	0.0	0.0	0.0	0.0	0.0	0.0	0.0	0.0	0.0	0.0	0.0	4.827078819274902	0.0	0.0	0.0	0.0	0.0	0.0	0.0	4.787924289703369	3.9902923107147217	3.5515263080596924	0.0	0.0	0.0	0.0	4.096984386444092	0.0	0.0	0.0	0.0	0.0	0.0	0.0	2.2123208045959473	3.639885663986206	0.0	5.782786846160889	3.9822323322296143	3.26603364944458	0.0	0.0	3.7651216983795166	0.0	0.0	0.0	0.0	0.0	0.0	0.0	0.0	3.2885186672210693	0.0	0.0	0.0	0.0	2.8049092292785645
4.49708890914917	0.0	0.0	0.0	5.510737419128418	0.0	5.94381046295166	0.0	0.0	0.0	0.0	0.0	0.0	0.0	0.0	0.0	3.5847408771514893	2.4016056060791016	0.0	0.0	0.0	1.9578070640563965	0.0	0.0	2.6611404418945312	3.8883659839630127	0.0	0.0	0.0	0.0	2.8216254711151123	2.2532479763031006	0.0	2.3775925636291504	3.151231050491333	4.9924092292785645	0.0	7.013816833496094	2.8414230346679688	2.201340913772583	3.8349127769470215	4.084658622741699	0.0	0.0	0.0	0.0	0.0	2.7045586109161377	0.0	4.18557071685791	0.0	0.0	0.0	5.3450608253479	0.0	3.243774890899658	0.0	4.729116439819336	3.8971827030181885	0.0	0.0	0.0	2.8863513469696045	0.0	0.0	0.0	0.0	0.0	0.0	0.0	3.1145520210266113	0.0	0.0	0.0	0.0	0.0	0.0	0.0	0.0	0.0	0.0	0.0	4.830659866333008	0.0	0.0	0.0	0.0	0.0	0.0	0.0	4.790900230407715	3.9925196170806885	3.5532493591308594	0.0	0.0	0.0	0.0	4.100204944610596	0.0	0.0	0.0	0.0	0.0	0.0	0.0	2.212693929672241	3.6416876316070557	0.0	5.786777019500732	3.9847218990325928	3.2676119804382324	0.0	0.0	3.767340660095215	0.0	0.0	0.0	0.0	0.0	0.0	0.0	0.0	3.291579246520996	0.0	0.0	0.0	0.0	2.806731700897217
4.494759559631348	0.0	0.0	0.0	5.5082173347473145	0.0	5.942170143127441	0.0	0.0	0.0	0.0	0.0	0.0	0.0	0.0	0.0	3.584263563156128	2.399796962738037	0.0	0.0	0.0	1.9555845260620117	0.0	0.0	2.659747838973999	3.8861300945281982	0.0	0.0	0.0	0.0	2.8213775157928467	2.2525975704193115	0.0	2.3762879371643066	3.1491973400115967	4.990242004394531	0.0	7.01058292388916	2.8395893573760986	2.1995859146118164	3.8343417644500732	4.083691120147705	0.0	0.0	0.0	0.0	0.0	2.702749013900757	0.0	4.185066223144531	0.0	0.0	0.0	5.342288494110107	0.0	3.242156982421875	0.0	4.727260112762451	3.895659923553467	0.0	0.0	0.0	2.884892225265503	0.0	0.0	0.0	0.0	0.0	0.0	0.0	3.11328125	0.0	0.0	0.0	0.0	0.0	0.0	0.0	0.0	0.0	0.0	0.0	4.827919960021973	0.0	0.0	0.0	0.0	0.0	0.0	0.0	4.788969039916992	3.9906489849090576	3.5527501106262207	0.0	0.0	0.0	0.0	4.097558498382568	0.0	0.0	0.0	0.0	0.0	0.0	0.0	2.212083339691162	3.6407408714294434	0.0	5.7841339111328125	3.983607053756714	3.267388343811035	0.0	0.0	3.7667133808135986	0.0	0.0	0.0	0.0	0.0	0.0	0.0	0.0	3.2897002696990967	0.0	0.0	0.0	0.0	2.8056795597076416
4.49970006942749	0.0	0.0	0.0	5.513599395751953	0.0	5.947329998016357	0.0	0.0	0.0	0.0	0.0	0.0	0.0	0.0	0.0	3.58754301071167	2.403160572052002	0.0	0.0	0.0	1.9594591856002808	0.0	0.0	2.6627228260040283	3.890772581100464	0.0	0.0	0.0	0.0	2.8243248462677	2.2550430297851562	0.0	2.3794426918029785	3.1524932384490967	4.996299743652344	0.0	7.017857074737549	2.842411518096924	2.20263671875	3.8376693725585938	4.087331771850586	0.0	0.0	0.0	0.0	0.0	2.7065298557281494	0.0	4.189947128295898	0.0	0.0	0.0	5.348065376281738	0.0	3.245473861694336	0.0	4.73237419128418	3.9000155925750732	0.0	0.0	0.0	2.8886218070983887	0.0	0.0	0.0	0.0	0.0	0.0	0.0	3.1153006553649902	0.0	0.0	0.0	0.0	0.0	0.0	0.0	0.0	0.0	0.0	0.0	4.8333210945129395	0.0	0.0	0.0	0.0	0.0	0.0	0.0	4.794225215911865	3.9959800243377686	3.5557172298431396	0.0	0.0	0.0	0.0	4.1027655601501465	0.0	0.0	0.0	0.0	0.0	0.0	0.0	2.2148194313049316	3.6449694633483887	0.0	5.791107654571533	3.9878907203674316	3.2706298828125	0.0	0.0	3.7703025341033936	0.0	0.0	0.0	0.0	0.0	0.0	0.0	0.0	3.292714834213257	0.0	0.0	0.0	0.0	2.8075733184814453
4.488521099090576	0.0	0.0	0.0	5.500359535217285	0.0	5.9349799156188965	0.0	0.0	0.0	0.0	0.0	0.0	0.0	0.0	0.0	3.578660488128662	2.3988866806030273	0.0	0.0	0.0	1.9539108276367188	0.0	0.0	2.656477451324463	3.8814308643341064	0.0	0.0	0.0	0.0	2.816652536392212	2.2486844062805176	0.0	2.3746774196624756	3.144543170928955	4.983431816101074	0.0	7.000301837921143	2.8365750312805176	2.19702410697937	3.8278021812438965	4.077504634857178	0.0	0.0	0.0	0.0	0.0	2.700085401535034	0.0	4.179505348205566	0.0	0.0	0.0	5.3361358642578125	0.0	3.239365816116333	0.0	4.721209526062012	3.8907675743103027	0.0	0.0	0.0	2.8823812007904053	0.0	0.0	0.0	0.0	0.0	0.0	0.0	3.1080591678619385	0.0	0.0	0.0	0.0	0.0	0.0	0.0	0.0	0.0	0.0	0.0	4.821719169616699	0.0	0.0	0.0	0.0	0.0	0.0	0.0	4.783651351928711	3.987048864364624	3.5461182594299316	0.0	0.0	0.0	0.0	4.092644691467285	0.0	0.0	0.0	0.0	0.0	0.0	0.0	2.209473133087158	3.6343600749969482	0.0	5.775708198547363	3.9763712882995605	3.262896776199341	0.0	0.0	3.760704517364502	0.0	0.0	0.0	0.0	0.0	0.0	0.0	0.0	3.2852277755737305	0.0	0.0	0.0	0.0	2.801112413406372
4.4893388748168945	0.0	0.0	0.0	5.502779960632324	0.0	5.937196731567383	0.0	0.0	0.0	0.0	0.0	0.0	0.0	0.0	0.0	3.5792770385742188	2.3983259201049805	0.0	0.0	0.0	1.956010341644287	0.0	0.0	2.657348394393921	3.883122682571411	0.0	0.0	0.0	0.0	2.8181447982788086	2.250030755996704	0.0	2.374177932739258	3.1474759578704834	4.9855146408081055	0.0	7.0052032470703125	2.8362600803375244	2.197500705718994	3.8313708305358887	4.079256534576416	0.0	0.0	0.0	0.0	0.0	2.7004568576812744	0.0	4.180220127105713	0.0	0.0	0.0	5.337941646575928	0.0	3.2406468391418457	0.0	4.723887920379639	3.8926408290863037	0.0	0.0	0.0	2.882833957672119	0.0	0.0	0.0	0.0	0.0	0.0	0.0	3.1097898483276367	0.0	0.0	0.0	0.0	0.0	0.0	0.0	0.0	0.0	0.0	0.0	4.822508811950684	0.0	0.0	0.0	0.0	0.0	0.0	0.0	4.784794807434082	3.9874372482299805	3.5486984252929688	0.0	0.0	0.0	0.0	4.093935489654541	0.0	0.0	0.0	0.0	0.0	0.0	0.0	2.2100133895874023	3.635420322418213	0.0	5.778878211975098	3.978271484375	3.2650721073150635	0.0	0.0	3.7624621391296387	0.0	0.0	0.0	0.0	0.0	0.0	0.0	0.0	3.2867226600646973	0.0	0.0	0.0	0.0	2.802199363708496
4.495433330535889	0.0	0.0	0.0	5.508855819702148	0.0	5.9429779052734375	0.0	0.0	0.0	0.0	0.0	0.0	0.0	0.0	0.0	3.5841140747070312	2.4011311531066895	0.0	0.0	0.0	1.9564684629440308	0.0	0.0	2.661045789718628	3.888026714324951	0.0	0.0	0.0	0.0	2.8222994804382324	2.2530457973480225	0.0	2.3775646686553955	3.149196147918701	4.991422653198242	0.0	7.012555122375488	2.8395912647247314	2.2001867294311523	3.8348312377929688	4.084228515625	0.0	0.0	0.0	0.0	0.0	2.70343017578125	0.0	4.185012340545654	0.0	0.0	0.0	5.344623565673828	0.0	3.243448495864868	0.0	4.728201866149902	3.8971166610717773	0.0	0.0	0.0	2.885636806488037	0.0	0.0	0.0	0.0	0.0	0.0	0.0	3.113057851791382	0.0	0.0	0.0	0.0	0.0	0.0	0.0	0.0	0.0	0.0	0.0	4.829160690307617	0.0	0.0	0.0	0.0	0.0	0.0	0.0	4.789844036102295	3.9917285442352295	3.5539016723632812	0.0	0.0	0.0	0.0	4.099280834197998	0.0	0.0	0.0	0.0	0.0	0.0	0.0	2.212092399597168	3.6408979892730713	0.0	5.7853875160217285	3.9850058555603027	3.267277956008911	0.0	0.0	3.766921281814575	0.0	0.0	0.0	0.0	0.0	0.0	0.0	0.0	3.2901527881622314	0.0	0.0	0.0	0.0	2.80544114112854
4.4975786209106445	0.0	0.0	0.0	5.512236595153809	0.0	5.94547700881958	0.0	0.0	0.0	0.0	0.0	0.0	0.0	0.0	0.0	3.5861029624938965	2.402209997177124	0.0	0.0	0.0	1.9579607248306274	0.0	0.0	2.661381244659424	3.889194965362549	0.0	0.0	0.0	0.0	2.8229706287384033	2.2547309398651123	0.0	2.3779749870300293	3.151606798171997	4.994001865386963	0.0	7.015689373016357	2.8409807682037354	2.2021167278289795	3.836463212966919	4.086184501647949	0.0	0.0	0.0	0.0	0.0	2.7052438259124756	0.0	4.18706750869751	0.0	0.0	0.0	5.347788333892822	0.0	3.244276762008667	0.0	4.730087757110596	3.8994457721710205	0.0	0.0	0.0	2.8879618644714355	0.0	0.0	0.0	0.0	0.0	0.0	0.0	3.1145331859588623	0.0	0.0	0.0	0.0	0.0	0.0	0.0	0.0	0.0	0.0	0.0	4.831020355224609	0.0	0.0	0.0	0.0	0.0	0.0	0.0	4.7926154136657715	3.9939258098602295	3.5557382106781006	0.0	0.0	0.0	0.0	4.10054349899292	0.0	0.0	0.0	0.0	0.0	0.0	0.0	2.2137045860290527	3.6429710388183594	0.0	5.788911819458008	3.986379861831665	3.269174575805664	0.0	0.0	3.768980026245117	0.0	0.0	0.0	0.0	0.0	0.0	0.0	0.0	3.2914257049560547	0.0	0.0	0.0	0.0	2.8075332641601562
4.493671417236328	0.0	0.0	0.0	5.506810665130615	0.0	5.940800189971924	0.0	0.0	0.0	0.0	0.0	0.0	0.0	0.0	0.0	3.582183837890625	2.3999006748199463	0.0	0.0	0.0	1.9566866159439087	0.0	0.0	2.659349203109741	3.8858399391174316	0.0	0.0	0.0	0.0	2.8200974464416504	2.2514798641204834	0.0	2.376779079437256	3.1482443809509277	4.989498615264893	0.0	7.008586883544922	2.838702440261841	2.1999144554138184	3.8332479000091553	4.082293510437012	0.0	0.0	0.0	0.0	0.0	2.7029495239257812	0.0	4.183668613433838	0.0	0.0	0.0	5.3417768478393555	0.0	3.2414040565490723	0.0	4.7262444496154785	3.8951687812805176	0.0	0.0	0.0	2.885666608810425	0.0	0.0	0.0	0.0	0.0	0.0	0.0	3.1119847297668457	0.0	0.0	0.0	0.0	0.0	0.0	0.0	0.0	0.0	0.0	0.0	4.826107501983643	0.0	0.0	0.0	0.0	0.0	0.0	0.0	4.787576675415039	3.9903273582458496	3.551994800567627	0.0	0.0	0.0	0.0	4.097397327423096	0.0	0.0	0.0	0.0	0.0	0.0	0.0	2.2114477157592773	3.6396403312683105	0.0	5.783367156982422	3.9816646575927734	3.2670772075653076	0.0	0.0	3.7651262283325195	0.0	0.0	0.0	0.0	0.0	0.0	0.0	0.0	3.2888143062591553	0.0	0.0	0.0	0.0	2.8042795658111572
4.492918968200684	0.0	0.0	0.0	5.506493091583252	0.0	5.940072536468506	0.0	0.0	0.0	0.0	0.0	0.0	0.0	0.0	0.0	3.582005023956299	2.3996570110321045	0.0	0.0	0.0	1.956632375717163	0.0	0.0	2.6602425575256348	3.8860669136047363	0.0	0.0	0.0	0.0	2.820049285888672	2.251880168914795	0.0	2.375598669052124	3.1472485065460205	4.989727973937988	0.0	7.009218215942383	2.839076519012451	2.199087381362915	3.833449363708496	4.081761837005615	0.0	0.0	0.0	0.0	0.0	2.7023537158966064	0.0	4.1827616691589355	0.0	0.0	0.0	5.342161655426025	0.0	3.2415335178375244	0.0	4.725590229034424	3.89436411857605	0.0	0.0	0.0	2.884052276611328	0.0	0.0	0.0	0.0	0.0	0.0	0.0	3.111755847930908	0.0	0.0	0.0	0.0	0.0	0.0	0.0	0.0	0.0	0.0	0.0	4.826602935791016	0.0	0.0	0.0	0.0	0.0	0.0	0.0	4.787830352783203	3.9898269176483154	3.5508430004119873	0.0	0.0	0.0	0.0	4.097235679626465	0.0	0.0	0.0	0.0	0.0	0.0	0.0	2.2121572494506836	3.6395630836486816	0.0	5.781566619873047	3.98188853263855	3.2660977840423584	0.0	0.0	3.764989137649536	0.0	0.0	0.0	0.0	0.0	0.0	0.0	0.0	3.28903865814209	0.0	0.0	0.0	0.0	2.8043220043182373
4.491260528564453	0.0	0.0	0.0	5.504528999328613	0.0	5.938423156738281	0.0	0.0	0.0	0.0	0.0	0.0	0.0	0.0	0.0	3.5815341472625732	2.398946523666382	0.0	0.0	0.0	1.9549806118011475	0.0	0.0	2.6587846279144287	3.883387565612793	0.0	0.0	0.0	0.0	2.817923069000244	2.2507777214050293	0.0	2.376415491104126	3.1478025913238525	4.985512733459473	0.0	7.006053924560547	2.837029218673706	2.1973254680633545	3.8308660984039307	4.079593658447266	0.0	0.0	0.0	0.0	0.0	2.700068473815918	0.0	4.181328773498535	0.0	0.0	0.0	5.3386406898498535	0.0	3.240431785583496	0.0	4.724608421325684	3.8927881717681885	0.0	0.0	0.0	2.8832411766052246	0.0	0.0	0.0	0.0	0.0	0.0	0.0	3.110382318496704	0.0	0.0	0.0	0.0	0.0	0.0	0.0	0.0	0.0	0.0	0.0	4.8243489265441895	0.0	0.0	0.0	0.0	0.0	0.0	0.0	4.7856645584106445	3.986851692199707	3.5504841804504395	0.0	0.0	0.0	0.0	4.094144344329834	0.0	0.0	0.0	0.0	0.0	0.0	0.0	2.2104833126068115	3.637458562850952	0.0	5.780290126800537	3.9798526763916016	3.2658092975616455	0.0	0.0	3.762910842895508	0.0	0.0	0.0	0.0	0.0	0.0	0.0	0.0	3.28778076171875	0.0	0.0	0.0	0.0	2.8034987449645996
4.487425804138184	0.0	0.0	0.0	5.50053071975708	0.0	5.933874130249023	0.0	0.0	0.0	0.0	0.0	0.0	0.0	0.0	0.0	3.5782055854797363	2.397834539413452	0.0	0.0	0.0	1.9548414945602417	0.0	0.0	2.6571059226989746	3.881258249282837	0.0	0.0	0.0	0.0	2.8163719177246094	2.2497310638427734	0.0	2.3728199005126953	3.145512580871582	4.983210563659668	0.0	7.001729965209961	2.835336923599243	2.195492744445801	3.8286283016204834	4.077773571014404	0.0	0.0	0.0	0.0	0.0	2.699037551879883	0.0	4.177544593811035	0.0	0.0	0.0	5.335180282592773	0.0	3.2381696701049805	0.0	4.720724582672119	3.890169620513916	0.0	0.0	0.0	2.882330894470215	0.0	0.0	0.0	0.0	0.0	0.0	0.0	3.1079370975494385	0.0	0.0	0.0	0.0	0.0	0.0	0.0	0.0	0.0	0.0	0.0	4.8205766677856445	0.0	0.0	0.0	0.0	0.0	0.0	0.0	4.781902313232422	3.985104560852051	3.546743869781494	0.0	0.0	0.0	0.0	4.092472553253174	0.0	0.0	0.0	0.0	0.0	0.0	0.0	2.209794759750366	3.635157823562622	0.0	5.77540922164917	3.977076768875122	3.2621490955352783	0.0	0.0	3.7597925662994385	0.0	0.0	0.0	0.0	0.0	0.0	0.0	0.0	3.2847506999969482	0.0	0.0	0.0	0.0	2.8006958961486816
4.494022846221924	0.0	0.0	0.0	5.509064197540283	0.0	5.942241668701172	0.0	0.0	0.0	0.0	0.0	0.0	0.0	0.0	0.0	3.584199905395508	2.400981903076172	0.0	0.0	0.0	1.9570915699005127	0.0	0.0	2.6608448028564453	3.8873002529144287	0.0	0.0	0.0	0.0	2.8210506439208984	2.252631187438965	0.0	2.3772990703582764	3.149155616760254	4.991366386413574	0.0	7.010092735290527	2.840191125869751	2.199636459350586	3.8339242935180664	4.083426475524902	0.0	0.0	0.0	0.0	0.0	2.702164888381958	0.0	4.183856964111328	0.0	0.0	0.0	5.3442487716674805	0.0	3.2431538105010986	0.0	4.727412700653076	3.8955817222595215	0.0	0.0	0.0	2.885117769241333	0.0	0.0	0.0	0.0	0.0	0.0	0.0	3.1133742332458496	0.0	0.0	0.0	0.0	0.0	0.0	0.0	0.0	0.0	0.0	0.0	4.827690124511719	0.0	0.0	0.0	0.0	0.0	0.0	0.0	4.789304256439209	3.9908292293548584	3.5520293712615967	0.0	0.0	0.0	0.0	4.098864555358887	0.0	0.0	0.0	0.0	0.0	0.0	0.0	2.213135242462158	3.640303611755371	0.0	5.78521203994751	3.9833178520202637	3.267537832260132	0.0	0.0	3.7663750648498535	0.0	0.0	0.0	0.0	0.0	0.0	0.0	0.0	3.289170742034912	0.0	0.0	0.0	0.0	2.8048348426818848
4.4940185546875	0.0	0.0	0.0	5.509098052978516	0.0	5.94120454788208	0.0	0.0	0.0	0.0	0.0	0.0	0.0	0.0	0.0	3.5838563442230225	2.40031361579895	0.0	0.0	0.0	1.956691026687622	0.0	0.0	2.660438060760498	3.8877148628234863	0.0	0.0	0.0	0.0	2.819915294647217	2.2530510425567627	0.0	2.3765337467193604	3.1491243839263916	4.989566326141357	0.0	7.0099945068359375	2.8392159938812256	2.200528383255005	3.833341598510742	4.0831708908081055	0.0	0.0	0.0	0.0	0.0	2.7022511959075928	0.0	4.184119701385498	0.0	0.0	0.0	5.342473983764648	0.0	3.242344379425049	0.0	4.725887298583984	3.89524245262146	0.0	0.0	0.0	2.884812593460083	0.0	0.0	0.0	0.0	0.0	0.0	0.0	3.112478494644165	0.0	0.0	0.0	0.0	0.0	0.0	0.0	0.0	0.0	0.0	0.0	4.827702522277832	0.0	0.0	0.0	0.0	0.0	0.0	0.0	4.788158416748047	3.9916255474090576	3.552217483520508	0.0	0.0	0.0	0.0	4.097834587097168	0.0	0.0	0.0	0.0	0.0	0.0	0.0	2.2122256755828857	3.6402900218963623	0.0	5.7840094566345215	3.981935739517212	3.2674825191497803	0.0	0.0	3.765087842941284	0.0	0.0	0.0	0.0	0.0	0.0	0.0	0.0	3.290454387664795	0.0	0.0	0.0	0.0	2.804856777191162
4.497366905212402	0.0	0.0	0.0	5.512611389160156	0.0	5.946177005767822	0.0	0.0	0.0	0.0	0.0	0.0	0.0	0.0	0.0	3.586789846420288	2.4025726318359375	0.0	0.0	0.0	1.9572758674621582	0.0	0.0	2.6619832515716553	3.8895225524902344	0.0	0.0	0.0	0.0	2.8232038021087646	2.254333972930908	0.0	2.3791844844818115	3.1521990299224854	4.995049953460693	0.0	7.01596212387085	2.842386245727539	2.2013208866119385	3.8375654220581055	4.086805820465088	0.0	0.0	0.0	0.0	0.0	2.704941987991333	0.0	4.187450408935547	0.0	0.0	0.0	5.347010612487793	0.0	3.2445623874664307	0.0	4.7302565574646	3.8987345695495605	0.0	0.0	0.0	2.887073516845703	0.0	0.0	0.0	0.0	0.0	0.0	0.0	3.1146819591522217	0.0	0.0	0.0	0.0	0.0	0.0	0.0	0.0	0.0	0.0	0.0	4.831303119659424	0.0	0.0	0.0	0.0	0.0	0.0	0.0	4.79301643371582	3.9943556785583496	3.5549144744873047	0.0	0.0	0.0	0.0	4.101664066314697	0.0	0.0	0.0	0.0	0.0	0.0	0.0	2.2143471240997314	3.642488718032837	0.0	5.7888641357421875	3.9871432781219482	3.26931095123291	0.0	0.0	3.7690200805664062	0.0	0.0	0.0	0.0	0.0	0.0	0.0	0.0	3.2919790744781494	0.0	0.0	0.0	0.0	2.8072597980499268
4.496075630187988	0.0	0.0	0.0	5.509798049926758	0.0	5.941544055938721	0.0	0.0	0.0	0.0	0.0	0.0	0.0	0.0	0.0	3.584587812423706	2.3997995853424072	0.0	0.0	0.0	1.956688404083252	0.0	0.0	2.6613237857818604	3.887003183364868	0.0	0.0	0.0	0.0	2.821544647216797	2.2536263465881348	0.0	2.3760244846343994	3.151261329650879	4.991945266723633	0.0	7.012186527252197	2.8406364917755127	2.201655626296997	3.8346307277679443	4.083677291870117	0.0	0.0	0.0	0.0	0.0	2.704782009124756	0.0	4.186768054962158	0.0	0.0	0.0	5.34499979019165	0.0	3.241586208343506	0.0	4.727044582366943	3.896318197250366	0.0	0.0	0.0	2.8850367069244385	0.0	0.0	0.0	0.0	0.0	0.0	0.0	3.11383318901062	0.0	0.0	0.0	0.0	0.0	0.0	0.0	0.0	0.0	0.0	0.0	4.829156875610352	0.0	0.0	0.0	0.0	0.0	0.0	0.0	4.789402008056641	3.9943761825561523	3.553680896759033	0.0	0.0	0.0	0.0	4.09910249710083	0.0	0.0	0.0	0.0	0.0	0.0	0.0	2.2139227390289307	3.641209363937378	0.0	5.7865519523620605	3.9848711490631104	3.266345262527466	0.0	0.0	3.7660744190216064	0.0	0.0	0.0	0.0	0.0	0.0	0.0	0.0	3.2905826568603516	0.0	0.0	0.0	0.0	2.805917739868164
4.494718074798584	0.0	0.0	0.0	5.509357929229736	0.0	5.943160057067871	0.0	0.0	0.0	0.0	0.0	0.0	0.0	0.0	0.0	3.5842339992523193	2.4013023376464844	0.0	0.0	0.0	1.9564028978347778	0.0	0.0	2.66056752204895	3.8866569995880127	0.0	0.0	0.0	0.0	2.821362257003784	2.2533209323883057	0.0	2.377276659011841	3.1501030921936035	4.991854667663574	0.0	7.012725830078125	2.840885877609253	2.1998672485351562	3.8348844051361084	4.083828449249268	0.0	0.0	0.0	0.0	0.0	2.7034575939178467	0.0	4.18548583984375	0.0	0.0	0.0	5.344419002532959	0.0	3.24314546585083	0.0	4.727924823760986	3.8956241607666016	0.0	0.0	0.0	2.885730266571045	0.0	0.0	0.0	0.0	0.0	0.0	0.0	3.1128172874450684	0.0	0.0	0.0	0.0	0.0	0.0	0.0	0.0	0.0	0.0	0.0	4.828963279724121	0.0	0.0	0.0	0.0	0.0	0.0	0.0	4.78996467590332	3.992304563522339	3.5525882244110107	0.0	0.0	0.0	0.0	4.098787307739258	0.0	0.0	0.0	0.0	0.0	0.0	0.0	2.213270664215088	3.6406219005584717	0.0	5.786516189575195	3.9844589233398438	3.2680904865264893	0.0	0.0	3.7665975093841553	0.0	0.0	0.0	0.0	0.0	0.0	0.0	0.0	3.2903950214385986	0.0	0.0	0.0	0.0	2.806330442428589
4.498258113861084	0.0	0.0	0.0	5.511328220367432	0.0	5.944797515869141	0.0	0.0	0.0	0.0	0.0	0.0	0.0	0.0	0.0	3.5864267349243164	2.4008796215057373	0.0	0.0	0.0	1.957493782043457	0.0	0.0	2.6619927883148193	3.889709234237671	0.0	0.0	0.0	0.0	2.8218610286712646	2.2544524669647217	0.0	2.379143476486206	3.151024341583252	4.9934916496276855	0.0	7.0150532722473145	2.84163761138916	2.201765298843384	3.8366031646728516	4.084951400756836	0.0	0.0	0.0	0.0	0.0	2.7049551010131836	0.0	4.187123775482178	0.0	0.0	0.0	5.345911979675293	0.0	3.2434871196746826	0.0	4.729879379272461	3.898319721221924	0.0	0.0	0.0	2.8867409229278564	0.0	0.0	0.0	0.0	0.0	0.0	0.0	3.11462664604187	0.0	0.0	0.0	0.0	0.0	0.0	0.0	0.0	0.0	0.0	0.0	4.830702781677246	0.0	0.0	0.0	0.0	0.0	0.0	0.0	4.791132926940918	3.9934542179107666	3.554997444152832	0.0	0.0	0.0	0.0	4.100791931152344	0.0	0.0	0.0	0.0	0.0	0.0	0.0	2.213803768157959	3.6427571773529053	0.0	5.787228584289551	3.9853317737579346	3.268979787826538	0.0	0.0	3.767838716506958	0.0	0.0	0.0	0.0	0.0	0.0	0.0	0.0	3.291445016860962	0.0	0.0	0.0	0.0	2.8064208030700684
4.494529724121094	0.0	0.0	0.0	5.507898330688477	0.0	5.940772533416748	0.0	0.0	0.0	0.0	0.0	0.0	0.0	0.0	0.0	3.583273410797119	2.4002737998962402	0.0	0.0	0.0	1.9552388191223145	0.0	0.0	2.659059524536133	3.886458158493042	0.0	0.0	0.0	0.0	2.8214545249938965	2.252249240875244	0.0	2.376465082168579	3.1488096714019775	4.990560531616211	0.0	7.009810924530029	2.839341163635254	2.1991450786590576	3.8334298133850098	4.082564353942871	0.0	0.0	0.0	0.0	0.0	2.7031571865081787	0.0	4.183909893035889	0.0	0.0	0.0	5.342902660369873	0.0	3.2431256771087646	0.0	4.726804733276367	3.8954625129699707	0.0	0.0	0.0	2.884915590286255	0.0	0.0	0.0	0.0	0.0	0.0	0.0	3.111962080001831	0.0	0.0	0.0	0.0	0.0	0.0	0.0	0.0	0.0	0.0	0.0	4.826577186584473	0.0	0.0	0.0	0.0	0.0	0.0	0.0	4.788980007171631	3.990900993347168	3.551300525665283	0.0	0.0	0.0	0.0	4.097531318664551	0.0	0.0	0.0	0.0	0.0	0.0	0.0	2.211440086364746	3.6397135257720947	0.0	5.783389091491699	3.9836695194244385	3.2666947841644287	0.0	0.0	3.7654035091400146	0.0	0.0	0.0	0.0	0.0	0.0	0.0	0.0	3.289461135864258	0.0	0.0	0.0	0.0	2.805048704147339
4.495177268981934	0.0	0.0	0.0	5.510112762451172	0.0	5.943596363067627	0.0	0.0	0.0	0.0	0.0	0.0	0.0	0.0	0.0	3.5837154388427734	2.400573492050171	0.0	0.0	0.0	1.9574098587036133	0.0	0.0	2.6618812084198	3.88814640045166	0.0	0.0	0.0	0.0	2.821331024169922	2.252751111984253	0.0	2.377777338027954	3.1498360633850098	4.992194652557373	0.0	7.01301908493042	2.8411664962768555	2.2001912593841553	3.835387945175171	4.0845770835876465	0.0	0.0	0.0	0.0	0.0	2.703249454498291	0.0	4.185215950012207	0.0	0.0	0.0	5.344691753387451	0.0	3.2431797981262207	0.0	4.728506565093994	3.895254611968994	0.0	0.0	0.0	2.8867480754852295	0.0	0.0	0.0	0.0	0.0	0.0	0.0	3.1134674549102783	0.0	0.0	0.0	0.0	0.0	0.0	0.0	0.0	0.0	0.0	0.0	4.829033374786377	0.0	0.0	0.0	0.0	0.0	0.0	0.0	4.789851188659668	3.991482734680176	3.552483320236206	0.0	0.0	0.0	0.0	4.0996413230896	0.0	0.0	0.0	0.0	0.0	0.0	0.0	2.2133820056915283	3.6405601501464844	0.0	5.785307884216309	3.984361410140991	3.2688779830932617	0.0	0.0	3.7662007808685303	0.0	0.0	0.0	0.0	0.0	0.0	0.0	0.0	3.2898573875427246	0.0	0.0	0.0	0.0	2.8058154582977295
4.496641635894775	0.0	0.0	0.0	5.509949684143066	0.0	5.944052219390869	0.0	0.0	0.0	0.0	0.0	0.0	0.0	0.0	0.0	3.585867404937744	2.401649236679077	0.0	0.0	0.0	1.9570064544677734	0.0	0.0	2.6617815494537354	3.888126850128174	0.0	0.0	0.0	0.0	2.8230080604553223	2.253354549407959	0.0	2.3777012825012207	3.1504108905792236	4.992396831512451	0.0	7.012951374053955	2.8413314819335938	2.2017316818237305	3.8357315063476562	4.085059642791748	0.0	0.0	0.0	0.0	0.0	2.7047011852264404	0.0	4.186463356018066	0.0	0.0	0.0	5.3447442054748535	0.0	3.2429940700531006	0.0	4.728967189788818	3.896698236465454	0.0	0.0	0.0	2.885530948638916	0.0	0.0	0.0	0.0	0.0	0.0	0.0	3.1133787631988525	0.0	0.0	0.0	0.0	0.0	0.0	0.0	0.0	0.0	0.0	0.0	4.829545497894287	0.0	0.0	0.0	0.0	0.0	0.0	0.0	4.790289402008057	3.993783950805664	3.5537233352661133	0.0	0.0	0.0	0.0	4.0993571281433105	0.0	0.0	0.0	0.0	0.0	0.0	0.0	2.213061809539795	3.642253875732422	0.0	5.7871551513671875	3.984987258911133	3.268113851547241	0.0	0.0	3.766751289367676	0.0	0.0	0.0	0.0	0.0	0.0	0.0	0.0	3.2909250259399414	0.0	0.0	0.0	0.0	2.8062987327575684
4.495141983032227	0.0	0.0	0.0	5.509665012359619	0.0	5.942920684814453	0.0	0.0	0.0	0.0	0.0	0.0	0.0	0.0	0.0	3.584958791732788	2.401994466781616	0.0	0.0	0.0	1.9562009572982788	0.0	0.0	2.659799814224243	3.887958526611328	0.0	0.0	0.0	0.0	2.820876121520996	2.2531285285949707	0.0	2.3776209354400635	3.1492321491241455	4.991286277770996	0.0	7.0121636390686035	2.840494394302368	2.200019121170044	3.8358473777770996	4.084290981292725	0.0	0.0	0.0	0.0	0.0	2.703951597213745	0.0	4.18548583984375	0.0	0.0	0.0	5.343769073486328	0.0	3.243299961090088	0.0	4.727970600128174	3.8965744972229004	0.0	0.0	0.0	2.8858566284179688	0.0	0.0	0.0	0.0	0.0	0.0	0.0	3.1128787994384766	0.0	0.0	0.0	0.0	0.0	0.0	0.0	0.0	0.0	0.0	0.0	4.829384803771973	0.0	0.0	0.0	0.0	0.0	0.0	0.0	4.790161609649658	3.9920003414154053	3.5537915229797363	0.0	0.0	0.0	0.0	4.099109649658203	0.0	0.0	0.0	0.0	0.0	0.0	0.0	2.2129697799682617	3.640784740447998	0.0	5.785571098327637	3.9843952655792236	3.268613815307617	0.0	0.0	3.767549991607666	0.0	0.0	0.0	0.0	0.0	0.0	0.0	0.0	3.2898459434509277	0.0	0.0	0.0	0.0	2.8052711486816406
4.495315074920654	0.0	0.0	0.0	5.509687423706055	0.0	5.94303560256958	0.0	0.0	0.0	0.0	0.0	0.0	0.0	0.0	0.0	3.584320545196533	2.4016048908233643	0.0	0.0	0.0	1.9568337202072144	0.0	0.0	2.6610448360443115	3.8881313800811768	0.0	0.0	0.0	0.0	2.821552038192749	2.2537035942077637	0.0	2.3779594898223877	3.149527072906494	4.992274761199951	0.0	7.0123372077941895	2.840222120285034	2.1998419761657715	3.8350512981414795	4.084901809692383	0.0	0.0	0.0	0.0	0.0	2.7040460109710693	0.0	4.185451507568359	0.0	0.0	0.0	5.344141483306885	0.0	3.243157148361206	0.0	4.728730201721191	3.8959014415740967	0.0	0.0	0.0	2.885830879211426	0.0	0.0	0.0	0.0	0.0	0.0	0.0	3.1129510402679443	0.0	0.0	0.0	0.0	0.0	0.0	0.0	0.0	0.0	0.0	0.0	4.82861328125	0.0	0.0	0.0	0.0	0.0	0.0	0.0	4.790037631988525	3.9923489093780518	3.552902936935425	0.0	0.0	0.0	0.0	4.0987868309021	0.0	0.0	0.0	0.0	0.0	0.0	0.0	2.2132983207702637	3.6404662132263184	0.0	5.7855634689331055	3.985022783279419	3.268226146697998	0.0	0.0	3.7663381099700928	0.0	0.0	0.0	0.0	0.0	0.0	0.0	0.0	3.2902846336364746	0.0	0.0	0.0	0.0	2.8057358264923096
4.499342918395996	0.0	0.0	0.0	5.51315450668335	0.0	5.945102691650391	0.0	0.0	0.0	0.0	0.0	0.0	0.0	0.0	0.0	3.5873587131500244	2.4014880657196045	0.0	0.0	0.0	1.9564788341522217	0.0	0.0	2.6627516746520996	3.8902056217193604	0.0	0.0	0.0	0.0	2.8240208625793457	2.2551262378692627	0.0	2.377946138381958	3.1522862911224365	4.994775295257568	0.0	7.014929294586182	2.842740774154663	2.203486919403076	3.8380210399627686	4.0865654945373535	0.0	0.0	0.0	0.0	0.0	2.7068593502044678	0.0	4.189687252044678	0.0	0.0	0.0	5.347108364105225	0.0	3.244215726852417	0.0	4.729966163635254	3.8984336853027344	0.0	0.0	0.0	2.8865034580230713	0.0	0.0	0.0	0.0	0.0	0.0	0.0	3.1155776977539062	0.0	0.0	0.0	0.0	0.0	0.0	0.0	0.0	0.0	0.0	0.0	4.831934452056885	0.0	0.0	0.0	0.0	0.0	0.0	0.0	4.793195724487305	3.9963295459747314	3.555107831954956	0.0	0.0	0.0	0.0	4.100532054901123	0.0	0.0	0.0	0.0	0.0	0.0	0.0	2.214740514755249	3.644724130630493	0.0	5.789366245269775	3.986783266067505	3.268846273422241	0.0	0.0	3.769118547439575	0.0	0.0	0.0	0.0	0.0	0.0	0.0	0.0	3.292327880859375	0.0	0.0	0.0	0.0	2.8074381351470947
4.497242450714111	0.0	0.0	0.0	5.512691020965576	0.0	5.946750640869141	0.0	0.0	0.0	0.0	0.0	0.0	0.0	0.0	0.0	3.5857620239257812	2.40244722366333	0.0	0.0	0.0	1.957774043083191	0.0	0.0	2.6624815464019775	3.890092611312866	0.0	0.0	0.0	0.0	2.8220107555389404	2.253653049468994	0.0	2.379314422607422	3.151770830154419	4.993492126464844	0.0	7.015464782714844	2.841171979904175	2.201789379119873	3.8368871212005615	4.085653781890869	0.0	0.0	0.0	0.0	0.0	2.7051377296447754	0.0	4.187899112701416	0.0	0.0	0.0	5.346832275390625	0.0	3.244600772857666	0.0	4.730259895324707	3.8986096382141113	0.0	0.0	0.0	2.887860059738159	0.0	0.0	0.0	0.0	0.0	0.0	0.0	3.1148719787597656	0.0	0.0	0.0	0.0	0.0	0.0	0.0	0.0	0.0	0.0	0.0	4.8311333656311035	0.0	0.0	0.0	0.0	0.0	0.0	0.0	4.7918853759765625	3.994384527206421	3.5547895431518555	0.0	0.0	0.0	0.0	4.100508213043213	0.0	0.0	0.0	0.0	0.0	0.0	0.0	2.213667392730713	3.642554521560669	0.0	5.7893548011779785	3.986840009689331	3.269909381866455	0.0	0.0	3.7685108184814453	0.0	0.0	0.0	0.0	0.0	0.0	0.0	0.0	3.291332721710205	0.0	0.0	0.0	0.0	2.8061869144439697
4.498629093170166	0.0	0.0	0.0	5.5128631591796875	0.0	5.946591854095459	0.0	0.0	0.0	0.0	0.0	0.0	0.0	0.0	0.0	3.587453842163086	2.4019148349761963	0.0	0.0	0.0	1.9579726457595825	0.0	0.0	2.6628193855285645	3.8899154663085938	0.0	0.0	0.0	0.0	2.8239705562591553	2.2548820972442627	0.0	2.378525733947754	3.1524078845977783	4.994476318359375	0.0	7.016989707946777	2.842470169067383	2.2026240825653076	3.8374993801116943	4.086526870727539	0.0	0.0	0.0	0.0	0.0	2.70539927482605	0.0	4.18961238861084	0.0	0.0	0.0	5.34807014465332	0.0	3.2452406883239746	0.0	4.731234073638916	3.8997902870178223	0.0	0.0	0.0	2.8878867626190186	0.0	0.0	0.0	0.0	0.0	0.0	0.0	3.115687847137451	0.0	0.0	0.0	0.0	0.0	0.0	0.0	0.0	0.0	0.0	0.0	4.832460403442383	0.0	0.0	0.0	0.0	0.0	0.0	0.0	4.792496204376221	3.99511981010437	3.5547633171081543	0.0	0.0	0.0	0.0	4.1018476486206055	0.0	0.0	0.0	0.0	0.0	0.0	0.0	2.214573860168457	3.643929958343506	0.0	5.789698123931885	3.986372470855713	3.26957368850708	0.0	0.0	3.769211530685425	0.0	0.0	0.0	0.0	0.0	0.0	0.0	0.0	3.2928173542022705	0.0	0.0	0.0	0.0	2.8083553314208984
4.493040084838867	0.0	0.0	0.0	5.507004737854004	0.0	5.94050931930542	0.0	0.0	0.0	0.0	0.0	0.0	0.0	0.0	0.0	3.5821735858917236	2.3999240398406982	0.0	0.0	0.0	1.955544114112854	0.0	0.0	2.6588125228881836	3.886033535003662	0.0	0.0	0.0	0.0	2.8195960521698	2.2522192001342773	0.0	2.375779151916504	3.1479945182800293	4.989068984985352	0.0	7.008630752563477	2.8386552333831787	2.1993565559387207	3.8326027393341064	4.081881999969482	0.0	0.0	0.0	0.0	0.0	2.7025821208953857	0.0	4.182994842529297	0.0	0.0	0.0	5.3412065505981445	0.0	3.2422595024108887	0.0	4.726465702056885	3.894451856613159	0.0	0.0	0.0	2.8846027851104736	0.0	0.0	0.0	0.0	0.0	0.0	0.0	3.1110527515411377	0.0	0.0	0.0	0.0	0.0	0.0	0.0	0.0	0.0	0.0	0.0	4.826322078704834	0.0	0.0	0.0	0.0	0.0	0.0	0.0	4.787663459777832	3.988668918609619	3.550884962081909	0.0	0.0	0.0	0.0	4.097009658813477	0.0	0.0	0.0	0.0	0.0	0.0	0.0	2.2112483978271484	3.6389224529266357	0.0	5.781954765319824	3.9827938079833984	3.2665677070617676	0.0	0.0	3.7647054195404053	0.0	0.0	0.0	0.0	0.0	0.0	0.0	0.0	3.2882678508758545	0.0	0.0	0.0	0.0	2.804954767227173
4.496194839477539	0.0	0.0	0.0	5.509239673614502	0.0	5.941476345062256	0.0	0.0	0.0	0.0	0.0	0.0	0.0	0.0	0.0	3.5848138332366943	2.4000227451324463	0.0	0.0	0.0	1.956442952156067	0.0	0.0	2.660877227783203	3.8869125843048096	0.0	0.0	0.0	0.0	2.8216233253479004	2.2524032592773438	0.0	2.377802610397339	3.1509315967559814	4.991542816162109	0.0	7.010691165924072	2.84062123298645	2.201831340789795	3.8346824645996094	4.0840983390808105	0.0	0.0	0.0	0.0	0.0	2.7042815685272217	0.0	4.186539649963379	0.0	0.0	0.0	5.345355987548828	0.0	3.2429652214050293	0.0	4.727898120880127	3.8963472843170166	0.0	0.0	0.0	2.885406017303467	0.0	0.0	0.0	0.0	0.0	0.0	0.0	3.1134955883026123	0.0	0.0	0.0	0.0	0.0	0.0	0.0	0.0	0.0	0.0	0.0	4.828820705413818	0.0	0.0	0.0	0.0	0.0	0.0	0.0	4.790250301361084	3.9930012226104736	3.5527379512786865	0.0	0.0	0.0	0.0	4.098474979400635	0.0	0.0	0.0	0.0	0.0	0.0	0.0	2.212402105331421	3.641343593597412	0.0	5.785825252532959	3.9839775562286377	3.26802921295166	0.0	0.0	3.766568422317505	0.0	0.0	0.0	0.0	0.0	0.0	0.0	0.0	3.2894351482391357	0.0	0.0	0.0	0.0	2.8058419227600098
4.49550724029541	0.0	0.0	0.0	5.509911060333252	0.0	5.943196773529053	0.0	0.0	0.0	0.0	0.0	0.0	0.0	0.0	0.0	3.584540605545044	2.4006388187408447	0.0	0.0	0.0	1.9565454721450806	0.0	0.0	2.660770893096924	3.887531280517578	0.0	0.0	0.0	0.0	2.8217051029205322	2.254051685333252	0.0	2.3772387504577637	3.150273323059082	4.992157459259033	0.0	7.011953830718994	2.8403160572052	2.200716733932495	3.834592819213867	4.084160327911377	0.0	0.0	0.0	0.0	0.0	2.704054832458496	0.0	4.184722423553467	0.0	0.0	0.0	5.344700336456299	0.0	3.243664503097534	0.0	4.727866172790527	3.8965506553649902	0.0	0.0	0.0	2.885255813598633	0.0	0.0	0.0	0.0	0.0	0.0	0.0	3.113551378250122	0.0	0.0	0.0	0.0	0.0	0.0	0.0	0.0	0.0	0.0	0.0	4.828370571136475	0.0	0.0	0.0	0.0	0.0	0.0	0.0	4.790393352508545	3.9926114082336426	3.5533766746520996	0.0	0.0	0.0	0.0	4.0980095863342285	0.0	0.0	0.0	0.0	0.0	0.0	0.0	2.212517499923706	3.6412289142608643	0.0	5.7864556312561035	3.984675168991089	3.2677385807037354	0.0	0.0	3.76690673828125	0.0	0.0	0.0	0.0	0.0	0.0	0.0	0.0	3.2907297611236572	0.0	0.0	0.0	0.0	2.805722951889038
4.489633560180664	0.0	0.0	0.0	5.502125263214111	0.0	5.935187816619873	0.0	0.0	0.0	0.0	0.0	0.0	0.0	0.0	0.0	3.5800068378448486	2.3985331058502197	0.0	0.0	0.0	1.954007625579834	0.0	0.0	2.656820058822632	3.8818769454956055	0.0	0.0	0.0	0.0	2.817086935043335	2.2503960132598877	0.0	2.374037027359009	3.1464457511901855	4.984164714813232	0.0	7.002287864685059	2.836217164993286	2.196824550628662	3.8295273780822754	4.078324317932129	0.0	0.0	0.0	0.0	0.0	2.699428081512451	0.0	4.179234027862549	0.0	0.0	0.0	5.336629867553711	0.0	3.238746166229248	0.0	4.721753120422363	3.890681266784668	0.0	0.0	0.0	2.8824124336242676	0.0	0.0	0.0	0.0	0.0	0.0	0.0	3.1079938411712646	0.0	0.0	0.0	0.0	0.0	0.0	0.0	0.0	0.0	0.0	0.0	4.821461200714111	0.0	0.0	0.0	0.0	0.0	0.0	0.0	4.782678604125977	3.9866762161254883	3.5474865436553955	0.0	0.0	0.0	0.0	4.092905044555664	0.0	0.0	0.0	0.0	0.0	0.0	0.0	2.209899425506592	3.635899543762207	0.0	5.776371955871582	3.9788126945495605	3.262873649597168	0.0	0.0	3.7603511810302734	0.0	0.0	0.0	0.0	0.0	0.0	0.0	0.0	3.2865214347839355	0.0	0.0	0.0	0.0	2.801440477371216
4.468945026397705	0.0	0.0	0.0	5.476850986480713	0.0	5.909144878387451	0.0	0.0	0.0	0.0	0.0	0.0	0.0	0.0	0.0	3.5624122619628906	2.38925838470459	0.0	0.0	0.0	1.9453643560409546	0.0	0.0	2.643866539001465	3.865943431854248	0.0	0.0	0.0	0.0	2.8046069145202637	2.238162040710449	0.0	2.3622138500213623	3.131368398666382	4.960483551025391	0.0	6.968514442443848	2.824284791946411	2.1866018772125244	3.811075210571289	4.0572829246521	0.0	0.0	0.0	0.0	0.0	2.6867129802703857	0.0	4.161329746246338	0.0	0.0	0.0	5.312168121337891	0.0	3.2251334190368652	0.0	4.701138973236084	3.872586250305176	0.0	0.0	0.0	2.8705196380615234	0.0	0.0	0.0	0.0	0.0	0.0	0.0	3.093400716781616	0.0	0.0	0.0	0.0	0.0	0.0	0.0	0.0	0.0	0.0	0.0	4.802340030670166	0.0	0.0	0.0	0.0	0.0	0.0	0.0	4.762086391448975	3.9676315784454346	3.530367851257324	0.0	0.0	0.0	0.0	4.075075626373291	0.0	0.0	0.0	0.0	0.0	0.0	0.0	2.1990408897399902	3.619913339614868	0.0	5.752728462219238	3.9592337608337402	3.2491164207458496	0.0	0.0	3.7437260150909424	0.0	0.0	0.0	0.0	0.0	0.0	0.0	0.0	3.272416114807129	0.0	0.0	0.0	0.0	2.790703058242798
4.49383544921875	0.0	0.0	0.0	5.5081000328063965	0.0	5.942123889923096	0.0	0.0	0.0	0.0	0.0	0.0	0.0	0.0	0.0	3.583449602127075	2.4002673625946045	0.0	0.0	0.0	1.9562735557556152	0.0	0.0	2.6593356132507324	3.8860602378845215	0.0	0.0	0.0	0.0	2.820625066757202	2.253061056137085	0.0	2.3770816326141357	3.14943265914917	4.98988676071167	0.0	7.00993013381958	2.839245557785034	2.1998531818389893	3.8339405059814453	4.081950664520264	0.0	0.0	0.0	0.0	0.0	2.701552152633667	0.0	4.184267997741699	0.0	0.0	0.0	5.342199325561523	0.0	3.243178367614746	0.0	4.727738857269287	3.896131753921509	0.0	0.0	0.0	2.885732889175415	0.0	0.0	0.0	0.0	0.0	0.0	0.0	3.1120669841766357	0.0	0.0	0.0	0.0	0.0	0.0	0.0	0.0	0.0	0.0	0.0	4.827569484710693	0.0	0.0	0.0	0.0	0.0	0.0	0.0	4.7885870933532715	3.990661382675171	3.551852226257324	0.0	0.0	0.0	0.0	4.097221374511719	0.0	0.0	0.0	0.0	0.0	0.0	0.0	2.21181058883667	3.640463352203369	0.0	5.784719467163086	3.9831247329711914	3.267326593399048	0.0	0.0	3.7657980918884277	0.0	0.0	0.0	0.0	0.0	0.0	0.0	0.0	3.289412021636963	0.0	0.0	0.0	0.0	2.8048782348632812
4.494688034057617	0.0	0.0	0.0	5.509416103363037	0.0	5.942241191864014	0.0	0.0	0.0	0.0	0.0	0.0	0.0	0.0	0.0	3.5842576026916504	2.40073561668396	0.0	0.0	0.0	1.9563026428222656	0.0	0.0	2.6604583263397217	3.8869636058807373	0.0	0.0	0.0	0.0	2.821319580078125	2.252892017364502	0.0	2.3770341873168945	3.1496315002441406	4.991374492645264	0.0	7.012108325958252	2.8390867710113525	2.2001147270202637	3.833833932876587	4.083466053009033	0.0	0.0	0.0	0.0	0.0	2.704563856124878	0.0	4.185013771057129	0.0	0.0	0.0	5.343681335449219	0.0	3.2431716918945312	0.0	4.727348327636719	3.8964133262634277	0.0	0.0	0.0	2.8861162662506104	0.0	0.0	0.0	0.0	0.0	0.0	0.0	3.1122779846191406	0.0	0.0	0.0	0.0	0.0	0.0	0.0	0.0	0.0	0.0	0.0	4.82897424697876	0.0	0.0	0.0	0.0	0.0	0.0	0.0	4.789775848388672	3.9916341304779053	3.5521836280822754	0.0	0.0	0.0	0.0	4.098819255828857	0.0	0.0	0.0	0.0	0.0	0.0	0.0	2.213209629058838	3.6407992839813232	0.0	5.784500598907471	3.9836809635162354	3.2680530548095703	0.0	0.0	3.7661244869232178	0.0	0.0	0.0	0.0	0.0	0.0	0.0	0.0	3.289642333984375	0.0	0.0	0.0	0.0	2.8057918548583984
4.496840000152588	0.0	0.0	0.0	5.510696887969971	0.0	5.944920063018799	0.0	0.0	0.0	0.0	0.0	0.0	0.0	0.0	0.0	3.5855493545532227	2.4018595218658447	0.0	0.0	0.0	1.9562808275222778	0.0	0.0	2.6615545749664307	3.8893206119537354	0.0	0.0	0.0	0.0	2.8232290744781494	2.2537314891815186	0.0	2.3777871131896973	3.1500496864318848	4.99330472946167	0.0	7.014222621917725	2.8407907485961914	2.2002124786376953	3.836399555206299	4.084803581237793	0.0	0.0	0.0	0.0	0.0	2.7042524814605713	0.0	4.187502384185791	0.0	0.0	0.0	5.345852375030518	0.0	3.2436981201171875	0.0	4.730813503265381	3.898282289505005	0.0	0.0	0.0	2.886274576187134	0.0	0.0	0.0	0.0	0.0	0.0	0.0	3.1139514446258545	0.0	0.0	0.0	0.0	0.0	0.0	0.0	0.0	0.0	0.0	0.0	4.831573963165283	0.0	0.0	0.0	0.0	0.0	0.0	0.0	4.791784763336182	3.9931182861328125	3.554231643676758	0.0	0.0	0.0	0.0	4.100461483001709	0.0	0.0	0.0	0.0	0.0	0.0	0.0	2.214570999145508	3.643152952194214	0.0	5.7881598472595215	3.9868662357330322	3.268521785736084	0.0	0.0	3.7675042152404785	0.0	0.0	0.0	0.0	0.0	0.0	0.0	0.0	3.290809392929077	0.0	0.0	0.0	0.0	2.806838274002075
4.494357109069824	0.0	0.0	0.0	5.50924825668335	0.0	5.942348480224609	0.0	0.0	0.0	0.0	0.0	0.0	0.0	0.0	0.0	3.5838711261749268	2.4002366065979004	0.0	0.0	0.0	1.9569302797317505	0.0	0.0	2.6606876850128174	3.8869881629943848	0.0	0.0	0.0	0.0	2.8219411373138428	2.2528254985809326	0.0	2.3773200511932373	3.149559497833252	4.990541458129883	0.0	7.011865615844727	2.83966326713562	2.200812816619873	3.8339149951934814	4.083374977111816	0.0	0.0	0.0	0.0	0.0	2.703209638595581	0.0	4.184750080108643	0.0	0.0	0.0	5.344455242156982	0.0	3.2417538166046143	0.0	4.727186679840088	3.8965089321136475	0.0	0.0	0.0	2.885253429412842	0.0	0.0	0.0	0.0	0.0	0.0	0.0	3.113084316253662	0.0	0.0	0.0	0.0	0.0	0.0	0.0	0.0	0.0	0.0	0.0	4.82900333404541	0.0	0.0	0.0	0.0	0.0	0.0	0.0	4.790074348449707	3.9914517402648926	3.553058385848999	0.0	0.0	0.0	0.0	4.098458766937256	0.0	0.0	0.0	0.0	0.0	0.0	0.0	2.2132654190063477	3.6408300399780273	0.0	5.785755634307861	3.983301877975464	3.2678277492523193	0.0	0.0	3.7669453620910645	0.0	0.0	0.0	0.0	0.0	0.0	0.0	0.0	3.2902350425720215	0.0	0.0	0.0	0.0	2.805659770965576
4.497466564178467	0.0	0.0	0.0	5.511969089508057	0.0	5.943792343139648	0.0	0.0	0.0	0.0	0.0	0.0	0.0	0.0	0.0	3.586500883102417	2.4013020992279053	0.0	0.0	0.0	1.956373691558838	0.0	0.0	2.6618566513061523	3.8893792629241943	0.0	0.0	0.0	0.0	2.8233675956726074	2.255089521408081	0.0	2.3784091472625732	3.1519813537597656	4.99369478225708	0.0	7.014381408691406	2.841780185699463	2.202854633331299	3.8374409675598145	4.086374759674072	0.0	0.0	0.0	0.0	0.0	2.7054431438446045	0.0	4.18801736831665	0.0	0.0	0.0	5.347291469573975	0.0	3.2440543174743652	0.0	4.729838848114014	3.8978755474090576	0.0	0.0	0.0	2.886782169342041	0.0	0.0	0.0	0.0	0.0	0.0	0.0	3.1157424449920654	0.0	0.0	0.0	0.0	0.0	0.0	0.0	0.0	0.0	0.0	0.0	4.831353664398193	0.0	0.0	0.0	0.0	0.0	0.0	0.0	4.791607856750488	3.994826078414917	3.554645538330078	0.0	0.0	0.0	0.0	4.100505828857422	0.0	0.0	0.0	0.0	0.0	0.0	0.0	2.2151966094970703	3.6432294845581055	0.0	5.788867950439453	3.9862060546875	3.269139051437378	0.0	0.0	3.768446445465088	0.0	0.0	0.0	0.0	0.0	0.0	0.0	0.0	3.292428493499756	0.0	0.0	0.0	0.0	2.80741286277771
4.494887828826904	0.0	0.0	0.0	5.508972644805908	0.0	5.942749500274658	0.0	0.0	0.0	0.0	0.0	0.0	0.0	0.0	0.0	3.5844860076904297	2.4005351066589355	0.0	0.0	0.0	1.9565690755844116	0.0	0.0	2.661360025405884	3.8879923820495605	0.0	0.0	0.0	0.0	2.8216605186462402	2.253647804260254	0.0	2.3767411708831787	3.149369716644287	4.991795539855957	0.0	7.012503623962402	2.8400344848632812	2.200371503829956	3.834984064102173	4.084095001220703	0.0	0.0	0.0	0.0	0.0	2.70395565032959	0.0	4.184912204742432	0.0	0.0	0.0	5.343804359436035	0.0	3.2421765327453613	0.0	4.727474689483643	3.897324562072754	0.0	0.0	0.0	2.885084390640259	0.0	0.0	0.0	0.0	0.0	0.0	0.0	3.113088846206665	0.0	0.0	0.0	0.0	0.0	0.0	0.0	0.0	0.0	0.0	0.0	4.828942775726318	0.0	0.0	0.0	0.0	0.0	0.0	0.0	4.789793968200684	3.9928340911865234	3.5535240173339844	0.0	0.0	0.0	0.0	4.098663806915283	0.0	0.0	0.0	0.0	0.0	0.0	0.0	2.2132034301757812	3.6422295570373535	0.0	5.7859416007995605	3.9845240116119385	3.266997814178467	0.0	0.0	3.767102003097534	0.0	0.0	0.0	0.0	0.0	0.0	0.0	0.0	3.2904000282287598	0.0	0.0	0.0	0.0	2.80490779876709
4.4939446449279785	0.0	0.0	0.0	5.507357597351074	0.0	5.940754413604736	0.0	0.0	0.0	0.0	0.0	0.0	0.0	0.0	0.0	3.582218647003174	2.3996903896331787	0.0	0.0	0.0	1.9564573764801025	0.0	0.0	2.6599068641662598	3.885714292526245	0.0	0.0	0.0	0.0	2.8208353519439697	2.251399278640747	0.0	2.3756353855133057	3.1483311653137207	4.990388870239258	0.0	7.009987831115723	2.8391594886779785	2.1998302936553955	3.832970142364502	4.082512378692627	0.0	0.0	0.0	0.0	0.0	2.7015318870544434	0.0	4.184196472167969	0.0	0.0	0.0	5.342001914978027	0.0	3.241482734680176	0.0	4.726569175720215	3.8949062824249268	0.0	0.0	0.0	2.8845574855804443	0.0	0.0	0.0	0.0	0.0	0.0	0.0	3.1122326850891113	0.0	0.0	0.0	0.0	0.0	0.0	0.0	0.0	0.0	0.0	0.0	4.827681064605713	0.0	0.0	0.0	0.0	0.0	0.0	0.0	4.787946701049805	3.9901645183563232	3.551548957824707	0.0	0.0	0.0	0.0	4.097147464752197	0.0	0.0	0.0	0.0	0.0	0.0	0.0	2.212381601333618	3.6393911838531494	0.0	5.783876419067383	3.9827327728271484	3.2659308910369873	0.0	0.0	3.7651100158691406	0.0	0.0	0.0	0.0	0.0	0.0	0.0	0.0	3.288829803466797	0.0	0.0	0.0	0.0	2.8052570819854736
4.495041370391846	0.0	0.0	0.0	5.509664058685303	0.0	5.9425787925720215	0.0	0.0	0.0	0.0	0.0	0.0	0.0	0.0	0.0	3.583918809890747	2.4012787342071533	0.0	0.0	0.0	1.9564183950424194	0.0	0.0	2.660273313522339	3.8871572017669678	0.0	0.0	0.0	0.0	2.8200249671936035	2.2525296211242676	0.0	2.377345085144043	3.149430990219116	4.990569591522217	0.0	7.011225700378418	2.8407187461853027	2.2002038955688477	3.834152936935425	4.083534240722656	0.0	0.0	0.0	0.0	0.0	2.7028815746307373	0.0	4.184824466705322	0.0	0.0	0.0	5.3429274559021	0.0	3.2426655292510986	0.0	4.727015972137451	3.8956992626190186	0.0	0.0	0.0	2.885042428970337	0.0	0.0	0.0	0.0	0.0	0.0	0.0	3.11279559135437	0.0	0.0	0.0	0.0	0.0	0.0	0.0	0.0	0.0	0.0	0.0	4.8286027908325195	0.0	0.0	0.0	0.0	0.0	0.0	0.0	4.788793563842773	3.991372585296631	3.5527825355529785	0.0	0.0	0.0	0.0	4.097994327545166	0.0	0.0	0.0	0.0	0.0	0.0	0.0	2.2129828929901123	3.6413145065307617	0.0	5.785098552703857	3.9839653968811035	3.267648696899414	0.0	0.0	3.766730546951294	0.0	0.0	0.0	0.0	0.0	0.0	0.0	0.0	3.2903506755828857	0.0	0.0	0.0	0.0	2.8055217266082764
4.500080585479736	0.0	0.0	0.0	5.51515007019043	0.0	5.948871612548828	0.0	0.0	0.0	0.0	0.0	0.0	0.0	0.0	0.0	3.5882375240325928	2.4023876190185547	0.0	0.0	0.0	1.9583029747009277	0.0	0.0	2.664454936981201	3.891024589538574	0.0	0.0	0.0	0.0	2.824131488800049	2.2561357021331787	0.0	2.3792855739593506	3.1529948711395264	4.9964189529418945	0.0	7.018388748168945	2.8432538509368896	2.2033231258392334	3.8383049964904785	4.088191509246826	0.0	0.0	0.0	0.0	0.0	2.707094669342041	0.0	4.190193176269531	0.0	0.0	0.0	5.349444389343262	0.0	3.246095657348633	0.0	4.732176303863525	3.9002914428710938	0.0	0.0	0.0	2.8878185749053955	0.0	0.0	0.0	0.0	0.0	0.0	0.0	3.1168177127838135	0.0	0.0	0.0	0.0	0.0	0.0	0.0	0.0	0.0	0.0	0.0	4.83257532119751	0.0	0.0	0.0	0.0	0.0	0.0	0.0	4.794343948364258	3.9965713024139404	3.556626558303833	0.0	0.0	0.0	0.0	4.103083610534668	0.0	0.0	0.0	0.0	0.0	0.0	0.0	2.2149579524993896	3.6452548503875732	0.0	5.791475772857666	3.9880595207214355	3.2709715366363525	0.0	0.0	3.7697882652282715	0.0	0.0	0.0	0.0	0.0	0.0	0.0	0.0	3.2938802242279053	0.0	0.0	0.0	0.0	2.8093645572662354
4.495513439178467	0.0	0.0	0.0	5.508892059326172	0.0	5.943659782409668	0.0	0.0	0.0	0.0	0.0	0.0	0.0	0.0	0.0	3.5844244956970215	2.4007604122161865	0.0	0.0	0.0	1.9571459293365479	0.0	0.0	2.6608316898345947	3.888190746307373	0.0	0.0	0.0	0.0	2.820648431777954	2.2529220581054688	0.0	2.3781375885009766	3.1502468585968018	4.991619110107422	0.0	7.011673450469971	2.839097499847412	2.200680732727051	3.834460973739624	4.084490776062012	0.0	0.0	0.0	0.0	0.0	2.703986883163452	0.0	4.185766696929932	0.0	0.0	0.0	5.343957901000977	0.0	3.2429492473602295	0.0	4.727714538574219	3.895723581314087	0.0	0.0	0.0	2.886976718902588	0.0	0.0	0.0	0.0	0.0	0.0	0.0	3.1137773990631104	0.0	0.0	0.0	0.0	0.0	0.0	0.0	0.0	0.0	0.0	0.0	4.829306602478027	0.0	0.0	0.0	0.0	0.0	0.0	0.0	4.789921283721924	3.9918713569641113	3.552955150604248	0.0	0.0	0.0	0.0	4.099872589111328	0.0	0.0	0.0	0.0	0.0	0.0	0.0	2.2125072479248047	3.6397628784179688	0.0	5.784984111785889	3.984602212905884	3.26739764213562	0.0	0.0	3.765969753265381	0.0	0.0	0.0	0.0	0.0	0.0	0.0	0.0	3.289367198944092	0.0	0.0	0.0	0.0	2.8072097301483154
4.4912428855896	0.0	0.0	0.0	5.504864692687988	0.0	5.936758995056152	0.0	0.0	0.0	0.0	0.0	0.0	0.0	0.0	0.0	3.58105731010437	2.3979151248931885	0.0	0.0	0.0	1.9555202722549438	0.0	0.0	2.658515453338623	3.883903741836548	0.0	0.0	0.0	0.0	2.8188138008117676	2.2504353523254395	0.0	2.374964475631714	3.1474382877349854	4.987342357635498	0.0	7.004823684692383	2.837181806564331	2.1977107524871826	3.8317155838012695	4.079744338989258	0.0	0.0	0.0	0.0	0.0	2.701824426651001	0.0	4.180922031402588	0.0	0.0	0.0	5.339437961578369	0.0	3.239220142364502	0.0	4.723160266876221	3.8924968242645264	0.0	0.0	0.0	2.883291482925415	0.0	0.0	0.0	0.0	0.0	0.0	0.0	3.1100127696990967	0.0	0.0	0.0	0.0	0.0	0.0	0.0	0.0	0.0	0.0	0.0	4.824252605438232	0.0	0.0	0.0	0.0	0.0	0.0	0.0	4.785093307495117	3.9879138469696045	3.5494444370269775	0.0	0.0	0.0	0.0	4.094245910644531	0.0	0.0	0.0	0.0	0.0	0.0	0.0	2.2110302448272705	3.6370689868927	0.0	5.7797393798828125	3.9806787967681885	3.2648825645446777	0.0	0.0	3.7615277767181396	0.0	0.0	0.0	0.0	0.0	0.0	0.0	0.0	3.2867112159729004	0.0	0.0	0.0	0.0	2.803623914718628
4.494088649749756	0.0	0.0	0.0	5.507779121398926	0.0	5.942611217498779	0.0	0.0	0.0	0.0	0.0	0.0	0.0	0.0	0.0	3.584543228149414	2.401042938232422	0.0	0.0	0.0	1.9564703702926636	0.0	0.0	2.6612770557403564	3.886993408203125	0.0	0.0	0.0	0.0	2.820080280303955	2.2526001930236816	0.0	2.3773162364959717	3.1484782695770264	4.990591049194336	0.0	7.0102386474609375	2.8404669761657715	2.199256420135498	3.833773136138916	4.083245754241943	0.0	0.0	0.0	0.0	0.0	2.7031679153442383	0.0	4.185047149658203	0.0	0.0	0.0	5.343191146850586	0.0	3.2429661750793457	0.0	4.727315902709961	3.8947513103485107	0.0	0.0	0.0	2.8859822750091553	0.0	0.0	0.0	0.0	0.0	0.0	0.0	3.1122841835021973	0.0	0.0	0.0	0.0	0.0	0.0	0.0	0.0	0.0	0.0	0.0	4.8278679847717285	0.0	0.0	0.0	0.0	0.0	0.0	0.0	4.788260459899902	3.991199016571045	3.5517523288726807	0.0	0.0	0.0	0.0	4.097805976867676	0.0	0.0	0.0	0.0	0.0	0.0	0.0	2.2122929096221924	3.6399176120758057	0.0	5.78380823135376	3.983863353729248	3.2676119804382324	0.0	0.0	3.7658495903015137	0.0	0.0	0.0	0.0	0.0	0.0	0.0	0.0	3.2887842655181885	0.0	0.0	0.0	0.0	2.8049676418304443
4.495378494262695	0.0	0.0	0.0	5.507846832275391	0.0	5.9430413246154785	0.0	0.0	0.0	0.0	0.0	0.0	0.0	0.0	0.0	3.5839202404022217	2.40077543258667	0.0	0.0	0.0	1.9563864469528198	0.0	0.0	2.6591684818267822	3.8874664306640625	0.0	0.0	0.0	0.0	2.820237159729004	2.252556324005127	0.0	2.3776628971099854	3.149965286254883	4.991025924682617	0.0	7.011468410491943	2.839254856109619	2.1994714736938477	3.833918333053589	4.083718299865723	0.0	0.0	0.0	0.0	0.0	2.7032434940338135	0.0	4.184029579162598	0.0	0.0	0.0	5.342653751373291	0.0	3.242147207260132	0.0	4.726554870605469	3.8964614868164062	0.0	0.0	0.0	2.885714054107666	0.0	0.0	0.0	0.0	0.0	0.0	0.0	3.1122398376464844	0.0	0.0	0.0	0.0	0.0	0.0	0.0	0.0	0.0	0.0	0.0	4.828246593475342	0.0	0.0	0.0	0.0	0.0	0.0	0.0	4.788239479064941	3.99076771736145	3.5518085956573486	0.0	0.0	0.0	0.0	4.097077369689941	0.0	0.0	0.0	0.0	0.0	0.0	0.0	2.2122762203216553	3.640164375305176	0.0	5.783720016479492	3.9831061363220215	3.266955852508545	0.0	0.0	3.7658512592315674	0.0	0.0	0.0	0.0	0.0	0.0	0.0	0.0	3.2894234657287598	0.0	0.0	0.0	0.0	2.8058981895446777
4.494427680969238	0.0	0.0	0.0	5.508655548095703	0.0	5.94160795211792	0.0	0.0	0.0	0.0	0.0	0.0	0.0	0.0	0.0	3.5838098526000977	2.4009346961975098	0.0	0.0	0.0	1.9562526941299438	0.0	0.0	2.6596527099609375	3.887232780456543	0.0	0.0	0.0	0.0	2.821014642715454	2.2521982192993164	0.0	2.377387046813965	3.149773120880127	4.990457057952881	0.0	7.011327743530273	2.8403186798095703	2.199428081512451	3.833881378173828	4.083786964416504	0.0	0.0	0.0	0.0	0.0	2.7031352519989014	0.0	4.185277938842773	0.0	0.0	0.0	5.343724250793457	0.0	3.2426114082336426	0.0	4.726987361907959	3.895066738128662	0.0	0.0	0.0	2.885460376739502	0.0	0.0	0.0	0.0	0.0	0.0	0.0	3.1122915744781494	0.0	0.0	0.0	0.0	0.0	0.0	0.0	0.0	0.0	0.0	0.0	4.828315258026123	0.0	0.0	0.0	0.0	0.0	0.0	0.0	4.78916597366333	3.9918317794799805	3.5524137020111084	0.0	0.0	0.0	0.0	4.098217010498047	0.0	0.0	0.0	0.0	0.0	0.0	0.0	2.2128987312316895	3.640355348587036	0.0	5.7842535972595215	3.9829957485198975	3.267414093017578	0.0	0.0	3.7662453651428223	0.0	0.0	0.0	0.0	0.0	0.0	0.0	0.0	3.289742946624756	0.0	0.0	0.0	0.0	2.805053234100342
4.494350433349609	0.0	0.0	0.0	5.508404731750488	0.0	5.941917896270752	0.0	0.0	0.0	0.0	0.0	0.0	0.0	0.0	0.0	3.5834920406341553	2.400524139404297	0.0	0.0	0.0	1.95589017868042	0.0	0.0	2.660370349884033	3.8874285221099854	0.0	0.0	0.0	0.0	2.8206610679626465	2.2523133754730225	0.0	2.376563549041748	3.148716926574707	4.990503787994385	0.0	7.010422229766846	2.839879274368286	2.2004852294921875	3.834003448486328	4.0827956199646	0.0	0.0	0.0	0.0	0.0	2.7031002044677734	0.0	4.18396520614624	0.0	0.0	0.0	5.342798233032227	0.0	3.242025136947632	0.0	4.727101802825928	3.8960132598876953	0.0	0.0	0.0	2.885524034500122	0.0	0.0	0.0	0.0	0.0	0.0	0.0	3.1121175289154053	0.0	0.0	0.0	0.0	0.0	0.0	0.0	0.0	0.0	0.0	0.0	4.828287124633789	0.0	0.0	0.0	0.0	0.0	0.0	0.0	4.788690567016602	3.9920034408569336	3.5522875785827637	0.0	0.0	0.0	0.0	4.097914695739746	0.0	0.0	0.0	0.0	0.0	0.0	0.0	2.2124295234680176	3.640376329421997	0.0	5.784405708312988	3.9834303855895996	3.2672617435455322	0.0	0.0	3.7655391693115234	0.0	0.0	0.0	0.0	0.0	0.0	0.0	0.0	3.2904722690582275	0.0	0.0	0.0	0.0	2.806180477142334
4.496301174163818	0.0	0.0	0.0	5.5105109214782715	0.0	5.943356513977051	0.0	0.0	0.0	0.0	0.0	0.0	0.0	0.0	0.0	3.5846781730651855	2.4010512828826904	0.0	0.0	0.0	1.9575891494750977	0.0	0.0	2.662250280380249	3.888471841812134	0.0	0.0	0.0	0.0	2.8221638202667236	2.253709316253662	0.0	2.377357244491577	3.150606632232666	4.9922261238098145	0.0	7.013437271118164	2.841552734375	2.20090651512146	3.835710287094116	4.084677219390869	0.0	0.0	0.0	0.0	0.0	2.703768253326416	0.0	4.186374187469482	0.0	0.0	0.0	5.344846248626709	0.0	3.2438035011291504	0.0	4.728893756866455	3.8981821537017822	0.0	0.0	0.0	2.8862271308898926	0.0	0.0	0.0	0.0	0.0	0.0	0.0	3.1137309074401855	0.0	0.0	0.0	0.0	0.0	0.0	0.0	0.0	0.0	0.0	0.0	4.829949855804443	0.0	0.0	0.0	0.0	0.0	0.0	0.0	4.790737628936768	3.992710590362549	3.553921699523926	0.0	0.0	0.0	0.0	4.099393367767334	0.0	0.0	0.0	0.0	0.0	0.0	0.0	2.2126283645629883	3.6415889263153076	0.0	5.786773204803467	3.9851574897766113	3.2684326171875	0.0	0.0	3.766928195953369	0.0	0.0	0.0	0.0	0.0	0.0	0.0	0.0	3.290856122970581	0.0	0.0	0.0	0.0	2.807384729385376
4.494592666625977	0.0	0.0	0.0	5.509991645812988	0.0	5.9425153732299805	0.0	0.0	0.0	0.0	0.0	0.0	0.0	0.0	0.0	3.5844309329986572	2.4001855850219727	0.0	0.0	0.0	1.9572747945785522	0.0	0.0	2.6605074405670166	3.8873353004455566	0.0	0.0	0.0	0.0	2.821870803833008	2.2535793781280518	0.0	2.3762409687042236	3.1500470638275146	4.990211009979248	0.0	7.011330604553223	2.840184211730957	2.2005727291107178	3.8342783451080322	4.083658218383789	0.0	0.0	0.0	0.0	0.0	2.7034499645233154	0.0	4.184313774108887	0.0	0.0	0.0	5.343407154083252	0.0	3.2422797679901123	0.0	4.7267889976501465	3.8959715366363525	0.0	0.0	0.0	2.884758472442627	0.0	0.0	0.0	0.0	0.0	0.0	0.0	3.1127936840057373	0.0	0.0	0.0	0.0	0.0	0.0	0.0	0.0	0.0	0.0	0.0	4.828446388244629	0.0	0.0	0.0	0.0	0.0	0.0	0.0	4.788761138916016	3.991276264190674	3.552579402923584	0.0	0.0	0.0	0.0	4.098832130432129	0.0	0.0	0.0	0.0	0.0	0.0	0.0	2.212902784347534	3.6398909091949463	0.0	5.784557819366455	3.984658718109131	3.267001152038574	0.0	0.0	3.766733169555664	0.0	0.0	0.0	0.0	0.0	0.0	0.0	0.0	3.289863109588623	0.0	0.0	0.0	0.0	2.805509090423584
4.496264934539795	0.0	0.0	0.0	5.509784698486328	0.0	5.943024635314941	0.0	0.0	0.0	0.0	0.0	0.0	0.0	0.0	0.0	3.5843029022216797	2.4003217220306396	0.0	0.0	0.0	1.9567608833312988	0.0	0.0	2.6606760025024414	3.8878114223480225	0.0	0.0	0.0	0.0	2.821094036102295	2.253436326980591	0.0	2.377628803253174	3.150045394897461	4.992242336273193	0.0	7.013134479522705	2.8405280113220215	2.1997172832489014	3.8348922729492188	4.084442615509033	0.0	0.0	0.0	0.0	0.0	2.703418254852295	0.0	4.185431003570557	0.0	0.0	0.0	5.3435139656066895	0.0	3.2434942722320557	0.0	4.728243827819824	3.896700143814087	0.0	0.0	0.0	2.8862361907958984	0.0	0.0	0.0	0.0	0.0	0.0	0.0	3.112736463546753	0.0	0.0	0.0	0.0	0.0	0.0	0.0	0.0	0.0	0.0	0.0	4.828485488891602	0.0	0.0	0.0	0.0	0.0	0.0	0.0	4.790311813354492	3.992387294769287	3.5535728931427	0.0	0.0	0.0	0.0	4.098686218261719	0.0	0.0	0.0	0.0	0.0	0.0	0.0	2.212217330932617	3.6410982608795166	0.0	5.785883903503418	3.9837822914123535	3.2682158946990967	0.0	0.0	3.7672271728515625	0.0	0.0	0.0	0.0	0.0	0.0	0.0	0.0	3.290597677230835	0.0	0.0	0.0	0.0	2.8060367107391357
4.493386268615723	0.0	0.0	0.0	5.507613182067871	0.0	5.939764022827148	0.0	0.0	0.0	0.0	0.0	0.0	0.0	0.0	0.0	3.582153558731079	2.4003982543945312	0.0	0.0	0.0	1.9561212062835693	0.0	0.0	2.65948486328125	3.887037754058838	0.0	0.0	0.0	0.0	2.8200790882110596	2.2520618438720703	0.0	2.375633716583252	3.148691177368164	4.990008354187012	0.0	7.008500099182129	2.839900016784668	2.1984779834747314	3.832836151123047	4.0821967124938965	0.0	0.0	0.0	0.0	0.0	2.702512502670288	0.0	4.183601379394531	0.0	0.0	0.0	5.342591762542725	0.0	3.243006467819214	0.0	4.7252044677734375	3.8955469131469727	0.0	0.0	0.0	2.885004758834839	0.0	0.0	0.0	0.0	0.0	0.0	0.0	3.111199378967285	0.0	0.0	0.0	0.0	0.0	0.0	0.0	0.0	0.0	0.0	0.0	4.827805042266846	0.0	0.0	0.0	0.0	0.0	0.0	0.0	4.787902355194092	3.989499092102051	3.5510971546173096	0.0	0.0	0.0	0.0	4.097351551055908	0.0	0.0	0.0	0.0	0.0	0.0	0.0	2.212022304534912	3.6391806602478027	0.0	5.7841010093688965	3.9824588298797607	3.2667324542999268	0.0	0.0	3.7647573947906494	0.0	0.0	0.0	0.0	0.0	0.0	0.0	0.0	3.288059949874878	0.0	0.0	0.0	0.0	2.8038620948791504
4.493670463562012	0.0	0.0	0.0	5.5077948570251465	0.0	5.941646575927734	0.0	0.0	0.0	0.0	0.0	0.0	0.0	0.0	0.0	3.5837440490722656	2.401020050048828	0.0	0.0	0.0	1.9556151628494263	0.0	0.0	2.66007137298584	3.887172222137451	0.0	0.0	0.0	0.0	2.8209469318389893	2.2525758743286133	0.0	2.3767213821411133	3.1489555835723877	4.990169048309326	0.0	7.01027774810791	2.8392765522003174	2.2003393173217773	3.8340132236480713	4.0821428298950195	0.0	0.0	0.0	0.0	0.0	2.702010154724121	0.0	4.183579921722412	0.0	0.0	0.0	5.342670440673828	0.0	3.242581605911255	0.0	4.726932048797607	3.8960492610931396	0.0	0.0	0.0	2.885187864303589	0.0	0.0	0.0	0.0	0.0	0.0	0.0	3.111886978149414	0.0	0.0	0.0	0.0	0.0	0.0	0.0	0.0	0.0	0.0	0.0	4.828067302703857	0.0	0.0	0.0	0.0	0.0	0.0	0.0	4.789338111877441	3.9901249408721924	3.5514235496520996	0.0	0.0	0.0	0.0	4.098714828491211	0.0	0.0	0.0	0.0	0.0	0.0	0.0	2.2126288414001465	3.6398444175720215	0.0	5.784804344177246	3.9836227893829346	3.2668304443359375	0.0	0.0	3.764570951461792	0.0	0.0	0.0	0.0	0.0	0.0	0.0	0.0	3.2896838188171387	0.0	0.0	0.0	0.0	2.805691719055176
4.494682312011719	0.0	0.0	0.0	5.509660243988037	0.0	5.94320821762085	0.0	0.0	0.0	0.0	0.0	0.0	0.0	0.0	0.0	3.583942174911499	2.400644540786743	0.0	0.0	0.0	1.9566177129745483	0.0	0.0	2.6600089073181152	3.887997627258301	0.0	0.0	0.0	0.0	2.821425437927246	2.252854108810425	0.0	2.377204418182373	3.1501224040985107	4.9916791915893555	0.0	7.0116729736328125	2.83964204788208	2.2007968425750732	3.8347480297088623	4.083314895629883	0.0	0.0	0.0	0.0	0.0	2.702895164489746	0.0	4.185473918914795	0.0	0.0	0.0	5.343419075012207	0.0	3.2428956031799316	0.0	4.728166103363037	3.8970072269439697	0.0	0.0	0.0	2.8855531215667725	0.0	0.0	0.0	0.0	0.0	0.0	0.0	3.112792730331421	0.0	0.0	0.0	0.0	0.0	0.0	0.0	0.0	0.0	0.0	0.0	4.8283796310424805	0.0	0.0	0.0	0.0	0.0	0.0	0.0	4.789235591888428	3.9911818504333496	3.5527963638305664	0.0	0.0	0.0	0.0	4.098267078399658	0.0	0.0	0.0	0.0	0.0	0.0	0.0	2.21278715133667	3.6397643089294434	0.0	5.785982131958008	3.984712600708008	3.2681691646575928	0.0	0.0	3.766101837158203	0.0	0.0	0.0	0.0	0.0	0.0	0.0	0.0	3.289639711380005	0.0	0.0	0.0	0.0	2.8062708377838135
4.491344928741455	0.0	0.0	0.0	5.505321025848389	0.0	5.939160346984863	0.0	0.0	0.0	0.0	0.0	0.0	0.0	0.0	0.0	3.5818138122558594	2.400057315826416	0.0	0.0	0.0	1.9552651643753052	0.0	0.0	2.6588687896728516	3.88433575630188	0.0	0.0	0.0	0.0	2.818430185317993	2.2511284351348877	0.0	2.3745298385620117	3.1470131874084473	4.987164497375488	0.0	7.00652551651001	2.8379018306732178	2.197690725326538	3.8312392234802246	4.080687522888184	0.0	0.0	0.0	0.0	0.0	2.7004218101501465	0.0	4.182236194610596	0.0	0.0	0.0	5.340576171875	0.0	3.2403335571289062	0.0	4.7248921394348145	3.893681526184082	0.0	0.0	0.0	2.8849387168884277	0.0	0.0	0.0	0.0	0.0	0.0	0.0	3.1108362674713135	0.0	0.0	0.0	0.0	0.0	0.0	0.0	0.0	0.0	0.0	0.0	4.824541091918945	0.0	0.0	0.0	0.0	0.0	0.0	0.0	4.786322593688965	3.9886581897735596	3.549921751022339	0.0	0.0	0.0	0.0	4.095599174499512	0.0	0.0	0.0	0.0	0.0	0.0	0.0	2.21128249168396	3.6375534534454346	0.0	5.7817511558532715	3.9805705547332764	3.2644875049591064	0.0	0.0	3.7631492614746094	0.0	0.0	0.0	0.0	0.0	0.0	0.0	0.0	3.2872791290283203	0.0	0.0	0.0	0.0	2.804507255554199
4.493202209472656	0.0	0.0	0.0	5.5072922706604	0.0	5.939904689788818	0.0	0.0	0.0	0.0	0.0	0.0	0.0	0.0	0.0	3.5827794075012207	2.399484872817993	0.0	0.0	0.0	1.9560270309448242	0.0	0.0	2.6597118377685547	3.885998010635376	0.0	0.0	0.0	0.0	2.8210670948028564	2.251783609390259	0.0	2.375847578048706	3.148643970489502	4.988670349121094	0.0	7.007896900177002	2.839998245239258	2.1988930702209473	3.8325886726379395	4.082253456115723	0.0	0.0	0.0	0.0	0.0	2.7031185626983643	0.0	4.183297634124756	0.0	0.0	0.0	5.3416972160339355	0.0	3.241718292236328	0.0	4.72606897354126	3.8944015502929688	0.0	0.0	0.0	2.8847856521606445	0.0	0.0	0.0	0.0	0.0	0.0	0.0	3.1116156578063965	0.0	0.0	0.0	0.0	0.0	0.0	0.0	0.0	0.0	0.0	0.0	4.826508522033691	0.0	0.0	0.0	0.0	0.0	0.0	0.0	4.788275718688965	3.989607572555542	3.5515975952148438	0.0	0.0	0.0	0.0	4.097596645355225	0.0	0.0	0.0	0.0	0.0	0.0	0.0	2.2118988037109375	3.638232469558716	0.0	5.78231954574585	3.9829208850860596	3.2663989067077637	0.0	0.0	3.7640998363494873	0.0	0.0	0.0	0.0	0.0	0.0	0.0	0.0	3.2889180183410645	0.0	0.0	0.0	0.0	2.804600477218628
4.498872756958008	0.0	0.0	0.0	5.5120978355407715	0.0	5.945988178253174	0.0	0.0	0.0	0.0	0.0	0.0	0.0	0.0	0.0	3.587186336517334	2.401653528213501	0.0	0.0	0.0	1.9581021070480347	0.0	0.0	2.6621460914611816	3.8894710540771484	0.0	0.0	0.0	0.0	2.8235905170440674	2.2544031143188477	0.0	2.3785393238067627	3.1520135402679443	4.995361804962158	0.0	7.015901565551758	2.841434955596924	2.202415943145752	3.8376224040985107	4.087109088897705	0.0	0.0	0.0	0.0	0.0	2.706059217453003	0.0	4.188286781311035	0.0	0.0	0.0	5.347472667694092	0.0	3.2448699474334717	0.0	4.7317399978637695	3.898495674133301	0.0	0.0	0.0	2.8865280151367188	0.0	0.0	0.0	0.0	0.0	0.0	0.0	3.1156301498413086	0.0	0.0	0.0	0.0	0.0	0.0	0.0	0.0	0.0	0.0	0.0	4.831779479980469	0.0	0.0	0.0	0.0	0.0	0.0	0.0	4.792245388031006	3.9955313205718994	3.5552759170532227	0.0	0.0	0.0	0.0	4.101105690002441	0.0	0.0	0.0	0.0	0.0	0.0	0.0	2.214137554168701	3.643385410308838	0.0	5.789624214172363	3.9864115715026855	3.2700023651123047	0.0	0.0	3.7688894271850586	0.0	0.0	0.0	0.0	0.0	0.0	0.0	0.0	3.292327404022217	0.0	0.0	0.0	0.0	2.807229518890381
4.495666027069092	0.0	0.0	0.0	5.5096940994262695	0.0	5.9438581466674805	0.0	0.0	0.0	0.0	0.0	0.0	0.0	0.0	0.0	3.585658550262451	2.401001453399658	0.0	0.0	0.0	1.9569796323776245	0.0	0.0	2.661306619644165	3.888288974761963	0.0	0.0	0.0	0.0	2.822098970413208	2.253584861755371	0.0	2.3779456615448	3.1506378650665283	4.992677688598633	0.0	7.0134758949279785	2.841154098510742	2.200732469558716	3.8349106311798096	4.084836006164551	0.0	0.0	0.0	0.0	0.0	2.7041280269622803	0.0	4.186511993408203	0.0	0.0	0.0	5.344813346862793	0.0	3.2436859607696533	0.0	4.729271411895752	3.896942377090454	0.0	0.0	0.0	2.887111186981201	0.0	0.0	0.0	0.0	0.0	0.0	0.0	3.1128902435302734	0.0	0.0	0.0	0.0	0.0	0.0	0.0	0.0	0.0	0.0	0.0	4.829622745513916	0.0	0.0	0.0	0.0	0.0	0.0	0.0	4.790823459625244	3.993377447128296	3.553438186645508	0.0	0.0	0.0	0.0	4.099947452545166	0.0	0.0	0.0	0.0	0.0	0.0	0.0	2.2137627601623535	3.6421680450439453	0.0	5.786677360534668	3.9850239753723145	3.2685372829437256	0.0	0.0	3.7670061588287354	0.0	0.0	0.0	0.0	0.0	0.0	0.0	0.0	3.2907826900482178	0.0	0.0	0.0	0.0	2.806788921356201
4.493437767028809	0.0	0.0	0.0	5.507347583770752	0.0	5.940440654754639	0.0	0.0	0.0	0.0	0.0	0.0	0.0	0.0	0.0	3.58245587348938	2.3993868827819824	0.0	0.0	0.0	1.9567891359329224	0.0	0.0	2.660338878631592	3.8867545127868652	0.0	0.0	0.0	0.0	2.8202948570251465	2.2523488998413086	0.0	2.376514434814453	3.1494646072387695	4.989872455596924	0.0	7.010380744934082	2.8390824794769287	2.2004382610321045	3.833482027053833	4.082855224609375	0.0	0.0	0.0	0.0	0.0	2.703838586807251	0.0	4.184107780456543	0.0	0.0	0.0	5.343039035797119	0.0	3.2417194843292236	0.0	4.727023124694824	3.896254062652588	0.0	0.0	0.0	2.885378360748291	0.0	0.0	0.0	0.0	0.0	0.0	0.0	3.1124460697174072	0.0	0.0	0.0	0.0	0.0	0.0	0.0	0.0	0.0	0.0	0.0	4.827245712280273	0.0	0.0	0.0	0.0	0.0	0.0	0.0	4.787174701690674	3.991335153579712	3.551764965057373	0.0	0.0	0.0	0.0	4.098086833953857	0.0	0.0	0.0	0.0	0.0	0.0	0.0	2.2125003337860107	3.6397969722747803	0.0	5.7842512130737305	3.9831702709198	3.266944169998169	0.0	0.0	3.7655773162841797	0.0	0.0	0.0	0.0	0.0	0.0	0.0	0.0	3.2895493507385254	0.0	0.0	0.0	0.0	2.8040082454681396
4.499238014221191	0.0	0.0	0.0	5.514191627502441	0.0	5.94657564163208	0.0	0.0	0.0	0.0	0.0	0.0	0.0	0.0	0.0	3.587547540664673	2.402385711669922	0.0	0.0	0.0	1.9579081535339355	0.0	0.0	2.662895917892456	3.890223979949951	0.0	0.0	0.0	0.0	2.8237111568450928	2.255192995071411	0.0	2.3787479400634766	3.152479648590088	4.9946513175964355	0.0	7.017486095428467	2.8431267738342285	2.2027556896209717	3.837599992752075	4.086472511291504	0.0	0.0	0.0	0.0	0.0	2.705836296081543	0.0	4.189724445343018	0.0	0.0	0.0	5.3475470542907715	0.0	3.2448904514312744	0.0	4.731235980987549	3.9004156589508057	0.0	0.0	0.0	2.887380361557007	0.0	0.0	0.0	0.0	0.0	0.0	0.0	3.115403413772583	0.0	0.0	0.0	0.0	0.0	0.0	0.0	0.0	0.0	0.0	0.0	4.833342552185059	0.0	0.0	0.0	0.0	0.0	0.0	0.0	4.792738914489746	3.995007276535034	3.5560691356658936	0.0	0.0	0.0	0.0	4.101583480834961	0.0	0.0	0.0	0.0	0.0	0.0	0.0	2.2143642902374268	3.644951820373535	0.0	5.790127754211426	3.9881715774536133	3.268977642059326	0.0	0.0	3.7699851989746094	0.0	0.0	0.0	0.0	0.0	0.0	0.0	0.0	3.293170213699341	0.0	0.0	0.0	0.0	2.808638572692871
4.4965105056762695	0.0	0.0	0.0	5.510207653045654	0.0	5.942863941192627	0.0	0.0	0.0	0.0	0.0	0.0	0.0	0.0	0.0	3.585869073867798	2.400820016860962	0.0	0.0	0.0	1.9568978548049927	0.0	0.0	2.66046404838562	3.8875832557678223	0.0	0.0	0.0	0.0	2.8221850395202637	2.2532896995544434	0.0	2.377999782562256	3.1504366397857666	4.992889881134033	0.0	7.012899398803711	2.8408937454223633	2.2005767822265625	3.835092067718506	4.085357666015625	0.0	0.0	0.0	0.0	0.0	2.7044477462768555	0.0	4.186134338378906	0.0	0.0	0.0	5.344767093658447	0.0	3.2434635162353516	0.0	4.7284955978393555	3.897047758102417	0.0	0.0	0.0	2.8865833282470703	0.0	0.0	0.0	0.0	0.0	0.0	0.0	3.1136908531188965	0.0	0.0	0.0	0.0	0.0	0.0	0.0	0.0	0.0	0.0	0.0	4.829082012176514	0.0	0.0	0.0	0.0	0.0	0.0	0.0	4.790444374084473	3.9927303791046143	3.55376935005188	0.0	0.0	0.0	0.0	4.099315166473389	0.0	0.0	0.0	0.0	0.0	0.0	0.0	2.213193655014038	3.6418910026550293	0.0	5.786015510559082	3.984880208969116	3.2686567306518555	0.0	0.0	3.7670233249664307	0.0	0.0	0.0	0.0	0.0	0.0	0.0	0.0	3.2901551723480225	0.0	0.0	0.0	0.0	2.806593656539917
4.498391628265381	0.0	0.0	0.0	5.51281213760376	0.0	5.946771144866943	0.0	0.0	0.0	0.0	0.0	0.0	0.0	0.0	0.0	3.5868418216705322	2.401966094970703	0.0	0.0	0.0	1.957595705986023	0.0	0.0	2.6626644134521484	3.889641046524048	0.0	0.0	0.0	0.0	2.823683977127075	2.253809928894043	0.0	2.3779399394989014	3.1514487266540527	4.994293689727783	0.0	7.0154709815979	2.8422703742980957	2.2014591693878174	3.8374361991882324	4.085914611816406	0.0	0.0	0.0	0.0	0.0	2.70539927482605	0.0	4.187270164489746	0.0	0.0	0.0	5.346718788146973	0.0	3.245795965194702	0.0	4.7305121421813965	3.8987157344818115	0.0	0.0	0.0	2.8882322311401367	0.0	0.0	0.0	0.0	0.0	0.0	0.0	3.1154377460479736	0.0	0.0	0.0	0.0	0.0	0.0	0.0	0.0	0.0	0.0	0.0	4.8321919441223145	0.0	0.0	0.0	0.0	0.0	0.0	0.0	4.792932987213135	3.9940712451934814	3.554750680923462	0.0	0.0	0.0	0.0	4.101035118103027	0.0	0.0	0.0	0.0	0.0	0.0	0.0	2.213818073272705	3.6437153816223145	0.0	5.788772106170654	3.9870693683624268	3.270272970199585	0.0	0.0	3.768582582473755	0.0	0.0	0.0	0.0	0.0	0.0	0.0	0.0	3.292088031768799	0.0	0.0	0.0	0.0	2.8078033924102783
4.490038871765137	0.0	0.0	0.0	5.502939224243164	0.0	5.937169075012207	0.0	0.0	0.0	0.0	0.0	0.0	0.0	0.0	0.0	3.580296516418457	2.398181438446045	0.0	0.0	0.0	1.9542996883392334	0.0	0.0	2.658616304397583	3.8834784030914307	0.0	0.0	0.0	0.0	2.817824363708496	2.250561475753784	0.0	2.3741745948791504	3.1467275619506836	4.9861650466918945	0.0	7.003998279571533	2.8362040519714355	2.1982455253601074	3.831623077392578	4.079196453094482	0.0	0.0	0.0	0.0	0.0	2.699697971343994	0.0	4.18015193939209	0.0	0.0	0.0	5.337386131286621	0.0	3.2394022941589355	0.0	4.723479747772217	3.89117693901062	0.0	0.0	0.0	2.882352828979492	0.0	0.0	0.0	0.0	0.0	0.0	0.0	3.109508752822876	0.0	0.0	0.0	0.0	0.0	0.0	0.0	0.0	0.0	0.0	0.0	4.824076175689697	0.0	0.0	0.0	0.0	0.0	0.0	0.0	4.784433364868164	3.9869892597198486	3.5492429733276367	0.0	0.0	0.0	0.0	4.094191074371338	0.0	0.0	0.0	0.0	0.0	0.0	0.0	2.2110795974731445	3.637265920639038	0.0	5.778085231781006	3.9806501865386963	3.264622926712036	0.0	0.0	3.7629549503326416	0.0	0.0	0.0	0.0	0.0	0.0	0.0	0.0	3.286463737487793	0.0	0.0	0.0	0.0	2.802060842514038
4.491485118865967	0.0	0.0	0.0	5.505468368530273	0.0	5.938774585723877	0.0	0.0	0.0	0.0	0.0	0.0	0.0	0.0	0.0	3.5819919109344482	2.3997673988342285	0.0	0.0	0.0	1.9555398225784302	0.0	0.0	2.6588566303253174	3.883931875228882	0.0	0.0	0.0	0.0	2.8189947605133057	2.250824213027954	0.0	2.3756895065307617	3.147251605987549	4.987462520599365	0.0	7.0073018074035645	2.837886095046997	2.197845458984375	3.8315727710723877	4.080331325531006	0.0	0.0	0.0	0.0	0.0	2.7016594409942627	0.0	4.182406902313232	0.0	0.0	0.0	5.340038776397705	0.0	3.239504814147949	0.0	4.724213600158691	3.893544912338257	0.0	0.0	0.0	2.8841712474823	0.0	0.0	0.0	0.0	0.0	0.0	0.0	3.1105241775512695	0.0	0.0	0.0	0.0	0.0	0.0	0.0	0.0	0.0	0.0	0.0	4.8250579833984375	0.0	0.0	0.0	0.0	0.0	0.0	0.0	4.7855095863342285	3.988693952560425	3.5501348972320557	0.0	0.0	0.0	0.0	4.095412731170654	0.0	0.0	0.0	0.0	0.0	0.0	0.0	2.2113077640533447	3.6388797760009766	0.0	5.780943393707275	3.9804089069366455	3.2651431560516357	0.0	0.0	3.763775110244751	0.0	0.0	0.0	0.0	0.0	0.0	0.0	0.0	3.2875635623931885	0.0	0.0	0.0	0.0	2.803734064102173
4.4966325759887695	0.0	0.0	0.0	5.5102128982543945	0.0	5.944471836090088	0.0	0.0	0.0	0.0	0.0	0.0	0.0	0.0	0.0	3.584714412689209	2.4016826152801514	0.0	0.0	0.0	1.9569551944732666	0.0	0.0	2.6620590686798096	3.888291358947754	0.0	0.0	0.0	0.0	2.8224692344665527	2.2536985874176025	0.0	2.3782269954681396	3.150400161743164	4.992589950561523	0.0	7.01350736618042	2.8405323028564453	2.201101541519165	3.8359687328338623	4.083907127380371	0.0	0.0	0.0	0.0	0.0	2.704038143157959	0.0	4.186855792999268	0.0	0.0	0.0	5.345379829406738	0.0	3.2442939281463623	0.0	4.72978401184082	3.8974826335906982	0.0	0.0	0.0	2.886885643005371	0.0	0.0	0.0	0.0	0.0	0.0	0.0	3.1132266521453857	0.0	0.0	0.0	0.0	0.0	0.0	0.0	0.0	0.0	0.0	0.0	4.829921245574951	0.0	0.0	0.0	0.0	0.0	0.0	0.0	4.791252136230469	3.992823839187622	3.5537734031677246	0.0	0.0	0.0	0.0	4.099663257598877	0.0	0.0	0.0	0.0	0.0	0.0	0.0	2.2132585048675537	3.6418867111206055	0.0	5.787050247192383	3.9854354858398438	3.268613576889038	0.0	0.0	3.7669191360473633	0.0	0.0	0.0	0.0	0.0	0.0	0.0	0.0	3.290607213973999	0.0	0.0	0.0	0.0	2.8066186904907227
4.482110023498535	0.0	0.0	0.0	5.494638919830322	0.0	5.926572322845459	0.0	0.0	0.0	0.0	0.0	0.0	0.0	0.0	0.0	3.574739694595337	2.395451068878174	0.0	0.0	0.0	1.9532114267349243	0.0	0.0	2.653751850128174	3.877732276916504	0.0	0.0	0.0	0.0	2.814953565597534	2.2449874877929688	0.0	2.3712058067321777	3.1402957439422607	4.977745056152344	0.0	6.9922261238098145	2.8331122398376465	2.194641590118408	3.822460412979126	4.070982933044434	0.0	0.0	0.0	0.0	0.0	2.696104049682617	0.0	4.175162315368652	0.0	0.0	0.0	5.3299078941345215	0.0	3.2346580028533936	0.0	4.714742660522461	3.885497570037842	0.0	0.0	0.0	2.878779411315918	0.0	0.0	0.0	0.0	0.0	0.0	0.0	3.1043050289154053	0.0	0.0	0.0	0.0	0.0	0.0	0.0	0.0	0.0	0.0	0.0	4.815399646759033	0.0	0.0	0.0	0.0	0.0	0.0	0.0	4.776724815368652	3.9815433025360107	3.5431833267211914	0.0	0.0	0.0	0.0	4.086916446685791	0.0	0.0	0.0	0.0	0.0	0.0	0.0	2.206542730331421	3.629708766937256	0.0	5.770215034484863	3.9717400074005127	3.258930206298828	0.0	0.0	3.7555301189422607	0.0	0.0	0.0	0.0	0.0	0.0	0.0	0.0	3.2811520099639893	0.0	0.0	0.0	0.0	2.7976462841033936
4.484875202178955	0.0	0.0	0.0	5.495647430419922	0.0	5.929414749145508	0.0	0.0	0.0	0.0	0.0	0.0	0.0	0.0	0.0	3.57635235786438	2.3958804607391357	0.0	0.0	0.0	1.9521692991256714	0.0	0.0	2.6554718017578125	3.878431558609009	0.0	0.0	0.0	0.0	2.8145105838775635	2.248009443283081	0.0	2.3707351684570312	3.141629695892334	4.978222846984863	0.0	6.996209144592285	2.832029104232788	2.194061040878296	3.8260140419006348	4.0741095542907715	0.0	0.0	0.0	0.0	0.0	2.696683645248413	0.0	4.174399375915527	0.0	0.0	0.0	5.331868648529053	0.0	3.2369492053985596	0.0	4.715782642364502	3.885406732559204	0.0	0.0	0.0	2.881282329559326	0.0	0.0	0.0	0.0	0.0	0.0	0.0	3.1057822704315186	0.0	0.0	0.0	0.0	0.0	0.0	0.0	0.0	0.0	0.0	0.0	4.818140029907227	0.0	0.0	0.0	0.0	0.0	0.0	0.0	4.779342174530029	3.9810996055603027	3.5441598892211914	0.0	0.0	0.0	0.0	4.090756893157959	0.0	0.0	0.0	0.0	0.0	0.0	0.0	2.209108829498291	3.6318259239196777	0.0	5.770561695098877	3.974456310272217	3.260030508041382	0.0	0.0	3.758054733276367	0.0	0.0	0.0	0.0	0.0	0.0	0.0	0.0	3.2822043895721436	0.0	0.0	0.0	0.0	2.80069899559021
4.499931335449219	0.0	0.0	0.0	5.513062953948975	0.0	5.947018146514893	0.0	0.0	0.0	0.0	0.0	0.0	0.0	0.0	0.0	3.5874242782592773	2.402078866958618	0.0	0.0	0.0	1.9574909210205078	0.0	0.0	2.662893295288086	3.889923572540283	0.0	0.0	0.0	0.0	2.8244152069091797	2.255340814590454	0.0	2.378321647644043	3.152921676635742	4.995675086975098	0.0	7.016857147216797	2.842353582382202	2.2031149864196777	3.838003635406494	4.086108684539795	0.0	0.0	0.0	0.0	0.0	2.7059760093688965	0.0	4.189239978790283	0.0	0.0	0.0	5.34757137298584	0.0	3.2446863651275635	0.0	4.731383323669434	3.8995320796966553	0.0	0.0	0.0	2.887667179107666	0.0	0.0	0.0	0.0	0.0	0.0	0.0	3.115819215774536	0.0	0.0	0.0	0.0	0.0	0.0	0.0	0.0	0.0	0.0	0.0	4.8326497077941895	0.0	0.0	0.0	0.0	0.0	0.0	0.0	4.793297290802002	3.9955692291259766	3.5557382106781006	0.0	0.0	0.0	0.0	4.101545333862305	0.0	0.0	0.0	0.0	0.0	0.0	0.0	2.2144718170166016	3.644573926925659	0.0	5.790037155151367	3.9875597953796387	3.2699215412139893	0.0	0.0	3.769721269607544	0.0	0.0	0.0	0.0	0.0	0.0	0.0	0.0	3.293377637863159	0.0	0.0	0.0	0.0	2.8080122470855713
4.490996360778809	0.0	0.0	0.0	5.50329065322876	0.0	5.936596870422363	0.0	0.0	0.0	0.0	0.0	0.0	0.0	0.0	0.0	3.580173969268799	2.399083137512207	0.0	0.0	0.0	1.954849362373352	0.0	0.0	2.658247232437134	3.8835854530334473	0.0	0.0	0.0	0.0	2.8179283142089844	2.2501509189605713	0.0	2.3748509883880615	3.1469531059265137	4.9856486320495605	0.0	7.004967212677002	2.8372533321380615	2.1973953247070312	3.8305063247680664	4.080660343170166	0.0	0.0	0.0	0.0	0.0	2.701295852661133	0.0	4.181209087371826	0.0	0.0	0.0	5.338159084320068	0.0	3.239375591278076	0.0	4.72402286529541	3.8918464183807373	0.0	0.0	0.0	2.882049560546875	0.0	0.0	0.0	0.0	0.0	0.0	0.0	3.1103692054748535	0.0	0.0	0.0	0.0	0.0	0.0	0.0	0.0	0.0	0.0	0.0	4.823785305023193	0.0	0.0	0.0	0.0	0.0	0.0	0.0	4.784622669219971	3.9879729747772217	3.5493412017822266	0.0	0.0	0.0	0.0	4.093512535095215	0.0	0.0	0.0	0.0	0.0	0.0	0.0	2.2111966609954834	3.636204242706299	0.0	5.779466152191162	3.979834794998169	3.264552354812622	0.0	0.0	3.7620341777801514	0.0	0.0	0.0	0.0	0.0	0.0	0.0	0.0	3.2866854667663574	0.0	0.0	0.0	0.0	2.8034021854400635
4.4954514503479	0.0	0.0	0.0	5.509889125823975	0.0	5.943079948425293	0.0	0.0	0.0	0.0	0.0	0.0	0.0	0.0	0.0	3.584080696105957	2.4007227420806885	0.0	0.0	0.0	1.9565389156341553	0.0	0.0	2.6614303588867188	3.887831449508667	0.0	0.0	0.0	0.0	2.821244716644287	2.2524592876434326	0.0	2.3779077529907227	3.1500582695007324	4.991811275482178	0.0	7.012544631958008	2.840029001235962	2.200179100036621	3.834324836730957	4.083511829376221	0.0	0.0	0.0	0.0	0.0	2.7043778896331787	0.0	4.185595512390137	0.0	0.0	0.0	5.344262599945068	0.0	3.242781400680542	0.0	4.727930068969727	3.896724224090576	0.0	0.0	0.0	2.8865349292755127	0.0	0.0	0.0	0.0	0.0	0.0	0.0	3.113776445388794	0.0	0.0	0.0	0.0	0.0	0.0	0.0	0.0	0.0	0.0	0.0	4.828878879547119	0.0	0.0	0.0	0.0	0.0	0.0	0.0	4.7904744148254395	3.9925732612609863	3.5528318881988525	0.0	0.0	0.0	0.0	4.099086761474609	0.0	0.0	0.0	0.0	0.0	0.0	0.0	2.2127249240875244	3.6408028602600098	0.0	5.786011219024658	3.9844210147857666	3.2682549953460693	0.0	0.0	3.766272783279419	0.0	0.0	0.0	0.0	0.0	0.0	0.0	0.0	3.2901175022125244	0.0	0.0	0.0	0.0	2.806586742401123
4.497592449188232	0.0	0.0	0.0	5.51264762878418	0.0	5.945953845977783	0.0	0.0	0.0	0.0	0.0	0.0	0.0	0.0	0.0	3.5858280658721924	2.402127504348755	0.0	0.0	0.0	1.9573218822479248	0.0	0.0	2.661968469619751	3.8889851570129395	0.0	0.0	0.0	0.0	2.8228094577789307	2.253927707672119	0.0	2.3780009746551514	3.1517090797424316	4.993626117706299	0.0	7.015617370605469	2.841808557510376	2.2009623050689697	3.8368382453918457	4.085928440093994	0.0	0.0	0.0	0.0	0.0	2.7044410705566406	0.0	4.188258171081543	0.0	0.0	0.0	5.3469743728637695	0.0	3.244528293609619	0.0	4.730827808380127	3.8988146781921387	0.0	0.0	0.0	2.8870694637298584	0.0	0.0	0.0	0.0	0.0	0.0	0.0	3.115190029144287	0.0	0.0	0.0	0.0	0.0	0.0	0.0	0.0	0.0	0.0	0.0	4.831349849700928	0.0	0.0	0.0	0.0	0.0	0.0	0.0	4.792860984802246	3.994429349899292	3.554565668106079	0.0	0.0	0.0	0.0	4.100818157196045	0.0	0.0	0.0	0.0	0.0	0.0	0.0	2.213669538497925	3.6426138877868652	0.0	5.788849353790283	3.986398696899414	3.2695465087890625	0.0	0.0	3.76861834526062	0.0	0.0	0.0	0.0	0.0	0.0	0.0	0.0	3.2920937538146973	0.0	0.0	0.0	0.0	2.807156801223755
4.499413967132568	0.0	0.0	0.0	5.5139994621276855	0.0	5.946481704711914	0.0	0.0	0.0	0.0	0.0	0.0	0.0	0.0	0.0	3.5878729820251465	2.4028165340423584	0.0	0.0	0.0	1.9579551219940186	0.0	0.0	2.663151741027832	3.8904619216918945	0.0	0.0	0.0	0.0	2.823472023010254	2.25506854057312	0.0	2.3798093795776367	3.153266429901123	4.995615482330322	0.0	7.017751693725586	2.842196464538574	2.202385425567627	3.8377883434295654	4.0873918533325195	0.0	0.0	0.0	0.0	0.0	2.705798864364624	0.0	4.189031600952148	0.0	0.0	0.0	5.348459720611572	0.0	3.2442421913146973	0.0	4.731468677520752	3.8996071815490723	0.0	0.0	0.0	2.8885388374328613	0.0	0.0	0.0	0.0	0.0	0.0	0.0	3.1161673069000244	0.0	0.0	0.0	0.0	0.0	0.0	0.0	0.0	0.0	0.0	0.0	4.832515239715576	0.0	0.0	0.0	0.0	0.0	0.0	0.0	4.793242454528809	3.9958016872406006	3.556044101715088	0.0	0.0	0.0	0.0	4.1016011238098145	0.0	0.0	0.0	0.0	0.0	0.0	0.0	2.2144930362701416	3.643827199935913	0.0	5.789804458618164	3.9869370460510254	3.270535707473755	0.0	0.0	3.7696151733398438	0.0	0.0	0.0	0.0	0.0	0.0	0.0	0.0	3.2930045127868652	0.0	0.0	0.0	0.0	2.8077526092529297
4.49265193939209	0.0	0.0	0.0	5.506194114685059	0.0	5.93968391418457	0.0	0.0	0.0	0.0	0.0	0.0	0.0	0.0	0.0	3.582429885864258	2.3996567726135254	0.0	0.0	0.0	1.9560506343841553	0.0	0.0	2.660449266433716	3.8866755962371826	0.0	0.0	0.0	0.0	2.8208255767822266	2.2518160343170166	0.0	2.3759572505950928	3.147644519805908	4.989370822906494	0.0	7.008083343505859	2.8390953540802	2.199251413345337	3.832873821258545	4.08107852935791	0.0	0.0	0.0	0.0	0.0	2.7027676105499268	0.0	4.183506011962891	0.0	0.0	0.0	5.340915203094482	0.0	3.2413582801818848	0.0	4.725991249084473	3.894901990890503	0.0	0.0	0.0	2.884572744369507	0.0	0.0	0.0	0.0	0.0	0.0	0.0	3.110883951187134	0.0	0.0	0.0	0.0	0.0	0.0	0.0	0.0	0.0	0.0	0.0	4.826124668121338	0.0	0.0	0.0	0.0	0.0	0.0	0.0	4.787399768829346	3.9907243251800537	3.550875425338745	0.0	0.0	0.0	0.0	4.097407817840576	0.0	0.0	0.0	0.0	0.0	0.0	0.0	2.211575984954834	3.6390669345855713	0.0	5.782656669616699	3.9826717376708984	3.266251564025879	0.0	0.0	3.764688014984131	0.0	0.0	0.0	0.0	0.0	0.0	0.0	0.0	3.2882001399993896	0.0	0.0	0.0	0.0	2.8041815757751465
4.484132766723633	0.0	0.0	0.0	5.496432304382324	0.0	5.9280571937561035	0.0	0.0	0.0	0.0	0.0	0.0	0.0	0.0	0.0	3.574723720550537	2.3961398601531982	0.0	0.0	0.0	1.9534136056900024	0.0	0.0	2.653794527053833	3.8780853748321533	0.0	0.0	0.0	0.0	2.81606388092041	2.246816396713257	0.0	2.3722009658813477	3.141991138458252	4.979870319366455	0.0	6.994027137756348	2.8340904712677	2.19488525390625	3.8237338066101074	4.072741508483887	0.0	0.0	0.0	0.0	0.0	2.696622848510742	0.0	4.176449775695801	0.0	0.0	0.0	5.331629753112793	0.0	3.2355268001556396	0.0	4.717177867889404	3.8863840103149414	0.0	0.0	0.0	2.8793787956237793	0.0	0.0	0.0	0.0	0.0	0.0	0.0	3.1055805683135986	0.0	0.0	0.0	0.0	0.0	0.0	0.0	0.0	0.0	0.0	0.0	4.816911220550537	0.0	0.0	0.0	0.0	0.0	0.0	0.0	4.777419090270996	3.9823720455169678	3.5438232421875	0.0	0.0	0.0	0.0	4.088313102722168	0.0	0.0	0.0	0.0	0.0	0.0	0.0	2.206512451171875	3.630610466003418	0.0	5.7714667320251465	3.9731199741363525	3.2594645023345947	0.0	0.0	3.756547689437866	0.0	0.0	0.0	0.0	0.0	0.0	0.0	0.0	3.281623363494873	0.0	0.0	0.0	0.0	2.7986607551574707
4.4959259033203125	0.0	0.0	0.0	5.510340690612793	0.0	5.943710803985596	0.0	0.0	0.0	0.0	0.0	0.0	0.0	0.0	0.0	3.5848968029022217	2.4014365673065186	0.0	0.0	0.0	1.9573719501495361	0.0	0.0	2.661430597305298	3.888880491256714	0.0	0.0	0.0	0.0	2.822261333465576	2.2539539337158203	0.0	2.376763105392456	3.1508536338806152	4.992494106292725	0.0	7.013165473937988	2.8407554626464844	2.2004408836364746	3.835977077484131	4.084709167480469	0.0	0.0	0.0	0.0	0.0	2.7044124603271484	0.0	4.1869096755981445	0.0	0.0	0.0	5.345156192779541	0.0	3.2431304454803467	0.0	4.729656219482422	3.897570848464966	0.0	0.0	0.0	2.886446952819824	0.0	0.0	0.0	0.0	0.0	0.0	0.0	3.1133475303649902	0.0	0.0	0.0	0.0	0.0	0.0	0.0	0.0	0.0	0.0	0.0	4.82979154586792	0.0	0.0	0.0	0.0	0.0	0.0	0.0	4.790709972381592	3.9930365085601807	3.5536627769470215	0.0	0.0	0.0	0.0	4.100157737731934	0.0	0.0	0.0	0.0	0.0	0.0	0.0	2.2133562564849854	3.641787528991699	0.0	5.786802291870117	3.985645055770874	3.2678442001342773	0.0	0.0	3.7671852111816406	0.0	0.0	0.0	0.0	0.0	0.0	0.0	0.0	3.2906627655029297	0.0	0.0	0.0	0.0	2.8068065643310547
4.499466896057129	0.0	0.0	0.0	5.514040470123291	0.0	5.946987628936768	0.0	0.0	0.0	0.0	0.0	0.0	0.0	0.0	0.0	3.587639570236206	2.401925563812256	0.0	0.0	0.0	1.9582520723342896	0.0	0.0	2.662722587585449	3.8902435302734375	0.0	0.0	0.0	0.0	2.823263645172119	2.2545859813690186	0.0	2.379460096359253	3.152212381362915	4.996094703674316	0.0	7.017999649047852	2.8427560329437256	2.202493906021118	3.837902307510376	4.086267471313477	0.0	0.0	0.0	0.0	0.0	2.705181360244751	0.0	4.188657760620117	0.0	0.0	0.0	5.347841739654541	0.0	3.2451014518737793	0.0	4.731844425201416	3.8999433517456055	0.0	0.0	0.0	2.8874990940093994	0.0	0.0	0.0	0.0	0.0	0.0	0.0	3.115968942642212	0.0	0.0	0.0	0.0	0.0	0.0	0.0	0.0	0.0	0.0	0.0	4.832846641540527	0.0	0.0	0.0	0.0	0.0	0.0	0.0	4.79366397857666	3.9952738285064697	3.55564022064209	0.0	0.0	0.0	0.0	4.101228713989258	0.0	0.0	0.0	0.0	0.0	0.0	0.0	2.2145984172821045	3.644918441772461	0.0	5.7902021408081055	3.987621784210205	3.2696003913879395	0.0	0.0	3.7694015502929688	0.0	0.0	0.0	0.0	0.0	0.0	0.0	0.0	3.2925803661346436	0.0	0.0	0.0	0.0	2.8080320358276367
4.493433952331543	0.0	0.0	0.0	5.506317138671875	0.0	5.940162181854248	0.0	0.0	0.0	0.0	0.0	0.0	0.0	0.0	0.0	3.581920862197876	2.3998303413391113	0.0	0.0	0.0	1.9549927711486816	0.0	0.0	2.659045934677124	3.8841030597686768	0.0	0.0	0.0	0.0	2.8189809322357178	2.251654624938965	0.0	2.3766870498657227	3.1484856605529785	4.987926006317139	0.0	7.008571624755859	2.838359832763672	2.198289394378662	3.8314778804779053	4.08215856552124	0.0	0.0	0.0	0.0	0.0	2.7009706497192383	0.0	4.182453155517578	0.0	0.0	0.0	5.340250015258789	0.0	3.2406792640686035	0.0	4.725354194641113	3.8939120769500732	0.0	0.0	0.0	2.8851444721221924	0.0	0.0	0.0	0.0	0.0	0.0	0.0	3.1108245849609375	0.0	0.0	0.0	0.0	0.0	0.0	0.0	0.0	0.0	0.0	0.0	4.825616359710693	0.0	0.0	0.0	0.0	0.0	0.0	0.0	4.787301540374756	3.988170862197876	3.5501761436462402	0.0	0.0	0.0	0.0	4.096118927001953	0.0	0.0	0.0	0.0	0.0	0.0	0.0	2.211668014526367	3.6384243965148926	0.0	5.781110763549805	3.9821338653564453	3.266187906265259	0.0	0.0	3.764683485031128	0.0	0.0	0.0	0.0	0.0	0.0	0.0	0.0	3.287768602371216	0.0	0.0	0.0	0.0	2.804504156112671
4.470971584320068	0.0	0.0	0.0	5.477403163909912	0.0	5.908138275146484	0.0	0.0	0.0	0.0	0.0	0.0	0.0	0.0	0.0	3.56233549118042	2.386854887008667	0.0	0.0	0.0	1.9484668970108032	0.0	0.0	2.6450817584991455	3.8651139736175537	0.0	0.0	0.0	0.0	2.8057444095611572	2.2399113178253174	0.0	2.360377550125122	3.131159543991089	4.962532997131348	0.0	6.969259262084961	2.823471784591675	2.188258647918701	3.812753915786743	4.056585788726807	0.0	0.0	0.0	0.0	0.0	2.6884725093841553	0.0	4.162613391876221	0.0	0.0	0.0	5.313668251037598	0.0	3.2225685119628906	0.0	4.700778484344482	3.872361898422241	0.0	0.0	0.0	2.8682916164398193	0.0	0.0	0.0	0.0	0.0	0.0	0.0	3.093912124633789	0.0	0.0	0.0	0.0	0.0	0.0	0.0	0.0	0.0	0.0	0.0	4.800981044769287	0.0	0.0	0.0	0.0	0.0	0.0	0.0	4.762778282165527	3.969662666320801	3.5323197841644287	0.0	0.0	0.0	0.0	4.074509143829346	0.0	0.0	0.0	0.0	0.0	0.0	0.0	2.1997852325439453	3.618579864501953	0.0	5.752396106719971	3.959709882736206	3.248034715652466	0.0	0.0	3.7439827919006348	0.0	0.0	0.0	0.0	0.0	0.0	0.0	0.0	3.2732529640197754	0.0	0.0	0.0	0.0	2.78912615776062
4.491268157958984	0.0	0.0	0.0	5.506373405456543	0.0	5.939894676208496	0.0	0.0	0.0	0.0	0.0	0.0	0.0	0.0	0.0	3.581134080886841	2.399088144302368	0.0	0.0	0.0	1.9549795389175415	0.0	0.0	2.657874345779419	3.884521961212158	0.0	0.0	0.0	0.0	2.8180923461914062	2.2517361640930176	0.0	2.375739336013794	3.147444248199463	4.987949848175049	0.0	7.007174015045166	2.8375110626220703	2.1989524364471436	3.8321664333343506	4.080787181854248	0.0	0.0	0.0	0.0	0.0	2.7010321617126465	0.0	4.181625843048096	0.0	0.0	0.0	5.341063976287842	0.0	3.2421810626983643	0.0	4.724649906158447	3.8944499492645264	0.0	0.0	0.0	2.884423017501831	0.0	0.0	0.0	0.0	0.0	0.0	0.0	3.1110684871673584	0.0	0.0	0.0	0.0	0.0	0.0	0.0	0.0	0.0	0.0	0.0	4.825311183929443	0.0	0.0	0.0	0.0	0.0	0.0	0.0	4.786167621612549	3.9880778789520264	3.550128698348999	0.0	0.0	0.0	0.0	4.095723628997803	0.0	0.0	0.0	0.0	0.0	0.0	0.0	2.21099853515625	3.638075828552246	0.0	5.780713081359863	3.9812419414520264	3.2657668590545654	0.0	0.0	3.762892961502075	0.0	0.0	0.0	0.0	0.0	0.0	0.0	0.0	3.286878824234009	0.0	0.0	0.0	0.0	2.803701639175415
4.475389003753662	0.0	0.0	0.0	5.484417915344238	0.0	5.9171142578125	0.0	0.0	0.0	0.0	0.0	0.0	0.0	0.0	0.0	3.5666308403015137	2.390350341796875	0.0	0.0	0.0	1.9495941400527954	0.0	0.0	2.6469027996063232	3.8705084323883057	0.0	0.0	0.0	0.0	2.808678150177002	2.241844892501831	0.0	2.3668572902679443	3.134434938430786	4.967610836029053	0.0	6.978928565979004	2.8279876708984375	2.189969778060913	3.8149569034576416	4.062932968139648	0.0	0.0	0.0	0.0	0.0	2.6919867992401123	0.0	4.1681647300720215	0.0	0.0	0.0	5.318300724029541	0.0	3.2285914421081543	0.0	4.70633602142334	3.8775131702423096	0.0	0.0	0.0	2.8737986087799072	0.0	0.0	0.0	0.0	0.0	0.0	0.0	3.0980892181396484	0.0	0.0	0.0	0.0	0.0	0.0	0.0	0.0	0.0	0.0	0.0	4.8067708015441895	0.0	0.0	0.0	0.0	0.0	0.0	0.0	4.768207550048828	3.9743669033050537	3.534912347793579	0.0	0.0	0.0	0.0	4.080543041229248	0.0	0.0	0.0	0.0	0.0	0.0	0.0	2.200841188430786	3.6222665309906006	0.0	5.758290767669678	3.9643287658691406	3.251495122909546	0.0	0.0	3.7490835189819336	0.0	0.0	0.0	0.0	0.0	0.0	0.0	0.0	3.2748055458068848	0.0	0.0	0.0	0.0	2.7922115325927734
4.497267246246338	0.0	0.0	0.0	5.509687423706055	0.0	5.943346977233887	0.0	0.0	0.0	0.0	0.0	0.0	0.0	0.0	0.0	3.5851845741271973	2.401211738586426	0.0	0.0	0.0	1.9570753574371338	0.0	0.0	2.661257743835449	3.888261556625366	0.0	0.0	0.0	0.0	2.8216967582702637	2.253997564315796	0.0	2.3767447471618652	3.1513466835021973	4.992437839508057	0.0	7.012825965881348	2.840604305267334	2.2002344131469727	3.836332082748413	4.084884166717529	0.0	0.0	0.0	0.0	0.0	2.7041311264038086	0.0	4.185995101928711	0.0	0.0	0.0	5.345090389251709	0.0	3.2435357570648193	0.0	4.729307651519775	3.897780418395996	0.0	0.0	0.0	2.885524034500122	0.0	0.0	0.0	0.0	0.0	0.0	0.0	3.1144275665283203	0.0	0.0	0.0	0.0	0.0	0.0	0.0	0.0	0.0	0.0	0.0	4.829222679138184	0.0	0.0	0.0	0.0	0.0	0.0	0.0	4.790492534637451	3.993098258972168	3.553277015686035	0.0	0.0	0.0	0.0	4.098395347595215	0.0	0.0	0.0	0.0	0.0	0.0	0.0	2.2131187915802	3.6417646408081055	0.0	5.7870259284973145	3.9854001998901367	3.2686808109283447	0.0	0.0	3.7677080631256104	0.0	0.0	0.0	0.0	0.0	0.0	0.0	0.0	3.2913739681243896	0.0	0.0	0.0	0.0	2.8065359592437744
4.4861650466918945	0.0	0.0	0.0	5.499751091003418	0.0	5.932775020599365	0.0	0.0	0.0	0.0	0.0	0.0	0.0	0.0	0.0	3.5779316425323486	2.395169258117676	0.0	0.0	0.0	1.9526947736740112	0.0	0.0	2.6565628051757812	3.8807880878448486	0.0	0.0	0.0	0.0	2.8156375885009766	2.249000310897827	0.0	2.37109375	3.143495559692383	4.98198127746582	0.0	6.999099254608154	2.8341691493988037	2.194399356842041	3.825932502746582	4.0761003494262695	0.0	0.0	0.0	0.0	0.0	2.6956984996795654	0.0	4.176005840301514	0.0	0.0	0.0	5.333817958831787	0.0	3.2377243041992188	0.0	4.717967987060547	3.8895955085754395	0.0	0.0	0.0	2.8795700073242188	0.0	0.0	0.0	0.0	0.0	0.0	0.0	3.1065549850463867	0.0	0.0	0.0	0.0	0.0	0.0	0.0	0.0	0.0	0.0	0.0	4.819728851318359	0.0	0.0	0.0	0.0	0.0	0.0	0.0	4.779831886291504	3.9826500415802	3.5456368923187256	0.0	0.0	0.0	0.0	4.091161727905273	0.0	0.0	0.0	0.0	0.0	0.0	0.0	2.208503246307373	3.634075880050659	0.0	5.774216651916504	3.9763026237487793	3.261235475540161	0.0	0.0	3.7593164443969727	0.0	0.0	0.0	0.0	0.0	0.0	0.0	0.0	3.2834296226501465	0.0	0.0	0.0	0.0	2.8002564907073975
4.497608661651611	0.0	0.0	0.0	5.511671543121338	0.0	5.945155620574951	0.0	0.0	0.0	0.0	0.0	0.0	0.0	0.0	0.0	3.5865042209625244	2.4020111560821533	0.0	0.0	0.0	1.957087516784668	0.0	0.0	2.66139554977417	3.8893320560455322	0.0	0.0	0.0	0.0	2.8227741718292236	2.253955125808716	0.0	2.377613067626953	3.1515135765075684	4.9939188957214355	0.0	7.014928817749023	2.8411169052124023	2.201882839202881	3.8369345664978027	4.0859198570251465	0.0	0.0	0.0	0.0	0.0	2.7044365406036377	0.0	4.18747615814209	0.0	0.0	0.0	5.346259117126465	0.0	3.2442080974578857	0.0	4.730086803436279	3.8985259532928467	0.0	0.0	0.0	2.8860769271850586	0.0	0.0	0.0	0.0	0.0	0.0	0.0	3.114759683609009	0.0	0.0	0.0	0.0	0.0	0.0	0.0	0.0	0.0	0.0	0.0	4.830364227294922	0.0	0.0	0.0	0.0	0.0	0.0	0.0	4.792414665222168	3.9938313961029053	3.5549051761627197	0.0	0.0	0.0	0.0	4.10052490234375	0.0	0.0	0.0	0.0	0.0	0.0	0.0	2.21431827545166	3.642136335372925	0.0	5.788331031799316	3.986085891723633	3.2696943283081055	0.0	0.0	3.767909288406372	0.0	0.0	0.0	0.0	0.0	0.0	0.0	0.0	3.2914845943450928	0.0	0.0	0.0	0.0	2.8070547580718994
4.495998859405518	0.0	0.0	0.0	5.509671211242676	0.0	5.943717002868652	0.0	0.0	0.0	0.0	0.0	0.0	0.0	0.0	0.0	3.5848701000213623	2.400601625442505	0.0	0.0	0.0	1.9566340446472168	0.0	0.0	2.6615617275238037	3.888288736343384	0.0	0.0	0.0	0.0	2.821995496749878	2.2532191276550293	0.0	2.3777592182159424	3.1500959396362305	4.992975234985352	0.0	7.013193607330322	2.841203212738037	2.200852870941162	3.835170269012451	4.083700180053711	0.0	0.0	0.0	0.0	0.0	2.704113721847534	0.0	4.186219692230225	0.0	0.0	0.0	5.345163345336914	0.0	3.2430920600891113	0.0	4.7284698486328125	3.8974239826202393	0.0	0.0	0.0	2.8863632678985596	0.0	0.0	0.0	0.0	0.0	0.0	0.0	3.1132781505584717	0.0	0.0	0.0	0.0	0.0	0.0	0.0	0.0	0.0	0.0	0.0	4.830289840698242	0.0	0.0	0.0	0.0	0.0	0.0	0.0	4.790437698364258	3.9929518699645996	3.552903652191162	0.0	0.0	0.0	0.0	4.0999298095703125	0.0	0.0	0.0	0.0	0.0	0.0	0.0	2.2139182090759277	3.6428709030151367	0.0	5.786634922027588	3.985055923461914	3.267646312713623	0.0	0.0	3.7670676708221436	0.0	0.0	0.0	0.0	0.0	0.0	0.0	0.0	3.290435314178467	0.0	0.0	0.0	0.0	2.805933713912964
4.49606466293335	0.0	0.0	0.0	5.5107927322387695	0.0	5.9443206787109375	0.0	0.0	0.0	0.0	0.0	0.0	0.0	0.0	0.0	3.585571050643921	2.401258945465088	0.0	0.0	0.0	1.95713210105896	0.0	0.0	2.6610498428344727	3.888392448425293	0.0	0.0	0.0	0.0	2.8219661712646484	2.2542450428009033	0.0	2.378845691680908	3.150238513946533	4.993027687072754	0.0	7.014170169830322	2.8413310050964355	2.201784372329712	3.835829019546509	4.084905624389648	0.0	0.0	0.0	0.0	0.0	2.7044687271118164	0.0	4.186325550079346	0.0	0.0	0.0	5.3449883460998535	0.0	3.243149518966675	0.0	4.729440212249756	3.897667646408081	0.0	0.0	0.0	2.8866472244262695	0.0	0.0	0.0	0.0	0.0	0.0	0.0	3.1141486167907715	0.0	0.0	0.0	0.0	0.0	0.0	0.0	0.0	0.0	0.0	0.0	4.829990386962891	0.0	0.0	0.0	0.0	0.0	0.0	0.0	4.790634632110596	3.9930388927459717	3.553985357284546	0.0	0.0	0.0	0.0	4.0998921394348145	0.0	0.0	0.0	0.0	0.0	0.0	0.0	2.2133076190948486	3.641939163208008	0.0	5.786807060241699	3.9858524799346924	3.2685227394104004	0.0	0.0	3.76778244972229	0.0	0.0	0.0	0.0	0.0	0.0	0.0	0.0	3.291165590286255	0.0	0.0	0.0	0.0	2.806727409362793
4.495369911193848	0.0	0.0	0.0	5.509982585906982	0.0	5.9438862800598145	0.0	0.0	0.0	0.0	0.0	0.0	0.0	0.0	0.0	3.5845208168029785	2.4014837741851807	0.0	0.0	0.0	1.9571596384048462	0.0	0.0	2.660659074783325	3.8888652324676514	0.0	0.0	0.0	0.0	2.821871757507324	2.2540054321289062	0.0	2.3780386447906494	3.150623321533203	4.991951942443848	0.0	7.012677192687988	2.8411428928375244	2.2012157440185547	3.8346564769744873	4.084097385406494	0.0	0.0	0.0	0.0	0.0	2.7028870582580566	0.0	4.1855854988098145	0.0	0.0	0.0	5.3450093269348145	0.0	3.2424721717834473	0.0	4.728512763977051	3.8963794708251953	0.0	0.0	0.0	2.8870770931243896	0.0	0.0	0.0	0.0	0.0	0.0	0.0	3.1131181716918945	0.0	0.0	0.0	0.0	0.0	0.0	0.0	0.0	0.0	0.0	0.0	4.829545974731445	0.0	0.0	0.0	0.0	0.0	0.0	0.0	4.790717601776123	3.9925832748413086	3.553569793701172	0.0	0.0	0.0	0.0	4.099736213684082	0.0	0.0	0.0	0.0	0.0	0.0	0.0	2.213348865509033	3.6411468982696533	0.0	5.786489486694336	3.9846763610839844	3.268911838531494	0.0	0.0	3.767744779586792	0.0	0.0	0.0	0.0	0.0	0.0	0.0	0.0	3.2904295921325684	0.0	0.0	0.0	0.0	2.8062031269073486
4.494267463684082	0.0	0.0	0.0	5.5080671310424805	0.0	5.941795349121094	0.0	0.0	0.0	0.0	0.0	0.0	0.0	0.0	0.0	3.584185838699341	2.4002833366394043	0.0	0.0	0.0	1.9558297395706177	0.0	0.0	2.6610028743743896	3.8861374855041504	0.0	0.0	0.0	0.0	2.8213422298431396	2.2522192001342773	0.0	2.376767635345459	3.1491594314575195	4.990482807159424	0.0	7.0106120109558105	2.839761972427368	2.2002665996551514	3.834242105484009	4.0833821296691895	0.0	0.0	0.0	0.0	0.0	2.7036139965057373	0.0	4.186147689819336	0.0	0.0	0.0	5.343521595001221	0.0	3.2420711517333984	0.0	4.727724075317383	3.8965888023376465	0.0	0.0	0.0	2.885619878768921	0.0	0.0	0.0	0.0	0.0	0.0	0.0	3.112135887145996	0.0	0.0	0.0	0.0	0.0	0.0	0.0	0.0	0.0	0.0	0.0	4.827340126037598	0.0	0.0	0.0	0.0	0.0	0.0	0.0	4.7892560958862305	3.99198579788208	3.5521528720855713	0.0	0.0	0.0	0.0	4.09760046005249	0.0	0.0	0.0	0.0	0.0	0.0	0.0	2.212873935699463	3.6413674354553223	0.0	5.784605503082275	3.9838805198669434	3.266674280166626	0.0	0.0	3.766819953918457	0.0	0.0	0.0	0.0	0.0	0.0	0.0	0.0	3.289602756500244	0.0	0.0	0.0	0.0	2.80574631690979
4.490171432495117	0.0	0.0	0.0	5.503190517425537	0.0	5.935595989227295	0.0	0.0	0.0	0.0	0.0	0.0	0.0	0.0	0.0	3.5797901153564453	2.39825701713562	0.0	0.0	0.0	1.9540212154388428	0.0	0.0	2.6580255031585693	3.8821463584899902	0.0	0.0	0.0	0.0	2.8176109790802	2.2513351440429688	0.0	2.3736820220947266	3.1459290981292725	4.985724449157715	0.0	7.003602981567383	2.8378548622131348	2.1979317665100098	3.829857587814331	4.078683853149414	0.0	0.0	0.0	0.0	0.0	2.6995127201080322	0.0	4.179983139038086	0.0	0.0	0.0	5.337876796722412	0.0	3.23974871635437	0.0	4.722187042236328	3.890936851501465	0.0	0.0	0.0	2.8819637298583984	0.0	0.0	0.0	0.0	0.0	0.0	0.0	3.108461856842041	0.0	0.0	0.0	0.0	0.0	0.0	0.0	0.0	0.0	0.0	0.0	4.822641849517822	0.0	0.0	0.0	0.0	0.0	0.0	0.0	4.784158706665039	3.986647605895996	3.548215389251709	0.0	0.0	0.0	0.0	4.095076084136963	0.0	0.0	0.0	0.0	0.0	0.0	0.0	2.2104599475860596	3.6365699768066406	0.0	5.778598785400391	3.979673147201538	3.2641518115997314	0.0	0.0	3.762850761413574	0.0	0.0	0.0	0.0	0.0	0.0	0.0	0.0	3.2848026752471924	0.0	0.0	0.0	0.0	2.8022236824035645
4.48922061920166	0.0	0.0	0.0	5.502758026123047	0.0	5.935648441314697	0.0	0.0	0.0	0.0	0.0	0.0	0.0	0.0	0.0	3.579209566116333	2.3983659744262695	0.0	0.0	0.0	1.954745888710022	0.0	0.0	2.6568567752838135	3.883180856704712	0.0	0.0	0.0	0.0	2.8160674571990967	2.250486373901367	0.0	2.37473464012146	3.147191047668457	4.983895778656006	0.0	7.00222110748291	2.836287498474121	2.198089122772217	3.829845905303955	4.0792365074157715	0.0	0.0	0.0	0.0	0.0	2.7000372409820557	0.0	4.180299282073975	0.0	0.0	0.0	5.336892604827881	0.0	3.2391252517700195	0.0	4.723344326019287	3.8923873901367188	0.0	0.0	0.0	2.8832929134368896	0.0	0.0	0.0	0.0	0.0	0.0	0.0	3.1090145111083984	0.0	0.0	0.0	0.0	0.0	0.0	0.0	0.0	0.0	0.0	0.0	4.822526931762695	0.0	0.0	0.0	0.0	0.0	0.0	0.0	4.784245491027832	3.9861578941345215	3.5482444763183594	0.0	0.0	0.0	0.0	4.094363689422607	0.0	0.0	0.0	0.0	0.0	0.0	0.0	2.21045184135437	3.636096715927124	0.0	5.778902053833008	3.9788472652435303	3.2640812397003174	0.0	0.0	3.7619450092315674	0.0	0.0	0.0	0.0	0.0	0.0	0.0	0.0	3.286025047302246	0.0	0.0	0.0	0.0	2.802243232727051
4.491440773010254	0.0	0.0	0.0	5.5037665367126465	0.0	5.936241626739502	0.0	0.0	0.0	0.0	0.0	0.0	0.0	0.0	0.0	3.5808629989624023	2.3971216678619385	0.0	0.0	0.0	1.953293800354004	0.0	0.0	2.658097267150879	3.8839845657348633	0.0	0.0	0.0	0.0	2.817739486694336	2.2505433559417725	0.0	2.3750298023223877	3.1471786499023438	4.986248970031738	0.0	7.005760192871094	2.837225914001465	2.1970553398132324	3.8325693607330322	4.080057621002197	0.0	0.0	0.0	0.0	0.0	2.7004876136779785	0.0	4.180111885070801	0.0	0.0	0.0	5.338502407073975	0.0	3.2397329807281494	0.0	4.7232747077941895	3.893540620803833	0.0	0.0	0.0	2.882896661758423	0.0	0.0	0.0	0.0	0.0	0.0	0.0	3.1097865104675293	0.0	0.0	0.0	0.0	0.0	0.0	0.0	0.0	0.0	0.0	0.0	4.824498653411865	0.0	0.0	0.0	0.0	0.0	0.0	0.0	4.784525394439697	3.988337278366089	3.5494484901428223	0.0	0.0	0.0	0.0	4.095771789550781	0.0	0.0	0.0	0.0	0.0	0.0	0.0	2.2114927768707275	3.6368165016174316	0.0	5.780330181121826	3.9808762073516846	3.264726400375366	0.0	0.0	3.7632739543914795	0.0	0.0	0.0	0.0	0.0	0.0	0.0	0.0	3.2875547409057617	0.0	0.0	0.0	0.0	2.80368709564209
4.4970927238464355	0.0	0.0	0.0	5.510282039642334	0.0	5.943430423736572	0.0	0.0	0.0	0.0	0.0	0.0	0.0	0.0	0.0	3.5846831798553467	2.4016661643981934	0.0	0.0	0.0	1.957584023475647	0.0	0.0	2.6612749099731445	3.8883609771728516	0.0	0.0	0.0	0.0	2.8218119144439697	2.2536725997924805	0.0	2.3770484924316406	3.1501502990722656	4.992514610290527	0.0	7.013133525848389	2.8403396606445312	2.2003674507141113	3.835951328277588	4.083990573883057	0.0	0.0	0.0	0.0	0.0	2.7035558223724365	0.0	4.185486793518066	0.0	0.0	0.0	5.344926357269287	0.0	3.2430546283721924	0.0	4.728298664093018	3.897569179534912	0.0	0.0	0.0	2.8868634700775146	0.0	0.0	0.0	0.0	0.0	0.0	0.0	3.113894462585449	0.0	0.0	0.0	0.0	0.0	0.0	0.0	0.0	0.0	0.0	0.0	4.830242156982422	0.0	0.0	0.0	0.0	0.0	0.0	0.0	4.790780544281006	3.9924864768981934	3.552767276763916	0.0	0.0	0.0	0.0	4.1008524894714355	0.0	0.0	0.0	0.0	0.0	0.0	0.0	2.2136173248291016	3.6418919563293457	0.0	5.786881446838379	3.9847817420959473	3.2677032947540283	0.0	0.0	3.7678043842315674	0.0	0.0	0.0	0.0	0.0	0.0	0.0	0.0	3.290799379348755	0.0	0.0	0.0	0.0	2.8059253692626953
4.494244575500488	0.0	0.0	0.0	5.50932502746582	0.0	5.941638946533203	0.0	0.0	0.0	0.0	0.0	0.0	0.0	0.0	0.0	3.5840518474578857	2.400799512863159	0.0	0.0	0.0	1.9567581415176392	0.0	0.0	2.66072678565979	3.887389659881592	0.0	0.0	0.0	0.0	2.8209116458892822	2.2531940937042236	0.0	2.37772798538208	3.1507697105407715	4.991748809814453	0.0	7.011554718017578	2.840364694595337	2.1997783184051514	3.8344151973724365	4.083250522613525	0.0	0.0	0.0	0.0	0.0	2.7036173343658447	0.0	4.185318946838379	0.0	0.0	0.0	5.343480110168457	0.0	3.242565631866455	0.0	4.727513790130615	3.8966119289398193	0.0	0.0	0.0	2.885561466217041	0.0	0.0	0.0	0.0	0.0	0.0	0.0	3.113502264022827	0.0	0.0	0.0	0.0	0.0	0.0	0.0	0.0	0.0	0.0	0.0	4.828057289123535	0.0	0.0	0.0	0.0	0.0	0.0	0.0	4.789435863494873	3.9915080070495605	3.5528550148010254	0.0	0.0	0.0	0.0	4.097837448120117	0.0	0.0	0.0	0.0	0.0	0.0	0.0	2.213494062423706	3.6402056217193604	0.0	5.7846856117248535	3.9836738109588623	3.267500162124634	0.0	0.0	3.7664361000061035	0.0	0.0	0.0	0.0	0.0	0.0	0.0	0.0	3.2906250953674316	0.0	0.0	0.0	0.0	2.8060526847839355
4.497060775756836	0.0	0.0	0.0	5.511379718780518	0.0	5.944994926452637	0.0	0.0	0.0	0.0	0.0	0.0	0.0	0.0	0.0	3.585731267929077	2.4013144969940186	0.0	0.0	0.0	1.9572490453720093	0.0	0.0	2.6618549823760986	3.889317512512207	0.0	0.0	0.0	0.0	2.8231303691864014	2.253988742828369	0.0	2.3788034915924072	3.1511409282684326	4.994885444641113	0.0	7.015514850616455	2.841792583465576	2.200526237487793	3.8368570804595947	4.084978103637695	0.0	0.0	0.0	0.0	0.0	2.7045576572418213	0.0	4.1860551834106445	0.0	0.0	0.0	5.346103668212891	0.0	3.2444076538085938	0.0	4.730165958404541	3.899009943008423	0.0	0.0	0.0	2.8869409561157227	0.0	0.0	0.0	0.0	0.0	0.0	0.0	3.1137285232543945	0.0	0.0	0.0	0.0	0.0	0.0	0.0	0.0	0.0	0.0	0.0	4.830610752105713	0.0	0.0	0.0	0.0	0.0	0.0	0.0	4.7908501625061035	3.993350028991699	3.554485559463501	0.0	0.0	0.0	0.0	4.100994110107422	0.0	0.0	0.0	0.0	0.0	0.0	0.0	2.2134389877319336	3.6425564289093018	0.0	5.788023948669434	3.9860401153564453	3.2694897651672363	0.0	0.0	3.768357992172241	0.0	0.0	0.0	0.0	0.0	0.0	0.0	0.0	3.2913269996643066	0.0	0.0	0.0	0.0	2.8067219257354736
4.496223449707031	0.0	0.0	0.0	5.509663105010986	0.0	5.942299842834473	0.0	0.0	0.0	0.0	0.0	0.0	0.0	0.0	0.0	3.5854899883270264	2.4006640911102295	0.0	0.0	0.0	1.9565672874450684	0.0	0.0	2.661224842071533	3.888176679611206	0.0	0.0	0.0	0.0	2.822096347808838	2.252760648727417	0.0	2.3769514560699463	3.1507294178009033	4.991806507110596	0.0	7.011561393737793	2.8410463333129883	2.2019598484039307	3.8344876766204834	4.084319591522217	0.0	0.0	0.0	0.0	0.0	2.704663038253784	0.0	4.186811923980713	0.0	0.0	0.0	5.344853401184082	0.0	3.24251127243042	0.0	4.72745418548584	3.896266460418701	0.0	0.0	0.0	2.8863229751586914	0.0	0.0	0.0	0.0	0.0	0.0	0.0	3.113969087600708	0.0	0.0	0.0	0.0	0.0	0.0	0.0	0.0	0.0	0.0	0.0	4.828230381011963	0.0	0.0	0.0	0.0	0.0	0.0	0.0	4.790139198303223	3.9932875633239746	3.553100109100342	0.0	0.0	0.0	0.0	4.098221778869629	0.0	0.0	0.0	0.0	0.0	0.0	0.0	2.2133405208587646	3.641040086746216	0.0	5.786458492279053	3.983060359954834	3.2670629024505615	0.0	0.0	3.7667670249938965	0.0	0.0	0.0	0.0	0.0	0.0	0.0	0.0	3.2899816036224365	0.0	0.0	0.0	0.0	2.8061280250549316
4.486299514770508	0.0	0.0	0.0	5.498821258544922	0.0	5.932733058929443	0.0	0.0	0.0	0.0	0.0	0.0	0.0	0.0	0.0	3.576997995376587	2.3963639736175537	0.0	0.0	0.0	1.95367431640625	0.0	0.0	2.655541181564331	3.881138324737549	0.0	0.0	0.0	0.0	2.8168559074401855	2.247936248779297	0.0	2.3733932971954346	3.142967939376831	4.98201322555542	0.0	6.998135566711426	2.8345394134521484	2.195960521697998	3.8264658451080322	4.075593948364258	0.0	0.0	0.0	0.0	0.0	2.698211908340454	0.0	4.177777290344238	0.0	0.0	0.0	5.333888530731201	0.0	3.238222122192383	0.0	4.719595432281494	3.8878538608551025	0.0	0.0	0.0	2.880445718765259	0.0	0.0	0.0	0.0	0.0	0.0	0.0	3.105637788772583	0.0	0.0	0.0	0.0	0.0	0.0	0.0	0.0	0.0	0.0	0.0	4.819786548614502	0.0	0.0	0.0	0.0	0.0	0.0	0.0	4.781468391418457	3.984930992126465	3.544912099838257	0.0	0.0	0.0	0.0	4.090793609619141	0.0	0.0	0.0	0.0	0.0	0.0	0.0	2.2083957195281982	3.6324307918548584	0.0	5.7738518714904785	3.9749951362609863	3.261369228363037	0.0	0.0	3.7583673000335693	0.0	0.0	0.0	0.0	0.0	0.0	0.0	0.0	3.2841765880584717	0.0	0.0	0.0	0.0	2.8000028133392334
4.497400283813477	0.0	0.0	0.0	5.511914253234863	0.0	5.945827007293701	0.0	0.0	0.0	0.0	0.0	0.0	0.0	0.0	0.0	3.586336612701416	2.4012250900268555	0.0	0.0	0.0	1.9568312168121338	0.0	0.0	2.661776542663574	3.8890511989593506	0.0	0.0	0.0	0.0	2.8221189975738525	2.254218101501465	0.0	2.3778321743011475	3.1517324447631836	4.9940338134765625	0.0	7.015016555786133	2.841756582260132	2.2017667293548584	3.837559461593628	4.085494518280029	0.0	0.0	0.0	0.0	0.0	2.705155611038208	0.0	4.187275409698486	0.0	0.0	0.0	5.3467512130737305	0.0	3.2439143657684326	0.0	4.730192184448242	3.8984811305999756	0.0	0.0	0.0	2.887521505355835	0.0	0.0	0.0	0.0	0.0	0.0	0.0	3.114776611328125	0.0	0.0	0.0	0.0	0.0	0.0	0.0	0.0	0.0	0.0	0.0	4.8312087059021	0.0	0.0	0.0	0.0	0.0	0.0	0.0	4.792679786682129	3.9940905570983887	3.554446220397949	0.0	0.0	0.0	0.0	4.100716590881348	0.0	0.0	0.0	0.0	0.0	0.0	0.0	2.2137622833251953	3.6431779861450195	0.0	5.788477897644043	3.9855527877807617	3.269636869430542	0.0	0.0	3.7682175636291504	0.0	0.0	0.0	0.0	0.0	0.0	0.0	0.0	3.291832208633423	0.0	0.0	0.0	0.0	2.806856155395508
4.494924068450928	0.0	0.0	0.0	5.508463382720947	0.0	5.942478179931641	0.0	0.0	0.0	0.0	0.0	0.0	0.0	0.0	0.0	3.583815336227417	2.3998405933380127	0.0	0.0	0.0	1.955654501914978	0.0	0.0	2.660093307495117	3.8867697715759277	0.0	0.0	0.0	0.0	2.8207194805145264	2.252744674682617	0.0	2.3771815299987793	3.1494247913360596	4.990878582000732	0.0	7.0105061531066895	2.839874029159546	2.199955463409424	3.83353328704834	4.082727432250977	0.0	0.0	0.0	0.0	0.0	2.703320264816284	0.0	4.184568405151367	0.0	0.0	0.0	5.3432087898254395	0.0	3.2427589893341064	0.0	4.727406024932861	3.895092725753784	0.0	0.0	0.0	2.8849875926971436	0.0	0.0	0.0	0.0	0.0	0.0	0.0	3.1122164726257324	0.0	0.0	0.0	0.0	0.0	0.0	0.0	0.0	0.0	0.0	0.0	4.827682971954346	0.0	0.0	0.0	0.0	0.0	0.0	0.0	4.788863658905029	3.991499185562134	3.5516626834869385	0.0	0.0	0.0	0.0	4.096823692321777	0.0	0.0	0.0	0.0	0.0	0.0	0.0	2.2118053436279297	3.640646457672119	0.0	5.784985542297363	3.9839723110198975	3.267078399658203	0.0	0.0	3.7657978534698486	0.0	0.0	0.0	0.0	0.0	0.0	0.0	0.0	3.28889536857605	0.0	0.0	0.0	0.0	2.804757595062256
4.494349956512451	0.0	0.0	0.0	5.507981777191162	0.0	5.941249370574951	0.0	0.0	0.0	0.0	0.0	0.0	0.0	0.0	0.0	3.5834436416625977	2.399334669113159	0.0	0.0	0.0	1.9568538665771484	0.0	0.0	2.659689426422119	3.8865115642547607	0.0	0.0	0.0	0.0	2.8208441734313965	2.252476930618286	0.0	2.376314878463745	3.1487512588500977	4.989813327789307	0.0	7.010477542877197	2.8391146659851074	2.199528932571411	3.8334569931030273	4.082790851593018	0.0	0.0	0.0	0.0	0.0	2.703834295272827	0.0	4.184055805206299	0.0	0.0	0.0	5.342428684234619	0.0	3.2411301136016846	0.0	4.726050853729248	3.8957672119140625	0.0	0.0	0.0	2.8852999210357666	0.0	0.0	0.0	0.0	0.0	0.0	0.0	3.1119139194488525	0.0	0.0	0.0	0.0	0.0	0.0	0.0	0.0	0.0	0.0	0.0	4.827004432678223	0.0	0.0	0.0	0.0	0.0	0.0	0.0	4.788505554199219	3.9907424449920654	3.5515098571777344	0.0	0.0	0.0	0.0	4.097550868988037	0.0	0.0	0.0	0.0	0.0	0.0	0.0	2.2121434211730957	3.63958477973938	0.0	5.783376216888428	3.982764720916748	3.267662286758423	0.0	0.0	3.7653353214263916	0.0	0.0	0.0	0.0	0.0	0.0	0.0	0.0	3.2883427143096924	0.0	0.0	0.0	0.0	2.804508924484253
4.494609355926514	0.0	0.0	0.0	5.509055137634277	0.0	5.942715644836426	0.0	0.0	0.0	0.0	0.0	0.0	0.0	0.0	0.0	3.583496570587158	2.399632453918457	0.0	0.0	0.0	1.9574403762817383	0.0	0.0	2.661339282989502	3.8875441551208496	0.0	0.0	0.0	0.0	2.821046829223633	2.253450870513916	0.0	2.378044605255127	3.150200605392456	4.991472244262695	0.0	7.012264728546143	2.8400373458862305	2.200214147567749	3.8344063758850098	4.083639621734619	0.0	0.0	0.0	0.0	0.0	2.7038941383361816	0.0	4.18435525894165	0.0	0.0	0.0	5.343513488769531	0.0	3.2428550720214844	0.0	4.728305339813232	3.8961737155914307	0.0	0.0	0.0	2.8856449127197266	0.0	0.0	0.0	0.0	0.0	0.0	0.0	3.1124253273010254	0.0	0.0	0.0	0.0	0.0	0.0	0.0	0.0	0.0	0.0	0.0	4.8281378746032715	0.0	0.0	0.0	0.0	0.0	0.0	0.0	4.789666175842285	3.9925453662872314	3.5533251762390137	0.0	0.0	0.0	0.0	4.099045276641846	0.0	0.0	0.0	0.0	0.0	0.0	0.0	2.2124781608581543	3.640683174133301	0.0	5.785506725311279	3.984182119369507	3.2672808170318604	0.0	0.0	3.766209125518799	0.0	0.0	0.0	0.0	0.0	0.0	0.0	0.0	3.29058837890625	0.0	0.0	0.0	0.0	2.805879592895508
4.495116233825684	0.0	0.0	0.0	5.510336875915527	0.0	5.943714618682861	0.0	0.0	0.0	0.0	0.0	0.0	0.0	0.0	0.0	3.5835273265838623	2.4018993377685547	0.0	0.0	0.0	1.9564568996429443	0.0	0.0	2.6612186431884766	3.888561248779297	0.0	0.0	0.0	0.0	2.821415424346924	2.2530720233917236	0.0	2.3767154216766357	3.1501047611236572	4.992441177368164	0.0	7.012729167938232	2.8411951065063477	2.200223445892334	3.8348307609558105	4.084033966064453	0.0	0.0	0.0	0.0	0.0	2.7032673358917236	0.0	4.184733867645264	0.0	0.0	0.0	5.344782829284668	0.0	3.243428945541382	0.0	4.728302955627441	3.8967812061309814	0.0	0.0	0.0	2.8859448432922363	0.0	0.0	0.0	0.0	0.0	0.0	0.0	3.1131584644317627	0.0	0.0	0.0	0.0	0.0	0.0	0.0	0.0	0.0	0.0	0.0	4.828271865844727	0.0	0.0	0.0	0.0	0.0	0.0	0.0	4.789166450500488	3.9923512935638428	3.552400827407837	0.0	0.0	0.0	0.0	4.098979473114014	0.0	0.0	0.0	0.0	0.0	0.0	0.0	2.213247537612915	3.6403234004974365	0.0	5.78562593460083	3.984621524810791	3.268117904663086	0.0	0.0	3.7669124603271484	0.0	0.0	0.0	0.0	0.0	0.0	0.0	0.0	3.290271759033203	0.0	0.0	0.0	0.0	2.8055131435394287
4.498819828033447	0.0	0.0	0.0	5.511833190917969	0.0	5.942662715911865	0.0	0.0	0.0	0.0	0.0	0.0	0.0	0.0	0.0	3.587066650390625	2.400909423828125	0.0	0.0	0.0	1.9564874172210693	0.0	0.0	2.6623377799987793	3.8882522583007812	0.0	0.0	0.0	0.0	2.823647975921631	2.255255699157715	0.0	2.37642502784729	3.15205979347229	4.993438243865967	0.0	7.012948989868164	2.8414463996887207	2.2037863731384277	3.8370347023010254	4.085197925567627	0.0	0.0	0.0	0.0	0.0	2.705895185470581	0.0	4.188910484313965	0.0	0.0	0.0	5.346373081207275	0.0	3.2430553436279297	0.0	4.7284746170043945	3.897278070449829	0.0	0.0	0.0	2.885558843612671	0.0	0.0	0.0	0.0	0.0	0.0	0.0	3.115093946456909	0.0	0.0	0.0	0.0	0.0	0.0	0.0	0.0	0.0	0.0	0.0	4.830774307250977	0.0	0.0	0.0	0.0	0.0	0.0	0.0	4.7911295890808105	3.995939254760742	3.5545105934143066	0.0	0.0	0.0	0.0	4.099693775177002	0.0	0.0	0.0	0.0	0.0	0.0	0.0	2.214634418487549	3.6438839435577393	0.0	5.7883100509643555	3.9865987300872803	3.267951011657715	0.0	0.0	3.768120527267456	0.0	0.0	0.0	0.0	0.0	0.0	0.0	0.0	3.292052984237671	0.0	0.0	0.0	0.0	2.80730938911438
4.49401330947876	0.0	0.0	0.0	5.508520126342773	0.0	5.941810607910156	0.0	0.0	0.0	0.0	0.0	0.0	0.0	0.0	0.0	3.5839624404907227	2.3993113040924072	0.0	0.0	0.0	1.956078052520752	0.0	0.0	2.659900426864624	3.8871684074401855	0.0	0.0	0.0	0.0	2.8212389945983887	2.2521941661834717	0.0	2.3769097328186035	3.1490535736083984	4.990592956542969	0.0	7.010995388031006	2.8397789001464844	2.2002766132354736	3.834599256515503	4.083675861358643	0.0	0.0	0.0	0.0	0.0	2.702179431915283	0.0	4.184875011444092	0.0	0.0	0.0	5.342729091644287	0.0	3.2429659366607666	0.0	4.727193355560303	3.895226001739502	0.0	0.0	0.0	2.883845567703247	0.0	0.0	0.0	0.0	0.0	0.0	0.0	3.11161470413208	0.0	0.0	0.0	0.0	0.0	0.0	0.0	0.0	0.0	0.0	0.0	4.8280029296875	0.0	0.0	0.0	0.0	0.0	0.0	0.0	4.7881855964660645	3.9914119243621826	3.552062749862671	0.0	0.0	0.0	0.0	4.098464012145996	0.0	0.0	0.0	0.0	0.0	0.0	0.0	2.2122931480407715	3.6403050422668457	0.0	5.784668445587158	3.983915328979492	3.26682186126709	0.0	0.0	3.7653555870056152	0.0	0.0	0.0	0.0	0.0	0.0	0.0	0.0	3.290191173553467	0.0	0.0	0.0	0.0	2.8056390285491943
4.4928154945373535	0.0	0.0	0.0	5.507575035095215	0.0	5.941914081573486	0.0	0.0	0.0	0.0	0.0	0.0	0.0	0.0	0.0	3.582467794418335	2.399899482727051	0.0	0.0	0.0	1.956823706626892	0.0	0.0	2.6605851650238037	3.8867454528808594	0.0	0.0	0.0	0.0	2.8202829360961914	2.251275062561035	0.0	2.3769583702087402	3.1484076976776123	4.989474296569824	0.0	7.009200096130371	2.8401198387145996	2.19917893409729	3.8323445320129395	4.082317352294922	0.0	0.0	0.0	0.0	0.0	2.703120708465576	0.0	4.183596134185791	0.0	0.0	0.0	5.3431220054626465	0.0	3.242178201675415	0.0	4.727013111114502	3.8942720890045166	0.0	0.0	0.0	2.885554075241089	0.0	0.0	0.0	0.0	0.0	0.0	0.0	3.1117136478424072	0.0	0.0	0.0	0.0	0.0	0.0	0.0	0.0	0.0	0.0	0.0	4.826513767242432	0.0	0.0	0.0	0.0	0.0	0.0	0.0	4.788084983825684	3.9913251399993896	3.551015615463257	0.0	0.0	0.0	0.0	4.097254753112793	0.0	0.0	0.0	0.0	0.0	0.0	0.0	2.2116808891296387	3.6380765438079834	0.0	5.782646179199219	3.9813969135284424	3.26599383354187	0.0	0.0	3.765185832977295	0.0	0.0	0.0	0.0	0.0	0.0	0.0	0.0	3.2888128757476807	0.0	0.0	0.0	0.0	2.804217576980591
4.495441436767578	0.0	0.0	0.0	5.509000778198242	0.0	5.943760871887207	0.0	0.0	0.0	0.0	0.0	0.0	0.0	0.0	0.0	3.5849361419677734	2.4014081954956055	0.0	0.0	0.0	1.9563376903533936	0.0	0.0	2.6608943939208984	3.8878893852233887	0.0	0.0	0.0	0.0	2.821863889694214	2.253030300140381	0.0	2.3777339458465576	3.1503560543060303	4.991602420806885	0.0	7.012497901916504	2.8403289318084717	2.1999080181121826	3.835109233856201	4.08356237411499	0.0	0.0	0.0	0.0	0.0	2.704113483428955	0.0	4.184704780578613	0.0	0.0	0.0	5.34438943862915	0.0	3.242955207824707	0.0	4.728421688079834	3.896165132522583	0.0	0.0	0.0	2.886874198913574	0.0	0.0	0.0	0.0	0.0	0.0	0.0	3.1131227016448975	0.0	0.0	0.0	0.0	0.0	0.0	0.0	0.0	0.0	0.0	0.0	4.828762054443359	0.0	0.0	0.0	0.0	0.0	0.0	0.0	4.7903923988342285	3.9920835494995117	3.552772045135498	0.0	0.0	0.0	0.0	4.099363327026367	0.0	0.0	0.0	0.0	0.0	0.0	0.0	2.2130839824676514	3.641064167022705	0.0	5.785500526428223	3.9839365482330322	3.2674691677093506	0.0	0.0	3.7660574913024902	0.0	0.0	0.0	0.0	0.0	0.0	0.0	0.0	3.29049015045166	0.0	0.0	0.0	0.0	2.805663824081421
4.49399471282959	0.0	0.0	0.0	5.5074052810668945	0.0	5.940392017364502	0.0	0.0	0.0	0.0	0.0	0.0	0.0	0.0	0.0	3.5826964378356934	2.4000980854034424	0.0	0.0	0.0	1.955576777458191	0.0	0.0	2.6591711044311523	3.8860018253326416	0.0	0.0	0.0	0.0	2.8208305835723877	2.252056837081909	0.0	2.3760218620300293	3.1492316722869873	4.989926338195801	0.0	7.009675025939941	2.838942050933838	2.1986002922058105	3.8333089351654053	4.082008361816406	0.0	0.0	0.0	0.0	0.0	2.7024099826812744	0.0	4.184220314025879	0.0	0.0	0.0	5.3421831130981445	0.0	3.2422072887420654	0.0	4.726084232330322	3.895228624343872	0.0	0.0	0.0	2.8854565620422363	0.0	0.0	0.0	0.0	0.0	0.0	0.0	3.112022876739502	0.0	0.0	0.0	0.0	0.0	0.0	0.0	0.0	0.0	0.0	0.0	4.8267645835876465	0.0	0.0	0.0	0.0	0.0	0.0	0.0	4.7885918617248535	3.991053581237793	3.551802635192871	0.0	0.0	0.0	0.0	4.097528457641602	0.0	0.0	0.0	0.0	0.0	0.0	0.0	2.211947441101074	3.6401045322418213	0.0	5.783633232116699	3.9829719066619873	3.265639543533325	0.0	0.0	3.766103744506836	0.0	0.0	0.0	0.0	0.0	0.0	0.0	0.0	3.2889490127563477	0.0	0.0	0.0	0.0	2.805678606033325
4.497440814971924	0.0	0.0	0.0	5.511526107788086	0.0	5.944686412811279	0.0	0.0	0.0	0.0	0.0	0.0	0.0	0.0	0.0	3.5856993198394775	2.400634765625	0.0	0.0	0.0	1.9575821161270142	0.0	0.0	2.662282705307007	3.88881516456604	0.0	0.0	0.0	0.0	2.8224806785583496	2.2540884017944336	0.0	2.377772092819214	3.1508727073669434	4.993363380432129	0.0	7.014715194702148	2.8420934677124023	2.2010350227355957	3.836259126663208	4.085259914398193	0.0	0.0	0.0	0.0	0.0	2.7050721645355225	0.0	4.186832427978516	0.0	0.0	0.0	5.3464484214782715	0.0	3.2429311275482178	0.0	4.729278564453125	3.898430824279785	0.0	0.0	0.0	2.8871898651123047	0.0	0.0	0.0	0.0	0.0	0.0	0.0	3.1143689155578613	0.0	0.0	0.0	0.0	0.0	0.0	0.0	0.0	0.0	0.0	0.0	4.8304057121276855	0.0	0.0	0.0	0.0	0.0	0.0	0.0	4.7915568351745605	3.99444580078125	3.554593801498413	0.0	0.0	0.0	0.0	4.099996566772461	0.0	0.0	0.0	0.0	0.0	0.0	0.0	2.213728189468384	3.6426737308502197	0.0	5.7879204750061035	3.9862847328186035	3.268662214279175	0.0	0.0	3.7682533264160156	0.0	0.0	0.0	0.0	0.0	0.0	0.0	0.0	3.2917566299438477	0.0	0.0	0.0	0.0	2.8066482543945312
4.49437141418457	0.0	0.0	0.0	5.508360862731934	0.0	5.941751003265381	0.0	0.0	0.0	0.0	0.0	0.0	0.0	0.0	0.0	3.582611560821533	2.400463104248047	0.0	0.0	0.0	1.957194209098816	0.0	0.0	2.660554885864258	3.8862595558166504	0.0	0.0	0.0	0.0	2.820451021194458	2.2526650428771973	0.0	2.377241849899292	3.149278163909912	4.99005126953125	0.0	7.011295318603516	2.8398473262786865	2.199709177017212	3.8343677520751953	4.0835280418396	0.0	0.0	0.0	0.0	0.0	2.702934741973877	0.0	4.183727264404297	0.0	0.0	0.0	5.342215061187744	0.0	3.2425620555877686	0.0	4.726284027099609	3.8956074714660645	0.0	0.0	0.0	2.8855855464935303	0.0	0.0	0.0	0.0	0.0	0.0	0.0	3.1113789081573486	0.0	0.0	0.0	0.0	0.0	0.0	0.0	0.0	0.0	0.0	0.0	4.8280134201049805	0.0	0.0	0.0	0.0	0.0	0.0	0.0	4.788570404052734	3.9905214309692383	3.552234649658203	0.0	0.0	0.0	0.0	4.098100662231445	0.0	0.0	0.0	0.0	0.0	0.0	0.0	2.2126076221466064	3.6399013996124268	0.0	5.783853530883789	3.9836108684539795	3.267235040664673	0.0	0.0	3.7658631801605225	0.0	0.0	0.0	0.0	0.0	0.0	0.0	0.0	3.2901692390441895	0.0	0.0	0.0	0.0	2.8052964210510254
4.497121810913086	0.0	0.0	0.0	5.511373996734619	0.0	5.945583343505859	0.0	0.0	0.0	0.0	0.0	0.0	0.0	0.0	0.0	3.5856752395629883	2.4019548892974854	0.0	0.0	0.0	1.9577306509017944	0.0	0.0	2.6617653369903564	3.889707088470459	0.0	0.0	0.0	0.0	2.8225314617156982	2.2543253898620605	0.0	2.378131628036499	3.1505324840545654	4.993644714355469	0.0	7.014139652252197	2.841906785964966	2.201735258102417	3.836496353149414	4.084852695465088	0.0	0.0	0.0	0.0	0.0	2.704951047897339	0.0	4.186548709869385	0.0	0.0	0.0	5.345930576324463	0.0	3.2442312240600586	0.0	4.729671001434326	3.898085355758667	0.0	0.0	0.0	2.8859665393829346	0.0	0.0	0.0	0.0	0.0	0.0	0.0	3.114015579223633	0.0	0.0	0.0	0.0	0.0	0.0	0.0	0.0	0.0	0.0	0.0	4.830270290374756	0.0	0.0	0.0	0.0	0.0	0.0	0.0	4.790913105010986	3.9938278198242188	3.5546481609344482	0.0	0.0	0.0	0.0	4.100737571716309	0.0	0.0	0.0	0.0	0.0	0.0	0.0	2.2138235569000244	3.642505645751953	0.0	5.7876763343811035	3.985879421234131	3.269287347793579	0.0	0.0	3.767873764038086	0.0	0.0	0.0	0.0	0.0	0.0	0.0	0.0	3.2915213108062744	0.0	0.0	0.0	0.0	2.8067281246185303
4.493590354919434	0.0	0.0	0.0	5.507977485656738	0.0	5.942057132720947	0.0	0.0	0.0	0.0	0.0	0.0	0.0	0.0	0.0	3.58274507522583	2.400766134262085	0.0	0.0	0.0	1.9564523696899414	0.0	0.0	2.6601409912109375	3.886730670928955	0.0	0.0	0.0	0.0	2.8204643726348877	2.2528250217437744	0.0	2.3768274784088135	3.149277925491333	4.991231918334961	0.0	7.010907173156738	2.8389711380004883	2.199739933013916	3.833904981613159	4.083008289337158	0.0	0.0	0.0	0.0	0.0	2.7032463550567627	0.0	4.184607982635498	0.0	0.0	0.0	5.342813491821289	0.0	3.2427613735198975	0.0	4.727257251739502	3.8962883949279785	0.0	0.0	0.0	2.8847830295562744	0.0	0.0	0.0	0.0	0.0	0.0	0.0	3.112643241882324	0.0	0.0	0.0	0.0	0.0	0.0	0.0	0.0	0.0	0.0	0.0	4.82697057723999	0.0	0.0	0.0	0.0	0.0	0.0	0.0	4.789280414581299	3.991381883621216	3.551426649093628	0.0	0.0	0.0	0.0	4.098555088043213	0.0	0.0	0.0	0.0	0.0	0.0	0.0	2.212425470352173	3.6405508518218994	0.0	5.784936428070068	3.9836671352386475	3.26716685295105	0.0	0.0	3.7652971744537354	0.0	0.0	0.0	0.0	0.0	0.0	0.0	0.0	3.290131092071533	0.0	0.0	0.0	0.0	2.8046770095825195
4.496756076812744	0.0	0.0	0.0	5.51096773147583	0.0	5.944797039031982	0.0	0.0	0.0	0.0	0.0	0.0	0.0	0.0	0.0	3.5852322578430176	2.401702642440796	0.0	0.0	0.0	1.9568754434585571	0.0	0.0	2.661992073059082	3.88873291015625	0.0	0.0	0.0	0.0	2.822528839111328	2.2539758682250977	0.0	2.377429485321045	3.1511242389678955	4.992724418640137	0.0	7.014697074890137	2.8411881923675537	2.2004787921905518	3.8349504470825195	4.084892749786377	0.0	0.0	0.0	0.0	0.0	2.7048566341400146	0.0	4.186285018920898	0.0	0.0	0.0	5.345672607421875	0.0	3.2440710067749023	0.0	4.729681015014648	3.898148536682129	0.0	0.0	0.0	2.8865578174591064	0.0	0.0	0.0	0.0	0.0	0.0	0.0	3.1144821643829346	0.0	0.0	0.0	0.0	0.0	0.0	0.0	0.0	0.0	0.0	0.0	4.8306684494018555	0.0	0.0	0.0	0.0	0.0	0.0	0.0	4.791243076324463	3.9925477504730225	3.553156614303589	0.0	0.0	0.0	0.0	4.100338935852051	0.0	0.0	0.0	0.0	0.0	0.0	0.0	2.2143137454986572	3.641634225845337	0.0	5.787680149078369	3.9852824211120605	3.268902540206909	0.0	0.0	3.7681078910827637	0.0	0.0	0.0	0.0	0.0	0.0	0.0	0.0	3.291731834411621	0.0	0.0	0.0	0.0	2.8074564933776855
4.483180046081543	0.0	0.0	0.0	5.494317531585693	0.0	5.926979064941406	0.0	0.0	0.0	0.0	0.0	0.0	0.0	0.0	0.0	3.5752434730529785	2.395411729812622	0.0	0.0	0.0	1.9527753591537476	0.0	0.0	2.6528546810150146	3.8773183822631836	0.0	0.0	0.0	0.0	2.813535213470459	2.245434522628784	0.0	2.370896339416504	3.1407949924468994	4.977370262145996	0.0	6.9923272132873535	2.833183765411377	2.1950693130493164	3.8231053352355957	4.072652339935303	0.0	0.0	0.0	0.0	0.0	2.697366237640381	0.0	4.174368381500244	0.0	0.0	0.0	5.329577922821045	0.0	3.2339298725128174	0.0	4.716414928436279	3.885817050933838	0.0	0.0	0.0	2.8788516521453857	0.0	0.0	0.0	0.0	0.0	0.0	0.0	3.1044461727142334	0.0	0.0	0.0	0.0	0.0	0.0	0.0	0.0	0.0	0.0	0.0	4.815435409545898	0.0	0.0	0.0	0.0	0.0	0.0	0.0	4.776033878326416	3.980992555618286	3.542421817779541	0.0	0.0	0.0	0.0	4.088325023651123	0.0	0.0	0.0	0.0	0.0	0.0	0.0	2.2068278789520264	3.630769968032837	0.0	5.770235538482666	3.971677303314209	3.2598583698272705	0.0	0.0	3.755187511444092	0.0	0.0	0.0	0.0	0.0	0.0	0.0	0.0	3.2815043926239014	0.0	0.0	0.0	0.0	2.7989022731781006
4.49517822265625	0.0	0.0	0.0	5.508889675140381	0.0	5.942827224731445	0.0	0.0	0.0	0.0	0.0	0.0	0.0	0.0	0.0	3.5839028358459473	2.4000377655029297	0.0	0.0	0.0	1.9569882154464722	0.0	0.0	2.661461353302002	3.886970281600952	0.0	0.0	0.0	0.0	2.8211586475372314	2.2524561882019043	0.0	2.3779733180999756	3.1500327587127686	4.991395950317383	0.0	7.012065887451172	2.8397839069366455	2.200357437133789	3.8340935707092285	4.0835280418396	0.0	0.0	0.0	0.0	0.0	2.7036375999450684	0.0	4.18472146987915	0.0	0.0	0.0	5.34327507019043	0.0	3.2429544925689697	0.0	4.728324890136719	3.8958938121795654	0.0	0.0	0.0	2.8862078189849854	0.0	0.0	0.0	0.0	0.0	0.0	0.0	3.1135754585266113	0.0	0.0	0.0	0.0	0.0	0.0	0.0	0.0	0.0	0.0	0.0	4.828074932098389	0.0	0.0	0.0	0.0	0.0	0.0	0.0	4.789495944976807	3.9915356636047363	3.5525193214416504	0.0	0.0	0.0	0.0	4.09842586517334	0.0	0.0	0.0	0.0	0.0	0.0	0.0	2.2123258113861084	3.6402111053466797	0.0	5.785673141479492	3.983187198638916	3.2676398754119873	0.0	0.0	3.7657968997955322	0.0	0.0	0.0	0.0	0.0	0.0	0.0	0.0	3.289642095565796	0.0	0.0	0.0	0.0	2.805910348892212
4.4959187507629395	0.0	0.0	0.0	5.5096049308776855	0.0	5.942861080169678	0.0	0.0	0.0	0.0	0.0	0.0	0.0	0.0	0.0	3.584160089492798	2.4016435146331787	0.0	0.0	0.0	1.9570131301879883	0.0	0.0	2.6601171493530273	3.8877522945404053	0.0	0.0	0.0	0.0	2.821018695831299	2.2531557083129883	0.0	2.376047134399414	3.1494200229644775	4.990566730499268	0.0	7.01158332824707	2.8398215770721436	2.1992743015289307	3.833909273147583	4.082832336425781	0.0	0.0	0.0	0.0	0.0	2.7039380073547363	0.0	4.18518590927124	0.0	0.0	0.0	5.343250274658203	0.0	3.24322509765625	0.0	4.727594375610352	3.8960916996002197	0.0	0.0	0.0	2.8856618404388428	0.0	0.0	0.0	0.0	0.0	0.0	0.0	3.1125268936157227	0.0	0.0	0.0	0.0	0.0	0.0	0.0	0.0	0.0	0.0	0.0	4.827585220336914	0.0	0.0	0.0	0.0	0.0	0.0	0.0	4.789835453033447	3.9911718368530273	3.552144765853882	0.0	0.0	0.0	0.0	4.097929954528809	0.0	0.0	0.0	0.0	0.0	0.0	0.0	2.212911605834961	3.6399190425872803	0.0	5.7855000495910645	3.9841339588165283	3.266681432723999	0.0	0.0	3.7659599781036377	0.0	0.0	0.0	0.0	0.0	0.0	0.0	0.0	3.289698839187622	0.0	0.0	0.0	0.0	2.8053112030029297
4.4900712966918945	0.0	0.0	0.0	5.503483295440674	0.0	5.936529636383057	0.0	0.0	0.0	0.0	0.0	0.0	0.0	0.0	0.0	3.580535888671875	2.3986141681671143	0.0	0.0	0.0	1.9550930261611938	0.0	0.0	2.657773733139038	3.883711099624634	0.0	0.0	0.0	0.0	2.8182671070098877	2.2511444091796875	0.0	2.3735952377319336	3.1463913917541504	4.986854553222656	0.0	7.005433082580566	2.8369805812835693	2.197394609451294	3.83113431930542	4.079207420349121	0.0	0.0	0.0	0.0	0.0	2.700930118560791	0.0	4.180789947509766	0.0	0.0	0.0	5.338624000549316	0.0	3.238494396209717	0.0	4.722845554351807	3.8923280239105225	0.0	0.0	0.0	2.882390260696411	0.0	0.0	0.0	0.0	0.0	0.0	0.0	3.109940528869629	0.0	0.0	0.0	0.0	0.0	0.0	0.0	0.0	0.0	0.0	0.0	4.823233604431152	0.0	0.0	0.0	0.0	0.0	0.0	0.0	4.78454065322876	3.9875192642211914	3.5489649772644043	0.0	0.0	0.0	0.0	4.094256401062012	0.0	0.0	0.0	0.0	0.0	0.0	0.0	2.2110116481781006	3.6371514797210693	0.0	5.77933931350708	3.979879856109619	3.2651214599609375	0.0	0.0	3.7619478702545166	0.0	0.0	0.0	0.0	0.0	0.0	0.0	0.0	3.286843776702881	0.0	0.0	0.0	0.0	2.802812337875366
4.497410774230957	0.0	0.0	0.0	5.5105695724487305	0.0	5.942319393157959	0.0	0.0	0.0	0.0	0.0	0.0	0.0	0.0	0.0	3.5855767726898193	2.4005913734436035	0.0	0.0	0.0	1.9567644596099854	0.0	0.0	2.661346435546875	3.887955665588379	0.0	0.0	0.0	0.0	2.8227643966674805	2.253976821899414	0.0	2.3772804737091064	3.1513917446136475	4.993080139160156	0.0	7.0128607749938965	2.8412201404571533	2.2016615867614746	3.83565616607666	4.085014820098877	0.0	0.0	0.0	0.0	0.0	2.705811023712158	0.0	4.187045574188232	0.0	0.0	0.0	5.345571517944336	0.0	3.2428669929504395	0.0	4.728355407714844	3.8974201679229736	0.0	0.0	0.0	2.886216640472412	0.0	0.0	0.0	0.0	0.0	0.0	0.0	3.1142618656158447	0.0	0.0	0.0	0.0	0.0	0.0	0.0	0.0	0.0	0.0	0.0	4.8296589851379395	0.0	0.0	0.0	0.0	0.0	0.0	0.0	4.790650844573975	3.9945428371429443	3.5534884929656982	0.0	0.0	0.0	0.0	4.099272727966309	0.0	0.0	0.0	0.0	0.0	0.0	0.0	2.214094400405884	3.6421968936920166	0.0	5.78752326965332	3.9856972694396973	3.2675557136535645	0.0	0.0	3.7673988342285156	0.0	0.0	0.0	0.0	0.0	0.0	0.0	0.0	3.2911343574523926	0.0	0.0	0.0	0.0	2.806788444519043
4.4920525550842285	0.0	0.0	0.0	5.505303382873535	0.0	5.939704895019531	0.0	0.0	0.0	0.0	0.0	0.0	0.0	0.0	0.0	3.582099676132202	2.399479389190674	0.0	0.0	0.0	1.9553823471069336	0.0	0.0	2.6588551998138428	3.885869264602661	0.0	0.0	0.0	0.0	2.8190300464630127	2.2510602474212646	0.0	2.37534236907959	3.147984743118286	4.988090515136719	0.0	7.008066654205322	2.8386526107788086	2.198641538619995	3.8317911624908447	4.081058979034424	0.0	0.0	0.0	0.0	0.0	2.701432228088379	0.0	4.182776927947998	0.0	0.0	0.0	5.340160846710205	0.0	3.2420973777770996	0.0	4.725816249847412	3.8938424587249756	0.0	0.0	0.0	2.884800434112549	0.0	0.0	0.0	0.0	0.0	0.0	0.0	3.1110236644744873	0.0	0.0	0.0	0.0	0.0	0.0	0.0	0.0	0.0	0.0	0.0	4.82559061050415	0.0	0.0	0.0	0.0	0.0	0.0	0.0	4.786317825317383	3.989325523376465	3.5502452850341797	0.0	0.0	0.0	0.0	4.095367908477783	0.0	0.0	0.0	0.0	0.0	0.0	0.0	2.211544990539551	3.6381733417510986	0.0	5.7815632820129395	3.9814770221710205	3.2654895782470703	0.0	0.0	3.7648191452026367	0.0	0.0	0.0	0.0	0.0	0.0	0.0	0.0	3.2876431941986084	0.0	0.0	0.0	0.0	2.804553270339966
4.497305870056152	0.0	0.0	0.0	5.511343002319336	0.0	5.945361614227295	0.0	0.0	0.0	0.0	0.0	0.0	0.0	0.0	0.0	3.584662914276123	2.4016709327697754	0.0	0.0	0.0	1.95725679397583	0.0	0.0	2.661910057067871	3.8897478580474854	0.0	0.0	0.0	0.0	2.822502851486206	2.254455804824829	0.0	2.3788692951202393	3.1510016918182373	4.992955684661865	0.0	7.014340877532959	2.8414881229400635	2.201098918914795	3.8358733654022217	4.085466384887695	0.0	0.0	0.0	0.0	0.0	2.704590320587158	0.0	4.186532020568848	0.0	0.0	0.0	5.346067428588867	0.0	3.2444469928741455	0.0	4.729755878448486	3.8986940383911133	0.0	0.0	0.0	2.886927366256714	0.0	0.0	0.0	0.0	0.0	0.0	0.0	3.11472225189209	0.0	0.0	0.0	0.0	0.0	0.0	0.0	0.0	0.0	0.0	0.0	4.831275463104248	0.0	0.0	0.0	0.0	0.0	0.0	0.0	4.791754245758057	3.9927115440368652	3.5543346405029297	0.0	0.0	0.0	0.0	4.101075172424316	0.0	0.0	0.0	0.0	0.0	0.0	0.0	2.2137181758880615	3.6412715911865234	0.0	5.788363456726074	3.984981060028076	3.2694430351257324	0.0	0.0	3.7681400775909424	0.0	0.0	0.0	0.0	0.0	0.0	0.0	0.0	3.2914910316467285	0.0	0.0	0.0	0.0	2.8073530197143555
4.494149684906006	0.0	0.0	0.0	5.508152484893799	0.0	5.942022800445557	0.0	0.0	0.0	0.0	0.0	0.0	0.0	0.0	0.0	3.583566904067993	2.4007041454315186	0.0	0.0	0.0	1.956161618232727	0.0	0.0	2.6605706214904785	3.887073516845703	0.0	0.0	0.0	0.0	2.821235179901123	2.2525670528411865	0.0	2.3772966861724854	3.148960828781128	4.989800453186035	0.0	7.010558128356934	2.8398001194000244	2.199408769607544	3.834225654602051	4.082839488983154	0.0	0.0	0.0	0.0	0.0	2.703684091567993	0.0	4.1842193603515625	0.0	0.0	0.0	5.343169689178467	0.0	3.242723226547241	0.0	4.727591514587402	3.895199775695801	0.0	0.0	0.0	2.8852782249450684	0.0	0.0	0.0	0.0	0.0	0.0	0.0	3.112882614135742	0.0	0.0	0.0	0.0	0.0	0.0	0.0	0.0	0.0	0.0	0.0	4.828432559967041	0.0	0.0	0.0	0.0	0.0	0.0	0.0	4.78834867477417	3.9906773567199707	3.5523903369903564	0.0	0.0	0.0	0.0	4.0981764793396	0.0	0.0	0.0	0.0	0.0	0.0	0.0	2.2116427421569824	3.6403322219848633	0.0	5.783444881439209	3.983335018157959	3.2669363021850586	0.0	0.0	3.765949010848999	0.0	0.0	0.0	0.0	0.0	0.0	0.0	0.0	3.289442300796509	0.0	0.0	0.0	0.0	2.8046255111694336
4.498058319091797	0.0	0.0	0.0	5.511120319366455	0.0	5.944654941558838	0.0	0.0	0.0	0.0	0.0	0.0	0.0	0.0	0.0	3.5863113403320312	2.4015753269195557	0.0	0.0	0.0	1.9570649862289429	0.0	0.0	2.661482572555542	3.8882055282592773	0.0	0.0	0.0	0.0	2.823322296142578	2.2535033226013184	0.0	2.378438711166382	3.15151047706604	4.9935832023620605	0.0	7.014458656311035	2.841728448867798	2.2016665935516357	3.836303949356079	4.085260391235352	0.0	0.0	0.0	0.0	0.0	2.70504093170166	0.0	4.187529563903809	0.0	0.0	0.0	5.346011161804199	0.0	3.243692398071289	0.0	4.7294535636901855	3.8983633518218994	0.0	0.0	0.0	2.8865466117858887	0.0	0.0	0.0	0.0	0.0	0.0	0.0	3.1146607398986816	0.0	0.0	0.0	0.0	0.0	0.0	0.0	0.0	0.0	0.0	0.0	4.830461025238037	0.0	0.0	0.0	0.0	0.0	0.0	0.0	4.79138708114624	3.994443893432617	3.554731845855713	0.0	0.0	0.0	0.0	4.099855899810791	0.0	0.0	0.0	0.0	0.0	0.0	0.0	2.2141551971435547	3.642284870147705	0.0	5.787908554077148	3.9857516288757324	3.268091917037964	0.0	0.0	3.7675344944000244	0.0	0.0	0.0	0.0	0.0	0.0	0.0	0.0	3.291332244873047	0.0	0.0	0.0	0.0	2.80617356300354
4.493514537811279	0.0	0.0	0.0	5.507166385650635	0.0	5.940830707550049	0.0	0.0	0.0	0.0	0.0	0.0	0.0	0.0	0.0	3.5829193592071533	2.400151491165161	0.0	0.0	0.0	1.9558762311935425	0.0	0.0	2.659552812576294	3.886157989501953	0.0	0.0	0.0	0.0	2.820422887802124	2.252150297164917	0.0	2.3764231204986572	3.1485605239868164	4.989091396331787	0.0	7.009347915649414	2.8395822048187256	2.1986708641052246	3.833003044128418	4.081750392913818	0.0	0.0	0.0	0.0	0.0	2.7030811309814453	0.0	4.183319568634033	0.0	0.0	0.0	5.341693878173828	0.0	3.2426364421844482	0.0	4.725840091705322	3.894355058670044	0.0	0.0	0.0	2.884495973587036	0.0	0.0	0.0	0.0	0.0	0.0	0.0	3.111315965652466	0.0	0.0	0.0	0.0	0.0	0.0	0.0	0.0	0.0	0.0	0.0	4.8267035484313965	0.0	0.0	0.0	0.0	0.0	0.0	0.0	4.787957191467285	3.9902336597442627	3.5515992641448975	0.0	0.0	0.0	0.0	4.097591400146484	0.0	0.0	0.0	0.0	0.0	0.0	0.0	2.2115554809570312	3.6396994590759277	0.0	5.782318592071533	3.982255458831787	3.2671525478363037	0.0	0.0	3.765338659286499	0.0	0.0	0.0	0.0	0.0	0.0	0.0	0.0	3.289130449295044	0.0	0.0	0.0	0.0	2.8045294284820557
4.493756294250488	0.0	0.0	0.0	5.5087690353393555	0.0	5.943245887756348	0.0	0.0	0.0	0.0	0.0	0.0	0.0	0.0	0.0	3.584117889404297	2.4002256393432617	0.0	0.0	0.0	1.9563430547714233	0.0	0.0	2.660332202911377	3.8868608474731445	0.0	0.0	0.0	0.0	2.8209500312805176	2.2533323764801025	0.0	2.377293348312378	3.150247573852539	4.9901299476623535	0.0	7.011018753051758	2.840095281600952	2.1999871730804443	3.8339908123016357	4.083124160766602	0.0	0.0	0.0	0.0	0.0	2.7017414569854736	0.0	4.1840362548828125	0.0	0.0	0.0	5.343220233917236	0.0	3.2428464889526367	0.0	4.727070331573486	3.8960342407226562	0.0	0.0	0.0	2.885847568511963	0.0	0.0	0.0	0.0	0.0	0.0	0.0	3.112656354904175	0.0	0.0	0.0	0.0	0.0	0.0	0.0	0.0	0.0	0.0	0.0	4.827270984649658	0.0	0.0	0.0	0.0	0.0	0.0	0.0	4.789122581481934	3.9908056259155273	3.5525500774383545	0.0	0.0	0.0	0.0	4.0995707511901855	0.0	0.0	0.0	0.0	0.0	0.0	0.0	2.2130722999572754	3.6395726203918457	0.0	5.784385681152344	3.983842134475708	3.267129898071289	0.0	0.0	3.7665724754333496	0.0	0.0	0.0	0.0	0.0	0.0	0.0	0.0	3.2894773483276367	0.0	0.0	0.0	0.0	2.806494951248169
4.486753463745117	0.0	0.0	0.0	5.499166011810303	0.0	5.933155536651611	0.0	0.0	0.0	0.0	0.0	0.0	0.0	0.0	0.0	3.577636480331421	2.3972771167755127	0.0	0.0	0.0	1.9544777870178223	0.0	0.0	2.656491756439209	3.8809409141540527	0.0	0.0	0.0	0.0	2.816072702407837	2.2487833499908447	0.0	2.373239517211914	3.143872022628784	4.9819159507751465	0.0	6.999557018280029	2.8347463607788086	2.1955180168151855	3.828530788421631	4.076575756072998	0.0	0.0	0.0	0.0	0.0	2.6995699405670166	0.0	4.1787495613098145	0.0	0.0	0.0	5.334265232086182	0.0	3.23844575881958	0.0	4.720806121826172	3.8885416984558105	0.0	0.0	0.0	2.8816587924957275	0.0	0.0	0.0	0.0	0.0	0.0	0.0	3.1069061756134033	0.0	0.0	0.0	0.0	0.0	0.0	0.0	0.0	0.0	0.0	0.0	4.8204851150512695	0.0	0.0	0.0	0.0	0.0	0.0	0.0	4.781827926635742	3.9858951568603516	3.546335458755493	0.0	0.0	0.0	0.0	4.092376708984375	0.0	0.0	0.0	0.0	0.0	0.0	0.0	2.2093584537506104	3.632744789123535	0.0	5.774629592895508	3.9764184951782227	3.2628121376037598	0.0	0.0	3.761079788208008	0.0	0.0	0.0	0.0	0.0	0.0	0.0	0.0	3.284273624420166	0.0	0.0	0.0	0.0	2.801712989807129
4.496603012084961	0.0	0.0	0.0	5.510348320007324	0.0	5.944077014923096	0.0	0.0	0.0	0.0	0.0	0.0	0.0	0.0	0.0	3.585766077041626	2.4005823135375977	0.0	0.0	0.0	1.9570372104644775	0.0	0.0	2.661872148513794	3.8881216049194336	0.0	0.0	0.0	0.0	2.8212854862213135	2.2537357807159424	0.0	2.3771116733551025	3.150327205657959	4.992449760437012	0.0	7.013251304626465	2.8412768840789795	2.200784683227539	3.835003137588501	4.084280490875244	0.0	0.0	0.0	0.0	0.0	2.704357862472534	0.0	4.186620712280273	0.0	0.0	0.0	5.344958305358887	0.0	3.24324631690979	0.0	4.728831768035889	3.8970625400543213	0.0	0.0	0.0	2.8867990970611572	0.0	0.0	0.0	0.0	0.0	0.0	0.0	3.114337921142578	0.0	0.0	0.0	0.0	0.0	0.0	0.0	0.0	0.0	0.0	0.0	4.830136775970459	0.0	0.0	0.0	0.0	0.0	0.0	0.0	4.79109001159668	3.9925427436828613	3.5538082122802734	0.0	0.0	0.0	0.0	4.0998945236206055	0.0	0.0	0.0	0.0	0.0	0.0	0.0	2.2137680053710938	3.6415114402770996	0.0	5.7870073318481445	3.985161781311035	3.2681331634521484	0.0	0.0	3.7676053047180176	0.0	0.0	0.0	0.0	0.0	0.0	0.0	0.0	3.2916176319122314	0.0	0.0	0.0	0.0	2.8070998191833496
4.495203018188477	0.0	0.0	0.0	5.508127212524414	0.0	5.941407203674316	0.0	0.0	0.0	0.0	0.0	0.0	0.0	0.0	0.0	3.5835676193237305	2.4000730514526367	0.0	0.0	0.0	1.9557185173034668	0.0	0.0	2.660799980163574	3.886629104614258	0.0	0.0	0.0	0.0	2.8212320804595947	2.253194570541382	0.0	2.3770434856414795	3.1500377655029297	4.991039276123047	0.0	7.009790897369385	2.8393423557281494	2.2001266479492188	3.834050416946411	4.082999229431152	0.0	0.0	0.0	0.0	0.0	2.7034685611724854	0.0	4.184727191925049	0.0	0.0	0.0	5.342342853546143	0.0	3.242082357406616	0.0	4.727593421936035	3.8957836627960205	0.0	0.0	0.0	2.885478973388672	0.0	0.0	0.0	0.0	0.0	0.0	0.0	3.1131832599639893	0.0	0.0	0.0	0.0	0.0	0.0	0.0	0.0	0.0	0.0	0.0	4.827563285827637	0.0	0.0	0.0	0.0	0.0	0.0	0.0	4.789575576782227	3.9908366203308105	3.5521609783172607	0.0	0.0	0.0	0.0	4.09742546081543	0.0	0.0	0.0	0.0	0.0	0.0	0.0	2.2123730182647705	3.640557050704956	0.0	5.784373760223389	3.9828968048095703	3.267643928527832	0.0	0.0	3.7658979892730713	0.0	0.0	0.0	0.0	0.0	0.0	0.0	0.0	3.2896180152893066	0.0	0.0	0.0	0.0	2.8053557872772217
4.498115539550781	0.0	0.0	0.0	5.511844635009766	0.0	5.944732189178467	0.0	0.0	0.0	0.0	0.0	0.0	0.0	0.0	0.0	3.5858402252197266	2.402031421661377	0.0	0.0	0.0	1.9568066596984863	0.0	0.0	2.661611318588257	3.888939619064331	0.0	0.0	0.0	0.0	2.822484254837036	2.253222703933716	0.0	2.378507375717163	3.1502983570098877	4.992390155792236	0.0	7.013570308685303	2.8413591384887695	2.2014474868774414	3.836252212524414	4.085067272186279	0.0	0.0	0.0	0.0	0.0	2.7047152519226074	0.0	4.186672210693359	0.0	0.0	0.0	5.346426486968994	0.0	3.2446677684783936	0.0	4.729777812957764	3.8973240852355957	0.0	0.0	0.0	2.885925531387329	0.0	0.0	0.0	0.0	0.0	0.0	0.0	3.1137733459472656	0.0	0.0	0.0	0.0	0.0	0.0	0.0	0.0	0.0	0.0	0.0	4.830619812011719	0.0	0.0	0.0	0.0	0.0	0.0	0.0	4.7911248207092285	3.993471622467041	3.554152488708496	0.0	0.0	0.0	0.0	4.100314140319824	0.0	0.0	0.0	0.0	0.0	0.0	0.0	2.2136309146881104	3.6416711807250977	0.0	5.7873454093933105	3.9859681129455566	3.2687485218048096	0.0	0.0	3.768770933151245	0.0	0.0	0.0	0.0	0.0	0.0	0.0	0.0	3.2910382747650146	0.0	0.0	0.0	0.0	2.8067333698272705
4.496017932891846	0.0	0.0	0.0	5.5106658935546875	0.0	5.943326473236084	0.0	0.0	0.0	0.0	0.0	0.0	0.0	0.0	0.0	3.584535837173462	2.4002773761749268	0.0	0.0	0.0	1.956998348236084	0.0	0.0	2.661133050918579	3.8881068229675293	0.0	0.0	0.0	0.0	2.821448802947998	2.2531919479370117	0.0	2.377161979675293	3.151149272918701	4.992176532745361	0.0	7.013400077819824	2.8401689529418945	2.2007150650024414	3.8351433277130127	4.0839924812316895	0.0	0.0	0.0	0.0	0.0	2.705089807510376	0.0	4.18694543838501	0.0	0.0	0.0	5.344676971435547	0.0	3.2426507472991943	0.0	4.729228973388672	3.897707223892212	0.0	0.0	0.0	2.8870325088500977	0.0	0.0	0.0	0.0	0.0	0.0	0.0	3.113459587097168	0.0	0.0	0.0	0.0	0.0	0.0	0.0	0.0	0.0	0.0	0.0	4.82905387878418	0.0	0.0	0.0	0.0	0.0	0.0	0.0	4.790618419647217	3.9924941062927246	3.5532658100128174	0.0	0.0	0.0	0.0	4.1002116203308105	0.0	0.0	0.0	0.0	0.0	0.0	0.0	2.212951898574829	3.642059326171875	0.0	5.78708553314209	3.984631061553955	3.2687675952911377	0.0	0.0	3.7670648097991943	0.0	0.0	0.0	0.0	0.0	0.0	0.0	0.0	3.2895703315734863	0.0	0.0	0.0	0.0	2.8061330318450928
4.496840476989746	0.0	0.0	0.0	5.511153697967529	0.0	5.945228576660156	0.0	0.0	0.0	0.0	0.0	0.0	0.0	0.0	0.0	3.58561110496521	2.4013876914978027	0.0	0.0	0.0	1.9569588899612427	0.0	0.0	2.6612167358398438	3.889490842819214	0.0	0.0	0.0	0.0	2.822641372680664	2.2533345222473145	0.0	2.378476142883301	3.1506855487823486	4.994060516357422	0.0	7.01430606842041	2.842071771621704	2.20058274269104	3.836599588394165	4.085480690002441	0.0	0.0	0.0	0.0	0.0	2.704254388809204	0.0	4.187582969665527	0.0	0.0	0.0	5.345795631408691	0.0	3.243685007095337	0.0	4.730062484741211	3.8980631828308105	0.0	0.0	0.0	2.887159585952759	0.0	0.0	0.0	0.0	0.0	0.0	0.0	3.1138999462127686	0.0	0.0	0.0	0.0	0.0	0.0	0.0	0.0	0.0	0.0	0.0	4.830512523651123	0.0	0.0	0.0	0.0	0.0	0.0	0.0	4.791377544403076	3.9930412769317627	3.553556442260742	0.0	0.0	0.0	0.0	4.100912570953369	0.0	0.0	0.0	0.0	0.0	0.0	0.0	2.213538646697998	3.641672372817993	0.0	5.787181854248047	3.985774278640747	3.2686853408813477	0.0	0.0	3.767836570739746	0.0	0.0	0.0	0.0	0.0	0.0	0.0	0.0	3.29115891456604	0.0	0.0	0.0	0.0	2.8079893589019775
4.492738246917725	0.0	0.0	0.0	5.504798412322998	0.0	5.938762187957764	0.0	0.0	0.0	0.0	0.0	0.0	0.0	0.0	0.0	3.5816001892089844	2.398664712905884	0.0	0.0	0.0	1.9556550979614258	0.0	0.0	2.6597297191619873	3.8843681812286377	0.0	0.0	0.0	0.0	2.819232225418091	2.251755475997925	0.0	2.37630033493042	3.1478569507598877	4.9877777099609375	0.0	7.008058547973633	2.8385493755340576	2.198824644088745	3.8321971893310547	4.081254482269287	0.0	0.0	0.0	0.0	0.0	2.7011561393737793	0.0	4.181680202484131	0.0	0.0	0.0	5.3389058113098145	0.0	3.240802049636841	0.0	4.724836349487305	3.893491744995117	0.0	0.0	0.0	2.8837804794311523	0.0	0.0	0.0	0.0	0.0	0.0	0.0	3.1121959686279297	0.0	0.0	0.0	0.0	0.0	0.0	0.0	0.0	0.0	0.0	0.0	4.825154781341553	0.0	0.0	0.0	0.0	0.0	0.0	0.0	4.786504745483398	3.9891839027404785	3.550861120223999	0.0	0.0	0.0	0.0	4.095728397369385	0.0	0.0	0.0	0.0	0.0	0.0	0.0	2.2113900184631348	3.6380867958068848	0.0	5.782196521759033	3.9823110103607178	3.2653141021728516	0.0	0.0	3.7638514041900635	0.0	0.0	0.0	0.0	0.0	0.0	0.0	0.0	3.2884509563446045	0.0	0.0	0.0	0.0	2.8029725551605225
4.501314640045166	0.0	0.0	0.0	5.516146183013916	0.0	5.950237274169922	0.0	0.0	0.0	0.0	0.0	0.0	0.0	0.0	0.0	3.588428258895874	2.4035351276397705	0.0	0.0	0.0	1.9586197137832642	0.0	0.0	2.66390061378479	3.8926637172698975	0.0	0.0	0.0	0.0	2.82470965385437	2.255679130554199	0.0	2.380845785140991	3.1541073322296143	4.9973273277282715	0.0	7.021100044250488	2.8431236743927	2.202212333679199	3.8396248817443848	4.088531017303467	0.0	0.0	0.0	0.0	0.0	2.706685781478882	0.0	4.190350532531738	0.0	0.0	0.0	5.350836277008057	0.0	3.2461318969726562	0.0	4.734094619750977	3.902337074279785	0.0	0.0	0.0	2.8896608352661133	0.0	0.0	0.0	0.0	0.0	0.0	0.0	3.117658853530884	0.0	0.0	0.0	0.0	0.0	0.0	0.0	0.0	0.0	0.0	0.0	4.835631847381592	0.0	0.0	0.0	0.0	0.0	0.0	0.0	4.795558929443359	3.996223211288452	3.557502031326294	0.0	0.0	0.0	0.0	4.1036272048950195	0.0	0.0	0.0	0.0	0.0	0.0	0.0	2.2155017852783203	3.6453113555908203	0.0	5.793367385864258	3.9887330532073975	3.271827459335327	0.0	0.0	3.7710626125335693	0.0	0.0	0.0	0.0	0.0	0.0	0.0	0.0	3.2942874431610107	0.0	0.0	0.0	0.0	2.8094570636749268
4.494562149047852	0.0	0.0	0.0	5.509482383728027	0.0	5.942791938781738	0.0	0.0	0.0	0.0	0.0	0.0	0.0	0.0	0.0	3.5838541984558105	2.4010181427001953	0.0	0.0	0.0	1.955503225326538	0.0	0.0	2.6608405113220215	3.887698173522949	0.0	0.0	0.0	0.0	2.8212015628814697	2.2528045177459717	0.0	2.376099109649658	3.1495726108551025	4.990941524505615	0.0	7.011890888214111	2.8397607803344727	2.2002716064453125	3.8340296745300293	4.083246231079102	0.0	0.0	0.0	0.0	0.0	2.703022003173828	0.0	4.184051036834717	0.0	0.0	0.0	5.343751430511475	0.0	3.2422165870666504	0.0	4.727532386779785	3.8970327377319336	0.0	0.0	0.0	2.885260581970215	0.0	0.0	0.0	0.0	0.0	0.0	0.0	3.1125943660736084	0.0	0.0	0.0	0.0	0.0	0.0	0.0	0.0	0.0	0.0	0.0	4.827992916107178	0.0	0.0	0.0	0.0	0.0	0.0	0.0	4.788990020751953	3.990936279296875	3.5524134635925293	0.0	0.0	0.0	0.0	4.099334716796875	0.0	0.0	0.0	0.0	0.0	0.0	0.0	2.2126355171203613	3.6404316425323486	0.0	5.7852888107299805	3.9843533039093018	3.2675552368164062	0.0	0.0	3.7669551372528076	0.0	0.0	0.0	0.0	0.0	0.0	0.0	0.0	3.29121732711792	0.0	0.0	0.0	0.0	2.8058111667633057
4.486214637756348	0.0	0.0	0.0	5.498167991638184	0.0	5.929840087890625	0.0	0.0	0.0	0.0	0.0	0.0	0.0	0.0	0.0	3.5765397548675537	2.395413875579834	0.0	0.0	0.0	1.9511743783950806	0.0	0.0	2.656855344772339	3.8789734840393066	0.0	0.0	0.0	0.0	2.8160223960876465	2.249255895614624	0.0	2.371166467666626	3.143018960952759	4.981385231018066	0.0	6.996187686920166	2.8347723484039307	2.196345806121826	3.8281619548797607	4.074650764465332	0.0	0.0	0.0	0.0	0.0	2.69821834564209	0.0	4.177343845367432	0.0	0.0	0.0	5.333022117614746	0.0	3.235511064529419	0.0	4.7175397872924805	3.887613534927368	0.0	0.0	0.0	2.8795039653778076	0.0	0.0	0.0	0.0	0.0	0.0	0.0	3.1082348823547363	0.0	0.0	0.0	0.0	0.0	0.0	0.0	0.0	0.0	0.0	0.0	4.819070339202881	0.0	0.0	0.0	0.0	0.0	0.0	0.0	4.7792534828186035	3.9840683937072754	3.5453836917877197	0.0	0.0	0.0	0.0	4.090857982635498	0.0	0.0	0.0	0.0	0.0	0.0	0.0	2.208979368209839	3.63456130027771	0.0	5.772610187530518	3.976381778717041	3.259824275970459	0.0	0.0	3.758695602416992	0.0	0.0	0.0	0.0	0.0	0.0	0.0	0.0	3.2840213775634766	0.0	0.0	0.0	0.0	2.800445795059204
4.491036415100098	0.0	0.0	0.0	5.503475666046143	0.0	5.936559677124023	0.0	0.0	0.0	0.0	0.0	0.0	0.0	0.0	0.0	3.580167770385742	2.397336959838867	0.0	0.0	0.0	1.9552892446517944	0.0	0.0	2.6578516960144043	3.883214235305786	0.0	0.0	0.0	0.0	2.8175902366638184	2.2510063648223877	0.0	2.375431537628174	3.146535634994507	4.986226558685303	0.0	7.005136489868164	2.8370139598846436	2.197016477584839	3.83081316947937	4.078869342803955	0.0	0.0	0.0	0.0	0.0	2.7012693881988525	0.0	4.179912567138672	0.0	0.0	0.0	5.338531970977783	0.0	3.2409937381744385	0.0	4.723324298858643	3.8926689624786377	0.0	0.0	0.0	2.883759021759033	0.0	0.0	0.0	0.0	0.0	0.0	0.0	3.1092755794525146	0.0	0.0	0.0	0.0	0.0	0.0	0.0	0.0	0.0	0.0	0.0	4.8239665031433105	0.0	0.0	0.0	0.0	0.0	0.0	0.0	4.785160541534424	3.9874825477600098	3.5493481159210205	0.0	0.0	0.0	0.0	4.0955305099487305	0.0	0.0	0.0	0.0	0.0	0.0	0.0	2.20997953414917	3.636965751647949	0.0	5.77862024307251	3.9800772666931152	3.264350414276123	0.0	0.0	3.7619998455047607	0.0	0.0	0.0	0.0	0.0	0.0	0.0	0.0	3.286983013153076	0.0	0.0	0.0	0.0	2.8028783798217773
4.4996232986450195	0.0	0.0	0.0	5.512898921966553	0.0	5.9463653564453125	0.0	0.0	0.0	0.0	0.0	0.0	0.0	0.0	0.0	3.58852219581604	2.4027349948883057	0.0	0.0	0.0	1.9574971199035645	0.0	0.0	2.662358045578003	3.890547037124634	0.0	0.0	0.0	0.0	2.8237922191619873	2.254993200302124	0.0	2.3789315223693848	3.1524932384490967	4.995423316955566	0.0	7.017373561859131	2.8428144454956055	2.202502727508545	3.837064027786255	4.087515830993652	0.0	0.0	0.0	0.0	0.0	2.705930709838867	0.0	4.1891937255859375	0.0	0.0	0.0	5.3487548828125	0.0	3.2446467876434326	0.0	4.731573581695557	3.899510383605957	0.0	0.0	0.0	2.888045072555542	0.0	0.0	0.0	0.0	0.0	0.0	0.0	3.116490125656128	0.0	0.0	0.0	0.0	0.0	0.0	0.0	0.0	0.0	0.0	0.0	4.832364559173584	0.0	0.0	0.0	0.0	0.0	0.0	0.0	4.793275833129883	3.9952781200408936	3.5550918579101562	0.0	0.0	0.0	0.0	4.100884437561035	0.0	0.0	0.0	0.0	0.0	0.0	0.0	2.2151272296905518	3.6438043117523193	0.0	5.7898077964782715	3.988179922103882	3.2705936431884766	0.0	0.0	3.768904685974121	0.0	0.0	0.0	0.0	0.0	0.0	0.0	0.0	3.2925946712493896	0.0	0.0	0.0	0.0	2.8076462745666504
4.487346172332764	0.0	0.0	0.0	5.499449253082275	0.0	5.932456016540527	0.0	0.0	0.0	0.0	0.0	0.0	0.0	0.0	0.0	3.5774776935577393	2.397310495376587	0.0	0.0	0.0	1.9533182382583618	0.0	0.0	2.655604124069214	3.8805699348449707	0.0	0.0	0.0	0.0	2.81643009185791	2.248884916305542	0.0	2.372250556945801	3.1443653106689453	4.98265266418457	0.0	6.999868869781494	2.835739850997925	2.194922685623169	3.828339099884033	4.077560901641846	0.0	0.0	0.0	0.0	0.0	2.697179079055786	0.0	4.176435947418213	0.0	0.0	0.0	5.334111213684082	0.0	3.237074375152588	0.0	4.7206339836120605	3.8885788917541504	0.0	0.0	0.0	2.881258487701416	0.0	0.0	0.0	0.0	0.0	0.0	0.0	3.107583999633789	0.0	0.0	0.0	0.0	0.0	0.0	0.0	0.0	0.0	0.0	0.0	4.820657730102539	0.0	0.0	0.0	0.0	0.0	0.0	0.0	4.780877113342285	3.9845144748687744	3.546248197555542	0.0	0.0	0.0	0.0	4.091235637664795	0.0	0.0	0.0	0.0	0.0	0.0	0.0	2.209050178527832	3.633939027786255	0.0	5.7744832038879395	3.97751784324646	3.2635881900787354	0.0	0.0	3.758652687072754	0.0	0.0	0.0	0.0	0.0	0.0	0.0	0.0	3.2844884395599365	0.0	0.0	0.0	0.0	2.800926923751831
4.495704650878906	0.0	0.0	0.0	5.508676528930664	0.0	5.942183494567871	0.0	0.0	0.0	0.0	0.0	0.0	0.0	0.0	0.0	3.583930253982544	2.4008970260620117	0.0	0.0	0.0	1.9562474489212036	0.0	0.0	2.6605660915374756	3.887472629547119	0.0	0.0	0.0	0.0	2.821998357772827	2.252488374710083	0.0	2.3782787322998047	3.1493189334869385	4.9908528327941895	0.0	7.011571407318115	2.8399858474731445	2.2002341747283936	3.834998607635498	4.082554340362549	0.0	0.0	0.0	0.0	0.0	2.7034051418304443	0.0	4.185581207275391	0.0	0.0	0.0	5.343994140625	0.0	3.2424304485321045	0.0	4.728384494781494	3.896934986114502	0.0	0.0	0.0	2.8855340480804443	0.0	0.0	0.0	0.0	0.0	0.0	0.0	3.1126022338867188	0.0	0.0	0.0	0.0	0.0	0.0	0.0	0.0	0.0	0.0	0.0	4.828878879547119	0.0	0.0	0.0	0.0	0.0	0.0	0.0	4.78944206237793	3.9914281368255615	3.551642656326294	0.0	0.0	0.0	0.0	4.098045825958252	0.0	0.0	0.0	0.0	0.0	0.0	0.0	2.212348222732544	3.6407699584960938	0.0	5.785269737243652	3.9847278594970703	3.2674529552459717	0.0	0.0	3.7660136222839355	0.0	0.0	0.0	0.0	0.0	0.0	0.0	0.0	3.2902328968048096	0.0	0.0	0.0	0.0	2.8048996925354004
4.496940612792969	0.0	0.0	0.0	5.510915279388428	0.0	5.943333148956299	0.0	0.0	0.0	0.0	0.0	0.0	0.0	0.0	0.0	3.5852396488189697	2.4010303020477295	0.0	0.0	0.0	1.956688404083252	0.0	0.0	2.6608967781066895	3.8884973526000977	0.0	0.0	0.0	0.0	2.821965217590332	2.253512382507324	0.0	2.378030776977539	3.150486946105957	4.992395401000977	0.0	7.012670993804932	2.840649366378784	2.2006499767303467	3.8348097801208496	4.084720134735107	0.0	0.0	0.0	0.0	0.0	2.7041842937469482	0.0	4.186172008514404	0.0	0.0	0.0	5.3451128005981445	0.0	3.2434844970703125	0.0	4.728774547576904	3.896620750427246	0.0	0.0	0.0	2.8865668773651123	0.0	0.0	0.0	0.0	0.0	0.0	0.0	3.113849639892578	0.0	0.0	0.0	0.0	0.0	0.0	0.0	0.0	0.0	0.0	0.0	4.828865051269531	0.0	0.0	0.0	0.0	0.0	0.0	0.0	4.7905755043029785	3.9927823543548584	3.553513288497925	0.0	0.0	0.0	0.0	4.099859237670898	0.0	0.0	0.0	0.0	0.0	0.0	0.0	2.2128562927246094	3.6413707733154297	0.0	5.787100315093994	3.9852592945098877	3.268326997756958	0.0	0.0	3.7674362659454346	0.0	0.0	0.0	0.0	0.0	0.0	0.0	0.0	3.289785146713257	0.0	0.0	0.0	0.0	2.806199550628662
4.495849609375	0.0	0.0	0.0	5.50972843170166	0.0	5.943373680114746	0.0	0.0	0.0	0.0	0.0	0.0	0.0	0.0	0.0	3.5846059322357178	2.4020588397979736	0.0	0.0	0.0	1.9573063850402832	0.0	0.0	2.660640001296997	3.8878774642944336	0.0	0.0	0.0	0.0	2.821331024169922	2.2533600330352783	0.0	2.377732038497925	3.1503820419311523	4.992190361022949	0.0	7.012483596801758	2.8404953479766846	2.1999244689941406	3.835418701171875	4.084413528442383	0.0	0.0	0.0	0.0	0.0	2.7027769088745117	0.0	4.185312271118164	0.0	0.0	0.0	5.343686103820801	0.0	3.2435030937194824	0.0	4.72849178314209	3.895969867706299	0.0	0.0	0.0	2.8863255977630615	0.0	0.0	0.0	0.0	0.0	0.0	0.0	3.1133275032043457	0.0	0.0	0.0	0.0	0.0	0.0	0.0	0.0	0.0	0.0	0.0	4.829074382781982	0.0	0.0	0.0	0.0	0.0	0.0	0.0	4.790449142456055	3.9924662113189697	3.5529184341430664	0.0	0.0	0.0	0.0	4.099714279174805	0.0	0.0	0.0	0.0	0.0	0.0	0.0	2.214042901992798	3.6413023471832275	0.0	5.785974979400635	3.985164165496826	3.2677671909332275	0.0	0.0	3.7675044536590576	0.0	0.0	0.0	0.0	0.0	0.0	0.0	0.0	3.2903225421905518	0.0	0.0	0.0	0.0	2.8061726093292236
4.493191719055176	0.0	0.0	0.0	5.5065717697143555	0.0	5.9394941329956055	0.0	0.0	0.0	0.0	0.0	0.0	0.0	0.0	0.0	3.5823802947998047	2.3996100425720215	0.0	0.0	0.0	1.9567373991012573	0.0	0.0	2.659857988357544	3.885709047317505	0.0	0.0	0.0	0.0	2.820791006088257	2.2518444061279297	0.0	2.375328540802002	3.1481924057006836	4.989373683929443	0.0	7.009685516357422	2.83886981010437	2.198925495147705	3.832886219024658	4.081188678741455	0.0	0.0	0.0	0.0	0.0	2.7022864818573	0.0	4.1827216148376465	0.0	0.0	0.0	5.341801643371582	0.0	3.242044448852539	0.0	4.725412845611572	3.8949315547943115	0.0	0.0	0.0	2.8845572471618652	0.0	0.0	0.0	0.0	0.0	0.0	0.0	3.111386299133301	0.0	0.0	0.0	0.0	0.0	0.0	0.0	0.0	0.0	0.0	0.0	4.826430797576904	0.0	0.0	0.0	0.0	0.0	0.0	0.0	4.78759241104126	3.989825487136841	3.551413059234619	0.0	0.0	0.0	0.0	4.0971293449401855	0.0	0.0	0.0	0.0	0.0	0.0	0.0	2.211836576461792	3.639223098754883	0.0	5.783196926116943	3.982997417449951	3.2655513286590576	0.0	0.0	3.7644386291503906	0.0	0.0	0.0	0.0	0.0	0.0	0.0	0.0	3.28847074508667	0.0	0.0	0.0	0.0	2.804811716079712
4.499937057495117	0.0	0.0	0.0	5.514171600341797	0.0	5.946976184844971	0.0	0.0	0.0	0.0	0.0	0.0	0.0	0.0	0.0	3.588686466217041	2.4023754596710205	0.0	0.0	0.0	1.9587604999542236	0.0	0.0	2.663184881210327	3.8900012969970703	0.0	0.0	0.0	0.0	2.8244166374206543	2.2553534507751465	0.0	2.3795087337493896	3.1532225608825684	4.996114253997803	0.0	7.017165184020996	2.8428127765655518	2.203378200531006	3.8388774394989014	4.086878299713135	0.0	0.0	0.0	0.0	0.0	2.706486463546753	0.0	4.190219402313232	0.0	0.0	0.0	5.3490681648254395	0.0	3.2452988624572754	0.0	4.73219108581543	3.899662971496582	0.0	0.0	0.0	2.8875033855438232	0.0	0.0	0.0	0.0	0.0	0.0	0.0	3.1162357330322266	0.0	0.0	0.0	0.0	0.0	0.0	0.0	0.0	0.0	0.0	0.0	4.833136558532715	0.0	0.0	0.0	0.0	0.0	0.0	0.0	4.793586730957031	3.996173620223999	3.556436061859131	0.0	0.0	0.0	0.0	4.102554798126221	0.0	0.0	0.0	0.0	0.0	0.0	0.0	2.215440511703491	3.645045757293701	0.0	5.791159152984619	3.9881815910339355	3.269792318344116	0.0	0.0	3.7701609134674072	0.0	0.0	0.0	0.0	0.0	0.0	0.0	0.0	3.293886661529541	0.0	0.0	0.0	0.0	2.809586763381958
4.495311260223389	0.0	0.0	0.0	5.5093841552734375	0.0	5.942612648010254	0.0	0.0	0.0	0.0	0.0	0.0	0.0	0.0	0.0	3.5846023559570312	2.4005584716796875	0.0	0.0	0.0	1.9571739435195923	0.0	0.0	2.660438060760498	3.8876664638519287	0.0	0.0	0.0	0.0	2.821761131286621	2.252946138381958	0.0	2.377167224884033	3.1503231525421143	4.99139928817749	0.0	7.011739730834961	2.8402657508850098	2.2006680965423584	3.8343446254730225	4.084113597869873	0.0	0.0	0.0	0.0	0.0	2.702824115753174	0.0	4.1843719482421875	0.0	0.0	0.0	5.343714237213135	0.0	3.243006467819214	0.0	4.728360652923584	3.896517276763916	0.0	0.0	0.0	2.8857429027557373	0.0	0.0	0.0	0.0	0.0	0.0	0.0	3.112863779067993	0.0	0.0	0.0	0.0	0.0	0.0	0.0	0.0	0.0	0.0	0.0	4.829466819763184	0.0	0.0	0.0	0.0	0.0	0.0	0.0	4.789253234863281	3.9920408725738525	3.552316665649414	0.0	0.0	0.0	0.0	4.0991668701171875	0.0	0.0	0.0	0.0	0.0	0.0	0.0	2.2125675678253174	3.6420159339904785	0.0	5.785175800323486	3.9842369556427	3.2673139572143555	0.0	0.0	3.767249584197998	0.0	0.0	0.0	0.0	0.0	0.0	0.0	0.0	3.2908596992492676	0.0	0.0	0.0	0.0	2.8062491416931152
4.49993896484375	0.0	0.0	0.0	5.514036178588867	0.0	5.9481072425842285	0.0	0.0	0.0	0.0	0.0	0.0	0.0	0.0	0.0	3.5870816707611084	2.402444839477539	0.0	0.0	0.0	1.959007978439331	0.0	0.0	2.6636862754821777	3.8906047344207764	0.0	0.0	0.0	0.0	2.824042558670044	2.255016565322876	0.0	2.379739761352539	3.152757406234741	4.994830131530762	0.0	7.018927574157715	2.8423385620117188	2.202228546142578	3.8381762504577637	4.086991786956787	0.0	0.0	0.0	0.0	0.0	2.7058205604553223	0.0	4.188560485839844	0.0	0.0	0.0	5.347806930541992	0.0	3.2457213401794434	0.0	4.73140287399292	3.8995590209960938	0.0	0.0	0.0	2.8879451751708984	0.0	0.0	0.0	0.0	0.0	0.0	0.0	3.114481210708618	0.0	0.0	0.0	0.0	0.0	0.0	0.0	0.0	0.0	0.0	0.0	4.833250999450684	0.0	0.0	0.0	0.0	0.0	0.0	0.0	4.793451309204102	3.9945449829101562	3.5560057163238525	0.0	0.0	0.0	0.0	4.103309154510498	0.0	0.0	0.0	0.0	0.0	0.0	0.0	2.2142207622528076	3.644740343093872	0.0	5.790538787841797	3.9872968196868896	3.270153045654297	0.0	0.0	3.7704031467437744	0.0	0.0	0.0	0.0	0.0	0.0	0.0	0.0	3.2934701442718506	0.0	0.0	0.0	0.0	2.8083534240722656
4.488595008850098	0.0	0.0	0.0	5.501745223999023	0.0	5.93681001663208	0.0	0.0	0.0	0.0	0.0	0.0	0.0	0.0	0.0	3.580592632293701	2.39856219291687	0.0	0.0	0.0	1.9521805047988892	0.0	0.0	2.6564953327178955	3.8822853565216064	0.0	0.0	0.0	0.0	2.8182480335235596	2.2497384548187256	0.0	2.3747241497039795	3.1456539630889893	4.983981132507324	0.0	7.004306316375732	2.836059093475342	2.1962578296661377	3.8308472633361816	4.079319477081299	0.0	0.0	0.0	0.0	0.0	2.7002103328704834	0.0	4.179132461547852	0.0	0.0	0.0	5.337371826171875	0.0	3.239593982696533	0.0	4.722390174865723	3.8909218311309814	0.0	0.0	0.0	2.8821873664855957	0.0	0.0	0.0	0.0	0.0	0.0	0.0	3.1093647480010986	0.0	0.0	0.0	0.0	0.0	0.0	0.0	0.0	0.0	0.0	0.0	4.822636127471924	0.0	0.0	0.0	0.0	0.0	0.0	0.0	4.783875942230225	3.985596179962158	3.5480167865753174	0.0	0.0	0.0	0.0	4.0943989753723145	0.0	0.0	0.0	0.0	0.0	0.0	0.0	2.210193634033203	3.6369078159332275	0.0	5.778730392456055	3.979565143585205	3.2635414600372314	0.0	0.0	3.7633512020111084	0.0	0.0	0.0	0.0	0.0	0.0	0.0	0.0	3.2853565216064453	0.0	0.0	0.0	0.0	2.803476333618164
4.495975971221924	0.0	0.0	0.0	5.509647846221924	0.0	5.943434715270996	0.0	0.0	0.0	0.0	0.0	0.0	0.0	0.0	0.0	3.5851922035217285	2.4012439250946045	0.0	0.0	0.0	1.9563771486282349	0.0	0.0	2.6610403060913086	3.8885371685028076	0.0	0.0	0.0	0.0	2.8222382068634033	2.2533066272735596	0.0	2.377626895904541	3.1502695083618164	4.991453647613525	0.0	7.012743949890137	2.8410494327545166	2.201148271560669	3.8352677822113037	4.084377288818359	0.0	0.0	0.0	0.0	0.0	2.703974962234497	0.0	4.185730457305908	0.0	0.0	0.0	5.3440961837768555	0.0	3.242915153503418	0.0	4.727873802185059	3.897142171859741	0.0	0.0	0.0	2.885727643966675	0.0	0.0	0.0	0.0	0.0	0.0	0.0	3.1130759716033936	0.0	0.0	0.0	0.0	0.0	0.0	0.0	0.0	0.0	0.0	0.0	4.8295464515686035	0.0	0.0	0.0	0.0	0.0	0.0	0.0	4.790185928344727	3.9928486347198486	3.553785800933838	0.0	0.0	0.0	0.0	4.099436283111572	0.0	0.0	0.0	0.0	0.0	0.0	0.0	2.213655948638916	3.6419739723205566	0.0	5.785421848297119	3.985154151916504	3.268364429473877	0.0	0.0	3.767144203186035	0.0	0.0	0.0	0.0	0.0	0.0	0.0	0.0	3.2909839153289795	0.0	0.0	0.0	0.0	2.8066177368164062
4.499631881713867	0.0	0.0	0.0	5.512744426727295	0.0	5.946441173553467	0.0	0.0	0.0	0.0	0.0	0.0	0.0	0.0	0.0	3.5869386196136475	2.4018754959106445	0.0	0.0	0.0	1.9571582078933716	0.0	0.0	2.6630637645721436	3.890094757080078	0.0	0.0	0.0	0.0	2.8231120109558105	2.2546298503875732	0.0	2.3788723945617676	3.1517703533172607	4.994893550872803	0.0	7.01690673828125	2.842376232147217	2.2020046710968018	3.83764386177063	4.085787296295166	0.0	0.0	0.0	0.0	0.0	2.7053322792053223	0.0	4.188475608825684	0.0	0.0	0.0	5.347722053527832	0.0	3.24476957321167	0.0	4.7318220138549805	3.898813009262085	0.0	0.0	0.0	2.887280225753784	0.0	0.0	0.0	0.0	0.0	0.0	0.0	3.115605592727661	0.0	0.0	0.0	0.0	0.0	0.0	0.0	0.0	0.0	0.0	0.0	4.83216667175293	0.0	0.0	0.0	0.0	0.0	0.0	0.0	4.793478488922119	3.9947166442871094	3.555865526199341	0.0	0.0	0.0	0.0	4.100663661956787	0.0	0.0	0.0	0.0	0.0	0.0	0.0	2.2147045135498047	3.6432504653930664	0.0	5.789468288421631	3.9871726036071777	3.2693827152252197	0.0	0.0	3.769381523132324	0.0	0.0	0.0	0.0	0.0	0.0	0.0	0.0	3.2928168773651123	0.0	0.0	0.0	0.0	2.8073863983154297
4.496862411499023	0.0	0.0	0.0	5.510870456695557	0.0	5.945980072021484	0.0	0.0	0.0	0.0	0.0	0.0	0.0	0.0	0.0	3.5853660106658936	2.4023091793060303	0.0	0.0	0.0	1.95634126663208	0.0	0.0	2.6615939140319824	3.8892033100128174	0.0	0.0	0.0	0.0	2.821340560913086	2.2539329528808594	0.0	2.378002882003784	3.1506850719451904	4.992310523986816	0.0	7.014074802398682	2.8412363529205322	2.201019763946533	3.8359508514404297	4.085055351257324	0.0	0.0	0.0	0.0	0.0	2.703641891479492	0.0	4.186333179473877	0.0	0.0	0.0	5.345640182495117	0.0	3.244503974914551	0.0	4.729320526123047	3.8978869915008545	0.0	0.0	0.0	2.887253761291504	0.0	0.0	0.0	0.0	0.0	0.0	0.0	3.1134581565856934	0.0	0.0	0.0	0.0	0.0	0.0	0.0	0.0	0.0	0.0	0.0	4.830657958984375	0.0	0.0	0.0	0.0	0.0	0.0	0.0	4.7910566329956055	3.9920098781585693	3.55371356010437	0.0	0.0	0.0	0.0	4.100215435028076	0.0	0.0	0.0	0.0	0.0	0.0	0.0	2.213359832763672	3.6423497200012207	0.0	5.786775588989258	3.9855024814605713	3.2687621116638184	0.0	0.0	3.7674052715301514	0.0	0.0	0.0	0.0	0.0	0.0	0.0	0.0	3.2910261154174805	0.0	0.0	0.0	0.0	2.8061585426330566
4.494222164154053	0.0	0.0	0.0	5.507567405700684	0.0	5.942355155944824	0.0	0.0	0.0	0.0	0.0	0.0	0.0	0.0	0.0	3.582582712173462	2.401440382003784	0.0	0.0	0.0	1.9562878608703613	0.0	0.0	2.660309314727783	3.8865766525268555	0.0	0.0	0.0	0.0	2.8198628425598145	2.2523982524871826	0.0	2.377377510070801	3.1489310264587402	4.989607810974121	0.0	7.0105977058410645	2.8398630619049072	2.199434518814087	3.8342392444610596	4.082852840423584	0.0	0.0	0.0	0.0	0.0	2.7019786834716797	0.0	4.18418025970459	0.0	0.0	0.0	5.3425679206848145	0.0	3.2426881790161133	0.0	4.7276201248168945	3.8954522609710693	0.0	0.0	0.0	2.8855974674224854	0.0	0.0	0.0	0.0	0.0	0.0	0.0	3.1115305423736572	0.0	0.0	0.0	0.0	0.0	0.0	0.0	0.0	0.0	0.0	0.0	4.827401638031006	0.0	0.0	0.0	0.0	0.0	0.0	0.0	4.788322448730469	3.9908721446990967	3.5515336990356445	0.0	0.0	0.0	0.0	4.097695350646973	0.0	0.0	0.0	0.0	0.0	0.0	0.0	2.212270736694336	3.6393909454345703	0.0	5.784153938293457	3.982274055480957	3.2677886486053467	0.0	0.0	3.766265869140625	0.0	0.0	0.0	0.0	0.0	0.0	0.0	0.0	3.28928542137146	0.0	0.0	0.0	0.0	2.804921865463257
4.4780778884887695	0.0	0.0	0.0	5.491515636444092	0.0	5.924767017364502	0.0	0.0	0.0	0.0	0.0	0.0	0.0	0.0	0.0	3.5704867839813232	2.3935906887054443	0.0	0.0	0.0	1.9499149322509766	0.0	0.0	2.6516478061676025	3.8735904693603516	0.0	0.0	0.0	0.0	2.8097779750823975	2.24434232711792	0.0	2.3697540760040283	3.1372010707855225	4.972437381744385	0.0	6.989140033721924	2.8291471004486084	2.190559148788452	3.8198468685150146	4.06897497177124	0.0	0.0	0.0	0.0	0.0	2.69425106048584	0.0	4.168304443359375	0.0	0.0	0.0	5.325331211090088	0.0	3.23382568359375	0.0	4.7109055519104	3.8829233646392822	0.0	0.0	0.0	2.8781192302703857	0.0	0.0	0.0	0.0	0.0	0.0	0.0	3.1009232997894287	0.0	0.0	0.0	0.0	0.0	0.0	0.0	0.0	0.0	0.0	0.0	4.812907695770264	0.0	0.0	0.0	0.0	0.0	0.0	0.0	4.773179054260254	3.9764299392700195	3.540944814682007	0.0	0.0	0.0	0.0	4.08489990234375	0.0	0.0	0.0	0.0	0.0	0.0	0.0	2.2048163414001465	3.627276659011841	0.0	5.7639055252075195	3.9696266651153564	3.2571704387664795	0.0	0.0	3.7539851665496826	0.0	0.0	0.0	0.0	0.0	0.0	0.0	0.0	3.2775650024414062	0.0	0.0	0.0	0.0	2.7959227561950684
4.491331577301025	0.0	0.0	0.0	5.505237102508545	0.0	5.939986228942871	0.0	0.0	0.0	0.0	0.0	0.0	0.0	0.0	0.0	3.581193447113037	2.3997669219970703	0.0	0.0	0.0	1.9556057453155518	0.0	0.0	2.6596882343292236	3.8846068382263184	0.0	0.0	0.0	0.0	2.8198485374450684	2.2513620853424072	0.0	2.375685214996338	3.147934913635254	4.987064361572266	0.0	7.007314205169678	2.8376011848449707	2.1985504627227783	3.832505941390991	4.07979679107666	0.0	0.0	0.0	0.0	0.0	2.7017643451690674	0.0	4.180563449859619	0.0	0.0	0.0	5.339829921722412	0.0	3.2419304847717285	0.0	4.724821090698242	3.893968343734741	0.0	0.0	0.0	2.8835248947143555	0.0	0.0	0.0	0.0	0.0	0.0	0.0	3.1109509468078613	0.0	0.0	0.0	0.0	0.0	0.0	0.0	0.0	0.0	0.0	0.0	4.825255393981934	0.0	0.0	0.0	0.0	0.0	0.0	0.0	4.786838531494141	3.9887754917144775	3.5500779151916504	0.0	0.0	0.0	0.0	4.096553802490234	0.0	0.0	0.0	0.0	0.0	0.0	0.0	2.2112278938293457	3.6382274627685547	0.0	5.780756950378418	3.980940341949463	3.2656595706939697	0.0	0.0	3.7644166946411133	0.0	0.0	0.0	0.0	0.0	0.0	0.0	0.0	3.2874808311462402	0.0	0.0	0.0	0.0	2.8028252124786377
4.474315643310547	0.0	0.0	0.0	5.481989860534668	0.0	5.915236949920654	0.0	0.0	0.0	0.0	0.0	0.0	0.0	0.0	0.0	3.5650856494903564	2.389347553253174	0.0	0.0	0.0	1.9482282400131226	0.0	0.0	2.6479737758636475	3.870396375656128	0.0	0.0	0.0	0.0	2.8086435794830322	2.240534543991089	0.0	2.3645150661468506	3.1339969635009766	4.967491626739502	0.0	6.976686000823975	2.826479196548462	2.1904964447021484	3.8145294189453125	4.060006141662598	0.0	0.0	0.0	0.0	0.0	2.6910715103149414	0.0	4.167226314544678	0.0	0.0	0.0	5.318946838378906	0.0	3.2285873889923096	0.0	4.705766677856445	3.876795768737793	0.0	0.0	0.0	2.8723413944244385	0.0	0.0	0.0	0.0	0.0	0.0	0.0	3.098053216934204	0.0	0.0	0.0	0.0	0.0	0.0	0.0	0.0	0.0	0.0	0.0	4.807906627655029	0.0	0.0	0.0	0.0	0.0	0.0	0.0	4.766659259796143	3.974045991897583	3.5342648029327393	0.0	0.0	0.0	0.0	4.07880973815918	0.0	0.0	0.0	0.0	0.0	0.0	0.0	2.2004082202911377	3.6239240169525146	0.0	5.7587127685546875	3.9631590843200684	3.2517104148864746	0.0	0.0	3.7483901977539062	0.0	0.0	0.0	0.0	0.0	0.0	0.0	0.0	3.2750351428985596	0.0	0.0	0.0	0.0	2.790778636932373
4.497901916503906	0.0	0.0	0.0	5.511899471282959	0.0	5.9460296630859375	0.0	0.0	0.0	0.0	0.0	0.0	0.0	0.0	0.0	3.5871784687042236	2.401538372039795	0.0	0.0	0.0	1.956923007965088	0.0	0.0	2.662691354751587	3.889956474304199	0.0	0.0	0.0	0.0	2.823869466781616	2.254598379135132	0.0	2.3789007663726807	3.1519827842712402	4.994150638580322	0.0	7.016332626342773	2.841461181640625	2.2007949352264404	3.8370447158813477	4.0861334800720215	0.0	0.0	0.0	0.0	0.0	2.705050468444824	0.0	4.18806791305542	0.0	0.0	0.0	5.346811294555664	0.0	3.2444231510162354	0.0	4.730367183685303	3.899427890777588	0.0	0.0	0.0	2.888488292694092	0.0	0.0	0.0	0.0	0.0	0.0	0.0	3.1139419078826904	0.0	0.0	0.0	0.0	0.0	0.0	0.0	0.0	0.0	0.0	0.0	4.831966400146484	0.0	0.0	0.0	0.0	0.0	0.0	0.0	4.791880130767822	3.994008779525757	3.5548954010009766	0.0	0.0	0.0	0.0	4.100821018218994	0.0	0.0	0.0	0.0	0.0	0.0	0.0	2.2132480144500732	3.642657995223999	0.0	5.788581848144531	3.9871928691864014	3.2693564891815186	0.0	0.0	3.7681446075439453	0.0	0.0	0.0	0.0	0.0	0.0	0.0	0.0	3.2918357849121094	0.0	0.0	0.0	0.0	2.8076422214508057
4.497387886047363	0.0	0.0	0.0	5.511040687561035	0.0	5.944325923919678	0.0	0.0	0.0	0.0	0.0	0.0	0.0	0.0	0.0	3.5866734981536865	2.401106357574463	0.0	0.0	0.0	1.9567995071411133	0.0	0.0	2.661545991897583	3.889004945755005	0.0	0.0	0.0	0.0	2.823019027709961	2.2541885375976562	0.0	2.3776192665100098	3.1512296199798584	4.993407726287842	0.0	7.014122009277344	2.8417320251464844	2.201303005218506	3.83686900138855	4.084975242614746	0.0	0.0	0.0	0.0	0.0	2.7041664123535156	0.0	4.187532901763916	0.0	0.0	0.0	5.345864295959473	0.0	3.243192672729492	0.0	4.729706287384033	3.8983356952667236	0.0	0.0	0.0	2.8868958950042725	0.0	0.0	0.0	0.0	0.0	0.0	0.0	3.114208459854126	0.0	0.0	0.0	0.0	0.0	0.0	0.0	0.0	0.0	0.0	0.0	4.830045223236084	0.0	0.0	0.0	0.0	0.0	0.0	0.0	4.791048049926758	3.9933176040649414	3.5546226501464844	0.0	0.0	0.0	0.0	4.099963188171387	0.0	0.0	0.0	0.0	0.0	0.0	0.0	2.213207483291626	3.6422088146209717	0.0	5.7871317863464355	3.985901355743408	3.2683823108673096	0.0	0.0	3.7681941986083984	0.0	0.0	0.0	0.0	0.0	0.0	0.0	0.0	3.2916266918182373	0.0	0.0	0.0	0.0	2.806967258453369
4.494246006011963	0.0	0.0	0.0	5.507976055145264	0.0	5.941341876983643	0.0	0.0	0.0	0.0	0.0	0.0	0.0	0.0	0.0	3.583057165145874	2.4000613689422607	0.0	0.0	0.0	1.9554269313812256	0.0	0.0	2.6595535278320312	3.885782480239868	0.0	0.0	0.0	0.0	2.820155143737793	2.2516989707946777	0.0	2.3761744499206543	3.149822950363159	4.989271640777588	0.0	7.0102128982543945	2.8390634059906006	2.1993532180786133	3.8328208923339844	4.08192777633667	0.0	0.0	0.0	0.0	0.0	2.703115940093994	0.0	4.184573650360107	0.0	0.0	0.0	5.341676712036133	0.0	3.242088556289673	0.0	4.727306842803955	3.895169258117676	0.0	0.0	0.0	2.88478422164917	0.0	0.0	0.0	0.0	0.0	0.0	0.0	3.1120574474334717	0.0	0.0	0.0	0.0	0.0	0.0	0.0	0.0	0.0	0.0	0.0	4.827102184295654	0.0	0.0	0.0	0.0	0.0	0.0	0.0	4.788354873657227	3.9904301166534424	3.551795482635498	0.0	0.0	0.0	0.0	4.096554756164551	0.0	0.0	0.0	0.0	0.0	0.0	0.0	2.211634397506714	3.638786792755127	0.0	5.78373908996582	3.9826481342315674	3.2677500247955322	0.0	0.0	3.7652363777160645	0.0	0.0	0.0	0.0	0.0	0.0	0.0	0.0	3.288806676864624	0.0	0.0	0.0	0.0	2.804572343826294
4.494306564331055	0.0	0.0	0.0	5.508208751678467	0.0	5.942188262939453	0.0	0.0	0.0	0.0	0.0	0.0	0.0	0.0	0.0	3.5831615924835205	2.4014358520507812	0.0	0.0	0.0	1.9564576148986816	0.0	0.0	2.6603994369506836	3.8870694637298584	0.0	0.0	0.0	0.0	2.819958448410034	2.253014087677002	0.0	2.376483678817749	3.148649215698242	4.989087104797363	0.0	7.009647846221924	2.8392364978790283	2.1998469829559326	3.8332290649414062	4.082576274871826	0.0	0.0	0.0	0.0	0.0	2.703399658203125	0.0	4.18412446975708	0.0	0.0	0.0	5.343282699584961	0.0	3.241100788116455	0.0	4.726778507232666	3.895700216293335	0.0	0.0	0.0	2.8854217529296875	0.0	0.0	0.0	0.0	0.0	0.0	0.0	3.1118714809417725	0.0	0.0	0.0	0.0	0.0	0.0	0.0	0.0	0.0	0.0	0.0	4.826971054077148	0.0	0.0	0.0	0.0	0.0	0.0	0.0	4.7883172035217285	3.9912397861480713	3.552262306213379	0.0	0.0	0.0	0.0	4.098149299621582	0.0	0.0	0.0	0.0	0.0	0.0	0.0	2.2123494148254395	3.639986276626587	0.0	5.784156322479248	3.9824564456939697	3.2668070793151855	0.0	0.0	3.7658822536468506	0.0	0.0	0.0	0.0	0.0	0.0	0.0	0.0	3.2898406982421875	0.0	0.0	0.0	0.0	2.804600715637207
4.496097087860107	0.0	0.0	0.0	5.508547782897949	0.0	5.940634250640869	0.0	0.0	0.0	0.0	0.0	0.0	0.0	0.0	0.0	3.5847785472869873	2.399808168411255	0.0	0.0	0.0	1.955913782119751	0.0	0.0	2.661060094833374	3.8863539695739746	0.0	0.0	0.0	0.0	2.8212883472442627	2.2527191638946533	0.0	2.376788377761841	3.1505894660949707	4.991517543792725	0.0	7.010796070098877	2.840078592300415	2.201031446456909	3.835562229156494	4.084041118621826	0.0	0.0	0.0	0.0	0.0	2.7050018310546875	0.0	4.186047554016113	0.0	0.0	0.0	5.343809127807617	0.0	3.242440700531006	0.0	4.727475643157959	3.896644353866577	0.0	0.0	0.0	2.8864495754241943	0.0	0.0	0.0	0.0	0.0	0.0	0.0	3.1131463050842285	0.0	0.0	0.0	0.0	0.0	0.0	0.0	0.0	0.0	0.0	0.0	4.827456474304199	0.0	0.0	0.0	0.0	0.0	0.0	0.0	4.789705276489258	3.9918265342712402	3.552657127380371	0.0	0.0	0.0	0.0	4.097682952880859	0.0	0.0	0.0	0.0	0.0	0.0	0.0	2.212186098098755	3.6405563354492188	0.0	5.785762786865234	3.9834039211273193	3.2677292823791504	0.0	0.0	3.766122341156006	0.0	0.0	0.0	0.0	0.0	0.0	0.0	0.0	3.2897844314575195	0.0	0.0	0.0	0.0	2.8059351444244385
4.493311405181885	0.0	0.0	0.0	5.506543159484863	0.0	5.940775394439697	0.0	0.0	0.0	0.0	0.0	0.0	0.0	0.0	0.0	3.58282470703125	2.4000954627990723	0.0	0.0	0.0	1.955802321434021	0.0	0.0	2.659095048904419	3.8861804008483887	0.0	0.0	0.0	0.0	2.8198816776275635	2.251471519470215	0.0	2.3759233951568604	3.148481845855713	4.988669395446777	0.0	7.009609222412109	2.839343547821045	2.1988534927368164	3.833463191986084	4.08279275894165	0.0	0.0	0.0	0.0	0.0	2.7020883560180664	0.0	4.183149814605713	0.0	0.0	0.0	5.340954303741455	0.0	3.2423062324523926	0.0	4.726833343505859	3.895045757293701	0.0	0.0	0.0	2.884596824645996	0.0	0.0	0.0	0.0	0.0	0.0	0.0	3.1114342212677	0.0	0.0	0.0	0.0	0.0	0.0	0.0	0.0	0.0	0.0	0.0	4.826977729797363	0.0	0.0	0.0	0.0	0.0	0.0	0.0	4.78723669052124	3.99018931388855	3.551170825958252	0.0	0.0	0.0	0.0	4.096749305725098	0.0	0.0	0.0	0.0	0.0	0.0	0.0	2.212808847427368	3.638237714767456	0.0	5.783144950866699	3.981482982635498	3.265716791152954	0.0	0.0	3.7656240463256836	0.0	0.0	0.0	0.0	0.0	0.0	0.0	0.0	3.288712501525879	0.0	0.0	0.0	0.0	2.803601026535034
4.499475955963135	0.0	0.0	0.0	5.512482166290283	0.0	5.944955348968506	0.0	0.0	0.0	0.0	0.0	0.0	0.0	0.0	0.0	3.587221384048462	2.4015262126922607	0.0	0.0	0.0	1.9567428827285767	0.0	0.0	2.6619458198547363	3.8896353244781494	0.0	0.0	0.0	0.0	2.823592185974121	2.2556095123291016	0.0	2.378269672393799	3.152683734893799	4.994016647338867	0.0	7.014981269836426	2.8416619300842285	2.201998233795166	3.837188243865967	4.085682392120361	0.0	0.0	0.0	0.0	0.0	2.704941987991333	0.0	4.188279151916504	0.0	0.0	0.0	5.347332000732422	0.0	3.244523048400879	0.0	4.730691432952881	3.8979711532592773	0.0	0.0	0.0	2.8875489234924316	0.0	0.0	0.0	0.0	0.0	0.0	0.0	3.1145951747894287	0.0	0.0	0.0	0.0	0.0	0.0	0.0	0.0	0.0	0.0	0.0	4.831380844116211	0.0	0.0	0.0	0.0	0.0	0.0	0.0	4.792728900909424	3.994943618774414	3.554800271987915	0.0	0.0	0.0	0.0	4.100361347198486	0.0	0.0	0.0	0.0	0.0	0.0	0.0	2.2146658897399902	3.6431989669799805	0.0	5.788967132568359	3.9868791103363037	3.26910138130188	0.0	0.0	3.7693676948547363	0.0	0.0	0.0	0.0	0.0	0.0	0.0	0.0	3.2914974689483643	0.0	0.0	0.0	0.0	2.8067774772644043
4.494592189788818	0.0	0.0	0.0	5.508406639099121	0.0	5.942389965057373	0.0	0.0	0.0	0.0	0.0	0.0	0.0	0.0	0.0	3.5835251808166504	2.4000301361083984	0.0	0.0	0.0	1.9562938213348389	0.0	0.0	2.660780668258667	3.8876593112945557	0.0	0.0	0.0	0.0	2.8206868171691895	2.2532944679260254	0.0	2.3774731159210205	3.149989128112793	4.991241931915283	0.0	7.011005401611328	2.8400163650512695	2.200065851211548	3.8337066173553467	4.083310604095459	0.0	0.0	0.0	0.0	0.0	2.7034707069396973	0.0	4.184326648712158	0.0	0.0	0.0	5.343720436096191	0.0	3.2425801753997803	0.0	4.7275776863098145	3.8962786197662354	0.0	0.0	0.0	2.8861546516418457	0.0	0.0	0.0	0.0	0.0	0.0	0.0	3.112457275390625	0.0	0.0	0.0	0.0	0.0	0.0	0.0	0.0	0.0	0.0	0.0	4.828199863433838	0.0	0.0	0.0	0.0	0.0	0.0	0.0	4.788949966430664	3.9915809631347656	3.5526905059814453	0.0	0.0	0.0	0.0	4.098060131072998	0.0	0.0	0.0	0.0	0.0	0.0	0.0	2.2128207683563232	3.6406712532043457	0.0	5.784418106079102	3.9837560653686523	3.2676587104797363	0.0	0.0	3.766491651535034	0.0	0.0	0.0	0.0	0.0	0.0	0.0	0.0	3.289807081222534	0.0	0.0	0.0	0.0	2.8057799339294434
4.498455047607422	0.0	0.0	0.0	5.513312816619873	0.0	5.9465227127075195	0.0	0.0	0.0	0.0	0.0	0.0	0.0	0.0	0.0	3.587230682373047	2.4025967121124268	0.0	0.0	0.0	1.9582319259643555	0.0	0.0	2.662843942642212	3.8903093338012695	0.0	0.0	0.0	0.0	2.823549509048462	2.2540788650512695	0.0	2.3791592121124268	3.151683807373047	4.994730472564697	0.0	7.017029762268066	2.8418140411376953	2.201371192932129	3.8371737003326416	4.08660364151001	0.0	0.0	0.0	0.0	0.0	2.7053918838500977	0.0	4.188007831573486	0.0	0.0	0.0	5.348163604736328	0.0	3.2450857162475586	0.0	4.730820655822754	3.899559497833252	0.0	0.0	0.0	2.887507438659668	0.0	0.0	0.0	0.0	0.0	0.0	0.0	3.1145286560058594	0.0	0.0	0.0	0.0	0.0	0.0	0.0	0.0	0.0	0.0	0.0	4.832002639770508	0.0	0.0	0.0	0.0	0.0	0.0	0.0	4.793692588806152	3.994750499725342	3.5547919273376465	0.0	0.0	0.0	0.0	4.101954936981201	0.0	0.0	0.0	0.0	0.0	0.0	0.0	2.2139129638671875	3.6431772708892822	0.0	5.789352893829346	3.987208366394043	3.2703518867492676	0.0	0.0	3.7682976722717285	0.0	0.0	0.0	0.0	0.0	0.0	0.0	0.0	3.292689561843872	0.0	0.0	0.0	0.0	2.807790994644165
4.4993977546691895	0.0	0.0	0.0	5.5132293701171875	0.0	5.945768356323242	0.0	0.0	0.0	0.0	0.0	0.0	0.0	0.0	0.0	3.587311029434204	2.401965379714966	0.0	0.0	0.0	1.95805823802948	0.0	0.0	2.6625266075134277	3.890068769454956	0.0	0.0	0.0	0.0	2.8239011764526367	2.2558438777923584	0.0	2.3782875537872314	3.1527137756347656	4.995148658752441	0.0	7.0166521072387695	2.842798948287964	2.202435255050659	3.8384857177734375	4.086588382720947	0.0	0.0	0.0	0.0	0.0	2.7058794498443604	0.0	4.189252853393555	0.0	0.0	0.0	5.347837448120117	0.0	3.2442572116851807	0.0	4.730967998504639	3.899393320083618	0.0	0.0	0.0	2.8877034187316895	0.0	0.0	0.0	0.0	0.0	0.0	0.0	3.1158876419067383	0.0	0.0	0.0	0.0	0.0	0.0	0.0	0.0	0.0	0.0	0.0	4.832015037536621	0.0	0.0	0.0	0.0	0.0	0.0	0.0	4.793184757232666	3.995332956314087	3.5560855865478516	0.0	0.0	0.0	0.0	4.101487636566162	0.0	0.0	0.0	0.0	0.0	0.0	0.0	2.2146711349487305	3.6448442935943604	0.0	5.790487766265869	3.987560749053955	3.2694735527038574	0.0	0.0	3.7694923877716064	0.0	0.0	0.0	0.0	0.0	0.0	0.0	0.0	3.292846441268921	0.0	0.0	0.0	0.0	2.8082516193389893
4.493175983428955	0.0	0.0	0.0	5.507083892822266	0.0	5.9420576095581055	0.0	0.0	0.0	0.0	0.0	0.0	0.0	0.0	0.0	3.582655191421509	2.400055408477783	0.0	0.0	0.0	1.9553754329681396	0.0	0.0	2.660092830657959	3.886385679244995	0.0	0.0	0.0	0.0	2.8204333782196045	2.2517740726470947	0.0	2.3773844242095947	3.1480305194854736	4.989427089691162	0.0	7.00941276550293	2.8395943641662598	2.1990818977355957	3.8331284523010254	4.082136154174805	0.0	0.0	0.0	0.0	0.0	2.702332019805908	0.0	4.1826171875	0.0	0.0	0.0	5.341588020324707	0.0	3.2425448894500732	0.0	4.72640323638916	3.895869493484497	0.0	0.0	0.0	2.8856570720672607	0.0	0.0	0.0	0.0	0.0	0.0	0.0	3.1111505031585693	0.0	0.0	0.0	0.0	0.0	0.0	0.0	0.0	0.0	0.0	0.0	4.826487064361572	0.0	0.0	0.0	0.0	0.0	0.0	0.0	4.787563800811768	3.9895174503326416	3.551330327987671	0.0	0.0	0.0	0.0	4.09817361831665	0.0	0.0	0.0	0.0	0.0	0.0	0.0	2.211530923843384	3.6395962238311768	0.0	5.782655239105225	3.9824721813201904	3.266746759414673	0.0	0.0	3.7652876377105713	0.0	0.0	0.0	0.0	0.0	0.0	0.0	0.0	3.2881155014038086	0.0	0.0	0.0	0.0	2.8046417236328125
4.498558044433594	0.0	0.0	0.0	5.513611316680908	0.0	5.94728422164917	0.0	0.0	0.0	0.0	0.0	0.0	0.0	0.0	0.0	3.5878281593322754	2.401949644088745	0.0	0.0	0.0	1.9577165842056274	0.0	0.0	2.6626734733581543	3.890702724456787	0.0	0.0	0.0	0.0	2.823387384414673	2.254692792892456	0.0	2.3791229724884033	3.152384042739868	4.9948954582214355	0.0	7.017444610595703	2.8423781394958496	2.2015273571014404	3.8366973400115967	4.088040351867676	0.0	0.0	0.0	0.0	0.0	2.705686092376709	0.0	4.188080787658691	0.0	0.0	0.0	5.348191738128662	0.0	3.2459120750427246	0.0	4.731106281280518	3.8997280597686768	0.0	0.0	0.0	2.887587547302246	0.0	0.0	0.0	0.0	0.0	0.0	0.0	3.1145577430725098	0.0	0.0	0.0	0.0	0.0	0.0	0.0	0.0	0.0	0.0	0.0	4.832250595092773	0.0	0.0	0.0	0.0	0.0	0.0	0.0	4.794114589691162	3.994908094406128	3.555553913116455	0.0	0.0	0.0	0.0	4.101639270782471	0.0	0.0	0.0	0.0	0.0	0.0	0.0	2.214228630065918	3.644033432006836	0.0	5.789146900177002	3.9875056743621826	3.2699527740478516	0.0	0.0	3.770355463027954	0.0	0.0	0.0	0.0	0.0	0.0	0.0	0.0	3.2920210361480713	0.0	0.0	0.0	0.0	2.807912826538086
4.4961466789245605	0.0	0.0	0.0	5.510342597961426	0.0	5.943486213684082	0.0	0.0	0.0	0.0	0.0	0.0	0.0	0.0	0.0	3.5843400955200195	2.401124954223633	0.0	0.0	0.0	1.9573301076889038	0.0	0.0	2.6612045764923096	3.888091802597046	0.0	0.0	0.0	0.0	2.822021484375	2.2532429695129395	0.0	2.37703800201416	3.150724411010742	4.991965293884277	0.0	7.01320743560791	2.8408255577087402	2.2001616954803467	3.835500478744507	4.0845489501953125	0.0	0.0	0.0	0.0	0.0	2.703685998916626	0.0	4.185605525970459	0.0	0.0	0.0	5.344667434692383	0.0	3.2437658309936523	0.0	4.729174613952637	3.8969063758850098	0.0	0.0	0.0	2.886037826538086	0.0	0.0	0.0	0.0	0.0	0.0	0.0	3.113685369491577	0.0	0.0	0.0	0.0	0.0	0.0	0.0	0.0	0.0	0.0	0.0	4.828579902648926	0.0	0.0	0.0	0.0	0.0	0.0	0.0	4.790933609008789	3.9923877716064453	3.553532123565674	0.0	0.0	0.0	0.0	4.099668502807617	0.0	0.0	0.0	0.0	0.0	0.0	0.0	2.2134978771209717	3.6423075199127197	0.0	5.786045074462891	3.9840712547302246	3.2683842182159424	0.0	0.0	3.7670607566833496	0.0	0.0	0.0	0.0	0.0	0.0	0.0	0.0	3.2904317378997803	0.0	0.0	0.0	0.0	2.80610728263855
4.453067779541016	0.0	0.0	0.0	5.456624507904053	0.0	5.888136863708496	0.0	0.0	0.0	0.0	0.0	0.0	0.0	0.0	0.0	3.5509986877441406	2.379286289215088	0.0	0.0	0.0	1.9402536153793335	0.0	0.0	2.6343672275543213	3.8506031036376953	0.0	0.0	0.0	0.0	2.7938392162323	2.2322611808776855	0.0	2.356173515319824	3.1208810806274414	4.94353723526001	0.0	6.9460649490356445	2.812107801437378	2.1796510219573975	3.800722360610962	4.046726703643799	0.0	0.0	0.0	0.0	0.0	2.6770265102386475	0.0	4.143677234649658	0.0	0.0	0.0	5.293269157409668	0.0	3.2137622833251953	0.0	4.6841206550598145	3.85986065864563	0.0	0.0	0.0	2.857788324356079	0.0	0.0	0.0	0.0	0.0	0.0	0.0	3.0851898193359375	0.0	0.0	0.0	0.0	0.0	0.0	0.0	0.0	0.0	0.0	0.0	4.784276962280273	0.0	0.0	0.0	0.0	0.0	0.0	0.0	4.74399995803833	3.9536595344543457	3.5204124450683594	0.0	0.0	0.0	0.0	4.06003999710083	0.0	0.0	0.0	0.0	0.0	0.0	0.0	2.1899092197418213	3.6080002784729004	0.0	5.730742931365967	3.9478611946105957	3.2365424633026123	0.0	0.0	3.7332065105438232	0.0	0.0	0.0	0.0	0.0	0.0	0.0	0.0	3.2593557834625244	0.0	0.0	0.0	0.0	2.7779016494750977
4.496659755706787	0.0	0.0	0.0	5.511263370513916	0.0	5.943061351776123	0.0	0.0	0.0	0.0	0.0	0.0	0.0	0.0	0.0	3.5855448246002197	2.400850296020508	0.0	0.0	0.0	1.957002878189087	0.0	0.0	2.661263942718506	3.8891043663024902	0.0	0.0	0.0	0.0	2.822415828704834	2.254240036010742	0.0	2.378091335296631	3.151355028152466	4.993456840515137	0.0	7.013867378234863	2.8414571285247803	2.20147705078125	3.83554744720459	4.085321426391602	0.0	0.0	0.0	0.0	0.0	2.7051045894622803	0.0	4.186733245849609	0.0	0.0	0.0	5.345828533172607	0.0	3.242387533187866	0.0	4.729944705963135	3.8975985050201416	0.0	0.0	0.0	2.8869354724884033	0.0	0.0	0.0	0.0	0.0	0.0	0.0	3.1144206523895264	0.0	0.0	0.0	0.0	0.0	0.0	0.0	0.0	0.0	0.0	0.0	4.829901218414307	0.0	0.0	0.0	0.0	0.0	0.0	0.0	4.790606498718262	3.9940478801727295	3.553267478942871	0.0	0.0	0.0	0.0	4.099839687347412	0.0	0.0	0.0	0.0	0.0	0.0	0.0	2.214183807373047	3.642571210861206	0.0	5.7876362800598145	3.9852006435394287	3.267899751663208	0.0	0.0	3.7670323848724365	0.0	0.0	0.0	0.0	0.0	0.0	0.0	0.0	3.291195869445801	0.0	0.0	0.0	0.0	2.8073689937591553
4.494253635406494	0.0	0.0	0.0	5.507103443145752	0.0	5.940060138702393	0.0	0.0	0.0	0.0	0.0	0.0	0.0	0.0	0.0	3.5840682983398438	2.3997092247009277	0.0	0.0	0.0	1.956339716911316	0.0	0.0	2.6595053672790527	3.8856587409973145	0.0	0.0	0.0	0.0	2.8206963539123535	2.251553773880005	0.0	2.376441717147827	3.149275302886963	4.9895243644714355	0.0	7.007937431335449	2.839385747909546	2.1999900341033936	3.8332276344299316	4.082694053649902	0.0	0.0	0.0	0.0	0.0	2.703791379928589	0.0	4.184548377990723	0.0	0.0	0.0	5.3423871994018555	0.0	3.2414963245391846	0.0	4.725832939147949	3.8951423168182373	0.0	0.0	0.0	2.8843047618865967	0.0	0.0	0.0	0.0	0.0	0.0	0.0	3.112186908721924	0.0	0.0	0.0	0.0	0.0	0.0	0.0	0.0	0.0	0.0	0.0	4.8262858390808105	0.0	0.0	0.0	0.0	0.0	0.0	0.0	4.787962913513184	3.992158889770508	3.5515620708465576	0.0	0.0	0.0	0.0	4.097012519836426	0.0	0.0	0.0	0.0	0.0	0.0	0.0	2.2117819786071777	3.6398515701293945	0.0	5.783229827880859	3.982557535171509	3.265859365463257	0.0	0.0	3.764688491821289	0.0	0.0	0.0	0.0	0.0	0.0	0.0	0.0	3.28853178024292	0.0	0.0	0.0	0.0	2.805220127105713
4.495959281921387	0.0	0.0	0.0	5.5103983879089355	0.0	5.943985462188721	0.0	0.0	0.0	0.0	0.0	0.0	0.0	0.0	0.0	3.5851309299468994	2.4006247520446777	0.0	0.0	0.0	1.9570069313049316	0.0	0.0	2.66023588180542	3.888711929321289	0.0	0.0	0.0	0.0	2.82204270362854	2.2544023990631104	0.0	2.37776255607605	3.1504783630371094	4.992496490478516	0.0	7.013354778289795	2.840852737426758	2.2012057304382324	3.8355021476745605	4.083859920501709	0.0	0.0	0.0	0.0	0.0	2.703942060470581	0.0	4.185608863830566	0.0	0.0	0.0	5.344695091247559	0.0	3.2428977489471436	0.0	4.728649616241455	3.897582530975342	0.0	0.0	0.0	2.8858835697174072	0.0	0.0	0.0	0.0	0.0	0.0	0.0	3.1134510040283203	0.0	0.0	0.0	0.0	0.0	0.0	0.0	0.0	0.0	0.0	0.0	4.829900741577148	0.0	0.0	0.0	0.0	0.0	0.0	0.0	4.789809703826904	3.9921486377716064	3.5532052516937256	0.0	0.0	0.0	0.0	4.099562644958496	0.0	0.0	0.0	0.0	0.0	0.0	0.0	2.2135159969329834	3.641730546951294	0.0	5.786599636077881	3.985167980194092	3.268092155456543	0.0	0.0	3.767646312713623	0.0	0.0	0.0	0.0	0.0	0.0	0.0	0.0	3.2903871536254883	0.0	0.0	0.0	0.0	2.8056540489196777
4.492931365966797	0.0	0.0	0.0	5.506909370422363	0.0	5.939600467681885	0.0	0.0	0.0	0.0	0.0	0.0	0.0	0.0	0.0	3.5824782848358154	2.399733304977417	0.0	0.0	0.0	1.9563684463500977	0.0	0.0	2.6596829891204834	3.8865065574645996	0.0	0.0	0.0	0.0	2.8191587924957275	2.2512288093566895	0.0	2.3770198822021484	3.1476831436157227	4.988764762878418	0.0	7.009686470031738	2.8395700454711914	2.1987338066101074	3.8323793411254883	4.081309795379639	0.0	0.0	0.0	0.0	0.0	2.7023563385009766	0.0	4.183102607727051	0.0	0.0	0.0	5.341111183166504	0.0	3.241887331008911	0.0	4.72526216506958	3.8949549198150635	0.0	0.0	0.0	2.885698080062866	0.0	0.0	0.0	0.0	0.0	0.0	0.0	3.112112522125244	0.0	0.0	0.0	0.0	0.0	0.0	0.0	0.0	0.0	0.0	0.0	4.826690196990967	0.0	0.0	0.0	0.0	0.0	0.0	0.0	4.787164688110352	3.9893109798431396	3.5520641803741455	0.0	0.0	0.0	0.0	4.097532749176025	0.0	0.0	0.0	0.0	0.0	0.0	0.0	2.212695598602295	3.6374740600585938	0.0	5.782656669616699	3.982787847518921	3.2663447856903076	0.0	0.0	3.764901638031006	0.0	0.0	0.0	0.0	0.0	0.0	0.0	0.0	3.2877087593078613	0.0	0.0	0.0	0.0	2.8045260906219482
4.495436668395996	0.0	0.0	0.0	5.507994651794434	0.0	5.943140029907227	0.0	0.0	0.0	0.0	0.0	0.0	0.0	0.0	0.0	3.5845794677734375	2.4003238677978516	0.0	0.0	0.0	1.9558954238891602	0.0	0.0	2.6601781845092773	3.887240171432495	0.0	0.0	0.0	0.0	2.821040153503418	2.2529122829437256	0.0	2.3771023750305176	3.1486756801605225	4.990970134735107	0.0	7.0111002922058105	2.8393073081970215	2.1998379230499268	3.8346621990203857	4.082968711853027	0.0	0.0	0.0	0.0	0.0	2.7024827003479004	0.0	4.184709072113037	0.0	0.0	0.0	5.343006134033203	0.0	3.2425460815429688	0.0	4.726195335388184	3.8961710929870605	0.0	0.0	0.0	2.884636163711548	0.0	0.0	0.0	0.0	0.0	0.0	0.0	3.112565755844116	0.0	0.0	0.0	0.0	0.0	0.0	0.0	0.0	0.0	0.0	0.0	4.827635765075684	0.0	0.0	0.0	0.0	0.0	0.0	0.0	4.789266109466553	3.9902074337005615	3.5520076751708984	0.0	0.0	0.0	0.0	4.098290920257568	0.0	0.0	0.0	0.0	0.0	0.0	0.0	2.2124485969543457	3.6409640312194824	0.0	5.7845025062561035	3.9837570190429688	3.267479181289673	0.0	0.0	3.766098737716675	0.0	0.0	0.0	0.0	0.0	0.0	0.0	0.0	3.2896780967712402	0.0	0.0	0.0	0.0	2.805467367172241
4.494429588317871	0.0	0.0	0.0	5.5073113441467285	0.0	5.93987512588501	0.0	0.0	0.0	0.0	0.0	0.0	0.0	0.0	0.0	3.5824239253997803	2.3991472721099854	0.0	0.0	0.0	1.9554451704025269	0.0	0.0	2.6607489585876465	3.8869566917419434	0.0	0.0	0.0	0.0	2.8202931880950928	2.252350091934204	0.0	2.3751139640808105	3.1483306884765625	4.989520072937012	0.0	7.009768962860107	2.839477062225342	2.1990084648132324	3.8328237533569336	4.082612991333008	0.0	0.0	0.0	0.0	0.0	2.7021236419677734	0.0	4.1835479736328125	0.0	0.0	0.0	5.34245491027832	0.0	3.241549491882324	0.0	4.7258710861206055	3.8943591117858887	0.0	0.0	0.0	2.884359121322632	0.0	0.0	0.0	0.0	0.0	0.0	0.0	3.11152720451355	0.0	0.0	0.0	0.0	0.0	0.0	0.0	0.0	0.0	0.0	0.0	4.827136039733887	0.0	0.0	0.0	0.0	0.0	0.0	0.0	4.787843704223633	3.9911818504333496	3.550675868988037	0.0	0.0	0.0	0.0	4.0971527099609375	0.0	0.0	0.0	0.0	0.0	0.0	0.0	2.2126073837280273	3.6400856971740723	0.0	5.784025192260742	3.983257293701172	3.2668354511260986	0.0	0.0	3.765470266342163	0.0	0.0	0.0	0.0	0.0	0.0	0.0	0.0	3.2903199195861816	0.0	0.0	0.0	0.0	2.8036131858825684
4.490470886230469	0.0	0.0	0.0	5.5029730796813965	0.0	5.935873508453369	0.0	0.0	0.0	0.0	0.0	0.0	0.0	0.0	0.0	3.580456018447876	2.3986761569976807	0.0	0.0	0.0	1.9547550678253174	0.0	0.0	2.6572439670562744	3.883012533187866	0.0	0.0	0.0	0.0	2.817983865737915	2.249274730682373	0.0	2.3755500316619873	3.145832061767578	4.985616683959961	0.0	7.002969264984131	2.8367698192596436	2.198068618774414	3.829054355621338	4.079206943511963	0.0	0.0	0.0	0.0	0.0	2.7003767490386963	0.0	4.181058406829834	0.0	0.0	0.0	5.338630199432373	0.0	3.23939847946167	0.0	4.722607135772705	3.8917579650878906	0.0	0.0	0.0	2.8840065002441406	0.0	0.0	0.0	0.0	0.0	0.0	0.0	3.109553098678589	0.0	0.0	0.0	0.0	0.0	0.0	0.0	0.0	0.0	0.0	0.0	4.822595119476318	0.0	0.0	0.0	0.0	0.0	0.0	0.0	4.783788681030273	3.9874699115753174	3.5483298301696777	0.0	0.0	0.0	0.0	4.093545436859131	0.0	0.0	0.0	0.0	0.0	0.0	0.0	2.20994234085083	3.6355783939361572	0.0	5.778817176818848	3.9774675369262695	3.263972043991089	0.0	0.0	3.761728048324585	0.0	0.0	0.0	0.0	0.0	0.0	0.0	0.0	3.2863056659698486	0.0	0.0	0.0	0.0	2.8016412258148193
4.497584342956543	0.0	0.0	0.0	5.511082172393799	0.0	5.944962024688721	0.0	0.0	0.0	0.0	0.0	0.0	0.0	0.0	0.0	3.5864078998565674	2.4009275436401367	0.0	0.0	0.0	1.9564847946166992	0.0	0.0	2.6614346504211426	3.8889899253845215	0.0	0.0	0.0	0.0	2.823117256164551	2.253922462463379	0.0	2.3783650398254395	3.1519346237182617	4.993363857269287	0.0	7.013577938079834	2.8413643836975098	2.2018303871154785	3.8360636234283447	4.0862040519714355	0.0	0.0	0.0	0.0	0.0	2.70440936088562	0.0	4.187644958496094	0.0	0.0	0.0	5.346663475036621	0.0	3.243785858154297	0.0	4.729214191436768	3.8977694511413574	0.0	0.0	0.0	2.8864636421203613	0.0	0.0	0.0	0.0	0.0	0.0	0.0	3.1149895191192627	0.0	0.0	0.0	0.0	0.0	0.0	0.0	0.0	0.0	0.0	0.0	4.830617904663086	0.0	0.0	0.0	0.0	0.0	0.0	0.0	4.79145622253418	3.9934325218200684	3.5542092323303223	0.0	0.0	0.0	0.0	4.100125312805176	0.0	0.0	0.0	0.0	0.0	0.0	0.0	2.213592290878296	3.6423914432525635	0.0	5.788544178009033	3.9859728813171387	3.2685792446136475	0.0	0.0	3.7685422897338867	0.0	0.0	0.0	0.0	0.0	0.0	0.0	0.0	3.291210651397705	0.0	0.0	0.0	0.0	2.8070015907287598
4.4939494132995605	0.0	0.0	0.0	5.506436824798584	0.0	5.939794540405273	0.0	0.0	0.0	0.0	0.0	0.0	0.0	0.0	0.0	3.581587553024292	2.399662733078003	0.0	0.0	0.0	1.9562567472457886	0.0	0.0	2.659473419189453	3.884870767593384	0.0	0.0	0.0	0.0	2.8193306922912598	2.251372814178467	0.0	2.3759002685546875	3.1480815410614014	4.988267421722412	0.0	7.008766174316406	2.838691473007202	2.199246644973755	3.831674814224243	4.080906867980957	0.0	0.0	0.0	0.0	0.0	2.702002763748169	0.0	4.183413982391357	0.0	0.0	0.0	5.341605186462402	0.0	3.2412571907043457	0.0	4.725126266479492	3.8943915367126465	0.0	0.0	0.0	2.885078191757202	0.0	0.0	0.0	0.0	0.0	0.0	0.0	3.1110520362854004	0.0	0.0	0.0	0.0	0.0	0.0	0.0	0.0	0.0	0.0	0.0	4.825907230377197	0.0	0.0	0.0	0.0	0.0	0.0	0.0	4.78720235824585	3.98982834815979	3.5507450103759766	0.0	0.0	0.0	0.0	4.097140789031982	0.0	0.0	0.0	0.0	0.0	0.0	0.0	2.211535692214966	3.638519525527954	0.0	5.781599998474121	3.982421875	3.266641139984131	0.0	0.0	3.7656328678131104	0.0	0.0	0.0	0.0	0.0	0.0	0.0	0.0	3.2888567447662354	0.0	0.0	0.0	0.0	2.804931640625
4.497477054595947	0.0	0.0	0.0	5.51209831237793	0.0	5.945662975311279	0.0	0.0	0.0	0.0	0.0	0.0	0.0	0.0	0.0	3.5859620571136475	2.402656078338623	0.0	0.0	0.0	1.9576215744018555	0.0	0.0	2.6623408794403076	3.8901214599609375	0.0	0.0	0.0	0.0	2.822467088699341	2.2537670135498047	0.0	2.379300355911255	3.1516354084014893	4.993927955627441	0.0	7.0148515701293945	2.8415846824645996	2.201643466949463	3.836815357208252	4.08563232421875	0.0	0.0	0.0	0.0	0.0	2.7043509483337402	0.0	4.186878204345703	0.0	0.0	0.0	5.346352577209473	0.0	3.245001792907715	0.0	4.730451583862305	3.898705244064331	0.0	0.0	0.0	2.8876333236694336	0.0	0.0	0.0	0.0	0.0	0.0	0.0	3.1142964363098145	0.0	0.0	0.0	0.0	0.0	0.0	0.0	0.0	0.0	0.0	0.0	4.831704616546631	0.0	0.0	0.0	0.0	0.0	0.0	0.0	4.792664527893066	3.9941468238830566	3.5546281337738037	0.0	0.0	0.0	0.0	4.100431442260742	0.0	0.0	0.0	0.0	0.0	0.0	0.0	2.2139546871185303	3.642223596572876	0.0	5.788389205932617	3.9861745834350586	3.2690744400024414	0.0	0.0	3.767408847808838	0.0	0.0	0.0	0.0	0.0	0.0	0.0	0.0	3.29226016998291	0.0	0.0	0.0	0.0	2.8072805404663086
4.496205806732178	0.0	0.0	0.0	5.509831428527832	0.0	5.9440202713012695	0.0	0.0	0.0	0.0	0.0	0.0	0.0	0.0	0.0	3.584014892578125	2.4008724689483643	0.0	0.0	0.0	1.9577347040176392	0.0	0.0	2.6598966121673584	3.887960910797119	0.0	0.0	0.0	0.0	2.8212084770202637	2.2528505325317383	0.0	2.3772990703582764	3.1499440670013428	4.991978645324707	0.0	7.012340068817139	2.8402907848358154	2.2002272605895996	3.834026336669922	4.083713054656982	0.0	0.0	0.0	0.0	0.0	2.7037439346313477	0.0	4.1847662925720215	0.0	0.0	0.0	5.344122886657715	0.0	3.242751121520996	0.0	4.728448390960693	3.8970725536346436	0.0	0.0	0.0	2.8864049911499023	0.0	0.0	0.0	0.0	0.0	0.0	0.0	3.113708972930908	0.0	0.0	0.0	0.0	0.0	0.0	0.0	0.0	0.0	0.0	0.0	4.828690052032471	0.0	0.0	0.0	0.0	0.0	0.0	0.0	4.789741039276123	3.9921841621398926	3.552961826324463	0.0	0.0	0.0	0.0	4.0987868309021	0.0	0.0	0.0	0.0	0.0	0.0	0.0	2.2129197120666504	3.6412994861602783	0.0	5.785816192626953	3.984052896499634	3.2680342197418213	0.0	0.0	3.7666335105895996	0.0	0.0	0.0	0.0	0.0	0.0	0.0	0.0	3.290222644805908	0.0	0.0	0.0	0.0	2.805832862854004
4.495778560638428	0.0	0.0	0.0	5.508701801300049	0.0	5.942098617553711	0.0	0.0	0.0	0.0	0.0	0.0	0.0	0.0	0.0	3.5844521522521973	2.4001996517181396	0.0	0.0	0.0	1.9565404653549194	0.0	0.0	2.6609487533569336	3.8876092433929443	0.0	0.0	0.0	0.0	2.821352005004883	2.2534639835357666	0.0	2.377854347229004	3.1499054431915283	4.991334915161133	0.0	7.012282371520996	2.8401386737823486	2.2005786895751953	3.8353028297424316	4.083866596221924	0.0	0.0	0.0	0.0	0.0	2.703423500061035	0.0	4.185131549835205	0.0	0.0	0.0	5.343766212463379	0.0	3.2425243854522705	0.0	4.728640079498291	3.8963494300842285	0.0	0.0	0.0	2.8859190940856934	0.0	0.0	0.0	0.0	0.0	0.0	0.0	3.113436698913574	0.0	0.0	0.0	0.0	0.0	0.0	0.0	0.0	0.0	0.0	0.0	4.829161167144775	0.0	0.0	0.0	0.0	0.0	0.0	0.0	4.789126873016357	3.9924793243408203	3.5524022579193115	0.0	0.0	0.0	0.0	4.098103046417236	0.0	0.0	0.0	0.0	0.0	0.0	0.0	2.2126731872558594	3.641038656234741	0.0	5.784976959228516	3.9842071533203125	3.2670912742614746	0.0	0.0	3.766758680343628	0.0	0.0	0.0	0.0	0.0	0.0	0.0	0.0	3.289879322052002	0.0	0.0	0.0	0.0	2.805438756942749
4.497213363647461	0.0	0.0	0.0	5.512093544006348	0.0	5.946807861328125	0.0	0.0	0.0	0.0	0.0	0.0	0.0	0.0	0.0	3.586590528488159	2.40317964553833	0.0	0.0	0.0	1.957059383392334	0.0	0.0	2.662243366241455	3.8897311687469482	0.0	0.0	0.0	0.0	2.822934865951538	2.2537035942077637	0.0	2.3788790702819824	3.151463031768799	4.994016647338867	0.0	7.016173839569092	2.8428778648376465	2.201009511947632	3.836524486541748	4.085633754730225	0.0	0.0	0.0	0.0	0.0	2.704880952835083	0.0	4.187415599822998	0.0	0.0	0.0	5.347075939178467	0.0	3.2452120780944824	0.0	4.731136322021484	3.8996195793151855	0.0	0.0	0.0	2.8873021602630615	0.0	0.0	0.0	0.0	0.0	0.0	0.0	3.1152031421661377	0.0	0.0	0.0	0.0	0.0	0.0	0.0	0.0	0.0	0.0	0.0	4.830888748168945	0.0	0.0	0.0	0.0	0.0	0.0	0.0	4.791968822479248	3.9938478469848633	3.553874969482422	0.0	0.0	0.0	0.0	4.101351737976074	0.0	0.0	0.0	0.0	0.0	0.0	0.0	2.2139925956726074	3.6421117782592773	0.0	5.788071632385254	3.9851083755493164	3.269911289215088	0.0	0.0	3.7685179710388184	0.0	0.0	0.0	0.0	0.0	0.0	0.0	0.0	3.2921197414398193	0.0	0.0	0.0	0.0	2.8075313568115234
4.493570327758789	0.0	0.0	0.0	5.507321357727051	0.0	5.941094875335693	0.0	0.0	0.0	0.0	0.0	0.0	0.0	0.0	0.0	3.5833964347839355	2.4002277851104736	0.0	0.0	0.0	1.9561439752578735	0.0	0.0	2.6599202156066895	3.8864309787750244	0.0	0.0	0.0	0.0	2.8195464611053467	2.2517173290252686	0.0	2.376533031463623	3.149350881576538	4.988958835601807	0.0	7.009894371032715	2.8384387493133545	2.197979688644409	3.833695650100708	4.082991600036621	0.0	0.0	0.0	0.0	0.0	2.7026638984680176	0.0	4.1832356452941895	0.0	0.0	0.0	5.341617107391357	0.0	3.242504119873047	0.0	4.7265825271606445	3.8947067260742188	0.0	0.0	0.0	2.885528087615967	0.0	0.0	0.0	0.0	0.0	0.0	0.0	3.111481189727783	0.0	0.0	0.0	0.0	0.0	0.0	0.0	0.0	0.0	0.0	0.0	4.827641010284424	0.0	0.0	0.0	0.0	0.0	0.0	0.0	4.78756856918335	3.9901175498962402	3.5521187782287598	0.0	0.0	0.0	0.0	4.097583770751953	0.0	0.0	0.0	0.0	0.0	0.0	0.0	2.211825132369995	3.639347791671753	0.0	5.783379077911377	3.981794834136963	3.266345739364624	0.0	0.0	3.764779567718506	0.0	0.0	0.0	0.0	0.0	0.0	0.0	0.0	3.2899038791656494	0.0	0.0	0.0	0.0	2.8043761253356934
4.49724817276001	0.0	0.0	0.0	5.511070251464844	0.0	5.944648265838623	0.0	0.0	0.0	0.0	0.0	0.0	0.0	0.0	0.0	3.58575439453125	2.4013938903808594	0.0	0.0	0.0	1.9567540884017944	0.0	0.0	2.6619150638580322	3.8893849849700928	0.0	0.0	0.0	0.0	2.821948289871216	2.253748893737793	0.0	2.377744674682617	3.15126371383667	4.993159770965576	0.0	7.0137200355529785	2.8410232067108154	2.200662851333618	3.8362884521484375	4.085514068603516	0.0	0.0	0.0	0.0	0.0	2.70400333404541	0.0	4.187304973602295	0.0	0.0	0.0	5.345212459564209	0.0	3.2443857192993164	0.0	4.7302141189575195	3.8978447914123535	0.0	0.0	0.0	2.8867039680480957	0.0	0.0	0.0	0.0	0.0	0.0	0.0	3.1138315200805664	0.0	0.0	0.0	0.0	0.0	0.0	0.0	0.0	0.0	0.0	0.0	4.831198692321777	0.0	0.0	0.0	0.0	0.0	0.0	0.0	4.792586803436279	3.9935407638549805	3.554004430770874	0.0	0.0	0.0	0.0	4.099915504455566	0.0	0.0	0.0	0.0	0.0	0.0	0.0	2.2135798931121826	3.6421873569488525	0.0	5.786865234375	3.984950542449951	3.2684998512268066	0.0	0.0	3.768148183822632	0.0	0.0	0.0	0.0	0.0	0.0	0.0	0.0	3.2909996509552	0.0	0.0	0.0	0.0	2.8070154190063477
4.495168685913086	0.0	0.0	0.0	5.50966215133667	0.0	5.9430036544799805	0.0	0.0	0.0	0.0	0.0	0.0	0.0	0.0	0.0	3.5839734077453613	2.400693893432617	0.0	0.0	0.0	1.9562199115753174	0.0	0.0	2.661025047302246	3.887430429458618	0.0	0.0	0.0	0.0	2.8213067054748535	2.2528069019317627	0.0	2.3766043186187744	3.149839401245117	4.9911723136901855	0.0	7.011934280395508	2.840280294418335	2.2004764080047607	3.834758996963501	4.083388805389404	0.0	0.0	0.0	0.0	0.0	2.7034761905670166	0.0	4.185093402862549	0.0	0.0	0.0	5.343860626220703	0.0	3.243391990661621	0.0	4.72820520401001	3.896279811859131	0.0	0.0	0.0	2.8857858180999756	0.0	0.0	0.0	0.0	0.0	0.0	0.0	3.1119797229766846	0.0	0.0	0.0	0.0	0.0	0.0	0.0	0.0	0.0	0.0	0.0	4.828007221221924	0.0	0.0	0.0	0.0	0.0	0.0	0.0	4.7896294593811035	3.9907889366149902	3.55277681350708	0.0	0.0	0.0	0.0	4.098541736602783	0.0	0.0	0.0	0.0	0.0	0.0	0.0	2.212846517562866	3.6410269737243652	0.0	5.78521203994751	3.9834303855895996	3.267482280731201	0.0	0.0	3.766376495361328	0.0	0.0	0.0	0.0	0.0	0.0	0.0	0.0	3.2898635864257812	0.0	0.0	0.0	0.0	2.806375503540039
4.489349365234375	0.0	0.0	0.0	5.501979351043701	0.0	5.93641996383667	0.0	0.0	0.0	0.0	0.0	0.0	0.0	0.0	0.0	3.5799641609191895	2.3983006477355957	0.0	0.0	0.0	1.954744815826416	0.0	0.0	2.6580824851989746	3.882687568664551	0.0	0.0	0.0	0.0	2.8182108402252197	2.2492146492004395	0.0	2.373866558074951	3.1458535194396973	4.984802722930908	0.0	7.002761363983154	2.836930274963379	2.1978156566619873	3.829180955886841	4.078400135040283	0.0	0.0	0.0	0.0	0.0	2.7015233039855957	0.0	4.179730415344238	0.0	0.0	0.0	5.338185787200928	0.0	3.239506244659424	0.0	4.722311019897461	3.89115571975708	0.0	0.0	0.0	2.8827197551727295	0.0	0.0	0.0	0.0	0.0	0.0	0.0	3.1102001667022705	0.0	0.0	0.0	0.0	0.0	0.0	0.0	0.0	0.0	0.0	0.0	4.821869850158691	0.0	0.0	0.0	0.0	0.0	0.0	0.0	4.783823013305664	3.9875078201293945	3.5480167865753174	0.0	0.0	0.0	0.0	4.093376636505127	0.0	0.0	0.0	0.0	0.0	0.0	0.0	2.2099123001098633	3.635619878768921	0.0	5.779061794281006	3.9777941703796387	3.2635130882263184	0.0	0.0	3.76084303855896	0.0	0.0	0.0	0.0	0.0	0.0	0.0	0.0	3.2860162258148193	0.0	0.0	0.0	0.0	2.8018863201141357
4.496846675872803	0.0	0.0	0.0	5.510459899902344	0.0	5.943667411804199	0.0	0.0	0.0	0.0	0.0	0.0	0.0	0.0	0.0	3.5847511291503906	2.401280403137207	0.0	0.0	0.0	1.9571138620376587	0.0	0.0	2.6618409156799316	3.888399362564087	0.0	0.0	0.0	0.0	2.821779489517212	2.2532293796539307	0.0	2.376868963241577	3.1517629623413086	4.992229461669922	0.0	7.013235569000244	2.8412907123565674	2.2009541988372803	3.835493326187134	4.084107875823975	0.0	0.0	0.0	0.0	0.0	2.7043325901031494	0.0	4.185735702514648	0.0	0.0	0.0	5.345177173614502	0.0	3.2442896366119385	0.0	4.728801727294922	3.897519826889038	0.0	0.0	0.0	2.8865296840667725	0.0	0.0	0.0	0.0	0.0	0.0	0.0	3.1142752170562744	0.0	0.0	0.0	0.0	0.0	0.0	0.0	0.0	0.0	0.0	0.0	4.829841136932373	0.0	0.0	0.0	0.0	0.0	0.0	0.0	4.790349006652832	3.992926836013794	3.5528011322021484	0.0	0.0	0.0	0.0	4.100096702575684	0.0	0.0	0.0	0.0	0.0	0.0	0.0	2.2133681774139404	3.641441583633423	0.0	5.7865166664123535	3.98518705368042	3.268699884414673	0.0	0.0	3.7673685550689697	0.0	0.0	0.0	0.0	0.0	0.0	0.0	0.0	3.291750907897949	0.0	0.0	0.0	0.0	2.806072473526001
4.494792461395264	0.0	0.0	0.0	5.508460998535156	0.0	5.9419684410095215	0.0	0.0	0.0	0.0	0.0	0.0	0.0	0.0	0.0	3.5825908184051514	2.400519371032715	0.0	0.0	0.0	1.9568798542022705	0.0	0.0	2.6600632667541504	3.8864331245422363	0.0	0.0	0.0	0.0	2.819704055786133	2.2521815299987793	0.0	2.3767387866973877	3.1485044956207275	4.990100860595703	0.0	7.010626792907715	2.838939905166626	2.1998965740203857	3.8331172466278076	4.082805156707764	0.0	0.0	0.0	0.0	0.0	2.70345139503479	0.0	4.184600353240967	0.0	0.0	0.0	5.342910289764404	0.0	3.2433438301086426	0.0	4.726759910583496	3.895352840423584	0.0	0.0	0.0	2.8863422870635986	0.0	0.0	0.0	0.0	0.0	0.0	0.0	3.1117448806762695	0.0	0.0	0.0	0.0	0.0	0.0	0.0	0.0	0.0	0.0	0.0	4.828568935394287	0.0	0.0	0.0	0.0	0.0	0.0	0.0	4.7885422706604	3.9904723167419434	3.552069664001465	0.0	0.0	0.0	0.0	4.098625183105469	0.0	0.0	0.0	0.0	0.0	0.0	0.0	2.2127745151519775	3.640495777130127	0.0	5.7845587730407715	3.9841599464416504	3.267052412033081	0.0	0.0	3.7662525177001953	0.0	0.0	0.0	0.0	0.0	0.0	0.0	0.0	3.289074420928955	0.0	0.0	0.0	0.0	2.8051209449768066
4.492853164672852	0.0	0.0	0.0	5.504260540008545	0.0	5.938138008117676	0.0	0.0	0.0	0.0	0.0	0.0	0.0	0.0	0.0	3.5813522338867188	2.399519443511963	0.0	0.0	0.0	1.9551951885223389	0.0	0.0	2.6587748527526855	3.884219169616699	0.0	0.0	0.0	0.0	2.819458246231079	2.2504770755767822	0.0	2.3740241527557373	3.147409200668335	4.98677396774292	0.0	7.005939960479736	2.8381378650665283	2.1975433826446533	3.8310582637786865	4.080555438995361	0.0	0.0	0.0	0.0	0.0	2.7022154331207275	0.0	4.181692600250244	0.0	0.0	0.0	5.340122222900391	0.0	3.240656852722168	0.0	4.723634243011475	3.89310884475708	0.0	0.0	0.0	2.8839340209960938	0.0	0.0	0.0	0.0	0.0	0.0	0.0	3.1104202270507812	0.0	0.0	0.0	0.0	0.0	0.0	0.0	0.0	0.0	0.0	0.0	4.8239850997924805	0.0	0.0	0.0	0.0	0.0	0.0	0.0	4.786027908325195	3.989438056945801	3.549692153930664	0.0	0.0	0.0	0.0	4.094909191131592	0.0	0.0	0.0	0.0	0.0	0.0	0.0	2.210590362548828	3.6373934745788574	0.0	5.780333042144775	3.979271173477173	3.264836311340332	0.0	0.0	3.7632110118865967	0.0	0.0	0.0	0.0	0.0	0.0	0.0	0.0	3.2875566482543945	0.0	0.0	0.0	0.0	2.8035199642181396
4.495426177978516	0.0	0.0	0.0	5.509507179260254	0.0	5.94181489944458	0.0	0.0	0.0	0.0	0.0	0.0	0.0	0.0	0.0	3.5842859745025635	2.3999619483947754	0.0	0.0	0.0	1.956139326095581	0.0	0.0	2.6606929302215576	3.8864917755126953	0.0	0.0	0.0	0.0	2.8207075595855713	2.253504753112793	0.0	2.376382827758789	3.1495635509490967	4.9907402992248535	0.0	7.011311054229736	2.8395609855651855	2.1992430686950684	3.8346686363220215	4.0839433670043945	0.0	0.0	0.0	0.0	0.0	2.7037887573242188	0.0	4.184930801391602	0.0	0.0	0.0	5.343191623687744	0.0	3.2422938346862793	0.0	4.726570129394531	3.896491289138794	0.0	0.0	0.0	2.8853728771209717	0.0	0.0	0.0	0.0	0.0	0.0	0.0	3.112839698791504	0.0	0.0	0.0	0.0	0.0	0.0	0.0	0.0	0.0	0.0	0.0	4.828162670135498	0.0	0.0	0.0	0.0	0.0	0.0	0.0	4.789327144622803	3.991899251937866	3.552243709564209	0.0	0.0	0.0	0.0	4.099289417266846	0.0	0.0	0.0	0.0	0.0	0.0	0.0	2.2128593921661377	3.640885829925537	0.0	5.7851128578186035	3.9835903644561768	3.267448663711548	0.0	0.0	3.7658474445343018	0.0	0.0	0.0	0.0	0.0	0.0	0.0	0.0	3.2901082038879395	0.0	0.0	0.0	0.0	2.806586742401123
4.4920549392700195	0.0	0.0	0.0	5.50616979598999	0.0	5.941354751586914	0.0	0.0	0.0	0.0	0.0	0.0	0.0	0.0	0.0	3.5817389488220215	2.400151491165161	0.0	0.0	0.0	1.9564542770385742	0.0	0.0	2.659151077270508	3.8856678009033203	0.0	0.0	0.0	0.0	2.819547653198242	2.2515242099761963	0.0	2.3750851154327393	3.1471598148345947	4.988088607788086	0.0	7.008312225341797	2.8382794857025146	2.1978213787078857	3.83255934715271	4.081140518188477	0.0	0.0	0.0	0.0	0.0	2.701861619949341	0.0	4.181488990783691	0.0	0.0	0.0	5.340973377227783	0.0	3.2413573265075684	0.0	4.726025104522705	3.8941643238067627	0.0	0.0	0.0	2.8848648071289062	0.0	0.0	0.0	0.0	0.0	0.0	0.0	3.110280990600586	0.0	0.0	0.0	0.0	0.0	0.0	0.0	0.0	0.0	0.0	0.0	4.825541019439697	0.0	0.0	0.0	0.0	0.0	0.0	0.0	4.787252426147461	3.988144636154175	3.5497796535491943	0.0	0.0	0.0	0.0	4.095803737640381	0.0	0.0	0.0	0.0	0.0	0.0	0.0	2.211263656616211	3.6375837326049805	0.0	5.782005310058594	3.98154616355896	3.2661287784576416	0.0	0.0	3.763772487640381	0.0	0.0	0.0	0.0	0.0	0.0	0.0	0.0	3.2878284454345703	0.0	0.0	0.0	0.0	2.8036718368530273
4.4927978515625	0.0	0.0	0.0	5.506444454193115	0.0	5.940074443817139	0.0	0.0	0.0	0.0	0.0	0.0	0.0	0.0	0.0	3.583207845687866	2.4000139236450195	0.0	0.0	0.0	1.9551239013671875	0.0	0.0	2.659233570098877	3.8854405879974365	0.0	0.0	0.0	0.0	2.819171667098999	2.2518367767333984	0.0	2.3769407272338867	3.147789478302002	4.988633155822754	0.0	7.008665561676025	2.8390207290649414	2.1977407932281494	3.8316802978515625	4.082272052764893	0.0	0.0	0.0	0.0	0.0	2.700751543045044	0.0	4.183418273925781	0.0	0.0	0.0	5.341214656829834	0.0	3.2414474487304688	0.0	4.724845886230469	3.8944292068481445	0.0	0.0	0.0	2.8849406242370605	0.0	0.0	0.0	0.0	0.0	0.0	0.0	3.111313819885254	0.0	0.0	0.0	0.0	0.0	0.0	0.0	0.0	0.0	0.0	0.0	4.824917316436768	0.0	0.0	0.0	0.0	0.0	0.0	0.0	4.787254333496094	3.9903132915496826	3.5512776374816895	0.0	0.0	0.0	0.0	4.096691131591797	0.0	0.0	0.0	0.0	0.0	0.0	0.0	2.2117395401000977	3.6392359733581543	0.0	5.782530307769775	3.9815704822540283	3.2658298015594482	0.0	0.0	3.7647273540496826	0.0	0.0	0.0	0.0	0.0	0.0	0.0	0.0	3.288581371307373	0.0	0.0	0.0	0.0	2.8043224811553955
4.495291233062744	0.0	0.0	0.0	5.510311603546143	0.0	5.94418478012085	0.0	0.0	0.0	0.0	0.0	0.0	0.0	0.0	0.0	3.584733009338379	2.4009878635406494	0.0	0.0	0.0	1.9570480585098267	0.0	0.0	2.6616742610931396	3.888207197189331	0.0	0.0	0.0	0.0	2.822096109390259	2.2538061141967773	0.0	2.3779003620147705	3.1510825157165527	4.992977619171143	0.0	7.013687610626221	2.840346336364746	2.200685501098633	3.8346431255340576	4.084161758422852	0.0	0.0	0.0	0.0	0.0	2.7041404247283936	0.0	4.185727119445801	0.0	0.0	0.0	5.345270156860352	0.0	3.24375581741333	0.0	4.72862434387207	3.8974859714508057	0.0	0.0	0.0	2.887019395828247	0.0	0.0	0.0	0.0	0.0	0.0	0.0	3.1142730712890625	0.0	0.0	0.0	0.0	0.0	0.0	0.0	0.0	0.0	0.0	0.0	4.828612327575684	0.0	0.0	0.0	0.0	0.0	0.0	0.0	4.790355682373047	3.992610216140747	3.553762674331665	0.0	0.0	0.0	0.0	4.099856853485107	0.0	0.0	0.0	0.0	0.0	0.0	0.0	2.214132070541382	3.642456531524658	0.0	5.787088394165039	3.9856183528900146	3.2680985927581787	0.0	0.0	3.76680064201355	0.0	0.0	0.0	0.0	0.0	0.0	0.0	0.0	3.2904632091522217	0.0	0.0	0.0	0.0	2.8064632415771484
4.491910457611084	0.0	0.0	0.0	5.505856990814209	0.0	5.9401116371154785	0.0	0.0	0.0	0.0	0.0	0.0	0.0	0.0	0.0	3.5817711353302	2.4004111289978027	0.0	0.0	0.0	1.9554539918899536	0.0	0.0	2.6592845916748047	3.8844621181488037	0.0	0.0	0.0	0.0	2.8189151287078857	2.2510197162628174	0.0	2.37579345703125	3.1468255519866943	4.9883503913879395	0.0	7.00775671005249	2.8383405208587646	2.1984431743621826	3.8316872119903564	4.080732822418213	0.0	0.0	0.0	0.0	0.0	2.701417922973633	0.0	4.181777477264404	0.0	0.0	0.0	5.3409037590026855	0.0	3.2414162158966064	0.0	4.724885940551758	3.894432544708252	0.0	0.0	0.0	2.8834986686706543	0.0	0.0	0.0	0.0	0.0	0.0	0.0	3.110535144805908	0.0	0.0	0.0	0.0	0.0	0.0	0.0	0.0	0.0	0.0	0.0	4.825329780578613	0.0	0.0	0.0	0.0	0.0	0.0	0.0	4.78640604019165	3.9886362552642822	3.5496978759765625	0.0	0.0	0.0	0.0	4.096863746643066	0.0	0.0	0.0	0.0	0.0	0.0	0.0	2.211155891418457	3.637636423110962	0.0	5.781251907348633	3.980502128601074	3.2660186290740967	0.0	0.0	3.76448130607605	0.0	0.0	0.0	0.0	0.0	0.0	0.0	0.0	3.28764009475708	0.0	0.0	0.0	0.0	2.803795337677002
4.496122360229492	0.0	0.0	0.0	5.509607315063477	0.0	5.943591117858887	0.0	0.0	0.0	0.0	0.0	0.0	0.0	0.0	0.0	3.584685802459717	2.401062488555908	0.0	0.0	0.0	1.9564613103866577	0.0	0.0	2.6602606773376465	3.8871166706085205	0.0	0.0	0.0	0.0	2.821474075317383	2.2534337043762207	0.0	2.3785173892974854	3.1501059532165527	4.991343975067139	0.0	7.013111591339111	2.8404619693756104	2.2009189128875732	3.834787368774414	4.084108352661133	0.0	0.0	0.0	0.0	0.0	2.704010009765625	0.0	4.185634613037109	0.0	0.0	0.0	5.344419956207275	0.0	3.243770122528076	0.0	4.728557586669922	3.896899700164795	0.0	0.0	0.0	2.8861513137817383	0.0	0.0	0.0	0.0	0.0	0.0	0.0	3.113546133041382	0.0	0.0	0.0	0.0	0.0	0.0	0.0	0.0	0.0	0.0	0.0	4.829957485198975	0.0	0.0	0.0	0.0	0.0	0.0	0.0	4.790380954742432	3.992152214050293	3.5533089637756348	0.0	0.0	0.0	0.0	4.0992207527160645	0.0	0.0	0.0	0.0	0.0	0.0	0.0	2.213348150253296	3.641361951828003	0.0	5.786532402038574	3.9848923683166504	3.2678754329681396	0.0	0.0	3.766674280166626	0.0	0.0	0.0	0.0	0.0	0.0	0.0	0.0	3.290273666381836	0.0	0.0	0.0	0.0	2.8061294555664062
4.495605945587158	0.0	0.0	0.0	5.509562969207764	0.0	5.9425368309021	0.0	0.0	0.0	0.0	0.0	0.0	0.0	0.0	0.0	3.5842478275299072	2.399742364883423	0.0	0.0	0.0	1.9570269584655762	0.0	0.0	2.6602044105529785	3.8872783184051514	0.0	0.0	0.0	0.0	2.822028636932373	2.2546045780181885	0.0	2.376251459121704	3.149658441543579	4.992347240447998	0.0	7.012460708618164	2.8406877517700195	2.2008683681488037	3.8346707820892334	4.084355354309082	0.0	0.0	0.0	0.0	0.0	2.7049992084503174	0.0	4.185719013214111	0.0	0.0	0.0	5.343527317047119	0.0	3.2420434951782227	0.0	4.727630138397217	3.8965790271759033	0.0	0.0	0.0	2.8855364322662354	0.0	0.0	0.0	0.0	0.0	0.0	0.0	3.113327980041504	0.0	0.0	0.0	0.0	0.0	0.0	0.0	0.0	0.0	0.0	0.0	4.8279523849487305	0.0	0.0	0.0	0.0	0.0	0.0	0.0	4.790101051330566	3.9927828311920166	3.552837371826172	0.0	0.0	0.0	0.0	4.099064350128174	0.0	0.0	0.0	0.0	0.0	0.0	0.0	2.212536096572876	3.6413331031799316	0.0	5.786158084869385	3.9844412803649902	3.267545223236084	0.0	0.0	3.7667675018310547	0.0	0.0	0.0	0.0	0.0	0.0	0.0	0.0	3.2902162075042725	0.0	0.0	0.0	0.0	2.8065052032470703
4.497989654541016	0.0	0.0	0.0	5.512419700622559	0.0	5.944862365722656	0.0	0.0	0.0	0.0	0.0	0.0	0.0	0.0	0.0	3.5864531993865967	2.4015486240386963	0.0	0.0	0.0	1.9578503370285034	0.0	0.0	2.6624279022216797	3.889247417449951	0.0	0.0	0.0	0.0	2.823671340942383	2.2539093494415283	0.0	2.3776895999908447	3.151656150817871	4.994187355041504	0.0	7.013854026794434	2.842203378677368	2.202418565750122	3.8363921642303467	4.085782527923584	0.0	0.0	0.0	0.0	0.0	2.7065796852111816	0.0	4.188056468963623	0.0	0.0	0.0	5.346532821655273	0.0	3.2438600063323975	0.0	4.7298784255981445	3.898092031478882	0.0	0.0	0.0	2.8869595527648926	0.0	0.0	0.0	0.0	0.0	0.0	0.0	3.115211248397827	0.0	0.0	0.0	0.0	0.0	0.0	0.0	0.0	0.0	0.0	0.0	4.83019495010376	0.0	0.0	0.0	0.0	0.0	0.0	0.0	4.792021751403809	3.9954380989074707	3.5548291206359863	0.0	0.0	0.0	0.0	4.100067615509033	0.0	0.0	0.0	0.0	0.0	0.0	0.0	2.2138664722442627	3.6421070098876953	0.0	5.788724899291992	3.985779285430908	3.2690341472625732	0.0	0.0	3.7682318687438965	0.0	0.0	0.0	0.0	0.0	0.0	0.0	0.0	3.291447401046753	0.0	0.0	0.0	0.0	2.806610584259033
4.482394218444824	0.0	0.0	0.0	5.492397308349609	0.0	5.926609516143799	0.0	0.0	0.0	0.0	0.0	0.0	0.0	0.0	0.0	3.572693109512329	2.3945236206054688	0.0	0.0	0.0	1.9513994455337524	0.0	0.0	2.6523964405059814	3.87716007232666	0.0	0.0	0.0	0.0	2.812401294708252	2.2450528144836426	0.0	2.36877179145813	3.140296697616577	4.975616455078125	0.0	6.991190433502197	2.831711530685425	2.193667411804199	3.8222053050994873	4.069612979888916	0.0	0.0	0.0	0.0	0.0	2.6959564685821533	0.0	4.174073219299316	0.0	0.0	0.0	5.32701301574707	0.0	3.2360787391662598	0.0	4.714314937591553	3.8837692737579346	0.0	0.0	0.0	2.877885580062866	0.0	0.0	0.0	0.0	0.0	0.0	0.0	3.102231740951538	0.0	0.0	0.0	0.0	0.0	0.0	0.0	0.0	0.0	0.0	0.0	4.812909126281738	0.0	0.0	0.0	0.0	0.0	0.0	0.0	4.775128364562988	3.98024845123291	3.539959192276001	0.0	0.0	0.0	0.0	4.085580348968506	0.0	0.0	0.0	0.0	0.0	0.0	0.0	2.2057864665985107	3.6279711723327637	0.0	5.767557144165039	3.971649169921875	3.2581663131713867	0.0	0.0	3.7548422813415527	0.0	0.0	0.0	0.0	0.0	0.0	0.0	0.0	3.280647039413452	0.0	0.0	0.0	0.0	2.797377824783325
4.499598026275635	0.0	0.0	0.0	5.513949871063232	0.0	5.947030544281006	0.0	0.0	0.0	0.0	0.0	0.0	0.0	0.0	0.0	3.587989330291748	2.4013028144836426	0.0	0.0	0.0	1.9583561420440674	0.0	0.0	2.662891149520874	3.890684127807617	0.0	0.0	0.0	0.0	2.824317216873169	2.256027936935425	0.0	2.379159927368164	3.153534173965454	4.9958343505859375	0.0	7.017196178436279	2.8425581455230713	2.203386068344116	3.837883472442627	4.087723255157471	0.0	0.0	0.0	0.0	0.0	2.706571102142334	0.0	4.190120697021484	0.0	0.0	0.0	5.348652362823486	0.0	3.244844675064087	0.0	4.7316484451293945	3.8997812271118164	0.0	0.0	0.0	2.8886289596557617	0.0	0.0	0.0	0.0	0.0	0.0	0.0	3.116147994995117	0.0	0.0	0.0	0.0	0.0	0.0	0.0	0.0	0.0	0.0	0.0	4.8329596519470215	0.0	0.0	0.0	0.0	0.0	0.0	0.0	4.793191909790039	3.9961910247802734	3.5561439990997314	0.0	0.0	0.0	0.0	4.101884365081787	0.0	0.0	0.0	0.0	0.0	0.0	0.0	2.215200662612915	3.6448397636413574	0.0	5.79050350189209	3.987365484237671	3.2699952125549316	0.0	0.0	3.7698423862457275	0.0	0.0	0.0	0.0	0.0	0.0	0.0	0.0	3.2928647994995117	0.0	0.0	0.0	0.0	2.808077335357666
4.4974188804626465	0.0	0.0	0.0	5.511082649230957	0.0	5.944800853729248	0.0	0.0	0.0	0.0	0.0	0.0	0.0	0.0	0.0	3.585994243621826	2.401414155960083	0.0	0.0	0.0	1.9572176933288574	0.0	0.0	2.662123203277588	3.889439105987549	0.0	0.0	0.0	0.0	2.8233940601348877	2.2541134357452393	0.0	2.3776803016662598	3.151556968688965	4.993009567260742	0.0	7.013988494873047	2.841341018676758	2.2011325359344482	3.8356564044952393	4.085897922515869	0.0	0.0	0.0	0.0	0.0	2.704591751098633	0.0	4.187479496002197	0.0	0.0	0.0	5.346045970916748	0.0	3.2444615364074707	0.0	4.730301380157471	3.897761106491089	0.0	0.0	0.0	2.886601209640503	0.0	0.0	0.0	0.0	0.0	0.0	0.0	3.1141412258148193	0.0	0.0	0.0	0.0	0.0	0.0	0.0	0.0	0.0	0.0	0.0	4.830024719238281	0.0	0.0	0.0	0.0	0.0	0.0	0.0	4.79136848449707	3.994215965270996	3.553886890411377	0.0	0.0	0.0	0.0	4.101009845733643	0.0	0.0	0.0	0.0	0.0	0.0	0.0	2.214353322982788	3.6421220302581787	0.0	5.787613391876221	3.9852676391601562	3.269352436065674	0.0	0.0	3.7678120136260986	0.0	0.0	0.0	0.0	0.0	0.0	0.0	0.0	3.2923197746276855	0.0	0.0	0.0	0.0	2.807176113128662
4.495536804199219	0.0	0.0	0.0	5.509521484375	0.0	5.943022727966309	0.0	0.0	0.0	0.0	0.0	0.0	0.0	0.0	0.0	3.5845117568969727	2.4008922576904297	0.0	0.0	0.0	1.9573338031768799	0.0	0.0	2.660729169845581	3.8878395557403564	0.0	0.0	0.0	0.0	2.821711778640747	2.253222703933716	0.0	2.377962350845337	3.150785446166992	4.992565631866455	0.0	7.01302433013916	2.840561628341675	2.200849771499634	3.8345470428466797	4.0842204093933105	0.0	0.0	0.0	0.0	0.0	2.703423500061035	0.0	4.186176300048828	0.0	0.0	0.0	5.344637393951416	0.0	3.2434582710266113	0.0	4.728140354156494	3.896827220916748	0.0	0.0	0.0	2.8862500190734863	0.0	0.0	0.0	0.0	0.0	0.0	0.0	3.113079309463501	0.0	0.0	0.0	0.0	0.0	0.0	0.0	0.0	0.0	0.0	0.0	4.829107284545898	0.0	0.0	0.0	0.0	0.0	0.0	0.0	4.790524482727051	3.991910457611084	3.5534298419952393	0.0	0.0	0.0	0.0	4.098665714263916	0.0	0.0	0.0	0.0	0.0	0.0	0.0	2.212916612625122	3.641347885131836	0.0	5.786278247833252	3.9849276542663574	3.268052339553833	0.0	0.0	3.7669456005096436	0.0	0.0	0.0	0.0	0.0	0.0	0.0	0.0	3.290311813354492	0.0	0.0	0.0	0.0	2.806109666824341
4.492467880249023	0.0	0.0	0.0	5.507115840911865	0.0	5.93904972076416	0.0	0.0	0.0	0.0	0.0	0.0	0.0	0.0	0.0	3.582181215286255	2.3997275829315186	0.0	0.0	0.0	1.9560171365737915	0.0	0.0	2.6594302654266357	3.885003089904785	0.0	0.0	0.0	0.0	2.819545269012451	2.2522168159484863	0.0	2.3755195140838623	3.1479403972625732	4.989101886749268	0.0	7.008169174194336	2.8387134075164795	2.1981325149536133	3.8330907821655273	4.081019401550293	0.0	0.0	0.0	0.0	0.0	2.7023661136627197	0.0	4.183335304260254	0.0	0.0	0.0	5.34017276763916	0.0	3.240189790725708	0.0	4.72473669052124	3.894282817840576	0.0	0.0	0.0	2.884690046310425	0.0	0.0	0.0	0.0	0.0	0.0	0.0	3.111452579498291	0.0	0.0	0.0	0.0	0.0	0.0	0.0	0.0	0.0	0.0	0.0	4.824877738952637	0.0	0.0	0.0	0.0	0.0	0.0	0.0	4.786799430847168	3.9892477989196777	3.550835609436035	0.0	0.0	0.0	0.0	4.09670352935791	0.0	0.0	0.0	0.0	0.0	0.0	0.0	2.211962938308716	3.637998342514038	0.0	5.781676769256592	3.9815285205841064	3.2654833793640137	0.0	0.0	3.7640106678009033	0.0	0.0	0.0	0.0	0.0	0.0	0.0	0.0	3.287996768951416	0.0	0.0	0.0	0.0	2.8042330741882324
4.48665189743042	0.0	0.0	0.0	5.499742031097412	0.0	5.932401657104492	0.0	0.0	0.0	0.0	0.0	0.0	0.0	0.0	0.0	3.5774121284484863	2.397575855255127	0.0	0.0	0.0	1.95329749584198	0.0	0.0	2.6553633213043213	3.8799617290496826	0.0	0.0	0.0	0.0	2.8145394325256348	2.2489027976989746	0.0	2.372290849685669	3.1439006328582764	4.980443000793457	0.0	6.999732494354248	2.8341152667999268	2.1958889961242676	3.8274946212768555	4.075920104980469	0.0	0.0	0.0	0.0	0.0	2.698969841003418	0.0	4.176464557647705	0.0	0.0	0.0	5.334023475646973	0.0	3.237295150756836	0.0	4.718857288360596	3.8889544010162354	0.0	0.0	0.0	2.8816723823547363	0.0	0.0	0.0	0.0	0.0	0.0	0.0	3.1071765422821045	0.0	0.0	0.0	0.0	0.0	0.0	0.0	0.0	0.0	0.0	0.0	4.819386005401611	0.0	0.0	0.0	0.0	0.0	0.0	0.0	4.7803635597229	3.983859062194824	3.546102523803711	0.0	0.0	0.0	0.0	4.090943813323975	0.0	0.0	0.0	0.0	0.0	0.0	0.0	2.209557294845581	3.63382887840271	0.0	5.773681163787842	3.97469425201416	3.261272668838501	0.0	0.0	3.7591516971588135	0.0	0.0	0.0	0.0	0.0	0.0	0.0	0.0	3.2839181423187256	0.0	0.0	0.0	0.0	2.8002755641937256
4.496363162994385	0.0	0.0	0.0	5.510342121124268	0.0	5.943248748779297	0.0	0.0	0.0	0.0	0.0	0.0	0.0	0.0	0.0	3.584468126296997	2.4015371799468994	0.0	0.0	0.0	1.957216739654541	0.0	0.0	2.6614491939544678	3.888638973236084	0.0	0.0	0.0	0.0	2.8219504356384277	2.253411054611206	0.0	2.3775217533111572	3.1499667167663574	4.993016719818115	0.0	7.012810230255127	2.840832471847534	2.2011799812316895	3.8349556922912598	4.08479642868042	0.0	0.0	0.0	0.0	0.0	2.7044894695281982	0.0	4.185747146606445	0.0	0.0	0.0	5.344842433929443	0.0	3.2439613342285156	0.0	4.728116989135742	3.897125244140625	0.0	0.0	0.0	2.8870675563812256	0.0	0.0	0.0	0.0	0.0	0.0	0.0	3.113464117050171	0.0	0.0	0.0	0.0	0.0	0.0	0.0	0.0	0.0	0.0	0.0	4.8293046951293945	0.0	0.0	0.0	0.0	0.0	0.0	0.0	4.790628433227539	3.992616891860962	3.5532543659210205	0.0	0.0	0.0	0.0	4.099180221557617	0.0	0.0	0.0	0.0	0.0	0.0	0.0	2.2124974727630615	3.641381025314331	0.0	5.786543369293213	3.9846882820129395	3.268352508544922	0.0	0.0	3.766887664794922	0.0	0.0	0.0	0.0	0.0	0.0	0.0	0.0	3.2901484966278076	0.0	0.0	0.0	0.0	2.8064334392547607
4.493456840515137	0.0	0.0	0.0	5.506076335906982	0.0	5.94114351272583	0.0	0.0	0.0	0.0	0.0	0.0	0.0	0.0	0.0	3.5816917419433594	2.4003522396087646	0.0	0.0	0.0	1.9557688236236572	0.0	0.0	2.6592931747436523	3.8857386112213135	0.0	0.0	0.0	0.0	2.8188793659210205	2.2518041133880615	0.0	2.3757991790771484	3.1477158069610596	4.988772869110107	0.0	7.009209156036377	2.83827543258667	2.1982595920562744	3.8330118656158447	4.081874847412109	0.0	0.0	0.0	0.0	0.0	2.701387405395508	0.0	4.181374549865723	0.0	0.0	0.0	5.34090518951416	0.0	3.2420732975006104	0.0	4.726536273956299	3.8944168090820312	0.0	0.0	0.0	2.884584903717041	0.0	0.0	0.0	0.0	0.0	0.0	0.0	3.1114327907562256	0.0	0.0	0.0	0.0	0.0	0.0	0.0	0.0	0.0	0.0	0.0	4.82629919052124	0.0	0.0	0.0	0.0	0.0	0.0	0.0	4.786311149597168	3.989725112915039	3.5500261783599854	0.0	0.0	0.0	0.0	4.096177101135254	0.0	0.0	0.0	0.0	0.0	0.0	0.0	2.2115252017974854	3.638737916946411	0.0	5.782732963562012	3.98140287399292	3.2656402587890625	0.0	0.0	3.763932943344116	0.0	0.0	0.0	0.0	0.0	0.0	0.0	0.0	3.2888343334198	0.0	0.0	0.0	0.0	2.803865909576416
4.494746208190918	0.0	0.0	0.0	5.5082688331604	0.0	5.941699504852295	0.0	0.0	0.0	0.0	0.0	0.0	0.0	0.0	0.0	3.583552598953247	2.4004406929016113	0.0	0.0	0.0	1.9559565782546997	0.0	0.0	2.660567283630371	3.8870010375976562	0.0	0.0	0.0	0.0	2.820977210998535	2.2522287368774414	0.0	2.3774304389953613	3.1492109298706055	4.99003267288208	0.0	7.010464191436768	2.840282678604126	2.2001242637634277	3.834383726119995	4.0830607414245605	0.0	0.0	0.0	0.0	0.0	2.7027299404144287	0.0	4.184307098388672	0.0	0.0	0.0	5.3430657386779785	0.0	3.2416789531707764	0.0	4.727176189422607	3.8953895568847656	0.0	0.0	0.0	2.8848745822906494	0.0	0.0	0.0	0.0	0.0	0.0	0.0	3.1116673946380615	0.0	0.0	0.0	0.0	0.0	0.0	0.0	0.0	0.0	0.0	0.0	4.828065872192383	0.0	0.0	0.0	0.0	0.0	0.0	0.0	4.788693904876709	3.9908268451690674	3.551626682281494	0.0	0.0	0.0	0.0	4.097573280334473	0.0	0.0	0.0	0.0	0.0	0.0	0.0	2.2118079662323	3.640129804611206	0.0	5.784500598907471	3.982980728149414	3.2667057514190674	0.0	0.0	3.7656795978546143	0.0	0.0	0.0	0.0	0.0	0.0	0.0	0.0	3.2891037464141846	0.0	0.0	0.0	0.0	2.8051443099975586
4.495438575744629	0.0	0.0	0.0	5.510041236877441	0.0	5.943549633026123	0.0	0.0	0.0	0.0	0.0	0.0	0.0	0.0	0.0	3.5853796005249023	2.4006834030151367	0.0	0.0	0.0	1.9576088190078735	0.0	0.0	2.660259962081909	3.8877527713775635	0.0	0.0	0.0	0.0	2.8211872577667236	2.2529866695404053	0.0	2.3788578510284424	3.149744987487793	4.9919610023498535	0.0	7.013484001159668	2.8406686782836914	2.20015549659729	3.8345632553100586	4.083851337432861	0.0	0.0	0.0	0.0	0.0	2.7039151191711426	0.0	4.1854681968688965	0.0	0.0	0.0	5.344884395599365	0.0	3.2437589168548584	0.0	4.7290568351745605	3.8973655700683594	0.0	0.0	0.0	2.8863186836242676	0.0	0.0	0.0	0.0	0.0	0.0	0.0	3.113516330718994	0.0	0.0	0.0	0.0	0.0	0.0	0.0	0.0	0.0	0.0	0.0	4.828622817993164	0.0	0.0	0.0	0.0	0.0	0.0	0.0	4.790470123291016	3.992537498474121	3.5529098510742188	0.0	0.0	0.0	0.0	4.099244594573975	0.0	0.0	0.0	0.0	0.0	0.0	0.0	2.2133452892303467	3.6411516666412354	0.0	5.78581428527832	3.9845995903015137	3.2689294815063477	0.0	0.0	3.7667157649993896	0.0	0.0	0.0	0.0	0.0	0.0	0.0	0.0	3.2898569107055664	0.0	0.0	0.0	0.0	2.8059167861938477
4.491214275360107	0.0	0.0	0.0	5.505782604217529	0.0	5.939351558685303	0.0	0.0	0.0	0.0	0.0	0.0	0.0	0.0	0.0	3.581125259399414	2.39880633354187	0.0	0.0	0.0	1.954974889755249	0.0	0.0	2.6586713790893555	3.8841640949249268	0.0	0.0	0.0	0.0	2.8184115886688232	2.2507572174072266	0.0	2.374983072280884	3.1469268798828125	4.98621129989624	0.0	7.006930828094482	2.837799072265625	2.198032855987549	3.8311216831207275	4.080196857452393	0.0	0.0	0.0	0.0	0.0	2.7015998363494873	0.0	4.182178020477295	0.0	0.0	0.0	5.339186191558838	0.0	3.2412073612213135	0.0	4.725409984588623	3.8939194679260254	0.0	0.0	0.0	2.8839216232299805	0.0	0.0	0.0	0.0	0.0	0.0	0.0	3.1087429523468018	0.0	0.0	0.0	0.0	0.0	0.0	0.0	0.0	0.0	0.0	0.0	4.825232028961182	0.0	0.0	0.0	0.0	0.0	0.0	0.0	4.785966873168945	3.988020181655884	3.549304246902466	0.0	0.0	0.0	0.0	4.095705032348633	0.0	0.0	0.0	0.0	0.0	0.0	0.0	2.211292028427124	3.63810658454895	0.0	5.780427932739258	3.979783296585083	3.2656891345977783	0.0	0.0	3.7641162872314453	0.0	0.0	0.0	0.0	0.0	0.0	0.0	0.0	3.2869741916656494	0.0	0.0	0.0	0.0	2.8033523559570312
4.496187210083008	0.0	0.0	0.0	5.508954048156738	0.0	5.941624641418457	0.0	0.0	0.0	0.0	0.0	0.0	0.0	0.0	0.0	3.5838303565979004	2.4007387161254883	0.0	0.0	0.0	1.956402063369751	0.0	0.0	2.660175323486328	3.8876564502716064	0.0	0.0	0.0	0.0	2.8222768306732178	2.2525548934936523	0.0	2.377622365951538	3.14945387840271	4.991285800933838	0.0	7.01088285446167	2.8405919075012207	2.1987550258636475	3.834318161010742	4.083693027496338	0.0	0.0	0.0	0.0	0.0	2.703068971633911	0.0	4.1845383644104	0.0	0.0	0.0	5.34380578994751	0.0	3.242950439453125	0.0	4.727169513702393	3.896733522415161	0.0	0.0	0.0	2.8850154876708984	0.0	0.0	0.0	0.0	0.0	0.0	0.0	3.112314462661743	0.0	0.0	0.0	0.0	0.0	0.0	0.0	0.0	0.0	0.0	0.0	4.828860759735107	0.0	0.0	0.0	0.0	0.0	0.0	0.0	4.789254188537598	3.992049217224121	3.553063154220581	0.0	0.0	0.0	0.0	4.098687171936035	0.0	0.0	0.0	0.0	0.0	0.0	0.0	2.2122788429260254	3.6401383876800537	0.0	5.785236835479736	3.9843499660491943	3.2675647735595703	0.0	0.0	3.766115188598633	0.0	0.0	0.0	0.0	0.0	0.0	0.0	0.0	3.2895963191986084	0.0	0.0	0.0	0.0	2.804513692855835
4.496830940246582	0.0	0.0	0.0	5.510509967803955	0.0	5.943367958068848	0.0	0.0	0.0	0.0	0.0	0.0	0.0	0.0	0.0	3.5852062702178955	2.4006564617156982	0.0	0.0	0.0	1.956954836845398	0.0	0.0	2.6611647605895996	3.8877322673797607	0.0	0.0	0.0	0.0	2.8218655586242676	2.2536797523498535	0.0	2.3778796195983887	3.1506969928741455	4.991872310638428	0.0	7.013112545013428	2.8406312465667725	2.2009122371673584	3.835134506225586	4.083916664123535	0.0	0.0	0.0	0.0	0.0	2.7038862705230713	0.0	4.186791896820068	0.0	0.0	0.0	5.3448591232299805	0.0	3.2433135509490967	0.0	4.728829383850098	3.897345781326294	0.0	0.0	0.0	2.885793447494507	0.0	0.0	0.0	0.0	0.0	0.0	0.0	3.1137168407440186	0.0	0.0	0.0	0.0	0.0	0.0	0.0	0.0	0.0	0.0	0.0	4.829839706420898	0.0	0.0	0.0	0.0	0.0	0.0	0.0	4.79047155380249	3.992387533187866	3.5543034076690674	0.0	0.0	0.0	0.0	4.100008010864258	0.0	0.0	0.0	0.0	0.0	0.0	0.0	2.213857889175415	3.64146089553833	0.0	5.786870002746582	3.984640598297119	3.2687504291534424	0.0	0.0	3.7673346996307373	0.0	0.0	0.0	0.0	0.0	0.0	0.0	0.0	3.291273355484009	0.0	0.0	0.0	0.0	2.8065896034240723
4.493432998657227	0.0	0.0	0.0	5.506804466247559	0.0	5.940408229827881	0.0	0.0	0.0	0.0	0.0	0.0	0.0	0.0	0.0	3.5833680629730225	2.3989453315734863	0.0	0.0	0.0	1.9564791917800903	0.0	0.0	2.6594197750091553	3.886435031890869	0.0	0.0	0.0	0.0	2.8200955390930176	2.2521796226501465	0.0	2.3758511543273926	3.1480679512023926	4.989887714385986	0.0	7.009604454040527	2.839338541030884	2.1995346546173096	3.8329858779907227	4.082501411437988	0.0	0.0	0.0	0.0	0.0	2.7019259929656982	0.0	4.183798313140869	0.0	0.0	0.0	5.34161376953125	0.0	3.2414538860321045	0.0	4.726329803466797	3.895271062850952	0.0	0.0	0.0	2.884904384613037	0.0	0.0	0.0	0.0	0.0	0.0	0.0	3.111262083053589	0.0	0.0	0.0	0.0	0.0	0.0	0.0	0.0	0.0	0.0	0.0	4.827342987060547	0.0	0.0	0.0	0.0	0.0	0.0	0.0	4.78776741027832	3.9901511669158936	3.551344156265259	0.0	0.0	0.0	0.0	4.098491191864014	0.0	0.0	0.0	0.0	0.0	0.0	0.0	2.2116823196411133	3.639385223388672	0.0	5.783328056335449	3.982630729675293	3.265681743621826	0.0	0.0	3.7649383544921875	0.0	0.0	0.0	0.0	0.0	0.0	0.0	0.0	3.2885727882385254	0.0	0.0	0.0	0.0	2.8043932914733887
4.496693134307861	0.0	0.0	0.0	5.510524749755859	0.0	5.944462776184082	0.0	0.0	0.0	0.0	0.0	0.0	0.0	0.0	0.0	3.5853402614593506	2.4013900756835938	0.0	0.0	0.0	1.956210970878601	0.0	0.0	2.6619760990142822	3.8876471519470215	0.0	0.0	0.0	0.0	2.822021007537842	2.254326581954956	0.0	2.377753257751465	3.1503472328186035	4.9924726486206055	0.0	7.013558864593506	2.841238260269165	2.2000534534454346	3.836176633834839	4.084791660308838	0.0	0.0	0.0	0.0	0.0	2.703806161880493	0.0	4.185396194458008	0.0	0.0	0.0	5.3444437980651855	0.0	3.243750810623169	0.0	4.728542804718018	3.896836042404175	0.0	0.0	0.0	2.885218858718872	0.0	0.0	0.0	0.0	0.0	0.0	0.0	3.1133108139038086	0.0	0.0	0.0	0.0	0.0	0.0	0.0	0.0	0.0	0.0	0.0	4.829357624053955	0.0	0.0	0.0	0.0	0.0	0.0	0.0	4.789493560791016	3.9927797317504883	3.5535707473754883	0.0	0.0	0.0	0.0	4.099391460418701	0.0	0.0	0.0	0.0	0.0	0.0	0.0	2.2135441303253174	3.6417276859283447	0.0	5.786355018615723	3.985809087753296	3.267935276031494	0.0	0.0	3.767073154449463	0.0	0.0	0.0	0.0	0.0	0.0	0.0	0.0	3.2914247512817383	0.0	0.0	0.0	0.0	2.8062729835510254
4.4831461906433105	0.0	0.0	0.0	5.493739604949951	0.0	5.927292823791504	0.0	0.0	0.0	0.0	0.0	0.0	0.0	0.0	0.0	3.5730464458465576	2.3951730728149414	0.0	0.0	0.0	1.951432466506958	0.0	0.0	2.653463363647461	3.8766837120056152	0.0	0.0	0.0	0.0	2.812563419342041	2.2475223541259766	0.0	2.370966672897339	3.141796588897705	4.977972984313965	0.0	6.994621276855469	2.83274507522583	2.1934597492218018	3.824594259262085	4.073991298675537	0.0	0.0	0.0	0.0	0.0	2.696070909500122	0.0	4.1722187995910645	0.0	0.0	0.0	5.329104423522949	0.0	3.2343697547912598	0.0	4.715172290802002	3.885129451751709	0.0	0.0	0.0	2.8790345191955566	0.0	0.0	0.0	0.0	0.0	0.0	0.0	3.1042189598083496	0.0	0.0	0.0	0.0	0.0	0.0	0.0	0.0	0.0	0.0	0.0	4.815147399902344	0.0	0.0	0.0	0.0	0.0	0.0	0.0	4.776190280914307	3.980973243713379	3.5438830852508545	0.0	0.0	0.0	0.0	4.086768627166748	0.0	0.0	0.0	0.0	0.0	0.0	0.0	2.206993579864502	3.630371332168579	0.0	5.769591331481934	3.9731223583221436	3.259195327758789	0.0	0.0	3.756173849105835	0.0	0.0	0.0	0.0	0.0	0.0	0.0	0.0	3.281031608581543	0.0	0.0	0.0	0.0	2.7980005741119385
4.491922378540039	0.0	0.0	0.0	5.505678653717041	0.0	5.939056396484375	0.0	0.0	0.0	0.0	0.0	0.0	0.0	0.0	0.0	3.582738161087036	2.3995938301086426	0.0	0.0	0.0	1.955893635749817	0.0	0.0	2.6595458984375	3.8851711750030518	0.0	0.0	0.0	0.0	2.8199124336242676	2.252232074737549	0.0	2.37566876411438	3.1479604244232178	4.987828254699707	0.0	7.006587505340576	2.837528944015503	2.1988680362701416	3.8323330879211426	4.080907344818115	0.0	0.0	0.0	0.0	0.0	2.701387643814087	0.0	4.182554244995117	0.0	0.0	0.0	5.340851306915283	0.0	3.2404630184173584	0.0	4.725640296936035	3.894604444503784	0.0	0.0	0.0	2.8834667205810547	0.0	0.0	0.0	0.0	0.0	0.0	0.0	3.110757350921631	0.0	0.0	0.0	0.0	0.0	0.0	0.0	0.0	0.0	0.0	0.0	4.825766086578369	0.0	0.0	0.0	0.0	0.0	0.0	0.0	4.786519527435303	3.9897401332855225	3.550102710723877	0.0	0.0	0.0	0.0	4.0956621170043945	0.0	0.0	0.0	0.0	0.0	0.0	0.0	2.2114758491516113	3.6385738849639893	0.0	5.781364440917969	3.9812145233154297	3.2659223079681396	0.0	0.0	3.764791965484619	0.0	0.0	0.0	0.0	0.0	0.0	0.0	0.0	3.2874162197113037	0.0	0.0	0.0	0.0	2.8036303520202637
4.490058422088623	0.0	0.0	0.0	5.502861022949219	0.0	5.935922145843506	0.0	0.0	0.0	0.0	0.0	0.0	0.0	0.0	0.0	3.5800466537475586	2.3976891040802	0.0	0.0	0.0	1.9554814100265503	0.0	0.0	2.6582789421081543	3.882286310195923	0.0	0.0	0.0	0.0	2.817418336868286	2.249157667160034	0.0	2.374152183532715	3.1466357707977295	4.984683036804199	0.0	7.005117893218994	2.8361637592315674	2.197563648223877	3.8297667503356934	4.07937479019165	0.0	0.0	0.0	0.0	0.0	2.7005457878112793	0.0	4.1799726486206055	0.0	0.0	0.0	5.338109970092773	0.0	3.2392024993896484	0.0	4.723032474517822	3.892099618911743	0.0	0.0	0.0	2.8829634189605713	0.0	0.0	0.0	0.0	0.0	0.0	0.0	3.1081554889678955	0.0	0.0	0.0	0.0	0.0	0.0	0.0	0.0	0.0	0.0	0.0	4.823964595794678	0.0	0.0	0.0	0.0	0.0	0.0	0.0	4.78407096862793	3.986711263656616	3.548348903656006	0.0	0.0	0.0	0.0	4.093816757202148	0.0	0.0	0.0	0.0	0.0	0.0	0.0	2.2102243900299072	3.636359214782715	0.0	5.778385162353516	3.978609800338745	3.264147996902466	0.0	0.0	3.7618186473846436	0.0	0.0	0.0	0.0	0.0	0.0	0.0	0.0	3.2868285179138184	0.0	0.0	0.0	0.0	2.8021295070648193
4.49772834777832	0.0	0.0	0.0	5.51098108291626	0.0	5.9438276290893555	0.0	0.0	0.0	0.0	0.0	0.0	0.0	0.0	0.0	3.5856218338012695	2.4011006355285645	0.0	0.0	0.0	1.9569308757781982	0.0	0.0	2.6617026329040527	3.8888678550720215	0.0	0.0	0.0	0.0	2.8219635486602783	2.254039764404297	0.0	2.3766798973083496	3.1513543128967285	4.993988037109375	0.0	7.0136518478393555	2.8411149978637695	2.202672243118286	3.836534261703491	4.085484981536865	0.0	0.0	0.0	0.0	0.0	2.70428466796875	0.0	4.18742036819458	0.0	0.0	0.0	5.3452935218811035	0.0	3.2438361644744873	0.0	4.7295098304748535	3.897587299346924	0.0	0.0	0.0	2.886435031890869	0.0	0.0	0.0	0.0	0.0	0.0	0.0	3.115137815475464	0.0	0.0	0.0	0.0	0.0	0.0	0.0	0.0	0.0	0.0	0.0	4.830596446990967	0.0	0.0	0.0	0.0	0.0	0.0	0.0	4.790823936462402	3.994035482406616	3.5533971786499023	0.0	0.0	0.0	0.0	4.09956693649292	0.0	0.0	0.0	0.0	0.0	0.0	0.0	2.2137696743011475	3.6421239376068115	0.0	5.787708759307861	3.9856059551239014	3.268284559249878	0.0	0.0	3.7674973011016846	0.0	0.0	0.0	0.0	0.0	0.0	0.0	0.0	3.2918150424957275	0.0	0.0	0.0	0.0	2.8065505027770996
4.497729301452637	0.0	0.0	0.0	5.510806083679199	0.0	5.943655490875244	0.0	0.0	0.0	0.0	0.0	0.0	0.0	0.0	0.0	3.5857858657836914	2.401374101638794	0.0	0.0	0.0	1.9564852714538574	0.0	0.0	2.6612157821655273	3.888240098953247	0.0	0.0	0.0	0.0	2.8217711448669434	2.2538070678710938	0.0	2.3771917819976807	3.1509087085723877	4.992161750793457	0.0	7.013711452484131	2.84116530418396	2.200731039047241	3.836137056350708	4.085155010223389	0.0	0.0	0.0	0.0	0.0	2.7047295570373535	0.0	4.186264991760254	0.0	0.0	0.0	5.345151901245117	0.0	3.2439074516296387	0.0	4.728971004486084	3.896859645843506	0.0	0.0	0.0	2.8863253593444824	0.0	0.0	0.0	0.0	0.0	0.0	0.0	3.1142406463623047	0.0	0.0	0.0	0.0	0.0	0.0	0.0	0.0	0.0	0.0	0.0	4.82949686050415	0.0	0.0	0.0	0.0	0.0	0.0	0.0	4.7911553382873535	3.992373466491699	3.553276538848877	0.0	0.0	0.0	0.0	4.098899841308594	0.0	0.0	0.0	0.0	0.0	0.0	0.0	2.213263750076294	3.641404151916504	0.0	5.787173748016357	3.9849464893341064	3.2682783603668213	0.0	0.0	3.767042636871338	0.0	0.0	0.0	0.0	0.0	0.0	0.0	0.0	3.290921211242676	0.0	0.0	0.0	0.0	2.8058905601501465
4.497409820556641	0.0	0.0	0.0	5.510915756225586	0.0	5.944231986999512	0.0	0.0	0.0	0.0	0.0	0.0	0.0	0.0	0.0	3.58612060546875	2.401240825653076	0.0	0.0	0.0	1.9562017917633057	0.0	0.0	2.662140369415283	3.889164686203003	0.0	0.0	0.0	0.0	2.8222815990448	2.2539122104644775	0.0	2.3784399032592773	3.1507163047790527	4.992867469787598	0.0	7.013508319854736	2.8406760692596436	2.2007896900177	3.8359153270721436	4.084923267364502	0.0	0.0	0.0	0.0	0.0	2.704392671585083	0.0	4.186279296875	0.0	0.0	0.0	5.34550142288208	0.0	3.244004249572754	0.0	4.730237007141113	3.8983943462371826	0.0	0.0	0.0	2.886187791824341	0.0	0.0	0.0	0.0	0.0	0.0	0.0	3.1136550903320312	0.0	0.0	0.0	0.0	0.0	0.0	0.0	0.0	0.0	0.0	0.0	4.830397605895996	0.0	0.0	0.0	0.0	0.0	0.0	0.0	4.79176139831543	3.992741346359253	3.554227828979492	0.0	0.0	0.0	0.0	4.100123405456543	0.0	0.0	0.0	0.0	0.0	0.0	0.0	2.2138588428497314	3.642294406890869	0.0	5.787807941436768	3.98540997505188	3.268981456756592	0.0	0.0	3.7681140899658203	0.0	0.0	0.0	0.0	0.0	0.0	0.0	0.0	3.2911062240600586	0.0	0.0	0.0	0.0	2.806635618209839
4.497732162475586	0.0	0.0	0.0	5.511983871459961	0.0	5.946095943450928	0.0	0.0	0.0	0.0	0.0	0.0	0.0	0.0	0.0	3.5863773822784424	2.4028778076171875	0.0	0.0	0.0	1.9578324556350708	0.0	0.0	2.6619603633880615	3.8892221450805664	0.0	0.0	0.0	0.0	2.8229856491088867	2.254728078842163	0.0	2.37851619720459	3.1519577503204346	4.994460105895996	0.0	7.016000747680664	2.8419036865234375	2.2009501457214355	3.8371827602386475	4.0866923332214355	0.0	0.0	0.0	0.0	0.0	2.705859661102295	0.0	4.187397480010986	0.0	0.0	0.0	5.34649658203125	0.0	3.24493408203125	0.0	4.731330871582031	3.898897409439087	0.0	0.0	0.0	2.8884289264678955	0.0	0.0	0.0	0.0	0.0	0.0	0.0	3.114272356033325	0.0	0.0	0.0	0.0	0.0	0.0	0.0	0.0	0.0	0.0	0.0	4.831104278564453	0.0	0.0	0.0	0.0	0.0	0.0	0.0	4.792911052703857	3.9943437576293945	3.5545318126678467	0.0	0.0	0.0	0.0	4.101497650146484	0.0	0.0	0.0	0.0	0.0	0.0	0.0	2.214318037033081	3.643446445465088	0.0	5.788957595825195	3.9865260124206543	3.2701451778411865	0.0	0.0	3.768956422805786	0.0	0.0	0.0	0.0	0.0	0.0	0.0	0.0	3.291508913040161	0.0	0.0	0.0	0.0	2.8076694011688232
4.495430946350098	0.0	0.0	0.0	5.507958889007568	0.0	5.942916393280029	0.0	0.0	0.0	0.0	0.0	0.0	0.0	0.0	0.0	3.5833792686462402	2.401412010192871	0.0	0.0	0.0	1.9568085670471191	0.0	0.0	2.660651206970215	3.886598587036133	0.0	0.0	0.0	0.0	2.8207175731658936	2.2525618076324463	0.0	2.3776657581329346	3.1500933170318604	4.991578102111816	0.0	7.010554790496826	2.839902877807617	2.1992533206939697	3.834005117416382	4.082711219787598	0.0	0.0	0.0	0.0	0.0	2.703279733657837	0.0	4.184140205383301	0.0	0.0	0.0	5.343801021575928	0.0	3.242645263671875	0.0	4.7272796630859375	3.8960094451904297	0.0	0.0	0.0	2.8856656551361084	0.0	0.0	0.0	0.0	0.0	0.0	0.0	3.1124699115753174	0.0	0.0	0.0	0.0	0.0	0.0	0.0	0.0	0.0	0.0	0.0	4.828075885772705	0.0	0.0	0.0	0.0	0.0	0.0	0.0	4.7890543937683105	3.9914159774780273	3.552198648452759	0.0	0.0	0.0	0.0	4.098308563232422	0.0	0.0	0.0	0.0	0.0	0.0	0.0	2.2135727405548096	3.6404309272766113	0.0	5.784589767456055	3.9835121631622314	3.267451524734497	0.0	0.0	3.7667689323425293	0.0	0.0	0.0	0.0	0.0	0.0	0.0	0.0	3.2903151512145996	0.0	0.0	0.0	0.0	2.8053412437438965
4.486894130706787	0.0	0.0	0.0	5.500268936157227	0.0	5.934314727783203	0.0	0.0	0.0	0.0	0.0	0.0	0.0	0.0	0.0	3.5787227153778076	2.3975353240966797	0.0	0.0	0.0	1.953501582145691	0.0	0.0	2.65700626373291	3.8812828063964844	0.0	0.0	0.0	0.0	2.8157238960266113	2.248595952987671	0.0	2.373565435409546	3.1450276374816895	4.982754230499268	0.0	7.0003228187561035	2.8352696895599365	2.1951937675476074	3.828104019165039	4.077680587768555	0.0	0.0	0.0	0.0	0.0	2.6987788677215576	0.0	4.177829265594482	0.0	0.0	0.0	5.335715293884277	0.0	3.2382912635803223	0.0	4.720258712768555	3.889406442642212	0.0	0.0	0.0	2.8826582431793213	0.0	0.0	0.0	0.0	0.0	0.0	0.0	3.106910228729248	0.0	0.0	0.0	0.0	0.0	0.0	0.0	0.0	0.0	0.0	0.0	4.820898056030273	0.0	0.0	0.0	0.0	0.0	0.0	0.0	4.781164169311523	3.9845449924468994	3.546468734741211	0.0	0.0	0.0	0.0	4.091677665710449	0.0	0.0	0.0	0.0	0.0	0.0	0.0	2.2092654705047607	3.633061170578003	0.0	5.775205135345459	3.976559638977051	3.2626514434814453	0.0	0.0	3.7606112957000732	0.0	0.0	0.0	0.0	0.0	0.0	0.0	0.0	3.2851381301879883	0.0	0.0	0.0	0.0	2.8016536235809326
4.494673728942871	0.0	0.0	0.0	5.50859260559082	0.0	5.940911293029785	0.0	0.0	0.0	0.0	0.0	0.0	0.0	0.0	0.0	3.583540916442871	2.399798631668091	0.0	0.0	0.0	1.9561898708343506	0.0	0.0	2.6598031520843506	3.885521650314331	0.0	0.0	0.0	0.0	2.819606304168701	2.2526097297668457	0.0	2.376450777053833	3.149808883666992	4.989130020141602	0.0	7.010679244995117	2.8387391567230225	2.199867010116577	3.833449363708496	4.082775592803955	0.0	0.0	0.0	0.0	0.0	2.703773021697998	0.0	4.183874607086182	0.0	0.0	0.0	5.34283447265625	0.0	3.2421045303344727	0.0	4.7271037101745605	3.8944106101989746	0.0	0.0	0.0	2.8856334686279297	0.0	0.0	0.0	0.0	0.0	0.0	0.0	3.1125922203063965	0.0	0.0	0.0	0.0	0.0	0.0	0.0	0.0	0.0	0.0	0.0	4.827760219573975	0.0	0.0	0.0	0.0	0.0	0.0	0.0	4.7888994216918945	3.9906296730041504	3.551978588104248	0.0	0.0	0.0	0.0	4.097919464111328	0.0	0.0	0.0	0.0	0.0	0.0	0.0	2.2133376598358154	3.63920259475708	0.0	5.783295154571533	3.9837875366210938	3.2674620151519775	0.0	0.0	3.7656586170196533	0.0	0.0	0.0	0.0	0.0	0.0	0.0	0.0	3.288577079772949	0.0	0.0	0.0	0.0	2.8048834800720215
4.49770450592041	0.0	0.0	0.0	5.511941432952881	0.0	5.945626735687256	0.0	0.0	0.0	0.0	0.0	0.0	0.0	0.0	0.0	3.586437463760376	2.402425765991211	0.0	0.0	0.0	1.9577887058258057	0.0	0.0	2.66292667388916	3.890620231628418	0.0	0.0	0.0	0.0	2.8234786987304688	2.253992795944214	0.0	2.3783209323883057	3.1514272689819336	4.994383335113525	0.0	7.01582145690918	2.841595411300659	2.2019150257110596	3.8370580673217773	4.085867881774902	0.0	0.0	0.0	0.0	0.0	2.705395460128784	0.0	4.187132835388184	0.0	0.0	0.0	5.346076965332031	0.0	3.244945764541626	0.0	4.731348991394043	3.8985705375671387	0.0	0.0	0.0	2.887624502182007	0.0	0.0	0.0	0.0	0.0	0.0	0.0	3.114957332611084	0.0	0.0	0.0	0.0	0.0	0.0	0.0	0.0	0.0	0.0	0.0	4.831203937530518	0.0	0.0	0.0	0.0	0.0	0.0	0.0	4.792924404144287	3.994185447692871	3.5543150901794434	0.0	0.0	0.0	0.0	4.100308418273926	0.0	0.0	0.0	0.0	0.0	0.0	0.0	2.2140052318573	3.6430630683898926	0.0	5.7889299392700195	3.986156940460205	3.2699363231658936	0.0	0.0	3.7684526443481445	0.0	0.0	0.0	0.0	0.0	0.0	0.0	0.0	3.291890859603882	0.0	0.0	0.0	0.0	2.80806040763855
4.486825466156006	0.0	0.0	0.0	5.500002861022949	0.0	5.9344401359558105	0.0	0.0	0.0	0.0	0.0	0.0	0.0	0.0	0.0	3.577671527862549	2.3971915245056152	0.0	0.0	0.0	1.9527466297149658	0.0	0.0	2.655076026916504	3.880882501602173	0.0	0.0	0.0	0.0	2.8166239261627197	2.251007318496704	0.0	2.3729612827301025	3.1437251567840576	4.983007431030273	0.0	7.000649452209473	2.8350038528442383	2.19498610496521	3.827965259552002	4.07628059387207	0.0	0.0	0.0	0.0	0.0	2.698422431945801	0.0	4.17941951751709	0.0	0.0	0.0	5.333922863006592	0.0	3.2383437156677246	0.0	4.720254898071289	3.8909854888916016	0.0	0.0	0.0	2.8811235427856445	0.0	0.0	0.0	0.0	0.0	0.0	0.0	3.1074628829956055	0.0	0.0	0.0	0.0	0.0	0.0	0.0	0.0	0.0	0.0	0.0	4.821212291717529	0.0	0.0	0.0	0.0	0.0	0.0	0.0	4.782474517822266	3.9854624271392822	3.5462191104888916	0.0	0.0	0.0	0.0	4.092685222625732	0.0	0.0	0.0	0.0	0.0	0.0	0.0	2.2095444202423096	3.6353960037231445	0.0	5.776501178741455	3.978865385055542	3.261759042739868	0.0	0.0	3.7604475021362305	0.0	0.0	0.0	0.0	0.0	0.0	0.0	0.0	3.2849748134613037	0.0	0.0	0.0	0.0	2.8022687435150146
4.496766090393066	0.0	0.0	0.0	5.510934352874756	0.0	5.943868160247803	0.0	0.0	0.0	0.0	0.0	0.0	0.0	0.0	0.0	3.5861518383026123	2.4018282890319824	0.0	0.0	0.0	1.9565469026565552	0.0	0.0	2.6619718074798584	3.8886799812316895	0.0	0.0	0.0	0.0	2.8225979804992676	2.2551069259643555	0.0	2.377488613128662	3.1504361629486084	4.9931793212890625	0.0	7.0137739181518555	2.840813159942627	2.201404333114624	3.83604097366333	4.085146427154541	0.0	0.0	0.0	0.0	0.0	2.704411745071411	0.0	4.186491966247559	0.0	0.0	0.0	5.344818592071533	0.0	3.2436888217926025	0.0	4.7298102378845215	3.8973569869995117	0.0	0.0	0.0	2.88629150390625	0.0	0.0	0.0	0.0	0.0	0.0	0.0	3.1134862899780273	0.0	0.0	0.0	0.0	0.0	0.0	0.0	0.0	0.0	0.0	0.0	4.82993221282959	0.0	0.0	0.0	0.0	0.0	0.0	0.0	4.791632652282715	3.993217945098877	3.553142547607422	0.0	0.0	0.0	0.0	4.099514484405518	0.0	0.0	0.0	0.0	0.0	0.0	0.0	2.213062047958374	3.641892433166504	0.0	5.786574840545654	3.984811782836914	3.2687933444976807	0.0	0.0	3.7673282623291016	0.0	0.0	0.0	0.0	0.0	0.0	0.0	0.0	3.2909839153289795	0.0	0.0	0.0	0.0	2.8072574138641357
4.494611740112305	0.0	0.0	0.0	5.508195877075195	0.0	5.941784858703613	0.0	0.0	0.0	0.0	0.0	0.0	0.0	0.0	0.0	3.584303855895996	2.400531053543091	0.0	0.0	0.0	1.9564714431762695	0.0	0.0	2.660353660583496	3.8866467475891113	0.0	0.0	0.0	0.0	2.821422815322876	2.2536706924438477	0.0	2.377408266067505	3.1498847007751465	4.990450382232666	0.0	7.011070728302002	2.839128017425537	2.199615001678467	3.8345301151275635	4.0827107429504395	0.0	0.0	0.0	0.0	0.0	2.7030677795410156	0.0	4.1844611167907715	0.0	0.0	0.0	5.3424248695373535	0.0	3.242868185043335	0.0	4.727207183837891	3.8970398902893066	0.0	0.0	0.0	2.8853166103363037	0.0	0.0	0.0	0.0	0.0	0.0	0.0	3.1127312183380127	0.0	0.0	0.0	0.0	0.0	0.0	0.0	0.0	0.0	0.0	0.0	4.8277459144592285	0.0	0.0	0.0	0.0	0.0	0.0	0.0	4.789106369018555	3.9913525581359863	3.552691698074341	0.0	0.0	0.0	0.0	4.097675323486328	0.0	0.0	0.0	0.0	0.0	0.0	0.0	2.2118070125579834	3.641033411026001	0.0	5.785367012023926	3.9841437339782715	3.267918825149536	0.0	0.0	3.7660586833953857	0.0	0.0	0.0	0.0	0.0	0.0	0.0	0.0	3.290300130844116	0.0	0.0	0.0	0.0	2.8056914806365967
4.492140293121338	0.0	0.0	0.0	5.5047712326049805	0.0	5.937654495239258	0.0	0.0	0.0	0.0	0.0	0.0	0.0	0.0	0.0	3.5813095569610596	2.399693727493286	0.0	0.0	0.0	1.9544423818588257	0.0	0.0	2.6584980487823486	3.8835103511810303	0.0	0.0	0.0	0.0	2.8188297748565674	2.2507519721984863	0.0	2.375101089477539	3.1481406688690186	4.987102031707764	0.0	7.006595611572266	2.837933301925659	2.197723150253296	3.830897092819214	4.080129146575928	0.0	0.0	0.0	0.0	0.0	2.701507329940796	0.0	4.181654930114746	0.0	0.0	0.0	5.338566303253174	0.0	3.240443229675293	0.0	4.72516393661499	3.8934884071350098	0.0	0.0	0.0	2.883573055267334	0.0	0.0	0.0	0.0	0.0	0.0	0.0	3.110466241836548	0.0	0.0	0.0	0.0	0.0	0.0	0.0	0.0	0.0	0.0	0.0	4.824026107788086	0.0	0.0	0.0	0.0	0.0	0.0	0.0	4.785133361816406	3.9879937171936035	3.5505714416503906	0.0	0.0	0.0	0.0	4.095246315002441	0.0	0.0	0.0	0.0	0.0	0.0	0.0	2.2103312015533447	3.637030601501465	0.0	5.780463695526123	3.9804067611694336	3.264789342880249	0.0	0.0	3.762848138809204	0.0	0.0	0.0	0.0	0.0	0.0	0.0	0.0	3.2873589992523193	0.0	0.0	0.0	0.0	2.803500175476074
4.494151592254639	0.0	0.0	0.0	5.5070576667785645	0.0	5.941408157348633	0.0	0.0	0.0	0.0	0.0	0.0	0.0	0.0	0.0	3.5833566188812256	2.4005050659179688	0.0	0.0	0.0	1.9553178548812866	0.0	0.0	2.659254550933838	3.8864099979400635	0.0	0.0	0.0	0.0	2.8208343982696533	2.2524094581604004	0.0	2.3760790824890137	3.1500580310821533	4.99015998840332	0.0	7.010426998138428	2.839121103286743	2.199322462081909	3.833530902862549	4.082675457000732	0.0	0.0	0.0	0.0	0.0	2.7028849124908447	0.0	4.1840925216674805	0.0	0.0	0.0	5.3429107666015625	0.0	3.2422232627868652	0.0	4.726771831512451	3.895021677017212	0.0	0.0	0.0	2.8857030868530273	0.0	0.0	0.0	0.0	0.0	0.0	0.0	3.1128530502319336	0.0	0.0	0.0	0.0	0.0	0.0	0.0	0.0	0.0	0.0	0.0	4.827019691467285	0.0	0.0	0.0	0.0	0.0	0.0	0.0	4.788451671600342	3.9905824661254883	3.5525481700897217	0.0	0.0	0.0	0.0	4.097167491912842	0.0	0.0	0.0	0.0	0.0	0.0	0.0	2.211782693862915	3.64064359664917	0.0	5.784308433532715	3.9827756881713867	3.2666831016540527	0.0	0.0	3.766347646713257	0.0	0.0	0.0	0.0	0.0	0.0	0.0	0.0	3.2884557247161865	0.0	0.0	0.0	0.0	2.8053221702575684
4.49320125579834	0.0	0.0	0.0	5.506457805633545	0.0	5.941061496734619	0.0	0.0	0.0	0.0	0.0	0.0	0.0	0.0	0.0	3.5824944972991943	2.4002795219421387	0.0	0.0	0.0	1.9561736583709717	0.0	0.0	2.6595075130462646	3.885678768157959	0.0	0.0	0.0	0.0	2.819429397583008	2.251718282699585	0.0	2.3756556510925293	3.1478428840637207	4.989160537719727	0.0	7.009153366088867	2.8385674953460693	2.1989498138427734	3.8327720165252686	4.081326961517334	0.0	0.0	0.0	0.0	0.0	2.7015228271484375	0.0	4.182977199554443	0.0	0.0	0.0	5.341126441955566	0.0	3.2418980598449707	0.0	4.725790500640869	3.8942887783050537	0.0	0.0	0.0	2.885373830795288	0.0	0.0	0.0	0.0	0.0	0.0	0.0	3.1110591888427734	0.0	0.0	0.0	0.0	0.0	0.0	0.0	0.0	0.0	0.0	0.0	4.826645851135254	0.0	0.0	0.0	0.0	0.0	0.0	0.0	4.787707805633545	3.9894018173217773	3.5511438846588135	0.0	0.0	0.0	0.0	4.097091197967529	0.0	0.0	0.0	0.0	0.0	0.0	0.0	2.211092710494995	3.6382744312286377	0.0	5.782874584197998	3.982210636138916	3.267725944519043	0.0	0.0	3.765195846557617	0.0	0.0	0.0	0.0	0.0	0.0	0.0	0.0	3.288365602493286	0.0	0.0	0.0	0.0	2.80502986907959
4.49505615234375	0.0	0.0	0.0	5.509550094604492	0.0	5.942540168762207	0.0	0.0	0.0	0.0	0.0	0.0	0.0	0.0	0.0	3.5848186016082764	2.4006829261779785	0.0	0.0	0.0	1.9559828042984009	0.0	0.0	2.6604831218719482	3.887767791748047	0.0	0.0	0.0	0.0	2.8215298652648926	2.2532601356506348	0.0	2.377152442932129	3.149477958679199	4.991677284240723	0.0	7.01234245300293	2.8400800228118896	2.200186252593994	3.835421562194824	4.084441184997559	0.0	0.0	0.0	0.0	0.0	2.703484058380127	0.0	4.185997009277344	0.0	0.0	0.0	5.344193935394287	0.0	3.243349313735962	0.0	4.728423595428467	3.8963849544525146	0.0	0.0	0.0	2.8858234882354736	0.0	0.0	0.0	0.0	0.0	0.0	0.0	3.1134450435638428	0.0	0.0	0.0	0.0	0.0	0.0	0.0	0.0	0.0	0.0	0.0	4.8295087814331055	0.0	0.0	0.0	0.0	0.0	0.0	0.0	4.790666103363037	3.991290330886841	3.5531535148620605	0.0	0.0	0.0	0.0	4.098738193511963	0.0	0.0	0.0	0.0	0.0	0.0	0.0	2.2136430740356445	3.6410679817199707	0.0	5.7856974601745605	3.9845690727233887	3.268043041229248	0.0	0.0	3.7673263549804688	0.0	0.0	0.0	0.0	0.0	0.0	0.0	0.0	3.289450168609619	0.0	0.0	0.0	0.0	2.8058555126190186
4.493842601776123	0.0	0.0	0.0	5.506852149963379	0.0	5.941199779510498	0.0	0.0	0.0	0.0	0.0	0.0	0.0	0.0	0.0	3.583162546157837	2.3996617794036865	0.0	0.0	0.0	1.9556772708892822	0.0	0.0	2.6600451469421387	3.8857080936431885	0.0	0.0	0.0	0.0	2.8197195529937744	2.2521471977233887	0.0	2.3759539127349854	3.148594856262207	4.989206314086914	0.0	7.009045600891113	2.839101791381836	2.1989097595214844	3.8324785232543945	4.081343173980713	0.0	0.0	0.0	0.0	0.0	2.7032439708709717	0.0	4.183584690093994	0.0	0.0	0.0	5.342649459838867	0.0	3.241640090942383	0.0	4.725518703460693	3.894990921020508	0.0	0.0	0.0	2.8845393657684326	0.0	0.0	0.0	0.0	0.0	0.0	0.0	3.11106538772583	0.0	0.0	0.0	0.0	0.0	0.0	0.0	0.0	0.0	0.0	0.0	4.8268208503723145	0.0	0.0	0.0	0.0	0.0	0.0	0.0	4.787906646728516	3.9907329082489014	3.5514068603515625	0.0	0.0	0.0	0.0	4.096078872680664	0.0	0.0	0.0	0.0	0.0	0.0	0.0	2.212237596511841	3.6393251419067383	0.0	5.78343391418457	3.982389450073242	3.26603627204895	0.0	0.0	3.76485276222229	0.0	0.0	0.0	0.0	0.0	0.0	0.0	0.0	3.2888317108154297	0.0	0.0	0.0	0.0	2.8044378757476807
4.496356964111328	0.0	0.0	0.0	5.511160850524902	0.0	5.944611072540283	0.0	0.0	0.0	0.0	0.0	0.0	0.0	0.0	0.0	3.5849733352661133	2.402376890182495	0.0	0.0	0.0	1.957025170326233	0.0	0.0	2.6618599891662598	3.888760805130005	0.0	0.0	0.0	0.0	2.8219215869903564	2.253291606903076	0.0	2.377877950668335	3.150172233581543	4.992823600769043	0.0	7.014749050140381	2.841552972793579	2.200610876083374	3.836132526397705	4.08418083190918	0.0	0.0	0.0	0.0	0.0	2.7046101093292236	0.0	4.186415672302246	0.0	0.0	0.0	5.345598220825195	0.0	3.24357533454895	0.0	4.728771686553955	3.89797043800354	0.0	0.0	0.0	2.8863673210144043	0.0	0.0	0.0	0.0	0.0	0.0	0.0	3.113757848739624	0.0	0.0	0.0	0.0	0.0	0.0	0.0	0.0	0.0	0.0	0.0	4.830862522125244	0.0	0.0	0.0	0.0	0.0	0.0	0.0	4.791281700134277	3.993032932281494	3.5534443855285645	0.0	0.0	0.0	0.0	4.100115776062012	0.0	0.0	0.0	0.0	0.0	0.0	0.0	2.2133960723876953	3.6425774097442627	0.0	5.786888122558594	3.9844210147857666	3.2683215141296387	0.0	0.0	3.767800807952881	0.0	0.0	0.0	0.0	0.0	0.0	0.0	0.0	3.2913994789123535	0.0	0.0	0.0	0.0	2.8063111305236816
4.496954917907715	0.0	0.0	0.0	5.511052131652832	0.0	5.945476531982422	0.0	0.0	0.0	0.0	0.0	0.0	0.0	0.0	0.0	3.585320472717285	2.4018020629882812	0.0	0.0	0.0	1.9563679695129395	0.0	0.0	2.661968946456909	3.888518810272217	0.0	0.0	0.0	0.0	2.82330584526062	2.2534689903259277	0.0	2.377148151397705	3.150792360305786	4.993725299835205	0.0	7.014619827270508	2.841221570968628	2.20151948928833	3.8358051776885986	4.084330081939697	0.0	0.0	0.0	0.0	0.0	2.704427480697632	0.0	4.187081813812256	0.0	0.0	0.0	5.346485614776611	0.0	3.244710922241211	0.0	4.729440689086914	3.898144006729126	0.0	0.0	0.0	2.886265754699707	0.0	0.0	0.0	0.0	0.0	0.0	0.0	3.114469051361084	0.0	0.0	0.0	0.0	0.0	0.0	0.0	0.0	0.0	0.0	0.0	4.831001281738281	0.0	0.0	0.0	0.0	0.0	0.0	0.0	4.7922682762146	3.993607759475708	3.554368734359741	0.0	0.0	0.0	0.0	4.100872039794922	0.0	0.0	0.0	0.0	0.0	0.0	0.0	2.2134861946105957	3.6423428058624268	0.0	5.787632942199707	3.9862234592437744	3.2692012786865234	0.0	0.0	3.7682290077209473	0.0	0.0	0.0	0.0	0.0	0.0	0.0	0.0	3.2914867401123047	0.0	0.0	0.0	0.0	2.8068721294403076
4.496095657348633	0.0	0.0	0.0	5.510101795196533	0.0	5.9427571296691895	0.0	0.0	0.0	0.0	0.0	0.0	0.0	0.0	0.0	3.585282325744629	2.4005651473999023	0.0	0.0	0.0	1.9562702178955078	0.0	0.0	2.6610777378082275	3.888148307800293	0.0	0.0	0.0	0.0	2.821611166000366	2.253472089767456	0.0	2.37699556350708	3.150421619415283	4.991657257080078	0.0	7.012855052947998	2.840409278869629	2.200838088989258	3.8351120948791504	4.084061145782471	0.0	0.0	0.0	0.0	0.0	2.704066753387451	0.0	4.1867828369140625	0.0	0.0	0.0	5.343836307525635	0.0	3.244018077850342	0.0	4.72929573059082	3.8973238468170166	0.0	0.0	0.0	2.886711597442627	0.0	0.0	0.0	0.0	0.0	0.0	0.0	3.1132006645202637	0.0	0.0	0.0	0.0	0.0	0.0	0.0	0.0	0.0	0.0	0.0	4.828533172607422	0.0	0.0	0.0	0.0	0.0	0.0	0.0	4.7901716232299805	3.991846799850464	3.5539700984954834	0.0	0.0	0.0	0.0	4.098514080047607	0.0	0.0	0.0	0.0	0.0	0.0	0.0	2.213261365890503	3.6414945125579834	0.0	5.787220478057861	3.9844210147857666	3.268580913543701	0.0	0.0	3.767465591430664	0.0	0.0	0.0	0.0	0.0	0.0	0.0	0.0	3.290457248687744	0.0	0.0	0.0	0.0	2.806375503540039
4.4943718910217285	0.0	0.0	0.0	5.508227825164795	0.0	5.941129207611084	0.0	0.0	0.0	0.0	0.0	0.0	0.0	0.0	0.0	3.5825817584991455	2.400251865386963	0.0	0.0	0.0	1.9560209512710571	0.0	0.0	2.6599247455596924	3.886793851852417	0.0	0.0	0.0	0.0	2.8202593326568604	2.253127098083496	0.0	2.3764488697052	3.149247407913208	4.989437103271484	0.0	7.009896278381348	2.8395915031433105	2.1999423503875732	3.833679676055908	4.083121299743652	0.0	0.0	0.0	0.0	0.0	2.7033565044403076	0.0	4.184427738189697	0.0	0.0	0.0	5.34311056137085	0.0	3.2428441047668457	0.0	4.728137493133545	3.89587664604187	0.0	0.0	0.0	2.8862006664276123	0.0	0.0	0.0	0.0	0.0	0.0	0.0	3.1122593879699707	0.0	0.0	0.0	0.0	0.0	0.0	0.0	0.0	0.0	0.0	0.0	4.828003883361816	0.0	0.0	0.0	0.0	0.0	0.0	0.0	4.788092613220215	3.9901630878448486	3.5518975257873535	0.0	0.0	0.0	0.0	4.098011016845703	0.0	0.0	0.0	0.0	0.0	0.0	0.0	2.212517738342285	3.6399409770965576	0.0	5.7843451499938965	3.9834773540496826	3.267482042312622	0.0	0.0	3.7657129764556885	0.0	0.0	0.0	0.0	0.0	0.0	0.0	0.0	3.2885560989379883	0.0	0.0	0.0	0.0	2.8051421642303467
4.495180606842041	0.0	0.0	0.0	5.5093913078308105	0.0	5.94451904296875	0.0	0.0	0.0	0.0	0.0	0.0	0.0	0.0	0.0	3.583517074584961	2.4010283946990967	0.0	0.0	0.0	1.9570673704147339	0.0	0.0	2.660635471343994	3.888237237930298	0.0	0.0	0.0	0.0	2.821791410446167	2.2528600692749023	0.0	2.3778879642486572	3.1498310565948486	4.992192268371582	0.0	7.012051582336426	2.8412415981292725	2.199937343597412	3.834747314453125	4.0838775634765625	0.0	0.0	0.0	0.0	0.0	2.703622341156006	0.0	4.185384273529053	0.0	0.0	0.0	5.345065593719482	0.0	3.243633508682251	0.0	4.729281425476074	3.89639949798584	0.0	0.0	0.0	2.886249303817749	0.0	0.0	0.0	0.0	0.0	0.0	0.0	3.1132729053497314	0.0	0.0	0.0	0.0	0.0	0.0	0.0	0.0	0.0	0.0	0.0	4.828398704528809	0.0	0.0	0.0	0.0	0.0	0.0	0.0	4.790146350860596	3.992664337158203	3.5531489849090576	0.0	0.0	0.0	0.0	4.09916353225708	0.0	0.0	0.0	0.0	0.0	0.0	0.0	2.212686538696289	3.640929698944092	0.0	5.785825729370117	3.984837770462036	3.268745183944702	0.0	0.0	3.767134428024292	0.0	0.0	0.0	0.0	0.0	0.0	0.0	0.0	3.2907238006591797	0.0	0.0	0.0	0.0	2.8063440322875977
4.494015216827393	0.0	0.0	0.0	5.507961750030518	0.0	5.940328121185303	0.0	0.0	0.0	0.0	0.0	0.0	0.0	0.0	0.0	3.5823538303375244	2.39984130859375	0.0	0.0	0.0	1.9570714235305786	0.0	0.0	2.6596803665161133	3.886472702026367	0.0	0.0	0.0	0.0	2.821237325668335	2.2521793842315674	0.0	2.3766136169433594	3.149521827697754	4.990028381347656	0.0	7.009469509124756	2.83925724029541	2.1997835636138916	3.833892822265625	4.0826520919799805	0.0	0.0	0.0	0.0	0.0	2.7028660774230957	0.0	4.184511661529541	0.0	0.0	0.0	5.342155933380127	0.0	3.2418935298919678	0.0	4.726947784423828	3.8953919410705566	0.0	0.0	0.0	2.88470458984375	0.0	0.0	0.0	0.0	0.0	0.0	0.0	3.1122703552246094	0.0	0.0	0.0	0.0	0.0	0.0	0.0	0.0	0.0	0.0	0.0	4.82744836807251	0.0	0.0	0.0	0.0	0.0	0.0	0.0	4.788166522979736	3.990669012069702	3.551943063735962	0.0	0.0	0.0	0.0	4.0975470542907715	0.0	0.0	0.0	0.0	0.0	0.0	0.0	2.21258282661438	3.640549659729004	0.0	5.783990859985352	3.982638120651245	3.266970157623291	0.0	0.0	3.7648403644561768	0.0	0.0	0.0	0.0	0.0	0.0	0.0	0.0	3.2898218631744385	0.0	0.0	0.0	0.0	2.8048293590545654
4.490593910217285	0.0	0.0	0.0	5.503528594970703	0.0	5.936690807342529	0.0	0.0	0.0	0.0	0.0	0.0	0.0	0.0	0.0	3.5799386501312256	2.3963825702667236	0.0	0.0	0.0	1.954453706741333	0.0	0.0	2.657595634460449	3.8836610317230225	0.0	0.0	0.0	0.0	2.81794810295105	2.252328395843506	0.0	2.3744349479675293	3.1456491947174072	4.9865498542785645	0.0	7.005373954772949	2.8369123935699463	2.197211980819702	3.831582546234131	4.079697608947754	0.0	0.0	0.0	0.0	0.0	2.7006258964538574	0.0	4.180239200592041	0.0	0.0	0.0	5.337188243865967	0.0	3.239206552505493	0.0	4.72236442565918	3.8923723697662354	0.0	0.0	0.0	2.881516933441162	0.0	0.0	0.0	0.0	0.0	0.0	0.0	3.1106362342834473	0.0	0.0	0.0	0.0	0.0	0.0	0.0	0.0	0.0	0.0	0.0	4.824333190917969	0.0	0.0	0.0	0.0	0.0	0.0	0.0	4.784369945526123	3.9884979724884033	3.550199031829834	0.0	0.0	0.0	0.0	4.095209121704102	0.0	0.0	0.0	0.0	0.0	0.0	0.0	2.211071252822876	3.6375999450683594	0.0	5.780722618103027	3.9826691150665283	3.2638626098632812	0.0	0.0	3.7636666297912598	0.0	0.0	0.0	0.0	0.0	0.0	0.0	0.0	3.286973476409912	0.0	0.0	0.0	0.0	2.8037638664245605
4.491087913513184	0.0	0.0	0.0	5.503596782684326	0.0	5.93841028213501	0.0	0.0	0.0	0.0	0.0	0.0	0.0	0.0	0.0	3.5805306434631348	2.4006481170654297	0.0	0.0	0.0	1.956040382385254	0.0	0.0	2.6583752632141113	3.8850045204162598	0.0	0.0	0.0	0.0	2.8179686069488525	2.250857353210449	0.0	2.3740737438201904	3.1461081504821777	4.98654317855835	0.0	7.006343841552734	2.8374459743499756	2.1973283290863037	3.830845355987549	4.080414295196533	0.0	0.0	0.0	0.0	0.0	2.7000246047973633	0.0	4.1796369552612305	0.0	0.0	0.0	5.338961124420166	0.0	3.240506887435913	0.0	4.724855899810791	3.892308235168457	0.0	0.0	0.0	2.882725954055786	0.0	0.0	0.0	0.0	0.0	0.0	0.0	3.109067678451538	0.0	0.0	0.0	0.0	0.0	0.0	0.0	0.0	0.0	0.0	0.0	4.824666500091553	0.0	0.0	0.0	0.0	0.0	0.0	0.0	4.785559177398682	3.987494468688965	3.548867702484131	0.0	0.0	0.0	0.0	4.096409320831299	0.0	0.0	0.0	0.0	0.0	0.0	0.0	2.210890769958496	3.637153148651123	0.0	5.780378818511963	3.980504035949707	3.2654807567596436	0.0	0.0	3.7639472484588623	0.0	0.0	0.0	0.0	0.0	0.0	0.0	0.0	3.2869858741760254	0.0	0.0	0.0	0.0	2.8038365840911865
4.487013339996338	0.0	0.0	0.0	5.49966287612915	0.0	5.934269905090332	0.0	0.0	0.0	0.0	0.0	0.0	0.0	0.0	0.0	3.577284097671509	2.39839768409729	0.0	0.0	0.0	1.9545059204101562	0.0	0.0	2.656264305114746	3.881850242614746	0.0	0.0	0.0	0.0	2.817301034927368	2.2480173110961914	0.0	2.373037338256836	3.144989490509033	4.982580661773682	0.0	7.000899791717529	2.835500478744507	2.195427894592285	3.827483892440796	4.077544689178467	0.0	0.0	0.0	0.0	0.0	2.699519634246826	0.0	4.177909851074219	0.0	0.0	0.0	5.335902690887451	0.0	3.2398862838745117	0.0	4.720776081085205	3.891111135482788	0.0	0.0	0.0	2.8830952644348145	0.0	0.0	0.0	0.0	0.0	0.0	0.0	3.106497049331665	0.0	0.0	0.0	0.0	0.0	0.0	0.0	0.0	0.0	0.0	0.0	4.8207106590271	0.0	0.0	0.0	0.0	0.0	0.0	0.0	4.781650543212891	3.984729051589966	3.546344757080078	0.0	0.0	0.0	0.0	4.092330455780029	0.0	0.0	0.0	0.0	0.0	0.0	0.0	2.2092320919036865	3.634350061416626	0.0	5.775973320007324	3.976471424102783	3.262892961502075	0.0	0.0	3.76090145111084	0.0	0.0	0.0	0.0	0.0	0.0	0.0	0.0	3.2856438159942627	0.0	0.0	0.0	0.0	2.8011412620544434
4.496883869171143	0.0	0.0	0.0	5.511010646820068	0.0	5.945248126983643	0.0	0.0	0.0	0.0	0.0	0.0	0.0	0.0	0.0	3.585564374923706	2.401520013809204	0.0	0.0	0.0	1.9575759172439575	0.0	0.0	2.6622140407562256	3.8897624015808105	0.0	0.0	0.0	0.0	2.8227860927581787	2.2532176971435547	0.0	2.3783321380615234	3.1513004302978516	4.993050575256348	0.0	7.0155792236328125	2.8409907817840576	2.201159715652466	3.8362905979156494	4.085611343383789	0.0	0.0	0.0	0.0	0.0	2.704118013381958	0.0	4.187046527862549	0.0	0.0	0.0	5.346105098724365	0.0	3.2451155185699463	0.0	4.729711532592773	3.8976709842681885	0.0	0.0	0.0	2.8867175579071045	0.0	0.0	0.0	0.0	0.0	0.0	0.0	3.114518880844116	0.0	0.0	0.0	0.0	0.0	0.0	0.0	0.0	0.0	0.0	0.0	4.831667900085449	0.0	0.0	0.0	0.0	0.0	0.0	0.0	4.792879104614258	3.993765115737915	3.554302930831909	0.0	0.0	0.0	0.0	4.100783824920654	0.0	0.0	0.0	0.0	0.0	0.0	0.0	2.2139322757720947	3.6427669525146484	0.0	5.788450241088867	3.9857420921325684	3.2689456939697266	0.0	0.0	3.768051862716675	0.0	0.0	0.0	0.0	0.0	0.0	0.0	0.0	3.2915124893188477	0.0	0.0	0.0	0.0	2.8070664405822754
4.4847822189331055	0.0	0.0	0.0	5.498730659484863	0.0	5.932261943817139	0.0	0.0	0.0	0.0	0.0	0.0	0.0	0.0	0.0	3.577078104019165	2.396167516708374	0.0	0.0	0.0	1.9531117677688599	0.0	0.0	2.654557943344116	3.879791021347046	0.0	0.0	0.0	0.0	2.8152823448181152	2.248279571533203	0.0	2.372269868850708	3.14349102973938	4.9811882972717285	0.0	6.997243881225586	2.835489273071289	2.1955249309539795	3.8275070190429688	4.074888706207275	0.0	0.0	0.0	0.0	0.0	2.6962623596191406	0.0	4.1766037940979	0.0	0.0	0.0	5.333253383636475	0.0	3.237975597381592	0.0	4.718873500823975	3.8893795013427734	0.0	0.0	0.0	2.8814198970794678	0.0	0.0	0.0	0.0	0.0	0.0	0.0	3.10648775100708	0.0	0.0	0.0	0.0	0.0	0.0	0.0	0.0	0.0	0.0	0.0	4.819131374359131	0.0	0.0	0.0	0.0	0.0	0.0	0.0	4.7804789543151855	3.9838898181915283	3.5458574295043945	0.0	0.0	0.0	0.0	4.091549873352051	0.0	0.0	0.0	0.0	0.0	0.0	0.0	2.2084808349609375	3.6327762603759766	0.0	5.774420261383057	3.976402997970581	3.2610554695129395	0.0	0.0	3.7594552040100098	0.0	0.0	0.0	0.0	0.0	0.0	0.0	0.0	3.2842342853546143	0.0	0.0	0.0	0.0	2.800431251525879
4.495703220367432	0.0	0.0	0.0	5.509596347808838	0.0	5.94286584854126	0.0	0.0	0.0	0.0	0.0	0.0	0.0	0.0	0.0	3.584420919418335	2.4007668495178223	0.0	0.0	0.0	1.9566618204116821	0.0	0.0	2.6606268882751465	3.8875648975372314	0.0	0.0	0.0	0.0	2.8212130069732666	2.252930164337158	0.0	2.3781661987304688	3.1501479148864746	4.9907450675964355	0.0	7.011998653411865	2.840305805206299	2.199367046356201	3.834549903869629	4.084353446960449	0.0	0.0	0.0	0.0	0.0	2.7030699253082275	0.0	4.185637474060059	0.0	0.0	0.0	5.344721794128418	0.0	3.242877244949341	0.0	4.728316783905029	3.8965492248535156	0.0	0.0	0.0	2.886627435684204	0.0	0.0	0.0	0.0	0.0	0.0	0.0	3.1132655143737793	0.0	0.0	0.0	0.0	0.0	0.0	0.0	0.0	0.0	0.0	0.0	4.828298091888428	0.0	0.0	0.0	0.0	0.0	0.0	0.0	4.789931774139404	3.991807460784912	3.552332639694214	0.0	0.0	0.0	0.0	4.099065780639648	0.0	0.0	0.0	0.0	0.0	0.0	0.0	2.2134337425231934	3.6411101818084717	0.0	5.7863335609436035	3.9840471744537354	3.267613649368286	0.0	0.0	3.76613187789917	0.0	0.0	0.0	0.0	0.0	0.0	0.0	0.0	3.290637969970703	0.0	0.0	0.0	0.0	2.806269407272339
4.485562324523926	0.0	0.0	0.0	5.498241424560547	0.0	5.93162202835083	0.0	0.0	0.0	0.0	0.0	0.0	0.0	0.0	0.0	3.5769388675689697	2.3961074352264404	0.0	0.0	0.0	1.9527873992919922	0.0	0.0	2.655186414718628	3.878988742828369	0.0	0.0	0.0	0.0	2.8148820400238037	2.246854066848755	0.0	2.3718600273132324	3.1426188945770264	4.980804920196533	0.0	6.995761394500732	2.835817337036133	2.195981979370117	3.8265113830566406	4.074840068817139	0.0	0.0	0.0	0.0	0.0	2.697821855545044	0.0	4.175991535186768	0.0	0.0	0.0	5.3332672119140625	0.0	3.2369072437286377	0.0	4.718881607055664	3.8873465061187744	0.0	0.0	0.0	2.8803772926330566	0.0	0.0	0.0	0.0	0.0	0.0	0.0	3.106444835662842	0.0	0.0	0.0	0.0	0.0	0.0	0.0	0.0	0.0	0.0	0.0	4.8176727294921875	0.0	0.0	0.0	0.0	0.0	0.0	0.0	4.780128002166748	3.9844846725463867	3.543625831604004	0.0	0.0	0.0	0.0	4.089687347412109	0.0	0.0	0.0	0.0	0.0	0.0	0.0	2.2081305980682373	3.6327590942382812	0.0	5.7723588943481445	3.9738993644714355	3.2608642578125	0.0	0.0	3.7576301097869873	0.0	0.0	0.0	0.0	0.0	0.0	0.0	0.0	3.282505750656128	0.0	0.0	0.0	0.0	2.7989187240600586
4.488508224487305	0.0	0.0	0.0	5.501622200012207	0.0	5.935027122497559	0.0	0.0	0.0	0.0	0.0	0.0	0.0	0.0	0.0	3.5795090198516846	2.397085428237915	0.0	0.0	0.0	1.9542704820632935	0.0	0.0	2.656627893447876	3.8813278675079346	0.0	0.0	0.0	0.0	2.817340135574341	2.249406337738037	0.0	2.37414813041687	3.145031690597534	4.984256744384766	0.0	7.001843452453613	2.8362247943878174	2.1982150077819824	3.8284077644348145	4.0785298347473145	0.0	0.0	0.0	0.0	0.0	2.7004787921905518	0.0	4.180090427398682	0.0	0.0	0.0	5.336250305175781	0.0	3.2379438877105713	0.0	4.721076965332031	3.8912241458892822	0.0	0.0	0.0	2.881688117980957	0.0	0.0	0.0	0.0	0.0	0.0	0.0	3.1090729236602783	0.0	0.0	0.0	0.0	0.0	0.0	0.0	0.0	0.0	0.0	0.0	4.820314407348633	0.0	0.0	0.0	0.0	0.0	0.0	0.0	4.782617092132568	3.9866244792938232	3.5476720333099365	0.0	0.0	0.0	0.0	4.092665195465088	0.0	0.0	0.0	0.0	0.0	0.0	0.0	2.2090399265289307	3.635369062423706	0.0	5.77712345123291	3.9773478507995605	3.263408899307251	0.0	0.0	3.761066198348999	0.0	0.0	0.0	0.0	0.0	0.0	0.0	0.0	3.2855660915374756	0.0	0.0	0.0	0.0	2.8019580841064453
4.499876976013184	0.0	0.0	0.0	5.513337135314941	0.0	5.947715759277344	0.0	0.0	0.0	0.0	0.0	0.0	0.0	0.0	0.0	3.5864322185516357	2.402496099472046	0.0	0.0	0.0	1.9581626653671265	0.0	0.0	2.6628451347351074	3.891242265701294	0.0	0.0	0.0	0.0	2.823561191558838	2.254794120788574	0.0	2.3795764446258545	3.1524806022644043	4.995255470275879	0.0	7.018077850341797	2.8426883220672607	2.2022669315338135	3.837825059890747	4.087089538574219	0.0	0.0	0.0	0.0	0.0	2.706747055053711	0.0	4.18889045715332	0.0	0.0	0.0	5.347801685333252	0.0	3.2454276084899902	0.0	4.7317938804626465	3.9007492065429688	0.0	0.0	0.0	2.888174533843994	0.0	0.0	0.0	0.0	0.0	0.0	0.0	3.116421699523926	0.0	0.0	0.0	0.0	0.0	0.0	0.0	0.0	0.0	0.0	0.0	4.8330559730529785	0.0	0.0	0.0	0.0	0.0	0.0	0.0	4.793223857879639	3.9953362941741943	3.556260108947754	0.0	0.0	0.0	0.0	4.103443145751953	0.0	0.0	0.0	0.0	0.0	0.0	0.0	2.2150752544403076	3.643195629119873	0.0	5.7905120849609375	3.9880311489105225	3.2700369358062744	0.0	0.0	3.7699484825134277	0.0	0.0	0.0	0.0	0.0	0.0	0.0	0.0	3.2935428619384766	0.0	0.0	0.0	0.0	2.808051586151123
4.497909069061279	0.0	0.0	0.0	5.512089729309082	0.0	5.946539402008057	0.0	0.0	0.0	0.0	0.0	0.0	0.0	0.0	0.0	3.585764169692993	2.4028799533843994	0.0	0.0	0.0	1.9577196836471558	0.0	0.0	2.662299633026123	3.8891727924346924	0.0	0.0	0.0	0.0	2.8222174644470215	2.2537426948547363	0.0	2.378375291824341	3.150486469268799	4.993869781494141	0.0	7.0151872634887695	2.8421788215637207	2.2018508911132812	3.8375160694122314	4.085790634155273	0.0	0.0	0.0	0.0	0.0	2.70485520362854	0.0	4.18662166595459	0.0	0.0	0.0	5.347433090209961	0.0	3.2448511123657227	0.0	4.731391429901123	3.8989651203155518	0.0	0.0	0.0	2.88629412651062	0.0	0.0	0.0	0.0	0.0	0.0	0.0	3.11415958404541	0.0	0.0	0.0	0.0	0.0	0.0	0.0	0.0	0.0	0.0	0.0	4.8311357498168945	0.0	0.0	0.0	0.0	0.0	0.0	0.0	4.792596340179443	3.9945576190948486	3.554164171218872	0.0	0.0	0.0	0.0	4.100753307342529	0.0	0.0	0.0	0.0	0.0	0.0	0.0	2.2139065265655518	3.6425981521606445	0.0	5.78894567489624	3.986936569213867	3.2700555324554443	0.0	0.0	3.7676923274993896	0.0	0.0	0.0	0.0	0.0	0.0	0.0	0.0	3.29233455657959	0.0	0.0	0.0	0.0	2.8073766231536865
4.494205951690674	0.0	0.0	0.0	5.508058547973633	0.0	5.941740989685059	0.0	0.0	0.0	0.0	0.0	0.0	0.0	0.0	0.0	3.5839245319366455	2.4002435207366943	0.0	0.0	0.0	1.9568114280700684	0.0	0.0	2.659730911254883	3.886796474456787	0.0	0.0	0.0	0.0	2.8209993839263916	2.2520499229431152	0.0	2.37729549407959	3.149186372756958	4.9905686378479	0.0	7.010169506072998	2.839858293533325	2.2008700370788574	3.8337416648864746	4.083021640777588	0.0	0.0	0.0	0.0	0.0	2.7029869556427	0.0	4.185025215148926	0.0	0.0	0.0	5.343554496765137	0.0	3.242295265197754	0.0	4.727595806121826	3.8959546089172363	0.0	0.0	0.0	2.885676860809326	0.0	0.0	0.0	0.0	0.0	0.0	0.0	3.1126654148101807	0.0	0.0	0.0	0.0	0.0	0.0	0.0	0.0	0.0	0.0	0.0	4.82863712310791	0.0	0.0	0.0	0.0	0.0	0.0	0.0	4.788630485534668	3.9922609329223633	3.5521669387817383	0.0	0.0	0.0	0.0	4.098057270050049	0.0	0.0	0.0	0.0	0.0	0.0	0.0	2.212602138519287	3.6403896808624268	0.0	5.785064220428467	3.983717918395996	3.2673463821411133	0.0	0.0	3.766026735305786	0.0	0.0	0.0	0.0	0.0	0.0	0.0	0.0	3.28977108001709	0.0	0.0	0.0	0.0	2.8058788776397705
4.494972229003906	0.0	0.0	0.0	5.509598255157471	0.0	5.942782402038574	0.0	0.0	0.0	0.0	0.0	0.0	0.0	0.0	0.0	3.583519220352173	2.4006474018096924	0.0	0.0	0.0	1.9564361572265625	0.0	0.0	2.6602816581726074	3.88725209236145	0.0	0.0	0.0	0.0	2.821396827697754	2.2529261112213135	0.0	2.3771321773529053	3.1496622562408447	4.9907331466674805	0.0	7.011749267578125	2.840259313583374	2.199950695037842	3.834130048751831	4.082962989807129	0.0	0.0	0.0	0.0	0.0	2.7026774883270264	0.0	4.1853556632995605	0.0	0.0	0.0	5.343338966369629	0.0	3.242527723312378	0.0	4.727618217468262	3.895968198776245	0.0	0.0	0.0	2.8851735591888428	0.0	0.0	0.0	0.0	0.0	0.0	0.0	3.112650156021118	0.0	0.0	0.0	0.0	0.0	0.0	0.0	0.0	0.0	0.0	0.0	4.827839374542236	0.0	0.0	0.0	0.0	0.0	0.0	0.0	4.7897114753723145	3.9922282695770264	3.5527493953704834	0.0	0.0	0.0	0.0	4.099066257476807	0.0	0.0	0.0	0.0	0.0	0.0	0.0	2.212663412094116	3.6404519081115723	0.0	5.785192489624023	3.9845690727233887	3.268441677093506	0.0	0.0	3.766080856323242	0.0	0.0	0.0	0.0	0.0	0.0	0.0	0.0	3.2895870208740234	0.0	0.0	0.0	0.0	2.804919719696045
4.494622707366943	0.0	0.0	0.0	5.510073184967041	0.0	5.94319486618042	0.0	0.0	0.0	0.0	0.0	0.0	0.0	0.0	0.0	3.5841784477233887	2.4010114669799805	0.0	0.0	0.0	1.9567341804504395	0.0	0.0	2.660907506942749	3.8875339031219482	0.0	0.0	0.0	0.0	2.821035861968994	2.253227710723877	0.0	2.3771798610687256	3.1495308876037598	4.9908528327941895	0.0	7.011824607849121	2.8403685092926025	2.1996841430664062	3.835437774658203	4.083493232727051	0.0	0.0	0.0	0.0	0.0	2.7030863761901855	0.0	4.184374809265137	0.0	0.0	0.0	5.343385696411133	0.0	3.243560314178467	0.0	4.7278947830200195	3.8960254192352295	0.0	0.0	0.0	2.885857582092285	0.0	0.0	0.0	0.0	0.0	0.0	0.0	3.112643003463745	0.0	0.0	0.0	0.0	0.0	0.0	0.0	0.0	0.0	0.0	0.0	4.828346252441406	0.0	0.0	0.0	0.0	0.0	0.0	0.0	4.78863525390625	3.9913690090179443	3.5515449047088623	0.0	0.0	0.0	0.0	4.098539352416992	0.0	0.0	0.0	0.0	0.0	0.0	0.0	2.212529182434082	3.6406641006469727	0.0	5.784727573394775	3.983093738555908	3.267885684967041	0.0	0.0	3.7664358615875244	0.0	0.0	0.0	0.0	0.0	0.0	0.0	0.0	3.289940357208252	0.0	0.0	0.0	0.0	2.806138277053833
4.498412132263184	0.0	0.0	0.0	5.512942790985107	0.0	5.945999622344971	0.0	0.0	0.0	0.0	0.0	0.0	0.0	0.0	0.0	3.5856878757476807	2.401387929916382	0.0	0.0	0.0	1.9577902555465698	0.0	0.0	2.6620123386383057	3.8895840644836426	0.0	0.0	0.0	0.0	2.822903633117676	2.2542901039123535	0.0	2.377906560897827	3.151333808898926	4.994660377502441	0.0	7.01548433303833	2.841862916946411	2.202505350112915	3.835999011993408	4.08581018447876	0.0	0.0	0.0	0.0	0.0	2.7050585746765137	0.0	4.187916278839111	0.0	0.0	0.0	5.3465094566345215	0.0	3.2448649406433105	0.0	4.730640411376953	3.899198532104492	0.0	0.0	0.0	2.886897325515747	0.0	0.0	0.0	0.0	0.0	0.0	0.0	3.1149370670318604	0.0	0.0	0.0	0.0	0.0	0.0	0.0	0.0	0.0	0.0	0.0	4.831026077270508	0.0	0.0	0.0	0.0	0.0	0.0	0.0	4.792401313781738	3.994356632232666	3.5548973083496094	0.0	0.0	0.0	0.0	4.1009602546691895	0.0	0.0	0.0	0.0	0.0	0.0	0.0	2.213639497756958	3.643972635269165	0.0	5.788666248321533	3.9858062267303467	3.269441843032837	0.0	0.0	3.7685022354125977	0.0	0.0	0.0	0.0	0.0	0.0	0.0	0.0	3.291377067565918	0.0	0.0	0.0	0.0	2.807182788848877
4.49400520324707	0.0	0.0	0.0	5.507166862487793	0.0	5.940711975097656	0.0	0.0	0.0	0.0	0.0	0.0	0.0	0.0	0.0	3.5821611881256104	2.400953769683838	0.0	0.0	0.0	1.9562513828277588	0.0	0.0	2.6607632637023926	3.8846964836120605	0.0	0.0	0.0	0.0	2.820004463195801	2.2522244453430176	0.0	2.3754873275756836	3.14829683303833	4.989424705505371	0.0	7.009807109832764	2.838524103164673	2.198575973510742	3.833110809326172	4.0828046798706055	0.0	0.0	0.0	0.0	0.0	2.7019686698913574	0.0	4.183083534240723	0.0	0.0	0.0	5.343192100524902	0.0	3.2419180870056152	0.0	4.726328372955322	3.8957841396331787	0.0	0.0	0.0	2.8859915733337402	0.0	0.0	0.0	0.0	0.0	0.0	0.0	3.1121697425842285	0.0	0.0	0.0	0.0	0.0	0.0	0.0	0.0	0.0	0.0	0.0	4.827120304107666	0.0	0.0	0.0	0.0	0.0	0.0	0.0	4.787754535675049	3.989525556564331	3.5514986515045166	0.0	0.0	0.0	0.0	4.097421169281006	0.0	0.0	0.0	0.0	0.0	0.0	0.0	2.2131502628326416	3.639108419418335	0.0	5.783586025238037	3.9819021224975586	3.2675254344940186	0.0	0.0	3.7658448219299316	0.0	0.0	0.0	0.0	0.0	0.0	0.0	0.0	3.2894303798675537	0.0	0.0	0.0	0.0	2.8047542572021484
4.487063884735107	0.0	0.0	0.0	5.500368118286133	0.0	5.933109283447266	0.0	0.0	0.0	0.0	0.0	0.0	0.0	0.0	0.0	3.5772664546966553	2.3972299098968506	0.0	0.0	0.0	1.9537689685821533	0.0	0.0	2.656252861022949	3.8797900676727295	0.0	0.0	0.0	0.0	2.8155364990234375	2.2479135990142822	0.0	2.3748691082000732	3.1444852352142334	4.982302188873291	0.0	7.000933647155762	2.8340847492218018	2.1954426765441895	3.828003168106079	4.078088760375977	0.0	0.0	0.0	0.0	0.0	2.6990444660186768	0.0	4.176364898681641	0.0	0.0	0.0	5.334650039672852	0.0	3.2381651401519775	0.0	4.7197747230529785	3.8903515338897705	0.0	0.0	0.0	2.8822286128997803	0.0	0.0	0.0	0.0	0.0	0.0	0.0	3.1081252098083496	0.0	0.0	0.0	0.0	0.0	0.0	0.0	0.0	0.0	0.0	0.0	4.8204426765441895	0.0	0.0	0.0	0.0	0.0	0.0	0.0	4.781486511230469	3.9837939739227295	3.5474870204925537	0.0	0.0	0.0	0.0	4.090706825256348	0.0	0.0	0.0	0.0	0.0	0.0	0.0	2.2084834575653076	3.6328635215759277	0.0	5.774702548980713	3.975587844848633	3.26153302192688	0.0	0.0	3.758422374725342	0.0	0.0	0.0	0.0	0.0	0.0	0.0	0.0	3.2847137451171875	0.0	0.0	0.0	0.0	2.8010406494140625
4.496899127960205	0.0	0.0	0.0	5.510560035705566	0.0	5.943085193634033	0.0	0.0	0.0	0.0	0.0	0.0	0.0	0.0	0.0	3.5856997966766357	2.401278018951416	0.0	0.0	0.0	1.9568449258804321	0.0	0.0	2.6611692905426025	3.888273000717163	0.0	0.0	0.0	0.0	2.822298765182495	2.253060817718506	0.0	2.3774027824401855	3.150059223175049	4.992849826812744	0.0	7.01276159286499	2.8403122425079346	2.20095157623291	3.8355846405029297	4.084634780883789	0.0	0.0	0.0	0.0	0.0	2.704165458679199	0.0	4.1870527267456055	0.0	0.0	0.0	5.344520568847656	0.0	3.2430849075317383	0.0	4.728281497955322	3.8977324962615967	0.0	0.0	0.0	2.8865444660186768	0.0	0.0	0.0	0.0	0.0	0.0	0.0	3.113947868347168	0.0	0.0	0.0	0.0	0.0	0.0	0.0	0.0	0.0	0.0	0.0	4.829829216003418	0.0	0.0	0.0	0.0	0.0	0.0	0.0	4.7910637855529785	3.993136405944824	3.552969455718994	0.0	0.0	0.0	0.0	4.099620342254639	0.0	0.0	0.0	0.0	0.0	0.0	0.0	2.2134056091308594	3.641369581222534	0.0	5.787200927734375	3.9851832389831543	3.2688679695129395	0.0	0.0	3.7676868438720703	0.0	0.0	0.0	0.0	0.0	0.0	0.0	0.0	3.2911617755889893	0.0	0.0	0.0	0.0	2.8065929412841797
4.490098476409912	0.0	0.0	0.0	5.504170894622803	0.0	5.938475608825684	0.0	0.0	0.0	0.0	0.0	0.0	0.0	0.0	0.0	3.5805015563964844	2.3989193439483643	0.0	0.0	0.0	1.9555011987686157	0.0	0.0	2.6587891578674316	3.884782314300537	0.0	0.0	0.0	0.0	2.817957639694214	2.250392436981201	0.0	2.375774383544922	3.147486686706543	4.98626708984375	0.0	7.007194519042969	2.8377082347869873	2.1973659992218018	3.831042528152466	4.080587863922119	0.0	0.0	0.0	0.0	0.0	2.700424909591675	0.0	4.180685520172119	0.0	0.0	0.0	5.338891983032227	0.0	3.241643190383911	0.0	4.723297595977783	3.893310308456421	0.0	0.0	0.0	2.8838775157928467	0.0	0.0	0.0	0.0	0.0	0.0	0.0	3.110192060470581	0.0	0.0	0.0	0.0	0.0	0.0	0.0	0.0	0.0	0.0	0.0	4.825135231018066	0.0	0.0	0.0	0.0	0.0	0.0	0.0	4.7858195304870605	3.9870872497558594	3.5497829914093018	0.0	0.0	0.0	0.0	4.09527063369751	0.0	0.0	0.0	0.0	0.0	0.0	0.0	2.2115397453308105	3.636319637298584	0.0	5.779527187347412	3.979100227355957	3.264878034591675	0.0	0.0	3.763253688812256	0.0	0.0	0.0	0.0	0.0	0.0	0.0	0.0	3.2870259284973145	0.0	0.0	0.0	0.0	2.8023300170898438
4.494270324707031	0.0	0.0	0.0	5.508491516113281	0.0	5.942121982574463	0.0	0.0	0.0	0.0	0.0	0.0	0.0	0.0	0.0	3.5842247009277344	2.400655746459961	0.0	0.0	0.0	1.9568811655044556	0.0	0.0	2.6596360206604004	3.8872931003570557	0.0	0.0	0.0	0.0	2.821455240249634	2.2524290084838867	0.0	2.3777637481689453	3.149764060974121	4.990522384643555	0.0	7.011629104614258	2.8406741619110107	2.2001800537109375	3.834602117538452	4.0833892822265625	0.0	0.0	0.0	0.0	0.0	2.703127384185791	0.0	4.184677600860596	0.0	0.0	0.0	5.344136714935303	0.0	3.2429866790771484	0.0	4.727017402648926	3.896470069885254	0.0	0.0	0.0	2.8856101036071777	0.0	0.0	0.0	0.0	0.0	0.0	0.0	3.112886428833008	0.0	0.0	0.0	0.0	0.0	0.0	0.0	0.0	0.0	0.0	0.0	4.828378677368164	0.0	0.0	0.0	0.0	0.0	0.0	0.0	4.789705753326416	3.992105484008789	3.552953004837036	0.0	0.0	0.0	0.0	4.098679542541504	0.0	0.0	0.0	0.0	0.0	0.0	0.0	2.212341785430908	3.640486240386963	0.0	5.785689353942871	3.983095645904541	3.267611503601074	0.0	0.0	3.7664341926574707	0.0	0.0	0.0	0.0	0.0	0.0	0.0	0.0	3.2899086475372314	0.0	0.0	0.0	0.0	2.8060266971588135
4.494049072265625	0.0	0.0	0.0	5.508310317993164	0.0	5.941549301147461	0.0	0.0	0.0	0.0	0.0	0.0	0.0	0.0	0.0	3.5833730697631836	2.400329113006592	0.0	0.0	0.0	1.9563546180725098	0.0	0.0	2.6601181030273438	3.8876564502716064	0.0	0.0	0.0	0.0	2.8202474117279053	2.251324415206909	0.0	2.3770880699157715	3.147789239883423	4.990833282470703	0.0	7.010136604309082	2.8398683071136475	2.199190855026245	3.833692789077759	4.081634044647217	0.0	0.0	0.0	0.0	0.0	2.7029306888580322	0.0	4.184077262878418	0.0	0.0	0.0	5.3425445556640625	0.0	3.2434260845184326	0.0	4.72622537612915	3.8956298828125	0.0	0.0	0.0	2.885937213897705	0.0	0.0	0.0	0.0	0.0	0.0	0.0	3.1127405166625977	0.0	0.0	0.0	0.0	0.0	0.0	0.0	0.0	0.0	0.0	0.0	4.8278422355651855	0.0	0.0	0.0	0.0	0.0	0.0	0.0	4.788813591003418	3.990381956100464	3.5516140460968018	0.0	0.0	0.0	0.0	4.097073078155518	0.0	0.0	0.0	0.0	0.0	0.0	0.0	2.212557077407837	3.639200448989868	0.0	5.783608436584473	3.9826645851135254	3.267092227935791	0.0	0.0	3.765439987182617	0.0	0.0	0.0	0.0	0.0	0.0	0.0	0.0	3.2876157760620117	0.0	0.0	0.0	0.0	2.8042473793029785
4.497226238250732	0.0	0.0	0.0	5.51143217086792	0.0	5.94472074508667	0.0	0.0	0.0	0.0	0.0	0.0	0.0	0.0	0.0	3.5852575302124023	2.400989055633545	0.0	0.0	0.0	1.9571353197097778	0.0	0.0	2.6623549461364746	3.8887808322906494	0.0	0.0	0.0	0.0	2.821845054626465	2.2536871433258057	0.0	2.377929925918579	3.15094256401062	4.993402004241943	0.0	7.014081001281738	2.8420181274414062	2.2011806964874268	3.836085796356201	4.085145473480225	0.0	0.0	0.0	0.0	0.0	2.704716444015503	0.0	4.1875433921813965	0.0	0.0	0.0	5.345590591430664	0.0	3.24375581741333	0.0	4.72874641418457	3.8978729248046875	0.0	0.0	0.0	2.8863978385925293	0.0	0.0	0.0	0.0	0.0	0.0	0.0	3.1136908531188965	0.0	0.0	0.0	0.0	0.0	0.0	0.0	0.0	0.0	0.0	0.0	4.830742359161377	0.0	0.0	0.0	0.0	0.0	0.0	0.0	4.791599750518799	3.9932971000671387	3.554128646850586	0.0	0.0	0.0	0.0	4.100402355194092	0.0	0.0	0.0	0.0	0.0	0.0	0.0	2.214212656021118	3.642397403717041	0.0	5.7870659828186035	3.985398292541504	3.2693121433258057	0.0	0.0	3.7679591178894043	0.0	0.0	0.0	0.0	0.0	0.0	0.0	0.0	3.292057991027832	0.0	0.0	0.0	0.0	2.8068957328796387
4.492285251617432	0.0	0.0	0.0	5.506583213806152	0.0	5.9393391609191895	0.0	0.0	0.0	0.0	0.0	0.0	0.0	0.0	0.0	3.5833590030670166	2.3994762897491455	0.0	0.0	0.0	1.9545880556106567	0.0	0.0	2.659648895263672	3.8850722312927246	0.0	0.0	0.0	0.0	2.8201935291290283	2.251016855239868	0.0	2.375851631164551	3.1483802795410156	4.988298416137695	0.0	7.006792068481445	2.838446617126465	2.199521780014038	3.831932306289673	4.081067085266113	0.0	0.0	0.0	0.0	0.0	2.702284097671509	0.0	4.183699607849121	0.0	0.0	0.0	5.3410539627075195	0.0	3.240530490875244	0.0	4.724809646606445	3.8938674926757812	0.0	0.0	0.0	2.8847196102142334	0.0	0.0	0.0	0.0	0.0	0.0	0.0	3.112485885620117	0.0	0.0	0.0	0.0	0.0	0.0	0.0	0.0	0.0	0.0	0.0	4.8257222175598145	0.0	0.0	0.0	0.0	0.0	0.0	0.0	4.788050174713135	3.990405321121216	3.550654649734497	0.0	0.0	0.0	0.0	4.096416473388672	0.0	0.0	0.0	0.0	0.0	0.0	0.0	2.2113606929779053	3.637557029724121	0.0	5.782227993011475	3.981342077255249	3.265770196914673	0.0	0.0	3.763864755630493	0.0	0.0	0.0	0.0	0.0	0.0	0.0	0.0	3.2874093055725098	0.0	0.0	0.0	0.0	2.8038392066955566
4.489620685577393	0.0	0.0	0.0	5.503965854644775	0.0	5.9373626708984375	0.0	0.0	0.0	0.0	0.0	0.0	0.0	0.0	0.0	3.5797135829925537	2.3984017372131348	0.0	0.0	0.0	1.955566167831421	0.0	0.0	2.6577515602111816	3.8839282989501953	0.0	0.0	0.0	0.0	2.8178796768188477	2.2505695819854736	0.0	2.3745110034942627	3.145651340484619	4.9866943359375	0.0	7.005967617034912	2.8369550704956055	2.197293758392334	3.830674171447754	4.079482078552246	0.0	0.0	0.0	0.0	0.0	2.7009947299957275	0.0	4.180811882019043	0.0	0.0	0.0	5.338596343994141	0.0	3.2401716709136963	0.0	4.723230361938477	3.893078327178955	0.0	0.0	0.0	2.884230852127075	0.0	0.0	0.0	0.0	0.0	0.0	0.0	3.1103768348693848	0.0	0.0	0.0	0.0	0.0	0.0	0.0	0.0	0.0	0.0	0.0	4.823657989501953	0.0	0.0	0.0	0.0	0.0	0.0	0.0	4.784117698669434	3.986001491546631	3.5495107173919678	0.0	0.0	0.0	0.0	4.0941290855407715	0.0	0.0	0.0	0.0	0.0	0.0	0.0	2.2117228507995605	3.6380088329315186	0.0	5.779476642608643	3.980374574661255	3.26499605178833	0.0	0.0	3.7625715732574463	0.0	0.0	0.0	0.0	0.0	0.0	0.0	0.0	3.2869699001312256	0.0	0.0	0.0	0.0	2.8035969734191895
4.494307994842529	0.0	0.0	0.0	5.5060648918151855	0.0	5.940377712249756	0.0	0.0	0.0	0.0	0.0	0.0	0.0	0.0	0.0	3.582845449447632	2.400097370147705	0.0	0.0	0.0	1.9559412002563477	0.0	0.0	2.6597378253936768	3.885639190673828	0.0	0.0	0.0	0.0	2.82004714012146	2.2523417472839355	0.0	2.374955892562866	3.1489615440368652	4.989780902862549	0.0	7.008950710296631	2.8392372131347656	2.199901819229126	3.8341498374938965	4.081794261932373	0.0	0.0	0.0	0.0	0.0	2.7020301818847656	0.0	4.182417869567871	0.0	0.0	0.0	5.340745449066162	0.0	3.2417948246002197	0.0	4.72611665725708	3.8943634033203125	0.0	0.0	0.0	2.884352922439575	0.0	0.0	0.0	0.0	0.0	0.0	0.0	3.1121597290039062	0.0	0.0	0.0	0.0	0.0	0.0	0.0	0.0	0.0	0.0	0.0	4.826383590698242	0.0	0.0	0.0	0.0	0.0	0.0	0.0	4.787576198577881	3.989880323410034	3.551427125930786	0.0	0.0	0.0	0.0	4.096591472625732	0.0	0.0	0.0	0.0	0.0	0.0	0.0	2.2121732234954834	3.6397671699523926	0.0	5.782810211181641	3.982815980911255	3.2674715518951416	0.0	0.0	3.7666568756103516	0.0	0.0	0.0	0.0	0.0	0.0	0.0	0.0	3.28837513923645	0.0	0.0	0.0	0.0	2.80500864982605
4.497889518737793	0.0	0.0	0.0	5.51309061050415	0.0	5.946869373321533	0.0	0.0	0.0	0.0	0.0	0.0	0.0	0.0	0.0	3.586660623550415	2.4023187160491943	0.0	0.0	0.0	1.95806884765625	0.0	0.0	2.6630568504333496	3.890493154525757	0.0	0.0	0.0	0.0	2.8226232528686523	2.2543656826019287	0.0	2.379878520965576	3.1526663303375244	4.99514627456665	0.0	7.0169782638549805	2.8415257930755615	2.2025158405303955	3.8371572494506836	4.0860090255737305	0.0	0.0	0.0	0.0	0.0	2.7050509452819824	0.0	4.1877055168151855	0.0	0.0	0.0	5.347306728363037	0.0	3.244516372680664	0.0	4.732039451599121	3.899653673171997	0.0	0.0	0.0	2.887146472930908	0.0	0.0	0.0	0.0	0.0	0.0	0.0	3.114692449569702	0.0	0.0	0.0	0.0	0.0	0.0	0.0	0.0	0.0	0.0	0.0	4.832004547119141	0.0	0.0	0.0	0.0	0.0	0.0	0.0	4.791934490203857	3.994830369949341	3.556011199951172	0.0	0.0	0.0	0.0	4.10114860534668	0.0	0.0	0.0	0.0	0.0	0.0	0.0	2.214468240737915	3.643725633621216	0.0	5.789798259735107	3.9868123531341553	3.2694969177246094	0.0	0.0	3.769385576248169	0.0	0.0	0.0	0.0	0.0	0.0	0.0	0.0	3.2930123805999756	0.0	0.0	0.0	0.0	2.8078839778900146
4.49349308013916	0.0	0.0	0.0	5.506678104400635	0.0	5.941170692443848	0.0	0.0	0.0	0.0	0.0	0.0	0.0	0.0	0.0	3.582824468612671	2.4006948471069336	0.0	0.0	0.0	1.9566665887832642	0.0	0.0	2.660187244415283	3.8860158920288086	0.0	0.0	0.0	0.0	2.819784641265869	2.251758575439453	0.0	2.376185655593872	3.1474292278289795	4.989120960235596	0.0	7.0093584060668945	2.838285207748413	2.198406457901001	3.8331446647644043	4.082587242126465	0.0	0.0	0.0	0.0	0.0	2.702392578125	0.0	4.1825995445251465	0.0	0.0	0.0	5.342236518859863	0.0	3.242222309112549	0.0	4.7261433601379395	3.8946807384490967	0.0	0.0	0.0	2.883747100830078	0.0	0.0	0.0	0.0	0.0	0.0	0.0	3.111851930618286	0.0	0.0	0.0	0.0	0.0	0.0	0.0	0.0	0.0	0.0	0.0	4.827003479003906	0.0	0.0	0.0	0.0	0.0	0.0	0.0	4.787393093109131	3.990499258041382	3.5511515140533447	0.0	0.0	0.0	0.0	4.096487998962402	0.0	0.0	0.0	0.0	0.0	0.0	0.0	2.2116165161132812	3.639225482940674	0.0	5.782949924468994	3.9834957122802734	3.265921115875244	0.0	0.0	3.764981508255005	0.0	0.0	0.0	0.0	0.0	0.0	0.0	0.0	3.2886009216308594	0.0	0.0	0.0	0.0	2.8042664527893066
4.495605945587158	0.0	0.0	0.0	5.509260177612305	0.0	5.942023754119873	0.0	0.0	0.0	0.0	0.0	0.0	0.0	0.0	0.0	3.584488868713379	2.400503158569336	0.0	0.0	0.0	1.9565036296844482	0.0	0.0	2.660698652267456	3.88726544380188	0.0	0.0	0.0	0.0	2.821790933609009	2.25282621383667	0.0	2.3774971961975098	3.1497323513031006	4.991410732269287	0.0	7.010948657989502	2.8402695655822754	2.2018046379089355	3.8344101905822754	4.0843706130981445	0.0	0.0	0.0	0.0	0.0	2.7042462825775146	0.0	4.185564041137695	0.0	0.0	0.0	5.344569206237793	0.0	3.2421603202819824	0.0	4.727834224700928	3.8961474895477295	0.0	0.0	0.0	2.885589838027954	0.0	0.0	0.0	0.0	0.0	0.0	0.0	3.1132097244262695	0.0	0.0	0.0	0.0	0.0	0.0	0.0	0.0	0.0	0.0	0.0	4.82839298248291	0.0	0.0	0.0	0.0	0.0	0.0	0.0	4.789681911468506	3.993124008178711	3.552534818649292	0.0	0.0	0.0	0.0	4.097928524017334	0.0	0.0	0.0	0.0	0.0	0.0	0.0	2.21293568611145	3.6403212547302246	0.0	5.786108016967773	3.9845387935638428	3.2676119804382324	0.0	0.0	3.766268014907837	0.0	0.0	0.0	0.0	0.0	0.0	0.0	0.0	3.2899653911590576	0.0	0.0	0.0	0.0	2.805847406387329
4.492129325866699	0.0	0.0	0.0	5.504958152770996	0.0	5.937506675720215	0.0	0.0	0.0	0.0	0.0	0.0	0.0	0.0	0.0	3.580963134765625	2.398620128631592	0.0	0.0	0.0	1.9542595148086548	0.0	0.0	2.6588029861450195	3.8841712474823	0.0	0.0	0.0	0.0	2.8187100887298584	2.2506401538848877	0.0	2.37558650970459	3.1479480266571045	4.987252235412598	0.0	7.006110668182373	2.83723521232605	2.1982674598693848	3.8311612606048584	4.080343723297119	0.0	0.0	0.0	0.0	0.0	2.700611114501953	0.0	4.181536674499512	0.0	0.0	0.0	5.339283466339111	0.0	3.241973876953125	0.0	4.7237138748168945	3.8920884132385254	0.0	0.0	0.0	2.883401393890381	0.0	0.0	0.0	0.0	0.0	0.0	0.0	3.1102547645568848	0.0	0.0	0.0	0.0	0.0	0.0	0.0	0.0	0.0	0.0	0.0	4.824502468109131	0.0	0.0	0.0	0.0	0.0	0.0	0.0	4.785927772521973	3.9881231784820557	3.5498311519622803	0.0	0.0	0.0	0.0	4.095480442047119	0.0	0.0	0.0	0.0	0.0	0.0	0.0	2.209775686264038	3.6371355056762695	0.0	5.779970645904541	3.9799880981445312	3.264596939086914	0.0	0.0	3.7637133598327637	0.0	0.0	0.0	0.0	0.0	0.0	0.0	0.0	3.2875149250030518	0.0	0.0	0.0	0.0	2.803769111633301
4.4954962730407715	0.0	0.0	0.0	5.508484363555908	0.0	5.943044185638428	0.0	0.0	0.0	0.0	0.0	0.0	0.0	0.0	0.0	3.5832467079162598	2.401010751724243	0.0	0.0	0.0	1.9571253061294556	0.0	0.0	2.6610333919525146	3.887375593185425	0.0	0.0	0.0	0.0	2.8210690021514893	2.2521188259124756	0.0	2.377540349960327	3.1494088172912598	4.990737438201904	0.0	7.011902332305908	2.8389816284179688	2.1993296146392822	3.8345682621002197	4.083170413970947	0.0	0.0	0.0	0.0	0.0	2.7027769088745117	0.0	4.183539390563965	0.0	0.0	0.0	5.342998027801514	0.0	3.243450880050659	0.0	4.727858543395996	3.8958141803741455	0.0	0.0	0.0	2.8865017890930176	0.0	0.0	0.0	0.0	0.0	0.0	0.0	3.1124281883239746	0.0	0.0	0.0	0.0	0.0	0.0	0.0	0.0	0.0	0.0	0.0	4.828135013580322	0.0	0.0	0.0	0.0	0.0	0.0	0.0	4.789097785949707	3.990175485610962	3.5525641441345215	0.0	0.0	0.0	0.0	4.098935127258301	0.0	0.0	0.0	0.0	0.0	0.0	0.0	2.211819887161255	3.639916181564331	0.0	5.784625053405762	3.9829273223876953	3.2681849002838135	0.0	0.0	3.7663376331329346	0.0	0.0	0.0	0.0	0.0	0.0	0.0	0.0	3.2904632091522217	0.0	0.0	0.0	0.0	2.8052756786346436
4.495039939880371	0.0	0.0	0.0	5.509305953979492	0.0	5.942650318145752	0.0	0.0	0.0	0.0	0.0	0.0	0.0	0.0	0.0	3.5845093727111816	2.400536298751831	0.0	0.0	0.0	1.9566704034805298	0.0	0.0	2.661318063735962	3.887373685836792	0.0	0.0	0.0	0.0	2.821047306060791	2.253093957901001	0.0	2.3768506050109863	3.149618148803711	4.991666316986084	0.0	7.011755466461182	2.839029550552368	2.200510025024414	3.8347184658050537	4.084015369415283	0.0	0.0	0.0	0.0	0.0	2.704192638397217	0.0	4.185062885284424	0.0	0.0	0.0	5.343349933624268	0.0	3.2425577640533447	0.0	4.72772216796875	3.8961918354034424	0.0	0.0	0.0	2.8850772380828857	0.0	0.0	0.0	0.0	0.0	0.0	0.0	3.1135857105255127	0.0	0.0	0.0	0.0	0.0	0.0	0.0	0.0	0.0	0.0	0.0	4.829219341278076	0.0	0.0	0.0	0.0	0.0	0.0	0.0	4.789951324462891	3.9915847778320312	3.5526793003082275	0.0	0.0	0.0	0.0	4.098893165588379	0.0	0.0	0.0	0.0	0.0	0.0	0.0	2.2126100063323975	3.6401612758636475	0.0	5.785688877105713	3.983762741088867	3.2670929431915283	0.0	0.0	3.766169548034668	0.0	0.0	0.0	0.0	0.0	0.0	0.0	0.0	3.290168046951294	0.0	0.0	0.0	0.0	2.805394411087036
4.498384475708008	0.0	0.0	0.0	5.5133185386657715	0.0	5.9465837478637695	0.0	0.0	0.0	0.0	0.0	0.0	0.0	0.0	0.0	3.587003469467163	2.4019265174865723	0.0	0.0	0.0	1.9576841592788696	0.0	0.0	2.6623528003692627	3.890990972518921	0.0	0.0	0.0	0.0	2.823065757751465	2.254305601119995	0.0	2.3790600299835205	3.1512396335601807	4.99468994140625	0.0	7.016544342041016	2.841764450073242	2.2016241550445557	3.8380894660949707	4.086475849151611	0.0	0.0	0.0	0.0	0.0	2.7057175636291504	0.0	4.187649726867676	0.0	0.0	0.0	5.347295761108398	0.0	3.2446186542510986	0.0	4.731019496917725	3.8988261222839355	0.0	0.0	0.0	2.8868846893310547	0.0	0.0	0.0	0.0	0.0	0.0	0.0	3.1143476963043213	0.0	0.0	0.0	0.0	0.0	0.0	0.0	0.0	0.0	0.0	0.0	4.831519603729248	0.0	0.0	0.0	0.0	0.0	0.0	0.0	4.793119430541992	3.994882822036743	3.55572509765625	0.0	0.0	0.0	0.0	4.101363658905029	0.0	0.0	0.0	0.0	0.0	0.0	0.0	2.214362144470215	3.643734931945801	0.0	5.789455413818359	3.9871933460235596	3.2702810764312744	0.0	0.0	3.7692320346832275	0.0	0.0	0.0	0.0	0.0	0.0	0.0	0.0	3.292933464050293	0.0	0.0	0.0	0.0	2.807328462600708
4.49495792388916	0.0	0.0	0.0	5.508121490478516	0.0	5.941269874572754	0.0	0.0	0.0	0.0	0.0	0.0	0.0	0.0	0.0	3.584223747253418	2.399545192718506	0.0	0.0	0.0	1.9565130472183228	0.0	0.0	2.65999174118042	3.886507272720337	0.0	0.0	0.0	0.0	2.820218086242676	2.2529568672180176	0.0	2.377577304840088	3.1501011848449707	4.990568161010742	0.0	7.010129451751709	2.8401827812194824	2.199803113937378	3.8340959548950195	4.082852840423584	0.0	0.0	0.0	0.0	0.0	2.703662395477295	0.0	4.18491268157959	0.0	0.0	0.0	5.342921257019043	0.0	3.242600679397583	0.0	4.727746486663818	3.895685911178589	0.0	0.0	0.0	2.8850836753845215	0.0	0.0	0.0	0.0	0.0	0.0	0.0	3.113616704940796	0.0	0.0	0.0	0.0	0.0	0.0	0.0	0.0	0.0	0.0	0.0	4.827988147735596	0.0	0.0	0.0	0.0	0.0	0.0	0.0	4.788565158843994	3.991203546524048	3.5527355670928955	0.0	0.0	0.0	0.0	4.09867000579834	0.0	0.0	0.0	0.0	0.0	0.0	0.0	2.2124319076538086	3.640608787536621	0.0	5.785537242889404	3.9834794998168945	3.2673254013061523	0.0	0.0	3.7658989429473877	0.0	0.0	0.0	0.0	0.0	0.0	0.0	0.0	3.2891712188720703	0.0	0.0	0.0	0.0	2.8063154220581055
4.493674278259277	0.0	0.0	0.0	5.507547855377197	0.0	5.941108226776123	0.0	0.0	0.0	0.0	0.0	0.0	0.0	0.0	0.0	3.5836892127990723	2.400125741958618	0.0	0.0	0.0	1.9554766416549683	0.0	0.0	2.65971040725708	3.8865528106689453	0.0	0.0	0.0	0.0	2.8199515342712402	2.251944065093994	0.0	2.376417875289917	3.148360013961792	4.990111827850342	0.0	7.0090742111206055	2.8390731811523438	2.1989686489105225	3.8337090015411377	4.083672046661377	0.0	0.0	0.0	0.0	0.0	2.7025773525238037	0.0	4.183629512786865	0.0	0.0	0.0	5.341881275177002	0.0	3.2417261600494385	0.0	4.726310729980469	3.8956639766693115	0.0	0.0	0.0	2.8838958740234375	0.0	0.0	0.0	0.0	0.0	0.0	0.0	3.1120030879974365	0.0	0.0	0.0	0.0	0.0	0.0	0.0	0.0	0.0	0.0	0.0	4.826985836029053	0.0	0.0	0.0	0.0	0.0	0.0	0.0	4.788420677185059	3.990448236465454	3.551138401031494	0.0	0.0	0.0	0.0	4.098086357116699	0.0	0.0	0.0	0.0	0.0	0.0	0.0	2.2118425369262695	3.638936758041382	0.0	5.783289432525635	3.98335862159729	3.2663755416870117	0.0	0.0	3.7649128437042236	0.0	0.0	0.0	0.0	0.0	0.0	0.0	0.0	3.2882895469665527	0.0	0.0	0.0	0.0	2.8051273822784424
4.497994422912598	0.0	0.0	0.0	5.512455940246582	0.0	5.945373058319092	0.0	0.0	0.0	0.0	0.0	0.0	0.0	0.0	0.0	3.5864553451538086	2.4012179374694824	0.0	0.0	0.0	1.957054615020752	0.0	0.0	2.6624906063079834	3.88846492767334	0.0	0.0	0.0	0.0	2.8231441974639893	2.254225015640259	0.0	2.3777499198913574	3.1517906188964844	4.993739128112793	0.0	7.01497220993042	2.842303514480591	2.2017955780029297	3.8367562294006348	4.08609676361084	0.0	0.0	0.0	0.0	0.0	2.704524040222168	0.0	4.188064098358154	0.0	0.0	0.0	5.3464579582214355	0.0	3.243917226791382	0.0	4.730584621429443	3.897859573364258	0.0	0.0	0.0	2.886324644088745	0.0	0.0	0.0	0.0	0.0	0.0	0.0	3.114894151687622	0.0	0.0	0.0	0.0	0.0	0.0	0.0	0.0	0.0	0.0	0.0	4.83118200302124	0.0	0.0	0.0	0.0	0.0	0.0	0.0	4.791175365447998	3.994297981262207	3.554046869277954	0.0	0.0	0.0	0.0	4.100072383880615	0.0	0.0	0.0	0.0	0.0	0.0	0.0	2.2137513160705566	3.6428205966949463	0.0	5.788135051727295	3.987010955810547	3.2687275409698486	0.0	0.0	3.768460512161255	0.0	0.0	0.0	0.0	0.0	0.0	0.0	0.0	3.2919156551361084	0.0	0.0	0.0	0.0	2.8073813915252686
4.48602294921875	0.0	0.0	0.0	5.498075008392334	0.0	5.931909084320068	0.0	0.0	0.0	0.0	0.0	0.0	0.0	0.0	0.0	3.5766983032226562	2.397343397140503	0.0	0.0	0.0	1.9547594785690308	0.0	0.0	2.655733585357666	3.8800244331359863	0.0	0.0	0.0	0.0	2.8150794506073	2.2481417655944824	0.0	2.372938632965088	3.144286870956421	4.981149196624756	0.0	6.999035835266113	2.8338582515716553	2.195657253265381	3.8287367820739746	4.076245307922363	0.0	0.0	0.0	0.0	0.0	2.697997570037842	0.0	4.176277160644531	0.0	0.0	0.0	5.335232257843018	0.0	3.2378878593444824	0.0	4.718621253967285	3.8893868923187256	0.0	0.0	0.0	2.880201578140259	0.0	0.0	0.0	0.0	0.0	0.0	0.0	3.1062536239624023	0.0	0.0	0.0	0.0	0.0	0.0	0.0	0.0	0.0	0.0	0.0	4.8199992179870605	0.0	0.0	0.0	0.0	0.0	0.0	0.0	4.780558109283447	3.983612298965454	3.545243263244629	0.0	0.0	0.0	0.0	4.090216159820557	0.0	0.0	0.0	0.0	0.0	0.0	0.0	2.2076282501220703	3.6326334476470947	0.0	5.774712085723877	3.9769372940063477	3.262268304824829	0.0	0.0	3.7591898441314697	0.0	0.0	0.0	0.0	0.0	0.0	0.0	0.0	3.2837026119232178	0.0	0.0	0.0	0.0	2.7997829914093018
4.497907638549805	0.0	0.0	0.0	5.511651992797852	0.0	5.945412635803223	0.0	0.0	0.0	0.0	0.0	0.0	0.0	0.0	0.0	3.587186813354492	2.401432514190674	0.0	0.0	0.0	1.9575252532958984	0.0	0.0	2.661818265914917	3.8893890380859375	0.0	0.0	0.0	0.0	2.823472261428833	2.2541518211364746	0.0	2.3778724670410156	3.1516475677490234	4.99349308013916	0.0	7.0144219398498535	2.8419687747955322	2.202075958251953	3.836876153945923	4.085219383239746	0.0	0.0	0.0	0.0	0.0	2.7058756351470947	0.0	4.188324451446533	0.0	0.0	0.0	5.346676826477051	0.0	3.2442116737365723	0.0	4.729553699493408	3.8983914852142334	0.0	0.0	0.0	2.886600971221924	0.0	0.0	0.0	0.0	0.0	0.0	0.0	3.1151230335235596	0.0	0.0	0.0	0.0	0.0	0.0	0.0	0.0	0.0	0.0	0.0	4.830938339233398	0.0	0.0	0.0	0.0	0.0	0.0	0.0	4.792087554931641	3.9947574138641357	3.5546727180480957	0.0	0.0	0.0	0.0	4.10092830657959	0.0	0.0	0.0	0.0	0.0	0.0	0.0	2.21370005607605	3.642703056335449	0.0	5.788857936859131	3.985673189163208	3.2689545154571533	0.0	0.0	3.7679030895233154	0.0	0.0	0.0	0.0	0.0	0.0	0.0	0.0	3.29145884513855	0.0	0.0	0.0	0.0	2.80769681930542
4.494509220123291	0.0	0.0	0.0	5.5095672607421875	0.0	5.942304611206055	0.0	0.0	0.0	0.0	0.0	0.0	0.0	0.0	0.0	3.5830390453338623	2.4004149436950684	0.0	0.0	0.0	1.9572795629501343	0.0	0.0	2.6600961685180664	3.8868308067321777	0.0	0.0	0.0	0.0	2.8207874298095703	2.2517433166503906	0.0	2.377147674560547	3.1491050720214844	4.991396903991699	0.0	7.012017726898193	2.8398284912109375	2.1996567249298096	3.834826946258545	4.08396577835083	0.0	0.0	0.0	0.0	0.0	2.7034249305725098	0.0	4.184561729431152	0.0	0.0	0.0	5.344548225402832	0.0	3.242940664291382	0.0	4.727744102478027	3.897507667541504	0.0	0.0	0.0	2.885178804397583	0.0	0.0	0.0	0.0	0.0	0.0	0.0	3.1125104427337646	0.0	0.0	0.0	0.0	0.0	0.0	0.0	0.0	0.0	0.0	0.0	4.828678607940674	0.0	0.0	0.0	0.0	0.0	0.0	0.0	4.789913177490234	3.991291046142578	3.5531005859375	0.0	0.0	0.0	0.0	4.098725318908691	0.0	0.0	0.0	0.0	0.0	0.0	0.0	2.212432861328125	3.6404659748077393	0.0	5.785293102264404	3.98460054397583	3.268568992614746	0.0	0.0	3.7662808895111084	0.0	0.0	0.0	0.0	0.0	0.0	0.0	0.0	3.2901103496551514	0.0	0.0	0.0	0.0	2.8058128356933594
4.493525981903076	0.0	0.0	0.0	5.506309986114502	0.0	5.939843654632568	0.0	0.0	0.0	0.0	0.0	0.0	0.0	0.0	0.0	3.5823464393615723	2.399294137954712	0.0	0.0	0.0	1.9557620286941528	0.0	0.0	2.6593105792999268	3.88490891456604	0.0	0.0	0.0	0.0	2.820143938064575	2.2526142597198486	0.0	2.3758208751678467	3.1483447551727295	4.989003658294678	0.0	7.007989883422852	2.8380773067474365	2.199237823486328	3.8328564167022705	4.081908702850342	0.0	0.0	0.0	0.0	0.0	2.7021853923797607	0.0	4.1833648681640625	0.0	0.0	0.0	5.341169834136963	0.0	3.241628885269165	0.0	4.724976539611816	3.894810676574707	0.0	0.0	0.0	2.884748697280884	0.0	0.0	0.0	0.0	0.0	0.0	0.0	3.1110832691192627	0.0	0.0	0.0	0.0	0.0	0.0	0.0	0.0	0.0	0.0	0.0	4.8266682624816895	0.0	0.0	0.0	0.0	0.0	0.0	0.0	4.788224697113037	3.990056037902832	3.5517361164093018	0.0	0.0	0.0	0.0	4.097001075744629	0.0	0.0	0.0	0.0	0.0	0.0	0.0	2.2113943099975586	3.6396713256835938	0.0	5.782693386077881	3.9828882217407227	3.266622304916382	0.0	0.0	3.7652394771575928	0.0	0.0	0.0	0.0	0.0	0.0	0.0	0.0	3.2892446517944336	0.0	0.0	0.0	0.0	2.8045437335968018
4.49440336227417	0.0	0.0	0.0	5.507615566253662	0.0	5.942076683044434	0.0	0.0	0.0	0.0	0.0	0.0	0.0	0.0	0.0	3.5838677883148193	2.4000637531280518	0.0	0.0	0.0	1.9569010734558105	0.0	0.0	2.660252332687378	3.8871688842773438	0.0	0.0	0.0	0.0	2.8201589584350586	2.251875877380371	0.0	2.377028703689575	3.149780035018921	4.990174293518066	0.0	7.010075569152832	2.8397746086120605	2.199744462966919	3.8338937759399414	4.083485126495361	0.0	0.0	0.0	0.0	0.0	2.703522205352783	0.0	4.184659481048584	0.0	0.0	0.0	5.342575550079346	0.0	3.2420332431793213	0.0	4.726920127868652	3.8959732055664062	0.0	0.0	0.0	2.885629653930664	0.0	0.0	0.0	0.0	0.0	0.0	0.0	3.112605094909668	0.0	0.0	0.0	0.0	0.0	0.0	0.0	0.0	0.0	0.0	0.0	4.82741117477417	0.0	0.0	0.0	0.0	0.0	0.0	0.0	4.7881951332092285	3.9908523559570312	3.5515382289886475	0.0	0.0	0.0	0.0	4.096850395202637	0.0	0.0	0.0	0.0	0.0	0.0	0.0	2.21272873878479	3.640360116958618	0.0	5.783627986907959	3.982966184616089	3.2674646377563477	0.0	0.0	3.7660350799560547	0.0	0.0	0.0	0.0	0.0	0.0	0.0	0.0	3.2891452312469482	0.0	0.0	0.0	0.0	2.804884433746338
4.495038032531738	0.0	0.0	0.0	5.509316444396973	0.0	5.943405628204346	0.0	0.0	0.0	0.0	0.0	0.0	0.0	0.0	0.0	3.584902763366699	2.4012417793273926	0.0	0.0	0.0	1.9564688205718994	0.0	0.0	2.6605610847473145	3.8879425525665283	0.0	0.0	0.0	0.0	2.821744441986084	2.2531628608703613	0.0	2.3773694038391113	3.1499075889587402	4.992087364196777	0.0	7.011559009552002	2.8396332263946533	2.2005646228790283	3.8347411155700684	4.084110260009766	0.0	0.0	0.0	0.0	0.0	2.703639030456543	0.0	4.185459136962891	0.0	0.0	0.0	5.343960285186768	0.0	3.2431955337524414	0.0	4.728317737579346	3.8966190814971924	0.0	0.0	0.0	2.886561393737793	0.0	0.0	0.0	0.0	0.0	0.0	0.0	3.1127233505249023	0.0	0.0	0.0	0.0	0.0	0.0	0.0	0.0	0.0	0.0	0.0	4.828797340393066	0.0	0.0	0.0	0.0	0.0	0.0	0.0	4.790481090545654	3.9925289154052734	3.552837610244751	0.0	0.0	0.0	0.0	4.098639011383057	0.0	0.0	0.0	0.0	0.0	0.0	0.0	2.213122844696045	3.6410374641418457	0.0	5.7858147621154785	3.984013080596924	3.268501043319702	0.0	0.0	3.767252206802368	0.0	0.0	0.0	0.0	0.0	0.0	0.0	0.0	3.289682626724243	0.0	0.0	0.0	0.0	2.8061885833740234
4.4955010414123535	0.0	0.0	0.0	5.508554458618164	0.0	5.941884517669678	0.0	0.0	0.0	0.0	0.0	0.0	0.0	0.0	0.0	3.5834128856658936	2.400428533554077	0.0	0.0	0.0	1.9573034048080444	0.0	0.0	2.659862756729126	3.886349678039551	0.0	0.0	0.0	0.0	2.821078300476074	2.252565622329712	0.0	2.3768157958984375	3.1493849754333496	4.991286277770996	0.0	7.010590076446533	2.8397927284240723	2.2000887393951416	3.8340816497802734	4.083484649658203	0.0	0.0	0.0	0.0	0.0	2.703688859939575	0.0	4.1848554611206055	0.0	0.0	0.0	5.343077182769775	0.0	3.2433180809020996	0.0	4.727021217346191	3.897178888320923	0.0	0.0	0.0	2.8852956295013428	0.0	0.0	0.0	0.0	0.0	0.0	0.0	3.1126856803894043	0.0	0.0	0.0	0.0	0.0	0.0	0.0	0.0	0.0	0.0	0.0	4.8285417556762695	0.0	0.0	0.0	0.0	0.0	0.0	0.0	4.789784908294678	3.991854429244995	3.5522608757019043	0.0	0.0	0.0	0.0	4.098592758178711	0.0	0.0	0.0	0.0	0.0	0.0	0.0	2.212649345397949	3.640507698059082	0.0	5.784824848175049	3.983712911605835	3.2676334381103516	0.0	0.0	3.76566743850708	0.0	0.0	0.0	0.0	0.0	0.0	0.0	0.0	3.289384603500366	0.0	0.0	0.0	0.0	2.806058645248413
4.486639976501465	0.0	0.0	0.0	5.497625350952148	0.0	5.931303977966309	0.0	0.0	0.0	0.0	0.0	0.0	0.0	0.0	0.0	3.5778825283050537	2.397444486618042	0.0	0.0	0.0	1.9526572227478027	0.0	0.0	2.6557323932647705	3.880425214767456	0.0	0.0	0.0	0.0	2.8157434463500977	2.2469711303710938	0.0	2.373514413833618	3.142359733581543	4.981427192687988	0.0	6.997028827667236	2.8343701362609863	2.19577693939209	3.8273825645446777	4.075663089752197	0.0	0.0	0.0	0.0	0.0	2.697666645050049	0.0	4.17768669128418	0.0	0.0	0.0	5.33345365524292	0.0	3.2373263835906982	0.0	4.718813419342041	3.8877546787261963	0.0	0.0	0.0	2.8806302547454834	0.0	0.0	0.0	0.0	0.0	0.0	0.0	3.1063711643218994	0.0	0.0	0.0	0.0	0.0	0.0	0.0	0.0	0.0	0.0	0.0	4.8195037841796875	0.0	0.0	0.0	0.0	0.0	0.0	0.0	4.78001594543457	3.9834232330322266	3.544517755508423	0.0	0.0	0.0	0.0	4.091018199920654	0.0	0.0	0.0	0.0	0.0	0.0	0.0	2.2078864574432373	3.6321561336517334	0.0	5.773683547973633	3.976156711578369	3.261831521987915	0.0	0.0	3.758699655532837	0.0	0.0	0.0	0.0	0.0	0.0	0.0	0.0	3.2825772762298584	0.0	0.0	0.0	0.0	2.8000216484069824
4.491832256317139	0.0	0.0	0.0	5.506321430206299	0.0	5.939902305603027	0.0	0.0	0.0	0.0	0.0	0.0	0.0	0.0	0.0	3.582160472869873	2.3997371196746826	0.0	0.0	0.0	1.9542064666748047	0.0	0.0	2.6596922874450684	3.8845057487487793	0.0	0.0	0.0	0.0	2.8200254440307617	2.251197338104248	0.0	2.3751261234283447	3.1471898555755615	4.988306522369385	0.0	7.0074849128723145	2.8382034301757812	2.1991727352142334	3.8323354721069336	4.080239295959473	0.0	0.0	0.0	0.0	0.0	2.7019596099853516	0.0	4.182074069976807	0.0	0.0	0.0	5.340066909790039	0.0	3.240633964538574	0.0	4.725216388702393	3.8932602405548096	0.0	0.0	0.0	2.8848233222961426	0.0	0.0	0.0	0.0	0.0	0.0	0.0	3.1103858947753906	0.0	0.0	0.0	0.0	0.0	0.0	0.0	0.0	0.0	0.0	0.0	4.8260040283203125	0.0	0.0	0.0	0.0	0.0	0.0	0.0	4.786857604980469	3.988184690475464	3.5502169132232666	0.0	0.0	0.0	0.0	4.096080780029297	0.0	0.0	0.0	0.0	0.0	0.0	0.0	2.2116851806640625	3.638805627822876	0.0	5.7813944816589355	3.981370210647583	3.2655599117279053	0.0	0.0	3.763974666595459	0.0	0.0	0.0	0.0	0.0	0.0	0.0	0.0	3.287557601928711	0.0	0.0	0.0	0.0	2.803766965866089
4.49670934677124	0.0	0.0	0.0	5.510597229003906	0.0	5.944014072418213	0.0	0.0	0.0	0.0	0.0	0.0	0.0	0.0	0.0	3.585456609725952	2.4013469219207764	0.0	0.0	0.0	1.9572317600250244	0.0	0.0	2.6610536575317383	3.88857364654541	0.0	0.0	0.0	0.0	2.822580337524414	2.253204584121704	0.0	2.377415657043457	3.151136636734009	4.9925923347473145	0.0	7.0143537521362305	2.8405404090881348	2.200913429260254	3.8353166580200195	4.084155082702637	0.0	0.0	0.0	0.0	0.0	2.7048206329345703	0.0	4.185100555419922	0.0	0.0	0.0	5.344794750213623	0.0	3.2437446117401123	0.0	4.728504657745361	3.897420883178711	0.0	0.0	0.0	2.8868865966796875	0.0	0.0	0.0	0.0	0.0	0.0	0.0	3.1132760047912598	0.0	0.0	0.0	0.0	0.0	0.0	0.0	0.0	0.0	0.0	0.0	4.829213619232178	0.0	0.0	0.0	0.0	0.0	0.0	0.0	4.790759563446045	3.99208664894104	3.5542612075805664	0.0	0.0	0.0	0.0	4.099520206451416	0.0	0.0	0.0	0.0	0.0	0.0	0.0	2.2135446071624756	3.641968250274658	0.0	5.787566661834717	3.984241247177124	3.268404722213745	0.0	0.0	3.76668381690979	0.0	0.0	0.0	0.0	0.0	0.0	0.0	0.0	3.290688991546631	0.0	0.0	0.0	0.0	2.806711196899414
4.496993064880371	0.0	0.0	0.0	5.51149320602417	0.0	5.944840908050537	0.0	0.0	0.0	0.0	0.0	0.0	0.0	0.0	0.0	3.585341453552246	2.4019267559051514	0.0	0.0	0.0	1.9575300216674805	0.0	0.0	2.661533832550049	3.889486789703369	0.0	0.0	0.0	0.0	2.8210089206695557	2.253692150115967	0.0	2.377962112426758	3.1501007080078125	4.993584156036377	0.0	7.014887809753418	2.84135103225708	2.2005562782287598	3.8354291915893555	4.085353851318359	0.0	0.0	0.0	0.0	0.0	2.7043347358703613	0.0	4.187193393707275	0.0	0.0	0.0	5.345766067504883	0.0	3.243917226791382	0.0	4.729883670806885	3.8980982303619385	0.0	0.0	0.0	2.886733293533325	0.0	0.0	0.0	0.0	0.0	0.0	0.0	3.1138834953308105	0.0	0.0	0.0	0.0	0.0	0.0	0.0	0.0	0.0	0.0	0.0	4.830803394317627	0.0	0.0	0.0	0.0	0.0	0.0	0.0	4.791543006896973	3.9939799308776855	3.554222345352173	0.0	0.0	0.0	0.0	4.100821495056152	0.0	0.0	0.0	0.0	0.0	0.0	0.0	2.2137019634246826	3.642428159713745	0.0	5.788171291351318	3.986135482788086	3.2694404125213623	0.0	0.0	3.768178701400757	0.0	0.0	0.0	0.0	0.0	0.0	0.0	0.0	3.291384696960449	0.0	0.0	0.0	0.0	2.806950330734253
4.4967193603515625	0.0	0.0	0.0	5.510326385498047	0.0	5.943178176879883	0.0	0.0	0.0	0.0	0.0	0.0	0.0	0.0	0.0	3.584664821624756	2.401090383529663	0.0	0.0	0.0	1.9569553136825562	0.0	0.0	2.661625623703003	3.888375759124756	0.0	0.0	0.0	0.0	2.821969747543335	2.2532970905303955	0.0	2.377032518386841	3.1495680809020996	4.992458820343018	0.0	7.012187957763672	2.8413748741149902	2.2007274627685547	3.8353075981140137	4.084370136260986	0.0	0.0	0.0	0.0	0.0	2.704500913619995	0.0	4.18648099899292	0.0	0.0	0.0	5.344659805297852	0.0	3.2432360649108887	0.0	4.727940082550049	3.8970799446105957	0.0	0.0	0.0	2.886153221130371	0.0	0.0	0.0	0.0	0.0	0.0	0.0	3.1139121055603027	0.0	0.0	0.0	0.0	0.0	0.0	0.0	0.0	0.0	0.0	0.0	4.829181671142578	0.0	0.0	0.0	0.0	0.0	0.0	0.0	4.789449214935303	3.9931297302246094	3.5533018112182617	0.0	0.0	0.0	0.0	4.0989837646484375	0.0	0.0	0.0	0.0	0.0	0.0	0.0	2.2134385108947754	3.641425848007202	0.0	5.786086082458496	3.9839017391204834	3.2681386470794678	0.0	0.0	3.7679734230041504	0.0	0.0	0.0	0.0	0.0	0.0	0.0	0.0	3.290632486343384	0.0	0.0	0.0	0.0	2.806293487548828
4.496065139770508	0.0	0.0	0.0	5.50931978225708	0.0	5.941934585571289	0.0	0.0	0.0	0.0	0.0	0.0	0.0	0.0	0.0	3.583695411682129	2.400973081588745	0.0	0.0	0.0	1.9564881324768066	0.0	0.0	2.660957098007202	3.887580633163452	0.0	0.0	0.0	0.0	2.821399450302124	2.252870798110962	0.0	2.377377986907959	3.150010824203491	4.9913530349731445	0.0	7.011614799499512	2.839946746826172	2.200106382369995	3.8344738483428955	4.083407878875732	0.0	0.0	0.0	0.0	0.0	2.7037014961242676	0.0	4.185996055603027	0.0	0.0	0.0	5.344203948974609	0.0	3.2434065341949463	0.0	4.727991580963135	3.8964977264404297	0.0	0.0	0.0	2.8854947090148926	0.0	0.0	0.0	0.0	0.0	0.0	0.0	3.112759828567505	0.0	0.0	0.0	0.0	0.0	0.0	0.0	0.0	0.0	0.0	0.0	4.829467296600342	0.0	0.0	0.0	0.0	0.0	0.0	0.0	4.789765357971191	3.991887331008911	3.5524823665618896	0.0	0.0	0.0	0.0	4.099294662475586	0.0	0.0	0.0	0.0	0.0	0.0	0.0	2.2131905555725098	3.6403117179870605	0.0	5.7859883308410645	3.983642101287842	3.2671289443969727	0.0	0.0	3.7660582065582275	0.0	0.0	0.0	0.0	0.0	0.0	0.0	0.0	3.2898671627044678	0.0	0.0	0.0	0.0	2.8059768676757812
4.494800090789795	0.0	0.0	0.0	5.509213447570801	0.0	5.942649841308594	0.0	0.0	0.0	0.0	0.0	0.0	0.0	0.0	0.0	3.5838279724121094	2.400413751602173	0.0	0.0	0.0	1.9560177326202393	0.0	0.0	2.6610305309295654	3.8870205879211426	0.0	0.0	0.0	0.0	2.8206210136413574	2.251659870147705	0.0	2.377195119857788	3.1498196125030518	4.991093635559082	0.0	7.011338710784912	2.8394622802734375	2.2000086307525635	3.834418535232544	4.083154201507568	0.0	0.0	0.0	0.0	0.0	2.7043299674987793	0.0	4.184352397918701	0.0	0.0	0.0	5.343803405761719	0.0	3.2433457374572754	0.0	4.727717399597168	3.896674156188965	0.0	0.0	0.0	2.8855068683624268	0.0	0.0	0.0	0.0	0.0	0.0	0.0	3.113149881362915	0.0	0.0	0.0	0.0	0.0	0.0	0.0	0.0	0.0	0.0	0.0	4.8282246589660645	0.0	0.0	0.0	0.0	0.0	0.0	0.0	4.789167881011963	3.992302417755127	3.5529448986053467	0.0	0.0	0.0	0.0	4.098632335662842	0.0	0.0	0.0	0.0	0.0	0.0	0.0	2.2127504348754883	3.6415719985961914	0.0	5.785350799560547	3.983957290649414	3.2677114009857178	0.0	0.0	3.766254425048828	0.0	0.0	0.0	0.0	0.0	0.0	0.0	0.0	3.2900052070617676	0.0	0.0	0.0	0.0	2.805647611618042
4.49807596206665	0.0	0.0	0.0	5.512075901031494	0.0	5.946004390716553	0.0	0.0	0.0	0.0	0.0	0.0	0.0	0.0	0.0	3.586426258087158	2.402259349822998	0.0	0.0	0.0	1.9578101634979248	0.0	0.0	2.6629486083984375	3.8898465633392334	0.0	0.0	0.0	0.0	2.8225865364074707	2.2545554637908936	0.0	2.379361867904663	3.15181040763855	4.994343280792236	0.0	7.015385627746582	2.8422141075134277	2.2020211219787598	3.836740493774414	4.085948944091797	0.0	0.0	0.0	0.0	0.0	2.704681158065796	0.0	4.1872687339782715	0.0	0.0	0.0	5.347639083862305	0.0	3.2445316314697266	0.0	4.730823993682861	3.8993005752563477	0.0	0.0	0.0	2.887547254562378	0.0	0.0	0.0	0.0	0.0	0.0	0.0	3.1148128509521484	0.0	0.0	0.0	0.0	0.0	0.0	0.0	0.0	0.0	0.0	0.0	4.831845760345459	0.0	0.0	0.0	0.0	0.0	0.0	0.0	4.792375564575195	3.993863344192505	3.5546975135803223	0.0	0.0	0.0	0.0	4.1015448570251465	0.0	0.0	0.0	0.0	0.0	0.0	0.0	2.2144410610198975	3.6429951190948486	0.0	5.788615703582764	3.9867870807647705	3.2692978382110596	0.0	0.0	3.7689554691314697	0.0	0.0	0.0	0.0	0.0	0.0	0.0	0.0	3.291942834854126	0.0	0.0	0.0	0.0	2.80674409866333
4.4945878982543945	0.0	0.0	0.0	5.50859260559082	0.0	5.940948486328125	0.0	0.0	0.0	0.0	0.0	0.0	0.0	0.0	0.0	3.582785129547119	2.4001245498657227	0.0	0.0	0.0	1.95650315284729	0.0	0.0	2.6600751876831055	3.8873329162597656	0.0	0.0	0.0	0.0	2.821619749069214	2.252509117126465	0.0	2.3768057823181152	3.1488940715789795	4.990582466125488	0.0	7.011120319366455	2.839829444885254	2.1989598274230957	3.834515333175659	4.082690238952637	0.0	0.0	0.0	0.0	0.0	2.7034800052642822	0.0	4.184595108032227	0.0	0.0	0.0	5.343799591064453	0.0	3.2420361042022705	0.0	4.727397918701172	3.895754814147949	0.0	0.0	0.0	2.885517120361328	0.0	0.0	0.0	0.0	0.0	0.0	0.0	3.112635612487793	0.0	0.0	0.0	0.0	0.0	0.0	0.0	0.0	0.0	0.0	0.0	4.828851699829102	0.0	0.0	0.0	0.0	0.0	0.0	0.0	4.788336753845215	3.991931676864624	3.551882028579712	0.0	0.0	0.0	0.0	4.098981857299805	0.0	0.0	0.0	0.0	0.0	0.0	0.0	2.2128045558929443	3.641059637069702	0.0	5.785433292388916	3.984632968902588	3.2671263217926025	0.0	0.0	3.765850782394409	0.0	0.0	0.0	0.0	0.0	0.0	0.0	0.0	3.290299654006958	0.0	0.0	0.0	0.0	2.8053953647613525
4.489480018615723	0.0	0.0	0.0	5.502673625946045	0.0	5.934506893157959	0.0	0.0	0.0	0.0	0.0	0.0	0.0	0.0	0.0	3.5798490047454834	2.397468090057373	0.0	0.0	0.0	1.955125331878662	0.0	0.0	2.657822608947754	3.8827121257781982	0.0	0.0	0.0	0.0	2.8171041011810303	2.2520370483398438	0.0	2.3722646236419678	3.1455326080322266	4.985051155090332	0.0	7.0027546882629395	2.835749626159668	2.196890354156494	3.829150915145874	4.07754373550415	0.0	0.0	0.0	0.0	0.0	2.6997766494750977	0.0	4.179300785064697	0.0	0.0	0.0	5.3371734619140625	0.0	3.2380716800689697	0.0	4.721033096313477	3.8916099071502686	0.0	0.0	0.0	2.8816847801208496	0.0	0.0	0.0	0.0	0.0	0.0	0.0	3.1091103553771973	0.0	0.0	0.0	0.0	0.0	0.0	0.0	0.0	0.0	0.0	0.0	4.8210883140563965	0.0	0.0	0.0	0.0	0.0	0.0	0.0	4.783567428588867	3.98642635345459	3.5483429431915283	0.0	0.0	0.0	0.0	4.094770431518555	0.0	0.0	0.0	0.0	0.0	0.0	0.0	2.2107176780700684	3.635632276535034	0.0	5.7775797843933105	3.978438138961792	3.2616052627563477	0.0	0.0	3.7615268230438232	0.0	0.0	0.0	0.0	0.0	0.0	0.0	0.0	3.2861008644104004	0.0	0.0	0.0	0.0	2.8030219078063965
4.496795654296875	0.0	0.0	0.0	5.5106329917907715	0.0	5.944278240203857	0.0	0.0	0.0	0.0	0.0	0.0	0.0	0.0	0.0	3.584723949432373	2.4014086723327637	0.0	0.0	0.0	1.9574012756347656	0.0	0.0	2.66192626953125	3.8882973194122314	0.0	0.0	0.0	0.0	2.8225109577178955	2.2541065216064453	0.0	2.3768060207366943	3.150783061981201	4.992351531982422	0.0	7.014646053314209	2.8411073684692383	2.199977159500122	3.835111379623413	4.08488130569458	0.0	0.0	0.0	0.0	0.0	2.7039334774017334	0.0	4.186079502105713	0.0	0.0	0.0	5.3451032638549805	0.0	3.244155168533325	0.0	4.729330539703369	3.8973727226257324	0.0	0.0	0.0	2.886870861053467	0.0	0.0	0.0	0.0	0.0	0.0	0.0	3.1136717796325684	0.0	0.0	0.0	0.0	0.0	0.0	0.0	0.0	0.0	0.0	0.0	4.830418586730957	0.0	0.0	0.0	0.0	0.0	0.0	0.0	4.790868282318115	3.9932913780212402	3.5536892414093018	0.0	0.0	0.0	0.0	4.100827217102051	0.0	0.0	0.0	0.0	0.0	0.0	0.0	2.2139551639556885	3.6407129764556885	0.0	5.787345886230469	3.984905958175659	3.2685325145721436	0.0	0.0	3.767533779144287	0.0	0.0	0.0	0.0	0.0	0.0	0.0	0.0	3.290759801864624	0.0	0.0	0.0	0.0	2.806786298751831
4.485877513885498	0.0	0.0	0.0	5.49885892868042	0.0	5.932411193847656	0.0	0.0	0.0	0.0	0.0	0.0	0.0	0.0	0.0	3.57684326171875	2.3967785835266113	0.0	0.0	0.0	1.9529763460159302	0.0	0.0	2.6560394763946533	3.880333423614502	0.0	0.0	0.0	0.0	2.8138225078582764	2.248178720474243	0.0	2.37165904045105	3.143907308578491	4.981685161590576	0.0	6.998617649078369	2.834716320037842	2.1951565742492676	3.8278696537017822	4.07564115524292	0.0	0.0	0.0	0.0	0.0	2.6976988315582275	0.0	4.177048206329346	0.0	0.0	0.0	5.3335981369018555	0.0	3.2358505725860596	0.0	4.719473838806152	3.889535903930664	0.0	0.0	0.0	2.881115198135376	0.0	0.0	0.0	0.0	0.0	0.0	0.0	3.1068458557128906	0.0	0.0	0.0	0.0	0.0	0.0	0.0	0.0	0.0	0.0	0.0	4.819489479064941	0.0	0.0	0.0	0.0	0.0	0.0	0.0	4.780461311340332	3.983982801437378	3.545039653778076	0.0	0.0	0.0	0.0	4.092280387878418	0.0	0.0	0.0	0.0	0.0	0.0	0.0	2.208131790161133	3.6330783367156982	0.0	5.773826599121094	3.976518392562866	3.2626028060913086	0.0	0.0	3.7589309215545654	0.0	0.0	0.0	0.0	0.0	0.0	0.0	0.0	3.2831943035125732	0.0	0.0	0.0	0.0	2.799616575241089
4.496907711029053	0.0	0.0	0.0	5.51027774810791	0.0	5.944549560546875	0.0	0.0	0.0	0.0	0.0	0.0	0.0	0.0	0.0	3.5851452350616455	2.401143789291382	0.0	0.0	0.0	1.9564533233642578	0.0	0.0	2.662048578262329	3.8885743618011475	0.0	0.0	0.0	0.0	2.821831226348877	2.253997802734375	0.0	2.3772225379943848	3.1506197452545166	4.991855144500732	0.0	7.013115882873535	2.8414225578308105	2.2009265422821045	3.835775136947632	4.084219932556152	0.0	0.0	0.0	0.0	0.0	2.7043874263763428	0.0	4.186513900756836	0.0	0.0	0.0	5.345377445220947	0.0	3.2428038120269775	0.0	4.729224681854248	3.8969242572784424	0.0	0.0	0.0	2.887087106704712	0.0	0.0	0.0	0.0	0.0	0.0	0.0	3.1140401363372803	0.0	0.0	0.0	0.0	0.0	0.0	0.0	0.0	0.0	0.0	0.0	4.8300557136535645	0.0	0.0	0.0	0.0	0.0	0.0	0.0	4.791427135467529	3.9927737712860107	3.552300453186035	0.0	0.0	0.0	0.0	4.099984169006348	0.0	0.0	0.0	0.0	0.0	0.0	0.0	2.2135069370269775	3.641536235809326	0.0	5.787282466888428	3.985257625579834	3.2683403491973877	0.0	0.0	3.7671055793762207	0.0	0.0	0.0	0.0	0.0	0.0	0.0	0.0	3.29142165184021	0.0	0.0	0.0	0.0	2.8068652153015137
4.496147155761719	0.0	0.0	0.0	5.509329319000244	0.0	5.9428181648254395	0.0	0.0	0.0	0.0	0.0	0.0	0.0	0.0	0.0	3.584317684173584	2.400160074234009	0.0	0.0	0.0	1.9566650390625	0.0	0.0	2.660905599594116	3.888047218322754	0.0	0.0	0.0	0.0	2.821686029434204	2.2528772354125977	0.0	2.3770570755004883	3.150063991546631	4.990865230560303	0.0	7.012052536010742	2.8399643898010254	2.20050048828125	3.8353495597839355	4.0837883949279785	0.0	0.0	0.0	0.0	0.0	2.7038991451263428	0.0	4.186174392700195	0.0	0.0	0.0	5.344577312469482	0.0	3.2426772117614746	0.0	4.727694988250732	3.896982431411743	0.0	0.0	0.0	2.886009693145752	0.0	0.0	0.0	0.0	0.0	0.0	0.0	3.1133196353912354	0.0	0.0	0.0	0.0	0.0	0.0	0.0	0.0	0.0	0.0	0.0	4.829512596130371	0.0	0.0	0.0	0.0	0.0	0.0	0.0	4.789972305297852	3.99220871925354	3.5530622005462646	0.0	0.0	0.0	0.0	4.09869384765625	0.0	0.0	0.0	0.0	0.0	0.0	0.0	2.212944507598877	3.640202760696411	0.0	5.786191940307617	3.984802007675171	3.2679569721221924	0.0	0.0	3.766796350479126	0.0	0.0	0.0	0.0	0.0	0.0	0.0	0.0	3.290640115737915	0.0	0.0	0.0	0.0	2.8055803775787354
4.497135639190674	0.0	0.0	0.0	5.511009216308594	0.0	5.944413661956787	0.0	0.0	0.0	0.0	0.0	0.0	0.0	0.0	0.0	3.585231304168701	2.401055097579956	0.0	0.0	0.0	1.9571759700775146	0.0	0.0	2.661837100982666	3.8890185356140137	0.0	0.0	0.0	0.0	2.8225953578948975	2.2532007694244385	0.0	2.3780593872070312	3.1514158248901367	4.99260950088501	0.0	7.013805389404297	2.8404290676116943	2.201030731201172	3.8361382484436035	4.0847487449646	0.0	0.0	0.0	0.0	0.0	2.7044198513031006	0.0	4.186906814575195	0.0	0.0	0.0	5.345560073852539	0.0	3.242982864379883	0.0	4.7288384437561035	3.8974759578704834	0.0	0.0	0.0	2.8863823413848877	0.0	0.0	0.0	0.0	0.0	0.0	0.0	3.1141414642333984	0.0	0.0	0.0	0.0	0.0	0.0	0.0	0.0	0.0	0.0	0.0	4.83009672164917	0.0	0.0	0.0	0.0	0.0	0.0	0.0	4.791118144989014	3.9927423000335693	3.5536160469055176	0.0	0.0	0.0	0.0	4.099751949310303	0.0	0.0	0.0	0.0	0.0	0.0	0.0	2.21307110786438	3.6418516635894775	0.0	5.787436485290527	3.9848413467407227	3.2687160968780518	0.0	0.0	3.767176389694214	0.0	0.0	0.0	0.0	0.0	0.0	0.0	0.0	3.2906546592712402	0.0	0.0	0.0	0.0	2.806159019470215
4.4949750900268555	0.0	0.0	0.0	5.5090179443359375	0.0	5.941918849945068	0.0	0.0	0.0	0.0	0.0	0.0	0.0	0.0	0.0	3.584109306335449	2.400055408477783	0.0	0.0	0.0	1.9561024904251099	0.0	0.0	2.660224199295044	3.8869357109069824	0.0	0.0	0.0	0.0	2.8208868503570557	2.253082752227783	0.0	2.377418279647827	3.1504993438720703	4.9901041984558105	0.0	7.010775089263916	2.839679479598999	2.1993002891540527	3.8341636657714844	4.083043575286865	0.0	0.0	0.0	0.0	0.0	2.7038984298706055	0.0	4.18472957611084	0.0	0.0	0.0	5.343397617340088	0.0	3.242398738861084	0.0	4.727060317993164	3.895771026611328	0.0	0.0	0.0	2.88557767868042	0.0	0.0	0.0	0.0	0.0	0.0	0.0	3.1127724647521973	0.0	0.0	0.0	0.0	0.0	0.0	0.0	0.0	0.0	0.0	0.0	4.827359676361084	0.0	0.0	0.0	0.0	0.0	0.0	0.0	4.789090156555176	3.99102520942688	3.5528385639190674	0.0	0.0	0.0	0.0	4.0976057052612305	0.0	0.0	0.0	0.0	0.0	0.0	0.0	2.2119951248168945	3.640778064727783	0.0	5.785002708435059	3.9837517738342285	3.267241954803467	0.0	0.0	3.765873432159424	0.0	0.0	0.0	0.0	0.0	0.0	0.0	0.0	3.2893664836883545	0.0	0.0	0.0	0.0	2.8043007850646973
4.495773792266846	0.0	0.0	0.0	5.5093584060668945	0.0	5.944320201873779	0.0	0.0	0.0	0.0	0.0	0.0	0.0	0.0	0.0	3.5854015350341797	2.400834560394287	0.0	0.0	0.0	1.9559108018875122	0.0	0.0	2.661029815673828	3.888094902038574	0.0	0.0	0.0	0.0	2.821676731109619	2.2529220581054688	0.0	2.3778202533721924	3.150548219680786	4.9921441078186035	0.0	7.012496471405029	2.8398754596710205	2.20068621635437	3.8355398178100586	4.084173679351807	0.0	0.0	0.0	0.0	0.0	2.703028917312622	0.0	4.185292720794678	0.0	0.0	0.0	5.343969345092773	0.0	3.2440097332000732	0.0	4.728569984436035	3.8973424434661865	0.0	0.0	0.0	2.8860814571380615	0.0	0.0	0.0	0.0	0.0	0.0	0.0	3.1130034923553467	0.0	0.0	0.0	0.0	0.0	0.0	0.0	0.0	0.0	0.0	0.0	4.82992696762085	0.0	0.0	0.0	0.0	0.0	0.0	0.0	4.790567874908447	3.9922759532928467	3.553629159927368	0.0	0.0	0.0	0.0	4.098775386810303	0.0	0.0	0.0	0.0	0.0	0.0	0.0	2.213590621948242	3.6415553092956543	0.0	5.786303997039795	3.9846653938293457	3.268493890762329	0.0	0.0	3.7677664756774902	0.0	0.0	0.0	0.0	0.0	0.0	0.0	0.0	3.290487051010132	0.0	0.0	0.0	0.0	2.806056022644043
4.499185562133789	0.0	0.0	0.0	5.513240814208984	0.0	5.946587085723877	0.0	0.0	0.0	0.0	0.0	0.0	0.0	0.0	0.0	3.586894989013672	2.402580499649048	0.0	0.0	0.0	1.958006739616394	0.0	0.0	2.6619184017181396	3.889817476272583	0.0	0.0	0.0	0.0	2.8231420516967773	2.254899740219116	0.0	2.378326177597046	3.1519038677215576	4.994376182556152	0.0	7.016175746917725	2.8423986434936523	2.2024688720703125	3.8369686603546143	4.085785388946533	0.0	0.0	0.0	0.0	0.0	2.705509662628174	0.0	4.188642978668213	0.0	0.0	0.0	5.347326278686523	0.0	3.245084047317505	0.0	4.731016159057617	3.8991892337799072	0.0	0.0	0.0	2.8877460956573486	0.0	0.0	0.0	0.0	0.0	0.0	0.0	3.1151974201202393	0.0	0.0	0.0	0.0	0.0	0.0	0.0	0.0	0.0	0.0	0.0	4.832571029663086	0.0	0.0	0.0	0.0	0.0	0.0	0.0	4.79290246963501	3.9951319694519043	3.5552890300750732	0.0	0.0	0.0	0.0	4.100470542907715	0.0	0.0	0.0	0.0	0.0	0.0	0.0	2.2144408226013184	3.6437549591064453	0.0	5.790107727050781	3.987295627593994	3.2699129581451416	0.0	0.0	3.7695536613464355	0.0	0.0	0.0	0.0	0.0	0.0	0.0	0.0	3.292701244354248	0.0	0.0	0.0	0.0	2.8074190616607666
4.496838092803955	0.0	0.0	0.0	5.5116353034973145	0.0	5.9451470375061035	0.0	0.0	0.0	0.0	0.0	0.0	0.0	0.0	0.0	3.585925340652466	2.401865005493164	0.0	0.0	0.0	1.95750892162323	0.0	0.0	2.6621904373168945	3.8895089626312256	0.0	0.0	0.0	0.0	2.8230514526367188	2.253113269805908	0.0	2.3783206939697266	3.1514780521392822	4.993389129638672	0.0	7.013845920562744	2.841752529144287	2.201495885848999	3.8364131450653076	4.085597038269043	0.0	0.0	0.0	0.0	0.0	2.704267978668213	0.0	4.187136650085449	0.0	0.0	0.0	5.346790313720703	0.0	3.244839906692505	0.0	4.729830265045166	3.8983874320983887	0.0	0.0	0.0	2.8868024349212646	0.0	0.0	0.0	0.0	0.0	0.0	0.0	3.11405086517334	0.0	0.0	0.0	0.0	0.0	0.0	0.0	0.0	0.0	0.0	0.0	4.830811500549316	0.0	0.0	0.0	0.0	0.0	0.0	0.0	4.791744709014893	3.9933838844299316	3.5540611743927	0.0	0.0	0.0	0.0	4.099493026733398	0.0	0.0	0.0	0.0	0.0	0.0	0.0	2.2139101028442383	3.6429483890533447	0.0	5.787720203399658	3.9852139949798584	3.2689733505249023	0.0	0.0	3.7677547931671143	0.0	0.0	0.0	0.0	0.0	0.0	0.0	0.0	3.291883945465088	0.0	0.0	0.0	0.0	2.806342363357544
4.493021488189697	0.0	0.0	0.0	5.505893707275391	0.0	5.939935684204102	0.0	0.0	0.0	0.0	0.0	0.0	0.0	0.0	0.0	3.5821897983551025	2.4002037048339844	0.0	0.0	0.0	1.955352544784546	0.0	0.0	2.6586098670959473	3.88545823097229	0.0	0.0	0.0	0.0	2.819154977798462	2.252141237258911	0.0	2.3756368160247803	3.1480116844177246	4.988940715789795	0.0	7.008310317993164	2.838829755783081	2.1986243724823	3.8323545455932617	4.081674098968506	0.0	0.0	0.0	0.0	0.0	2.7017264366149902	0.0	4.182568073272705	0.0	0.0	0.0	5.340619087219238	0.0	3.241239309310913	0.0	4.726676940917969	3.8945271968841553	0.0	0.0	0.0	2.884260654449463	0.0	0.0	0.0	0.0	0.0	0.0	0.0	3.1110007762908936	0.0	0.0	0.0	0.0	0.0	0.0	0.0	0.0	0.0	0.0	0.0	4.826427459716797	0.0	0.0	0.0	0.0	0.0	0.0	0.0	4.786793231964111	3.9889888763427734	3.5501227378845215	0.0	0.0	0.0	0.0	4.095601558685303	0.0	0.0	0.0	0.0	0.0	0.0	0.0	2.211988925933838	3.6381754875183105	0.0	5.782160758972168	3.9819695949554443	3.265357255935669	0.0	0.0	3.763216495513916	0.0	0.0	0.0	0.0	0.0	0.0	0.0	0.0	3.2884654998779297	0.0	0.0	0.0	0.0	2.8044393062591553
4.495062351226807	0.0	0.0	0.0	5.510026454925537	0.0	5.942871570587158	0.0	0.0	0.0	0.0	0.0	0.0	0.0	0.0	0.0	3.5832128524780273	2.400895595550537	0.0	0.0	0.0	1.9566673040390015	0.0	0.0	2.6606547832489014	3.888204574584961	0.0	0.0	0.0	0.0	2.8204851150512695	2.2525596618652344	0.0	2.3774218559265137	3.1502678394317627	4.991484642028809	0.0	7.012407302856445	2.839832305908203	2.2004246711730957	3.8345391750335693	4.083551406860352	0.0	0.0	0.0	0.0	0.0	2.702726364135742	0.0	4.185126781463623	0.0	0.0	0.0	5.343139171600342	0.0	3.243690252304077	0.0	4.727949619293213	3.896073579788208	0.0	0.0	0.0	2.8858911991119385	0.0	0.0	0.0	0.0	0.0	0.0	0.0	3.1133174896240234	0.0	0.0	0.0	0.0	0.0	0.0	0.0	0.0	0.0	0.0	0.0	4.828439712524414	0.0	0.0	0.0	0.0	0.0	0.0	0.0	4.789380073547363	3.990807056427002	3.5519914627075195	0.0	0.0	0.0	0.0	4.0984368324279785	0.0	0.0	0.0	0.0	0.0	0.0	0.0	2.2125744819641113	3.6406636238098145	0.0	5.785455703735352	3.9837121963500977	3.267671585083008	0.0	0.0	3.767155647277832	0.0	0.0	0.0	0.0	0.0	0.0	0.0	0.0	3.2906980514526367	0.0	0.0	0.0	0.0	2.805840015411377
4.484227180480957	0.0	0.0	0.0	5.496276378631592	0.0	5.928338050842285	0.0	0.0	0.0	0.0	0.0	0.0	0.0	0.0	0.0	3.5751092433929443	2.3954918384552	0.0	0.0	0.0	1.9533929824829102	0.0	0.0	2.654557943344116	3.8784115314483643	0.0	0.0	0.0	0.0	2.812551498413086	2.2479641437530518	0.0	2.371920585632324	3.142860174179077	4.978267669677734	0.0	6.9949517250061035	2.8328468799591064	2.1944375038146973	3.825932025909424	4.075613498687744	0.0	0.0	0.0	0.0	0.0	2.697087526321411	0.0	4.174805164337158	0.0	0.0	0.0	5.330977439880371	0.0	3.234823226928711	0.0	4.71685791015625	3.887491464614868	0.0	0.0	0.0	2.8806891441345215	0.0	0.0	0.0	0.0	0.0	0.0	0.0	3.106279134750366	0.0	0.0	0.0	0.0	0.0	0.0	0.0	0.0	0.0	0.0	0.0	4.815652847290039	0.0	0.0	0.0	0.0	0.0	0.0	0.0	4.777285099029541	3.9821126461029053	3.5440423488616943	0.0	0.0	0.0	0.0	4.088800430297852	0.0	0.0	0.0	0.0	0.0	0.0	0.0	2.208239793777466	3.632089376449585	0.0	5.770998477935791	3.9737751483917236	3.2601420879364014	0.0	0.0	3.7577645778656006	0.0	0.0	0.0	0.0	0.0	0.0	0.0	0.0	3.2819294929504395	0.0	0.0	0.0	0.0	2.798877000808716
4.497520923614502	0.0	0.0	0.0	5.51293420791626	0.0	5.946264743804932	0.0	0.0	0.0	0.0	0.0	0.0	0.0	0.0	0.0	3.585970640182495	2.4019088745117188	0.0	0.0	0.0	1.9579981565475464	0.0	0.0	2.6619107723236084	3.8895726203918457	0.0	0.0	0.0	0.0	2.8222615718841553	2.2542779445648193	0.0	2.3790442943573	3.1516854763031006	4.993903160095215	0.0	7.015044212341309	2.8419623374938965	2.2016406059265137	3.837390661239624	4.086700439453125	0.0	0.0	0.0	0.0	0.0	2.705176591873169	0.0	4.187629222869873	0.0	0.0	0.0	5.346870422363281	0.0	3.244044542312622	0.0	4.730749130249023	3.8985016345977783	0.0	0.0	0.0	2.887880563735962	0.0	0.0	0.0	0.0	0.0	0.0	0.0	3.11435604095459	0.0	0.0	0.0	0.0	0.0	0.0	0.0	0.0	0.0	0.0	0.0	4.831357955932617	0.0	0.0	0.0	0.0	0.0	0.0	0.0	4.791418552398682	3.9945805072784424	3.5554580688476562	0.0	0.0	0.0	0.0	4.101192951202393	0.0	0.0	0.0	0.0	0.0	0.0	0.0	2.213933229446411	3.6425793170928955	0.0	5.788243293762207	3.986170768737793	3.2695579528808594	0.0	0.0	3.768336057662964	0.0	0.0	0.0	0.0	0.0	0.0	0.0	0.0	3.291506290435791	0.0	0.0	0.0	0.0	2.807457447052002
4.495111465454102	0.0	0.0	0.0	5.509766101837158	0.0	5.943497180938721	0.0	0.0	0.0	0.0	0.0	0.0	0.0	0.0	0.0	3.5839338302612305	2.4004945755004883	0.0	0.0	0.0	1.9559600353240967	0.0	0.0	2.660982131958008	3.8870017528533936	0.0	0.0	0.0	0.0	2.8206145763397217	2.2533369064331055	0.0	2.3766937255859375	3.1494054794311523	4.990788459777832	0.0	7.011672496795654	2.8400444984436035	2.200150966644287	3.835456371307373	4.083273887634277	0.0	0.0	0.0	0.0	0.0	2.703239917755127	0.0	4.1847662925720215	0.0	0.0	0.0	5.343856334686279	0.0	3.2427759170532227	0.0	4.728415012359619	3.896632194519043	0.0	0.0	0.0	2.885765790939331	0.0	0.0	0.0	0.0	0.0	0.0	0.0	3.1134068965911865	0.0	0.0	0.0	0.0	0.0	0.0	0.0	0.0	0.0	0.0	0.0	4.828502655029297	0.0	0.0	0.0	0.0	0.0	0.0	0.0	4.7894721031188965	3.9914445877075195	3.5528290271759033	0.0	0.0	0.0	0.0	4.098109722137451	0.0	0.0	0.0	0.0	0.0	0.0	0.0	2.213124990463257	3.640730142593384	0.0	5.785320281982422	3.983924150466919	3.267735719680786	0.0	0.0	3.765786647796631	0.0	0.0	0.0	0.0	0.0	0.0	0.0	0.0	3.290673017501831	0.0	0.0	0.0	0.0	2.8054959774017334
4.495616436004639	0.0	0.0	0.0	5.508263111114502	0.0	5.938390731811523	0.0	0.0	0.0	0.0	0.0	0.0	0.0	0.0	0.0	3.584974765777588	2.3984107971191406	0.0	0.0	0.0	1.9565010070800781	0.0	0.0	2.6603305339813232	3.887117385864258	0.0	0.0	0.0	0.0	2.822396755218506	2.254162549972534	0.0	2.3761894702911377	3.150028944015503	4.991629600524902	0.0	7.01002311706543	2.840951442718506	2.20181941986084	3.8355844020843506	4.083139896392822	0.0	0.0	0.0	0.0	0.0	2.7046701908111572	0.0	4.1856842041015625	0.0	0.0	0.0	5.342764854431152	0.0	3.241455316543579	0.0	4.72551965713501	3.8958067893981934	0.0	0.0	0.0	2.8842661380767822	0.0	0.0	0.0	0.0	0.0	0.0	0.0	3.1145477294921875	0.0	0.0	0.0	0.0	0.0	0.0	0.0	0.0	0.0	0.0	0.0	4.829169273376465	0.0	0.0	0.0	0.0	0.0	0.0	0.0	4.788332462310791	3.9933831691741943	3.5527451038360596	0.0	0.0	0.0	0.0	4.098138332366943	0.0	0.0	0.0	0.0	0.0	0.0	0.0	2.2132837772369385	3.642434597015381	0.0	5.785708904266357	3.985461711883545	3.2666220664978027	0.0	0.0	3.766639471054077	0.0	0.0	0.0	0.0	0.0	0.0	0.0	0.0	3.289971113204956	0.0	0.0	0.0	0.0	2.8060824871063232
4.497413635253906	0.0	0.0	0.0	5.513258934020996	0.0	5.946115493774414	0.0	0.0	0.0	0.0	0.0	0.0	0.0	0.0	0.0	3.5861399173736572	2.401860475540161	0.0	0.0	0.0	1.9575694799423218	0.0	0.0	2.661827325820923	3.889843225479126	0.0	0.0	0.0	0.0	2.822110414505005	2.25474214553833	0.0	2.378467559814453	3.15175461769104	4.994488716125488	0.0	7.016229152679443	2.842006206512451	2.201686382293701	3.837160110473633	4.086200714111328	0.0	0.0	0.0	0.0	0.0	2.7054953575134277	0.0	4.1881818771362305	0.0	0.0	0.0	5.346441268920898	0.0	3.245662212371826	0.0	4.730626583099365	3.8989412784576416	0.0	0.0	0.0	2.8879315853118896	0.0	0.0	0.0	0.0	0.0	0.0	0.0	3.1153879165649414	0.0	0.0	0.0	0.0	0.0	0.0	0.0	0.0	0.0	0.0	0.0	4.831908226013184	0.0	0.0	0.0	0.0	0.0	0.0	0.0	4.792368412017822	3.993905782699585	3.5555882453918457	0.0	0.0	0.0	0.0	4.100947380065918	0.0	0.0	0.0	0.0	0.0	0.0	0.0	2.2145047187805176	3.6433019638061523	0.0	5.789607524871826	3.9863498210906982	3.2694547176361084	0.0	0.0	3.7686548233032227	0.0	0.0	0.0	0.0	0.0	0.0	0.0	0.0	3.2926504611968994	0.0	0.0	0.0	0.0	2.8077380657196045
4.495336055755615	0.0	0.0	0.0	5.509101390838623	0.0	5.941943645477295	0.0	0.0	0.0	0.0	0.0	0.0	0.0	0.0	0.0	3.584714412689209	2.4007465839385986	0.0	0.0	0.0	1.9562184810638428	0.0	0.0	2.660496234893799	3.8867106437683105	0.0	0.0	0.0	0.0	2.821241855621338	2.2537238597869873	0.0	2.376558303833008	3.150146245956421	4.9907732009887695	0.0	7.012138366699219	2.8411061763763428	2.2000534534454346	3.8339643478393555	4.083523273468018	0.0	0.0	0.0	0.0	0.0	2.7039380073547363	0.0	4.185351371765137	0.0	0.0	0.0	5.343039035797119	0.0	3.2429215908050537	0.0	4.726959228515625	3.8953769207000732	0.0	0.0	0.0	2.8856186866760254	0.0	0.0	0.0	0.0	0.0	0.0	0.0	3.1124043464660645	0.0	0.0	0.0	0.0	0.0	0.0	0.0	0.0	0.0	0.0	0.0	4.828739643096924	0.0	0.0	0.0	0.0	0.0	0.0	0.0	4.788660049438477	3.991107940673828	3.552168369293213	0.0	0.0	0.0	0.0	4.098863124847412	0.0	0.0	0.0	0.0	0.0	0.0	0.0	2.2128233909606934	3.640542984008789	0.0	5.784442901611328	3.9841320514678955	3.267467975616455	0.0	0.0	3.7661855220794678	0.0	0.0	0.0	0.0	0.0	0.0	0.0	0.0	3.2909512519836426	0.0	0.0	0.0	0.0	2.8063278198242188
4.497775554656982	0.0	0.0	0.0	5.512205123901367	0.0	5.94597053527832	0.0	0.0	0.0	0.0	0.0	0.0	0.0	0.0	0.0	3.585627317428589	2.402053117752075	0.0	0.0	0.0	1.9573010206222534	0.0	0.0	2.662116289138794	3.8890912532806396	0.0	0.0	0.0	0.0	2.822784900665283	2.2542576789855957	0.0	2.378113031387329	3.151082754135132	4.994256496429443	0.0	7.014825344085693	2.8415322303771973	2.2014849185943604	3.8371200561523438	4.085738658905029	0.0	0.0	0.0	0.0	0.0	2.7050259113311768	0.0	4.188355445861816	0.0	0.0	0.0	5.345682621002197	0.0	3.244208812713623	0.0	4.730052471160889	3.898512125015259	0.0	0.0	0.0	2.8875439167022705	0.0	0.0	0.0	0.0	0.0	0.0	0.0	3.1142895221710205	0.0	0.0	0.0	0.0	0.0	0.0	0.0	0.0	0.0	0.0	0.0	4.831000328063965	0.0	0.0	0.0	0.0	0.0	0.0	0.0	4.7917704582214355	3.994300603866577	3.5544192790985107	0.0	0.0	0.0	0.0	4.100732803344727	0.0	0.0	0.0	0.0	0.0	0.0	0.0	2.2137575149536133	3.6423254013061523	0.0	5.7882280349731445	3.9866209030151367	3.2699222564697266	0.0	0.0	3.7681100368499756	0.0	0.0	0.0	0.0	0.0	0.0	0.0	0.0	3.291870355606079	0.0	0.0	0.0	0.0	2.807218313217163
4.49169397354126	0.0	0.0	0.0	5.504965305328369	0.0	5.938937187194824	0.0	0.0	0.0	0.0	0.0	0.0	0.0	0.0	0.0	3.5815813541412354	2.399141311645508	0.0	0.0	0.0	1.9549086093902588	0.0	0.0	2.6583988666534424	3.8852932453155518	0.0	0.0	0.0	0.0	2.819131851196289	2.2517032623291016	0.0	2.3755366802215576	3.1476328372955322	4.987985610961914	0.0	7.0069684982299805	2.837822914123535	2.1982686519622803	3.83180832862854	4.080898761749268	0.0	0.0	0.0	0.0	0.0	2.70176362991333	0.0	4.182531356811523	0.0	0.0	0.0	5.3399810791015625	0.0	3.2410778999328613	0.0	4.724444389343262	3.8932735919952393	0.0	0.0	0.0	2.8837051391601562	0.0	0.0	0.0	0.0	0.0	0.0	0.0	3.1108107566833496	0.0	0.0	0.0	0.0	0.0	0.0	0.0	0.0	0.0	0.0	0.0	4.825847625732422	0.0	0.0	0.0	0.0	0.0	0.0	0.0	4.786245822906494	3.988616704940796	3.5504159927368164	0.0	0.0	0.0	0.0	4.096496105194092	0.0	0.0	0.0	0.0	0.0	0.0	0.0	2.2113163471221924	3.637887954711914	0.0	5.780482769012451	3.980912923812866	3.2652244567871094	0.0	0.0	3.7635762691497803	0.0	0.0	0.0	0.0	0.0	0.0	0.0	0.0	3.2883059978485107	0.0	0.0	0.0	0.0	2.804180860519409
4.49597692489624	0.0	0.0	0.0	5.509664535522461	0.0	5.941135406494141	0.0	0.0	0.0	0.0	0.0	0.0	0.0	0.0	0.0	3.5838582515716553	2.400477409362793	0.0	0.0	0.0	1.957289695739746	0.0	0.0	2.6611218452453613	3.887613534927368	0.0	0.0	0.0	0.0	2.8217978477478027	2.2530696392059326	0.0	2.3773956298828125	3.1499767303466797	4.991398811340332	0.0	7.011422634124756	2.8405380249023438	2.200813055038452	3.835224151611328	4.084052085876465	0.0	0.0	0.0	0.0	0.0	2.704418659210205	0.0	4.185318470001221	0.0	0.0	0.0	5.343981742858887	0.0	3.242727756500244	0.0	4.727850914001465	3.8966476917266846	0.0	0.0	0.0	2.8854756355285645	0.0	0.0	0.0	0.0	0.0	0.0	0.0	3.1134016513824463	0.0	0.0	0.0	0.0	0.0	0.0	0.0	0.0	0.0	0.0	0.0	4.829190254211426	0.0	0.0	0.0	0.0	0.0	0.0	0.0	4.790006160736084	3.9919424057006836	3.5540335178375244	0.0	0.0	0.0	0.0	4.099339485168457	0.0	0.0	0.0	0.0	0.0	0.0	0.0	2.2134454250335693	3.641281843185425	0.0	5.78567361831665	3.9841208457946777	3.2685163021087646	0.0	0.0	3.7667324542999268	0.0	0.0	0.0	0.0	0.0	0.0	0.0	0.0	3.2901694774627686	0.0	0.0	0.0	0.0	2.805990219116211
4.494246006011963	0.0	0.0	0.0	5.507772445678711	0.0	5.942576885223389	0.0	0.0	0.0	0.0	0.0	0.0	0.0	0.0	0.0	3.584303855895996	2.400268793106079	0.0	0.0	0.0	1.9561996459960938	0.0	0.0	2.6605541706085205	3.886256694793701	0.0	0.0	0.0	0.0	2.821016550064087	2.252136707305908	0.0	2.3766000270843506	3.148871898651123	4.990715026855469	0.0	7.010676860809326	2.839590311050415	2.2007782459259033	3.834946870803833	4.08313512802124	0.0	0.0	0.0	0.0	0.0	2.702805519104004	0.0	4.183939456939697	0.0	0.0	0.0	5.342314720153809	0.0	3.2427897453308105	0.0	4.727553844451904	3.895737886428833	0.0	0.0	0.0	2.8850529193878174	0.0	0.0	0.0	0.0	0.0	0.0	0.0	3.112603187561035	0.0	0.0	0.0	0.0	0.0	0.0	0.0	0.0	0.0	0.0	0.0	4.828323841094971	0.0	0.0	0.0	0.0	0.0	0.0	0.0	4.788175106048584	3.990997791290283	3.5525906085968018	0.0	0.0	0.0	0.0	4.098358154296875	0.0	0.0	0.0	0.0	0.0	0.0	0.0	2.212937116622925	3.640824556350708	0.0	5.784489631652832	3.9836363792419434	3.2669270038604736	0.0	0.0	3.764897108078003	0.0	0.0	0.0	0.0	0.0	0.0	0.0	0.0	3.2898809909820557	0.0	0.0	0.0	0.0	2.805799961090088
4.497150897979736	0.0	0.0	0.0	5.510866641998291	0.0	5.943220138549805	0.0	0.0	0.0	0.0	0.0	0.0	0.0	0.0	0.0	3.5852749347686768	2.4012932777404785	0.0	0.0	0.0	1.9569898843765259	0.0	0.0	2.6619648933410645	3.8879904747009277	0.0	0.0	0.0	0.0	2.8220198154449463	2.2531986236572266	0.0	2.3779289722442627	3.151157855987549	4.9930100440979	0.0	7.01312780380249	2.841491222381592	2.200690984725952	3.835235834121704	4.084828853607178	0.0	0.0	0.0	0.0	0.0	2.704932451248169	0.0	4.187472343444824	0.0	0.0	0.0	5.344863414764404	0.0	3.243650197982788	0.0	4.7280354499816895	3.8967947959899902	0.0	0.0	0.0	2.8865396976470947	0.0	0.0	0.0	0.0	0.0	0.0	0.0	3.113598108291626	0.0	0.0	0.0	0.0	0.0	0.0	0.0	0.0	0.0	0.0	0.0	4.828514099121094	0.0	0.0	0.0	0.0	0.0	0.0	0.0	4.79077672958374	3.9933600425720215	3.5528109073638916	0.0	0.0	0.0	0.0	4.098485469818115	0.0	0.0	0.0	0.0	0.0	0.0	0.0	2.2134411334991455	3.6411993503570557	0.0	5.787041187286377	3.98475980758667	3.2684519290924072	0.0	0.0	3.7667465209960938	0.0	0.0	0.0	0.0	0.0	0.0	0.0	0.0	3.2909152507781982	0.0	0.0	0.0	0.0	2.8064675331115723
4.4963908195495605	0.0	0.0	0.0	5.5090651512146	0.0	5.94248104095459	0.0	0.0	0.0	0.0	0.0	0.0	0.0	0.0	0.0	3.584794282913208	2.4014692306518555	0.0	0.0	0.0	1.9577804803848267	0.0	0.0	2.6605584621429443	3.888164758682251	0.0	0.0	0.0	0.0	2.822049856185913	2.2532479763031006	0.0	2.3774073123931885	3.150658369064331	4.99172306060791	0.0	7.0115509033203125	2.840846538543701	2.2006676197052	3.834749460220337	4.083597660064697	0.0	0.0	0.0	0.0	0.0	2.7041802406311035	0.0	4.185593605041504	0.0	0.0	0.0	5.344069004058838	0.0	3.2437920570373535	0.0	4.728041648864746	3.8969922065734863	0.0	0.0	0.0	2.8868114948272705	0.0	0.0	0.0	0.0	0.0	0.0	0.0	3.1142423152923584	0.0	0.0	0.0	0.0	0.0	0.0	0.0	0.0	0.0	0.0	0.0	4.8292131423950195	0.0	0.0	0.0	0.0	0.0	0.0	0.0	4.789858341217041	3.9924700260162354	3.5535264015197754	0.0	0.0	0.0	0.0	4.099053382873535	0.0	0.0	0.0	0.0	0.0	0.0	0.0	2.213380813598633	3.641176223754883	0.0	5.7861151695251465	3.984273672103882	3.267930507659912	0.0	0.0	3.767177104949951	0.0	0.0	0.0	0.0	0.0	0.0	0.0	0.0	3.29007887840271	0.0	0.0	0.0	0.0	2.805622100830078
4.49428129196167	0.0	0.0	0.0	5.508183002471924	0.0	5.941767692565918	0.0	0.0	0.0	0.0	0.0	0.0	0.0	0.0	0.0	3.583784580230713	2.4002764225006104	0.0	0.0	0.0	1.9561113119125366	0.0	0.0	2.6600353717803955	3.887346029281616	0.0	0.0	0.0	0.0	2.821082592010498	2.2528512477874756	0.0	2.376744270324707	3.1491458415985107	4.9910173416137695	0.0	7.010594367980957	2.839137315750122	2.19923996925354	3.8343279361724854	4.083686828613281	0.0	0.0	0.0	0.0	0.0	2.702828884124756	0.0	4.18426513671875	0.0	0.0	0.0	5.342520236968994	0.0	3.243381977081299	0.0	4.727022647857666	3.895214080810547	0.0	0.0	0.0	2.885035753250122	0.0	0.0	0.0	0.0	0.0	0.0	0.0	3.1126670837402344	0.0	0.0	0.0	0.0	0.0	0.0	0.0	0.0	0.0	0.0	0.0	4.828004837036133	0.0	0.0	0.0	0.0	0.0	0.0	0.0	4.789336681365967	3.992175579071045	3.5520968437194824	0.0	0.0	0.0	0.0	4.098816871643066	0.0	0.0	0.0	0.0	0.0	0.0	0.0	2.211916208267212	3.640255928039551	0.0	5.784256458282471	3.9838733673095703	3.267939567565918	0.0	0.0	3.766862630844116	0.0	0.0	0.0	0.0	0.0	0.0	0.0	0.0	3.2901477813720703	0.0	0.0	0.0	0.0	2.804830312728882
4.496789455413818	0.0	0.0	0.0	5.510425090789795	0.0	5.945168495178223	0.0	0.0	0.0	0.0	0.0	0.0	0.0	0.0	0.0	3.585862874984741	2.401531219482422	0.0	0.0	0.0	1.9570213556289673	0.0	0.0	2.66184401512146	3.8882977962493896	0.0	0.0	0.0	0.0	2.8223280906677246	2.2539517879486084	0.0	2.3771774768829346	3.150397539138794	4.992311000823975	0.0	7.014039039611816	2.840481996536255	2.200615882873535	3.8361101150512695	4.084693908691406	0.0	0.0	0.0	0.0	0.0	2.7051172256469727	0.0	4.186014175415039	0.0	0.0	0.0	5.345012187957764	0.0	3.2443299293518066	0.0	4.729430198669434	3.8978583812713623	0.0	0.0	0.0	2.8861961364746094	0.0	0.0	0.0	0.0	0.0	0.0	0.0	3.1132280826568604	0.0	0.0	0.0	0.0	0.0	0.0	0.0	0.0	0.0	0.0	0.0	4.830533027648926	0.0	0.0	0.0	0.0	0.0	0.0	0.0	4.791147232055664	3.9927186965942383	3.5534255504608154	0.0	0.0	0.0	0.0	4.099799156188965	0.0	0.0	0.0	0.0	0.0	0.0	0.0	2.2128098011016846	3.6423609256744385	0.0	5.78688907623291	3.9849603176116943	3.2690916061401367	0.0	0.0	3.767744541168213	0.0	0.0	0.0	0.0	0.0	0.0	0.0	0.0	3.2910354137420654	0.0	0.0	0.0	0.0	2.8065476417541504
4.494047164916992	0.0	0.0	0.0	5.5089921951293945	0.0	5.943197250366211	0.0	0.0	0.0	0.0	0.0	0.0	0.0	0.0	0.0	3.583852529525757	2.4013893604278564	0.0	0.0	0.0	1.9566649198532104	0.0	0.0	2.6608290672302246	3.8887147903442383	0.0	0.0	0.0	0.0	2.821016311645508	2.252847671508789	0.0	2.3770596981048584	3.150134801864624	4.991302967071533	0.0	7.011821269989014	2.8403730392456055	2.1996726989746094	3.834865093231201	4.0832133293151855	0.0	0.0	0.0	0.0	0.0	2.7033884525299072	0.0	4.184232234954834	0.0	0.0	0.0	5.344948768615723	0.0	3.242619752883911	0.0	4.728306770324707	3.8969459533691406	0.0	0.0	0.0	2.8852601051330566	0.0	0.0	0.0	0.0	0.0	0.0	0.0	3.1121485233306885	0.0	0.0	0.0	0.0	0.0	0.0	0.0	0.0	0.0	0.0	0.0	4.829251289367676	0.0	0.0	0.0	0.0	0.0	0.0	0.0	4.7902913093566895	3.9921622276306152	3.5517048835754395	0.0	0.0	0.0	0.0	4.098779201507568	0.0	0.0	0.0	0.0	0.0	0.0	0.0	2.2131643295288086	3.6406049728393555	0.0	5.785396099090576	3.9845447540283203	3.267918348312378	0.0	0.0	3.7671902179718018	0.0	0.0	0.0	0.0	0.0	0.0	0.0	0.0	3.2902963161468506	0.0	0.0	0.0	0.0	2.8054280281066895
4.494683265686035	0.0	0.0	0.0	5.508193016052246	0.0	5.942200183868408	0.0	0.0	0.0	0.0	0.0	0.0	0.0	0.0	0.0	3.583749771118164	2.400054454803467	0.0	0.0	0.0	1.9570398330688477	0.0	0.0	2.6601905822753906	3.8866679668426514	0.0	0.0	0.0	0.0	2.8211398124694824	2.2526540756225586	0.0	2.3775217533111572	3.149080514907837	4.99069881439209	0.0	7.011072635650635	2.8399407863616943	2.2003910541534424	3.8342971801757812	4.083793640136719	0.0	0.0	0.0	0.0	0.0	2.7030210494995117	0.0	4.184152603149414	0.0	0.0	0.0	5.341902732849121	0.0	3.242266893386841	0.0	4.726857662200928	3.896516799926758	0.0	0.0	0.0	2.885303020477295	0.0	0.0	0.0	0.0	0.0	0.0	0.0	3.112363338470459	0.0	0.0	0.0	0.0	0.0	0.0	0.0	0.0	0.0	0.0	0.0	4.827848434448242	0.0	0.0	0.0	0.0	0.0	0.0	0.0	4.789056777954102	3.991306781768799	3.552675485610962	0.0	0.0	0.0	0.0	4.099005699157715	0.0	0.0	0.0	0.0	0.0	0.0	0.0	2.2122015953063965	3.640312910079956	0.0	5.785270690917969	3.984243154525757	3.267273187637329	0.0	0.0	3.7663280963897705	0.0	0.0	0.0	0.0	0.0	0.0	0.0	0.0	3.289808511734009	0.0	0.0	0.0	0.0	2.8062098026275635
4.498800754547119	0.0	0.0	0.0	5.513300895690918	0.0	5.946450233459473	0.0	0.0	0.0	0.0	0.0	0.0	0.0	0.0	0.0	3.586480140686035	2.402251720428467	0.0	0.0	0.0	1.9584112167358398	0.0	0.0	2.662487745285034	3.8905532360076904	0.0	0.0	0.0	0.0	2.823251962661743	2.25469708442688	0.0	2.3793954849243164	3.152188539505005	4.994608402252197	0.0	7.017393112182617	2.842738628387451	2.2018353939056396	3.837299346923828	4.086042881011963	0.0	0.0	0.0	0.0	0.0	2.704949140548706	0.0	4.188230037689209	0.0	0.0	0.0	5.346916675567627	0.0	3.245847463607788	0.0	4.7311577796936035	3.899177312850952	0.0	0.0	0.0	2.8886029720306396	0.0	0.0	0.0	0.0	0.0	0.0	0.0	3.115705728530884	0.0	0.0	0.0	0.0	0.0	0.0	0.0	0.0	0.0	0.0	0.0	4.832006931304932	0.0	0.0	0.0	0.0	0.0	0.0	0.0	4.7924628257751465	3.994175910949707	3.5557639598846436	0.0	0.0	0.0	0.0	4.101219177246094	0.0	0.0	0.0	0.0	0.0	0.0	0.0	2.214189291000366	3.6430814266204834	0.0	5.790075778961182	3.987281084060669	3.2696120738983154	0.0	0.0	3.768794536590576	0.0	0.0	0.0	0.0	0.0	0.0	0.0	0.0	3.2927405834198	0.0	0.0	0.0	0.0	2.8076276779174805
4.495805263519287	0.0	0.0	0.0	5.509435176849365	0.0	5.943648338317871	0.0	0.0	0.0	0.0	0.0	0.0	0.0	0.0	0.0	3.584872245788574	2.400541067123413	0.0	0.0	0.0	1.9572330713272095	0.0	0.0	2.6611292362213135	3.886950731277466	0.0	0.0	0.0	0.0	2.8219642639160156	2.2531847953796387	0.0	2.377734661102295	3.1506052017211914	4.992210388183594	0.0	7.0136237144470215	2.8407299518585205	2.1998391151428223	3.83514142036438	4.084056854248047	0.0	0.0	0.0	0.0	0.0	2.703186273574829	0.0	4.18513822555542	0.0	0.0	0.0	5.343883514404297	0.0	3.2428646087646484	0.0	4.728316783905029	3.8972339630126953	0.0	0.0	0.0	2.8866560459136963	0.0	0.0	0.0	0.0	0.0	0.0	0.0	3.1137940883636475	0.0	0.0	0.0	0.0	0.0	0.0	0.0	0.0	0.0	0.0	0.0	4.829489231109619	0.0	0.0	0.0	0.0	0.0	0.0	0.0	4.78993034362793	3.992067813873291	3.5531935691833496	0.0	0.0	0.0	0.0	4.099593162536621	0.0	0.0	0.0	0.0	0.0	0.0	0.0	2.2128214836120605	3.6412723064422607	0.0	5.786123275756836	3.984267234802246	3.26839017868042	0.0	0.0	3.766730546951294	0.0	0.0	0.0	0.0	0.0	0.0	0.0	0.0	3.2905404567718506	0.0	0.0	0.0	0.0	2.80588698387146
4.4875640869140625	0.0	0.0	0.0	5.501217842102051	0.0	5.93426513671875	0.0	0.0	0.0	0.0	0.0	0.0	0.0	0.0	0.0	3.5792577266693115	2.398064136505127	0.0	0.0	0.0	1.954053282737732	0.0	0.0	2.6566085815429688	3.8817789554595947	0.0	0.0	0.0	0.0	2.8167548179626465	2.248972177505493	0.0	2.373718738555908	3.145007371902466	4.982938766479492	0.0	7.001122951507568	2.8357462882995605	2.1961982250213623	3.8288888931274414	4.07843542098999	0.0	0.0	0.0	0.0	0.0	2.699497938156128	0.0	4.177966594696045	0.0	0.0	0.0	5.336122035980225	0.0	3.2388741970062256	0.0	4.721838474273682	3.8914005756378174	0.0	0.0	0.0	2.8818318843841553	0.0	0.0	0.0	0.0	0.0	0.0	0.0	3.107198715209961	0.0	0.0	0.0	0.0	0.0	0.0	0.0	0.0	0.0	0.0	0.0	4.821531295776367	0.0	0.0	0.0	0.0	0.0	0.0	0.0	4.783475875854492	3.9845480918884277	3.5468990802764893	0.0	0.0	0.0	0.0	4.092398166656494	0.0	0.0	0.0	0.0	0.0	0.0	0.0	2.2090940475463867	3.6351633071899414	0.0	5.776132106781006	3.977468490600586	3.263758659362793	0.0	0.0	3.759956121444702	0.0	0.0	0.0	0.0	0.0	0.0	0.0	0.0	3.285107374191284	0.0	0.0	0.0	0.0	2.8005523681640625
4.4973626136779785	0.0	0.0	0.0	5.511099338531494	0.0	5.945499897003174	0.0	0.0	0.0	0.0	0.0	0.0	0.0	0.0	0.0	3.5863728523254395	2.401660919189453	0.0	0.0	0.0	1.957846999168396	0.0	0.0	2.6613738536834717	3.88940691947937	0.0	0.0	0.0	0.0	2.822359800338745	2.253772497177124	0.0	2.3785297870635986	3.1514699459075928	4.994198322296143	0.0	7.01540994644165	2.8410122394561768	2.200594186782837	3.836639881134033	4.086799144744873	0.0	0.0	0.0	0.0	0.0	2.7048707008361816	0.0	4.188082695007324	0.0	0.0	0.0	5.34629487991333	0.0	3.24409556388855	0.0	4.730732440948486	3.8990790843963623	0.0	0.0	0.0	2.887322187423706	0.0	0.0	0.0	0.0	0.0	0.0	0.0	3.1146152019500732	0.0	0.0	0.0	0.0	0.0	0.0	0.0	0.0	0.0	0.0	0.0	4.83079719543457	0.0	0.0	0.0	0.0	0.0	0.0	0.0	4.791227340698242	3.994601011276245	3.5546021461486816	0.0	0.0	0.0	0.0	4.1011762619018555	0.0	0.0	0.0	0.0	0.0	0.0	0.0	2.2146201133728027	3.6435048580169678	0.0	5.78801965713501	3.9863088130950928	3.269636869430542	0.0	0.0	3.7680535316467285	0.0	0.0	0.0	0.0	0.0	0.0	0.0	0.0	3.2915663719177246	0.0	0.0	0.0	0.0	2.808143138885498
4.494646072387695	0.0	0.0	0.0	5.508388996124268	0.0	5.941534519195557	0.0	0.0	0.0	0.0	0.0	0.0	0.0	0.0	0.0	3.584169626235962	2.400655508041382	0.0	0.0	0.0	1.9552655220031738	0.0	0.0	2.6600849628448486	3.8868296146392822	0.0	0.0	0.0	0.0	2.82033634185791	2.251041889190674	0.0	2.376563310623169	3.1500985622406006	4.989534854888916	0.0	7.009981155395508	2.8399817943573	2.199601411819458	3.8341550827026367	4.083258152008057	0.0	0.0	0.0	0.0	0.0	2.70220685005188	0.0	4.184847354888916	0.0	0.0	0.0	5.3421244621276855	0.0	3.2422351837158203	0.0	4.726113319396973	3.8949291706085205	0.0	0.0	0.0	2.8861117362976074	0.0	0.0	0.0	0.0	0.0	0.0	0.0	3.1130523681640625	0.0	0.0	0.0	0.0	0.0	0.0	0.0	0.0	0.0	0.0	0.0	4.827334880828857	0.0	0.0	0.0	0.0	0.0	0.0	0.0	4.788778305053711	3.9915359020233154	3.5518014430999756	0.0	0.0	0.0	0.0	4.096880912780762	0.0	0.0	0.0	0.0	0.0	0.0	0.0	2.2122321128845215	3.6393909454345703	0.0	5.783936500549316	3.983065366744995	3.267714262008667	0.0	0.0	3.7663824558258057	0.0	0.0	0.0	0.0	0.0	0.0	0.0	0.0	3.2899718284606934	0.0	0.0	0.0	0.0	2.804772138595581
4.496644020080566	0.0	0.0	0.0	5.511171817779541	0.0	5.9452714920043945	0.0	0.0	0.0	0.0	0.0	0.0	0.0	0.0	0.0	3.585421562194824	2.402559757232666	0.0	0.0	0.0	1.9570348262786865	0.0	0.0	2.661532163619995	3.889430046081543	0.0	0.0	0.0	0.0	2.821561336517334	2.253445625305176	0.0	2.3777036666870117	3.150198221206665	4.99347448348999	0.0	7.015070915222168	2.8414008617401123	2.2014451026916504	3.8364882469177246	4.08583402633667	0.0	0.0	0.0	0.0	0.0	2.704869508743286	0.0	4.186654567718506	0.0	0.0	0.0	5.345964431762695	0.0	3.244567394256592	0.0	4.730140209197998	3.8993465900421143	0.0	0.0	0.0	2.8871238231658936	0.0	0.0	0.0	0.0	0.0	0.0	0.0	3.113905906677246	0.0	0.0	0.0	0.0	0.0	0.0	0.0	0.0	0.0	0.0	0.0	4.830321311950684	0.0	0.0	0.0	0.0	0.0	0.0	0.0	4.792189121246338	3.9930660724639893	3.5545737743377686	0.0	0.0	0.0	0.0	4.100055694580078	0.0	0.0	0.0	0.0	0.0	0.0	0.0	2.213186025619507	3.6425893306732178	0.0	5.787969589233398	3.9863121509552	3.2689075469970703	0.0	0.0	3.768301010131836	0.0	0.0	0.0	0.0	0.0	0.0	0.0	0.0	3.2906322479248047	0.0	0.0	0.0	0.0	2.8066391944885254
4.494566917419434	0.0	0.0	0.0	5.507786273956299	0.0	5.9412522315979	0.0	0.0	0.0	0.0	0.0	0.0	0.0	0.0	0.0	3.5842397212982178	2.400601387023926	0.0	0.0	0.0	1.9571325778961182	0.0	0.0	2.66020131111145	3.8868296146392822	0.0	0.0	0.0	0.0	2.821033239364624	2.252004861831665	0.0	2.377020835876465	3.1494059562683105	4.991318225860596	0.0	7.010733604431152	2.83964467048645	2.1993935108184814	3.834040403366089	4.08357572555542	0.0	0.0	0.0	0.0	0.0	2.702709436416626	0.0	4.183596134185791	0.0	0.0	0.0	5.343358516693115	0.0	3.2426178455352783	0.0	4.726649284362793	3.8960278034210205	0.0	0.0	0.0	2.885253667831421	0.0	0.0	0.0	0.0	0.0	0.0	0.0	3.1123151779174805	0.0	0.0	0.0	0.0	0.0	0.0	0.0	0.0	0.0	0.0	0.0	4.827120780944824	0.0	0.0	0.0	0.0	0.0	0.0	0.0	4.78890323638916	3.9911530017852783	3.5519790649414062	0.0	0.0	0.0	0.0	4.098891258239746	0.0	0.0	0.0	0.0	0.0	0.0	0.0	2.2128424644470215	3.640925884246826	0.0	5.784243106842041	3.983851194381714	3.267364740371704	0.0	0.0	3.7664546966552734	0.0	0.0	0.0	0.0	0.0	0.0	0.0	0.0	3.289383888244629	0.0	0.0	0.0	0.0	2.8049099445343018
4.493893623352051	0.0	0.0	0.0	5.508040904998779	0.0	5.9413981437683105	0.0	0.0	0.0	0.0	0.0	0.0	0.0	0.0	0.0	3.5828471183776855	2.399595022201538	0.0	0.0	0.0	1.9556821584701538	0.0	0.0	2.6603028774261475	3.8861756324768066	0.0	0.0	0.0	0.0	2.819765329360962	2.2527034282684326	0.0	2.37566876411438	3.148189067840576	4.990124702453613	0.0	7.010249614715576	2.8393394947052	2.199070692062378	3.8335397243499756	4.082718372344971	0.0	0.0	0.0	0.0	0.0	2.70251727104187	0.0	4.184094429016113	0.0	0.0	0.0	5.341949462890625	0.0	3.2421867847442627	0.0	4.72606086730957	3.8955907821655273	0.0	0.0	0.0	2.885361671447754	0.0	0.0	0.0	0.0	0.0	0.0	0.0	3.1122751235961914	0.0	0.0	0.0	0.0	0.0	0.0	0.0	0.0	0.0	0.0	0.0	4.826502799987793	0.0	0.0	0.0	0.0	0.0	0.0	0.0	4.787613391876221	3.989800453186035	3.5522305965423584	0.0	0.0	0.0	0.0	4.096968173980713	0.0	0.0	0.0	0.0	0.0	0.0	0.0	2.213104486465454	3.63946795463562	0.0	5.783417224884033	3.983171224594116	3.2670605182647705	0.0	0.0	3.7654404640197754	0.0	0.0	0.0	0.0	0.0	0.0	0.0	0.0	3.2885055541992188	0.0	0.0	0.0	0.0	2.804922342300415
4.49365758895874	0.0	0.0	0.0	5.508012771606445	0.0	5.9408650398254395	0.0	0.0	0.0	0.0	0.0	0.0	0.0	0.0	0.0	3.58231520652771	2.400343179702759	0.0	0.0	0.0	1.9573794603347778	0.0	0.0	2.6600725650787354	3.8862357139587402	0.0	0.0	0.0	0.0	2.820124387741089	2.253000259399414	0.0	2.376870632171631	3.148334503173828	4.989043712615967	0.0	7.01007080078125	2.838880777359009	2.199389934539795	3.8336753845214844	4.081522464752197	0.0	0.0	0.0	0.0	0.0	2.7019400596618652	0.0	4.1834869384765625	0.0	0.0	0.0	5.342384338378906	0.0	3.242295503616333	0.0	4.72694730758667	3.89483380317688	0.0	0.0	0.0	2.8851521015167236	0.0	0.0	0.0	0.0	0.0	0.0	0.0	3.111943483352661	0.0	0.0	0.0	0.0	0.0	0.0	0.0	0.0	0.0	0.0	0.0	4.827332496643066	0.0	0.0	0.0	0.0	0.0	0.0	0.0	4.787506580352783	3.9896903038024902	3.5516512393951416	0.0	0.0	0.0	0.0	4.0975799560546875	0.0	0.0	0.0	0.0	0.0	0.0	0.0	2.21264910697937	3.6402370929718018	0.0	5.782859802246094	3.982698678970337	3.2662136554718018	0.0	0.0	3.76572847366333	0.0	0.0	0.0	0.0	0.0	0.0	0.0	0.0	3.2893848419189453	0.0	0.0	0.0	0.0	2.8044469356536865
4.496860980987549	0.0	0.0	0.0	5.51075553894043	0.0	5.944792747497559	0.0	0.0	0.0	0.0	0.0	0.0	0.0	0.0	0.0	3.5858051776885986	2.4021263122558594	0.0	0.0	0.0	1.9573527574539185	0.0	0.0	2.661527395248413	3.888975143432617	0.0	0.0	0.0	0.0	2.8217384815216064	2.253628730773926	0.0	2.3780455589294434	3.1509268283843994	4.9929046630859375	0.0	7.014866828918457	2.840717077255249	2.1997945308685303	3.8350331783294678	4.084498405456543	0.0	0.0	0.0	0.0	0.0	2.703678846359253	0.0	4.185948848724365	0.0	0.0	0.0	5.345656394958496	0.0	3.2433416843414307	0.0	4.730279922485352	3.8972601890563965	0.0	0.0	0.0	2.887126922607422	0.0	0.0	0.0	0.0	0.0	0.0	0.0	3.113812208175659	0.0	0.0	0.0	0.0	0.0	0.0	0.0	0.0	0.0	0.0	0.0	4.829636096954346	0.0	0.0	0.0	0.0	0.0	0.0	0.0	4.791255474090576	3.9925732612609863	3.55417799949646	0.0	0.0	0.0	0.0	4.10021448135376	0.0	0.0	0.0	0.0	0.0	0.0	0.0	2.213329792022705	3.640765905380249	0.0	5.787591934204102	3.9850010871887207	3.269498586654663	0.0	0.0	3.7675342559814453	0.0	0.0	0.0	0.0	0.0	0.0	0.0	0.0	3.2908847332000732	0.0	0.0	0.0	0.0	2.806580066680908
4.4985198974609375	0.0	0.0	0.0	5.513085842132568	0.0	5.946953296661377	0.0	0.0	0.0	0.0	0.0	0.0	0.0	0.0	0.0	3.587217330932617	2.4016265869140625	0.0	0.0	0.0	1.958773136138916	0.0	0.0	2.6634714603424072	3.8904309272766113	0.0	0.0	0.0	0.0	2.823296546936035	2.254460096359253	0.0	2.3780508041381836	3.1519434452056885	4.995419979095459	0.0	7.0165605545043945	2.842417001724243	2.2023003101348877	3.83752703666687	4.0867204666137695	0.0	0.0	0.0	0.0	0.0	2.7061052322387695	0.0	4.189055442810059	0.0	0.0	0.0	5.348335266113281	0.0	3.2452967166900635	0.0	4.7315850257873535	3.899113655090332	0.0	0.0	0.0	2.8877673149108887	0.0	0.0	0.0	0.0	0.0	0.0	0.0	3.1155166625976562	0.0	0.0	0.0	0.0	0.0	0.0	0.0	0.0	0.0	0.0	0.0	4.83256721496582	0.0	0.0	0.0	0.0	0.0	0.0	0.0	4.793759346008301	3.9949839115142822	3.555119752883911	0.0	0.0	0.0	0.0	4.101695537567139	0.0	0.0	0.0	0.0	0.0	0.0	0.0	2.2146570682525635	3.643843173980713	0.0	5.789493083953857	3.9873058795928955	3.2702040672302246	0.0	0.0	3.7694315910339355	0.0	0.0	0.0	0.0	0.0	0.0	0.0	0.0	3.2922627925872803	0.0	0.0	0.0	0.0	2.8083200454711914
4.497118949890137	0.0	0.0	0.0	5.510580062866211	0.0	5.942103862762451	0.0	0.0	0.0	0.0	0.0	0.0	0.0	0.0	0.0	3.586560010910034	2.400113821029663	0.0	0.0	0.0	1.9562393426895142	0.0	0.0	2.6626012325286865	3.8881924152374268	0.0	0.0	0.0	0.0	2.8231799602508545	2.254016637802124	0.0	2.3767716884613037	3.1511476039886475	4.993116855621338	0.0	7.012434005737305	2.840996026992798	2.201456069946289	3.836505651473999	4.084837913513184	0.0	0.0	0.0	0.0	0.0	2.7047266960144043	0.0	4.1874237060546875	0.0	0.0	0.0	5.345137596130371	0.0	3.242159128189087	0.0	4.727414131164551	3.896522045135498	0.0	0.0	0.0	2.885446310043335	0.0	0.0	0.0	0.0	0.0	0.0	0.0	3.113896369934082	0.0	0.0	0.0	0.0	0.0	0.0	0.0	0.0	0.0	0.0	0.0	4.829460620880127	0.0	0.0	0.0	0.0	0.0	0.0	0.0	4.790195465087891	3.9944567680358887	3.553664445877075	0.0	0.0	0.0	0.0	4.099050045013428	0.0	0.0	0.0	0.0	0.0	0.0	0.0	2.21386456489563	3.642505645751953	0.0	5.787054061889648	3.9855451583862305	3.267897367477417	0.0	0.0	3.7665600776672363	0.0	0.0	0.0	0.0	0.0	0.0	0.0	0.0	3.291409969329834	0.0	0.0	0.0	0.0	2.8068435192108154
4.497860431671143	0.0	0.0	0.0	5.51188325881958	0.0	5.945394039154053	0.0	0.0	0.0	0.0	0.0	0.0	0.0	0.0	0.0	3.5865957736968994	2.4023072719573975	0.0	0.0	0.0	1.9573248624801636	0.0	0.0	2.6623966693878174	3.888826847076416	0.0	0.0	0.0	0.0	2.8228001594543457	2.2546327114105225	0.0	2.377861261367798	3.1509504318237305	4.992753982543945	0.0	7.014989376068115	2.841778039932251	2.20180082321167	3.8366081714630127	4.085900783538818	0.0	0.0	0.0	0.0	0.0	2.704723358154297	0.0	4.18760347366333	0.0	0.0	0.0	5.346136569976807	0.0	3.2442941665649414	0.0	4.729832172393799	3.8983359336853027	0.0	0.0	0.0	2.8866262435913086	0.0	0.0	0.0	0.0	0.0	0.0	0.0	3.114260196685791	0.0	0.0	0.0	0.0	0.0	0.0	0.0	0.0	0.0	0.0	0.0	4.830417156219482	0.0	0.0	0.0	0.0	0.0	0.0	0.0	4.792352199554443	3.9936904907226562	3.554246187210083	0.0	0.0	0.0	0.0	4.100211143493652	0.0	0.0	0.0	0.0	0.0	0.0	0.0	2.213810443878174	3.642493963241577	0.0	5.788331031799316	3.986041307449341	3.2698192596435547	0.0	0.0	3.7691493034362793	0.0	0.0	0.0	0.0	0.0	0.0	0.0	0.0	3.291708469390869	0.0	0.0	0.0	0.0	2.807633876800537
4.499459266662598	0.0	0.0	0.0	5.5128092765808105	0.0	5.944492816925049	0.0	0.0	0.0	0.0	0.0	0.0	0.0	0.0	0.0	3.5874321460723877	2.400963068008423	0.0	0.0	0.0	1.9575510025024414	0.0	0.0	2.6627278327941895	3.889549970626831	0.0	0.0	0.0	0.0	2.824376106262207	2.25517201423645	0.0	2.3775720596313477	3.152134895324707	4.995254039764404	0.0	7.0147480964660645	2.8422415256500244	2.203387498855591	3.83756685256958	4.086904525756836	0.0	0.0	0.0	0.0	0.0	2.707181453704834	0.0	4.189282417297363	0.0	0.0	0.0	5.347244739532471	0.0	3.2434465885162354	0.0	4.730400562286377	3.8982090950012207	0.0	0.0	0.0	2.8858559131622314	0.0	0.0	0.0	0.0	0.0	0.0	0.0	3.1163089275360107	0.0	0.0	0.0	0.0	0.0	0.0	0.0	0.0	0.0	0.0	0.0	4.831389427185059	0.0	0.0	0.0	0.0	0.0	0.0	0.0	4.7923383712768555	3.9968814849853516	3.5548043251037598	0.0	0.0	0.0	0.0	4.100627422332764	0.0	0.0	0.0	0.0	0.0	0.0	0.0	2.2152745723724365	3.6442198753356934	0.0	5.789761543273926	3.987118721008301	3.2685060501098633	0.0	0.0	3.7682974338531494	0.0	0.0	0.0	0.0	0.0	0.0	0.0	0.0	3.2928216457366943	0.0	0.0	0.0	0.0	2.808133840560913
4.472392559051514	0.0	0.0	0.0	5.48030424118042	0.0	5.912968158721924	0.0	0.0	0.0	0.0	0.0	0.0	0.0	0.0	0.0	3.565232992172241	2.3872814178466797	0.0	0.0	0.0	1.9477843046188354	0.0	0.0	2.647329330444336	3.868480682373047	0.0	0.0	0.0	0.0	2.8060150146484375	2.2395052909851074	0.0	2.3650693893432617	3.132758617401123	4.964542865753174	0.0	6.973867893218994	2.825979232788086	2.189760446548462	3.8151333332061768	4.06098747253418	0.0	0.0	0.0	0.0	0.0	2.6906423568725586	0.0	4.165309429168701	0.0	0.0	0.0	5.316185474395752	0.0	3.226217269897461	0.0	4.70571756362915	3.8750510215759277	0.0	0.0	0.0	2.8716979026794434	0.0	0.0	0.0	0.0	0.0	0.0	0.0	3.097036361694336	0.0	0.0	0.0	0.0	0.0	0.0	0.0	0.0	0.0	0.0	0.0	4.805464267730713	0.0	0.0	0.0	0.0	0.0	0.0	0.0	4.763669967651367	3.9715898036956787	3.5324223041534424	0.0	0.0	0.0	0.0	4.07876443862915	0.0	0.0	0.0	0.0	0.0	0.0	0.0	2.199472665786743	3.6225175857543945	0.0	5.755964756011963	3.961317300796509	3.250338315963745	0.0	0.0	3.74419903755188	0.0	0.0	0.0	0.0	0.0	0.0	0.0	0.0	3.27453351020813	0.0	0.0	0.0	0.0	2.7913243770599365
4.493823528289795	0.0	0.0	0.0	5.50756311416626	0.0	5.941476821899414	0.0	0.0	0.0	0.0	0.0	0.0	0.0	0.0	0.0	3.5832629203796387	2.400672674179077	0.0	0.0	0.0	1.9569268226623535	0.0	0.0	2.6601381301879883	3.887446165084839	0.0	0.0	0.0	0.0	2.8207852840423584	2.252254009246826	0.0	2.377667188644409	3.1488876342773438	4.990606307983398	0.0	7.0114054679870605	2.839331865310669	2.1988182067871094	3.8335464000701904	4.083189487457275	0.0	0.0	0.0	0.0	0.0	2.7024662494659424	0.0	4.183830738067627	0.0	0.0	0.0	5.342826843261719	0.0	3.242368221282959	0.0	4.727171421051025	3.896512746810913	0.0	0.0	0.0	2.8848063945770264	0.0	0.0	0.0	0.0	0.0	0.0	0.0	3.112170696258545	0.0	0.0	0.0	0.0	0.0	0.0	0.0	0.0	0.0	0.0	0.0	4.827768802642822	0.0	0.0	0.0	0.0	0.0	0.0	0.0	4.788654327392578	3.9898569583892822	3.5521483421325684	0.0	0.0	0.0	0.0	4.098001480102539	0.0	0.0	0.0	0.0	0.0	0.0	0.0	2.2118561267852783	3.640047550201416	0.0	5.784090042114258	3.9831275939941406	3.2671828269958496	0.0	0.0	3.7659199237823486	0.0	0.0	0.0	0.0	0.0	0.0	0.0	0.0	3.289288282394409	0.0	0.0	0.0	0.0	2.8052408695220947
4.496576309204102	0.0	0.0	0.0	5.510842800140381	0.0	5.944223403930664	0.0	0.0	0.0	0.0	0.0	0.0	0.0	0.0	0.0	3.585406541824341	2.400664806365967	0.0	0.0	0.0	1.956627368927002	0.0	0.0	2.661046266555786	3.888617992401123	0.0	0.0	0.0	0.0	2.821972608566284	2.252991199493408	0.0	2.3775277137756348	3.1505298614501953	4.991991996765137	0.0	7.01335334777832	2.841573476791382	2.2003536224365234	3.8352229595184326	4.084988117218018	0.0	0.0	0.0	0.0	0.0	2.704026460647583	0.0	4.1865081787109375	0.0	0.0	0.0	5.344862461090088	0.0	3.2434732913970947	0.0	4.7292799949646	3.8972737789154053	0.0	0.0	0.0	2.887129306793213	0.0	0.0	0.0	0.0	0.0	0.0	0.0	3.1142890453338623	0.0	0.0	0.0	0.0	0.0	0.0	0.0	0.0	0.0	0.0	0.0	4.830364227294922	0.0	0.0	0.0	0.0	0.0	0.0	0.0	4.790217399597168	3.9931914806365967	3.553380250930786	0.0	0.0	0.0	0.0	4.0999908447265625	0.0	0.0	0.0	0.0	0.0	0.0	0.0	2.2143940925598145	3.6421639919281006	0.0	5.7866997718811035	3.9850356578826904	3.268401861190796	0.0	0.0	3.7672019004821777	0.0	0.0	0.0	0.0	0.0	0.0	0.0	0.0	3.2909207344055176	0.0	0.0	0.0	0.0	2.8064708709716797
4.491647720336914	0.0	0.0	0.0	5.504602909088135	0.0	5.938354015350342	0.0	0.0	0.0	0.0	0.0	0.0	0.0	0.0	0.0	3.5806643962860107	2.399244785308838	0.0	0.0	0.0	1.955481767654419	0.0	0.0	2.658324718475342	3.8841118812561035	0.0	0.0	0.0	0.0	2.8190701007843018	2.2512855529785156	0.0	2.3749635219573975	3.1470706462860107	4.986725807189941	0.0	7.0071563720703125	2.8368968963623047	2.1985888481140137	3.8315277099609375	4.080933094024658	0.0	0.0	0.0	0.0	0.0	2.701537609100342	0.0	4.181171894073486	0.0	0.0	0.0	5.3401665687561035	0.0	3.2412664890289307	0.0	4.724280834197998	3.8926868438720703	0.0	0.0	0.0	2.883960723876953	0.0	0.0	0.0	0.0	0.0	0.0	0.0	3.110765218734741	0.0	0.0	0.0	0.0	0.0	0.0	0.0	0.0	0.0	0.0	0.0	4.824838638305664	0.0	0.0	0.0	0.0	0.0	0.0	0.0	4.785877704620361	3.9878692626953125	3.5495247840881348	0.0	0.0	0.0	0.0	4.095159530639648	0.0	0.0	0.0	0.0	0.0	0.0	0.0	2.2108635902404785	3.6371686458587646	0.0	5.780223369598389	3.9805445671081543	3.26530385017395	0.0	0.0	3.7636780738830566	0.0	0.0	0.0	0.0	0.0	0.0	0.0	0.0	3.2872133255004883	0.0	0.0	0.0	0.0	2.804893732070923
4.494759559631348	0.0	0.0	0.0	5.508994102478027	0.0	5.942808628082275	0.0	0.0	0.0	0.0	0.0	0.0	0.0	0.0	0.0	3.583587408065796	2.4001097679138184	0.0	0.0	0.0	1.9562597274780273	0.0	0.0	2.6599576473236084	3.887805223464966	0.0	0.0	0.0	0.0	2.821031332015991	2.252610445022583	0.0	2.3773727416992188	3.1484367847442627	4.991617679595947	0.0	7.01054573059082	2.8402504920959473	2.199923038482666	3.834087371826172	4.0838704109191895	0.0	0.0	0.0	0.0	0.0	2.70412278175354	0.0	4.185275554656982	0.0	0.0	0.0	5.343804836273193	0.0	3.2419214248657227	0.0	4.7283244132995605	3.897129535675049	0.0	0.0	0.0	2.886227607727051	0.0	0.0	0.0	0.0	0.0	0.0	0.0	3.112769842147827	0.0	0.0	0.0	0.0	0.0	0.0	0.0	0.0	0.0	0.0	0.0	4.828066349029541	0.0	0.0	0.0	0.0	0.0	0.0	0.0	4.789331436157227	3.991119384765625	3.551853656768799	0.0	0.0	0.0	0.0	4.098762512207031	0.0	0.0	0.0	0.0	0.0	0.0	0.0	2.212536334991455	3.640904664993286	0.0	5.784780979156494	3.983090400695801	3.267522096633911	0.0	0.0	3.765947103500366	0.0	0.0	0.0	0.0	0.0	0.0	0.0	0.0	3.2897799015045166	0.0	0.0	0.0	0.0	2.80548095703125
4.493956089019775	0.0	0.0	0.0	5.506780624389648	0.0	5.940073013305664	0.0	0.0	0.0	0.0	0.0	0.0	0.0	0.0	0.0	3.5835843086242676	2.4002842903137207	0.0	0.0	0.0	1.9571410417556763	0.0	0.0	2.66064453125	3.8859355449676514	0.0	0.0	0.0	0.0	2.821282386779785	2.2525267601013184	0.0	2.3763914108276367	3.1482081413269043	4.990154266357422	0.0	7.007970809936523	2.839583396911621	2.200171947479248	3.8330788612365723	4.08271598815918	0.0	0.0	0.0	0.0	0.0	2.7040419578552246	0.0	4.184257507324219	0.0	0.0	0.0	5.341915130615234	0.0	3.241194725036621	0.0	4.726758003234863	3.8945395946502686	0.0	0.0	0.0	2.8854119777679443	0.0	0.0	0.0	0.0	0.0	0.0	0.0	3.112701654434204	0.0	0.0	0.0	0.0	0.0	0.0	0.0	0.0	0.0	0.0	0.0	4.825540065765381	0.0	0.0	0.0	0.0	0.0	0.0	0.0	4.788051605224609	3.9918055534362793	3.551581859588623	0.0	0.0	0.0	0.0	4.096799373626709	0.0	0.0	0.0	0.0	0.0	0.0	0.0	2.21164608001709	3.638514280319214	0.0	5.7844319343566895	3.9811818599700928	3.266530752182007	0.0	0.0	3.764688014984131	0.0	0.0	0.0	0.0	0.0	0.0	0.0	0.0	3.288423538208008	0.0	0.0	0.0	0.0	2.804368019104004
4.490235805511475	0.0	0.0	0.0	5.503021240234375	0.0	5.93604040145874	0.0	0.0	0.0	0.0	0.0	0.0	0.0	0.0	0.0	3.58026123046875	2.3978993892669678	0.0	0.0	0.0	1.9548367261886597	0.0	0.0	2.6577582359313965	3.8825669288635254	0.0	0.0	0.0	0.0	2.8171775341033936	2.2504868507385254	0.0	2.374424934387207	3.1469476222991943	4.984927177429199	0.0	7.004173278808594	2.8367600440979004	2.1969354152679443	3.829901933670044	4.078666687011719	0.0	0.0	0.0	0.0	0.0	2.7007486820220947	0.0	4.180471897125244	0.0	0.0	0.0	5.3369598388671875	0.0	3.238860845565796	0.0	4.72167444229126	3.891671895980835	0.0	0.0	0.0	2.883331060409546	0.0	0.0	0.0	0.0	0.0	0.0	0.0	3.1084768772125244	0.0	0.0	0.0	0.0	0.0	0.0	0.0	0.0	0.0	0.0	0.0	4.822929382324219	0.0	0.0	0.0	0.0	0.0	0.0	0.0	4.783451080322266	3.987523317337036	3.5483059883117676	0.0	0.0	0.0	0.0	4.094051837921143	0.0	0.0	0.0	0.0	0.0	0.0	0.0	2.2100260257720947	3.6358726024627686	0.0	5.778926372528076	3.978192090988159	3.26328182220459	0.0	0.0	3.7621593475341797	0.0	0.0	0.0	0.0	0.0	0.0	0.0	0.0	3.2865068912506104	0.0	0.0	0.0	0.0	2.8031787872314453
4.484628677368164	0.0	0.0	0.0	5.497053146362305	0.0	5.929856300354004	0.0	0.0	0.0	0.0	0.0	0.0	0.0	0.0	0.0	3.575770139694214	2.397010326385498	0.0	0.0	0.0	1.9537365436553955	0.0	0.0	2.6538469791412354	3.8802709579467773	0.0	0.0	0.0	0.0	2.8151164054870605	2.2485034465789795	0.0	2.371460199356079	3.1420533657073975	4.980899810791016	0.0	6.998176574707031	2.8328208923339844	2.1939632892608643	3.8265163898468018	4.0744147300720215	0.0	0.0	0.0	0.0	0.0	2.69569993019104	0.0	4.175991058349609	0.0	0.0	0.0	5.332683086395264	0.0	3.2366769313812256	0.0	4.718119144439697	3.8888604640960693	0.0	0.0	0.0	2.879415988922119	0.0	0.0	0.0	0.0	0.0	0.0	0.0	3.1051247119903564	0.0	0.0	0.0	0.0	0.0	0.0	0.0	0.0	0.0	0.0	0.0	4.818769931793213	0.0	0.0	0.0	0.0	0.0	0.0	0.0	4.779994964599609	3.9823906421661377	3.545034170150757	0.0	0.0	0.0	0.0	4.089326858520508	0.0	0.0	0.0	0.0	0.0	0.0	0.0	2.2082371711730957	3.6319522857666016	0.0	5.772067546844482	3.9746389389038086	3.2595276832580566	0.0	0.0	3.757869005203247	0.0	0.0	0.0	0.0	0.0	0.0	0.0	0.0	3.2814855575561523	0.0	0.0	0.0	0.0	2.7988674640655518
4.49370002746582	0.0	0.0	0.0	5.509042739868164	0.0	5.941982746124268	0.0	0.0	0.0	0.0	0.0	0.0	0.0	0.0	0.0	3.5841643810272217	2.4004592895507812	0.0	0.0	0.0	1.9570469856262207	0.0	0.0	2.660677671432495	3.8863110542297363	0.0	0.0	0.0	0.0	2.820258617401123	2.2535228729248047	0.0	2.3768365383148193	3.1489522457122803	4.990834712982178	0.0	7.010992050170898	2.8398776054382324	2.2001452445983887	3.834916591644287	4.082968235015869	0.0	0.0	0.0	0.0	0.0	2.703693151473999	0.0	4.183313369750977	0.0	0.0	0.0	5.343987941741943	0.0	3.243335723876953	0.0	4.727997303009033	3.8961451053619385	0.0	0.0	0.0	2.8863563537597656	0.0	0.0	0.0	0.0	0.0	0.0	0.0	3.111661434173584	0.0	0.0	0.0	0.0	0.0	0.0	0.0	0.0	0.0	0.0	0.0	4.828653812408447	0.0	0.0	0.0	0.0	0.0	0.0	0.0	4.78925085067749	3.991076707839966	3.5521767139434814	0.0	0.0	0.0	0.0	4.098145008087158	0.0	0.0	0.0	0.0	0.0	0.0	0.0	2.212820529937744	3.640441417694092	0.0	5.784567832946777	3.984503984451294	3.267577886581421	0.0	0.0	3.7654130458831787	0.0	0.0	0.0	0.0	0.0	0.0	0.0	0.0	3.289696455001831	0.0	0.0	0.0	0.0	2.805175542831421
4.493366718292236	0.0	0.0	0.0	5.506048679351807	0.0	5.939789295196533	0.0	0.0	0.0	0.0	0.0	0.0	0.0	0.0	0.0	3.582056760787964	2.3996574878692627	0.0	0.0	0.0	1.9560089111328125	0.0	0.0	2.6594979763031006	3.8855743408203125	0.0	0.0	0.0	0.0	2.8204362392425537	2.2523210048675537	0.0	2.3758883476257324	3.148503541946411	4.989890098571777	0.0	7.008490085601807	2.8389508724212646	2.1984782218933105	3.832698106765747	4.081456661224365	0.0	0.0	0.0	0.0	0.0	2.701847553253174	0.0	4.182567119598389	0.0	0.0	0.0	5.341689586639404	0.0	3.2422313690185547	0.0	4.724939346313477	3.894904375076294	0.0	0.0	0.0	2.8841755390167236	0.0	0.0	0.0	0.0	0.0	0.0	0.0	3.1115846633911133	0.0	0.0	0.0	0.0	0.0	0.0	0.0	0.0	0.0	0.0	0.0	4.827437877655029	0.0	0.0	0.0	0.0	0.0	0.0	0.0	4.78772497177124	3.9896724224090576	3.5520198345184326	0.0	0.0	0.0	0.0	4.097397327423096	0.0	0.0	0.0	0.0	0.0	0.0	0.0	2.2114219665527344	3.638646364212036	0.0	5.78250789642334	3.9822514057159424	3.2659659385681152	0.0	0.0	3.765316963195801	0.0	0.0	0.0	0.0	0.0	0.0	0.0	0.0	3.288172483444214	0.0	0.0	0.0	0.0	2.80478572845459
4.494538307189941	0.0	0.0	0.0	5.509315490722656	0.0	5.941371440887451	0.0	0.0	0.0	0.0	0.0	0.0	0.0	0.0	0.0	3.5843544006347656	2.3993759155273438	0.0	0.0	0.0	1.9555120468139648	0.0	0.0	2.659613609313965	3.8868749141693115	0.0	0.0	0.0	0.0	2.8208398818969727	2.25319242477417	0.0	2.3766655921936035	3.149104118347168	4.990428447723389	0.0	7.010357856750488	2.8404135704040527	2.2000763416290283	3.834113597869873	4.083250522613525	0.0	0.0	0.0	0.0	0.0	2.702345848083496	0.0	4.185512542724609	0.0	0.0	0.0	5.342721462249756	0.0	3.241727828979492	0.0	4.727006435394287	3.8957631587982178	0.0	0.0	0.0	2.884355306625366	0.0	0.0	0.0	0.0	0.0	0.0	0.0	3.11265230178833	0.0	0.0	0.0	0.0	0.0	0.0	0.0	0.0	0.0	0.0	0.0	4.827686309814453	0.0	0.0	0.0	0.0	0.0	0.0	0.0	4.787890434265137	3.991276979446411	3.5527684688568115	0.0	0.0	0.0	0.0	4.098263740539551	0.0	0.0	0.0	0.0	0.0	0.0	0.0	2.212245225906372	3.64107346534729	0.0	5.7844085693359375	3.9840657711029053	3.267043113708496	0.0	0.0	3.766140937805176	0.0	0.0	0.0	0.0	0.0	0.0	0.0	0.0	3.2891037464141846	0.0	0.0	0.0	0.0	2.805238962173462
4.49753999710083	0.0	0.0	0.0	5.5105485916137695	0.0	5.942111968994141	0.0	0.0	0.0	0.0	0.0	0.0	0.0	0.0	0.0	3.585805654525757	2.4007623195648193	0.0	0.0	0.0	1.9567753076553345	0.0	0.0	2.660983085632324	3.88785457611084	0.0	0.0	0.0	0.0	2.821887254714966	2.253967761993408	0.0	2.3769562244415283	3.151050567626953	4.992564678192139	0.0	7.012564659118652	2.8412959575653076	2.201507568359375	3.8359570503234863	4.084406852722168	0.0	0.0	0.0	0.0	0.0	2.704509735107422	0.0	4.1866326332092285	0.0	0.0	0.0	5.344571590423584	0.0	3.2429046630859375	0.0	4.728593349456787	3.8969666957855225	0.0	0.0	0.0	2.886491298675537	0.0	0.0	0.0	0.0	0.0	0.0	0.0	3.114551067352295	0.0	0.0	0.0	0.0	0.0	0.0	0.0	0.0	0.0	0.0	0.0	4.82973051071167	0.0	0.0	0.0	0.0	0.0	0.0	0.0	4.7906904220581055	3.9940402507781982	3.554316997528076	0.0	0.0	0.0	0.0	4.0995564460754395	0.0	0.0	0.0	0.0	0.0	0.0	0.0	2.213648557662964	3.6430208683013916	0.0	5.787588596343994	3.9860081672668457	3.2678658962249756	0.0	0.0	3.7679896354675293	0.0	0.0	0.0	0.0	0.0	0.0	0.0	0.0	3.290219306945801	0.0	0.0	0.0	0.0	2.807485342025757
4.48438835144043	0.0	0.0	0.0	5.496333122253418	0.0	5.929340839385986	0.0	0.0	0.0	0.0	0.0	0.0	0.0	0.0	0.0	3.5736443996429443	2.3961942195892334	0.0	0.0	0.0	1.9530422687530518	0.0	0.0	2.654477834701538	3.8779258728027344	0.0	0.0	0.0	0.0	2.8144924640655518	2.2492594718933105	0.0	2.371192216873169	3.1418516635894775	4.979693412780762	0.0	6.996940612792969	2.8339755535125732	2.1947689056396484	3.8260228633880615	4.074916362762451	0.0	0.0	0.0	0.0	0.0	2.6970808506011963	0.0	4.174626350402832	0.0	0.0	0.0	5.330835342407227	0.0	3.23628306388855	0.0	4.717574596405029	3.88727068901062	0.0	0.0	0.0	2.8800089359283447	0.0	0.0	0.0	0.0	0.0	0.0	0.0	3.104454278945923	0.0	0.0	0.0	0.0	0.0	0.0	0.0	0.0	0.0	0.0	0.0	4.8178887367248535	0.0	0.0	0.0	0.0	0.0	0.0	0.0	4.778320789337158	3.982064723968506	3.5442450046539307	0.0	0.0	0.0	0.0	4.0895094871521	0.0	0.0	0.0	0.0	0.0	0.0	0.0	2.2088356018066406	3.632120370864868	0.0	5.769923210144043	3.975126028060913	3.2599525451660156	0.0	0.0	3.7573649883270264	0.0	0.0	0.0	0.0	0.0	0.0	0.0	0.0	3.282858371734619	0.0	0.0	0.0	0.0	2.7991957664489746
4.494024753570557	0.0	0.0	0.0	5.507810115814209	0.0	5.940730571746826	0.0	0.0	0.0	0.0	0.0	0.0	0.0	0.0	0.0	3.583207607269287	2.399829387664795	0.0	0.0	0.0	1.9568051099777222	0.0	0.0	2.658860445022583	3.885922908782959	0.0	0.0	0.0	0.0	2.8195388317108154	2.2526650428771973	0.0	2.3762898445129395	3.148803472518921	4.988811492919922	0.0	7.00960111618042	2.8390119075775146	2.198624849319458	3.8327443599700928	4.082218170166016	0.0	0.0	0.0	0.0	0.0	2.7022454738616943	0.0	4.182876110076904	0.0	0.0	0.0	5.341891288757324	0.0	3.242466449737549	0.0	4.726322174072266	3.8945212364196777	0.0	0.0	0.0	2.884824275970459	0.0	0.0	0.0	0.0	0.0	0.0	0.0	3.1123263835906982	0.0	0.0	0.0	0.0	0.0	0.0	0.0	0.0	0.0	0.0	0.0	4.826906681060791	0.0	0.0	0.0	0.0	0.0	0.0	0.0	4.787476062774658	3.989570140838623	3.551438570022583	0.0	0.0	0.0	0.0	4.097452163696289	0.0	0.0	0.0	0.0	0.0	0.0	0.0	2.2124881744384766	3.639169454574585	0.0	5.782536506652832	3.9818692207336426	3.2657642364501953	0.0	0.0	3.765775203704834	0.0	0.0	0.0	0.0	0.0	0.0	0.0	0.0	3.2888078689575195	0.0	0.0	0.0	0.0	2.8059170246124268
4.474947452545166	0.0	0.0	0.0	5.485073089599609	0.0	5.918084621429443	0.0	0.0	0.0	0.0	0.0	0.0	0.0	0.0	0.0	3.5690126419067383	2.390920877456665	0.0	0.0	0.0	1.9487519264221191	0.0	0.0	2.648923635482788	3.8700122833251953	0.0	0.0	0.0	0.0	2.8082845211029053	2.2423691749572754	0.0	2.367605209350586	3.1358442306518555	4.9685282707214355	0.0	6.980528354644775	2.8270370960235596	2.1906919479370117	3.815896511077881	4.067044258117676	0.0	0.0	0.0	0.0	0.0	2.690143346786499	0.0	4.166061878204346	0.0	0.0	0.0	5.319744110107422	0.0	3.2295243740081787	0.0	4.70841646194458	3.8790807723999023	0.0	0.0	0.0	2.873657703399658	0.0	0.0	0.0	0.0	0.0	0.0	0.0	3.099198818206787	0.0	0.0	0.0	0.0	0.0	0.0	0.0	0.0	0.0	0.0	0.0	4.806828498840332	0.0	0.0	0.0	0.0	0.0	0.0	0.0	4.767618656158447	3.9745090007781982	3.5375313758850098	0.0	0.0	0.0	0.0	4.079670429229736	0.0	0.0	0.0	0.0	0.0	0.0	0.0	2.202723264694214	3.625455141067505	0.0	5.7587456703186035	3.966498851776123	3.2541306018829346	0.0	0.0	3.7510483264923096	0.0	0.0	0.0	0.0	0.0	0.0	0.0	0.0	3.275467872619629	0.0	0.0	0.0	0.0	2.7927112579345703
4.4991374015808105	0.0	0.0	0.0	5.513920307159424	0.0	5.946430206298828	0.0	0.0	0.0	0.0	0.0	0.0	0.0	0.0	0.0	3.5880582332611084	2.4025118350982666	0.0	0.0	0.0	1.9576488733291626	0.0	0.0	2.663438558578491	3.8901073932647705	0.0	0.0	0.0	0.0	2.8239126205444336	2.255460739135742	0.0	2.3789961338043213	3.152996301651001	4.996281623840332	0.0	7.016911029815674	2.8430731296539307	2.202894449234009	3.838240623474121	4.087367057800293	0.0	0.0	0.0	0.0	0.0	2.7062525749206543	0.0	4.1895833015441895	0.0	0.0	0.0	5.348503112792969	0.0	3.245347023010254	0.0	4.731302738189697	3.8990893363952637	0.0	0.0	0.0	2.8881800174713135	0.0	0.0	0.0	0.0	0.0	0.0	0.0	3.115478754043579	0.0	0.0	0.0	0.0	0.0	0.0	0.0	0.0	0.0	0.0	0.0	4.832547664642334	0.0	0.0	0.0	0.0	0.0	0.0	0.0	4.793515205383301	3.995757818222046	3.5558109283447266	0.0	0.0	0.0	0.0	4.101974010467529	0.0	0.0	0.0	0.0	0.0	0.0	0.0	2.214996337890625	3.6441447734832764	0.0	5.790615558624268	3.9880218505859375	3.269920587539673	0.0	0.0	3.7698075771331787	0.0	0.0	0.0	0.0	0.0	0.0	0.0	0.0	3.293400526046753	0.0	0.0	0.0	0.0	2.8078086376190186
4.495495319366455	0.0	0.0	0.0	5.509122371673584	0.0	5.943271160125732	0.0	0.0	0.0	0.0	0.0	0.0	0.0	0.0	0.0	3.5850141048431396	2.4007391929626465	0.0	0.0	0.0	1.9564499855041504	0.0	0.0	2.660757064819336	3.88830304145813	0.0	0.0	0.0	0.0	2.821834087371826	2.25295352935791	0.0	2.377423048019409	3.150259256362915	4.991659164428711	0.0	7.0123114585876465	2.840477228164673	2.2009878158569336	3.8346610069274902	4.083782196044922	0.0	0.0	0.0	0.0	0.0	2.704098701477051	0.0	4.186062335968018	0.0	0.0	0.0	5.344524383544922	0.0	3.243114948272705	0.0	4.728385925292969	3.897132396697998	0.0	0.0	0.0	2.886326551437378	0.0	0.0	0.0	0.0	0.0	0.0	0.0	3.1125402450561523	0.0	0.0	0.0	0.0	0.0	0.0	0.0	0.0	0.0	0.0	0.0	4.829219818115234	0.0	0.0	0.0	0.0	0.0	0.0	0.0	4.790094375610352	3.9928336143493652	3.5531270503997803	0.0	0.0	0.0	0.0	4.098690986633301	0.0	0.0	0.0	0.0	0.0	0.0	0.0	2.2129833698272705	3.641403913497925	0.0	5.786178112030029	3.9841156005859375	3.2677698135375977	0.0	0.0	3.766904592514038	0.0	0.0	0.0	0.0	0.0	0.0	0.0	0.0	3.2906315326690674	0.0	0.0	0.0	0.0	2.8058958053588867
4.495455265045166	0.0	0.0	0.0	5.509376049041748	0.0	5.942630767822266	0.0	0.0	0.0	0.0	0.0	0.0	0.0	0.0	0.0	3.5837438106536865	2.400575876235962	0.0	0.0	0.0	1.9559980630874634	0.0	0.0	2.6601357460021973	3.8879618644714355	0.0	0.0	0.0	0.0	2.820878267288208	2.25317645072937	0.0	2.3773913383483887	3.1497223377227783	4.991008758544922	0.0	7.0118327140808105	2.8397512435913086	2.200077772140503	3.834099054336548	4.0833001136779785	0.0	0.0	0.0	0.0	0.0	2.704254150390625	0.0	4.1855387687683105	0.0	0.0	0.0	5.343325614929199	0.0	3.2425591945648193	0.0	4.728142261505127	3.8973593711853027	0.0	0.0	0.0	2.8860819339752197	0.0	0.0	0.0	0.0	0.0	0.0	0.0	3.1122567653656006	0.0	0.0	0.0	0.0	0.0	0.0	0.0	0.0	0.0	0.0	0.0	4.827882766723633	0.0	0.0	0.0	0.0	0.0	0.0	0.0	4.789338111877441	3.9922211170196533	3.552809000015259	0.0	0.0	0.0	0.0	4.098238945007324	0.0	0.0	0.0	0.0	0.0	0.0	0.0	2.212137222290039	3.641139030456543	0.0	5.785006999969482	3.9843339920043945	3.267183303833008	0.0	0.0	3.766817569732666	0.0	0.0	0.0	0.0	0.0	0.0	0.0	0.0	3.290135145187378	0.0	0.0	0.0	0.0	2.8055968284606934
4.497325897216797	0.0	0.0	0.0	5.512001991271973	0.0	5.946155548095703	0.0	0.0	0.0	0.0	0.0	0.0	0.0	0.0	0.0	3.586914300918579	2.402677536010742	0.0	0.0	0.0	1.956682801246643	0.0	0.0	2.661781072616577	3.8896002769470215	0.0	0.0	0.0	0.0	2.8227739334106445	2.254667282104492	0.0	2.378892421722412	3.151703357696533	4.9937052726745605	0.0	7.015681743621826	2.842254877090454	2.2017433643341064	3.8368136882781982	4.085890293121338	0.0	0.0	0.0	0.0	0.0	2.7042667865753174	0.0	4.1866655349731445	0.0	0.0	0.0	5.346614360809326	0.0	3.2447190284729004	0.0	4.7305588722229	3.898582935333252	0.0	0.0	0.0	2.887333869934082	0.0	0.0	0.0	0.0	0.0	0.0	0.0	3.1143057346343994	0.0	0.0	0.0	0.0	0.0	0.0	0.0	0.0	0.0	0.0	0.0	4.83209753036499	0.0	0.0	0.0	0.0	0.0	0.0	0.0	4.792716026306152	3.9936351776123047	3.554694175720215	0.0	0.0	0.0	0.0	4.101548671722412	0.0	0.0	0.0	0.0	0.0	0.0	0.0	2.2141947746276855	3.643195867538452	0.0	5.788319110870361	3.987302780151367	3.2692084312438965	0.0	0.0	3.768728256225586	0.0	0.0	0.0	0.0	0.0	0.0	0.0	0.0	3.2926223278045654	0.0	0.0	0.0	0.0	2.8084146976470947
4.495280742645264	0.0	0.0	0.0	5.509880065917969	0.0	5.943032264709473	0.0	0.0	0.0	0.0	0.0	0.0	0.0	0.0	0.0	3.58457088470459	2.4011356830596924	0.0	0.0	0.0	1.9556676149368286	0.0	0.0	2.6603903770446777	3.8879451751708984	0.0	0.0	0.0	0.0	2.822498321533203	2.2533349990844727	0.0	2.377309799194336	3.149888038635254	4.9928741455078125	0.0	7.011870861053467	2.840832471847534	2.2010698318481445	3.835284471511841	4.083926200866699	0.0	0.0	0.0	0.0	0.0	2.7039594650268555	0.0	4.186172962188721	0.0	0.0	0.0	5.344542980194092	0.0	3.243931770324707	0.0	4.727942943572998	3.8964128494262695	0.0	0.0	0.0	2.8859810829162598	0.0	0.0	0.0	0.0	0.0	0.0	0.0	3.113278388977051	0.0	0.0	0.0	0.0	0.0	0.0	0.0	0.0	0.0	0.0	0.0	4.828678131103516	0.0	0.0	0.0	0.0	0.0	0.0	0.0	4.790526866912842	3.992384910583496	3.5527052879333496	0.0	0.0	0.0	0.0	4.097629070281982	0.0	0.0	0.0	0.0	0.0	0.0	0.0	2.213045597076416	3.641646385192871	0.0	5.785865783691406	3.9839656352996826	3.2681286334991455	0.0	0.0	3.7669010162353516	0.0	0.0	0.0	0.0	0.0	0.0	0.0	0.0	3.2903521060943604	0.0	0.0	0.0	0.0	2.8062362670898438
4.4990925788879395	0.0	0.0	0.0	5.513736248016357	0.0	5.947836875915527	0.0	0.0	0.0	0.0	0.0	0.0	0.0	0.0	0.0	3.58650279045105	2.402675151824951	0.0	0.0	0.0	1.958708643913269	0.0	0.0	2.6625852584838867	3.891221523284912	0.0	0.0	0.0	0.0	2.823627233505249	2.2552719116210938	0.0	2.3793182373046875	3.153365135192871	4.995333671569824	0.0	7.017980098724365	2.8430240154266357	2.2023098468780518	3.8381998538970947	4.086609363555908	0.0	0.0	0.0	0.0	0.0	2.7053699493408203	0.0	4.189133644104004	0.0	0.0	0.0	5.3481903076171875	0.0	3.2461702823638916	0.0	4.731780529022217	3.9005284309387207	0.0	0.0	0.0	2.887836456298828	0.0	0.0	0.0	0.0	0.0	0.0	0.0	3.116258382797241	0.0	0.0	0.0	0.0	0.0	0.0	0.0	0.0	0.0	0.0	0.0	4.832918167114258	0.0	0.0	0.0	0.0	0.0	0.0	0.0	4.7943854331970215	3.995072364807129	3.555330276489258	0.0	0.0	0.0	0.0	4.102097988128662	0.0	0.0	0.0	0.0	0.0	0.0	0.0	2.2154347896575928	3.643470287322998	0.0	5.791313171386719	3.9882237911224365	3.2701199054718018	0.0	0.0	3.769355297088623	0.0	0.0	0.0	0.0	0.0	0.0	0.0	0.0	3.292304515838623	0.0	0.0	0.0	0.0	2.808225154876709
4.489718914031982	0.0	0.0	0.0	5.501870155334473	0.0	5.935647964477539	0.0	0.0	0.0	0.0	0.0	0.0	0.0	0.0	0.0	3.579998016357422	2.398998975753784	0.0	0.0	0.0	1.9540444612503052	0.0	0.0	2.6570546627044678	3.882948875427246	0.0	0.0	0.0	0.0	2.818293333053589	2.249180316925049	0.0	2.3745126724243164	3.1456148624420166	4.98542594909668	0.0	7.001401424407959	2.8364980220794678	2.197265386581421	3.8291661739349365	4.077407360076904	0.0	0.0	0.0	0.0	0.0	2.700584888458252	0.0	4.180583477020264	0.0	0.0	0.0	5.337514400482178	0.0	3.2394461631774902	0.0	4.7217020988464355	3.891214609146118	0.0	0.0	0.0	2.8826253414154053	0.0	0.0	0.0	0.0	0.0	0.0	0.0	3.1084253787994385	0.0	0.0	0.0	0.0	0.0	0.0	0.0	0.0	0.0	0.0	0.0	4.822279930114746	0.0	0.0	0.0	0.0	0.0	0.0	0.0	4.7836785316467285	3.986633062362671	3.547907829284668	0.0	0.0	0.0	0.0	4.091883659362793	0.0	0.0	0.0	0.0	0.0	0.0	0.0	2.209622859954834	3.6349070072174072	0.0	5.777346611022949	3.9787886142730713	3.2643890380859375	0.0	0.0	3.7610278129577637	0.0	0.0	0.0	0.0	0.0	0.0	0.0	0.0	3.286468267440796	0.0	0.0	0.0	0.0	2.801081895828247
4.499092102050781	0.0	0.0	0.0	5.513895034790039	0.0	5.948253154754639	0.0	0.0	0.0	0.0	0.0	0.0	0.0	0.0	0.0	3.587611436843872	2.403834104537964	0.0	0.0	0.0	1.9586104154586792	0.0	0.0	2.6636760234832764	3.891575336456299	0.0	0.0	0.0	0.0	2.824721574783325	2.2553296089172363	0.0	2.379755735397339	3.152682304382324	4.99629545211792	0.0	7.018903732299805	2.8435492515563965	2.2023074626922607	3.838167667388916	4.087263584136963	0.0	0.0	0.0	0.0	0.0	2.7063674926757812	0.0	4.189749240875244	0.0	0.0	0.0	5.349273204803467	0.0	3.2454352378845215	0.0	4.73279333114624	3.900543212890625	0.0	0.0	0.0	2.888880968093872	0.0	0.0	0.0	0.0	0.0	0.0	0.0	3.116018772125244	0.0	0.0	0.0	0.0	0.0	0.0	0.0	0.0	0.0	0.0	0.0	4.832828521728516	0.0	0.0	0.0	0.0	0.0	0.0	0.0	4.794704914093018	3.9961507320404053	3.5562474727630615	0.0	0.0	0.0	0.0	4.102797508239746	0.0	0.0	0.0	0.0	0.0	0.0	0.0	2.2153186798095703	3.6439781188964844	0.0	5.790907859802246	3.988225221633911	3.2701966762542725	0.0	0.0	3.7701454162597656	0.0	0.0	0.0	0.0	0.0	0.0	0.0	0.0	3.293729305267334	0.0	0.0	0.0	0.0	2.8090147972106934
4.493109226226807	0.0	0.0	0.0	5.5065741539001465	0.0	5.940433025360107	0.0	0.0	0.0	0.0	0.0	0.0	0.0	0.0	0.0	3.582080841064453	2.3992841243743896	0.0	0.0	0.0	1.9569333791732788	0.0	0.0	2.6596765518188477	3.8856468200683594	0.0	0.0	0.0	0.0	2.8200531005859375	2.2514073848724365	0.0	2.375845193862915	3.1479341983795166	4.98894739151001	0.0	7.008605003356934	2.838038206100464	2.199589967727661	3.8324055671691895	4.080437660217285	0.0	0.0	0.0	0.0	0.0	2.7020459175109863	0.0	4.1826558113098145	0.0	0.0	0.0	5.341448783874512	0.0	3.242324113845825	0.0	4.725154876708984	3.894167184829712	0.0	0.0	0.0	2.8857693672180176	0.0	0.0	0.0	0.0	0.0	0.0	0.0	3.1112866401672363	0.0	0.0	0.0	0.0	0.0	0.0	0.0	0.0	0.0	0.0	0.0	4.826512336730957	0.0	0.0	0.0	0.0	0.0	0.0	0.0	4.787059783935547	3.9887681007385254	3.5514326095581055	0.0	0.0	0.0	0.0	4.097611427307129	0.0	0.0	0.0	0.0	0.0	0.0	0.0	2.211801290512085	3.6391894817352295	0.0	5.783050537109375	3.9822890758514404	3.2662441730499268	0.0	0.0	3.7641499042510986	0.0	0.0	0.0	0.0	0.0	0.0	0.0	0.0	3.288817882537842	0.0	0.0	0.0	0.0	2.8048806190490723
4.4931640625	0.0	0.0	0.0	5.5065693855285645	0.0	5.94067907333374	0.0	0.0	0.0	0.0	0.0	0.0	0.0	0.0	0.0	3.582249402999878	2.3990368843078613	0.0	0.0	0.0	1.956066370010376	0.0	0.0	2.6598241329193115	3.88519549369812	0.0	0.0	0.0	0.0	2.819730281829834	2.2518138885498047	0.0	2.3769302368164062	3.1483688354492188	4.988826274871826	0.0	7.008957386016846	2.838531494140625	2.199007511138916	3.8332087993621826	4.081955909729004	0.0	0.0	0.0	0.0	0.0	2.701990842819214	0.0	4.183594226837158	0.0	0.0	0.0	5.340600967407227	0.0	3.241638422012329	0.0	4.726146697998047	3.895181179046631	0.0	0.0	0.0	2.8854026794433594	0.0	0.0	0.0	0.0	0.0	0.0	0.0	3.111511707305908	0.0	0.0	0.0	0.0	0.0	0.0	0.0	0.0	0.0	0.0	0.0	4.827635765075684	0.0	0.0	0.0	0.0	0.0	0.0	0.0	4.7873334884643555	3.990152359008789	3.5519614219665527	0.0	0.0	0.0	0.0	4.096725940704346	0.0	0.0	0.0	0.0	0.0	0.0	0.0	2.212064504623413	3.6392104625701904	0.0	5.783332824707031	3.982945203781128	3.266399621963501	0.0	0.0	3.76481556892395	0.0	0.0	0.0	0.0	0.0	0.0	0.0	0.0	3.2890377044677734	0.0	0.0	0.0	0.0	2.805007219314575
4.498480796813965	0.0	0.0	0.0	5.512848854064941	0.0	5.9464592933654785	0.0	0.0	0.0	0.0	0.0	0.0	0.0	0.0	0.0	3.5863230228424072	2.4024832248687744	0.0	0.0	0.0	1.9578324556350708	0.0	0.0	2.6622068881988525	3.889944553375244	0.0	0.0	0.0	0.0	2.82322096824646	2.254350423812866	0.0	2.379682779312134	3.1518404483795166	4.994779109954834	0.0	7.016740798950195	2.8423945903778076	2.201343536376953	3.837442636489868	4.085710048675537	0.0	0.0	0.0	0.0	0.0	2.7048752307891846	0.0	4.18831205368042	0.0	0.0	0.0	5.347085952758789	0.0	3.245389938354492	0.0	4.731093883514404	3.8990683555603027	0.0	0.0	0.0	2.8879337310791016	0.0	0.0	0.0	0.0	0.0	0.0	0.0	3.1154263019561768	0.0	0.0	0.0	0.0	0.0	0.0	0.0	0.0	0.0	0.0	0.0	4.832352161407471	0.0	0.0	0.0	0.0	0.0	0.0	0.0	4.792685031890869	3.994704246520996	3.555412769317627	0.0	0.0	0.0	0.0	4.102282524108887	0.0	0.0	0.0	0.0	0.0	0.0	0.0	2.2140696048736572	3.6425933837890625	0.0	5.789427757263184	3.986889362335205	3.270097255706787	0.0	0.0	3.768763780593872	0.0	0.0	0.0	0.0	0.0	0.0	0.0	0.0	3.292679786682129	0.0	0.0	0.0	0.0	2.8078649044036865
4.496562957763672	0.0	0.0	0.0	5.5107598304748535	0.0	5.943803310394287	0.0	0.0	0.0	0.0	0.0	0.0	0.0	0.0	0.0	3.584907293319702	2.400681734085083	0.0	0.0	0.0	1.9567670822143555	0.0	0.0	2.6616392135620117	3.8878917694091797	0.0	0.0	0.0	0.0	2.8222765922546387	2.2530901432037354	0.0	2.3783509731292725	3.1502459049224854	4.992005348205566	0.0	7.013125896453857	2.8408384323120117	2.201308012008667	3.8351974487304688	4.084254264831543	0.0	0.0	0.0	0.0	0.0	2.7047178745269775	0.0	4.186192512512207	0.0	0.0	0.0	5.345116138458252	0.0	3.2431700229644775	0.0	4.728512763977051	3.898073434829712	0.0	0.0	0.0	2.8855063915252686	0.0	0.0	0.0	0.0	0.0	0.0	0.0	3.1141304969787598	0.0	0.0	0.0	0.0	0.0	0.0	0.0	0.0	0.0	0.0	0.0	4.829479217529297	0.0	0.0	0.0	0.0	0.0	0.0	0.0	4.791229248046875	3.993872880935669	3.5532679557800293	0.0	0.0	0.0	0.0	4.099837779998779	0.0	0.0	0.0	0.0	0.0	0.0	0.0	2.2131006717681885	3.6419053077697754	0.0	5.786803722381592	3.9844143390655518	3.2683253288269043	0.0	0.0	3.7674527168273926	0.0	0.0	0.0	0.0	0.0	0.0	0.0	0.0	3.290280818939209	0.0	0.0	0.0	0.0	2.806353807449341
4.495005130767822	0.0	0.0	0.0	5.509340763092041	0.0	5.9425578117370605	0.0	0.0	0.0	0.0	0.0	0.0	0.0	0.0	0.0	3.583341598510742	2.4005489349365234	0.0	0.0	0.0	1.9559831619262695	0.0	0.0	2.6603798866271973	3.886810541152954	0.0	0.0	0.0	0.0	2.8220932483673096	2.253114938735962	0.0	2.3768138885498047	3.15008807182312	4.991182327270508	0.0	7.012612342834473	2.8406636714935303	2.199312448501587	3.835204601287842	4.083817005157471	0.0	0.0	0.0	0.0	0.0	2.702791690826416	0.0	4.184557914733887	0.0	0.0	0.0	5.343435287475586	0.0	3.243419647216797	0.0	4.728543758392334	3.8972995281219482	0.0	0.0	0.0	2.885554790496826	0.0	0.0	0.0	0.0	0.0	0.0	0.0	3.113218307495117	0.0	0.0	0.0	0.0	0.0	0.0	0.0	0.0	0.0	0.0	0.0	4.829009532928467	0.0	0.0	0.0	0.0	0.0	0.0	0.0	4.789844512939453	3.9912097454071045	3.5529987812042236	0.0	0.0	0.0	0.0	4.099021911621094	0.0	0.0	0.0	0.0	0.0	0.0	0.0	2.2129571437835693	3.6417477130889893	0.0	5.7857208251953125	3.984262228012085	3.2683897018432617	0.0	0.0	3.766460657119751	0.0	0.0	0.0	0.0	0.0	0.0	0.0	0.0	3.289921522140503	0.0	0.0	0.0	0.0	2.806304454803467
4.493087291717529	0.0	0.0	0.0	5.506483554840088	0.0	5.940475940704346	0.0	0.0	0.0	0.0	0.0	0.0	0.0	0.0	0.0	3.5818450450897217	2.399125099182129	0.0	0.0	0.0	1.9561114311218262	0.0	0.0	2.6594386100769043	3.885188341140747	0.0	0.0	0.0	0.0	2.819775104522705	2.252164602279663	0.0	2.3758387565612793	3.147864818572998	4.98942756652832	0.0	7.008908748626709	2.838691473007202	2.19838547706604	3.8328733444213867	4.080916404724121	0.0	0.0	0.0	0.0	0.0	2.7020647525787354	0.0	4.183427810668945	0.0	0.0	0.0	5.3417463302612305	0.0	3.240905523300171	0.0	4.72530460357666	3.89534068107605	0.0	0.0	0.0	2.8845608234405518	0.0	0.0	0.0	0.0	0.0	0.0	0.0	3.1110880374908447	0.0	0.0	0.0	0.0	0.0	0.0	0.0	0.0	0.0	0.0	0.0	4.825467586517334	0.0	0.0	0.0	0.0	0.0	0.0	0.0	4.788436412811279	3.990154981613159	3.5513241291046143	0.0	0.0	0.0	0.0	4.0966715812683105	0.0	0.0	0.0	0.0	0.0	0.0	0.0	2.211878776550293	3.639526605606079	0.0	5.7831902503967285	3.981934070587158	3.2665231227874756	0.0	0.0	3.764669895172119	0.0	0.0	0.0	0.0	0.0	0.0	0.0	0.0	3.288357734680176	0.0	0.0	0.0	0.0	2.8043527603149414
4.498068809509277	0.0	0.0	0.0	5.511864185333252	0.0	5.945106506347656	0.0	0.0	0.0	0.0	0.0	0.0	0.0	0.0	0.0	3.586456775665283	2.4021122455596924	0.0	0.0	0.0	1.957468032836914	0.0	0.0	2.66249680519104	3.889253616333008	0.0	0.0	0.0	0.0	2.823105812072754	2.2538375854492188	0.0	2.3785417079925537	3.1521949768066406	4.994049072265625	0.0	7.015115261077881	2.8415379524230957	2.201815128326416	3.836836338043213	4.086570739746094	0.0	0.0	0.0	0.0	0.0	2.7047221660614014	0.0	4.1880083084106445	0.0	0.0	0.0	5.346487522125244	0.0	3.2435197830200195	0.0	4.729825019836426	3.897789478302002	0.0	0.0	0.0	2.886441946029663	0.0	0.0	0.0	0.0	0.0	0.0	0.0	3.1141912937164307	0.0	0.0	0.0	0.0	0.0	0.0	0.0	0.0	0.0	0.0	0.0	4.831465721130371	0.0	0.0	0.0	0.0	0.0	0.0	0.0	4.791775226593018	3.994138717651367	3.554640293121338	0.0	0.0	0.0	0.0	4.100576400756836	0.0	0.0	0.0	0.0	0.0	0.0	0.0	2.214125394821167	3.642740488052368	0.0	5.788654804229736	3.9862618446350098	3.2692277431488037	0.0	0.0	3.767920970916748	0.0	0.0	0.0	0.0	0.0	0.0	0.0	0.0	3.291287899017334	0.0	0.0	0.0	0.0	2.8077433109283447
4.466573238372803	0.0	0.0	0.0	5.473459720611572	0.0	5.903650283813477	0.0	0.0	0.0	0.0	0.0	0.0	0.0	0.0	0.0	3.5580556392669678	2.385843515396118	0.0	0.0	0.0	1.9421521425247192	0.0	0.0	2.644537925720215	3.8604726791381836	0.0	0.0	0.0	0.0	2.804029703140259	2.239818811416626	0.0	2.3576157093048096	3.128471612930298	4.958693027496338	0.0	6.96502685546875	2.8213610649108887	2.1827032566070557	3.810847043991089	4.056666851043701	0.0	0.0	0.0	0.0	0.0	2.685616970062256	0.0	4.158663749694824	0.0	0.0	0.0	5.306900978088379	0.0	3.2236578464508057	0.0	4.697402000427246	3.869413375854492	0.0	0.0	0.0	2.868134021759033	0.0	0.0	0.0	0.0	0.0	0.0	0.0	3.094059705734253	0.0	0.0	0.0	0.0	0.0	0.0	0.0	0.0	0.0	0.0	0.0	4.796600341796875	0.0	0.0	0.0	0.0	0.0	0.0	0.0	4.758314609527588	3.9661786556243896	3.5283803939819336	0.0	0.0	0.0	0.0	4.072342872619629	0.0	0.0	0.0	0.0	0.0	0.0	0.0	2.1989901065826416	3.6150317192077637	0.0	5.748192310333252	3.9558544158935547	3.248002529144287	0.0	0.0	3.741590976715088	0.0	0.0	0.0	0.0	0.0	0.0	0.0	0.0	3.269632339477539	0.0	0.0	0.0	0.0	2.787088394165039
4.496829986572266	0.0	0.0	0.0	5.511300563812256	0.0	5.945115089416504	0.0	0.0	0.0	0.0	0.0	0.0	0.0	0.0	0.0	3.5860252380371094	2.401085138320923	0.0	0.0	0.0	1.9579654932022095	0.0	0.0	2.6619672775268555	3.8884401321411133	0.0	0.0	0.0	0.0	2.82185697555542	2.2542667388916016	0.0	2.377241373062134	3.1508610248565674	4.9934611320495605	0.0	7.014345169067383	2.841733694076538	2.201321601867676	3.8360962867736816	4.084912300109863	0.0	0.0	0.0	0.0	0.0	2.7048282623291016	0.0	4.187084674835205	0.0	0.0	0.0	5.346347332000732	0.0	3.2435290813446045	0.0	4.729751110076904	3.8974878787994385	0.0	0.0	0.0	2.886908769607544	0.0	0.0	0.0	0.0	0.0	0.0	0.0	3.1152162551879883	0.0	0.0	0.0	0.0	0.0	0.0	0.0	0.0	0.0	0.0	0.0	4.83133602142334	0.0	0.0	0.0	0.0	0.0	0.0	0.0	4.791297912597656	3.9934911727905273	3.5542962551116943	0.0	0.0	0.0	0.0	4.1003618240356445	0.0	0.0	0.0	0.0	0.0	0.0	0.0	2.2134430408477783	3.642489194869995	0.0	5.788870811462402	3.9861578941345215	3.2683119773864746	0.0	0.0	3.768087863922119	0.0	0.0	0.0	0.0	0.0	0.0	0.0	0.0	3.290864944458008	0.0	0.0	0.0	0.0	2.807616949081421
4.497572898864746	0.0	0.0	0.0	5.511054992675781	0.0	5.945562362670898	0.0	0.0	0.0	0.0	0.0	0.0	0.0	0.0	0.0	3.5873119831085205	2.4020984172821045	0.0	0.0	0.0	1.9576948881149292	0.0	0.0	2.6617865562438965	3.888807535171509	0.0	0.0	0.0	0.0	2.823183536529541	2.2539751529693604	0.0	2.3789665699005127	3.1511943340301514	4.994714736938477	0.0	7.0153279304504395	2.8417508602142334	2.201920986175537	3.836709499359131	4.085384368896484	0.0	0.0	0.0	0.0	0.0	2.704709768295288	0.0	4.187853813171387	0.0	0.0	0.0	5.346452713012695	0.0	3.243868589401245	0.0	4.730334758758545	3.8990046977996826	0.0	0.0	0.0	2.887280225753784	0.0	0.0	0.0	0.0	0.0	0.0	0.0	3.114954948425293	0.0	0.0	0.0	0.0	0.0	0.0	0.0	0.0	0.0	0.0	0.0	4.830689907073975	0.0	0.0	0.0	0.0	0.0	0.0	0.0	4.791576862335205	3.994290590286255	3.5552425384521484	0.0	0.0	0.0	0.0	4.100215435028076	0.0	0.0	0.0	0.0	0.0	0.0	0.0	2.2136151790618896	3.64288330078125	0.0	5.788430213928223	3.986110210418701	3.269859552383423	0.0	0.0	3.7683308124542236	0.0	0.0	0.0	0.0	0.0	0.0	0.0	0.0	3.2917425632476807	0.0	0.0	0.0	0.0	2.8071136474609375
4.4921135902404785	0.0	0.0	0.0	5.505955696105957	0.0	5.937467098236084	0.0	0.0	0.0	0.0	0.0	0.0	0.0	0.0	0.0	3.5824007987976074	2.3995349407196045	0.0	0.0	0.0	1.9558968544006348	0.0	0.0	2.6603715419769287	3.8846418857574463	0.0	0.0	0.0	0.0	2.8199493885040283	2.2509706020355225	0.0	2.3760430812835693	3.1482107639312744	4.988001823425293	0.0	7.006078243255615	2.8391005992889404	2.199571371078491	3.831904649734497	4.081501483917236	0.0	0.0	0.0	0.0	0.0	2.7020208835601807	0.0	4.183077335357666	0.0	0.0	0.0	5.340774059295654	0.0	3.240459442138672	0.0	4.724548816680908	3.8930869102478027	0.0	0.0	0.0	2.88377046585083	0.0	0.0	0.0	0.0	0.0	0.0	0.0	3.1104249954223633	0.0	0.0	0.0	0.0	0.0	0.0	0.0	0.0	0.0	0.0	0.0	4.824737548828125	0.0	0.0	0.0	0.0	0.0	0.0	0.0	4.787343978881836	3.989755392074585	3.5505809783935547	0.0	0.0	0.0	0.0	4.094964027404785	0.0	0.0	0.0	0.0	0.0	0.0	0.0	2.212066888809204	3.637119770050049	0.0	5.78110933303833	3.9804413318634033	3.265946626663208	0.0	0.0	3.7633583545684814	0.0	0.0	0.0	0.0	0.0	0.0	0.0	0.0	3.2875325679779053	0.0	0.0	0.0	0.0	2.804191827774048
4.492674350738525	0.0	0.0	0.0	5.507235050201416	0.0	5.9403815269470215	0.0	0.0	0.0	0.0	0.0	0.0	0.0	0.0	0.0	3.583000659942627	2.400456666946411	0.0	0.0	0.0	1.9559540748596191	0.0	0.0	2.659611940383911	3.8852360248565674	0.0	0.0	0.0	0.0	2.8191800117492676	2.252267837524414	0.0	2.377464771270752	3.148305892944336	4.989295482635498	0.0	7.0088982582092285	2.839531898498535	2.1987011432647705	3.8329689502716064	4.081623077392578	0.0	0.0	0.0	0.0	0.0	2.701831340789795	0.0	4.182373046875	0.0	0.0	0.0	5.3416852951049805	0.0	3.2425856590270996	0.0	4.72582483291626	3.8947324752807617	0.0	0.0	0.0	2.8845767974853516	0.0	0.0	0.0	0.0	0.0	0.0	0.0	3.111821413040161	0.0	0.0	0.0	0.0	0.0	0.0	0.0	0.0	0.0	0.0	0.0	4.826359748840332	0.0	0.0	0.0	0.0	0.0	0.0	0.0	4.787471771240234	3.990840196609497	3.5512120723724365	0.0	0.0	0.0	0.0	4.096588134765625	0.0	0.0	0.0	0.0	0.0	0.0	0.0	2.212000608444214	3.63877272605896	0.0	5.783262252807617	3.981485605239868	3.266533851623535	0.0	0.0	3.7643916606903076	0.0	0.0	0.0	0.0	0.0	0.0	0.0	0.0	3.289039134979248	0.0	0.0	0.0	0.0	2.8045432567596436
4.496966361999512	0.0	0.0	0.0	5.511254787445068	0.0	5.945000171661377	0.0	0.0	0.0	0.0	0.0	0.0	0.0	0.0	0.0	3.5854735374450684	2.4020919799804688	0.0	0.0	0.0	1.9576404094696045	0.0	0.0	2.6612656116485596	3.8890106678009033	0.0	0.0	0.0	0.0	2.8224329948425293	2.2542455196380615	0.0	2.377873182296753	3.1517035961151123	4.993680000305176	0.0	7.013656139373779	2.8416993618011475	2.201444625854492	3.8370718955993652	4.0858540534973145	0.0	0.0	0.0	0.0	0.0	2.704493284225464	0.0	4.186885833740234	0.0	0.0	0.0	5.345932483673096	0.0	3.243885040283203	0.0	4.7298126220703125	3.8985111713409424	0.0	0.0	0.0	2.8874900341033936	0.0	0.0	0.0	0.0	0.0	0.0	0.0	3.114323139190674	0.0	0.0	0.0	0.0	0.0	0.0	0.0	0.0	0.0	0.0	0.0	4.830027103424072	0.0	0.0	0.0	0.0	0.0	0.0	0.0	4.792693614959717	3.993088722229004	3.5544800758361816	0.0	0.0	0.0	0.0	4.09987735748291	0.0	0.0	0.0	0.0	0.0	0.0	0.0	2.212944507598877	3.6421568393707275	0.0	5.787418842315674	3.9852640628814697	3.269176959991455	0.0	0.0	3.768146276473999	0.0	0.0	0.0	0.0	0.0	0.0	0.0	0.0	3.291797637939453	0.0	0.0	0.0	0.0	2.807251214981079
4.493458271026611	0.0	0.0	0.0	5.507399559020996	0.0	5.939703941345215	0.0	0.0	0.0	0.0	0.0	0.0	0.0	0.0	0.0	3.5823678970336914	2.3998312950134277	0.0	0.0	0.0	1.9560893774032593	0.0	0.0	2.658712148666382	3.885220527648926	0.0	0.0	0.0	0.0	2.8199946880340576	2.251406192779541	0.0	2.3758435249328613	3.1471645832061768	4.988648891448975	0.0	7.008171081542969	2.8393595218658447	2.1993463039398193	3.831923246383667	4.082238674163818	0.0	0.0	0.0	0.0	0.0	2.7023801803588867	0.0	4.183012008666992	0.0	0.0	0.0	5.341492652893066	0.0	3.24131441116333	0.0	4.726387977600098	3.8945298194885254	0.0	0.0	0.0	2.8851633071899414	0.0	0.0	0.0	0.0	0.0	0.0	0.0	3.1108744144439697	0.0	0.0	0.0	0.0	0.0	0.0	0.0	0.0	0.0	0.0	0.0	4.826772212982178	0.0	0.0	0.0	0.0	0.0	0.0	0.0	4.788084506988525	3.989379405975342	3.5509979724884033	0.0	0.0	0.0	0.0	4.097849369049072	0.0	0.0	0.0	0.0	0.0	0.0	0.0	2.211374044418335	3.638421058654785	0.0	5.782909870147705	3.9824438095092773	3.265362024307251	0.0	0.0	3.7650537490844727	0.0	0.0	0.0	0.0	0.0	0.0	0.0	0.0	3.2876288890838623	0.0	0.0	0.0	0.0	2.804518938064575
4.49527645111084	0.0	0.0	0.0	5.510276794433594	0.0	5.943418979644775	0.0	0.0	0.0	0.0	0.0	0.0	0.0	0.0	0.0	3.5843288898468018	2.4008877277374268	0.0	0.0	0.0	1.9568637609481812	0.0	0.0	2.660921096801758	3.8879363536834717	0.0	0.0	0.0	0.0	2.8210713863372803	2.2531111240386963	0.0	2.3775198459625244	3.149125576019287	4.992596626281738	0.0	7.012685775756836	2.840008497238159	2.2006328105926514	3.8351383209228516	4.08409309387207	0.0	0.0	0.0	0.0	0.0	2.7038018703460693	0.0	4.185764789581299	0.0	0.0	0.0	5.344574928283691	0.0	3.242912769317627	0.0	4.728801727294922	3.897472381591797	0.0	0.0	0.0	2.885577917098999	0.0	0.0	0.0	0.0	0.0	0.0	0.0	3.112842321395874	0.0	0.0	0.0	0.0	0.0	0.0	0.0	0.0	0.0	0.0	0.0	4.829230308532715	0.0	0.0	0.0	0.0	0.0	0.0	0.0	4.790372848510742	3.9918806552886963	3.552992105484009	0.0	0.0	0.0	0.0	4.0988616943359375	0.0	0.0	0.0	0.0	0.0	0.0	0.0	2.2127797603607178	3.641552448272705	0.0	5.7855353355407715	3.985291004180908	3.268209934234619	0.0	0.0	3.7668349742889404	0.0	0.0	0.0	0.0	0.0	0.0	0.0	0.0	3.289853572845459	0.0	0.0	0.0	0.0	2.8063535690307617
4.496342182159424	0.0	0.0	0.0	5.510167598724365	0.0	5.945023536682129	0.0	0.0	0.0	0.0	0.0	0.0	0.0	0.0	0.0	3.585466146469116	2.4012534618377686	0.0	0.0	0.0	1.9573649168014526	0.0	0.0	2.661445140838623	3.888737440109253	0.0	0.0	0.0	0.0	2.8215179443359375	2.2533469200134277	0.0	2.3784587383270264	3.150277853012085	4.992328643798828	0.0	7.013716220855713	2.841236114501953	2.200571298599243	3.8353428840637207	4.084961414337158	0.0	0.0	0.0	0.0	0.0	2.704808473587036	0.0	4.187148094177246	0.0	0.0	0.0	5.3449883460998535	0.0	3.2432029247283936	0.0	4.7286152839660645	3.896587610244751	0.0	0.0	0.0	2.886444568634033	0.0	0.0	0.0	0.0	0.0	0.0	0.0	3.1138763427734375	0.0	0.0	0.0	0.0	0.0	0.0	0.0	0.0	0.0	0.0	0.0	4.829717636108398	0.0	0.0	0.0	0.0	0.0	0.0	0.0	4.791088104248047	3.992885112762451	3.553316593170166	0.0	0.0	0.0	0.0	4.1003546714782715	0.0	0.0	0.0	0.0	0.0	0.0	0.0	2.213793992996216	3.641516923904419	0.0	5.786740779876709	3.9847357273101807	3.2681736946105957	0.0	0.0	3.7669055461883545	0.0	0.0	0.0	0.0	0.0	0.0	0.0	0.0	3.2902543544769287	0.0	0.0	0.0	0.0	2.8062515258789062
4.498782634735107	0.0	0.0	0.0	5.513954162597656	0.0	5.9467997550964355	0.0	0.0	0.0	0.0	0.0	0.0	0.0	0.0	0.0	3.587515354156494	2.402331829071045	0.0	0.0	0.0	1.9585411548614502	0.0	0.0	2.6627578735351562	3.8911123275756836	0.0	0.0	0.0	0.0	2.823345184326172	2.254873752593994	0.0	2.3786768913269043	3.1521923542022705	4.995447635650635	0.0	7.016785144805908	2.8426167964935303	2.202378273010254	3.8378498554229736	4.086369037628174	0.0	0.0	0.0	0.0	0.0	2.7056336402893066	0.0	4.188149452209473	0.0	0.0	0.0	5.347665309906006	0.0	3.2451772689819336	0.0	4.731054782867432	3.8990845680236816	0.0	0.0	0.0	2.8880419731140137	0.0	0.0	0.0	0.0	0.0	0.0	0.0	3.1158370971679688	0.0	0.0	0.0	0.0	0.0	0.0	0.0	0.0	0.0	0.0	0.0	4.830996513366699	0.0	0.0	0.0	0.0	0.0	0.0	0.0	4.793306350708008	3.994220733642578	3.554941415786743	0.0	0.0	0.0	0.0	4.102168560028076	0.0	0.0	0.0	0.0	0.0	0.0	0.0	2.214369058609009	3.6437790393829346	0.0	5.790562629699707	3.9860684871673584	3.270411729812622	0.0	0.0	3.768847703933716	0.0	0.0	0.0	0.0	0.0	0.0	0.0	0.0	3.2926151752471924	0.0	0.0	0.0	0.0	2.8074731826782227
4.496399402618408	0.0	0.0	0.0	5.510447025299072	0.0	5.943934917449951	0.0	0.0	0.0	0.0	0.0	0.0	0.0	0.0	0.0	3.5855894088745117	2.4012484550476074	0.0	0.0	0.0	1.9570097923278809	0.0	0.0	2.6615560054779053	3.8880198001861572	0.0	0.0	0.0	0.0	2.8221688270568848	2.2537903785705566	0.0	2.3772192001342773	3.149854898452759	4.992576599121094	0.0	7.012800693511963	2.8410208225250244	2.2014589309692383	3.8354008197784424	4.0839457511901855	0.0	0.0	0.0	0.0	0.0	2.704439401626587	0.0	4.185849666595459	0.0	0.0	0.0	5.344855785369873	0.0	3.2430179119110107	0.0	4.729547500610352	3.8975026607513428	0.0	0.0	0.0	2.8864917755126953	0.0	0.0	0.0	0.0	0.0	0.0	0.0	3.113755464553833	0.0	0.0	0.0	0.0	0.0	0.0	0.0	0.0	0.0	0.0	0.0	4.830112457275391	0.0	0.0	0.0	0.0	0.0	0.0	0.0	4.790304183959961	3.993062734603882	3.553572177886963	0.0	0.0	0.0	0.0	4.098738670349121	0.0	0.0	0.0	0.0	0.0	0.0	0.0	2.2129344940185547	3.641904830932617	0.0	5.786958694458008	3.9845736026763916	3.268350839614868	0.0	0.0	3.7676260471343994	0.0	0.0	0.0	0.0	0.0	0.0	0.0	0.0	3.290764570236206	0.0	0.0	0.0	0.0	2.806084156036377
4.4973649978637695	0.0	0.0	0.0	5.510542392730713	0.0	5.941948413848877	0.0	0.0	0.0	0.0	0.0	0.0	0.0	0.0	0.0	3.584667682647705	2.4003498554229736	0.0	0.0	0.0	1.9565342664718628	0.0	0.0	2.6617844104766846	3.8890421390533447	0.0	0.0	0.0	0.0	2.8227014541625977	2.254197359085083	0.0	2.3767526149749756	3.1510584354400635	4.993330955505371	0.0	7.012036323547363	2.8415262699127197	2.202162981033325	3.836263656616211	4.084646224975586	0.0	0.0	0.0	0.0	0.0	2.7057864665985107	0.0	4.187183380126953	0.0	0.0	0.0	5.3457350730896	0.0	3.2424373626708984	0.0	4.7283406257629395	3.8972878456115723	0.0	0.0	0.0	2.88554048538208	0.0	0.0	0.0	0.0	0.0	0.0	0.0	3.1145551204681396	0.0	0.0	0.0	0.0	0.0	0.0	0.0	0.0	0.0	0.0	0.0	4.82961893081665	0.0	0.0	0.0	0.0	0.0	0.0	0.0	4.790481090545654	3.995286703109741	3.5537407398223877	0.0	0.0	0.0	0.0	4.0995049476623535	0.0	0.0	0.0	0.0	0.0	0.0	0.0	2.2138755321502686	3.6422817707061768	0.0	5.78737211227417	3.9849956035614014	3.267683982849121	0.0	0.0	3.7675223350524902	0.0	0.0	0.0	0.0	0.0	0.0	0.0	0.0	3.2908542156219482	0.0	0.0	0.0	0.0	2.8065476417541504
